Dallas1,Corporate,32.779555,96.8009703,"208 S Akard Street, Ste 110 ",75202,Sun Jul 12 00:12:00 +0000 2015,"Direct TV - I've had the absolute WORST experience with this company. They installed a week ago Friday - the guy left without the remote working, he didn't plug in the right wires so that it would work, the wiring job - well, you see the pictures. They come back out today to ""fix"" the problems. What a joke! The guy tells us that there will be an additional $50 charge to correct the wiring problem! My husband, understandably annoyed, asks if there will be a charge to correct the outside wire just dangling on our patio - the tech gets rude and accuses my husband of being rude to HIM which Vic was NOT rude to him!! So now, we're stuck with a shoddy wiring job, unless we pay the extortion fee of $50 on top of what we've already paid. I'm ready to cancel.",Negative,100.0000,Directv,product installation,1,Yelp
Dallas2,Corporate,32.8111091,-96.8092962,3329 Oak Lawn Avenue ,75219,Tue Jul 14 00:12:00 +0000 2015,Directv penalizes customers for staying with them longer than the 2 yr contract by dropping all the credits offered during the 2 yrs.  ...also you are the only one under contract. Directv raises prices during this contract time. Impossible to resolve issues with customer service.,Negative,93.6629,Directv,general,1,Yelp
Dallas2,Corporate,32.8111091,-96.8092962,3329 Oak Lawn Avenue ,75219,Mon Sep 07 00:12:00 +0000 2015,"Direct TV is a complete abortion. Let's start with horrific customer service and add to that the basic service DOES NOT WORK for more than 10 minutes at a time without locking up. Let me count the scenarios in which Direct TV does not work: 1) it's raining 2) it's cloudy 3) it's hot 4) it's cold 5) it's windy 6) more than 1 TV in the house is on at the same time 7) someone's Grandmother  in Iowa farts.  Expensive, 95% of channels are a vast waste of spectrum, and on top of the horrible customer service - the basic product does not work. How is this company allowed to stay in business? It's borderline fraud and should be investigated by the state's Attorney General. Class action anyone?",Negative,100.0000,Directv,general,1,Yelp
Dallas3,Corporate,32.8293128,-96.8272358,5616 Lemmon Ave Dallas ,75209,Tue May 31 00:12:00 +0000 2016,"Do NOT sign up for DirecTV!!!!! They are unethical and are all about money!! They lure new customers in with low rates then don't tell you that they WILL raise your bill whenever they please! My bill has gone up about $20 in the last 6 months and there is nothing I can do other then wait for my contract to end or pay $200 to cancel my contract. Everytime I call DirecTV they repeat themselves, sell other products, and tell you to refer other people to DirecTV. They do not care about their customers as they read from scripts and are unwilling to help keep their customers. Yes their TV programming is great, but the service goes out in the rain, you are stuck on the phone with them for an average of an hour no matter what you are calling about, they make their customers do all the work when it comes to troubleshooting, and they are liars and they overcharge! PLEASE DO NOT WASTE YOUR PRECIOUS TIME WITH DIRECTV!!!!!!",Negative,100.0000,Directv,general,1,Yelp
Dallas3,Corporate,32.8293128,-96.8272358,5616 Lemmon Ave Dallas ,75209,Sun May 24 00:12:00 +0000 2015,Worst customer service ever. My system was hit by lightning on Sat. Directv told me they can't come out until Thursday. When I complained the secretary to the president told me they would be by me on Tuesday. However I just got a confirmation telling me they will come on Thursday!!! If this yahoo isn't at my house at 9am.... When he does show...it will be to collect his equipment!!,Negative,97.0345,Directv,general,1,Yelp
Dallas3,Corporate,32.8293128,-96.8272358,5616 Lemmon Ave Dallas ,75209,Fri Aug 22 00:12:00 +0000 2014,Direct TV is the most unprofessional tv service I've ever dealt with. From the moment we got the service it has been non stop mess ups or mix ups and lies. They sent our gift card to the wrong address. Not to mention the $200 gift card took months to get. We were treated like we were lying and it took a couple more months to get a new gift. Then we moved and needed the service to be relocated. We scheduled the 1st appointment to have our service moved and they told us they would have to cancel my service because they couldn't get a signal. WTF. Long story short the customer service said that was going to send another service guy. In the end no service. Charging me fees and taking money off my account. My advice to everybody is to use any service besides this one. Dealing with Direct TV has been a nightmare.,Negative,99.9985,Directv,general,1,Yelp
Dallas4,Corporate,32.8685017,-96.7757012,8687 N Central Expressway Suite 2340,75225,Thu Oct 15 00:12:00 +0000 2015,"They are okay as far as programming. However, customer service is horrible and the $200 gift card promised at sign up does not exist.",Negative,99.9702,Directv,general,1,Yelp
Dallas5,Corporate,32.8342578,-96.7045404,1152 North Buckner Blvd,75225,Sun Jun 21 00:12:00 +0000 2015,For second time I had to call them to get services I never signed up for removed from my bill.  Took over 25 minutes as they constantly had to transfer me and tried to sell me the services they put on I never asked for. Incredibly dishonest company.,Negative,99.9891,Directv,general,1,Yelp
Dallas5,Corporate,32.8342578,-96.7045404,1152 North Buckner Blvd,75225,Mon Mar 16 00:12:00 +0000 2015,"If I could give Direct TV a ""0"" I would.   They have terrible customer service and no consideration of anything outside of their rulebook.  Canceled my service due to transfer and new hoa doesn't allow satellite dishes....period.   Been with them over a year and a half. Always paid my bills, paid installation charge when hooked up even though everything was in place when we moved in.  Charging me 200 plus for cancellation fee.  Have had 4 calls since cancellation asking why and transferring me from account executives to customer service reps each saying they would waive the cost.  Last lady I talked to basically said it was my fault for signing the contract.  I feel harassed, mad, and more unhappy now than when I was first told about the fee.  The service has never been great with lost signals, hundreds of useless channels and continuous bombardment of advertising that I don't need, now badgering because I cancelled.  I would not go back if they paid me.   Do they think telling me 4 times it was my fault will make me less angry?  I don't think so.  Cable companies may be bad but this takes the cake.",Negative,100.0000,Directv,product installation,1,Yelp
Dallas6,Corporate,32.8740567,-96.771404,9100 N Central Expressway Suite 105,75231,Fri Mar 20 00:12:00 +0000 2015,"I am currently a Dish Network client and I will currently stay with Dish. I called direct tv for quotes, they were very pushy for more personal info that I didn't feel comfortable of giving at the moment. I was looking for a cheaper deal as everyone usually does, but that didn't happen. Direct tv was actually higher in prices for the same channels and rooms.",Negative,99.2640,Directv,general,1,Yelp
Dallas6,Corporate,32.8740567,-96.771404,9100 N Central Expressway Suite 105,75231,Thu Jul 10 00:12:00 +0000 2014,"GET NETFLIX. DirectTV is the biggest ripoff ever. Expensive for what you receive. Really bad image, poor channel selection. Horrible customer service. They make you waist so much time. They say the same stupid things like a machine ""I understand"" ""Hello"" ""How are you"" ""I am happy you are doing good"" and then when they just talk about your problem they are arrogant, poorly customer oriented and always, always the customer lose. Their online policies are different than the policies they make you sign once the are installing the service. BE CAREFUL. They tide you to a 24 months contract and they never tell you when you are buying the service. And the cancellation policies THAT ARE NOT THE SAME AS THE ONLINE CANCELLATION POLICY  doesn't consider customer unsatisfaction, which means that if they give you the worst service LIKE THEY DO you can do nothing but paying to them. This is against any consumer right. DirecTV is the worst. STAY AWAY, DONT USE THEIR SERVICE (REALLY CAN YOU CALL THAT SERVICE?)",Negative,100.0000,Directv,general,1,Yelp
Dallas6,Corporate,32.8740567,-96.771404,9100 N Central Expressway Suite 105,75231,Tue Jun 23 00:12:00 +0000 2015,"Directv has the worst service ever! We get only about half of the channels we pay for every month. We have tried all the home-based diagnostics we can do ourselves to no avail. So, we made an appointment, the earliest of which was a couple of weeks out. The appointment was set for Monday, June 22. As soon as we made the appointment, we immediately started getting daily robo calls requiring us to re-confirm our appointment. We did so multiple days in a row. Then, we went out of town for the weekend,returning Sunday afternoon. On Monday, Directv did not show up. When we called, they said they had cancelled the appointment because we had failed one time to confirm the appointment. We had to get a new appointment....again a couple of weeks out. That was yesterday. Today, the robo calls started again! This is ridiculous. There was no consideration of giving us an earlier appointment. Also, no consideration of any fee adjustment. Also, no consideration of NOT subjecting us to the same exact scenario we have already experienced. This is sure a way to not ever have to make a service call.",Negative,99.9999,Directv,general,,Yelp
