Dallas13,Authorized,32.845283,-96.787396,6417 Hillcrest Ave,75205,Thu Oct 27 14:00:01 +0000 2016,"RT @DallasBizNews: Sneak peek of the brand new Trinity Forest Golf Club, future host of the Byron Nelson: https://t.co/F6LZE1tEK6",Positive,73.7262,general,general,,Twitter
Dallas13,Authorized,32.845283,-96.787396,6417 Hillcrest Ave,75205,Thu Oct 27 13:59:41 +0000 2016,"RT @DallasBizNews: Sneak peek of the brand new Trinity Forest Golf Club, future host of the Byron Nelson: https://t.co/F6LZE1tEK6",Positive,73.7262,general,general,,Twitter
Dallas13,Authorized,32.845283,-96.787396,6417 Hillcrest Ave,75205,Thu Oct 27 13:59:02 +0000 2016,RT @LisannePowers: As  millennials enters workforce  technology is advancing faster than ever before https://t.co/nrmXqjKfQV #voip #attempl…,Neutral,52.6946,general,general,,Twitter
Dallas13,Authorized,32.845283,-96.787396,6417 Hillcrest Ave,75205,Thu Oct 27 13:53:14 +0000 2016,@WrittenbyaPanda Hi Omar - you can check when AT&amp;T Fiber will be available by going to this link: https://t.co/jRXE2802hM,Positive,66.0778,fiber,general,,Twitter
Dallas13,Authorized,32.845283,-96.787396,6417 Hillcrest Ave,75205,Thu Oct 27 13:48:08 +0000 2016,"RT @paulapwcloud: Recent DDOS attack cited IoT ,#IoT devices may be unsafe but what are hackers after? | AT&amp;T Networking Exchange Blog http…",Positive,63.7803,general,general,,Twitter
Dallas13,Authorized,32.845283,-96.787396,6417 Hillcrest Ave,75205,Thu Oct 27 13:44:17 +0000 2016,"Lions and tigers and bears, oh my! Last week's massive #DDoS attacks have proven the theory that #IoT devices will i…https://t.co/Uxyke16Kcq",Negative,86.9361,general,general,,Twitter
Dallas13,Authorized,32.845283,-96.787396,6417 Hillcrest Ave,75205,Thu Oct 27 13:35:59 +0000 2016,"Recent DDOS attack cited IoT ,#IoT devices may be unsafe but what are hackers after? | AT&amp;T Networking Exchange Blog https://t.co/nhvJwCnsjF",Positive,63.7803,general,general,,Twitter
Dallas13,Authorized,32.845283,-96.787396,6417 Hillcrest Ave,75205,Thu Oct 27 13:31:54 +0000 2016,As  millennials enters workforce  technology is advancing faster than ever before https://t.co/nrmXqjKfQV #voip #attemployee,Neutral,52.6946,general,general,,Twitter
Dallas13,Authorized,32.845283,-96.787396,6417 Hillcrest Ave,75205,Thu Oct 27 13:31:51 +0000 2016,RT @ATT: Welcome to the team! @taylorswift13 https://t.co/4h86nLYuLo https://t.co/gAHOi7fPrZ,Positive,84.3125,general,general,,Twitter
Dallas13,Authorized,32.845283,-96.787396,6417 Hillcrest Ave,75205,Thu Oct 27 13:30:53 +0000 2016,RT @ATT: Welcome to the team! @taylorswift13 https://t.co/4h86nLYuLo https://t.co/gAHOi7fPrZ,Positive,84.3125,general,general,,Twitter
Dallas13,Authorized,32.845283,-96.787396,6417 Hillcrest Ave,75205,Thu Oct 27 13:30:30 +0000 2016,Getting a little #InspiredMobility on Social Media Sunday | @ATT https://t.co/eHImGWAwjK https://t.co/7ArWewRkcV,Positive,77.1253,general,general,,Twitter
Dallas13,Authorized,32.845283,-96.787396,6417 Hillcrest Ave,75205,Thu Oct 27 13:26:06 +0000 2016,Whitepaper explores factors for schools to consider when evaluating a long-term fiber lease. @ATTBusiness #edtech https://t.co/Y7VBD9znwr,Positive,87.5075,fiber,general,,Twitter
Dallas13,Authorized,32.845283,-96.787396,6417 Hillcrest Ave,75205,Thu Oct 27 13:24:52 +0000 2016,RT @ATT: Welcome to the team! @taylorswift13 https://t.co/4h86nLYuLo https://t.co/gAHOi7fPrZ,Positive,84.3125,general,general,,Twitter
Dallas13,Authorized,32.845283,-96.787396,6417 Hillcrest Ave,75205,Thu Oct 27 13:14:33 +0000 2016,RT @ATT: Get a sweet deal on the new iPhone 7 when you switch to AT&amp;T and have DIRECTV. https://t.co/JO08KrMKj7 https://t.co/tAcB2wPVFO,Positive,98.0584,directv,general,,Twitter
Dallas13,Authorized,32.845283,-96.787396,6417 Hillcrest Ave,75205,Thu Oct 27 12:45:32 +0000 2016,RT @ATT: Get a sweet deal on the new iPhone 7 when you switch to AT&amp;T and have DIRECTV. https://t.co/JO08KrMKj7 https://t.co/tAcB2wPVFO,Positive,98.0584,directv,general,,Twitter
Dallas13,Authorized,32.845283,-96.787396,6417 Hillcrest Ave,75205,Thu Oct 27 12:38:37 +0000 2016,RT @ATT: Welcome to the team! @taylorswift13 https://t.co/4h86nLYuLo https://t.co/gAHOi7fPrZ,Positive,84.3125,general,general,,Twitter
Dallas13,Authorized,32.845283,-96.787396,6417 Hillcrest Ave,75205,Thu Oct 27 12:31:24 +0000 2016,RT @ATT: Get a sweet deal on the new iPhone 7 when you switch to AT&amp;T and have DIRECTV. https://t.co/JO08KrMKj7 https://t.co/tAcB2wPVFO,Positive,98.0584,directv,general,,Twitter
Dallas13,Authorized,32.845283,-96.787396,6417 Hillcrest Ave,75205,Thu Oct 27 12:29:55 +0000 2016,RT @ATT: Welcome to the team! @taylorswift13 https://t.co/4h86nLYuLo https://t.co/gAHOi7fPrZ,Positive,84.3125,general,general,,Twitter
Dallas13,Authorized,32.845283,-96.787396,6417 Hillcrest Ave,75205,Thu Oct 27 12:29:30 +0000 2016,RT @ATT: Get a sweet deal on the new iPhone 7 when you switch to AT&amp;T and have DIRECTV. https://t.co/JO08KrMKj7 https://t.co/tAcB2wPVFO,Positive,98.0584,directv,general,,Twitter
Dallas13,Authorized,32.845283,-96.787396,6417 Hillcrest Ave,75205,Thu Oct 27 12:16:49 +0000 2016,Why AT&amp;T wanted Time Warner https://t.co/WlJrM4YsRA https://t.co/mPQiP5LkSW,Neutral,55.9931,general,general,,Twitter
Dallas13,Authorized,32.845283,-96.787396,6417 Hillcrest Ave,75205,Thu Oct 27 12:00:03 +0000 2016,Want to reduce cybersecurity risks in your business? 4 steps here. https://t.co/X35PJHoEqK https://t.co/ldu3zLfv3n,Negative,76.7640,general,general,,Twitter
Dallas13,Authorized,32.845283,-96.787396,6417 Hillcrest Ave,75205,Thu Oct 27 11:49:17 +0000 2016,RT @attJOBS: Looking for some words of wisdom? Our own Jennifer Van Buskirk shares her top 5 #careertips: https://t.co/3VH3TccPZf https://t…,Positive,71.6894,general,general,,Twitter
Dallas13,Authorized,32.845283,-96.787396,6417 Hillcrest Ave,75205,Thu Oct 27 11:47:18 +0000 2016,"RT @AnnaLDavis1: A #bitcoin powered server, #TimeWarner AND #Hemisphere? What's next @ATT, total world domination? #ATT #surveillance #mono…",Negative,69.0659,general,general,,Twitter
Dallas13,Authorized,32.845283,-96.787396,6417 Hillcrest Ave,75205,Thu Oct 27 11:46:51 +0000 2016,"RT @AnnaLDavis1: A #bitcoin powered server, #TimeWarner AND #Hemisphere? What's next @ATT, total world domination? #ATT #surveillance #mono…",Negative,69.0659,general,general,,Twitter
Dallas13,Authorized,32.845283,-96.787396,6417 Hillcrest Ave,75205,Thu Oct 27 11:36:48 +0000 2016,RT @ATT: Get a sweet deal on the new iPhone 7 when you switch to AT&amp;T and have DIRECTV. https://t.co/JO08KrMKj7 https://t.co/tAcB2wPVFO,Positive,98.0584,directv,general,,Twitter
Dallas13,Authorized,32.845283,-96.787396,6417 Hillcrest Ave,75205,Thu Oct 27 11:24:05 +0000 2016,RT @ATT: Get a sweet deal on the new iPhone 7 when you switch to AT&amp;T and have DIRECTV. https://t.co/JO08KrMKj7 https://t.co/tAcB2wPVFO,Positive,98.0584,directv,general,,Twitter
Dallas13,Authorized,32.845283,-96.787396,6417 Hillcrest Ave,75205,Thu Oct 27 11:20:31 +0000 2016,RT @ATT: Welcome to the team! @taylorswift13 https://t.co/4h86nLYuLo https://t.co/gAHOi7fPrZ,Positive,84.3125,general,general,,Twitter
Dallas13,Authorized,32.845283,-96.787396,6417 Hillcrest Ave,75205,Thu Oct 27 11:16:40 +0000 2016,The Latin America assets of @ATT could figure more prominently after Time Warner deal https://t.co/vS9caPpg8X |… https://t.co/wC2P1bslye,Positive,74.4417,general,general,,Twitter
Dallas13,Authorized,32.845283,-96.787396,6417 Hillcrest Ave,75205,Thu Oct 27 11:12:11 +0000 2016,RT @ATT: Get a sweet deal on the new iPhone 7 when you switch to AT&amp;T and have DIRECTV. https://t.co/JO08KrMKj7 https://t.co/tAcB2wPVFO,Positive,98.0584,directv,general,,Twitter
Dallas13,Authorized,32.845283,-96.787396,6417 Hillcrest Ave,75205,Thu Oct 27 10:59:54 +0000 2016,RT @ATT: Get a sweet deal on the new iPhone 7 when you switch to AT&amp;T and have DIRECTV. https://t.co/JO08KrMKj7 https://t.co/tAcB2wPVFO,Positive,98.0584,directv,general,,Twitter
Dallas13,Authorized,32.845283,-96.787396,6417 Hillcrest Ave,75205,Thu Oct 27 10:30:50 +0000 2016,"RT @dallasnews: Trump gets litigious, AT&amp;T gets bigger, @TomiLahren wins bigly: Your weekend news digest https://t.co/tjOy7OJCri https://t.…",Negative,66.2200,general,general,,Twitter
Dallas13,Authorized,32.845283,-96.787396,6417 Hillcrest Ave,75205,Thu Oct 27 10:17:18 +0000 2016,RT @ATT: Welcome to the team! @taylorswift13 https://t.co/4h86nLYuLo https://t.co/gAHOi7fPrZ,Positive,84.3125,general,general,,Twitter
Dallas13,Authorized,32.845283,-96.787396,6417 Hillcrest Ave,75205,Thu Oct 27 09:49:00 +0000 2016,"Take A Deep Breath On The AT&amp;T-Time Warner Merger: Randall Stephenson, chairman and chief executive officer o... https://t.co/YBSo7JeiHH",Positive,98.0316,general,general,,Twitter
Dallas13,Authorized,32.845283,-96.787396,6417 Hillcrest Ave,75205,Thu Oct 27 09:47:19 +0000 2016,@TheOrangeCone @DIRECTV notice how others answered but @directtv didnt? Customer service yay!,Neutral,55.8984,directv,general,,Twitter
Dallas13,Authorized,32.845283,-96.787396,6417 Hillcrest Ave,75205,Thu Oct 27 09:34:21 +0000 2016,RT @ATT: Get a sweet deal on the new iPhone 7 when you switch to AT&amp;T and have DIRECTV. https://t.co/JO08KrMKj7 https://t.co/tAcB2wPVFO,Positive,98.0584,directv,general,,Twitter
Dallas13,Authorized,32.845283,-96.787396,6417 Hillcrest Ave,75205,Thu Oct 27 09:29:23 +0000 2016,RT @ATT: Who made you a college 🏈 fan? Share with #MadeMeAFanContest for a chance to win. Rules https://t.co/hU3I3wFn5V https://t.co/seJBJK…,Positive,88.9294,general,general,,Twitter
Dallas13,Authorized,32.845283,-96.787396,6417 Hillcrest Ave,75205,Thu Oct 27 08:55:07 +0000 2016,"Sneak peek of the brand new Trinity Forest Golf Club, future host of AT&amp;T Byron Nelson (Video) https://t.co/L2QnGBvhdW #dallas",Positive,73.7262,general,general,,Twitter
Dallas13,Authorized,32.845283,-96.787396,6417 Hillcrest Ave,75205,Thu Oct 27 08:44:38 +0000 2016,RT @ATT: Welcome to the team! @taylorswift13 https://t.co/4h86nLYuLo https://t.co/gAHOi7fPrZ,Positive,84.3125,general,general,,Twitter
Dallas13,Authorized,32.845283,-96.787396,6417 Hillcrest Ave,75205,Thu Oct 27 08:23:01 +0000 2016,RT @ATT: Welcome to the team! @taylorswift13 https://t.co/4h86nLYuLo https://t.co/gAHOi7fPrZ,Positive,84.3125,general,general,,Twitter
Dallas13,Authorized,32.845283,-96.787396,6417 Hillcrest Ave,75205,Thu Oct 27 08:19:50 +0000 2016,RT @ATT: Welcome to the team! @taylorswift13 https://t.co/4h86nLYuLo https://t.co/gAHOi7fPrZ,Positive,84.3125,general,general,,Twitter
Dallas13,Authorized,32.845283,-96.787396,6417 Hillcrest Ave,75205,Thu Oct 27 08:19:29 +0000 2016,RT @ATT: Get a sweet deal on the new iPhone 7 when you switch to AT&amp;T and have DIRECTV. https://t.co/JO08KrMKj7 https://t.co/tAcB2wPVFO,Positive,98.0584,directv,general,,Twitter
Dallas13,Authorized,32.845283,-96.787396,6417 Hillcrest Ave,75205,Thu Oct 27 07:59:35 +0000 2016,#dallas Why Jordan Spieth is the perfect ambassador for AT&amp;T Byron Nelson's move to new home in 2018 https://t.co/x65HrRFfoP,Positive,99.7654,general,general,,Twitter
Dallas13,Authorized,32.845283,-96.787396,6417 Hillcrest Ave,75205,Thu Oct 27 07:50:24 +0000 2016,RT @ATT: Welcome to the team! @taylorswift13 https://t.co/4h86nLYuLo https://t.co/gAHOi7fPrZ,Positive,84.3125,general,general,,Twitter
Dallas13,Authorized,32.845283,-96.787396,6417 Hillcrest Ave,75205,Thu Oct 27 07:45:54 +0000 2016,RT @ATT: Another reason to smile for the camera. The #LGV20 from @LGUSAMobile will be available in stores starting today. https://t.co/TILu…,Positive,86.0616,general,general,,Twitter
Dallas13,Authorized,32.845283,-96.787396,6417 Hillcrest Ave,75205,Thu Oct 27 05:57:00 +0000 2016,RT @ATT: Welcome to the team! @taylorswift13 https://t.co/4h86nLYuLo https://t.co/gAHOi7fPrZ,Positive,84.3125,general,general,,Twitter
Dallas13,Authorized,32.845283,-96.787396,6417 Hillcrest Ave,75205,Thu Oct 27 05:35:10 +0000 2016,The AT&amp;T-Time Warner Deal: Perspective from the Great Trustbuster https://t.co/4PJR95ZSNZ https://t.co/DWe5YSSvox,Positive,96.4855,general,general,,Twitter
Dallas13,Authorized,32.845283,-96.787396,6417 Hillcrest Ave,75205,Thu Oct 27 04:58:09 +0000 2016,RT @RickTweetTweet: AT&amp;T Employees Break Records for Stop Hunger Now #ATTimpact https://t.co/f7k0rq100P #attemployee https://t.co/pUbfsZkOYe,Positive,72.3983,general,general,,Twitter
Dallas13,Authorized,32.845283,-96.787396,6417 Hillcrest Ave,75205,Thu Oct 27 04:52:50 +0000 2016,RT @ATT: Welcome to the team! @taylorswift13 https://t.co/4h86nLYuLo https://t.co/gAHOi7fPrZ,Positive,84.3125,general,general,,Twitter
Dallas13,Authorized,32.845283,-96.787396,6417 Hillcrest Ave,75205,Thu Oct 27 04:49:11 +0000 2016,RT @ATT: Welcome to the team! @taylorswift13 https://t.co/4h86nLYuLo https://t.co/gAHOi7fPrZ,Positive,84.3125,general,general,,Twitter
Dallas13,Authorized,32.845283,-96.787396,6417 Hillcrest Ave,75205,Thu Oct 27 04:40:52 +0000 2016,RT @ATT: Welcome to the team! @taylorswift13 https://t.co/4h86nLYuLo https://t.co/gAHOi7fPrZ,Positive,84.3125,general,general,,Twitter
Dallas13,Authorized,32.845283,-96.787396,6417 Hillcrest Ave,75205,Thu Oct 27 04:39:42 +0000 2016,RT @BillNicholsDMN: Why Jordan Spieth is the perfect ambassador for AT&amp;T Byron Nelson's move to new home in 2018 https://t.co/makT7VH1Z3 vi…,Positive,99.7654,general,general,,Twitter
Dallas13,Authorized,32.845283,-96.787396,6417 Hillcrest Ave,75205,Thu Oct 27 04:39:16 +0000 2016,RT @ATT: Welcome to the team! @taylorswift13 https://t.co/4h86nLYuLo https://t.co/gAHOi7fPrZ,Positive,84.3125,general,general,,Twitter
Dallas13,Authorized,32.845283,-96.787396,6417 Hillcrest Ave,75205,Thu Oct 27 04:31:21 +0000 2016,RT @ATT: Welcome to the team! @taylorswift13 https://t.co/4h86nLYuLo https://t.co/gAHOi7fPrZ,Positive,84.3125,general,general,,Twitter
Dallas13,Authorized,32.845283,-96.787396,6417 Hillcrest Ave,75205,Thu Oct 27 04:31:05 +0000 2016,@AroundTI accepts @ATT's challenge. Unite For Change. STEM in the Schoolyard. #OneUpThat? There is only one way. https://t.co/VJGVno1eoK,Negative,70.9420,general,general,,Twitter
Dallas13,Authorized,32.845283,-96.787396,6417 Hillcrest Ave,75205,Thu Oct 27 04:27:01 +0000 2016,Breaking down the AT&amp;T-Time Warner deal - https://t.co/Jc0lrHwv3A,Neutral,61.1194,general,general,,Twitter
Dallas13,Authorized,32.845283,-96.787396,6417 Hillcrest Ave,75205,Thu Oct 27 04:27:01 +0000 2016,Breaking down the AT&amp;T-Time Warner deal - https://t.co/onTO3SD6JY,Neutral,61.1194,general,general,,Twitter
Dallas13,Authorized,32.845283,-96.787396,6417 Hillcrest Ave,75205,Thu Oct 27 04:27:01 +0000 2016,Breaking down the AT&amp;T-Time Warner deal - https://t.co/RebMrvIiGX,Neutral,61.1194,general,general,,Twitter
Dallas13,Authorized,32.845283,-96.787396,6417 Hillcrest Ave,75205,Thu Oct 27 04:27:01 +0000 2016,Breaking down the AT&amp;T-Time Warner deal - https://t.co/KzBGrvPD0a,Neutral,61.1194,general,general,,Twitter
Dallas13,Authorized,32.845283,-96.787396,6417 Hillcrest Ave,75205,Thu Oct 27 04:27:01 +0000 2016,Breaking down the AT&amp;T-Time Warner deal - https://t.co/86GNcG9aJc,Neutral,61.1194,general,general,,Twitter
Dallas13,Authorized,32.845283,-96.787396,6417 Hillcrest Ave,75205,Thu Oct 27 04:27:01 +0000 2016,Breaking down the AT&amp;T-Time Warner deal - https://t.co/5BiHuiicuU,Neutral,61.1194,general,general,,Twitter
Dallas13,Authorized,32.845283,-96.787396,6417 Hillcrest Ave,75205,Thu Oct 27 04:27:00 +0000 2016,Breaking down the AT&amp;T-Time Warner deal - https://t.co/QPGx3CDfwm,Neutral,61.1194,general,general,,Twitter
Dallas13,Authorized,32.845283,-96.787396,6417 Hillcrest Ave,75205,Thu Oct 27 04:14:26 +0000 2016,RT @ATT: Welcome to the team! @taylorswift13 https://t.co/4h86nLYuLo https://t.co/gAHOi7fPrZ,Positive,84.3125,general,general,,Twitter
Dallas13,Authorized,32.845283,-96.787396,6417 Hillcrest Ave,75205,Thu Oct 27 04:12:47 +0000 2016,RT @BillNicholsDMN: Why Jordan Spieth is the perfect ambassador for AT&amp;T Byron Nelson's move to new home in 2018 https://t.co/makT7VH1Z3 vi…,Positive,99.7654,general,general,,Twitter
Dallas13,Authorized,32.845283,-96.787396,6417 Hillcrest Ave,75205,Thu Oct 27 04:10:05 +0000 2016,RT @ATTBusiness: AT&amp;T Labs is on track to revolutionize the way #AI plays in the network…but that’s not all! More from Mazin Gilbert: https…,Positive,72.4772,general,general,,Twitter
Dallas13,Authorized,32.845283,-96.787396,6417 Hillcrest Ave,75205,Thu Oct 27 04:02:38 +0000 2016,Why Jordan Spieth is the perfect ambassador for AT&amp;T Byron Nelson's move to new home in 2018 https://t.co/makT7VH1Z3 via @sportsdaydfw,Positive,99.7654,general,general,,Twitter
Dallas13,Authorized,32.845283,-96.787396,6417 Hillcrest Ave,75205,Thu Oct 27 03:34:38 +0000 2016,RT @1845realty: Since when do you merge two accounts @ATT and expect your consumers to be strong armed into your methods??? #attsucks #terr…,Negative,79.4791,general,general,,Twitter
Dallas13,Authorized,32.845283,-96.787396,6417 Hillcrest Ave,75205,Thu Oct 27 03:29:28 +0000 2016,"RT @SVotta88: Hey @ATT appreciate being on hold for 39 minutes now waiting to talk about my ""rewards"" I am supposed to get.",Neutral,57.4925,general,general,,Twitter
Dallas13,Authorized,32.845283,-96.787396,6417 Hillcrest Ave,75205,Thu Oct 27 03:29:02 +0000 2016,RT @ATT: Get a sweet deal on the new iPhone 7 when you switch to AT&amp;T and have DIRECTV. https://t.co/JO08KrMKj7 https://t.co/tAcB2wPVFO,Positive,98.0584,directv,general,,Twitter
Dallas13,Authorized,32.845283,-96.787396,6417 Hillcrest Ave,75205,Thu Oct 27 03:12:34 +0000 2016,RT @ohxnelli: Now I understand why people say @ATT has terrible customer service. Smdh.,Negative,96.5694,general,general,,Twitter
Dallas13,Authorized,32.845283,-96.787396,6417 Hillcrest Ave,75205,Thu Oct 27 02:50:41 +0000 2016,RT @ATTLatino: Noche de partido no tiene que ser noche de aburrido. Es tu tele. Llévala contigo. https://t.co/G6JlIiUxNv https://t.co/cxrSb…,Neutral,52.6392,general,general,,Twitter
Dallas13,Authorized,32.845283,-96.787396,6417 Hillcrest Ave,75205,Thu Oct 27 02:30:16 +0000 2016,"TIX🏈https://t.co/MGIo5onpzM🏈4️⃣- PARKING, PHILADELPHIA EAGLES VS DALLAS #Cowboys, @ ATT STADIUM, 10/30 /2016 https://t.co/8EFnT3Ta1E",Positive,77.4137,general,general,,Twitter
Dallas13,Authorized,32.845283,-96.787396,6417 Hillcrest Ave,75205,Thu Oct 27 02:14:58 +0000 2016,@ATTCares Any idea how long? Have to go outside to use the phones. Ridiculous. Been like that for days.,Negative,97.5550,general,general,,Twitter
Dallas13,Authorized,32.845283,-96.787396,6417 Hillcrest Ave,75205,Thu Oct 27 02:11:18 +0000 2016,AT&amp;T's Commitment to Disability Employment@ConnectToGood 2016-10-25-ATT-Inclusion-in-Disability-Employment https://t.co/sMc9OzE1ww,Positive,91.2110,general,general,,Twitter
Dallas13,Authorized,32.845283,-96.787396,6417 Hillcrest Ave,75205,Thu Oct 27 02:05:27 +0000 2016,The code names and secret meetings that got the #ATTTimeWarner deal done https://t.co/fOeive0ZXV | @Melissa_Repko https://t.co/KB584nBTlj,Neutral,55.1729,general,general,,Twitter
Dallas13,Authorized,32.845283,-96.787396,6417 Hillcrest Ave,75205,Thu Oct 27 02:00:11 +0000 2016,RT @ATTBusinessCare: Take a look at our tutorial to learn how to cancel an AT&amp;T Workforce Manager order at  https://t.co/mm5DGoRC18 https:/…,Positive,84.9539,general,general,,Twitter
Dallas13,Authorized,32.845283,-96.787396,6417 Hillcrest Ave,75205,Thu Oct 27 02:00:01 +0000 2016,Take a look at our tutorial to learn how to cancel an AT&amp;T Workforce Manager order at  https://t.co/mm5DGoRC18 https://t.co/5aoDpivMzw,Positive,84.9539,general,general,,Twitter
Dallas13,Authorized,32.845283,-96.787396,6417 Hillcrest Ave,75205,Thu Oct 27 01:58:17 +0000 2016,"TIX🏈https://t.co/MGIo5onpzM🏈3️⃣- PARKING, PHILADELPHIA EAGLES VS DALLAS #Cowboys, @ ATT STADIUM, 10/30 /2016 https://t.co/8EFnT3Ta1E",Positive,77.4137,general,general,,Twitter
Dallas13,Authorized,32.845283,-96.787396,6417 Hillcrest Ave,75205,Thu Oct 27 01:46:05 +0000 2016,RT @DFWSmallBiz: #ATT and Time Warner still need a green light from the government https://t.co/SpQc64wTdG #DFW #Tech,Positive,79.9477,general,general,,Twitter
Dallas13,Authorized,32.845283,-96.787396,6417 Hillcrest Ave,75205,Thu Oct 27 01:40:12 +0000 2016,RT @ATTBusiness: We're navigating the known threat landscape to help protect your org. See more in our new cybersecurity report: https://t.…,Positive,91.7588,general,general,,Twitter
Dallas13,Authorized,32.845283,-96.787396,6417 Hillcrest Ave,75205,Thu Oct 27 01:33:23 +0000 2016,RT @ATT: Get a sweet deal on the new iPhone 7 when you switch to AT&amp;T and have DIRECTV. https://t.co/JO08KrMKj7 https://t.co/tAcB2wPVFO,Positive,98.0584,directv,general,,Twitter
Dallas13,Authorized,32.845283,-96.787396,6417 Hillcrest Ave,75205,Thu Oct 27 01:29:40 +0000 2016,RT @attJOBS: We’re lucky to have a lot of #WomenWhoInspire us at AT&amp;T. Meet a few of them: https://t.co/8juFZJTY20 https://t.co/H6mCC5fGEj,Positive,86.9529,general,general,,Twitter
Dallas13,Authorized,32.845283,-96.787396,6417 Hillcrest Ave,75205,Thu Oct 27 01:25:40 +0000 2016,"RT @ATT: @OmarCorrea Rock star speeds just for you, Omar! 👍 https://t.co/u1hBT5Wj7Z",Negative,64.0341,general,general,,Twitter
Dallas13,Authorized,32.845283,-96.787396,6417 Hillcrest Ave,75205,Thu Oct 27 01:24:02 +0000 2016,"TIX🏈https://t.co/MGIo5onpzM🏈2️⃣- PARKING, PHILADELPHIA EAGLES VS DALLAS #Cowboys, @ ATT STADIUM, 10/30 /2016 https://t.co/8EFnT3Ta1E",Positive,77.4137,general,general,,Twitter
Dallas13,Authorized,32.845283,-96.787396,6417 Hillcrest Ave,75205,Thu Oct 27 01:20:16 +0000 2016,Secrets of Innovation from a Top Inventor https://t.co/9WzRzjjOze #attemployee https://t.co/Jek04SE1HR,Positive,68.9060,general,general,,Twitter
Dallas13,Authorized,32.845283,-96.787396,6417 Hillcrest Ave,75205,Thu Oct 27 01:18:47 +0000 2016,"@Ulrika_Steiner Ulrika, tack för att du följer. Alltid kul att interagera med människor från hemlandet 🇸🇪",Neutral,50.0000,general,general,,Twitter
Dallas13,Authorized,32.845283,-96.787396,6417 Hillcrest Ave,75205,Thu Oct 27 01:16:34 +0000 2016,"@HagerstrandA Anders, Tack för att du följer. Alltid kul med svenska kontakter. 🇸🇪",Neutral,50.0000,general,general,,Twitter
Dallas13,Authorized,32.845283,-96.787396,6417 Hillcrest Ave,75205,Thu Oct 27 01:14:15 +0000 2016,RT @ATT: Welcome to the team! @taylorswift13 https://t.co/4h86nLYuLo https://t.co/gAHOi7fPrZ,Positive,84.3125,general,general,,Twitter
Dallas13,Authorized,32.845283,-96.787396,6417 Hillcrest Ave,75205,Thu Oct 27 01:12:29 +0000 2016,RT @ATT: Welcome to the team! @taylorswift13 https://t.co/4h86nLYuLo https://t.co/gAHOi7fPrZ,Positive,84.3125,general,general,,Twitter
Dallas13,Authorized,32.845283,-96.787396,6417 Hillcrest Ave,75205,Thu Oct 27 01:10:40 +0000 2016,RT @ATT: Welcome to the team! @taylorswift13 https://t.co/4h86nLYuLo https://t.co/gAHOi7fPrZ,Positive,84.3125,general,general,,Twitter
Dallas13,Authorized,32.845283,-96.787396,6417 Hillcrest Ave,75205,Thu Oct 27 00:54:33 +0000 2016,Updated: What we know about AT&amp;T’s upcoming streaming service DirecTV Now - Dallas Business Journal https://t.co/q4NJf9uZ7F,Positive,79.9093,directv,general,,Twitter
Dallas13,Authorized,32.845283,-96.787396,6417 Hillcrest Ave,75205,Thu Oct 27 00:49:40 +0000 2016,"TIX🏈https://t.co/MGIo5onpzM🏈1️⃣- PARKING, PHILADELPHIA EAGLES VS DALLAS #Cowboys, @ ATT STADIUM, 10/30 /2016 https://t.co/8EFnT3Ta1E",Positive,77.4137,general,general,,Twitter
Dallas13,Authorized,32.845283,-96.787396,6417 Hillcrest Ave,75205,Thu Oct 27 00:47:36 +0000 2016,@ATT @DIRECTV shame on you for costing me money due to mistakes made by your agents! I need contact from management as I need some answers!!,Negative,99.6175,directv,general,,Twitter
Dallas13,Authorized,32.845283,-96.787396,6417 Hillcrest Ave,75205,Thu Oct 27 00:40:01 +0000 2016,RT @ATT: Welcome to the team! @taylorswift13 https://t.co/4h86nLYuLo https://t.co/gAHOi7fPrZ,Positive,84.3125,general,general,,Twitter
Dallas13,Authorized,32.845283,-96.787396,6417 Hillcrest Ave,75205,Thu Oct 27 00:36:42 +0000 2016,"Asked one of my co-workers what he's doing tonight. ""Gonna go home and enjoy the free week of NBA League Pa--- I DON'T HAVE DIRECTV ANYMORE""",Positive,99.3479,directv,general,,Twitter
Dallas13,Authorized,32.845283,-96.787396,6417 Hillcrest Ave,75205,Thu Oct 27 10:59:54 +0000 2016,RT @ATT: Get a sweet deal on the new iPhone 7 when you switch to AT&amp;T and have DIRECTV. https://t.co/JO08KrMKj7 https://t.co/tAcB2wPVFO,Positive,98.0584,directv,general,,Twitter
Dallas13,Authorized,32.845283,-96.787396,6417 Hillcrest Ave,75205,Thu Oct 27 10:17:18 +0000 2016,RT @ATT: Welcome to the team! @taylorswift13 https://t.co/4h86nLYuLo https://t.co/gAHOi7fPrZ,Positive,84.3125,general,general,,Twitter
Dallas13,Authorized,32.845283,-96.787396,6417 Hillcrest Ave,75205,Thu Oct 27 09:47:19 +0000 2016,@TheOrangeCone @DIRECTV notice how others answered but @directtv didnt? Customer service yay!,Neutral,55.8984,directv,general,,Twitter
Dallas13,Authorized,32.845283,-96.787396,6417 Hillcrest Ave,75205,Thu Oct 27 09:34:21 +0000 2016,RT @ATT: Get a sweet deal on the new iPhone 7 when you switch to AT&amp;T and have DIRECTV. https://t.co/JO08KrMKj7 https://t.co/tAcB2wPVFO,Positive,98.0584,directv,general,,Twitter
Dallas13,Authorized,32.845283,-96.787396,6417 Hillcrest Ave,75205,Thu Oct 27 09:29:23 +0000 2016,RT @ATT: Who made you a college 🏈 fan? Share with #MadeMeAFanContest for a chance to win. Rules https://t.co/hU3I3wFn5V https://t.co/seJBJK…,Positive,88.9294,general,general,,Twitter
Dallas13,Authorized,32.845283,-96.787396,6417 Hillcrest Ave,75205,Thu Oct 27 08:44:38 +0000 2016,RT @ATT: Welcome to the team! @taylorswift13 https://t.co/4h86nLYuLo https://t.co/gAHOi7fPrZ,Positive,84.3125,general,general,,Twitter
Dallas13,Authorized,32.845283,-96.787396,6417 Hillcrest Ave,75205,Thu Oct 27 08:23:01 +0000 2016,RT @ATT: Welcome to the team! @taylorswift13 https://t.co/4h86nLYuLo https://t.co/gAHOi7fPrZ,Positive,84.3125,general,general,,Twitter
Dallas13,Authorized,32.845283,-96.787396,6417 Hillcrest Ave,75205,Thu Oct 27 08:19:50 +0000 2016,RT @ATT: Welcome to the team! @taylorswift13 https://t.co/4h86nLYuLo https://t.co/gAHOi7fPrZ,Positive,84.3125,general,general,,Twitter
Dallas13,Authorized,32.845283,-96.787396,6417 Hillcrest Ave,75205,Thu Oct 27 08:19:29 +0000 2016,RT @ATT: Get a sweet deal on the new iPhone 7 when you switch to AT&amp;T and have DIRECTV. https://t.co/JO08KrMKj7 https://t.co/tAcB2wPVFO,Positive,98.0584,directv,general,,Twitter
Dallas13,Authorized,32.845283,-96.787396,6417 Hillcrest Ave,75205,Thu Oct 27 07:50:24 +0000 2016,RT @ATT: Welcome to the team! @taylorswift13 https://t.co/4h86nLYuLo https://t.co/gAHOi7fPrZ,Positive,84.3125,general,general,,Twitter
Dallas13,Authorized,32.845283,-96.787396,6417 Hillcrest Ave,75205,Thu Oct 27 07:45:54 +0000 2016,RT @ATT: Another reason to smile for the camera. The #LGV20 from @LGUSAMobile will be available in stores starting today. https://t.co/TILu…,Positive,86.0616,general,general,,Twitter
Dallas13,Authorized,32.845283,-96.787396,6417 Hillcrest Ave,75205,Thu Oct 27 05:57:00 +0000 2016,RT @ATT: Welcome to the team! @taylorswift13 https://t.co/4h86nLYuLo https://t.co/gAHOi7fPrZ,Positive,84.3125,general,general,,Twitter
Dallas13,Authorized,32.845283,-96.787396,6417 Hillcrest Ave,75205,Thu Oct 27 04:52:50 +0000 2016,RT @ATT: Welcome to the team! @taylorswift13 https://t.co/4h86nLYuLo https://t.co/gAHOi7fPrZ,Positive,84.3125,general,general,,Twitter
Dallas13,Authorized,32.845283,-96.787396,6417 Hillcrest Ave,75205,Thu Oct 27 04:49:11 +0000 2016,RT @ATT: Welcome to the team! @taylorswift13 https://t.co/4h86nLYuLo https://t.co/gAHOi7fPrZ,Positive,84.3125,general,general,,Twitter
Dallas13,Authorized,32.845283,-96.787396,6417 Hillcrest Ave,75205,Thu Oct 27 04:40:52 +0000 2016,RT @ATT: Welcome to the team! @taylorswift13 https://t.co/4h86nLYuLo https://t.co/gAHOi7fPrZ,Positive,84.3125,general,general,,Twitter
Dallas13,Authorized,32.845283,-96.787396,6417 Hillcrest Ave,75205,Thu Oct 27 04:39:16 +0000 2016,RT @ATT: Welcome to the team! @taylorswift13 https://t.co/4h86nLYuLo https://t.co/gAHOi7fPrZ,Positive,84.3125,general,general,,Twitter
Dallas13,Authorized,32.845283,-96.787396,6417 Hillcrest Ave,75205,Thu Oct 27 04:31:21 +0000 2016,RT @ATT: Welcome to the team! @taylorswift13 https://t.co/4h86nLYuLo https://t.co/gAHOi7fPrZ,Positive,84.3125,general,general,,Twitter
Dallas13,Authorized,32.845283,-96.787396,6417 Hillcrest Ave,75205,Thu Oct 27 04:31:05 +0000 2016,@AroundTI accepts @ATT's challenge. Unite For Change. STEM in the Schoolyard. #OneUpThat? There is only one way. https://t.co/VJGVno1eoK,Negative,70.9420,general,general,,Twitter
Dallas13,Authorized,32.845283,-96.787396,6417 Hillcrest Ave,75205,Thu Oct 27 04:14:26 +0000 2016,RT @ATT: Welcome to the team! @taylorswift13 https://t.co/4h86nLYuLo https://t.co/gAHOi7fPrZ,Positive,84.3125,general,general,,Twitter
Dallas13,Authorized,32.845283,-96.787396,6417 Hillcrest Ave,75205,Thu Oct 27 03:34:38 +0000 2016,RT @1845realty: Since when do you merge two accounts @ATT and expect your consumers to be strong armed into your methods??? #attsucks #terr…,Negative,79.4791,general,general,,Twitter
Dallas13,Authorized,32.845283,-96.787396,6417 Hillcrest Ave,75205,Thu Oct 27 03:29:28 +0000 2016,"RT @SVotta88: Hey @ATT appreciate being on hold for 39 minutes now waiting to talk about my ""rewards"" I am supposed to get.",Neutral,57.4925,general,general,,Twitter
Dallas13,Authorized,32.845283,-96.787396,6417 Hillcrest Ave,75205,Thu Oct 27 03:29:02 +0000 2016,RT @ATT: Get a sweet deal on the new iPhone 7 when you switch to AT&amp;T and have DIRECTV. https://t.co/JO08KrMKj7 https://t.co/tAcB2wPVFO,Positive,98.0584,directv,general,,Twitter
Dallas13,Authorized,32.845283,-96.787396,6417 Hillcrest Ave,75205,Thu Oct 27 03:12:34 +0000 2016,RT @ohxnelli: Now I understand why people say @ATT has terrible customer service. Smdh.,Negative,96.5694,general,general,,Twitter
Dallas13,Authorized,32.845283,-96.787396,6417 Hillcrest Ave,75205,Thu Oct 27 02:14:58 +0000 2016,@ATTCares Any idea how long? Have to go outside to use the phones. Ridiculous. Been like that for days.,Negative,97.5550,general,general,,Twitter
Dallas13,Authorized,32.845283,-96.787396,6417 Hillcrest Ave,75205,Thu Oct 27 02:09:56 +0000 2016,"RT @ATT: @Fixxxer92 Thanks for bringing something this serious to our attention, Richard. We are investigating this and will take appropria…",Positive,80.7200,general,general,,Twitter
Dallas13,Authorized,32.845283,-96.787396,6417 Hillcrest Ave,75205,Thu Oct 27 01:33:23 +0000 2016,RT @ATT: Get a sweet deal on the new iPhone 7 when you switch to AT&amp;T and have DIRECTV. https://t.co/JO08KrMKj7 https://t.co/tAcB2wPVFO,Positive,98.0584,directv,general,,Twitter
Dallas13,Authorized,32.845283,-96.787396,6417 Hillcrest Ave,75205,Thu Oct 27 01:25:40 +0000 2016,"RT @ATT: @OmarCorrea Rock star speeds just for you, Omar! 👍 https://t.co/u1hBT5Wj7Z",Negative,64.0341,general,general,,Twitter
Dallas13,Authorized,32.845283,-96.787396,6417 Hillcrest Ave,75205,Thu Oct 27 01:14:15 +0000 2016,RT @ATT: Welcome to the team! @taylorswift13 https://t.co/4h86nLYuLo https://t.co/gAHOi7fPrZ,Positive,84.3125,general,general,,Twitter
Dallas13,Authorized,32.845283,-96.787396,6417 Hillcrest Ave,75205,Thu Oct 27 01:12:29 +0000 2016,RT @ATT: Welcome to the team! @taylorswift13 https://t.co/4h86nLYuLo https://t.co/gAHOi7fPrZ,Positive,84.3125,general,general,,Twitter
Dallas13,Authorized,32.845283,-96.787396,6417 Hillcrest Ave,75205,Thu Oct 27 01:10:40 +0000 2016,RT @ATT: Welcome to the team! @taylorswift13 https://t.co/4h86nLYuLo https://t.co/gAHOi7fPrZ,Positive,84.3125,general,general,,Twitter
Dallas13,Authorized,32.845283,-96.787396,6417 Hillcrest Ave,75205,Thu Oct 27 00:47:36 +0000 2016,@ATT @DIRECTV shame on you for costing me money due to mistakes made by your agents! I need contact from management as I need some answers!!,Negative,99.6175,directv,general,,Twitter
Dallas13,Authorized,32.845283,-96.787396,6417 Hillcrest Ave,75205,Thu Oct 27 00:40:01 +0000 2016,RT @ATT: Welcome to the team! @taylorswift13 https://t.co/4h86nLYuLo https://t.co/gAHOi7fPrZ,Positive,84.3125,general,general,,Twitter
Dallas13,Authorized,32.845283,-96.787396,6417 Hillcrest Ave,75205,Thu Oct 27 00:22:07 +0000 2016,RT @ATT: Who made you a college 🏈 fan? Share with #MadeMeAFanContest for a chance to win. Rules https://t.co/hU3I3wFn5V https://t.co/seJBJK…,Positive,88.9294,general,general,,Twitter
Dallas13,Authorized,32.845283,-96.787396,6417 Hillcrest Ave,75205,Thu Oct 27 00:16:50 +0000 2016,RT @ATT: Who made you a college 🏈 fan? Share with #MadeMeAFanContest for a chance to win. Rules https://t.co/hU3I3wFn5V https://t.co/seJBJK…,Positive,88.9294,general,general,,Twitter
Dallas13,Authorized,32.845283,-96.787396,6417 Hillcrest Ave,75205,Thu Oct 27 00:11:18 +0000 2016,RT @ATT: Welcome to the team! @taylorswift13 https://t.co/4h86nLYuLo https://t.co/gAHOi7fPrZ,Positive,84.3125,general,general,,Twitter
Dallas13,Authorized,32.845283,-96.787396,6417 Hillcrest Ave,75205,Wed Oct 26 23:49:18 +0000 2016,RT @ATT: Welcome to the team! @taylorswift13 https://t.co/4h86nLYuLo https://t.co/gAHOi7fPrZ,Positive,84.3125,general,general,,Twitter
Dallas13,Authorized,32.845283,-96.787396,6417 Hillcrest Ave,75205,Wed Oct 26 23:47:59 +0000 2016,RT @JTeespeak: So great hangin w/ @GavinDeGraw thx to @DFWAcuraDealers @McDonalds &amp; @ATT  @JackFMDFW @MoreHits1037 https://t.co/V4rDDvLfkB,Positive,78.6970,general,general,,Twitter
Dallas13,Authorized,32.845283,-96.787396,6417 Hillcrest Ave,75205,Wed Oct 26 23:31:00 +0000 2016,RT @ATT: Welcome to the team! @taylorswift13 https://t.co/4h86nLYuLo https://t.co/gAHOi7fPrZ,Positive,84.3125,general,general,,Twitter
Dallas13,Authorized,32.845283,-96.787396,6417 Hillcrest Ave,75205,Wed Oct 26 23:24:55 +0000 2016,RT @Mike_Rawlings: This is a day of celebration. Special thanks to @PGATOUR and @ATT for helping bring @attbyronnelson to Dallas. https://t…,Positive,98.3168,general,general,,Twitter
Dallas13,Authorized,32.845283,-96.787396,6417 Hillcrest Ave,75205,Wed Oct 26 23:09:17 +0000 2016,RT @ATT: Welcome to the team! @taylorswift13 https://t.co/4h86nLYuLo https://t.co/gAHOi7fPrZ,Positive,84.3125,general,general,,Twitter
Dallas13,Authorized,32.845283,-96.787396,6417 Hillcrest Ave,75205,Wed Oct 26 22:57:11 +0000 2016,RT @ATT: Welcome to the team! @taylorswift13 https://t.co/4h86nLYuLo https://t.co/gAHOi7fPrZ,Positive,84.3125,general,general,,Twitter
Dallas13,Authorized,32.845283,-96.787396,6417 Hillcrest Ave,75205,Wed Oct 26 22:50:47 +0000 2016,RT @ATT: Who made you a college 🏈 fan? Share with #MadeMeAFanContest for a chance to win. Rules https://t.co/hU3I3wFn5V https://t.co/seJBJK…,Positive,88.9294,general,general,,Twitter
Dallas13,Authorized,32.845283,-96.787396,6417 Hillcrest Ave,75205,Wed Oct 26 22:50:11 +0000 2016,RT @ATT: Get a sweet deal on the new iPhone 7 when you switch to AT&amp;T and have DIRECTV. https://t.co/JO08KrMKj7 https://t.co/tAcB2wPVFO,Positive,98.0584,directv,general,,Twitter
Dallas13,Authorized,32.845283,-96.787396,6417 Hillcrest Ave,75205,Wed Oct 26 22:48:38 +0000 2016,RT @ATT: Welcome to the team! @taylorswift13 https://t.co/4h86nLYuLo https://t.co/gAHOi7fPrZ,Positive,84.3125,general,general,,Twitter
Dallas13,Authorized,32.845283,-96.787396,6417 Hillcrest Ave,75205,Wed Oct 26 22:41:00 +0000 2016,PETITION: Stop the @ATT-@twxcorp takeover! https://t.co/t0o2boGyxE via @demandprogress #NoMoreMergers,Neutral,60.3881,general,general,,Twitter
Dallas13,Authorized,32.845283,-96.787396,6417 Hillcrest Ave,75205,Wed Oct 26 22:35:32 +0000 2016,RT @ATT: Get a sweet deal on the new iPhone 7 when you switch to AT&amp;T and have DIRECTV. https://t.co/JO08KrMKj7 https://t.co/tAcB2wPVFO,Positive,98.0584,directv,general,,Twitter
Dallas13,Authorized,32.845283,-96.787396,6417 Hillcrest Ave,75205,Wed Oct 26 22:32:54 +0000 2016,PETITION: Stop the @ATT-@twxcorp merger! https://t.co/SygwvpZCf1 via @demandprogress #NoMoreMergers,Neutral,60.3881,general,general,,Twitter
Dallas13,Authorized,32.845283,-96.787396,6417 Hillcrest Ave,75205,Wed Oct 26 22:10:17 +0000 2016,RT @Uverse: Looking for a new trainer? Check out @JillianMichaels Fit Fusion TV: https://t.co/wHpiTE8VdG https://t.co/Os2SQH8UbG,Positive,84.1424,uverse,general,,Twitter
Dallas13,Authorized,32.845283,-96.787396,6417 Hillcrest Ave,75205,Wed Oct 26 22:05:55 +0000 2016,"@ATT y'all sent me a new phone with a case and they're both broken, what the heck??!!???",Negative,85.9952,general,general,,Twitter
Dallas13,Authorized,32.845283,-96.787396,6417 Hillcrest Ave,75205,Wed Oct 26 22:05:46 +0000 2016,RT @ATT: Get a sweet deal on the new iPhone 7 when you switch to AT&amp;T and have DIRECTV. https://t.co/JO08KrMKj7 https://t.co/tAcB2wPVFO,Positive,98.0584,directv,general,,Twitter
Dallas13,Authorized,32.845283,-96.787396,6417 Hillcrest Ave,75205,Wed Oct 26 21:40:55 +0000 2016,@ATTCares i have a double bonded pair installed and not getting the service,Negative,64.2966,general,product installation,,Twitter
Dallas13,Authorized,32.845283,-96.787396,6417 Hillcrest Ave,75205,Wed Oct 26 21:40:29 +0000 2016,@ATTCares ive been dealing with this issue for 3 months. Tech after tech no resolution,Neutral,52.8034,general,general,,Twitter
Dallas13,Authorized,32.845283,-96.787396,6417 Hillcrest Ave,75205,Wed Oct 26 21:33:11 +0000 2016,RT @ATT: Get a sweet deal on the new iPhone 7 when you switch to AT&amp;T and have DIRECTV. https://t.co/JO08KrMKj7 https://t.co/tAcB2wPVFO,Positive,98.0584,directv,general,,Twitter
Dallas13,Authorized,32.845283,-96.787396,6417 Hillcrest Ave,75205,Wed Oct 26 21:16:48 +0000 2016,RT @ATT: Welcome to the team! @taylorswift13 https://t.co/4h86nLYuLo https://t.co/gAHOi7fPrZ,Positive,84.3125,general,general,,Twitter
Dallas13,Authorized,32.845283,-96.787396,6417 Hillcrest Ave,75205,Wed Oct 26 21:14:44 +0000 2016,RT @Uverse: Looking for a new trainer? Check out @JillianMichaels Fit Fusion TV: https://t.co/wHpiTE8VdG https://t.co/Os2SQH8UbG,Positive,84.1424,uverse,general,,Twitter
Dallas13,Authorized,32.845283,-96.787396,6417 Hillcrest Ave,75205,Wed Oct 26 21:00:59 +0000 2016,RT @ATT: Get a sweet deal on the new iPhone 7 when you switch to AT&amp;T and have DIRECTV. https://t.co/JO08KrMKj7 https://t.co/tAcB2wPVFO,Positive,98.0584,directv,general,,Twitter
Dallas13,Authorized,32.845283,-96.787396,6417 Hillcrest Ave,75205,Wed Oct 26 20:50:42 +0000 2016,"@ATTCares I spent 2 hours on phone with customer service. was escalated, just for them to tell me they can only reverse $300..",Negative,99.7066,general,general,,Twitter
Dallas13,Authorized,32.845283,-96.787396,6417 Hillcrest Ave,75205,Wed Oct 26 20:44:13 +0000 2016,RT @Uverse: Looking for a new trainer? Check out @JillianMichaels Fit Fusion TV: https://t.co/wHpiTE8VdG https://t.co/Os2SQH8UbG,Positive,84.1424,uverse,general,,Twitter
Dallas13,Authorized,32.845283,-96.787396,6417 Hillcrest Ave,75205,Wed Oct 26 20:39:14 +0000 2016,RT @ATT: Get a sweet deal on the new iPhone 7 when you switch to AT&amp;T and have DIRECTV. https://t.co/JO08KrMKj7 https://t.co/tAcB2wPVFO,Positive,98.0584,directv,general,,Twitter
Dallas13,Authorized,32.845283,-96.787396,6417 Hillcrest Ave,75205,Wed Oct 26 20:36:25 +0000 2016,@ATTCares yes there is. It doesn't work for me. Eventually found a way hidden deep in the bowels of the website.,Negative,99.1627,general,general,,Twitter
Dallas13,Authorized,32.845283,-96.787396,6417 Hillcrest Ave,75205,Wed Oct 26 20:28:06 +0000 2016,RT @ATT: Welcome to the team! @taylorswift13 https://t.co/4h86nLYuLo https://t.co/gAHOi7fPrZ,Positive,84.3125,general,general,,Twitter
Dallas13,Authorized,32.845283,-96.787396,6417 Hillcrest Ave,75205,Wed Oct 26 20:25:13 +0000 2016,RT @ATT: Who made you a college 🏈 fan? Share with #MadeMeAFanContest for a chance to win. Rules https://t.co/hU3I3wFn5V https://t.co/seJBJK…,Positive,88.9294,general,general,,Twitter
Dallas13,Authorized,32.845283,-96.787396,6417 Hillcrest Ave,75205,Wed Oct 26 20:20:46 +0000 2016,Watch #Periscope: @Uverse is getting on my nerves paying for 24mb and this is what i get. @verizonfios help please https://t.co/UwT1v02RDl,Negative,69.6186,uverse,general,,Twitter
Dallas13,Authorized,32.845283,-96.787396,6417 Hillcrest Ave,75205,Wed Oct 26 20:20:44 +0000 2016,"@Snowden I guess @ATT  can do this in the interest of public safety.In a perfect world, ppl can worry less.hope ppl don't wrong n cops gud.",Positive,95.3650,general,general,,Twitter
Dallas13,Authorized,32.845283,-96.787396,6417 Hillcrest Ave,75205,Wed Oct 26 20:20:26 +0000 2016,RT @Mike_Rawlings: This is a day of celebration. Special thanks to @PGATOUR and @ATT for helping bring @attbyronnelson to Dallas. https://t…,Positive,98.3168,general,general,,Twitter
Dallas13,Authorized,32.845283,-96.787396,6417 Hillcrest Ave,75205,Wed Oct 26 20:19:21 +0000 2016,LIVE on #Periscope: @Uverse is getting on my nerves paying for 24mbps and this is what i get. @verizonfios help ple… https://t.co/Tj3BwSUQe7,Neutral,54.9521,uverse,general,,Twitter
Dallas13,Authorized,32.845283,-96.787396,6417 Hillcrest Ave,75205,Wed Oct 26 20:18:44 +0000 2016,RT @tonyromo: I wanna thank @DIRECTV for allowing me to show off my true self.  ;)  embarrassing is an understatement http://t.co/F0NniFESlL,Negative,85.6134,directv,general,,Twitter
Dallas13,Authorized,32.845283,-96.787396,6417 Hillcrest Ave,75205,Wed Oct 26 20:16:41 +0000 2016,Just got off the phone with an ATT rep @ATTCares more like #attdoesntcare about my service or desires to provide no service at all.,Negative,97.9514,general,general,,Twitter
Dallas13,Authorized,32.845283,-96.787396,6417 Hillcrest Ave,75205,Wed Oct 26 20:04:34 +0000 2016,RT @Uverse: Looking for a new trainer? Check out @JillianMichaels Fit Fusion TV: https://t.co/wHpiTE8VdG https://t.co/Os2SQH8UbG,Positive,84.1424,uverse,general,,Twitter
Dallas13,Authorized,32.845283,-96.787396,6417 Hillcrest Ave,75205,Wed Oct 26 19:57:33 +0000 2016,RT @Uverse: Looking for a new trainer? Check out @JillianMichaels Fit Fusion TV: https://t.co/wHpiTE8VdG https://t.co/Os2SQH8UbG,Positive,84.1424,uverse,general,,Twitter
Dallas13,Authorized,32.845283,-96.787396,6417 Hillcrest Ave,75205,Wed Oct 26 19:57:32 +0000 2016,@jakepimental99 @YaShah97 @DevinRabeyHD @ATT We only have Band 4.,Negative,70.9602,general,general,,Twitter
Dallas13,Authorized,32.845283,-96.787396,6417 Hillcrest Ave,75205,Wed Oct 26 19:56:06 +0000 2016,@jakepimental99 @YaShah97 @DevinRabeyHD @ATT We we're lucky to get one bar of 4G.,Positive,76.8807,general,general,,Twitter
Dallas13,Authorized,32.845283,-96.787396,6417 Hillcrest Ave,75205,Wed Oct 26 19:55:49 +0000 2016,@YaShah97 @jakepimental99 @DevinRabeyHD @ATT Saw that lol,Neutral,53.1133,general,general,,Twitter
Dallas13,Authorized,32.845283,-96.787396,6417 Hillcrest Ave,75205,Wed Oct 26 19:54:15 +0000 2016,@YaShah97 @jakepimental99 @DevinRabeyHD @ATT lol sprints average here is 3Mbps... https://t.co/1l1OMOM3F4,Neutral,56.2921,general,general,,Twitter
Dallas13,Authorized,32.845283,-96.787396,6417 Hillcrest Ave,75205,Wed Oct 26 19:53:57 +0000 2016,RT @Uverse: Looking for a new trainer? Check out @JillianMichaels Fit Fusion TV: https://t.co/wHpiTE8VdG https://t.co/Os2SQH8UbG,Positive,84.1424,uverse,general,,Twitter
Dallas13,Authorized,32.845283,-96.787396,6417 Hillcrest Ave,75205,Wed Oct 26 19:52:39 +0000 2016,@YaShah97 @DevinRabeyHD @jakepimental99 @ATT It all depends on what bandwidth channels are deployed on a tower.,Neutral,51.9144,general,general,,Twitter
Dallas13,Authorized,32.845283,-96.787396,6417 Hillcrest Ave,75205,Wed Oct 26 19:51:02 +0000 2016,@YaShah97 @DevinRabeyHD @jakepimental99 @ATT Actually T-Mobile speeds are fantastic here. Coverage is what made me switch to AT&amp;T.,Positive,95.0247,general,general,,Twitter
Dallas13,Authorized,32.845283,-96.787396,6417 Hillcrest Ave,75205,Wed Oct 26 19:48:48 +0000 2016,@DevinRabeyHD @YaShah97 @jakepimental99 @ATT here's AT&amp;T in the middle of nowhere... literally nowhere. https://t.co/a9WaCkfgki,Negative,93.1892,general,general,,Twitter
Dallas13,Authorized,32.845283,-96.787396,6417 Hillcrest Ave,75205,Wed Oct 26 19:47:17 +0000 2016,RT @Uverse: Looking for a new trainer? Check out @JillianMichaels Fit Fusion TV: https://t.co/wHpiTE8VdG https://t.co/Os2SQH8UbG,Positive,84.1424,uverse,general,,Twitter
Dallas13,Authorized,32.845283,-96.787396,6417 Hillcrest Ave,75205,Wed Oct 26 19:47:02 +0000 2016,RT @Uverse: Looking for a new trainer? Check out @JillianMichaels Fit Fusion TV: https://t.co/wHpiTE8VdG https://t.co/Os2SQH8UbG,Positive,84.1424,uverse,general,,Twitter
Dallas13,Authorized,32.845283,-96.787396,6417 Hillcrest Ave,75205,Wed Oct 26 19:45:26 +0000 2016,RT @ATT: Get a sweet deal on the new iPhone 7 when you switch to AT&amp;T and have DIRECTV. https://t.co/JO08KrMKj7 https://t.co/tAcB2wPVFO,Positive,98.0584,directv,general,,Twitter
Dallas13,Authorized,32.845283,-96.787396,6417 Hillcrest Ave,75205,Wed Oct 26 19:43:36 +0000 2016,RT @Uverse: Looking for a new trainer? Check out @JillianMichaels Fit Fusion TV: https://t.co/wHpiTE8VdG https://t.co/Os2SQH8UbG,Positive,84.1424,uverse,general,,Twitter
Dallas13,Authorized,32.845283,-96.787396,6417 Hillcrest Ave,75205,Wed Oct 26 19:37:36 +0000 2016,RT @ATT: Get a sweet deal on the new iPhone 7 when you switch to AT&amp;T and have DIRECTV. https://t.co/JO08KrMKj7 https://t.co/tAcB2wPVFO,Positive,98.0584,directv,general,,Twitter
Dallas13,Authorized,32.845283,-96.787396,6417 Hillcrest Ave,75205,Wed Oct 26 19:33:55 +0000 2016,RT @Uverse: Looking for a new trainer? Check out @JillianMichaels Fit Fusion TV: https://t.co/wHpiTE8VdG https://t.co/Os2SQH8UbG,Positive,84.1424,uverse,general,,Twitter
Dallas13,Authorized,32.845283,-96.787396,6417 Hillcrest Ave,75205,Wed Oct 26 19:33:35 +0000 2016,Stay connected with an @att GoPhone and $45 refill card #giveaway from @cutenlittle!  #ATTGoPhone #ad https://t.co/DH7sS5lv4v,Neutral,57.7773,general,general,,Twitter
Dallas13,Authorized,32.845283,-96.787396,6417 Hillcrest Ave,75205,Wed Oct 26 19:31:41 +0000 2016,RT @Uverse: Looking for a new trainer? Check out @JillianMichaels Fit Fusion TV: https://t.co/wHpiTE8VdG https://t.co/Os2SQH8UbG,Positive,84.1424,uverse,general,,Twitter
Dallas13,Authorized,32.845283,-96.787396,6417 Hillcrest Ave,75205,Wed Oct 26 19:20:21 +0000 2016,RT @ATT: Get a sweet deal on the new iPhone 7 when you switch to AT&amp;T and have DIRECTV. https://t.co/JO08KrMKj7 https://t.co/tAcB2wPVFO,Positive,98.0584,directv,general,,Twitter
Dallas13,Authorized,32.845283,-96.787396,6417 Hillcrest Ave,75205,Wed Oct 26 19:14:37 +0000 2016,"@ATT i've never asked for a single bill to be reversed. I will be cancelling my service, which you've ben making $2600/year off of me...",Negative,62.5958,general,general,,Twitter
Dallas13,Authorized,32.845283,-96.787396,6417 Hillcrest Ave,75205,Wed Oct 26 19:11:07 +0000 2016,"Ive been a customer with @ATT for years, had same cell phone number since I was 12. I pay about $220/month on average every month..",Negative,85.1877,general,general,,Twitter
Dallas13,Authorized,32.845283,-96.787396,6417 Hillcrest Ave,75205,Wed Oct 26 19:10:12 +0000 2016,@ATT charged me $844.06 for last month's cell phone bill. I've done nothing different as far as apps/data usage... Im switching to @verizon,Negative,92.5754,general,general,,Twitter
Dallas13,Authorized,32.845283,-96.787396,6417 Hillcrest Ave,75205,Wed Oct 26 19:08:07 +0000 2016,@ATT no one wants to talk to a virtual customer service agent! I need humans to converse with!,Negative,74.4379,general,general,,Twitter
Dallas13,Authorized,32.845283,-96.787396,6417 Hillcrest Ave,75205,Wed Oct 26 19:07:22 +0000 2016,RT @ATT: Welcome to the team! @taylorswift13 https://t.co/4h86nLYuLo https://t.co/gAHOi7fPrZ,Positive,84.3125,general,general,,Twitter
Dallas13,Authorized,32.845283,-96.787396,6417 Hillcrest Ave,75205,Wed Oct 26 18:59:57 +0000 2016,RT @ATT: Get a sweet deal on the new iPhone 7 when you switch to AT&amp;T and have DIRECTV. https://t.co/JO08KrMKj7 https://t.co/tAcB2wPVFO,Positive,98.0584,directv,general,,Twitter
Dallas13,Authorized,32.845283,-96.787396,6417 Hillcrest Ave,75205,Wed Oct 26 18:53:54 +0000 2016,RT @ATT: Welcome to the team! @taylorswift13 https://t.co/4h86nLYuLo https://t.co/gAHOi7fPrZ,Positive,84.3125,general,general,,Twitter
Dallas13,Authorized,32.845283,-96.787396,6417 Hillcrest Ave,75205,Wed Oct 26 18:52:59 +0000 2016,RT @ATT: Get a sweet deal on the new iPhone 7 when you switch to AT&amp;T and have DIRECTV. https://t.co/JO08KrMKj7 https://t.co/tAcB2wPVFO,Positive,98.0584,directv,general,,Twitter
Dallas13,Authorized,32.845283,-96.787396,6417 Hillcrest Ave,75205,Wed Oct 26 18:47:40 +0000 2016,RT @ATT: Get a sweet deal on the new iPhone 7 when you switch to AT&amp;T and have DIRECTV. https://t.co/JO08KrMKj7 https://t.co/tAcB2wPVFO,Positive,98.0584,directv,general,,Twitter
Dallas13,Authorized,32.845283,-96.787396,6417 Hillcrest Ave,75205,Wed Oct 26 18:44:45 +0000 2016,RT @ATT: Welcome to the team! @taylorswift13 https://t.co/4h86nLYuLo https://t.co/gAHOi7fPrZ,Positive,84.3125,general,general,,Twitter
Dallas13,Authorized,32.845283,-96.787396,6417 Hillcrest Ave,75205,Wed Oct 26 18:38:04 +0000 2016,RT @ATT: Who made you a college 🏈 fan? Share with #MadeMeAFanContest for a chance to win. Rules https://t.co/hU3I3wFn5V https://t.co/seJBJK…,Positive,88.9294,general,general,,Twitter
Dallas13,Authorized,32.845283,-96.787396,6417 Hillcrest Ave,75205,Wed Oct 26 18:37:54 +0000 2016,RT @ATT: Get a sweet deal on the new iPhone 7 when you switch to AT&amp;T and have DIRECTV. https://t.co/JO08KrMKj7 https://t.co/tAcB2wPVFO,Positive,98.0584,directv,general,,Twitter
