Dallas1,Corporate,32.776664,-96.796988,"208 S Akard Street, Ste 110",75202,Thu Oct 27 02:30:16 +0000 2016,"TIX🏈https://t.co/MGIo5onpzM🏈4️⃣- PARKING, PHILADELPHIA EAGLES VS DALLAS #Cowboys, @ ATT STADIUM, 10/30 /2016 https://t.co/8EFnT3Ta1E",Positive,77.4137,general,general,,Twitter
Dallas1,Corporate,32.776664,-96.796988,"208 S Akard Street, Ste 110",75202,Thu Oct 27 02:14:58 +0000 2016,@ATTCares Any idea how long? Have to go outside to use the phones. Ridiculous. Been like that for days.,Negative,97.5550,general,general,,Twitter
Dallas1,Corporate,32.776664,-96.796988,"208 S Akard Street, Ste 110",75202,Thu Oct 27 02:11:18 +0000 2016,AT&amp;T's Commitment to Disability Employment@ConnectToGood 2016-10-25-ATT-Inclusion-in-Disability-Employment https://t.co/sMc9OzE1ww,Positive,91.2110,general,general,,Twitter
Dallas1,Corporate,32.776664,-96.796988,"208 S Akard Street, Ste 110",75202,Thu Oct 27 02:05:27 +0000 2016,The code names and secret meetings that got the #ATTTimeWarner deal done https://t.co/fOeive0ZXV | @Melissa_Repko https://t.co/KB584nBTlj,Neutral,55.1729,general,general,,Twitter
Dallas1,Corporate,32.776664,-96.796988,"208 S Akard Street, Ste 110",75202,Thu Oct 27 02:00:11 +0000 2016,RT @ATTBusinessCare: Take a look at our tutorial to learn how to cancel an AT&amp;T Workforce Manager order at  https://t.co/mm5DGoRC18 https:/…,Positive,84.9539,general,general,,Twitter
Dallas1,Corporate,32.776664,-96.796988,"208 S Akard Street, Ste 110",75202,Thu Oct 27 02:00:01 +0000 2016,Take a look at our tutorial to learn how to cancel an AT&amp;T Workforce Manager order at  https://t.co/mm5DGoRC18 https://t.co/5aoDpivMzw,Positive,84.9539,general,general,,Twitter
Dallas1,Corporate,32.776664,-96.796988,"208 S Akard Street, Ste 110",75202,Thu Oct 27 01:58:17 +0000 2016,"TIX🏈https://t.co/MGIo5onpzM🏈3️⃣- PARKING, PHILADELPHIA EAGLES VS DALLAS #Cowboys, @ ATT STADIUM, 10/30 /2016 https://t.co/8EFnT3Ta1E",Positive,77.4137,general,general,,Twitter
Dallas1,Corporate,32.776664,-96.796988,"208 S Akard Street, Ste 110",75202,Thu Oct 27 01:46:05 +0000 2016,RT @DFWSmallBiz: #ATT and Time Warner still need a green light from the government https://t.co/SpQc64wTdG #DFW #Tech,Positive,79.9477,general,general,,Twitter
Dallas1,Corporate,32.776664,-96.796988,"208 S Akard Street, Ste 110",75202,Thu Oct 27 01:40:12 +0000 2016,RT @ATTBusiness: We're navigating the known threat landscape to help protect your org. See more in our new cybersecurity report: https://t.…,Positive,91.7588,general,general,,Twitter
Dallas1,Corporate,32.776664,-96.796988,"208 S Akard Street, Ste 110",75202,Thu Oct 27 01:33:23 +0000 2016,RT @ATT: Get a sweet deal on the new iPhone 7 when you switch to AT&amp;T and have DIRECTV. https://t.co/JO08KrMKj7 https://t.co/tAcB2wPVFO,Positive,98.0584,directv,general,,Twitter
Dallas1,Corporate,32.776664,-96.796988,"208 S Akard Street, Ste 110",75202,Thu Oct 27 01:29:40 +0000 2016,RT @attJOBS: We’re lucky to have a lot of #WomenWhoInspire us at AT&amp;T. Meet a few of them: https://t.co/8juFZJTY20 https://t.co/H6mCC5fGEj,Positive,86.9529,general,general,,Twitter
Dallas1,Corporate,32.776664,-96.796988,"208 S Akard Street, Ste 110",75202,Thu Oct 27 01:25:40 +0000 2016,"RT @ATT: @OmarCorrea Rock star speeds just for you, Omar! 👍 https://t.co/u1hBT5Wj7Z",Negative,64.0341,general,general,,Twitter
Dallas1,Corporate,32.776664,-96.796988,"208 S Akard Street, Ste 110",75202,Thu Oct 27 01:24:02 +0000 2016,"TIX🏈https://t.co/MGIo5onpzM🏈2️⃣- PARKING, PHILADELPHIA EAGLES VS DALLAS #Cowboys, @ ATT STADIUM, 10/30 /2016 https://t.co/8EFnT3Ta1E",Positive,77.4137,general,general,,Twitter
Dallas1,Corporate,32.776664,-96.796988,"208 S Akard Street, Ste 110",75202,Thu Oct 27 01:20:16 +0000 2016,Secrets of Innovation from a Top Inventor https://t.co/9WzRzjjOze #attemployee https://t.co/Jek04SE1HR,Positive,68.9060,general,general,,Twitter
Dallas1,Corporate,32.776664,-96.796988,"208 S Akard Street, Ste 110",75202,Thu Oct 27 01:18:47 +0000 2016,"@Ulrika_Steiner Ulrika, tack för att du följer. Alltid kul att interagera med människor från hemlandet 🇸🇪",Neutral,50.0000,general,general,,Twitter
Dallas1,Corporate,32.776664,-96.796988,"208 S Akard Street, Ste 110",75202,Thu Oct 27 01:16:34 +0000 2016,"@HagerstrandA Anders, Tack för att du följer. Alltid kul med svenska kontakter. 🇸🇪",Neutral,50.0000,general,general,,Twitter
Dallas1,Corporate,32.776664,-96.796988,"208 S Akard Street, Ste 110",75202,Thu Oct 27 01:14:15 +0000 2016,RT @ATT: Welcome to the team! @taylorswift13 https://t.co/4h86nLYuLo https://t.co/gAHOi7fPrZ,Positive,84.3125,general,general,,Twitter
Dallas1,Corporate,32.776664,-96.796988,"208 S Akard Street, Ste 110",75202,Thu Oct 27 01:12:29 +0000 2016,RT @ATT: Welcome to the team! @taylorswift13 https://t.co/4h86nLYuLo https://t.co/gAHOi7fPrZ,Positive,84.3125,general,general,,Twitter
Dallas1,Corporate,32.776664,-96.796988,"208 S Akard Street, Ste 110",75202,Thu Oct 27 01:10:40 +0000 2016,RT @ATT: Welcome to the team! @taylorswift13 https://t.co/4h86nLYuLo https://t.co/gAHOi7fPrZ,Positive,84.3125,general,general,,Twitter
Dallas1,Corporate,32.776664,-96.796988,"208 S Akard Street, Ste 110",75202,Thu Oct 27 00:54:33 +0000 2016,Updated: What we know about AT&amp;T’s upcoming streaming service DirecTV Now - Dallas Business Journal https://t.co/q4NJf9uZ7F,Positive,79.9093,directv,general,,Twitter
Dallas1,Corporate,32.776664,-96.796988,"208 S Akard Street, Ste 110",75202,Thu Oct 27 00:49:40 +0000 2016,"TIX🏈https://t.co/MGIo5onpzM🏈1️⃣- PARKING, PHILADELPHIA EAGLES VS DALLAS #Cowboys, @ ATT STADIUM, 10/30 /2016 https://t.co/8EFnT3Ta1E",Positive,77.4137,general,general,,Twitter
Dallas1,Corporate,32.776664,-96.796988,"208 S Akard Street, Ste 110",75202,Thu Oct 27 00:47:36 +0000 2016,@ATT @DIRECTV shame on you for costing me money due to mistakes made by your agents! I need contact from management as I need some answers!!,Negative,99.6175,directv,general,,Twitter
Dallas1,Corporate,32.776664,-96.796988,"208 S Akard Street, Ste 110",75202,Thu Oct 27 00:40:01 +0000 2016,RT @ATT: Welcome to the team! @taylorswift13 https://t.co/4h86nLYuLo https://t.co/gAHOi7fPrZ,Positive,84.3125,general,general,,Twitter
Dallas1,Corporate,32.776664,-96.796988,"208 S Akard Street, Ste 110",75202,Thu Oct 27 00:36:42 +0000 2016,"Asked one of my co-workers what he's doing tonight. ""Gonna go home and enjoy the free week of NBA League Pa--- I DON'T HAVE DIRECTV ANYMORE""",Positive,99.3479,directv,general,,Twitter
Dallas1,Corporate,32.776664,-96.796988,"208 S Akard Street, Ste 110",75202,Thu Oct 27 00:22:50 +0000 2016,'Counter to Public Good': Sanders Urges DOJ to Reject AT&amp;T-Time Warner Deal https://t.co/Bc25Y4izAV,Positive,70.4496,general,general,,Twitter
Dallas1,Corporate,32.776664,-96.796988,"208 S Akard Street, Ste 110",75202,Thu Oct 27 00:22:44 +0000 2016,"TIX🏈https://t.co/fZSud91UBX🏈0️⃣- PARKING, PHILADELPHIA EAGLES VS DALLAS #Cowboys, @ ATT STADIUM, 10/30 /2016… https://t.co/8EFnT3Ta1E",Positive,77.4137,general,general,,Twitter
Dallas1,Corporate,32.776664,-96.796988,"208 S Akard Street, Ste 110",75202,Thu Oct 27 00:22:38 +0000 2016,'Counter to Public Good': Sanders Urges DOJ to Reject AT&amp;T-Time Warner Deal - https://t.co/gl5kPZq4Bv,Positive,70.4496,general,general,,Twitter
Dallas1,Corporate,32.776664,-96.796988,"208 S Akard Street, Ste 110",75202,Thu Oct 27 00:22:07 +0000 2016,RT @ATT: Who made you a college 🏈 fan? Share with #MadeMeAFanContest for a chance to win. Rules https://t.co/hU3I3wFn5V https://t.co/seJBJK…,Positive,88.9294,general,general,,Twitter
Dallas1,Corporate,32.776664,-96.796988,"208 S Akard Street, Ste 110",75202,Thu Oct 27 00:16:50 +0000 2016,RT @ATT: Who made you a college 🏈 fan? Share with #MadeMeAFanContest for a chance to win. Rules https://t.co/hU3I3wFn5V https://t.co/seJBJK…,Positive,88.9294,general,general,,Twitter
Dallas1,Corporate,32.776664,-96.796988,"208 S Akard Street, Ste 110",75202,Thu Oct 27 00:11:18 +0000 2016,RT @ATT: Welcome to the team! @taylorswift13 https://t.co/4h86nLYuLo https://t.co/gAHOi7fPrZ,Positive,84.3125,general,general,,Twitter
Dallas1,Corporate,32.776664,-96.796988,"208 S Akard Street, Ste 110",75202,Thu Oct 27 00:00:10 +0000 2016,Five FC #Dallas Goals up for AT&amp;T MLS Goal of the Year https://t.co/tN5uxNM19P,Positive,79.7596,general,general,,Twitter
Dallas1,Corporate,32.776664,-96.796988,"208 S Akard Street, Ste 110",75202,Wed Oct 26 23:49:18 +0000 2016,RT @ATT: Welcome to the team! @taylorswift13 https://t.co/4h86nLYuLo https://t.co/gAHOi7fPrZ,Positive,84.3125,general,general,,Twitter
Dallas1,Corporate,32.776664,-96.796988,"208 S Akard Street, Ste 110",75202,Wed Oct 26 23:47:59 +0000 2016,RT @JTeespeak: So great hangin w/ @GavinDeGraw thx to @DFWAcuraDealers @McDonalds &amp; @ATT  @JackFMDFW @MoreHits1037 https://t.co/V4rDDvLfkB,Positive,78.6970,general,general,,Twitter
Dallas1,Corporate,32.776664,-96.796988,"208 S Akard Street, Ste 110",75202,Wed Oct 26 23:31:00 +0000 2016,RT @ATT: Welcome to the team! @taylorswift13 https://t.co/4h86nLYuLo https://t.co/gAHOi7fPrZ,Positive,84.3125,general,general,,Twitter
Dallas1,Corporate,32.776664,-96.796988,"208 S Akard Street, Ste 110",75202,Wed Oct 26 23:28:16 +0000 2016,#ATT and Time Warner still need a green light from the government https://t.co/SpQc64wTdG #DFW #Tech,Positive,79.9477,general,general,,Twitter
Dallas1,Corporate,32.776664,-96.796988,"208 S Akard Street, Ste 110",75202,Wed Oct 26 23:24:55 +0000 2016,RT @Mike_Rawlings: This is a day of celebration. Special thanks to @PGATOUR and @ATT for helping bring @attbyronnelson to Dallas. https://t…,Positive,98.3168,general,general,,Twitter
Dallas1,Corporate,32.776664,-96.796988,"208 S Akard Street, Ste 110",75202,Wed Oct 26 23:19:18 +0000 2016,"RT @SportsDayHS: Due to conflicts, no #txhsfb at AT&amp;T Stadium for the first 3 rounds 😭
…but now we have The Star.
Details: https://t.co/UxR…",Positive,78.7116,general,general,,Twitter
Dallas1,Corporate,32.776664,-96.796988,"208 S Akard Street, Ste 110",75202,Wed Oct 26 23:13:01 +0000 2016,Here's what to make of an AT&amp;T and Time Warner merger https://t.co/GS89pX5jB2 https://t.co/sxhxp9DaTb,Neutral,54.6352,general,general,,Twitter
Dallas1,Corporate,32.776664,-96.796988,"208 S Akard Street, Ste 110",75202,Wed Oct 26 23:09:17 +0000 2016,RT @ATT: Welcome to the team! @taylorswift13 https://t.co/4h86nLYuLo https://t.co/gAHOi7fPrZ,Positive,84.3125,general,general,,Twitter
Dallas1,Corporate,32.776664,-96.796988,"208 S Akard Street, Ste 110",75202,Wed Oct 26 23:04:02 +0000 2016,@Aspernator @WslyRBLX not in Texas and frontier isn't my area rip lol lovehate 4 att,Negative,92.7037,general,general,,Twitter
Dallas1,Corporate,32.776664,-96.796988,"208 S Akard Street, Ste 110",75202,Wed Oct 26 23:00:02 +0000 2016,We’re lucky to have a lot of #WomenWhoInspire us at AT&amp;T. Meet a few of them: https://t.co/8juFZJTY20 https://t.co/H6mCC5fGEj,Positive,86.9529,general,general,,Twitter
Dallas1,Corporate,32.776664,-96.796988,"208 S Akard Street, Ste 110",75202,Wed Oct 26 22:57:11 +0000 2016,RT @ATT: Welcome to the team! @taylorswift13 https://t.co/4h86nLYuLo https://t.co/gAHOi7fPrZ,Positive,84.3125,general,general,,Twitter
Dallas1,Corporate,32.776664,-96.796988,"208 S Akard Street, Ste 110",75202,Wed Oct 26 22:50:47 +0000 2016,RT @ATT: Who made you a college 🏈 fan? Share with #MadeMeAFanContest for a chance to win. Rules https://t.co/hU3I3wFn5V https://t.co/seJBJK…,Positive,88.9294,general,general,,Twitter
Dallas1,Corporate,32.776664,-96.796988,"208 S Akard Street, Ste 110",75202,Wed Oct 26 22:50:11 +0000 2016,RT @ATT: Get a sweet deal on the new iPhone 7 when you switch to AT&amp;T and have DIRECTV. https://t.co/JO08KrMKj7 https://t.co/tAcB2wPVFO,Positive,98.0584,directv,general,,Twitter
Dallas1,Corporate,32.776664,-96.796988,"208 S Akard Street, Ste 110",75202,Wed Oct 26 22:48:38 +0000 2016,RT @ATT: Welcome to the team! @taylorswift13 https://t.co/4h86nLYuLo https://t.co/gAHOi7fPrZ,Positive,84.3125,general,general,,Twitter
Dallas1,Corporate,32.776664,-96.796988,"208 S Akard Street, Ste 110",75202,Wed Oct 26 22:41:00 +0000 2016,PETITION: Stop the @ATT-@twxcorp takeover! https://t.co/t0o2boGyxE via @demandprogress #NoMoreMergers,Neutral,60.3881,general,general,,Twitter
Dallas1,Corporate,32.776664,-96.796988,"208 S Akard Street, Ste 110",75202,Wed Oct 26 22:38:21 +0000 2016,"Sneak peek of the brand new Trinity Forest Golf Club, future host of AT&amp;T Byron Nelson (Video) https://t.co/wnxzadmL4f",Positive,73.7262,general,general,,Twitter
Dallas1,Corporate,32.776664,-96.796988,"208 S Akard Street, Ste 110",75202,Wed Oct 26 22:38:03 +0000 2016,RT @DBJShinneman: We've updated our story pulling together all the announcements on DirecTV Now: https://t.co/zC1rek2sli $T @DallasBizNews,Positive,70.0073,directv,general,,Twitter
Dallas1,Corporate,32.776664,-96.796988,"208 S Akard Street, Ste 110",75202,Wed Oct 26 22:35:32 +0000 2016,RT @ATT: Get a sweet deal on the new iPhone 7 when you switch to AT&amp;T and have DIRECTV. https://t.co/JO08KrMKj7 https://t.co/tAcB2wPVFO,Positive,98.0584,directv,general,,Twitter
Dallas1,Corporate,32.776664,-96.796988,"208 S Akard Street, Ste 110",75202,Wed Oct 26 22:34:45 +0000 2016,RT @DallasBizNews: Been wondering what DirecTV Now will cost you? We have your answer: https://t.co/9kr2EJGUKw,Negative,68.5856,directv,general,,Twitter
Dallas1,Corporate,32.776664,-96.796988,"208 S Akard Street, Ste 110",75202,Wed Oct 26 22:32:54 +0000 2016,PETITION: Stop the @ATT-@twxcorp merger! https://t.co/SygwvpZCf1 via @demandprogress #NoMoreMergers,Neutral,60.3881,general,general,,Twitter
Dallas1,Corporate,32.776664,-96.796988,"208 S Akard Street, Ste 110",75202,Wed Oct 26 22:24:52 +0000 2016,DallasBizNews: Been wondering what DirecTV Now will cost you? We have your answer: https://t.co/oCIzhc911N,Negative,68.5856,directv,general,,Twitter
Dallas1,Corporate,32.776664,-96.796988,"208 S Akard Street, Ste 110",75202,Wed Oct 26 22:24:42 +0000 2016,"@Fixxxer92 Thanks for bringing something this serious to our attention, Richard. We are investigating this and will take appropriate action.",Positive,89.3187,general,general,,Twitter
Dallas1,Corporate,32.776664,-96.796988,"208 S Akard Street, Ste 110",75202,Wed Oct 26 22:22:01 +0000 2016,Been wondering what DirecTV Now will cost you? We have your answer: https://t.co/9kr2EJGUKw,Negative,68.5856,directv,general,,Twitter
Dallas1,Corporate,32.776664,-96.796988,"208 S Akard Street, Ste 110",75202,Wed Oct 26 22:10:17 +0000 2016,RT @Uverse: Looking for a new trainer? Check out @JillianMichaels Fit Fusion TV: https://t.co/wHpiTE8VdG https://t.co/Os2SQH8UbG,Positive,84.1424,uverse,general,,Twitter
Dallas1,Corporate,32.776664,-96.796988,"208 S Akard Street, Ste 110",75202,Wed Oct 26 22:10:13 +0000 2016,AT&amp;T and Ericsson demonstrate 5G network capabilities at Texas Wireless Summit https://t.co/CZZ0EDHIAj #attemployee https://t.co/BrJpGfR0nH,Neutral,50.0000,general,general,,Twitter
Dallas1,Corporate,32.776664,-96.796988,"208 S Akard Street, Ste 110",75202,Wed Oct 26 22:05:59 +0000 2016,"@attbyronnelson moving to Dallas' Trinity Forest Golf Club ahead of schedule in 2018

DMN: https://t.co/kJB8bryL73… https://t.co/fdjguTB6uC",Positive,83.9594,general,general,,Twitter
Dallas1,Corporate,32.776664,-96.796988,"208 S Akard Street, Ste 110",75202,Wed Oct 26 22:05:55 +0000 2016,"@ATT y'all sent me a new phone with a case and they're both broken, what the heck??!!???",Negative,85.9952,general,general,,Twitter
Dallas1,Corporate,32.776664,-96.796988,"208 S Akard Street, Ste 110",75202,Wed Oct 26 22:05:46 +0000 2016,RT @ATT: Get a sweet deal on the new iPhone 7 when you switch to AT&amp;T and have DIRECTV. https://t.co/JO08KrMKj7 https://t.co/tAcB2wPVFO,Positive,98.0584,directv,general,,Twitter
Dallas1,Corporate,32.776664,-96.796988,"208 S Akard Street, Ste 110",75202,Wed Oct 26 21:51:21 +0000 2016,"Sneak peek of the brand new Trinity Forest Golf Club, future host of AT&amp;T Byron Nelson (Video) https://t.co/J48DuzyUfu #Dallas",Positive,73.7262,general,general,,Twitter
Dallas1,Corporate,32.776664,-96.796988,"208 S Akard Street, Ste 110",75202,Wed Oct 26 21:40:55 +0000 2016,@ATTCares i have a double bonded pair installed and not getting the service,Negative,64.2966,general,product installation,,Twitter
Dallas1,Corporate,32.776664,-96.796988,"208 S Akard Street, Ste 110",75202,Wed Oct 26 21:40:29 +0000 2016,@ATTCares ive been dealing with this issue for 3 months. Tech after tech no resolution,Neutral,52.8034,general,general,,Twitter
Dallas1,Corporate,32.776664,-96.796988,"208 S Akard Street, Ste 110",75202,Wed Oct 26 21:40:13 +0000 2016,"RT @dallasnews: Speak now: Why critics want the $108 billion marriage of AT&amp;T, Time Warner to fail https://t.co/cAtlH2KlsI | @krobijake htt…",Neutral,50.4577,general,general,,Twitter
Dallas1,Corporate,32.776664,-96.796988,"208 S Akard Street, Ste 110",75202,Wed Oct 26 21:36:33 +0000 2016,RT @ATTBusiness: We're navigating the known threat landscape to help protect your org. See more in our new cybersecurity report: https://t.…,Positive,91.7588,general,general,,Twitter
Dallas1,Corporate,32.776664,-96.796988,"208 S Akard Street, Ste 110",75202,Wed Oct 26 21:36:14 +0000 2016,RT @ATTBusiness: AT&amp;T Labs is on track to revolutionize the way #AI plays in the network…but that’s not all! More from Mazin Gilbert: https…,Positive,72.4772,general,general,,Twitter
Dallas1,Corporate,32.776664,-96.796988,"208 S Akard Street, Ste 110",75202,Wed Oct 26 21:35:51 +0000 2016,RT @attJOBS: We're teaming with @BracketsForGood to launch their first nation-wide fundraising tournament. Learn more: https://t.co/IBRIhAu…,Positive,86.5420,general,general,,Twitter
Dallas1,Corporate,32.776664,-96.796988,"208 S Akard Street, Ste 110",75202,Wed Oct 26 21:35:14 +0000 2016,RT @SportsDayDFW: AT&amp;T Byron Nelson moving to Dallas' Trinity Forest Golf Club ahead of schedule in 2018 https://t.co/0OcCOkkyin https://t.…,Positive,83.9594,general,general,,Twitter
Dallas1,Corporate,32.776664,-96.796988,"208 S Akard Street, Ste 110",75202,Wed Oct 26 21:33:11 +0000 2016,RT @ATT: Get a sweet deal on the new iPhone 7 when you switch to AT&amp;T and have DIRECTV. https://t.co/JO08KrMKj7 https://t.co/tAcB2wPVFO,Positive,98.0584,directv,general,,Twitter
Dallas1,Corporate,32.776664,-96.796988,"208 S Akard Street, Ste 110",75202,Wed Oct 26 21:26:26 +0000 2016,"RT @attJOBS: At AT&amp;T, we believe that inspiration stems from collaboration. That's why we give employees the access they need. https://t.co…",Neutral,53.7838,general,general,,Twitter
Dallas1,Corporate,32.776664,-96.796988,"208 S Akard Street, Ste 110",75202,Wed Oct 26 21:20:21 +0000 2016,"DallasBizNews: Sneak peek of the brand new Trinity Forest Golf Club, future host of the Byron Nelson: https://t.co/tiLGGIRHK2",Positive,73.7262,general,general,,Twitter
Dallas1,Corporate,32.776664,-96.796988,"208 S Akard Street, Ste 110",75202,Wed Oct 26 21:16:48 +0000 2016,RT @ATT: Welcome to the team! @taylorswift13 https://t.co/4h86nLYuLo https://t.co/gAHOi7fPrZ,Positive,84.3125,general,general,,Twitter
Dallas1,Corporate,32.776664,-96.796988,"208 S Akard Street, Ste 110",75202,Wed Oct 26 21:15:02 +0000 2016,"Sneak peek of the brand new Trinity Forest Golf Club, future host of the Byron Nelson: https://t.co/F6LZE1tEK6",Positive,73.7262,general,general,,Twitter
Dallas1,Corporate,32.776664,-96.796988,"208 S Akard Street, Ste 110",75202,Wed Oct 26 21:14:44 +0000 2016,RT @Uverse: Looking for a new trainer? Check out @JillianMichaels Fit Fusion TV: https://t.co/wHpiTE8VdG https://t.co/Os2SQH8UbG,Positive,84.1424,uverse,general,,Twitter
Dallas1,Corporate,32.776664,-96.796988,"208 S Akard Street, Ste 110",75202,Wed Oct 26 21:10:27 +0000 2016,RT @SportsDayDFW: AT&amp;T Byron Nelson moving to Dallas' Trinity Forest Golf Club ahead of schedule in 2018 https://t.co/0OcCOkkyin https://t.…,Positive,83.9594,general,general,,Twitter
Dallas1,Corporate,32.776664,-96.796988,"208 S Akard Street, Ste 110",75202,Wed Oct 26 21:03:11 +0000 2016,RT @Mike_Rawlings: I’m excited for Dallas-based AT&amp;T and hopeful that this merger will lead to great benefits for its employees and... http…,Positive,97.4618,general,general,,Twitter
Dallas1,Corporate,32.776664,-96.796988,"208 S Akard Street, Ste 110",75202,Wed Oct 26 21:00:59 +0000 2016,RT @ATT: Get a sweet deal on the new iPhone 7 when you switch to AT&amp;T and have DIRECTV. https://t.co/JO08KrMKj7 https://t.co/tAcB2wPVFO,Positive,98.0584,directv,general,,Twitter
Dallas1,Corporate,32.776664,-96.796988,"208 S Akard Street, Ste 110",75202,Wed Oct 26 20:53:24 +0000 2016,RT @attJOBS: You don't have to go back to school to continue learning. Try these tips to learn something new: https://t.co/N1AjraH8jR #Moti…,Neutral,50.1178,general,general,,Twitter
Dallas1,Corporate,32.776664,-96.796988,"208 S Akard Street, Ste 110",75202,Wed Oct 26 20:50:42 +0000 2016,"@ATTCares I spent 2 hours on phone with customer service. was escalated, just for them to tell me they can only reverse $300..",Negative,99.7066,general,general,,Twitter
Dallas1,Corporate,32.776664,-96.796988,"208 S Akard Street, Ste 110",75202,Wed Oct 26 20:50:42 +0000 2016,AT&amp;T Agrees to Buy Time Warner for More Than $80 Billion https://t.co/Dmyv539d7P,Positive,71.0501,general,general,,Twitter
Dallas1,Corporate,32.776664,-96.796988,"208 S Akard Street, Ste 110",75202,Wed Oct 26 20:50:37 +0000 2016,RT @dallasnews: The code names and secret meetings that got the #ATTTimeWarner deal done https://t.co/zQ2Cclsaxi | @Melissa_Repko https://t…,Neutral,55.1729,general,general,,Twitter
Dallas1,Corporate,32.776664,-96.796988,"208 S Akard Street, Ste 110",75202,Wed Oct 26 20:44:13 +0000 2016,RT @Uverse: Looking for a new trainer? Check out @JillianMichaels Fit Fusion TV: https://t.co/wHpiTE8VdG https://t.co/Os2SQH8UbG,Positive,84.1424,uverse,general,,Twitter
Dallas1,Corporate,32.776664,-96.796988,"208 S Akard Street, Ste 110",75202,Wed Oct 26 20:42:32 +0000 2016,RT @attJOBS: We're teaming with @BracketsForGood to launch their first nation-wide fundraising tournament. Learn more: https://t.co/IBRIhAu…,Positive,86.5420,general,general,,Twitter
Dallas1,Corporate,32.776664,-96.796988,"208 S Akard Street, Ste 110",75202,Wed Oct 26 20:40:39 +0000 2016,"AT&amp;T and Time-Warner Make a Bet on Innovation, But Regulators May Get in the Way https://t.co/RP8SzxnhP5 https://t.co/WhBHYYRG2A",Neutral,59.8486,general,general,,Twitter
Dallas1,Corporate,32.776664,-96.796988,"208 S Akard Street, Ste 110",75202,Wed Oct 26 20:39:34 +0000 2016,RT @attJOBS: We're teaming with @BracketsForGood to launch their first nation-wide fundraising tournament. Learn more: https://t.co/IBRIhAu…,Positive,86.5420,general,general,,Twitter
Dallas1,Corporate,32.776664,-96.796988,"208 S Akard Street, Ste 110",75202,Wed Oct 26 20:39:14 +0000 2016,RT @ATT: Get a sweet deal on the new iPhone 7 when you switch to AT&amp;T and have DIRECTV. https://t.co/JO08KrMKj7 https://t.co/tAcB2wPVFO,Positive,98.0584,directv,general,,Twitter
Dallas1,Corporate,32.776664,-96.796988,"208 S Akard Street, Ste 110",75202,Wed Oct 26 20:36:25 +0000 2016,@ATTCares yes there is. It doesn't work for me. Eventually found a way hidden deep in the bowels of the website.,Negative,99.1627,general,general,,Twitter
Dallas1,Corporate,32.776664,-96.796988,"208 S Akard Street, Ste 110",75202,Wed Oct 26 20:28:23 +0000 2016,RT @dallasnews: The code names and secret meetings that got the #ATTTimeWarner deal done https://t.co/zQ2Cclsaxi | @Melissa_Repko https://t…,Neutral,55.1729,general,general,,Twitter
Dallas1,Corporate,32.776664,-96.796988,"208 S Akard Street, Ste 110",75202,Wed Oct 26 20:28:06 +0000 2016,RT @ATT: Welcome to the team! @taylorswift13 https://t.co/4h86nLYuLo https://t.co/gAHOi7fPrZ,Positive,84.3125,general,general,,Twitter
Dallas1,Corporate,32.776664,-96.796988,"208 S Akard Street, Ste 110",75202,Wed Oct 26 20:27:19 +0000 2016,RT @SportsDayDFW: AT&amp;T Byron Nelson moving to Dallas' Trinity Forest Golf Club ahead of schedule in 2018 https://t.co/0OcCOkkyin https://t.…,Positive,83.9594,general,general,,Twitter
Dallas1,Corporate,32.776664,-96.796988,"208 S Akard Street, Ste 110",75202,Wed Oct 26 20:25:13 +0000 2016,RT @ATT: Who made you a college 🏈 fan? Share with #MadeMeAFanContest for a chance to win. Rules https://t.co/hU3I3wFn5V https://t.co/seJBJK…,Positive,88.9294,general,general,,Twitter
Dallas1,Corporate,32.776664,-96.796988,"208 S Akard Street, Ste 110",75202,Wed Oct 26 20:24:58 +0000 2016,@YaShah97 @jakepimental99 @DevinRabeyHD @verizon Yes they offer unlimited if you have DirecTV,Negative,63.6819,directv,general,,Twitter
Dallas1,Corporate,32.776664,-96.796988,"208 S Akard Street, Ste 110",75202,Wed Oct 26 20:24:38 +0000 2016,DallasBizNews: RT DBJShinneman: We've updated our story pulling together all the announcements on DirecTV Now: https://t.co/FvLpxsDzs3 $T …,Positive,70.0073,directv,general,,Twitter
Dallas1,Corporate,32.776664,-96.796988,"208 S Akard Street, Ste 110",75202,Wed Oct 26 20:22:26 +0000 2016,RT @DBJShinneman: We've updated our story pulling together all the announcements on DirecTV Now: https://t.co/zC1rek2sli $T @DallasBizNews,Positive,70.0073,directv,general,,Twitter
Dallas1,Corporate,32.776664,-96.796988,"208 S Akard Street, Ste 110",75202,Wed Oct 26 20:20:46 +0000 2016,Watch #Periscope: @Uverse is getting on my nerves paying for 24mb and this is what i get. @verizonfios help please https://t.co/UwT1v02RDl,Negative,69.6186,uverse,general,,Twitter
Dallas1,Corporate,32.776664,-96.796988,"208 S Akard Street, Ste 110",75202,Wed Oct 26 20:20:44 +0000 2016,"@Snowden I guess @ATT  can do this in the interest of public safety.In a perfect world, ppl can worry less.hope ppl don't wrong n cops gud.",Positive,95.3650,general,general,,Twitter
Dallas1,Corporate,32.776664,-96.796988,"208 S Akard Street, Ste 110",75202,Wed Oct 26 20:20:26 +0000 2016,RT @Mike_Rawlings: This is a day of celebration. Special thanks to @PGATOUR and @ATT for helping bring @attbyronnelson to Dallas. https://t…,Positive,98.3168,general,general,,Twitter
Dallas1,Corporate,32.776664,-96.796988,"208 S Akard Street, Ste 110",75202,Wed Oct 26 20:19:52 +0000 2016,CBS Dallas: Bernie Sanders Urges Government To Kill AT&amp;T-Time Warner Merger https://t.co/5Xi1y9p96D #dallas,Neutral,57.9177,general,general,,Twitter
Dallas1,Corporate,32.776664,-96.796988,"208 S Akard Street, Ste 110",75202,Wed Oct 26 20:19:38 +0000 2016,Bernie Sanders Urges Government To Kill AT&amp;T-Time Warner Merger https://t.co/6QXXwgkKW9 #DFW,Neutral,57.9177,general,general,,Twitter
Dallas1,Corporate,32.776664,-96.796988,"208 S Akard Street, Ste 110",75202,Wed Oct 26 20:19:21 +0000 2016,LIVE on #Periscope: @Uverse is getting on my nerves paying for 24mbps and this is what i get. @verizonfios help ple… https://t.co/Tj3BwSUQe7,Neutral,54.9521,uverse,general,,Twitter
