Dallas15,Authorized,32.853965,-96.769903,5521 Greenville Ave,75206,Sun Oct 23 07:16:10 +0000 2016,RT @ATT: The #futureofvideo is mobile and the #futureofmobile is video. Time Warner + AT&amp;T make it happen! @twxcorp https://t.co/GKx4U9TQYg,Neutral,56.0321,general,general,,Twitter
Dallas15,Authorized,32.853965,-96.769903,5521 Greenville Ave,75206,Sun Oct 23 07:11:00 +0000 2016,"AT&amp;T, Time Warner Team Up To Fight For The Future Of TV | https://t.co/rXB8bgPSi6",Positive,89.0251,general,general,,Twitter
Dallas15,Authorized,32.853965,-96.769903,5521 Greenville Ave,75206,Sun Oct 23 07:10:57 +0000 2016,RT @ATT: The #futureofvideo is mobile and the #futureofmobile is video. Time Warner + AT&amp;T make it happen! @twxcorp https://t.co/GKx4U9TQYg,Neutral,56.0321,general,general,,Twitter
Dallas15,Authorized,32.853965,-96.769903,5521 Greenville Ave,75206,Sun Oct 23 07:06:18 +0000 2016,Why AT&amp;T wants Time Warner https://t.co/5qIWa9hQsI,Neutral,52.6782,general,general,,Twitter
Dallas15,Authorized,32.853965,-96.769903,5521 Greenville Ave,75206,Sun Oct 23 06:48:49 +0000 2016,RT @ATT: The #futureofvideo is mobile and the #futureofmobile is video. Time Warner + AT&amp;T make it happen! @twxcorp https://t.co/GKx4U9TQYg,Neutral,56.0321,general,general,,Twitter
Dallas15,Authorized,32.853965,-96.769903,5521 Greenville Ave,75206,Sun Oct 23 06:44:54 +0000 2016,RT @ATT: Welcome to the team! @taylorswift13 https://t.co/4h86nLYuLo https://t.co/gAHOi7fPrZ,Positive,84.3125,general,general,,Twitter
Dallas15,Authorized,32.853965,-96.769903,5521 Greenville Ave,75206,Sun Oct 23 06:39:03 +0000 2016,"RT @ATT: Watch the @GreenDay @iHeartRadio Album Release Party Tonight, 9pm ET/PT on AUDIENCE. DIRECTV ch 239/U-verse ch 1114. https://t.co/…",Neutral,59.5550,directv,general,,Twitter
Dallas15,Authorized,32.853965,-96.769903,5521 Greenville Ave,75206,Sun Oct 23 06:32:34 +0000 2016,RT @ATT: The #futureofvideo is mobile and the #futureofmobile is video. Time Warner + AT&amp;T make it happen! @twxcorp https://t.co/GKx4U9TQYg,Neutral,56.0321,general,general,,Twitter
Dallas15,Authorized,32.853965,-96.769903,5521 Greenville Ave,75206,Sun Oct 23 06:30:25 +0000 2016,RT @ATT: Welcome to the team! @taylorswift13 https://t.co/4h86nLYuLo https://t.co/gAHOi7fPrZ,Positive,84.3125,general,general,,Twitter
Dallas15,Authorized,32.853965,-96.769903,5521 Greenville Ave,75206,Sun Oct 23 06:28:31 +0000 2016,RT @ATT: The #futureofvideo is mobile and the #futureofmobile is video. Time Warner + AT&amp;T make it happen! @twxcorp https://t.co/GKx4U9TQYg,Neutral,56.0321,general,general,,Twitter
Dallas15,Authorized,32.853965,-96.769903,5521 Greenville Ave,75206,Sun Oct 23 06:24:00 +0000 2016,RT @ATT: The #futureofvideo is mobile and the #futureofmobile is video. Time Warner + AT&amp;T make it happen! @twxcorp https://t.co/GKx4U9TQYg,Neutral,56.0321,general,general,,Twitter
Dallas15,Authorized,32.853965,-96.769903,5521 Greenville Ave,75206,Sun Oct 23 06:19:12 +0000 2016,"Can #ATT and Time Warner avoid a left-brain, right-brain culture clash? https://t.co/YA3AFz4pDA #DFW",Neutral,59.9518,general,general,,Twitter
Dallas15,Authorized,32.853965,-96.769903,5521 Greenville Ave,75206,Sun Oct 23 06:19:11 +0000 2016,"How the #ATT-Time Warner deal changes the TV, mobile landscapes https://t.co/7H4lqt4o0n #DFW #realestate",Positive,74.8338,general,general,,Twitter
Dallas15,Authorized,32.853965,-96.769903,5521 Greenville Ave,75206,Sun Oct 23 06:17:43 +0000 2016,RT @ATT: The #futureofvideo is mobile and the #futureofmobile is video. Time Warner + AT&amp;T make it happen! @twxcorp https://t.co/GKx4U9TQYg,Neutral,56.0321,general,general,,Twitter
Dallas15,Authorized,32.853965,-96.769903,5521 Greenville Ave,75206,Sun Oct 23 06:13:47 +0000 2016,RT @ATT: The #futureofvideo is mobile and the #futureofmobile is video. Time Warner + AT&amp;T make it happen! @twxcorp https://t.co/GKx4U9TQYg,Neutral,56.0321,general,general,,Twitter
Dallas15,Authorized,32.853965,-96.769903,5521 Greenville Ave,75206,Sun Oct 23 06:09:24 +0000 2016,RT @ATT: Welcome to the team! @taylorswift13 https://t.co/4h86nLYuLo https://t.co/gAHOi7fPrZ,Positive,84.3125,general,general,,Twitter
Dallas15,Authorized,32.853965,-96.769903,5521 Greenville Ave,75206,Sun Oct 23 06:03:55 +0000 2016,RT @ATT: Get a sweet deal on the new iPhone 7 when you switch to AT&amp;T and have DIRECTV. https://t.co/TQVeUkmeZ6 https://t.co/zfZmNpe8AP,Positive,98.0584,directv,general,,Twitter
Dallas15,Authorized,32.853965,-96.769903,5521 Greenville Ave,75206,Sun Oct 23 06:01:38 +0000 2016,RT @ATT: Get a sweet deal on the new iPhone 7 when you switch to AT&amp;T and have DIRECTV. https://t.co/TQVeUkmeZ6 https://t.co/zfZmNpe8AP,Positive,98.0584,directv,general,,Twitter
Dallas15,Authorized,32.853965,-96.769903,5521 Greenville Ave,75206,Sun Oct 23 06:00:45 +0000 2016,RT @ATT: Who made you a college 🏈 fan? Share with #MadeMeAFanContest for a chance to win. Rules https://t.co/hU3I3wFn5V https://t.co/xZbxUJ…,Positive,88.9294,general,general,,Twitter
Dallas15,Authorized,32.853965,-96.769903,5521 Greenville Ave,75206,Sun Oct 23 05:59:45 +0000 2016,RT @ATT: Welcome to the team! @taylorswift13 https://t.co/4h86nLYuLo https://t.co/gAHOi7fPrZ,Positive,84.3125,general,general,,Twitter
Dallas15,Authorized,32.853965,-96.769903,5521 Greenville Ave,75206,Sun Oct 23 05:57:35 +0000 2016,RT @ATT: Welcome to the team! @taylorswift13 https://t.co/4h86nLYuLo https://t.co/gAHOi7fPrZ,Positive,84.3125,general,general,,Twitter
Dallas15,Authorized,32.853965,-96.769903,5521 Greenville Ave,75206,Sun Oct 23 05:45:52 +0000 2016,AT&amp;T and Time Warner to announce deal as soon as late Saturday: WSJ https://t.co/TkGuYDYA0v,Neutral,59.8871,general,general,,Twitter
Dallas15,Authorized,32.853965,-96.769903,5521 Greenville Ave,75206,Sun Oct 23 05:34:50 +0000 2016,"CNN, HBO, and other content brands will now be owned by AT&amp;T https://t.co/yRlR0PbAYC",Neutral,56.6289,general,general,,Twitter
Dallas15,Authorized,32.853965,-96.769903,5521 Greenville Ave,75206,Sun Oct 23 05:30:38 +0000 2016,AT&amp;T Uverse having issues for anyone else? #DDoSAttack,Positive,67.1037,uverse,general,,Twitter
Dallas15,Authorized,32.853965,-96.769903,5521 Greenville Ave,75206,Sun Oct 23 05:29:50 +0000 2016,RT @ATT: Welcome to the team! @taylorswift13 https://t.co/4h86nLYuLo https://t.co/gAHOi7fPrZ,Positive,84.3125,general,general,,Twitter
Dallas15,Authorized,32.853965,-96.769903,5521 Greenville Ave,75206,Sun Oct 23 05:27:01 +0000 2016,@MattZemek @ATT @TWC @Pac12Network Maybe add some Texas schools? ;),Neutral,61.4543,general,general,,Twitter
Dallas15,Authorized,32.853965,-96.769903,5521 Greenville Ave,75206,Sun Oct 23 05:21:28 +0000 2016,RT @ATT: Welcome to the team! @taylorswift13 https://t.co/4h86nLYuLo https://t.co/gAHOi7fPrZ,Positive,84.3125,general,general,,Twitter
Dallas15,Authorized,32.853965,-96.769903,5521 Greenville Ave,75206,Sun Oct 23 05:16:22 +0000 2016,RT @ATT: Welcome to the team! @taylorswift13 https://t.co/4h86nLYuLo https://t.co/gAHOi7fPrZ,Positive,84.3125,general,general,,Twitter
Dallas15,Authorized,32.853965,-96.769903,5521 Greenville Ave,75206,Sun Oct 23 05:15:19 +0000 2016,RT @ATT: Welcome to the team! @taylorswift13 https://t.co/4h86nLYuLo https://t.co/gAHOi7fPrZ,Positive,84.3125,general,general,,Twitter
Dallas15,Authorized,32.853965,-96.769903,5521 Greenville Ave,75206,Sun Oct 23 05:14:52 +0000 2016,RT @ATT: Welcome to the team! @taylorswift13 https://t.co/4h86nLYuLo https://t.co/gAHOi7fPrZ,Positive,84.3125,general,general,,Twitter
Dallas15,Authorized,32.853965,-96.769903,5521 Greenville Ave,75206,Sun Oct 23 05:13:07 +0000 2016,RT @ATT: Welcome to the team! @taylorswift13 https://t.co/4h86nLYuLo https://t.co/gAHOi7fPrZ,Positive,84.3125,general,general,,Twitter
Dallas15,Authorized,32.853965,-96.769903,5521 Greenville Ave,75206,Sun Oct 23 05:08:36 +0000 2016,@DIRECTV please acquire the PAC 12 network,Negative,64.1454,directv,general,,Twitter
Dallas15,Authorized,32.853965,-96.769903,5521 Greenville Ave,75206,Sun Oct 23 05:07:58 +0000 2016,RT @ATT: Get a sweet deal on the new iPhone 7 when you switch to AT&amp;T and have DIRECTV. https://t.co/TQVeUkmeZ6 https://t.co/zfZmNpe8AP,Positive,98.0584,directv,general,,Twitter
Dallas15,Authorized,32.853965,-96.769903,5521 Greenville Ave,75206,Sun Oct 23 05:03:51 +0000 2016,"RT @ATT: Watch the @GreenDay @iHeartRadio Album Release Party Tonight, 9pm ET/PT on AUDIENCE. DIRECTV ch 239/U-verse ch 1114. https://t.co/…",Neutral,59.5550,directv,general,,Twitter
Dallas15,Authorized,32.853965,-96.769903,5521 Greenville Ave,75206,Sun Oct 23 05:00:01 +0000 2016,"RT @DMNBiz: New media agency @Hearts_Science lands @ATT, opens shop in Dallas and plans to employ 100 people https://t.co/DFRmKVwrSP @mitch…",Neutral,56.5613,general,general,,Twitter
Dallas15,Authorized,32.853965,-96.769903,5521 Greenville Ave,75206,Sun Oct 23 04:56:33 +0000 2016,RT @ATT: Who made you a college 🏈 fan? Share with #MadeMeAFanContest for a chance to win. Rules https://t.co/hU3I3wFn5V https://t.co/xZbxUJ…,Positive,88.9294,general,general,,Twitter
Dallas15,Authorized,32.853965,-96.769903,5521 Greenville Ave,75206,Sun Oct 23 04:51:24 +0000 2016,Reaction to AT&amp;T-Time Warner Merger is Mixed: AT&amp;T announced plans to purchase Time Warner for more than $85 ... https://t.co/3N7U2NqUGN,Neutral,51.2403,general,general,,Twitter
Dallas15,Authorized,32.853965,-96.769903,5521 Greenville Ave,75206,Sun Oct 23 04:47:11 +0000 2016,RT @ATT: Welcome to the team! @taylorswift13 https://t.co/4h86nLYuLo https://t.co/gAHOi7fPrZ,Positive,84.3125,general,general,,Twitter
Dallas15,Authorized,32.853965,-96.769903,5521 Greenville Ave,75206,Sun Oct 23 04:45:00 +0000 2016,"RT @ATT: Watch the @GreenDay @iHeartRadio Album Release Party Tonight, 9pm ET/PT on AUDIENCE. DIRECTV ch 239/U-verse ch 1114. https://t.co/…",Neutral,59.5550,directv,general,,Twitter
Dallas15,Authorized,32.853965,-96.769903,5521 Greenville Ave,75206,Sun Oct 23 04:41:39 +0000 2016,RT @RickTweetTweet: Breaking News!!! AT&amp;T to Acquire Time Warner! My family just got bigger! #LifeAtATT  #TimeWarner https://t.co/RUAJa5ciO…,Positive,81.6545,general,general,,Twitter
Dallas15,Authorized,32.853965,-96.769903,5521 Greenville Ave,75206,Sun Oct 23 04:40:35 +0000 2016,RT @ATT: The #futureofvideo is mobile and the #futureofmobile is video. Time Warner + AT&amp;T make it happen! @twxcorp https://t.co/GKx4U9TQYg,Neutral,56.0321,general,general,,Twitter
Dallas15,Authorized,32.853965,-96.769903,5521 Greenville Ave,75206,Sun Oct 23 04:36:20 +0000 2016,RT @RickTweetTweet: Breaking News!!! AT&amp;T to Acquire Time Warner! My family just got bigger! #LifeAtATT  #TimeWarner https://t.co/RUAJa5ciO…,Positive,81.6545,general,general,,Twitter
Dallas15,Authorized,32.853965,-96.769903,5521 Greenville Ave,75206,Sun Oct 23 04:31:06 +0000 2016,ATT buying time Warner.... Major deal,Positive,72.0624,general,general,,Twitter
Dallas15,Authorized,32.853965,-96.769903,5521 Greenville Ave,75206,Sun Oct 23 04:24:48 +0000 2016,RT @ATT: The #futureofvideo is mobile and the #futureofmobile is video. Time Warner + AT&amp;T make it happen! @twxcorp https://t.co/GKx4U9TQYg,Neutral,56.0321,general,general,,Twitter
Dallas15,Authorized,32.853965,-96.769903,5521 Greenville Ave,75206,Sun Oct 23 04:19:10 +0000 2016,RT @ATT: The #futureofvideo is mobile and the #futureofmobile is video. Time Warner + AT&amp;T make it happen! @twxcorp https://t.co/GKx4U9TQYg,Neutral,56.0321,general,general,,Twitter
Dallas15,Authorized,32.853965,-96.769903,5521 Greenville Ave,75206,Sun Oct 23 04:16:40 +0000 2016,RT @ATT: The #futureofvideo is mobile and the #futureofmobile is video. Time Warner + AT&amp;T make it happen! @twxcorp https://t.co/GKx4U9TQYg,Neutral,56.0321,general,general,,Twitter
Dallas15,Authorized,32.853965,-96.769903,5521 Greenville Ave,75206,Sun Oct 23 04:15:07 +0000 2016,"Can #ATT and Time Warner avoid a left-brain, right-brain culture clash? https://t.co/oCpgX3nm7c #DFW #realestate",Neutral,59.9518,general,general,,Twitter
Dallas15,Authorized,32.853965,-96.769903,5521 Greenville Ave,75206,Sun Oct 23 04:13:05 +0000 2016,RT @ATT: The #futureofvideo is mobile and the #futureofmobile is video. Time Warner + AT&amp;T make it happen! @twxcorp https://t.co/GKx4U9TQYg,Neutral,56.0321,general,general,,Twitter
Dallas15,Authorized,32.853965,-96.769903,5521 Greenville Ave,75206,Sun Oct 23 04:11:25 +0000 2016,RT @ATT: Welcome to the team! @taylorswift13 https://t.co/4h86nLYuLo https://t.co/gAHOi7fPrZ,Positive,84.3125,general,general,,Twitter
Dallas15,Authorized,32.853965,-96.769903,5521 Greenville Ave,75206,Sun Oct 23 04:09:06 +0000 2016,Reaction to AT&amp;T-Time Warner Merger is Mixed https://t.co/Hy6WoPlRug #dallas https://t.co/Jms1NuSQyj,Positive,70.3156,general,general,,Twitter
Dallas15,Authorized,32.853965,-96.769903,5521 Greenville Ave,75206,Sun Oct 23 04:08:29 +0000 2016,RT @ATT: The #futureofvideo is mobile and the #futureofmobile is video. Time Warner + AT&amp;T make it happen! @twxcorp https://t.co/GKx4U9TQYg,Neutral,56.0321,general,general,,Twitter
Dallas15,Authorized,32.853965,-96.769903,5521 Greenville Ave,75206,Sun Oct 23 04:05:04 +0000 2016,RT @ATT: Get a sweet deal on the new iPhone 7 when you switch to AT&amp;T and have DIRECTV. https://t.co/TQVeUkmeZ6 https://t.co/zfZmNpe8AP,Positive,98.0584,directv,general,,Twitter
Dallas15,Authorized,32.853965,-96.769903,5521 Greenville Ave,75206,Sun Oct 23 04:04:50 +0000 2016,RT @ATT: The #futureofvideo is mobile and the #futureofmobile is video. Time Warner + AT&amp;T make it happen! @twxcorp https://t.co/GKx4U9TQYg,Neutral,56.0321,general,general,,Twitter
Dallas15,Authorized,32.853965,-96.769903,5521 Greenville Ave,75206,Sun Oct 23 03:59:34 +0000 2016,"#dallas Can AT&amp;T and Time Warner avoid a left-brain, right-brain culture clash? https://t.co/n37pkc5Jxa",Neutral,59.9518,general,general,,Twitter
Dallas15,Authorized,32.853965,-96.769903,5521 Greenville Ave,75206,Sun Oct 23 03:53:09 +0000 2016,RT @ATT: The #futureofvideo is mobile and the #futureofmobile is video. Time Warner + AT&amp;T make it happen! @twxcorp https://t.co/GKx4U9TQYg,Neutral,56.0321,general,general,,Twitter
Dallas15,Authorized,32.853965,-96.769903,5521 Greenville Ave,75206,Sun Oct 23 03:50:03 +0000 2016,RT @ATT: The #futureofvideo is mobile and the #futureofmobile is video. Time Warner + AT&amp;T make it happen! @twxcorp https://t.co/GKx4U9TQYg,Neutral,56.0321,general,general,,Twitter
Dallas15,Authorized,32.853965,-96.769903,5521 Greenville Ave,75206,Sun Oct 23 03:48:09 +0000 2016,"@ATT @Uverse since I pay for U450, why can't I watch programs on WatchEspn?!?!",Negative,73.2950,uverse,general,,Twitter
Dallas15,Authorized,32.853965,-96.769903,5521 Greenville Ave,75206,Sun Oct 23 03:46:35 +0000 2016,RT @RickTweetTweet: Breaking News!!! AT&amp;T to Acquire Time Warner! My family just got bigger! #LifeAtATT  #TimeWarner https://t.co/RUAJa5ciO…,Positive,81.6545,general,general,,Twitter
Dallas15,Authorized,32.853965,-96.769903,5521 Greenville Ave,75206,Sun Oct 23 03:44:06 +0000 2016,RT @sarastraley: AT&amp;T strikes 'perfect match' deal with Time Warner in blockbuster $85B marriage https://t.co/QUdmDnkYgS,Positive,94.0385,general,general,,Twitter
Dallas15,Authorized,32.853965,-96.769903,5521 Greenville Ave,75206,Sun Oct 23 03:33:02 +0000 2016,.@ATT soon to become the next media giant.  https://t.co/uOZoJMpL26,Positive,76.8926,general,general,,Twitter
Dallas15,Authorized,32.853965,-96.769903,5521 Greenville Ave,75206,Sun Oct 23 03:28:23 +0000 2016,AT&amp;T strikes 'perfect match' deal with Time Warner in blockbuster $85B marriage https://t.co/QUdmDnkYgS,Positive,94.0385,general,general,,Twitter
Dallas15,Authorized,32.853965,-96.769903,5521 Greenville Ave,75206,Sun Oct 23 03:17:58 +0000 2016,RT @ATT: The #futureofvideo is mobile and the #futureofmobile is video. Time Warner + AT&amp;T make it happen! @twxcorp https://t.co/GKx4U9TQYg,Neutral,56.0321,general,general,,Twitter
Dallas15,Authorized,32.853965,-96.769903,5521 Greenville Ave,75206,Sun Oct 23 03:17:09 +0000 2016,"Even by Texas standards, #ATT deal is huge. Take a look at how recent deals stack up https://t.co/XCN7EGXUD1 #DFW",Positive,94.2225,general,general,,Twitter
Dallas15,Authorized,32.853965,-96.769903,5521 Greenville Ave,75206,Sun Oct 23 03:15:58 +0000 2016,AT&amp;T agrees to buy Time Warner for $85 billion https://t.co/QLv2qFUweN via @HuffPostBiz,Positive,63.9246,general,general,,Twitter
Dallas15,Authorized,32.853965,-96.769903,5521 Greenville Ave,75206,Sun Oct 23 03:14:08 +0000 2016,"How the #ATT-Time Warner deal changes the TV, mobile landscapes https://t.co/5mfdSixviI #DFW #Tech",Positive,74.8338,general,general,,Twitter
Dallas15,Authorized,32.853965,-96.769903,5521 Greenville Ave,75206,Sun Oct 23 03:12:01 +0000 2016,RT @ATT: The #futureofvideo is mobile and the #futureofmobile is video. Time Warner + AT&amp;T make it happen! @twxcorp https://t.co/GKx4U9TQYg,Neutral,56.0321,general,general,,Twitter
Dallas15,Authorized,32.853965,-96.769903,5521 Greenville Ave,75206,Sun Oct 23 03:10:01 +0000 2016,RT @ATT: The #futureofvideo is mobile and the #futureofmobile is video. Time Warner + AT&amp;T make it happen! @twxcorp https://t.co/GKx4U9TQYg,Neutral,56.0321,general,general,,Twitter
Dallas15,Authorized,32.853965,-96.769903,5521 Greenville Ave,75206,Sun Oct 23 03:09:37 +0000 2016,RT @ATT: The #futureofvideo is mobile and the #futureofmobile is video. Time Warner + AT&amp;T make it happen! @twxcorp https://t.co/GKx4U9TQYg,Neutral,56.0321,general,general,,Twitter
Dallas15,Authorized,32.853965,-96.769903,5521 Greenville Ave,75206,Sun Oct 23 03:06:55 +0000 2016,RT @wfaachannel8: AT&amp;T agrees to buy Time Warner for more than $80B https://t.co/9LtV0RAUgV https://t.co/zqmbwnbOeo,Positive,71.0501,general,general,,Twitter
Dallas15,Authorized,32.853965,-96.769903,5521 Greenville Ave,75206,Sun Oct 23 03:06:12 +0000 2016,RT @ATT: The #futureofvideo is mobile and the #futureofmobile is video. Time Warner + AT&amp;T make it happen! @twxcorp https://t.co/GKx4U9TQYg,Neutral,56.0321,general,general,,Twitter
Dallas15,Authorized,32.853965,-96.769903,5521 Greenville Ave,75206,Sun Oct 23 03:06:11 +0000 2016,RT @ATT: Welcome to the team! @taylorswift13 https://t.co/4h86nLYuLo https://t.co/gAHOi7fPrZ,Positive,84.3125,general,general,,Twitter
Dallas15,Authorized,32.853965,-96.769903,5521 Greenville Ave,75206,Sun Oct 23 03:01:47 +0000 2016,RT @ATT: Welcome to the team! @taylorswift13 https://t.co/4h86nLYuLo https://t.co/gAHOi7fPrZ,Positive,84.3125,general,general,,Twitter
Dallas15,Authorized,32.853965,-96.769903,5521 Greenville Ave,75206,Sun Oct 23 03:01:07 +0000 2016,RT @ATT: The #futureofvideo is mobile and the #futureofmobile is video. Time Warner + AT&amp;T make it happen! @twxcorp https://t.co/GKx4U9TQYg,Neutral,56.0321,general,general,,Twitter
Dallas15,Authorized,32.853965,-96.769903,5521 Greenville Ave,75206,Sun Oct 23 02:59:18 +0000 2016,RT @ATT: The #futureofvideo is mobile and the #futureofmobile is video. Time Warner + AT&amp;T make it happen! @twxcorp https://t.co/GKx4U9TQYg,Neutral,56.0321,general,general,,Twitter
Dallas15,Authorized,32.853965,-96.769903,5521 Greenville Ave,75206,Sun Oct 23 02:56:30 +0000 2016,"""Who’s Behind the Deal Between AT&amp;T and Time Warner"" by MICHAEL J. de la MERCED via NYT The New York Times https://t.co/hvkgghzzDa",Positive,94.6290,general,general,,Twitter
Dallas15,Authorized,32.853965,-96.769903,5521 Greenville Ave,75206,Sun Oct 23 02:56:17 +0000 2016,RT @ATT: The #futureofvideo is mobile and the #futureofmobile is video. Time Warner + AT&amp;T make it happen! @twxcorp https://t.co/GKx4U9TQYg,Neutral,56.0321,general,general,,Twitter
Dallas15,Authorized,32.853965,-96.769903,5521 Greenville Ave,75206,Sun Oct 23 02:55:59 +0000 2016,RT @ATT: The #futureofvideo is mobile and the #futureofmobile is video. Time Warner + AT&amp;T make it happen! @twxcorp https://t.co/GKx4U9TQYg,Neutral,56.0321,general,general,,Twitter
Dallas15,Authorized,32.853965,-96.769903,5521 Greenville Ave,75206,Sun Oct 23 02:55:34 +0000 2016,RT @ATT: Welcome to the team! @taylorswift13 https://t.co/4h86nLYuLo https://t.co/gAHOi7fPrZ,Positive,84.3125,general,general,,Twitter
Dallas15,Authorized,32.853965,-96.769903,5521 Greenville Ave,75206,Sun Oct 23 02:55:04 +0000 2016,RT @john_verdes: 5 line port from ATT at Brightstar on Illinois ave! #SprintSaysThanks https://t.co/5EjbWOWkY8,Positive,73.9466,general,general,,Twitter
Dallas15,Authorized,32.853965,-96.769903,5521 Greenville Ave,75206,Sun Oct 23 02:54:19 +0000 2016,RT @ATT: Welcome to the team! @taylorswift13 https://t.co/4h86nLYuLo https://t.co/gAHOi7fPrZ,Positive,84.3125,general,general,,Twitter
Dallas15,Authorized,32.853965,-96.769903,5521 Greenville Ave,75206,Sun Oct 23 02:52:26 +0000 2016,RT @ATT: Welcome to the team! @taylorswift13 https://t.co/4h86nLYuLo https://t.co/gAHOi7fPrZ,Positive,84.3125,general,general,,Twitter
Dallas15,Authorized,32.853965,-96.769903,5521 Greenville Ave,75206,Sun Oct 23 02:52:20 +0000 2016,Well there you have it! AT&amp;T Acquiring Time Warner! #groundbreaking #LifeatAtt https://t.co/vq88RO7mGq,Positive,63.2755,general,general,,Twitter
Dallas15,Authorized,32.853965,-96.769903,5521 Greenville Ave,75206,Sun Oct 23 02:52:13 +0000 2016,"?MONOPOLY? /// AT&amp;T Buying HBO and CNN Owner Time Warner for $85.4 Billion - ABC News
https://t.co/mZCDEdsw4q

Shared via Bing search
https:",Positive,96.5886,general,general,,Twitter
Dallas15,Authorized,32.853965,-96.769903,5521 Greenville Ave,75206,Sun Oct 23 02:52:05 +0000 2016,RT @ATT: The #futureofvideo is mobile and the #futureofmobile is video. Time Warner + AT&amp;T make it happen! @twxcorp https://t.co/GKx4U9TQYg,Neutral,56.0321,general,general,,Twitter
Dallas15,Authorized,32.853965,-96.769903,5521 Greenville Ave,75206,Sun Oct 23 02:48:55 +0000 2016,RT @ATT: The #futureofvideo is mobile and the #futureofmobile is video. Time Warner + AT&amp;T make it happen! @twxcorp https://t.co/GKx4U9TQYg,Neutral,56.0321,general,general,,Twitter
Dallas15,Authorized,32.853965,-96.769903,5521 Greenville Ave,75206,Sun Oct 23 02:48:14 +0000 2016,"RT @ATT: Watch the @GreenDay @iHeartRadio Album Release Party Tonight, 9pm ET/PT on AUDIENCE. DIRECTV ch 239/U-verse ch 1114. https://t.co/…",Neutral,59.5550,directv,general,,Twitter
Dallas15,Authorized,32.853965,-96.769903,5521 Greenville Ave,75206,Sun Oct 23 02:48:05 +0000 2016,RT @ATT: The #futureofvideo is mobile and the #futureofmobile is video. Time Warner + AT&amp;T make it happen! @twxcorp https://t.co/GKx4U9TQYg,Neutral,56.0321,general,general,,Twitter
Dallas15,Authorized,32.853965,-96.769903,5521 Greenville Ave,75206,Sun Oct 23 02:47:17 +0000 2016,RT @ATT: Welcome to the team! @taylorswift13 https://t.co/4h86nLYuLo https://t.co/gAHOi7fPrZ,Positive,84.3125,general,general,,Twitter
Dallas15,Authorized,32.853965,-96.769903,5521 Greenville Ave,75206,Sun Oct 23 02:46:53 +0000 2016,RT @ATT: The #futureofvideo is mobile and the #futureofmobile is video. Time Warner + AT&amp;T make it happen! @twxcorp https://t.co/GKx4U9TQYg,Neutral,56.0321,general,general,,Twitter
Dallas15,Authorized,32.853965,-96.769903,5521 Greenville Ave,75206,Sun Oct 23 02:46:51 +0000 2016,RT @ATT: Welcome to the team! @taylorswift13 https://t.co/4h86nLYuLo https://t.co/gAHOi7fPrZ,Positive,84.3125,general,general,,Twitter
Dallas15,Authorized,32.853965,-96.769903,5521 Greenville Ave,75206,Sun Oct 23 02:46:11 +0000 2016,RT @ATT: The #futureofvideo is mobile and the #futureofmobile is video. Time Warner + AT&amp;T make it happen! @twxcorp https://t.co/GKx4U9TQYg,Neutral,56.0321,general,general,,Twitter
Dallas15,Authorized,32.853965,-96.769903,5521 Greenville Ave,75206,Sun Oct 23 02:46:06 +0000 2016,#ATT-#TimeWarner #merger couldn't possibly receive a legal go-ahead from the @FTC and @FCC?? https://t.co/m48yLsjbxV #ConsumerChoice?,Negative,70.3005,general,general,,Twitter
Dallas15,Authorized,32.853965,-96.769903,5521 Greenville Ave,75206,Sun Oct 23 02:44:47 +0000 2016,RT @ATT: The #futureofvideo is mobile and the #futureofmobile is video. Time Warner + AT&amp;T make it happen! @twxcorp https://t.co/GKx4U9TQYg,Neutral,56.0321,general,general,,Twitter
Dallas15,Authorized,32.853965,-96.769903,5521 Greenville Ave,75206,Sun Oct 23 02:41:53 +0000 2016,RT @ATT: The #futureofvideo is mobile and the #futureofmobile is video. Time Warner + AT&amp;T make it happen! @twxcorp https://t.co/GKx4U9TQYg,Neutral,56.0321,general,general,,Twitter
Dallas15,Authorized,32.853965,-96.769903,5521 Greenville Ave,75206,Sun Oct 23 02:41:26 +0000 2016,"AT&amp;T to buy HBO, CNN, and the rest of Time Warner for more than $80 billion  https://t.co/aYXmIS0or5 The Wall Street Journal reports that …",Negative,74.1750,general,general,,Twitter
Dallas15,Authorized,32.853965,-96.769903,5521 Greenville Ave,75206,Sun Oct 23 02:38:12 +0000 2016,RT @ATT: The #futureofvideo is mobile and the #futureofmobile is video. Time Warner + AT&amp;T make it happen! @twxcorp https://t.co/GKx4U9TQYg,Neutral,56.0321,general,general,,Twitter
Dallas15,Authorized,32.853965,-96.769903,5521 Greenville Ave,75206,Sun Oct 23 02:37:27 +0000 2016,RT @ATT: The #futureofvideo is mobile and the #futureofmobile is video. Time Warner + AT&amp;T make it happen! @twxcorp https://t.co/GKx4U9TQYg,Neutral,56.0321,general,general,,Twitter
Dallas15,Authorized,32.853965,-96.769903,5521 Greenville Ave,75206,Sun Oct 23 02:34:03 +0000 2016,RT @ATT: The #futureofvideo is mobile and the #futureofmobile is video. Time Warner + AT&amp;T make it happen! @twxcorp https://t.co/GKx4U9TQYg,Neutral,56.0321,general,general,,Twitter
Dallas15,Authorized,32.853965,-96.769903,5521 Greenville Ave,75206,Sun Oct 23 02:34:02 +0000 2016,RT @ATT: The #futureofvideo is mobile and the #futureofmobile is video. Time Warner + AT&amp;T make it happen! @twxcorp https://t.co/GKx4U9TQYg,Neutral,56.0321,general,general,,Twitter
