Dallas16,Authorized,32.865482,-96.805688,5960 W Northwest Hwy,75225,Fri Oct 21 19:29:09 +0000 2016,Report: AT&amp;amp;T seeking to clinch Time Warner Inc. deal by Monday to beat rivals https://t.co/5yjBMNUmjW via @dallasnews,Positive,92.8891,general,general,,Twitter
Dallas16,Authorized,32.865482,-96.805688,5960 W Northwest Hwy,75225,Fri Oct 21 19:26:56 +0000 2016,@ATTCares I need help finding out if my phone is payed off,Neutral,53.2586,general,general,,Twitter
Dallas16,Authorized,32.865482,-96.805688,5960 W Northwest Hwy,75225,Fri Oct 21 19:15:40 +0000 2016,@Emma_Wilson44 We’ll be giving away tickets to Taylor fans including AT&amp;T customers + special guests. We’ll share ticketing details later.,Positive,89.0419,general,general,,Twitter
Dallas16,Authorized,32.865482,-96.805688,5960 W Northwest Hwy,75225,Fri Oct 21 19:02:56 +0000 2016,"RT @ATTBusiness: Reliable, safer &amp; more efficient smart grids? Yes, with #IoT, our 4G LTE network and Sentient Energy. Discover how: https:…",Positive,89.1496,general,general,,Twitter
Dallas16,Authorized,32.865482,-96.805688,5960 W Northwest Hwy,75225,Fri Oct 21 19:02:32 +0000 2016,RT @ATTBusiness: Business-ready is one thing; cybersecurity readiness is another. Access info you need to help defend your data: https://t.…,Neutral,52.8854,general,general,,Twitter
Dallas16,Authorized,32.865482,-96.805688,5960 W Northwest Hwy,75225,Fri Oct 21 19:01:50 +0000 2016,"We want to see your #ATTRedCarpet watch party! Tweet us your plans, and tune in on @AudienceNetwork on 11/2!… https://t.co/UQPtM1hy5P",Neutral,59.7095,general,general,,Twitter
Dallas16,Authorized,32.865482,-96.805688,5960 W Northwest Hwy,75225,Fri Oct 21 19:01:43 +0000 2016,AT&amp;T in Talks to Buy Warner Bros. and DC Parent Time Warner https://t.co/ck7CZLdtnJ,Positive,63.9246,general,general,,Twitter
Dallas16,Authorized,32.865482,-96.805688,5960 W Northwest Hwy,75225,Fri Oct 21 18:58:55 +0000 2016,"RT @ATT: Watch the @GreenDay @iHeartRadio Album Release Party Tonight, 9pm ET/PT on AUDIENCE. DIRECTV ch 239/U-verse ch 1114. https://t.co/…",Neutral,59.5550,directv,general,,Twitter
Dallas16,Authorized,32.865482,-96.805688,5960 W Northwest Hwy,75225,Fri Oct 21 18:58:49 +0000 2016,Business-ready is one thing; cybersecurity readiness is another. Access info you need to help defend your data:… https://t.co/o0vsMKMClD,Neutral,52.8854,general,general,,Twitter
Dallas16,Authorized,32.865482,-96.805688,5960 W Northwest Hwy,75225,Fri Oct 21 18:58:25 +0000 2016,"Developers, is your app slow and unresponsive? Speed it up with AT&amp;T ARO https://t.co/KV43Z4jp2C",Negative,86.4997,general,general,,Twitter
Dallas16,Authorized,32.865482,-96.805688,5960 W Northwest Hwy,75225,Fri Oct 21 18:55:20 +0000 2016,AT&amp;T and Ericsson demonstrate #5G network capabilities at Texas Wireless Summit https://t.co/CKqLuarcLb #attemployee https://t.co/mNvyDwvevI,Neutral,50.0000,general,general,,Twitter
Dallas16,Authorized,32.865482,-96.805688,5960 W Northwest Hwy,75225,Fri Oct 21 18:55:18 +0000 2016,"Women in Tech Q&amp;A: Kay Kapoor - President, AT&amp;T Global Business-Public Sector #WomenofATT https://t.co/dG5IDfoWq0… https://t.co/ByjnDSF7hl",Neutral,50.0000,general,general,,Twitter
Dallas16,Authorized,32.865482,-96.805688,5960 W Northwest Hwy,75225,Fri Oct 21 18:52:59 +0000 2016,RT @7onashoestring: Have you downloaded the @ItCanWait DriveMode app? It's a perfect tool for the 21-Day #ItCanWait Challenge! #sponsor htt…,Positive,90.9772,general,general,,Twitter
Dallas16,Authorized,32.865482,-96.805688,5960 W Northwest Hwy,75225,Fri Oct 21 18:44:30 +0000 2016,"#Hillary election protects TimeWarner keep price up for ATT sale, #Trump might say monopoly! #MWM @CNN #ClintonShill https://t.co/NsVtMmufvF",Negative,64.2298,general,general,,Twitter
Dallas16,Authorized,32.865482,-96.805688,5960 W Northwest Hwy,75225,Fri Oct 21 18:44:14 +0000 2016,"RT @ATT: Watch the @GreenDay @iHeartRadio Album Release Party Tonight, 9pm ET/PT on AUDIENCE. DIRECTV ch 239/U-verse ch 1114. https://t.co/…",Neutral,59.5550,directv,general,,Twitter
Dallas16,Authorized,32.865482,-96.805688,5960 W Northwest Hwy,75225,Fri Oct 21 18:41:52 +0000 2016,RT @attJOBS: Last year we donated $1M to @GirlsWhoCode &amp; the future careers of women technologists everywhere! #GHC16 https://t.co/rKDF99f5…,Positive,98.7368,general,general,,Twitter
Dallas16,Authorized,32.865482,-96.805688,5960 W Northwest Hwy,75225,Fri Oct 21 18:34:14 +0000 2016,RT @ATT: Who made you a college 🏈 fan? Share with #MadeMeAFanContest for a chance to win. Rules https://t.co/hU3I3wFn5V https://t.co/xZbxUJ…,Positive,88.9294,general,general,,Twitter
Dallas16,Authorized,32.865482,-96.805688,5960 W Northwest Hwy,75225,Fri Oct 21 18:33:40 +0000 2016,"RT @ATTBusiness: They start their engines, we start the data flow. Taking Red Bull Racing to the next level at the US Grand Prix. https://t…",Positive,77.6574,general,general,,Twitter
Dallas16,Authorized,32.865482,-96.805688,5960 W Northwest Hwy,75225,Fri Oct 21 18:31:04 +0000 2016,RT @attJOBS: Our development programs can put you on the right career path. Why? Just ask Brad: https://t.co/bmAjmMvvte #BeTheFuture https:…,Positive,86.6900,general,general,,Twitter
Dallas16,Authorized,32.865482,-96.805688,5960 W Northwest Hwy,75225,Fri Oct 21 18:30:10 +0000 2016,Our development programs can put you on the right career path. Why? Just ask Brad: https://t.co/bmAjmMvvte… https://t.co/vwH78Q771F,Positive,86.6900,general,general,,Twitter
Dallas16,Authorized,32.865482,-96.805688,5960 W Northwest Hwy,75225,Fri Oct 21 18:23:32 +0000 2016,RT @LisannePowers: Virtual employees can make it easier for enterprises to offer services 24×7 https://t.co/ZnDYPDPKEW #mobile #attemployee,Negative,63.3079,general,general,,Twitter
Dallas16,Authorized,32.865482,-96.805688,5960 W Northwest Hwy,75225,Fri Oct 21 17:59:18 +0000 2016,"If you're going to Luke Bryan on Saturday at @ATTStadium, parking is $45. Fair warning. https://t.co/XnWurN0Mr6 https://t.co/wit9ADSFFP",Negative,99.1293,general,general,,Twitter
Dallas16,Authorized,32.865482,-96.805688,5960 W Northwest Hwy,75225,Fri Oct 21 17:53:55 +0000 2016,RT @attJOBS: Curious why our employees love #LifeAtATT? Take a look: https://t.co/B7CTVa4b41 #GHC16 #ATTatGHC16 https://t.co/Var5AH1eWP,Positive,70.8393,general,general,,Twitter
Dallas16,Authorized,32.865482,-96.805688,5960 W Northwest Hwy,75225,Fri Oct 21 17:53:18 +0000 2016,"""AT&amp;T Is Said to Be in Advanced Merger Talks With Time Warner"" by EMILY STEEL, ANDREW ROSS SORKIN and LESLIE PICKE… https://t.co/d55fEeTL7c",Positive,90.9058,general,general,,Twitter
Dallas16,Authorized,32.865482,-96.805688,5960 W Northwest Hwy,75225,Fri Oct 21 17:49:56 +0000 2016,@ATTCares I filed my complaint with the @FCC here https://t.co/inVguPMnYv,Positive,70.1223,general,general,,Twitter
Dallas16,Authorized,32.865482,-96.805688,5960 W Northwest Hwy,75225,Fri Oct 21 17:49:19 +0000 2016,RT @ATT: Get a sweet deal on the new iPhone 7 when you switch to AT&amp;T and have DIRECTV. https://t.co/TQVeUkmeZ6 https://t.co/zfZmNpe8AP,Positive,98.0584,directv,general,,Twitter
Dallas16,Authorized,32.865482,-96.805688,5960 W Northwest Hwy,75225,Fri Oct 21 17:47:37 +0000 2016,"RT @ATT: Watch the @GreenDay @iHeartRadio Album Release Party Tonight, 9pm ET/PT on AUDIENCE. DIRECTV ch 239/U-verse ch 1114. https://t.co/…",Neutral,59.5550,directv,general,,Twitter
Dallas16,Authorized,32.865482,-96.805688,5960 W Northwest Hwy,75225,Fri Oct 21 17:40:34 +0000 2016,Virtual employees can make it easier for enterprises to offer services 24×7 https://t.co/ZnDYPDPKEW #mobile #attemployee,Negative,63.3079,general,general,,Twitter
Dallas16,Authorized,32.865482,-96.805688,5960 W Northwest Hwy,75225,Fri Oct 21 17:35:44 +0000 2016,RT @coopmavs: First DirecTV now Time Warner. How long before DoJ takes a peek at this? https://t.co/PdGnS1dpQh,Positive,66.7102,directv,general,,Twitter
Dallas16,Authorized,32.865482,-96.805688,5960 W Northwest Hwy,75225,Fri Oct 21 17:26:23 +0000 2016,RT @DMNBiz: #Breaking: Report: @AT&amp;T and @twxcorp deal could come as early as this weekend https://t.co/voLUIpZ8Ni https://t.co/PaMgHA6U5d,Neutral,53.2293,general,general,,Twitter
Dallas16,Authorized,32.865482,-96.805688,5960 W Northwest Hwy,75225,Fri Oct 21 17:25:42 +0000 2016,"RT @ATT: Watch the @GreenDay @iHeartRadio Album Release Party Tonight, 9pm ET/PT on AUDIENCE. DIRECTV ch 239/U-verse ch 1114. https://t.co/…",Neutral,59.5550,directv,general,,Twitter
Dallas16,Authorized,32.865482,-96.805688,5960 W Northwest Hwy,75225,Fri Oct 21 17:22:35 +0000 2016,@ATT has the worst customer service imaginable. 😡,Negative,99.7631,general,general,,Twitter
Dallas16,Authorized,32.865482,-96.805688,5960 W Northwest Hwy,75225,Fri Oct 21 17:16:11 +0000 2016,Report: AT&amp;amp;T and Time Warner Inc. deal could come as early as this weekend https://t.co/f9GomXVby9 via @dallasnews,Neutral,60.8913,general,general,,Twitter
Dallas16,Authorized,32.865482,-96.805688,5960 W Northwest Hwy,75225,Fri Oct 21 17:14:02 +0000 2016,RT @ATT: Welcome to the team! @taylorswift13 https://t.co/4h86nLYuLo https://t.co/gAHOi7fPrZ,Positive,84.3125,general,general,,Twitter
Dallas16,Authorized,32.865482,-96.805688,5960 W Northwest Hwy,75225,Fri Oct 21 17:08:39 +0000 2016,RT @ATT: Welcome to the team! @taylorswift13 https://t.co/4h86nLYuLo https://t.co/gAHOi7fPrZ,Positive,84.3125,general,general,,Twitter
Dallas16,Authorized,32.865482,-96.805688,5960 W Northwest Hwy,75225,Fri Oct 21 17:08:17 +0000 2016,RT @ATT: Who made you a college 🏈 fan? Share with #MadeMeAFanContest for a chance to win. Rules https://t.co/hU3I3wFn5V https://t.co/xZbxUJ…,Positive,88.9294,general,general,,Twitter
Dallas16,Authorized,32.865482,-96.805688,5960 W Northwest Hwy,75225,Fri Oct 21 16:54:10 +0000 2016,Report: AT&amp;T and Time Warner Inc. deal could come as early as this weekend https://t.co/p9BNFLMSBD https://t.co/2EMxHRZGFO,Neutral,60.8913,general,general,,Twitter
Dallas16,Authorized,32.865482,-96.805688,5960 W Northwest Hwy,75225,Fri Oct 21 16:43:08 +0000 2016,RT @DMNBiz: #Breaking: Report: @AT&amp;T and @twxcorp deal could come as early as this weekend https://t.co/voLUIpZ8Ni https://t.co/PaMgHA6U5d,Neutral,53.2293,general,general,,Twitter
Dallas16,Authorized,32.865482,-96.805688,5960 W Northwest Hwy,75225,Fri Oct 21 16:39:16 +0000 2016,"@espn what channel is ESPN 8 the ocho, on DIRECTV? I can't find it",Negative,72.7861,directv,general,,Twitter
Dallas16,Authorized,32.865482,-96.805688,5960 W Northwest Hwy,75225,Fri Oct 21 16:39:14 +0000 2016,Went to file a formal complaint against my ISP @ATTCares to find out @FCC 's website is down https://t.co/wEqxwPSNoE :(,Positive,92.0667,general,general,,Twitter
Dallas16,Authorized,32.865482,-96.805688,5960 W Northwest Hwy,75225,Fri Oct 21 16:38:14 +0000 2016,RT @ATT: Who made you a college 🏈 fan? Share with #MadeMeAFanContest for a chance to win. Rules https://t.co/hU3I3wFn5V https://t.co/xZbxUJ…,Positive,88.9294,general,general,,Twitter
Dallas16,Authorized,32.865482,-96.805688,5960 W Northwest Hwy,75225,Fri Oct 21 16:30:28 +0000 2016,First DirecTV now Time Warner. How long before DoJ takes a peek at this? https://t.co/PdGnS1dpQh,Positive,66.7102,directv,general,,Twitter
Dallas16,Authorized,32.865482,-96.805688,5960 W Northwest Hwy,75225,Fri Oct 21 16:29:17 +0000 2016,@SamanthaV_ATT Thanks so much for your support! We love to hear that you had a great time!,Positive,99.6925,general,general,,Twitter
Dallas16,Authorized,32.865482,-96.805688,5960 W Northwest Hwy,75225,Fri Oct 21 16:22:48 +0000 2016,"@ntfb we had so much fun! Thanks for organizing, Molly!  #TUProud #LifeAtATT https://t.co/5hVLoRsoju",Positive,85.6003,general,general,,Twitter
Dallas16,Authorized,32.865482,-96.805688,5960 W Northwest Hwy,75225,Fri Oct 21 16:21:51 +0000 2016,"RT @ATT: Watch the @GreenDay @iHeartRadio Album Release Party Tonight, 9pm ET/PT on AUDIENCE. DIRECTV ch 239/U-verse ch 1114. https://t.co/…",Neutral,59.5550,directv,general,,Twitter
Dallas16,Authorized,32.865482,-96.805688,5960 W Northwest Hwy,75225,Fri Oct 21 16:21:06 +0000 2016,"RT @ATT: Watch the @GreenDay @iHeartRadio Album Release Party Tonight, 9pm ET/PT on AUDIENCE. DIRECTV ch 239/U-verse ch 1114. https://t.co/…",Neutral,59.5550,directv,general,,Twitter
Dallas16,Authorized,32.865482,-96.805688,5960 W Northwest Hwy,75225,Fri Oct 21 16:18:53 +0000 2016,Is AT&amp;T U-Verse down in downtown Dallas? No cable &amp; no internet. #ATT #uverse,Negative,64.1879,uverse,general,,Twitter
Dallas16,Authorized,32.865482,-96.805688,5960 W Northwest Hwy,75225,Fri Oct 21 16:14:49 +0000 2016,RT @DMNBiz: #Breaking: Report: @AT&amp;T and @twxcorp deal could come as early as this weekend https://t.co/voLUIpZ8Ni https://t.co/PaMgHA6U5d,Neutral,53.2293,general,general,,Twitter
Dallas16,Authorized,32.865482,-96.805688,5960 W Northwest Hwy,75225,Fri Oct 21 16:14:43 +0000 2016,AT&amp;T is reportedly in 'advanced talks' to buy Time Warner - The Verge https://t.co/FQUJWe430L,Positive,63.9246,general,general,,Twitter
Dallas16,Authorized,32.865482,-96.805688,5960 W Northwest Hwy,75225,Fri Oct 21 16:10:14 +0000 2016,RT @ATT: Welcome to the team! @taylorswift13 https://t.co/4h86nLYuLo https://t.co/gAHOi7fPrZ,Positive,84.3125,general,general,,Twitter
Dallas16,Authorized,32.865482,-96.805688,5960 W Northwest Hwy,75225,Fri Oct 21 16:08:46 +0000 2016,RT @DMNBiz: #Breaking: Report: @AT&amp;T and @twxcorp deal could come as early as this weekend https://t.co/voLUIpZ8Ni https://t.co/PaMgHA6U5d,Neutral,53.2293,general,general,,Twitter
Dallas16,Authorized,32.865482,-96.805688,5960 W Northwest Hwy,75225,Fri Oct 21 16:08:39 +0000 2016,AT&amp;T said to be “in advanced talks” to purchase Time Warner https://t.co/TH3lyai9s1,Positive,67.0242,general,general,,Twitter
Dallas16,Authorized,32.865482,-96.805688,5960 W Northwest Hwy,75225,Fri Oct 21 16:08:21 +0000 2016,Report: AT&amp;T in talks to buy Time Warner https://t.co/GX8BaAnHwL,Positive,63.9246,general,general,,Twitter
Dallas16,Authorized,32.865482,-96.805688,5960 W Northwest Hwy,75225,Fri Oct 21 16:06:52 +0000 2016,"RT @ATT: Watch the @GreenDay @iHeartRadio Album Release Party Tonight, 9pm ET/PT on AUDIENCE. DIRECTV ch 239/U-verse ch 1114. https://t.co/…",Neutral,59.5550,directv,general,,Twitter
Dallas16,Authorized,32.865482,-96.805688,5960 W Northwest Hwy,75225,Fri Oct 21 16:06:06 +0000 2016,RT @DMNBiz: #Breaking: Report: @AT&amp;T and @twxcorp deal could come as early as this weekend https://t.co/voLUIpZ8Ni https://t.co/PaMgHA6U5d,Neutral,53.2293,general,general,,Twitter
Dallas16,Authorized,32.865482,-96.805688,5960 W Northwest Hwy,75225,Fri Oct 21 16:05:03 +0000 2016,RT @DMNBiz: #Breaking: Report: @AT&amp;T and @twxcorp deal could come as early as this weekend https://t.co/voLUIpZ8Ni https://t.co/PaMgHA6U5d,Neutral,53.2293,general,general,,Twitter
Dallas16,Authorized,32.865482,-96.805688,5960 W Northwest Hwy,75225,Fri Oct 21 16:04:10 +0000 2016,RT @DMNBiz: #Breaking: Report: @AT&amp;T and @twxcorp deal could come as early as this weekend https://t.co/voLUIpZ8Ni https://t.co/PaMgHA6U5d,Neutral,53.2293,general,general,,Twitter
Dallas16,Authorized,32.865482,-96.805688,5960 W Northwest Hwy,75225,Fri Oct 21 16:03:46 +0000 2016,#Breaking: Report: @AT&amp;T and @twxcorp deal could come as early as this weekend https://t.co/voLUIpZ8Ni https://t.co/PaMgHA6U5d,Neutral,53.2293,general,general,,Twitter
Dallas16,Authorized,32.865482,-96.805688,5960 W Northwest Hwy,75225,Fri Oct 21 16:02:27 +0000 2016,@Mguild93 @YouTube I have uverse. Am I missing a step?,Neutral,58.7911,uverse,general,,Twitter
Dallas16,Authorized,32.865482,-96.805688,5960 W Northwest Hwy,75225,Fri Oct 21 16:01:45 +0000 2016,video:... https://t.co/qwZDLWicPv #nsfw #pornvideos #norwegiangirls #norwegianporn,Neutral,59.4820,general,general,,Twitter
Dallas16,Authorized,32.865482,-96.805688,5960 W Northwest Hwy,75225,Fri Oct 21 16:00:04 +0000 2016,There's no breaking up with Rebecca Bunch. @CW_CrazyXGF is back for season 2 tonight at 9/8c on @TheCW. https://t.co/ef09HlZxQ5,Negative,81.7097,general,general,,Twitter
Dallas16,Authorized,32.865482,-96.805688,5960 W Northwest Hwy,75225,Fri Oct 21 15:55:02 +0000 2016,"RT @ATT: Watch the @GreenDay @iHeartRadio Album Release Party Tonight, 9pm ET/PT on AUDIENCE. DIRECTV ch 239/U-verse ch 1114. https://t.co/…",Neutral,59.5550,directv,general,,Twitter
Dallas16,Authorized,32.865482,-96.805688,5960 W Northwest Hwy,75225,Fri Oct 21 15:43:43 +0000 2016,AT&amp;T in 'Advanced Talks' to Acquire CNN and HBO Parent Company Time Warner: AT&amp;T is i... https://t.co/un6GNzqCVx https://t.co/EstJrgd1fu,Neutral,61.8862,general,general,,Twitter
Dallas16,Authorized,32.865482,-96.805688,5960 W Northwest Hwy,75225,Fri Oct 21 15:43:29 +0000 2016,RT @ATT: RT if you’ll be doing the time warp with Frank N. Furter and the gang tonight during @RockyHorrorFOX at 8/7 on @FOXTV. #RockyHorro…,Positive,65.1636,general,general,,Twitter
Dallas16,Authorized,32.865482,-96.805688,5960 W Northwest Hwy,75225,Fri Oct 21 15:39:21 +0000 2016,RT @ATT: Get a sweet deal on the new iPhone 7 when you switch to AT&amp;T and have DIRECTV. https://t.co/TQVeUkmeZ6 https://t.co/zfZmNpe8AP,Positive,98.0584,directv,general,,Twitter
Dallas16,Authorized,32.865482,-96.805688,5960 W Northwest Hwy,75225,Fri Oct 21 15:29:51 +0000 2016,RT @ATT: Welcome to the team! @taylorswift13 https://t.co/4h86nLYuLo https://t.co/gAHOi7fPrZ,Positive,84.3125,general,general,,Twitter
Dallas16,Authorized,32.865482,-96.805688,5960 W Northwest Hwy,75225,Fri Oct 21 15:20:15 +0000 2016,Remember 1975? Me either. Wasn't born. But AT&amp;T was standing for LGBT rights even then. Not surprised.… https://t.co/lEIpQmU3xY,Negative,93.0226,general,general,,Twitter
Dallas16,Authorized,32.865482,-96.805688,5960 W Northwest Hwy,75225,Fri Oct 21 15:10:08 +0000 2016,"RT @bobmagicii: my reason to not use es6+ is old android browsers wont work. think about it, we can actually blame att et al for keeping ja…",Negative,84.4536,general,general,,Twitter
Dallas16,Authorized,32.865482,-96.805688,5960 W Northwest Hwy,75225,Fri Oct 21 15:04:57 +0000 2016,"RT @ATT: Watch the @GreenDay @iHeartRadio Album Release Party Tonight, 9pm ET/PT on AUDIENCE. DIRECTV ch 239/U-verse ch 1114. https://t.co/…",Neutral,59.5550,directv,general,,Twitter
Dallas16,Authorized,32.865482,-96.805688,5960 W Northwest Hwy,75225,Fri Oct 21 15:04:44 +0000 2016,"RT @ATT: Watch the @GreenDay @iHeartRadio Album Release Party Tonight, 9pm ET/PT on AUDIENCE. DIRECTV ch 239/U-verse ch 1114. https://t.co/…",Neutral,59.5550,directv,general,,Twitter
Dallas16,Authorized,32.865482,-96.805688,5960 W Northwest Hwy,75225,Fri Oct 21 15:04:21 +0000 2016,"RT @ATT: Watch the @GreenDay @iHeartRadio Album Release Party Tonight, 9pm ET/PT on AUDIENCE. DIRECTV ch 239/U-verse ch 1114. https://t.co/…",Neutral,59.5550,directv,general,,Twitter
Dallas16,Authorized,32.865482,-96.805688,5960 W Northwest Hwy,75225,Fri Oct 21 15:03:05 +0000 2016,@tbertling Hi there! We'd love to help! Please follow the steps  https://t.co/opzovxsnKJ let us know if this helps! ^JennE,Neutral,62.2160,general,general,,Twitter
Dallas16,Authorized,32.865482,-96.805688,5960 W Northwest Hwy,75225,Fri Oct 21 15:00:31 +0000 2016,AT&amp;T Employees Break Records for Stop Hunger Now #ATTimpact https://t.co/XKdHviYpvV #attemployee https://t.co/TxdKar9oeu,Positive,72.3983,general,general,,Twitter
Dallas16,Authorized,32.865482,-96.805688,5960 W Northwest Hwy,75225,Fri Oct 21 14:58:14 +0000 2016,"""Ain't nothing but a G thing, baby!"" 5Gs that is. https://t.co/Fr2Ncnjenu #attemployee https://t.co/41el1uAol4",Neutral,52.4497,general,general,,Twitter
Dallas16,Authorized,32.865482,-96.805688,5960 W Northwest Hwy,75225,Fri Oct 21 14:58:09 +0000 2016,AT&amp;T Employees Break Records for Stop Hunger Now #ATTimpact https://t.co/mXJuVZGBWM #attemployee https://t.co/Kj7BaOnS3t,Positive,72.3983,general,general,,Twitter
Dallas16,Authorized,32.865482,-96.805688,5960 W Northwest Hwy,75225,Fri Oct 21 14:43:02 +0000 2016,"RT @bobmagicii: my reason to not use es6+ is old android browsers wont work. think about it, we can actually blame att et al for keeping ja…",Negative,84.4536,general,general,,Twitter
Dallas16,Authorized,32.865482,-96.805688,5960 W Northwest Hwy,75225,Fri Oct 21 14:42:24 +0000 2016,"RT @RickTweetTweet: Women in Tech Q&amp;A: Kay Kapoor - President, AT&amp;T Global Business-Public Sector #WomeninTech #LifeAtATT https://t.co/SRsJ…",Neutral,50.0000,general,general,,Twitter
Dallas16,Authorized,32.865482,-96.805688,5960 W Northwest Hwy,75225,Fri Oct 21 14:38:37 +0000 2016,"RT @ATT: Watch the @GreenDay @iHeartRadio Album Release Party Tonight, 9pm ET/PT on AUDIENCE. DIRECTV ch 239/U-verse ch 1114. https://t.co/…",Neutral,59.5550,directv,general,,Twitter
Dallas16,Authorized,32.865482,-96.805688,5960 W Northwest Hwy,75225,Fri Oct 21 14:37:45 +0000 2016,RT @ATT: Welcome to the team! @taylorswift13 https://t.co/4h86nLYuLo https://t.co/gAHOi7fPrZ,Positive,84.3125,general,general,,Twitter
Dallas16,Authorized,32.865482,-96.805688,5960 W Northwest Hwy,75225,Fri Oct 21 14:20:36 +0000 2016,RT @attJOBS: Curious why our employees love #LifeAtATT? Take a look: https://t.co/B7CTVa4b41 #GHC16 #ATTatGHC16 https://t.co/Var5AH1eWP,Positive,70.8393,general,general,,Twitter
Dallas16,Authorized,32.865482,-96.805688,5960 W Northwest Hwy,75225,Fri Oct 21 14:16:06 +0000 2016,RT @attJOBS: Curious why our employees love #LifeAtATT? Take a look: https://t.co/B7CTVa4b41 #GHC16 #ATTatGHC16 https://t.co/Var5AH1eWP,Positive,70.8393,general,general,,Twitter
Dallas16,Authorized,32.865482,-96.805688,5960 W Northwest Hwy,75225,Fri Oct 21 14:15:33 +0000 2016,RT @attJOBS: Curious why our employees love #LifeAtATT? Take a look: https://t.co/B7CTVa4b41 #GHC16 #ATTatGHC16 https://t.co/Var5AH1eWP,Positive,70.8393,general,general,,Twitter
Dallas16,Authorized,32.865482,-96.805688,5960 W Northwest Hwy,75225,Fri Oct 21 14:15:03 +0000 2016,Curious why our employees love #LifeAtATT? Take a look: https://t.co/B7CTVa4b41 #GHC16 #ATTatGHC16 https://t.co/Var5AH1eWP,Positive,70.8393,general,general,,Twitter
Dallas16,Authorized,32.865482,-96.805688,5960 W Northwest Hwy,75225,Fri Oct 21 14:14:59 +0000 2016,@WALKING33308699 You can always check the status of your application at https://t.co/Mmcz1mU5IM,Neutral,51.1607,general,general,,Twitter
Dallas16,Authorized,32.865482,-96.805688,5960 W Northwest Hwy,75225,Fri Oct 21 14:02:57 +0000 2016,What’s different about 5G than previous “G’s”? https://t.co/XlcCCSdote #attemployee https://t.co/ateRpmwCPC,Positive,62.7362,general,general,,Twitter
Dallas16,Authorized,32.865482,-96.805688,5960 W Northwest Hwy,75225,Fri Oct 21 14:02:37 +0000 2016,RT @attJOBS: Last year we donated $1M to @GirlsWhoCode &amp; the future careers of women technologists everywhere! #GHC16 https://t.co/rKDF99f5…,Positive,98.7368,general,general,,Twitter
Dallas16,Authorized,32.865482,-96.805688,5960 W Northwest Hwy,75225,Fri Oct 21 13:39:07 +0000 2016,RT @ATT: Welcome to the team! @taylorswift13 https://t.co/4h86nLYuLo https://t.co/gAHOi7fPrZ,Positive,84.3125,general,general,,Twitter
Dallas16,Authorized,32.865482,-96.805688,5960 W Northwest Hwy,75225,Fri Oct 21 13:35:41 +0000 2016,RT @attJOBS: Last year we donated $1M to @GirlsWhoCode &amp; the future careers of women technologists everywhere! #GHC16 https://t.co/rKDF99f5…,Positive,98.7368,general,general,,Twitter
Dallas16,Authorized,32.865482,-96.805688,5960 W Northwest Hwy,75225,Fri Oct 21 13:31:37 +0000 2016,Telework can provide opportunity to reduce outlays on office space &amp; other costs https://t.co/ZnDYPDPKEW #voip #attemployee,Negative,80.0052,general,general,,Twitter
Dallas16,Authorized,32.865482,-96.805688,5960 W Northwest Hwy,75225,Fri Oct 21 13:28:35 +0000 2016,RT @ATT: Welcome to the team! @taylorswift13 https://t.co/4h86nLYuLo https://t.co/gAHOi7fPrZ,Positive,84.3125,general,general,,Twitter
Dallas16,Authorized,32.865482,-96.805688,5960 W Northwest Hwy,75225,Fri Oct 21 13:25:08 +0000 2016,RT @ATT: Get a sweet deal on the new iPhone 7 when you switch to AT&amp;T and have DIRECTV. https://t.co/TQVeUkmeZ6 https://t.co/zfZmNpe8AP,Positive,98.0584,directv,general,,Twitter
Dallas16,Authorized,32.865482,-96.805688,5960 W Northwest Hwy,75225,Fri Oct 21 13:23:45 +0000 2016,Secrets of Innovation from a Top Inventor https://t.co/F2oirGLlP2 #attemployee https://t.co/07rAKK6wk9,Positive,68.9060,general,general,,Twitter
Dallas16,Authorized,32.865482,-96.805688,5960 W Northwest Hwy,75225,Fri Oct 21 13:23:41 +0000 2016,AT&amp;T Employees Break Records for Stop Hunger Now #ATTimpact https://t.co/4oXSoKwDpl #attemployee https://t.co/cEDLAHMvnr,Positive,72.3983,general,general,,Twitter
Dallas16,Authorized,32.865482,-96.805688,5960 W Northwest Hwy,75225,Fri Oct 21 13:23:39 +0000 2016,AT&amp;T and Ericsson demonstrate 5G network capabilities at Texas Wireless Summit https://t.co/3wt8yme7FQ #attemployee https://t.co/OpGhvPCOo3,Neutral,50.0000,general,general,,Twitter
Dallas16,Authorized,32.865482,-96.805688,5960 W Northwest Hwy,75225,Fri Oct 21 13:23:30 +0000 2016,AT&amp;T Along For The Ride With Red Bull Racing https://t.co/IFf0p66KsA #attemployee https://t.co/QDZyg7BcbZ,Positive,96.7977,general,general,,Twitter
Dallas16,Authorized,32.865482,-96.805688,5960 W Northwest Hwy,75225,Fri Oct 21 13:23:26 +0000 2016,New #IoT Security Guidelines from the Dept of Homeland Security https://t.co/rU7Kax626Y #attemployee https://t.co/noAE3ycqHl,Neutral,60.0528,general,general,,Twitter
Dallas16,Authorized,32.865482,-96.805688,5960 W Northwest Hwy,75225,Fri Oct 21 13:14:12 +0000 2016,RT @ATT: Welcome to the team! @taylorswift13 https://t.co/4h86nLYuLo https://t.co/gAHOi7fPrZ,Positive,84.3125,general,general,,Twitter
Dallas16,Authorized,32.865482,-96.805688,5960 W Northwest Hwy,75225,Fri Oct 21 12:46:25 +0000 2016,@junior_miller DIRECTV has an awesome pic in pic feature. You can split screen or go old school big and little. Excellent for sports watch.,Positive,98.9085,directv,general,,Twitter
Dallas16,Authorized,32.865482,-96.805688,5960 W Northwest Hwy,75225,Fri Oct 21 12:01:34 +0000 2016,RT @KenKalthoffNBC5: Small Dallas Arts Groups Seek Funding from Bond Referendum https://t.co/SZO0KgIfBT,Neutral,56.6365,general,general,,Twitter
