Dallas7,Corporate,32.8957338,-96.8079243,5959 Royal Lane,75230,Sun Oct 23 00:23:21 +0000 2016,RT @ATT: The #futureofvideo is mobile and the #futureofmobile is video. Time Warner + AT&amp;T make it happen! @twxcorp https://t.co/GKx4U9TQYg,Neutral,56.0321,general,general,,Twitter
Dallas7,Corporate,32.8957338,-96.8079243,5959 Royal Lane,75230,Sun Oct 23 00:23:15 +0000 2016,RT @ATT: The #futureofvideo is mobile and the #futureofmobile is video. Time Warner + AT&amp;T make it happen! @twxcorp https://t.co/GKx4U9TQYg,Neutral,56.0321,general,general,,Twitter
Dallas7,Corporate,32.8957338,-96.8079243,5959 Royal Lane,75230,Sun Oct 23 00:23:15 +0000 2016,RT @dmburrows: When Yahoo is worth maybe $3b and a company which can't even show up to your house on the right day is worth $85b good luck…,Negative,98.5085,general,general,,Twitter
Dallas7,Corporate,32.8957338,-96.8079243,5959 Royal Lane,75230,Sun Oct 23 00:23:07 +0000 2016,CBS Dallas: AT&amp;T Buying HBO And CNN Owner Time Warner For $85.4 Billion https://t.co/t1cju9DNu3 #dallas,Positive,79.5091,general,general,,Twitter
Dallas7,Corporate,32.8957338,-96.8079243,5959 Royal Lane,75230,Sun Oct 23 00:22:36 +0000 2016,When Yahoo is worth maybe $3b and a company which can't even show up to your house on the right day is worth $85b g… https://t.co/obFMAf9fV5,Negative,98.2815,general,general,,Twitter
Dallas7,Corporate,32.8957338,-96.8079243,5959 Royal Lane,75230,Sun Oct 23 00:22:02 +0000 2016,RT @ATT: The #futureofvideo is mobile and the #futureofmobile is video. Time Warner + AT&amp;T make it happen! @twxcorp https://t.co/GKx4U9TQYg,Neutral,56.0321,general,general,,Twitter
Dallas7,Corporate,32.8957338,-96.8079243,5959 Royal Lane,75230,Sun Oct 23 00:21:56 +0000 2016,RT @ATT: The #futureofvideo is mobile and the #futureofmobile is video. Time Warner + AT&amp;T make it happen! @twxcorp https://t.co/GKx4U9TQYg,Neutral,56.0321,general,general,,Twitter
Dallas7,Corporate,32.8957338,-96.8079243,5959 Royal Lane,75230,Sun Oct 23 00:20:43 +0000 2016,"AT&amp;T to buy Time Warner for $85.4 billion - After no small amount of anticipation, it's official: AT&amp;amp;T has ... https://t.co/dAfqqxfF93",Neutral,52.8582,general,general,,Twitter
Dallas7,Corporate,32.8957338,-96.8079243,5959 Royal Lane,75230,Sun Oct 23 00:20:38 +0000 2016,RT @ATT: The #futureofvideo is mobile and the #futureofmobile is video. Time Warner + AT&amp;T make it happen! @twxcorp https://t.co/GKx4U9TQYg,Neutral,56.0321,general,general,,Twitter
Dallas7,Corporate,32.8957338,-96.8079243,5959 Royal Lane,75230,Sun Oct 23 00:20:32 +0000 2016,RT @ATT: The #futureofvideo is mobile and the #futureofmobile is video. Time Warner + AT&amp;T make it happen! @twxcorp https://t.co/GKx4U9TQYg,Neutral,56.0321,general,general,,Twitter
Dallas7,Corporate,32.8957338,-96.8079243,5959 Royal Lane,75230,Sun Oct 23 00:20:20 +0000 2016,AT&amp;T Buying HBO And CNN Owner Time Warner For $85.4 Billion https://t.co/niujxGXCUA #DFW,Positive,79.5091,general,general,,Twitter
Dallas7,Corporate,32.8957338,-96.8079243,5959 Royal Lane,75230,Sun Oct 23 00:20:06 +0000 2016,RT @ATT: The #futureofvideo is mobile and the #futureofmobile is video. Time Warner + AT&amp;T make it happen! @twxcorp https://t.co/GKx4U9TQYg,Neutral,56.0321,general,general,,Twitter
Dallas7,Corporate,32.8957338,-96.8079243,5959 Royal Lane,75230,Sun Oct 23 00:19:38 +0000 2016,RT @ATT: The #futureofvideo is mobile and the #futureofmobile is video. Time Warner + AT&amp;T make it happen! @twxcorp https://t.co/GKx4U9TQYg,Neutral,56.0321,general,general,,Twitter
Dallas7,Corporate,32.8957338,-96.8079243,5959 Royal Lane,75230,Sun Oct 23 00:19:38 +0000 2016,RT @ATT: The #futureofvideo is mobile and the #futureofmobile is video. Time Warner + AT&amp;T make it happen! @twxcorp https://t.co/GKx4U9TQYg,Neutral,56.0321,general,general,,Twitter
Dallas7,Corporate,32.8957338,-96.8079243,5959 Royal Lane,75230,Sun Oct 23 00:19:30 +0000 2016,RT @ATT: The #futureofvideo is mobile and the #futureofmobile is video. Time Warner + AT&amp;T make it happen! @twxcorp https://t.co/GKx4U9TQYg,Neutral,56.0321,general,general,,Twitter
Dallas7,Corporate,32.8957338,-96.8079243,5959 Royal Lane,75230,Sun Oct 23 00:19:21 +0000 2016,RT @ATT: The #futureofvideo is mobile and the #futureofmobile is video. Time Warner + AT&amp;T make it happen! @twxcorp https://t.co/GKx4U9TQYg,Neutral,56.0321,general,general,,Twitter
Dallas7,Corporate,32.8957338,-96.8079243,5959 Royal Lane,75230,Sun Oct 23 00:19:21 +0000 2016,RT @ATT: The #futureofvideo is mobile and the #futureofmobile is video. Time Warner + AT&amp;T make it happen! @twxcorp https://t.co/GKx4U9TQYg,Neutral,56.0321,general,general,,Twitter
Dallas7,Corporate,32.8957338,-96.8079243,5959 Royal Lane,75230,Sun Oct 23 00:18:48 +0000 2016,RT @ATT: Welcome to the team! @taylorswift13 https://t.co/4h86nLYuLo https://t.co/gAHOi7fPrZ,Positive,84.3125,general,general,,Twitter
Dallas7,Corporate,32.8957338,-96.8079243,5959 Royal Lane,75230,Sun Oct 23 00:18:00 +0000 2016,RT @ATT: The #futureofvideo is mobile and the #futureofmobile is video. Time Warner + AT&amp;T make it happen! @twxcorp https://t.co/GKx4U9TQYg,Neutral,56.0321,general,general,,Twitter
Dallas7,Corporate,32.8957338,-96.8079243,5959 Royal Lane,75230,Sun Oct 23 00:18:00 +0000 2016,RT @ATT: The #futureofvideo is mobile and the #futureofmobile is video. Time Warner + AT&amp;T make it happen! @twxcorp https://t.co/GKx4U9TQYg,Neutral,56.0321,general,general,,Twitter
Dallas7,Corporate,32.8957338,-96.8079243,5959 Royal Lane,75230,Sun Oct 23 00:17:35 +0000 2016,RT @ATT: The #futureofvideo is mobile and the #futureofmobile is video. Time Warner + AT&amp;T make it happen! @twxcorp https://t.co/GKx4U9TQYg,Neutral,56.0321,general,general,,Twitter
Dallas7,Corporate,32.8957338,-96.8079243,5959 Royal Lane,75230,Sun Oct 23 00:17:25 +0000 2016,RT @ATT: The #futureofvideo is mobile and the #futureofmobile is video. Time Warner + AT&amp;T make it happen! @twxcorp https://t.co/GKx4U9TQYg,Neutral,56.0321,general,general,,Twitter
Dallas7,Corporate,32.8957338,-96.8079243,5959 Royal Lane,75230,Sun Oct 23 00:16:59 +0000 2016,RT @ATT: The #futureofvideo is mobile and the #futureofmobile is video. Time Warner + AT&amp;T make it happen! @twxcorp https://t.co/GKx4U9TQYg,Neutral,56.0321,general,general,,Twitter
Dallas7,Corporate,32.8957338,-96.8079243,5959 Royal Lane,75230,Sun Oct 23 00:16:46 +0000 2016,AT&amp;T to buy Time Warner in media mega-deal WOAH  https://t.co/AjuXvhPzEq,Positive,63.9246,general,general,,Twitter
Dallas7,Corporate,32.8957338,-96.8079243,5959 Royal Lane,75230,Sun Oct 23 00:16:31 +0000 2016,RT @ATT: The #futureofvideo is mobile and the #futureofmobile is video. Time Warner + AT&amp;T make it happen! @twxcorp https://t.co/GKx4U9TQYg,Neutral,56.0321,general,general,,Twitter
Dallas7,Corporate,32.8957338,-96.8079243,5959 Royal Lane,75230,Sun Oct 23 00:16:04 +0000 2016,RT @ATT: The #futureofvideo is mobile and the #futureofmobile is video. Time Warner + AT&amp;T make it happen! @twxcorp https://t.co/GKx4U9TQYg,Neutral,56.0321,general,general,,Twitter
Dallas7,Corporate,32.8957338,-96.8079243,5959 Royal Lane,75230,Sun Oct 23 00:15:51 +0000 2016,RT @ATT: The #futureofvideo is mobile and the #futureofmobile is video. Time Warner + AT&amp;T make it happen! @twxcorp https://t.co/GKx4U9TQYg,Neutral,56.0321,general,general,,Twitter
Dallas7,Corporate,32.8957338,-96.8079243,5959 Royal Lane,75230,Sun Oct 23 00:15:43 +0000 2016,RT @ATT: The #futureofvideo is mobile and the #futureofmobile is video. Time Warner + AT&amp;T make it happen! @twxcorp https://t.co/GKx4U9TQYg,Neutral,56.0321,general,general,,Twitter
Dallas7,Corporate,32.8957338,-96.8079243,5959 Royal Lane,75230,Sun Oct 23 00:15:41 +0000 2016,RT @ATT: The #futureofvideo is mobile and the #futureofmobile is video. Time Warner + AT&amp;T make it happen! @twxcorp https://t.co/GKx4U9TQYg,Neutral,56.0321,general,general,,Twitter
Dallas7,Corporate,32.8957338,-96.8079243,5959 Royal Lane,75230,Sun Oct 23 00:15:34 +0000 2016,RT @ATT: The #futureofvideo is mobile and the #futureofmobile is video. Time Warner + AT&amp;T make it happen! @twxcorp https://t.co/GKx4U9TQYg,Neutral,56.0321,general,general,,Twitter
Dallas7,Corporate,32.8957338,-96.8079243,5959 Royal Lane,75230,Sun Oct 23 00:15:18 +0000 2016,RT @ATT: The #futureofvideo is mobile and the #futureofmobile is video. Time Warner + AT&amp;T make it happen! @twxcorp https://t.co/GKx4U9TQYg,Neutral,56.0321,general,general,,Twitter
Dallas7,Corporate,32.8957338,-96.8079243,5959 Royal Lane,75230,Sun Oct 23 00:15:18 +0000 2016,RT @ATT: The #futureofvideo is mobile and the #futureofmobile is video. Time Warner + AT&amp;T make it happen! @twxcorp https://t.co/GKx4U9TQYg,Neutral,56.0321,general,general,,Twitter
Dallas7,Corporate,32.8957338,-96.8079243,5959 Royal Lane,75230,Sun Oct 23 00:15:09 +0000 2016,RT @ATT: The #futureofvideo is mobile and the #futureofmobile is video. Time Warner + AT&amp;T make it happen! @twxcorp https://t.co/GKx4U9TQYg,Neutral,56.0321,general,general,,Twitter
Dallas7,Corporate,32.8957338,-96.8079243,5959 Royal Lane,75230,Sun Oct 23 00:15:04 +0000 2016,RT @ATT: The #futureofvideo is mobile and the #futureofmobile is video. Time Warner + AT&amp;T make it happen! @twxcorp https://t.co/GKx4U9TQYg,Neutral,56.0321,general,general,,Twitter
Dallas7,Corporate,32.8957338,-96.8079243,5959 Royal Lane,75230,Sun Oct 23 00:14:43 +0000 2016,The #futureofvideo is mobile and the #futureofmobile is video. Time Warner + AT&amp;T make it happen! @twxcorp https://t.co/GKx4U9TQYg,Neutral,56.0321,general,general,,Twitter
Dallas7,Corporate,32.8957338,-96.8079243,5959 Royal Lane,75230,Sun Oct 23 00:11:33 +0000 2016,AT&amp;T buys Time Warner for $85 billion https://t.co/RFdmMHP8Gy,Positive,63.9246,general,general,,Twitter
Dallas7,Corporate,32.8957338,-96.8079243,5959 Royal Lane,75230,Sun Oct 23 00:11:24 +0000 2016,"""Regulatory Microscope Lies Ahead for AT&amp;T and Time Warner"" by LESLIE PICKER and CECILIA KANG via NYT The New York… https://t.co/71LBlPLeSl",Positive,82.9705,general,general,,Twitter
Dallas7,Corporate,32.8957338,-96.8079243,5959 Royal Lane,75230,Sun Oct 23 00:06:38 +0000 2016,"RT @DMNBiz: New media agency @Hearts_Science lands @ATT, opens shop in Dallas and plans to employ 100 people https://t.co/DFRmKVwrSP @mitch…",Neutral,56.5613,general,general,,Twitter
Dallas7,Corporate,32.8957338,-96.8079243,5959 Royal Lane,75230,Sun Oct 23 00:05:47 +0000 2016,"New media agency @Hearts_Science lands @ATT, opens shop in Dallas and plans to employ 100 people… https://t.co/YLnZeoEjzL",Neutral,58.3314,general,general,,Twitter
Dallas7,Corporate,32.8957338,-96.8079243,5959 Royal Lane,75230,Sun Oct 23 00:05:04 +0000 2016,Confirmed: AT&amp;T is buying Time Warner for $85.4B in cash and shares https://t.co/xBspqZpbXD,Positive,70.5633,general,general,,Twitter
Dallas7,Corporate,32.8957338,-96.8079243,5959 Royal Lane,75230,Sun Oct 23 00:04:10 +0000 2016,RT @DomTalksTalent: Wait for it..... https://t.co/wQPsQ0wp14,Negative,92.4300,general,general,,Twitter
Dallas7,Corporate,32.8957338,-96.8079243,5959 Royal Lane,75230,Sun Oct 23 00:04:01 +0000 2016,"AT&amp;T to buy Time Warner for $85.4 billion - After no small amount of anticipation, it's official: AT&amp;amp;T has ... https://t.co/i5hkoffgXi",Neutral,52.8582,general,general,,Twitter
Dallas7,Corporate,32.8957338,-96.8079243,5959 Royal Lane,75230,Sun Oct 23 00:02:50 +0000 2016,Dallas Business News Donald Trump says he would block AT&amp;T-Time Warner merger if elected https://t.co/LytPLpRcEE,Positive,79.0191,general,general,,Twitter
Dallas7,Corporate,32.8957338,-96.8079243,5959 Royal Lane,75230,Sun Oct 23 00:01:04 +0000 2016,RT @ATT: Welcome to the team! @taylorswift13 https://t.co/4h86nLYuLo https://t.co/gAHOi7fPrZ,Positive,84.3125,general,general,,Twitter
Dallas7,Corporate,32.8957338,-96.8079243,5959 Royal Lane,75230,Sat Oct 22 23:55:51 +0000 2016,RT @ATT: Welcome to the team! @taylorswift13 https://t.co/4h86nLYuLo https://t.co/gAHOi7fPrZ,Positive,84.3125,general,general,,Twitter
Dallas7,Corporate,32.8957338,-96.8079243,5959 Royal Lane,75230,Sat Oct 22 23:54:47 +0000 2016,AT&amp;T clinches deal for Time Warner in the latest massive media merger https://t.co/fuAHe4X7E0,Positive,72.0624,general,general,,Twitter
Dallas7,Corporate,32.8957338,-96.8079243,5959 Royal Lane,75230,Sat Oct 22 23:51:53 +0000 2016,ATT to buy time warner for more than $80 billion - https://t.co/LQXVJQOC6x via @WSJ,Positive,71.0501,general,general,,Twitter
Dallas7,Corporate,32.8957338,-96.8079243,5959 Royal Lane,75230,Sat Oct 22 23:50:52 +0000 2016,"The Streaming TV Game just got real #ATT #atttimewarner 
https://t.co/Yg84Ly4sly",Neutral,55.4454,general,general,,Twitter
Dallas7,Corporate,32.8957338,-96.8079243,5959 Royal Lane,75230,Sat Oct 22 23:50:50 +0000 2016,RT @ATT: Who made you a college 🏈 fan? Share with #MadeMeAFanContest for a chance to win. Rules https://t.co/hU3I3wFn5V https://t.co/xZbxUJ…,Positive,88.9294,general,general,,Twitter
Dallas7,Corporate,32.8957338,-96.8079243,5959 Royal Lane,75230,Sat Oct 22 23:50:22 +0000 2016,RT @tweetdal: WSJ: AT&amp;T Reaches Deal To Purchase Time Warner For $80 Billion https://t.co/uMRJOUduRM #DFW,Positive,72.0624,general,general,,Twitter
Dallas7,Corporate,32.8957338,-96.8079243,5959 Royal Lane,75230,Sat Oct 22 23:48:59 +0000 2016,"If @ATT acquires @cnn, I am likely cancelling all of my personal and business accounts. #atttimewarner",Positive,99.6014,general,general,,Twitter
Dallas7,Corporate,32.8957338,-96.8079243,5959 Royal Lane,75230,Sat Oct 22 23:46:52 +0000 2016,"RT @attJOBS: When you start at AT&amp;T, the possibilities are endless! Explore your options: https://t.co/mrhpKx06eW #LifeAtATT https://t.co/4…",Negative,94.7627,general,general,,Twitter
Dallas7,Corporate,32.8957338,-96.8079243,5959 Royal Lane,75230,Sat Oct 22 23:46:13 +0000 2016,@nytimes @DBL_L_01 Because that DirecTV deal is working out so well for them,Positive,89.2478,directv,general,,Twitter
Dallas7,Corporate,32.8957338,-96.8079243,5959 Royal Lane,75230,Sat Oct 22 23:41:08 +0000 2016,Dallas based AT&amp;T reaches deal to buy Time Warner for more than $80 Billion https://t.co/5nmDOeRuGz,Positive,78.1304,general,general,,Twitter
Dallas7,Corporate,32.8957338,-96.8079243,5959 Royal Lane,75230,Sat Oct 22 23:38:40 +0000 2016,"#Dallas #Jobs (USA-TX-Dallas) Senior Tech Project Mgmt: -[if gte mso 9]&gt;[endif]-&gt;

*DirecTV Job Title(s)**-... https://t.co/T3YTK0kmjw",Neutral,53.7271,directv,general,,Twitter
Dallas7,Corporate,32.8957338,-96.8079243,5959 Royal Lane,75230,Sat Oct 22 23:38:37 +0000 2016,"#Job #Dallas (USA-TX-Dallas) Senior Tech Project Mgmt: -[if gte mso 9]&gt;[endif]-&gt;

*DirecTV Job Title(s)**-*... https://t.co/DWfCEIOtqq",Neutral,53.7271,directv,general,,Twitter
Dallas7,Corporate,32.8957338,-96.8079243,5959 Royal Lane,75230,Sat Oct 22 23:35:16 +0000 2016,Wait for it..... https://t.co/wQPsQ0wp14,Negative,92.4300,general,general,,Twitter
Dallas7,Corporate,32.8957338,-96.8079243,5959 Royal Lane,75230,Sat Oct 22 23:35:01 +0000 2016,@ATT WHY DO I HAVE NO SERVICE IN MY APARTMENT!!! https://t.co/dPyPTDRcGr,Negative,95.4706,general,general,,Twitter
Dallas7,Corporate,32.8957338,-96.8079243,5959 Royal Lane,75230,Sat Oct 22 23:33:14 +0000 2016,"@EliteTravelGal Enjoy your new gear, Stacy! 😍 https://t.co/GodmaxF4Xq",Positive,67.4207,general,general,,Twitter
Dallas7,Corporate,32.8957338,-96.8079243,5959 Royal Lane,75230,Sat Oct 22 23:31:28 +0000 2016,"RT @ATT: Watch the @GreenDay @iHeartRadio Album Release Party Tonight, 9pm ET/PT on AUDIENCE. DIRECTV ch 239/U-verse ch 1114. https://t.co/…",Neutral,59.5550,directv,general,,Twitter
Dallas7,Corporate,32.8957338,-96.8079243,5959 Royal Lane,75230,Sat Oct 22 23:28:55 +0000 2016,RT @john_verdes: 5 line port from ATT at Brightstar on Illinois ave! #SprintSaysThanks https://t.co/5EjbWOWkY8,Positive,73.9466,general,general,,Twitter
Dallas7,Corporate,32.8957338,-96.8079243,5959 Royal Lane,75230,Sat Oct 22 23:24:06 +0000 2016,"@JeffWeber11 We are working to add this programming, please check back again soon.",Neutral,52.9093,general,general,,Twitter
Dallas7,Corporate,32.8957338,-96.8079243,5959 Royal Lane,75230,Sat Oct 22 23:19:58 +0000 2016,RT @ATT: Welcome to the team! @taylorswift13 https://t.co/4h86nLYuLo https://t.co/gAHOi7fPrZ,Positive,84.3125,general,general,,Twitter
Dallas7,Corporate,32.8957338,-96.8079243,5959 Royal Lane,75230,Sat Oct 22 23:15:38 +0000 2016,The fact that @ATT maybe merging with @TWC makes me infuriated. AT&amp;T is a garbage company constantly crashing &amp; slow. #atttimewarner,Negative,84.0205,general,general,,Twitter
Dallas7,Corporate,32.8957338,-96.8079243,5959 Royal Lane,75230,Sat Oct 22 23:14:24 +0000 2016,RT @ATT: Welcome to the team! @taylorswift13 https://t.co/4h86nLYuLo https://t.co/gAHOi7fPrZ,Positive,84.3125,general,general,,Twitter
Dallas7,Corporate,32.8957338,-96.8079243,5959 Royal Lane,75230,Sat Oct 22 23:07:35 +0000 2016,"RT @dmoer: @JasonWhitely @ATT @nytimes People, Time Warner isn't the Cable company. It's the media company (e.g. CNN, HBO, etc)",Negative,69.2080,general,general,,Twitter
Dallas7,Corporate,32.8957338,-96.8079243,5959 Royal Lane,75230,Sat Oct 22 23:06:17 +0000 2016,"@JasonWhitely @ATT @nytimes People, Time Warner isn't the Cable company. It's the media company (e.g. CNN, HBO, etc)",Negative,69.2080,general,general,,Twitter
Dallas7,Corporate,32.8957338,-96.8079243,5959 Royal Lane,75230,Sat Oct 22 23:05:58 +0000 2016,"ICYMI: Dallas-based @ATT, TimeWarner (@twxcorp) discussed a takeover in recent weeks https://t.co/oHHLVaAY0m  $twx… https://t.co/1oj8FUdp2S",Neutral,57.9360,general,general,,Twitter
Dallas7,Corporate,32.8957338,-96.8079243,5959 Royal Lane,75230,Sat Oct 22 23:03:19 +0000 2016,RT @john_verdes: 5 line port from ATT at Brightstar on Illinois ave! #SprintSaysThanks https://t.co/5EjbWOWkY8,Positive,73.9466,general,general,,Twitter
Dallas7,Corporate,32.8957338,-96.8079243,5959 Royal Lane,75230,Sat Oct 22 23:01:36 +0000 2016,"RT @ATT: Watch the @GreenDay @iHeartRadio Album Release Party Tonight, 9pm ET/PT on AUDIENCE. DIRECTV ch 239/U-verse ch 1114. https://t.co/…",Neutral,59.5550,directv,general,,Twitter
Dallas7,Corporate,32.8957338,-96.8079243,5959 Royal Lane,75230,Sat Oct 22 22:59:36 +0000 2016,"RT @theblaze: Report: AT&amp;T wants to buy Time Warner in $80 billion mega-deal
https://t.co/QEDAC95J1T https://t.co/ChTnEiekcu",Positive,63.9246,general,general,,Twitter
Dallas7,Corporate,32.8957338,-96.8079243,5959 Royal Lane,75230,Sat Oct 22 22:55:34 +0000 2016,AT&amp;T to buy Time Warner for $86 billion https://t.co/1SJCFgrTFx #bigdata #AI #Watson https://t.co/KFcttuHAXR,Positive,63.9246,general,general,,Twitter
Dallas7,Corporate,32.8957338,-96.8079243,5959 Royal Lane,75230,Sat Oct 22 22:46:49 +0000 2016,AT&amp;T Has Reached a Deal to Acquire Time Warner. Now What? https://t.co/D76VuBULw1,Positive,72.8812,general,general,,Twitter
Dallas7,Corporate,32.8957338,-96.8079243,5959 Royal Lane,75230,Sat Oct 22 22:36:58 +0000 2016,My @Uverse DVR was unceremoniously updated this morning as I watched. Black hat or preemptive patch update after yesterday. Hmm.,Negative,85.2941,uverse,general,,Twitter
Dallas7,Corporate,32.8957338,-96.8079243,5959 Royal Lane,75230,Sat Oct 22 22:30:35 +0000 2016,RT @john_verdes: 5 line port from ATT at Brightstar on Illinois ave! #SprintSaysThanks https://t.co/5EjbWOWkY8,Positive,73.9466,general,general,,Twitter
Dallas7,Corporate,32.8957338,-96.8079243,5959 Royal Lane,75230,Sat Oct 22 22:27:00 +0000 2016,"RT @ATT: Watch the @GreenDay @iHeartRadio Album Release Party Tonight, 9pm ET/PT on AUDIENCE. DIRECTV ch 239/U-verse ch 1114. https://t.co/…",Neutral,59.5550,directv,general,,Twitter
Dallas7,Corporate,32.8957338,-96.8079243,5959 Royal Lane,75230,Sat Oct 22 22:20:05 +0000 2016,AT&amp;T strikes blockbuster deal to buy Time Warner for more than $80 billion https://t.co/BbBQMUALyo,Positive,87.3015,general,general,,Twitter
Dallas7,Corporate,32.8957338,-96.8079243,5959 Royal Lane,75230,Sat Oct 22 22:19:09 +0000 2016,RT @ATT: Welcome to the team! @taylorswift13 https://t.co/4h86nLYuLo https://t.co/gAHOi7fPrZ,Positive,84.3125,general,general,,Twitter
Dallas7,Corporate,32.8957338,-96.8079243,5959 Royal Lane,75230,Sat Oct 22 22:15:53 +0000 2016,RT @ATT: Get a sweet deal on the new iPhone 7 when you switch to AT&amp;T and have DIRECTV. https://t.co/TQVeUkmeZ6 https://t.co/zfZmNpe8AP,Positive,98.0584,directv,general,,Twitter
Dallas7,Corporate,32.8957338,-96.8079243,5959 Royal Lane,75230,Sat Oct 22 22:15:15 +0000 2016,@launchany @fields @ATT how likely is this to be approved,Negative,72.2143,general,general,,Twitter
Dallas7,Corporate,32.8957338,-96.8079243,5959 Royal Lane,75230,Sat Oct 22 22:06:09 +0000 2016,"AT&amp;T Wants To Buy Time Warner, Sources Say https://t.co/g0vcp8RuSd https://t.co/Zi1qhakwoZ",Neutral,59.3427,general,general,,Twitter
Dallas7,Corporate,32.8957338,-96.8079243,5959 Royal Lane,75230,Sat Oct 22 22:03:17 +0000 2016,AT&amp;T agrees to buy Time Warner for $80 billion https://t.co/wJ3JNUnO2z,Positive,63.9246,general,general,,Twitter
Dallas7,Corporate,32.8957338,-96.8079243,5959 Royal Lane,75230,Sat Oct 22 22:02:23 +0000 2016,AT&amp;T Can't Admit That Google Fiber is Forcing it to Compete https://t.co/15AMlLaziC,Neutral,60.1629,fiber,general,,Twitter
Dallas7,Corporate,32.8957338,-96.8079243,5959 Royal Lane,75230,Sat Oct 22 22:00:25 +0000 2016,I hope this is NOT TRUE! I've had nothing but ISSUES with ATT! https://t.co/9ygfgRBXF2,Negative,91.4952,general,general,,Twitter
Dallas7,Corporate,32.8957338,-96.8079243,5959 Royal Lane,75230,Sat Oct 22 22:00:08 +0000 2016,A#T&amp;T agrees to buy Time Warner for $80 billion https://t.co/g0r0qSRNCb #Dallas,Positive,63.9246,general,general,,Twitter
Dallas7,Corporate,32.8957338,-96.8079243,5959 Royal Lane,75230,Sat Oct 22 22:00:08 +0000 2016,"AT&amp;T agrees to buy Time Warner for $80 billion: AT&amp;T Inc. has a deal to buy Time Warner Inc. for about $80 billion,… https://t.co/nQOZfGW4G9",Positive,70.1793,general,general,,Twitter
Dallas7,Corporate,32.8957338,-96.8079243,5959 Royal Lane,75230,Sat Oct 22 22:00:04 +0000 2016,"AT&amp;T agrees to buy Time Warner for $80 billion: AT&amp;T Inc. has a deal to buy Time Warner Inc. for about $80 billion,… https://t.co/YZLqQZCUWW",Positive,70.1793,general,general,,Twitter
Dallas7,Corporate,32.8957338,-96.8079243,5959 Royal Lane,75230,Sat Oct 22 22:00:03 +0000 2016,"AT&amp;T agrees to buy Time Warner for $80 billion: AT&amp;T Inc. has a deal to buy Time Warner Inc. for about $80 billion,… https://t.co/lg1OzcMy2E",Positive,70.1793,general,general,,Twitter
Dallas7,Corporate,32.8957338,-96.8079243,5959 Royal Lane,75230,Sat Oct 22 21:58:05 +0000 2016,AT&amp;T agrees to buy Time Warner for $80 billion: AT&amp;T Inc. has a deal to buy Time Warner Inc. for about $80 bi... https://t.co/sVczxMRErP,Positive,70.1793,general,general,,Twitter
Dallas7,Corporate,32.8957338,-96.8079243,5959 Royal Lane,75230,Sat Oct 22 21:56:18 +0000 2016,RT @HomaBashNBC5: Lots of questions arise as @WSJ reports that @ATT has agreed to buy Time Warner for upwards of $80 BILLION. Service costs…,Negative,71.4268,general,general,,Twitter
Dallas7,Corporate,32.8957338,-96.8079243,5959 Royal Lane,75230,Sat Oct 22 21:53:03 +0000 2016,"RT @dallasnews: Updated: Report says AT&amp;T, Time Warner boards meeting today to approve $80 billion deal https://t.co/ESCmoMhXLr | @krobijak…",Positive,93.0729,general,general,,Twitter
Dallas7,Corporate,32.8957338,-96.8079243,5959 Royal Lane,75230,Sat Oct 22 21:42:35 +0000 2016,"RT @ATT: Watch the @GreenDay @iHeartRadio Album Release Party Tonight, 9pm ET/PT on AUDIENCE. DIRECTV ch 239/U-verse ch 1114. https://t.co/…",Neutral,59.5550,directv,general,,Twitter
Dallas7,Corporate,32.8957338,-96.8079243,5959 Royal Lane,75230,Sat Oct 22 21:41:00 +0000 2016,"Our colleagues in Europe, the Middle East &amp; Asia are spreading the @ATT Aspire mission around the globe:… https://t.co/4XzfCsG2t7",Positive,71.5311,general,general,,Twitter
Dallas7,Corporate,32.8957338,-96.8079243,5959 Royal Lane,75230,Sat Oct 22 21:36:44 +0000 2016,"RT @ATT: Watch the @GreenDay @iHeartRadio Album Release Party Tonight, 9pm ET/PT on AUDIENCE. DIRECTV ch 239/U-verse ch 1114. https://t.co/…",Neutral,59.5550,directv,general,,Twitter
Dallas7,Corporate,32.8957338,-96.8079243,5959 Royal Lane,75230,Sat Oct 22 21:32:47 +0000 2016,"RT @theblaze: Report: AT&amp;T wants to buy Time Warner in $80 billion mega-deal
https://t.co/QEDAC95J1T https://t.co/ChTnEiekcu",Positive,63.9246,general,general,,Twitter
Dallas7,Corporate,32.8957338,-96.8079243,5959 Royal Lane,75230,Sat Oct 22 21:30:02 +0000 2016,RT @ATT: Welcome to the team! @taylorswift13 https://t.co/4h86nLYuLo https://t.co/gAHOi7fPrZ,Positive,84.3125,general,general,,Twitter
Dallas7,Corporate,32.8957338,-96.8079243,5959 Royal Lane,75230,Sat Oct 22 21:29:58 +0000 2016,@attJOBS   so proud of my buddie Daniel!  AT&amp;T supports Individuals with Disabilities  #beCounted Disability Heroes of AT&amp;T  Life@ATT,Positive,92.8283,general,general,,Twitter
Dallas7,Corporate,32.8957338,-96.8079243,5959 Royal Lane,75230,Sat Oct 22 21:26:16 +0000 2016,"RT @ATT: Watch the @GreenDay @iHeartRadio Album Release Party Tonight, 9pm ET/PT on AUDIENCE. DIRECTV ch 239/U-verse ch 1114. https://t.co/…",Neutral,59.5550,directv,general,,Twitter
Dallas7,Corporate,32.8957338,-96.8079243,5959 Royal Lane,75230,Sat Oct 22 21:21:05 +0000 2016,RT @attJOBS: Congrats to our own Daniel Solcher for being awarded Employee of the Year from Careers &amp; the disABLED: https://t.co/1WQo73ExZj…,Positive,97.3299,general,general,,Twitter
