Dallas3,Corporate,32.8293128,-96.8272358,5616 Lemmon Ave,75209,Tue Oct 25 03:35:03 +0000 2016,RT @ATT: Welcome to the team! @taylorswift13 https://t.co/4h86nLYuLo https://t.co/gAHOi7fPrZ,Positive,84.3125,general,general,,Twitter
Dallas3,Corporate,32.8293128,-96.8272358,5616 Lemmon Ave,75209,Tue Oct 25 03:22:03 +0000 2016,"@Cassiiidy____ Hi, could you please send us a DM with more details and your account info? Thank you.",Positive,88.1719,general,general,,Twitter
Dallas3,Corporate,32.8293128,-96.8272358,5616 Lemmon Ave,75209,Tue Oct 25 03:19:49 +0000 2016,"RT @dallasnews: .@CNN, @HBO and more: A look at the brands @ATT inherits in its Time Warner deal https://t.co/nVGFN5muR4 | @paul_o_donnell…",Positive,96.3719,general,general,,Twitter
Dallas3,Corporate,32.8293128,-96.8272358,5616 Lemmon Ave,75209,Tue Oct 25 03:12:36 +0000 2016,RT @ATT: Get a sweet deal on the new iPhone 7 when you switch to AT&amp;T and have DIRECTV. https://t.co/TQVeUkmeZ6 https://t.co/zfZmNpe8AP,Positive,98.0584,directv,general,,Twitter
Dallas3,Corporate,32.8293128,-96.8272358,5616 Lemmon Ave,75209,Tue Oct 25 03:09:57 +0000 2016,"RT @DMNBiz: Speak now: Why critics want the $108 billion marriage of AT&amp;T, Time Warner to fail https://t.co/KckQ3FG5S7 | @krobijake https:/…",Neutral,50.4577,general,general,,Twitter
Dallas3,Corporate,32.8293128,-96.8272358,5616 Lemmon Ave,75209,Tue Oct 25 03:09:52 +0000 2016,RT @ATT: Welcome to the team! @taylorswift13 https://t.co/4h86nLYuLo https://t.co/gAHOi7fPrZ,Positive,84.3125,general,general,,Twitter
Dallas3,Corporate,32.8293128,-96.8272358,5616 Lemmon Ave,75209,Tue Oct 25 03:05:48 +0000 2016,RT @ATT: Another reason to smile for the camera. The #LGV20 from @LGUSAMobile will be available in stores starting today. https://t.co/TILu…,Positive,86.0616,general,general,,Twitter
Dallas3,Corporate,32.8293128,-96.8272358,5616 Lemmon Ave,75209,Tue Oct 25 03:05:34 +0000 2016,"Speak now: Why critics want the $108 billion marriage of AT&amp;T, Time Warner to fail https://t.co/KckQ3FG5S7 |… https://t.co/uSrUuUORM1",Neutral,50.4577,general,general,,Twitter
Dallas3,Corporate,32.8293128,-96.8272358,5616 Lemmon Ave,75209,Tue Oct 25 02:57:49 +0000 2016,"AT&amp;T-TimeWarner, Comcast-NBCU, Disney-ESPN, 21st Century Fox, CBS all to affect the future. @SMUSportMgt #sportsbiz  https://t.co/Hxp1bs9v3o",Positive,97.8365,general,general,,Twitter
Dallas3,Corporate,32.8293128,-96.8272358,5616 Lemmon Ave,75209,Tue Oct 25 02:57:18 +0000 2016,"@ATTCares my order hadn't been cancelled to begin with. Really frustrating, especially the number of times I've been hung up on -4-",Negative,93.7218,general,general,,Twitter
Dallas3,Corporate,32.8293128,-96.8272358,5616 Lemmon Ave,75209,Tue Oct 25 02:56:31 +0000 2016,@ATTCares cancelled only to get a confirmation email from directtv letting me know my order was processed. Called them &amp; found out -3-,Neutral,54.7724,general,general,,Twitter
Dallas3,Corporate,32.8293128,-96.8272358,5616 Lemmon Ave,75209,Tue Oct 25 02:55:46 +0000 2016,@ATTCares I'm not able to have att/directtv. I've called numerous times and have gotten the run around. I was told earlier it was -2-,Negative,93.2431,general,general,,Twitter
Dallas3,Corporate,32.8293128,-96.8272358,5616 Lemmon Ave,75209,Tue Oct 25 02:55:08 +0000 2016,@ATTCares I called earlier today to have directtv and internet installed by you guys at my new apartment. Found out after moving in that -1-,Positive,94.9060,general,product installation,,Twitter
Dallas3,Corporate,32.8293128,-96.8272358,5616 Lemmon Ave,75209,Tue Oct 25 02:49:50 +0000 2016,RT @ATTBusiness: Maximize taste + minimize waste w/ #IoT! See how @ndustrialio preserves the nation’s food supply:  https://t.co/mKztl4Nw9n…,Negative,92.8679,general,general,,Twitter
Dallas3,Corporate,32.8293128,-96.8272358,5616 Lemmon Ave,75209,Tue Oct 25 02:49:28 +0000 2016,RT @ATTBusiness: Maximize taste + minimize waste w/ #IoT! See how @ndustrialio preserves the nation’s food supply:  https://t.co/mKztl4Nw9n…,Negative,92.8679,general,general,,Twitter
Dallas3,Corporate,32.8293128,-96.8272358,5616 Lemmon Ave,75209,Tue Oct 25 02:45:40 +0000 2016,"Dear @ATT: If I'm calling to cancel a service, I don't need to be transferred to a retention department.",Negative,98.7261,general,general,,Twitter
Dallas3,Corporate,32.8293128,-96.8272358,5616 Lemmon Ave,75209,Tue Oct 25 02:42:33 +0000 2016,@AndyDTID @ATT that's messed up and they need to find a way to compensate you #badservice,Negative,80.3930,general,general,,Twitter
Dallas3,Corporate,32.8293128,-96.8272358,5616 Lemmon Ave,75209,Tue Oct 25 02:37:40 +0000 2016,"No, Time Warner Cable isn't part of @ATT merger and here's why https://t.co/TZXzNjG2cF | @melissa_repko https://t.co/q4fqP9AQ1t",Positive,67.4004,general,general,,Twitter
Dallas3,Corporate,32.8293128,-96.8272358,5616 Lemmon Ave,75209,Tue Oct 25 02:36:01 +0000 2016,"RT @dallasnews: .@CNN, @HBO and more: A look at the brands @ATT inherits in its Time Warner deal https://t.co/nVGFN5muR4 | @paul_o_donnell…",Positive,96.3719,general,general,,Twitter
Dallas3,Corporate,32.8293128,-96.8272358,5616 Lemmon Ave,75209,Tue Oct 25 02:27:56 +0000 2016,RT @ATT: Get a sweet deal on the new iPhone 7 when you switch to AT&amp;T and have DIRECTV. https://t.co/TQVeUkmeZ6 https://t.co/zfZmNpe8AP,Positive,98.0584,directv,general,,Twitter
Dallas3,Corporate,32.8293128,-96.8272358,5616 Lemmon Ave,75209,Tue Oct 25 02:25:14 +0000 2016,@ATTCares finally got through all steps. Still not working g,Negative,66.8217,general,general,,Twitter
Dallas3,Corporate,32.8293128,-96.8272358,5616 Lemmon Ave,75209,Tue Oct 25 02:24:56 +0000 2016,"@ATTCares trying but just keep getting a spinning wheel and ""preparing",Negative,71.5957,general,general,,Twitter
Dallas3,Corporate,32.8293128,-96.8272358,5616 Lemmon Ave,75209,Tue Oct 25 02:21:30 +0000 2016,RT @ATT: Welcome to the team! @taylorswift13 https://t.co/4h86nLYuLo https://t.co/gAHOi7fPrZ,Positive,84.3125,general,general,,Twitter
Dallas3,Corporate,32.8293128,-96.8272358,5616 Lemmon Ave,75209,Tue Oct 25 02:20:16 +0000 2016,RT @ATT: Welcome to the team! @taylorswift13 https://t.co/4h86nLYuLo https://t.co/gAHOi7fPrZ,Positive,84.3125,general,general,,Twitter
Dallas3,Corporate,32.8293128,-96.8272358,5616 Lemmon Ave,75209,Tue Oct 25 02:19:01 +0000 2016,"RT @dallasnews: .@CNN, @HBO and more: A look at the brands @ATT inherits in its Time Warner deal https://t.co/nVGFN5muR4 | @paul_o_donnell…",Positive,96.3719,general,general,,Twitter
Dallas3,Corporate,32.8293128,-96.8272358,5616 Lemmon Ave,75209,Tue Oct 25 02:18:04 +0000 2016,".@CNN, @HBO and more: A look at the brands @ATT inherits in its Time Warner deal https://t.co/nVGFN5muR4 |… https://t.co/5BByE6S7xA",Positive,96.3719,general,general,,Twitter
Dallas3,Corporate,32.8293128,-96.8272358,5616 Lemmon Ave,75209,Tue Oct 25 02:12:28 +0000 2016,"@bestmvno i have a iphone6 which is compatible with @TotalWireless . If i switch now from att, will by device be locked to cdma or unlocked?",Negative,95.2528,general,general,,Twitter
Dallas3,Corporate,32.8293128,-96.8272358,5616 Lemmon Ave,75209,Tue Oct 25 02:08:47 +0000 2016,RT @ATT: Welcome to the team! @taylorswift13 https://t.co/4h86nLYuLo https://t.co/gAHOi7fPrZ,Positive,84.3125,general,general,,Twitter
Dallas3,Corporate,32.8293128,-96.8272358,5616 Lemmon Ave,75209,Tue Oct 25 02:06:40 +0000 2016,RT @ATT: The #futureofvideo is mobile and the #futureofmobile is video. Time Warner + AT&amp;T make it happen! @twxcorp https://t.co/GKx4U9TQYg,Neutral,56.0321,general,general,,Twitter
Dallas3,Corporate,32.8293128,-96.8272358,5616 Lemmon Ave,75209,Tue Oct 25 02:02:05 +0000 2016,"@ATTCares no, no error code. I've tried rebooting and plug/unplugging",Negative,95.7689,general,general,,Twitter
Dallas3,Corporate,32.8293128,-96.8272358,5616 Lemmon Ave,75209,Tue Oct 25 02:00:38 +0000 2016,RT @attJOBS: See what #LifeAtATT is like for the women of AT&amp;T: https://t.co/9rguQ7QaFV https://t.co/xsQ0cX6Inq,Neutral,53.9175,general,general,,Twitter
Dallas3,Corporate,32.8293128,-96.8272358,5616 Lemmon Ave,75209,Tue Oct 25 02:00:09 +0000 2016,"""AT&amp;T-Time Warner Deal Is a Strike in the Dark"" by FARHAD MANJOO via NYT https://t.co/ly9goIeTJh https://t.co/2NK6xWPSFd",Positive,78.2583,general,general,,Twitter
Dallas3,Corporate,32.8293128,-96.8272358,5616 Lemmon Ave,75209,Tue Oct 25 02:00:01 +0000 2016,Learn how to start using AT&amp;T Business Messenger for iPhone https://t.co/V9JIzwBSqC https://t.co/pS0xrKsgKm,Neutral,57.2515,general,general,,Twitter
Dallas3,Corporate,32.8293128,-96.8272358,5616 Lemmon Ave,75209,Tue Oct 25 01:59:33 +0000 2016,".@att the power has been out for 8 hours now, can we get a hotel reservation for this lack of service?",Neutral,50.9944,general,general,,Twitter
Dallas3,Corporate,32.8293128,-96.8272358,5616 Lemmon Ave,75209,Tue Oct 25 01:56:20 +0000 2016,"""AT&amp;T-Time Warner Deal Is a Strike in the Dark"" via @nytimes https://t.co/Ys2leUx4XH https://t.co/Zi84sBZczE",Positive,77.2419,general,general,,Twitter
Dallas3,Corporate,32.8293128,-96.8272358,5616 Lemmon Ave,75209,Tue Oct 25 01:53:26 +0000 2016,RT @ATT: Welcome to the team! @taylorswift13 https://t.co/4h86nLYuLo https://t.co/gAHOi7fPrZ,Positive,84.3125,general,general,,Twitter
Dallas3,Corporate,32.8293128,-96.8272358,5616 Lemmon Ave,75209,Tue Oct 25 01:51:18 +0000 2016,AT&amp;T Employees Break Records for Stop Hunger Now #ATTimpact https://t.co/f7k0rq100P #attemployee https://t.co/pUbfsZkOYe,Positive,72.3983,general,general,,Twitter
Dallas3,Corporate,32.8293128,-96.8272358,5616 Lemmon Ave,75209,Tue Oct 25 01:51:13 +0000 2016,RT @ATTBusiness: #IoT makes reaching into this vending machine like reaching into a garden. Check it out: https://t.co/1Dk54D1pvz #National…,Positive,86.5104,general,general,,Twitter
Dallas3,Corporate,32.8293128,-96.8272358,5616 Lemmon Ave,75209,Tue Oct 25 01:47:13 +0000 2016,RT @ATT: Another reason to smile for the camera. The #LGV20 from @LGUSAMobile will be available in stores starting today. https://t.co/TILu…,Positive,86.0616,general,general,,Twitter
Dallas3,Corporate,32.8293128,-96.8272358,5616 Lemmon Ave,75209,Tue Oct 25 01:43:40 +0000 2016,When the @Uverse has been in and out all day. And it's finally just stopped all together. 🙄😒😤,Positive,76.5676,uverse,general,,Twitter
Dallas3,Corporate,32.8293128,-96.8272358,5616 Lemmon Ave,75209,Tue Oct 25 01:43:07 +0000 2016,RT @ATT: Welcome to the team! @taylorswift13 https://t.co/4h86nLYuLo https://t.co/gAHOi7fPrZ,Positive,84.3125,general,general,,Twitter
Dallas3,Corporate,32.8293128,-96.8272358,5616 Lemmon Ave,75209,Tue Oct 25 01:41:22 +0000 2016,"RT @bodyrecruit: @WomenOfATT_ERG 
AT&amp;T Hiring Sales Executive Field Sales #Des Peres, MO. Spread the word about the good #LifeAtATT. https:…",Negative,77.6346,general,general,,Twitter
Dallas3,Corporate,32.8293128,-96.8272358,5616 Lemmon Ave,75209,Tue Oct 25 01:39:11 +0000 2016,"RT @ATTLatino: Bañado de sol y arena con una canción más dulce que el caramelo, comparte lo mejor de #Cuba desde tu móvil. https://t.co/e3S…",Positive,74.8936,general,general,,Twitter
Dallas3,Corporate,32.8293128,-96.8272358,5616 Lemmon Ave,75209,Tue Oct 25 01:35:39 +0000 2016,.@ATT CEO Randall Stephenson confident @twxcorp merger will get past regulators https://t.co/D8PCh3orgV… https://t.co/a3F1MJApkp,Positive,82.2634,general,general,,Twitter
Dallas3,Corporate,32.8293128,-96.8272358,5616 Lemmon Ave,75209,Tue Oct 25 01:33:14 +0000 2016,Why AT&amp;T’s CEO should think twice before going through with the Time Warner deal https://t.co/aymKIn8Knf #TrueDat,Neutral,56.5021,general,general,,Twitter
Dallas3,Corporate,32.8293128,-96.8272358,5616 Lemmon Ave,75209,Tue Oct 25 01:31:30 +0000 2016,RT @ATT: Welcome to the team! @taylorswift13 https://t.co/4h86nLYuLo https://t.co/gAHOi7fPrZ,Positive,84.3125,general,general,,Twitter
Dallas3,Corporate,32.8293128,-96.8272358,5616 Lemmon Ave,75209,Tue Oct 25 01:26:00 +0000 2016,RT @ATT: Welcome to the team! @taylorswift13 https://t.co/4h86nLYuLo https://t.co/gAHOi7fPrZ,Positive,84.3125,general,general,,Twitter
Dallas3,Corporate,32.8293128,-96.8272358,5616 Lemmon Ave,75209,Tue Oct 25 01:25:40 +0000 2016,RT @attJOBS: Our new #SanFrancisco flagship store is restored and ready for the future with our latest technology. Take a look: https://t.c…,Positive,96.3812,general,store experience,,Twitter
Dallas3,Corporate,32.8293128,-96.8272358,5616 Lemmon Ave,75209,Tue Oct 25 01:21:43 +0000 2016,RT @dallasnews: Stadium Club is almost half a football field long. Can Cowboys fans fill it when teams isn't playing? | https://t.co/UU393U…,Neutral,50.7182,general,general,,Twitter
Dallas3,Corporate,32.8293128,-96.8272358,5616 Lemmon Ave,75209,Tue Oct 25 01:20:16 +0000 2016,"AT&amp;T research shows most businesses suffer from preventable cyberattacks, not new or unknown threats… https://t.co/g0ACBM4Rfm",Negative,76.2478,general,general,,Twitter
Dallas3,Corporate,32.8293128,-96.8272358,5616 Lemmon Ave,75209,Tue Oct 25 01:17:35 +0000 2016,RT @dallasnews: Stadium Club is almost half a football field long. Can Cowboys fans fill it when teams isn't playing? | https://t.co/UU393U…,Neutral,50.7182,general,general,,Twitter
Dallas3,Corporate,32.8293128,-96.8272358,5616 Lemmon Ave,75209,Tue Oct 25 01:16:58 +0000 2016,Stadium Club is almost half a football field long. Can Cowboys fans fill it when teams isn't playing? |… https://t.co/gPWspIrWXt,Neutral,50.7182,general,general,,Twitter
Dallas3,Corporate,32.8293128,-96.8272358,5616 Lemmon Ave,75209,Tue Oct 25 00:59:14 +0000 2016,RT @ATT: Welcome to the team! @taylorswift13 https://t.co/4h86nLYuLo https://t.co/gAHOi7fPrZ,Positive,84.3125,general,general,,Twitter
Dallas3,Corporate,32.8293128,-96.8272358,5616 Lemmon Ave,75209,Tue Oct 25 00:55:06 +0000 2016,RT @ATTBusiness: Maximize taste + minimize waste w/ #IoT! See how @ndustrialio preserves the nation’s food supply:  https://t.co/mKztl4Nw9n…,Negative,92.8679,general,general,,Twitter
Dallas3,Corporate,32.8293128,-96.8272358,5616 Lemmon Ave,75209,Tue Oct 25 00:43:35 +0000 2016,How have Texas lawmakers reacted to #ATT's megamerger? Mostly with silence https://t.co/pEhGRqrkYE #DFW #Tech,Neutral,53.7855,general,general,,Twitter
Dallas3,Corporate,32.8293128,-96.8272358,5616 Lemmon Ave,75209,Tue Oct 25 00:41:11 +0000 2016,"AT&amp;T, Time Warner CEOs discuss the new deal https://t.co/nkbsxE6erD",Positive,84.5633,general,general,,Twitter
Dallas3,Corporate,32.8293128,-96.8272358,5616 Lemmon Ave,75209,Tue Oct 25 00:36:01 +0000 2016,AT&amp;T begins push to sell customers on Time Warner merger https://t.co/Hy26OVyKjI | @melissa_repko https://t.co/Y4ZIF09HoA,Positive,73.1786,general,general,,Twitter
Dallas3,Corporate,32.8293128,-96.8272358,5616 Lemmon Ave,75209,Tue Oct 25 00:31:22 +0000 2016,"""A Chilly Reaction to AT&amp;T-Time Warner Deal"" by BROOKS BARNES and EMILY STEEL via NYT The New York Times https://t.co/Sh0zVtn8eT",Positive,98.4139,general,general,,Twitter
Dallas3,Corporate,32.8293128,-96.8272358,5616 Lemmon Ave,75209,Tue Oct 25 00:18:48 +0000 2016,RT @ATT: Welcome to the team! @taylorswift13 https://t.co/4h86nLYuLo https://t.co/gAHOi7fPrZ,Positive,84.3125,general,general,,Twitter
Dallas3,Corporate,32.8293128,-96.8272358,5616 Lemmon Ave,75209,Tue Oct 25 00:14:54 +0000 2016,RT @ATT: Welcome to the team! @taylorswift13 https://t.co/4h86nLYuLo https://t.co/gAHOi7fPrZ,Positive,84.3125,general,general,,Twitter
Dallas3,Corporate,32.8293128,-96.8272358,5616 Lemmon Ave,75209,Tue Oct 25 00:02:03 +0000 2016,"AT&amp;T merger, new DART line, Ebola nurse settlement: Your Monday evening roundup  https://t.co/IZMApGloMU https://t.co/vHIcGSydZz",Positive,66.7601,general,general,,Twitter
Dallas3,Corporate,32.8293128,-96.8272358,5616 Lemmon Ave,75209,Mon Oct 24 23:54:44 +0000 2016,@att Randall Stephenson is so full of S*** he stinks! @ErinBurnett controlling the content supply limits the market.,Positive,67.7615,general,general,,Twitter
Dallas3,Corporate,32.8293128,-96.8272358,5616 Lemmon Ave,75209,Mon Oct 24 23:53:30 +0000 2016,RT @TheLovellGroup: @ATT agrees to buy @TWC for more than $80B https://t.co/Pwyyf1vQTn https://t.co/WNMresoQ5Q,Neutral,58.0719,general,general,,Twitter
Dallas3,Corporate,32.8293128,-96.8272358,5616 Lemmon Ave,75209,Mon Oct 24 23:51:25 +0000 2016,"Even by Texas standards, @ATT deal is huge. Take a look at how recent deals stack up https://t.co/DgVMKlf2Rv… https://t.co/NxclqVYgKx",Positive,94.2225,general,general,,Twitter
Dallas3,Corporate,32.8293128,-96.8272358,5616 Lemmon Ave,75209,Mon Oct 24 23:50:38 +0000 2016,RT @DMNBiz: AT&amp;T's quarterly results give hints on urgency behind Time Warner deal https://t.co/Cx1AXLE7xF | @Conor_Shine https://t.co/Iffy…,Positive,69.1587,general,general,,Twitter
Dallas3,Corporate,32.8293128,-96.8272358,5616 Lemmon Ave,75209,Mon Oct 24 23:46:07 +0000 2016,"""With AT&amp;T-Time Warner Deal Brewing, a Focus on Preserving CNN’s Integrity"" by MICHAEL M. GRYNBAUM via NYT The New… https://t.co/k85YD4Q06j",Positive,95.7841,general,general,,Twitter
Dallas3,Corporate,32.8293128,-96.8272358,5616 Lemmon Ave,75209,Mon Oct 24 23:45:23 +0000 2016,ATT tryna get it https://t.co/pvA8HinLOQ,Neutral,52.6124,general,general,,Twitter
Dallas3,Corporate,32.8293128,-96.8272358,5616 Lemmon Ave,75209,Mon Oct 24 23:43:15 +0000 2016,@ATTCares I never heard back from you.  I did DM you.,Neutral,57.7634,general,general,,Twitter
Dallas3,Corporate,32.8293128,-96.8272358,5616 Lemmon Ave,75209,Mon Oct 24 23:38:59 +0000 2016,RT @ATT: Welcome to the team! @taylorswift13 https://t.co/4h86nLYuLo https://t.co/gAHOi7fPrZ,Positive,84.3125,general,general,,Twitter
Dallas3,Corporate,32.8293128,-96.8272358,5616 Lemmon Ave,75209,Mon Oct 24 23:36:10 +0000 2016,"""Why AT&amp;T Isn’t Sweating the Breakup Fee in Its Time Warner Deal"" by LESLIE PICKER via NYT The New York Times https://t.co/P6i91bNwti",Positive,99.2968,general,general,,Twitter
Dallas3,Corporate,32.8293128,-96.8272358,5616 Lemmon Ave,75209,Mon Oct 24 23:36:03 +0000 2016,RT @ATT: Another reason to smile for the camera. The #LGV20 from @LGUSAMobile will be available in stores starting today. https://t.co/TILu…,Positive,86.0616,general,general,,Twitter
Dallas3,Corporate,32.8293128,-96.8272358,5616 Lemmon Ave,75209,Mon Oct 24 23:35:59 +0000 2016,@perssonifierat Tack för att du följer mig Martin! Och en riktigt bra Twitter handle!,Neutral,50.0000,general,general,,Twitter
Dallas3,Corporate,32.8293128,-96.8272358,5616 Lemmon Ave,75209,Mon Oct 24 23:35:25 +0000 2016,"Jon Snow will now work for AT&amp;T (The 3:59, Ep. 128)     - CNET: We know nothing. Plus, more on the Samsung Ga... https://t.co/1b9zBo8FW4",Positive,79.3413,general,general,,Twitter
Dallas3,Corporate,32.8293128,-96.8272358,5616 Lemmon Ave,75209,Mon Oct 24 23:35:14 +0000 2016,AT&amp;T's quarterly results give hints on urgency behind Time Warner deal https://t.co/Cx1AXLE7xF | @Conor_Shine https://t.co/IffyiACABV,Positive,69.1587,general,general,,Twitter
Dallas3,Corporate,32.8293128,-96.8272358,5616 Lemmon Ave,75209,Mon Oct 24 23:29:40 +0000 2016,"RT @dallasnews: No, Time Warner Cable isn't part of @ATT merger and here's why https://t.co/D3z9z8xwh8 | @melissa_repko https://t.co/KyBHpz…",Positive,67.4004,general,general,,Twitter
Dallas3,Corporate,32.8293128,-96.8272358,5616 Lemmon Ave,75209,Mon Oct 24 23:28:21 +0000 2016,@ATTCares 75219,Neutral,50.0000,general,general,,Twitter
Dallas3,Corporate,32.8293128,-96.8272358,5616 Lemmon Ave,75209,Mon Oct 24 23:19:56 +0000 2016,"@ATTCares James, I can find a link myself",Positive,62.2492,general,general,,Twitter
Dallas3,Corporate,32.8293128,-96.8272358,5616 Lemmon Ave,75209,Mon Oct 24 23:19:54 +0000 2016,RT @ATT: Welcome to the team! @taylorswift13 https://t.co/4h86nLYuLo https://t.co/gAHOi7fPrZ,Positive,84.3125,general,general,,Twitter
Dallas3,Corporate,32.8293128,-96.8272358,5616 Lemmon Ave,75209,Mon Oct 24 23:06:24 +0000 2016,"I gotta give you guys credit, @ATTCares @ATT. Cable and internet going out after 5 days is actually impressive",Negative,68.4515,general,general,,Twitter
Dallas3,Corporate,32.8293128,-96.8272358,5616 Lemmon Ave,75209,Mon Oct 24 23:00:03 +0000 2016,RT @ATTBusiness: Maximize taste + minimize waste w/ #IoT! See how @ndustrialio preserves the nation’s food supply:  https://t.co/mKztl4Nw9n…,Negative,92.8679,general,general,,Twitter
Dallas3,Corporate,32.8293128,-96.8272358,5616 Lemmon Ave,75209,Mon Oct 24 23:00:02 +0000 2016,Maximize taste + minimize waste w/ #IoT! See how @ndustrialio preserves the nation’s food supply:… https://t.co/eWZTPyv6Jp,Negative,92.8679,general,general,,Twitter
Dallas3,Corporate,32.8293128,-96.8272358,5616 Lemmon Ave,75209,Mon Oct 24 22:55:29 +0000 2016,@Ask_Spectrum So Spectrum buys TWC... So now ATT Buys TWC how does that work? Anyways im happy you bought TWC Now maybe my bill will go down,Neutral,58.8442,general,general,,Twitter
Dallas3,Corporate,32.8293128,-96.8272358,5616 Lemmon Ave,75209,Mon Oct 24 22:54:59 +0000 2016,RT @ATT: Get a sweet deal on the new iPhone 7 when you switch to AT&amp;T and have DIRECTV. https://t.co/TQVeUkmeZ6 https://t.co/zfZmNpe8AP,Positive,98.0584,directv,general,,Twitter
Dallas3,Corporate,32.8293128,-96.8272358,5616 Lemmon Ave,75209,Mon Oct 24 22:54:06 +0000 2016,"RT @dallasnews: Trump gets litigious, AT&amp;T gets bigger, @TomiLahren wins bigly: Your weekend news digest https://t.co/tjOy7OJCri https://t.…",Negative,66.2200,general,general,,Twitter
Dallas3,Corporate,32.8293128,-96.8272358,5616 Lemmon Ave,75209,Mon Oct 24 22:53:32 +0000 2016,@GetSpectrum So Spectrum buys TWC... So now ATT Buys TWC how does that work? Anyways im happy you bought TWC Now maybe my bill will go down,Neutral,58.8442,general,general,,Twitter
Dallas3,Corporate,32.8293128,-96.8272358,5616 Lemmon Ave,75209,Mon Oct 24 22:49:40 +0000 2016,"RT @ATT: Watch the @GreenDay @iHeartRadio Album Release Party Tonight, 9pm ET/PT on AUDIENCE. DIRECTV ch 239/U-verse ch 1114. https://t.co/…",Neutral,59.5550,directv,general,,Twitter
Dallas3,Corporate,32.8293128,-96.8272358,5616 Lemmon Ave,75209,Mon Oct 24 22:44:30 +0000 2016,Massive AT&amp;T-Time Warner Deal Expected To Vastly Reshape Media Landscape https://t.co/y8PPiK2FiR @SMUSportMgt #sportsbiz,Positive,66.2296,general,general,,Twitter
Dallas3,Corporate,32.8293128,-96.8272358,5616 Lemmon Ave,75209,Mon Oct 24 22:40:30 +0000 2016,RT @attJOBS: Our development programs can put you on the right career path. Why? Just ask Brad: https://t.co/bmAjmMvvte #BeTheFuture https:…,Positive,86.6900,general,general,,Twitter
Dallas3,Corporate,32.8293128,-96.8272358,5616 Lemmon Ave,75209,Mon Oct 24 22:40:14 +0000 2016,#ATT begins push to sell customers on Time Warner merger https://t.co/PvOgKogTHM #DFW #Tech,Positive,73.1786,general,general,,Twitter
Dallas3,Corporate,32.8293128,-96.8272358,5616 Lemmon Ave,75209,Mon Oct 24 22:35:28 +0000 2016,".@CNN, .@HBO and more: A look at the brands .@ATT inherits in its Time Warner deal https://t.co/dhOhNjd68C |… https://t.co/MmyzcPt2Ll",Positive,96.3719,general,general,,Twitter
Dallas3,Corporate,32.8293128,-96.8272358,5616 Lemmon Ave,75209,Mon Oct 24 22:33:37 +0000 2016,RT @ATT: @RJSinko19 What a finish!  Who is your favorite MLS Player? #SoccerEverywhere https://t.co/REdso83NwO,Positive,74.3100,general,general,,Twitter
Dallas3,Corporate,32.8293128,-96.8272358,5616 Lemmon Ave,75209,Mon Oct 24 22:30:35 +0000 2016,AT&amp;T has begun its push to sell customers on Time Warner merger -- and win regulatory approval.  https://t.co/SHWgljkPYo,Positive,71.0593,general,general,,Twitter
Dallas3,Corporate,32.8293128,-96.8272358,5616 Lemmon Ave,75209,Mon Oct 24 22:29:57 +0000 2016,@theshoafer What a goal!  Who is your favorite MLS Player? https://t.co/Y4qW7D5Em9,Positive,74.3100,general,general,,Twitter
Dallas3,Corporate,32.8293128,-96.8272358,5616 Lemmon Ave,75209,Mon Oct 24 22:29:40 +0000 2016,@RJSinko19 What a finish!  Who is your favorite MLS Player? #SoccerEverywhere https://t.co/REdso83NwO,Positive,74.3100,general,general,,Twitter
Dallas3,Corporate,32.8293128,-96.8272358,5616 Lemmon Ave,75209,Mon Oct 24 22:27:52 +0000 2016,"RT @dallasnews: Your evening roundup: Ebola nurse settles lawsuit, AT&amp;T optimistic about merger approval, early voting starts https://t.co/…",Neutral,59.6459,general,general,,Twitter
Dallas3,Corporate,32.8293128,-96.8272358,5616 Lemmon Ave,75209,Mon Oct 24 22:27:01 +0000 2016,RT @ATT: Welcome to the team! @taylorswift13 https://t.co/4h86nLYuLo https://t.co/gAHOi7fPrZ,Positive,84.3125,general,general,,Twitter
Dallas3,Corporate,32.8293128,-96.8272358,5616 Lemmon Ave,75209,Mon Oct 24 22:26:29 +0000 2016,"RT @dallasnews: Trump gets litigious, AT&amp;T gets bigger, @TomiLahren wins bigly: Your weekend news digest https://t.co/tjOy7OJCri https://t.…",Negative,66.2200,general,general,,Twitter
Dallas3,Corporate,32.8293128,-96.8272358,5616 Lemmon Ave,75209,Mon Oct 24 22:26:29 +0000 2016,RT @melissa_repko: Here's a look at the brands AT&amp;T would inherit with the Time Warner deal: https://t.co/rFNTHkFY7Q,Neutral,54.1594,general,general,,Twitter
Dallas3,Corporate,32.8293128,-96.8272358,5616 Lemmon Ave,75209,Mon Oct 24 22:23:50 +0000 2016,"RT @dallasnews: Trump gets litigious, AT&amp;T gets bigger, @TomiLahren wins bigly: Your weekend news digest https://t.co/tjOy7OJCri https://t.…",Negative,66.2200,general,general,,Twitter
