Dallas18,Authorized,32.980547,-96.767442,2160 N Coit Rd Ste 141,75080,Fri Oct 28 13:01:26 +0000 2016,"Crap! Ingen bra vecka det här, börja med att väskan försvinner så att jag inte har några… https://t.co/v8gmD737Tq",Negative,85.4424,general,general,,Twitter
Dallas18,Authorized,32.980547,-96.767442,2160 N Coit Rd Ste 141,75080,Fri Oct 28 12:09:45 +0000 2016,RT @Teamcandotx: Big smiles from some incredible leaders! @AJ_att_dmdr @anthonyetuggle @Valerie_m_cando #teamcando #lifeatatt https://t.co/…,Positive,72.2567,general,general,,Twitter
Dallas18,Authorized,32.980547,-96.767442,2160 N Coit Rd Ste 141,75080,Fri Oct 28 12:06:42 +0000 2016,"dcexaminer: Senate sets hearing on AT&amp;T, Time Warner merger https://t.co/OChYK6Top0 https://t.co/kRpAHxBIK1",Positive,63.9246,general,general,,Twitter
Dallas18,Authorized,32.980547,-96.767442,2160 N Coit Rd Ste 141,75080,Fri Oct 28 10:13:25 +0000 2016,"RT @rogerkinkaid: dcexaminer: Senate sets hearing on AT&amp;T, Time Warner merger https://t.co/dPf8VKAhm4 https://t.co/25HWgPeACc",Positive,63.9246,general,general,,Twitter
Dallas18,Authorized,32.980547,-96.767442,2160 N Coit Rd Ste 141,75080,Fri Oct 28 10:06:30 +0000 2016,"dcexaminer: Senate sets hearing on AT&amp;T, Time Warner merger https://t.co/dPf8VKAhm4 https://t.co/25HWgPeACc",Positive,63.9246,general,general,,Twitter
Dallas18,Authorized,32.980547,-96.767442,2160 N Coit Rd Ste 141,75080,Fri Oct 28 04:38:05 +0000 2016,"dcexaminer: Senate sets hearing on AT&amp;T, Time Warner merger https://t.co/iQ3B2FWNBX https://t.co/lt2Itb2gER",Positive,63.9246,general,general,,Twitter
Dallas18,Authorized,32.980547,-96.767442,2160 N Coit Rd Ste 141,75080,Fri Oct 28 02:41:36 +0000 2016,"@ATTCares the multiple people I chat with today have been of no help other than ""change your wifi password and dont share it""",Negative,81.4535,general,general,,Twitter
Dallas18,Authorized,32.980547,-96.767442,2160 N Coit Rd Ste 141,75080,Fri Oct 28 02:40:59 +0000 2016,@ATTCares Im over every month.  I was never over any of the months before until you started charging for over 1TB,Negative,80.6960,general,general,,Twitter
Dallas18,Authorized,32.980547,-96.767442,2160 N Coit Rd Ste 141,75080,Fri Oct 28 02:40:35 +0000 2016,"@ATTCares media posts with photos, 350 hours of streaming HD video and 755 hours gaming, that still fall under 1 TB so idk where it thinks",Negative,92.1128,general,general,,Twitter
Dallas18,Authorized,32.980547,-96.767442,2160 N Coit Rd Ste 141,75080,Fri Oct 28 02:40:20 +0000 2016,"@ATTCares can someone please look into your data usage calculator?  even if I sent 40,000 emails, 755 hours of streamed music, 5600 social",Negative,77.7484,general,general,,Twitter
Dallas18,Authorized,32.980547,-96.767442,2160 N Coit Rd Ste 141,75080,Thu Oct 27 23:42:41 +0000 2016,Big smiles from some incredible leaders! @AJ_att_dmdr @anthonyetuggle @Valerie_m_cando #teamcando #lifeatatt https://t.co/f1zxVvAqqi,Positive,72.2567,general,general,,Twitter
Dallas18,Authorized,32.980547,-96.767442,2160 N Coit Rd Ste 141,75080,Thu Oct 27 22:30:47 +0000 2016,@Valerie_m_cando @CJ_ATT Two pivotal parts of our success! Thank you for all that you do. We will miss you Chris!… https://t.co/zmHSCw8EL1,Positive,97.3047,general,general,,Twitter
Dallas18,Authorized,32.980547,-96.767442,2160 N Coit Rd Ste 141,75080,Thu Oct 27 20:23:41 +0000 2016,"RT @Teamcandotx: @CJ_ATT We wish you the best of luck in all your endeavors, and no matter where you go, how high you climb; you will alway…",Positive,95.7880,general,general,,Twitter
Dallas18,Authorized,32.980547,-96.767442,2160 N Coit Rd Ste 141,75080,Thu Oct 27 20:04:13 +0000 2016,@CJ_ATT @Valerie_m_cando @4jbar @anthonyetuggle,Neutral,50.0000,general,general,,Twitter
Dallas18,Authorized,32.980547,-96.767442,2160 N Coit Rd Ste 141,75080,Thu Oct 27 20:02:16 +0000 2016,@CJ_ATT Thank you for the inspiration and CanDO spirit you've given through the years! We will miss you!… https://t.co/d2F0XBxiqm,Positive,94.0842,general,general,,Twitter
Dallas18,Authorized,32.980547,-96.767442,2160 N Coit Rd Ste 141,75080,Thu Oct 27 19:58:03 +0000 2016,"@CJ_ATT We wish you the best of luck in all your endeavors, and no matter where you go, how high you climb; you wil… https://t.co/TuJejVPCV9",Positive,91.9992,general,general,,Twitter
Dallas18,Authorized,32.980547,-96.767442,2160 N Coit Rd Ste 141,75080,Thu Oct 27 19:44:13 +0000 2016,Seems everyone is getting into the Halloween spirit! @AJ_att_dmdr @JennTeamCanDo #teamcando #tugglenation… https://t.co/A3150NGrad,Neutral,53.1358,general,general,,Twitter
Dallas18,Authorized,32.980547,-96.767442,2160 N Coit Rd Ste 141,75080,Thu Oct 27 19:34:15 +0000 2016,RT @darrindjohnsonw: @Teamcandotx @CJ_ATT we will miss you https://t.co/0IYvDoLfYI,Neutral,54.9533,general,general,,Twitter
Dallas18,Authorized,32.980547,-96.767442,2160 N Coit Rd Ste 141,75080,Thu Oct 27 19:29:25 +0000 2016,"AT&amp;T's Time Warner deal is for shareholders, not you https://t.co/Q1Oezd1ly3 - Consumers to pay more. True now for Directv customers like me",Positive,84.6937,directv,general,,Twitter
Dallas18,Authorized,32.980547,-96.767442,2160 N Coit Rd Ste 141,75080,Thu Oct 27 19:13:27 +0000 2016,Shout out to @ATT for not caring about their current loyal customers and only wanting new ones! Def cancelling all services this week.,Negative,93.0342,general,general,,Twitter
Dallas18,Authorized,32.980547,-96.767442,2160 N Coit Rd Ste 141,75080,Thu Oct 27 17:59:04 +0000 2016,@Teamcandotx @CJ_ATT we will miss you https://t.co/0IYvDoLfYI,Neutral,54.9533,general,general,,Twitter
Dallas18,Authorized,32.980547,-96.767442,2160 N Coit Rd Ste 141,75080,Thu Oct 27 16:47:53 +0000 2016,@NDSUbroadcast @bisontailgating @DIRECTV Spectrum?,Neutral,50.0000,directv,general,,Twitter
Dallas18,Authorized,32.980547,-96.767442,2160 N Coit Rd Ste 141,75080,Thu Oct 27 15:44:42 +0000 2016,Verizon and AT&amp;T at center of 3GPP 5G standards fight https://t.co/SXpoTzYISF via @rcrwirelessnews,Neutral,50.0000,general,general,,Twitter
Dallas18,Authorized,32.980547,-96.767442,2160 N Coit Rd Ste 141,75080,Thu Oct 27 10:28:52 +0000 2016,"jlui dis ""att jreflechis jte di a la rentrée"" i mdit ""vsy ok slt"" et i raccroch",Negative,71.9587,general,general,,Twitter
Dallas18,Authorized,32.980547,-96.767442,2160 N Coit Rd Ste 141,75080,Thu Oct 27 02:39:19 +0000 2016,"Thank goodness for the ""reverse SAP"" on Unimas for the Galaxy v. Salt Lake match on DirecTV.",Neutral,61.7848,directv,general,,Twitter
Dallas18,Authorized,32.980547,-96.767442,2160 N Coit Rd Ste 141,75080,Thu Oct 27 00:19:12 +0000 2016,"We had AT&amp;T Uverse in Memphis and it was great. Now we are Time Warner customers, and, well, here is how my tween f… https://t.co/AADOWq8HWu",Positive,99.4205,uverse,general,,Twitter
Dallas18,Authorized,32.980547,-96.767442,2160 N Coit Rd Ste 141,75080,Wed Oct 26 19:35:41 +0000 2016,@nytimesbits @fmanjoo I never underestimate the power of the #HailMary. Enjoying insight on the proposed @ATT @timewarnercable wedding.,Positive,99.8115,general,general,,Twitter
Dallas18,Authorized,32.980547,-96.767442,2160 N Coit Rd Ste 141,75080,Wed Oct 26 17:35:57 +0000 2016,Time Warner moving to Hudson Yards despite deal with AT&amp;T https://t.co/SC0hPlpJ42 #quicktimebuyer,Positive,96.7364,general,general,,Twitter
Dallas18,Authorized,32.980547,-96.767442,2160 N Coit Rd Ste 141,75080,Wed Oct 26 16:17:00 +0000 2016,AT&amp;T CEO Stephenson finally reveals price point for DirecTV Now https://t.co/c5432rKTjk via @DallasBizNews #GROWTHTOEXIT,Positive,71.2174,directv,general,,Twitter
Dallas18,Authorized,32.980547,-96.767442,2160 N Coit Rd Ste 141,75080,Wed Oct 26 15:21:06 +0000 2016,"@timewarner @ATT you just lost another customer.  @Sling you just gained one.  Can't believe how awesome #slingtv is, it's a perfect answer",Negative,75.8827,general,general,,Twitter
Dallas18,Authorized,32.980547,-96.767442,2160 N Coit Rd Ste 141,75080,Wed Oct 26 12:56:34 +0000 2016,RT @artstricklin: ICYMI. AM Edition. 3 years in the making AT&amp;T Byron Nelson to Move to Trinity Forest Golf Club in 2018 https://t.co/jeZL3…,Neutral,60.2368,general,general,,Twitter
Dallas18,Authorized,32.980547,-96.767442,2160 N Coit Rd Ste 141,75080,Wed Oct 26 12:56:25 +0000 2016,ICYMI. AM Edition. 3 years in the making AT&amp;T Byron Nelson to Move to Trinity Forest Golf Club in 2018 https://t.co/jeZL358uUB via @golf_com,Neutral,60.2368,general,general,,Twitter
Dallas18,Authorized,32.980547,-96.767442,2160 N Coit Rd Ste 141,75080,Tue Oct 25 23:00:31 +0000 2016,@ATT @ATTBusiness @ATTDeals My Note 3 was replaced under warranty 04/2016 quit working @ATTCares says no warranty @verizon can you hear me?,Negative,91.2721,general,general,,Twitter
Dallas18,Authorized,32.980547,-96.767442,2160 N Coit Rd Ste 141,75080,Tue Oct 25 22:15:07 +0000 2016,How the AT&amp;T-Time Warner merger could hurt consumers https://t.co/8uE889Dl4d,Neutral,59.4101,general,general,,Twitter
Dallas18,Authorized,32.980547,-96.767442,2160 N Coit Rd Ste 141,75080,Tue Oct 25 22:08:01 +0000 2016,"@timewarner @ATT just canceled my TV, we don't need you and your monopoly.  Thanks for nothing",Negative,71.4345,general,general,,Twitter
Dallas18,Authorized,32.980547,-96.767442,2160 N Coit Rd Ste 141,75080,Tue Oct 25 21:17:09 +0000 2016,"RT @stella_dott: Careers into the classroom, #tech paves the way, https://t.co/H1A7Oyt7RQ @att @ConnectToGood @neprisapp",Neutral,55.0851,general,general,,Twitter
Dallas18,Authorized,32.980547,-96.767442,2160 N Coit Rd Ste 141,75080,Tue Oct 25 20:39:14 +0000 2016,Interaction Design class to day is @ATT's Foundry building. Pretty cool in here. Thanks for hosting us! https://t.co/vPPzvPDWq7,Positive,84.8022,general,general,,Twitter
Dallas18,Authorized,32.980547,-96.767442,2160 N Coit Rd Ste 141,75080,Tue Oct 25 20:38:42 +0000 2016,AT&amp;T Undercuts Cable TV With $35 Internet Streaming Service https://t.co/4bS8b0Y0Gk @scottia https://t.co/d0C9RHizcV,Neutral,51.3085,general,general,,Twitter
Dallas18,Authorized,32.980547,-96.767442,2160 N Coit Rd Ste 141,75080,Tue Oct 25 20:08:09 +0000 2016,Behold the glory that is Bloomberg’s 404 https://t.co/9ARQVa6jBf,Neutral,50.0000,general,general,,Twitter
Dallas18,Authorized,32.980547,-96.767442,2160 N Coit Rd Ste 141,75080,Tue Oct 25 19:56:20 +0000 2016,AT&amp;T Managing Presidential Emails On Webserver From 1997! https://t.co/aBHNO6aqWW .,Neutral,50.0000,general,general,,Twitter
Dallas18,Authorized,32.980547,-96.767442,2160 N Coit Rd Ste 141,75080,Tue Oct 25 19:30:33 +0000 2016,"@Lana Time Warner, but my parents like Directv better.",Positive,89.1669,directv,general,,Twitter
Dallas18,Authorized,32.980547,-96.767442,2160 N Coit Rd Ste 141,75080,Tue Oct 25 18:58:39 +0000 2016,#AT_T will offer $35 subscription with 100 channels and includes mobile streaming https://t.co/KVpainvPld @scottia https://t.co/q9d72faN8z,Positive,66.8908,general,general,,Twitter
Dallas18,Authorized,32.980547,-96.767442,2160 N Coit Rd Ste 141,75080,Tue Oct 25 18:20:44 +0000 2016,AT&amp;T will offer $35 subscription with 100 channels and includes mobile streaming https://t.co/EN1UVWnQ31 https://t.co/G1fnE38qr4,Positive,66.8908,general,general,,Twitter
Dallas18,Authorized,32.980547,-96.767442,2160 N Coit Rd Ste 141,75080,Tue Oct 25 18:15:16 +0000 2016,AT&amp;T’s streaming TV service will include over 100 channels for $35 per month https://t.co/DaG3QGp0PI @scottia https://t.co/q1oguVddHh,Neutral,56.2551,general,general,,Twitter
Dallas18,Authorized,32.980547,-96.767442,2160 N Coit Rd Ste 141,75080,Tue Oct 25 17:36:36 +0000 2016,"#ATT #TWX #Merger “AT&amp;T’s Business Transformation: From Connectivity, to Services to Experiences” by @Infosys https://t.co/QR8G1t3ANm",Neutral,58.8878,general,general,,Twitter
Dallas18,Authorized,32.980547,-96.767442,2160 N Coit Rd Ste 141,75080,Tue Oct 25 16:59:42 +0000 2016,"Careers into the classroom, #tech paves the way, https://t.co/H1A7Oyt7RQ @att @ConnectToGood @neprisapp",Neutral,55.0851,general,general,,Twitter
Dallas18,Authorized,32.980547,-96.767442,2160 N Coit Rd Ste 141,75080,Tue Oct 25 15:19:18 +0000 2016,An #AT_T-#Time_Warner Merger Won’t Do Jack for Consumers https://t.co/GkG5zr1GcY @scottia https://t.co/4llMGlqZRC,Neutral,58.3865,general,general,,Twitter
Dallas18,Authorized,32.980547,-96.767442,2160 N Coit Rd Ste 141,75080,Tue Oct 25 14:37:43 +0000 2016,"""AT&amp;T Set to Lobby for Merger With Deep Pockets and a Big Network"" by CECILIA KANG and ERIC LIPTON via NYT https://t.co/LtwK5fEq9j (Octobe…",Positive,80.7780,general,general,,Twitter
Dallas18,Authorized,32.980547,-96.767442,2160 N Coit Rd Ste 141,75080,Tue Oct 25 14:04:55 +0000 2016,@sprintforward I'm good @ATT got me on the hook up,Negative,65.3871,general,general,,Twitter
Dallas18,Authorized,32.980547,-96.767442,2160 N Coit Rd Ste 141,75080,Tue Oct 25 12:38:54 +0000 2016,Here's what consumers might get out of a combined AT&amp;T-Time Warner https://t.co/D2J7XWUOm2 @scottia https://t.co/ZqOJ8hNt3W,Negative,79.4132,general,general,,Twitter
Dallas18,Authorized,32.980547,-96.767442,2160 N Coit Rd Ste 141,75080,Tue Oct 25 07:43:13 +0000 2016,#Netflix CEO reacts to AT&amp;T and #Time_Warner deal https://t.co/3fPhhXnu4K @scottia https://t.co/3yFDElgwcl,Positive,83.9710,general,general,,Twitter
Dallas18,Authorized,32.980547,-96.767442,2160 N Coit Rd Ste 141,75080,Tue Oct 25 06:06:28 +0000 2016,RT @scottia: #Netflix’s #Reed_Hastings believes AT&amp;T #Time_Warner merger could be good for consumers https://t.co/ab8puDlgi1 @scottia https…,Negative,80.0446,general,general,,Twitter
Dallas18,Authorized,32.980547,-96.767442,2160 N Coit Rd Ste 141,75080,Tue Oct 25 05:59:07 +0000 2016,#Netflix’s #Reed_Hastings believes AT&amp;T #Time_Warner merger could be good for consumers https://t.co/ab8puDlgi1… https://t.co/NTOLPzYjCe,Negative,80.0446,general,general,,Twitter
Dallas18,Authorized,32.980547,-96.767442,2160 N Coit Rd Ste 141,75080,Tue Oct 25 05:40:10 +0000 2016,Netflix’s Reed Hastings believes AT&amp;T Time Warner merger could be good for consumers https://t.co/4iek9PgAZv https://t.co/oUN2dj4Xlo,Negative,69.3597,general,general,,Twitter
Dallas18,Authorized,32.980547,-96.767442,2160 N Coit Rd Ste 141,75080,Tue Oct 25 02:51:22 +0000 2016,@Brandonnnnn69 @Kid_Estrada90 it got bought out by att so higher prices,Negative,72.5753,general,general,,Twitter
Dallas18,Authorized,32.980547,-96.767442,2160 N Coit Rd Ste 141,75080,Tue Oct 25 01:59:27 +0000 2016,RT if you think @ATT should provide a hotel for me and my roommates to stay in since our powers going to be out till 1am because of them,Negative,82.5943,general,general,,Twitter
Dallas18,Authorized,32.980547,-96.767442,2160 N Coit Rd Ste 141,75080,Tue Oct 25 01:57:18 +0000 2016,"@att so yeah our powers out. one of your workers cut a wire or something during the ""gigapower"" installation. Can y'all buy us a hotel?",Negative,87.7453,general,product installation,,Twitter
Dallas18,Authorized,32.980547,-96.767442,2160 N Coit Rd Ste 141,75080,Tue Oct 25 01:17:05 +0000 2016,"Rodgers, Pre-Deflategate:
COMP%: 65.8
YD/ATT: 8.2
Rating: 106.0
Rodgers, Post-Deflategate:
COMP%: 60.6
YD/ATT: 6.6
Rating: 91.7 
Kinda weird",Negative,67.8538,general,general,,Twitter
Dallas18,Authorized,32.980547,-96.767442,2160 N Coit Rd Ste 141,75080,Tue Oct 25 00:37:14 +0000 2016,.@GarthBrooks has made more than a few memories throughout his career. 🎶 Congrats to the #1 solo artist in history… https://t.co/gjaS9qj2xm,Positive,97.8446,general,general,,Twitter
Dallas18,Authorized,32.980547,-96.767442,2160 N Coit Rd Ste 141,75080,Tue Oct 25 00:12:53 +0000 2016,"""AT&amp;T-Time Warner Deal Is a Strike in the Dark"" by FARHAD MANJOO via NYT https://t.co/PU7KphRhYu (October 23, 2016 at 07:00PM)",Positive,78.2583,general,general,,Twitter
Dallas18,Authorized,32.980547,-96.767442,2160 N Coit Rd Ste 141,75080,Mon Oct 24 23:29:45 +0000 2016,"If anyone wants the hookup with DirecTV hmu , I got connects 😏",Positive,76.2822,directv,general,,Twitter
Dallas18,Authorized,32.980547,-96.767442,2160 N Coit Rd Ste 141,75080,Mon Oct 24 19:53:28 +0000 2016,AT&amp;T Managing Presidential Emails On Webserver From 1997! https://t.co/Zx4ORvqOcs .,Neutral,50.0000,general,general,,Twitter
Dallas18,Authorized,32.980547,-96.767442,2160 N Coit Rd Ste 141,75080,Mon Oct 24 19:50:17 +0000 2016,Look at this goddamn chart https://t.co/m5VUgxnAyS @scottia https://t.co/cJKsAv8Hf1,Neutral,53.7954,general,general,,Twitter
Dallas18,Authorized,32.980547,-96.767442,2160 N Coit Rd Ste 141,75080,Mon Oct 24 19:28:45 +0000 2016,I'm disappointed to find out that @ATT is not actually buying Time Warner Cable. https://t.co/qPlLZVEg4N,Negative,78.9133,general,general,,Twitter
Dallas18,Authorized,32.980547,-96.767442,2160 N Coit Rd Ste 141,75080,Mon Oct 24 18:46:21 +0000 2016,"The AT&amp;T-Time Warner deal would be a disaster for the public interest
https://t.co/kWGduN79mQ",Negative,79.6254,general,general,,Twitter
Dallas18,Authorized,32.980547,-96.767442,2160 N Coit Rd Ste 141,75080,Mon Oct 24 18:46:15 +0000 2016,The new AT&amp;T could control the path from the cable box to your phone https://t.co/Tm27liJ2Et @scottia https://t.co/g0dJBP88hq,Neutral,50.8876,general,general,,Twitter
Dallas18,Authorized,32.980547,-96.767442,2160 N Coit Rd Ste 141,75080,Mon Oct 24 18:19:30 +0000 2016,#MAGA #WIKILEAKS #VOTETrump Signup4 @directv using my link 2save! I love DIRECTV &amp; you’ll love it too. #DIRECTV… https://t.co/dxBvZgn8gZ,Positive,89.3742,directv,general,,Twitter
Dallas18,Authorized,32.980547,-96.767442,2160 N Coit Rd Ste 141,75080,Mon Oct 24 18:16:50 +0000 2016,"This tweet is overdue, but thanks @ATTCares @Uverse for the great #customerservice! Your team identified the issue and made things right!",Positive,95.6582,uverse,general,,Twitter
Dallas18,Authorized,32.980547,-96.767442,2160 N Coit Rd Ste 141,75080,Mon Oct 24 16:23:30 +0000 2016,I really hope that this att time Warner deal doesn't go through,Neutral,57.4655,general,general,,Twitter
Dallas18,Authorized,32.980547,-96.767442,2160 N Coit Rd Ste 141,75080,Mon Oct 24 15:21:09 +0000 2016,"New TIME story in Tech : The History of AT&amp;T’s Long Evolution Into a Technology Powerhouse : https://t.co/EFs2Lg4LrT(October 24, 2016 at 1…",Neutral,61.6810,general,general,,Twitter
Dallas18,Authorized,32.980547,-96.767442,2160 N Coit Rd Ste 141,75080,Mon Oct 24 13:49:33 +0000 2016,BreitbartNews: Sure. https://t.co/rIxXMdBYVG,Neutral,53.2708,general,general,,Twitter
Dallas18,Authorized,32.980547,-96.767442,2160 N Coit Rd Ste 141,75080,Mon Oct 24 12:35:19 +0000 2016,"#AT_T, #Time_Warner unveil massive $85 billion #merger with zero benefit for #consumers https://t.co/l0fG2IHWWS… https://t.co/1XUiUoKKPL",Negative,72.3587,general,general,,Twitter
Dallas18,Authorized,32.980547,-96.767442,2160 N Coit Rd Ste 141,75080,Mon Oct 24 04:38:58 +0000 2016,@TomKellyShow DIRECTV only allowed 9pm stream so at 11:36 I'm on AMC tv with chrome cast.  I feel like i should prequalified for something.,Negative,98.3653,directv,general,,Twitter
Dallas18,Authorized,32.980547,-96.767442,2160 N Coit Rd Ste 141,75080,Mon Oct 24 03:12:08 +0000 2016,Why does @ATT + @DIRECTV + @TWC NOT equal monopoly? #Google.,Negative,87.2084,directv,general,,Twitter
Dallas18,Authorized,32.980547,-96.767442,2160 N Coit Rd Ste 141,75080,Mon Oct 24 01:47:26 +0000 2016,AT&amp;T Managing Presidential Emails On Webserver From 1997! https://t.co/GkiQWr1ywo,Neutral,50.0000,general,general,,Twitter
Dallas18,Authorized,32.980547,-96.767442,2160 N Coit Rd Ste 141,75080,Mon Oct 24 00:17:12 +0000 2016,"DRUDGE_REPORT: Mega-Merger, Mega-Debt... https://t.co/BDMdMrefxm",Neutral,50.0000,general,general,,Twitter
Dallas18,Authorized,32.980547,-96.767442,2160 N Coit Rd Ste 141,75080,Sun Oct 23 23:44:55 +0000 2016,Ranked Choice Voting is simple genius. Let's make this happen nationwide. #tcot #gop #trump #hillary #vote #rcv https://t.co/XEvyoEDKGg,Positive,83.8954,general,general,,Twitter
Dallas18,Authorized,32.980547,-96.767442,2160 N Coit Rd Ste 141,75080,Fri Oct 28 02:41:36 +0000 2016,"@ATTCares the multiple people I chat with today have been of no help other than ""change your wifi password and dont share it""",Negative,81.4535,general,general,,Twitter
Dallas18,Authorized,32.980547,-96.767442,2160 N Coit Rd Ste 141,75080,Fri Oct 28 02:40:59 +0000 2016,@ATTCares Im over every month.  I was never over any of the months before until you started charging for over 1TB,Negative,80.6960,general,general,,Twitter
Dallas18,Authorized,32.980547,-96.767442,2160 N Coit Rd Ste 141,75080,Fri Oct 28 02:40:35 +0000 2016,"@ATTCares media posts with photos, 350 hours of streaming HD video and 755 hours gaming, that still fall under 1 TB so idk where it thinks",Negative,92.1128,general,general,,Twitter
Dallas18,Authorized,32.980547,-96.767442,2160 N Coit Rd Ste 141,75080,Fri Oct 28 02:40:20 +0000 2016,"@ATTCares can someone please look into your data usage calculator?  even if I sent 40,000 emails, 755 hours of streamed music, 5600 social",Negative,77.7484,general,general,,Twitter
Dallas18,Authorized,32.980547,-96.767442,2160 N Coit Rd Ste 141,75080,Thu Oct 27 19:13:27 +0000 2016,Shout out to @ATT for not caring about their current loyal customers and only wanting new ones! Def cancelling all services this week.,Negative,93.0342,general,general,,Twitter
Dallas18,Authorized,32.980547,-96.767442,2160 N Coit Rd Ste 141,75080,Thu Oct 27 16:47:53 +0000 2016,@NDSUbroadcast @bisontailgating @DIRECTV Spectrum?,Neutral,50.0000,directv,general,,Twitter
Dallas18,Authorized,32.980547,-96.767442,2160 N Coit Rd Ste 141,75080,Wed Oct 26 19:35:41 +0000 2016,@nytimesbits @fmanjoo I never underestimate the power of the #HailMary. Enjoying insight on the proposed @ATT @timewarnercable wedding.,Positive,99.8115,general,general,,Twitter
Dallas18,Authorized,32.980547,-96.767442,2160 N Coit Rd Ste 141,75080,Wed Oct 26 15:21:06 +0000 2016,"@timewarner @ATT you just lost another customer.  @Sling you just gained one.  Can't believe how awesome #slingtv is, it's a perfect answer",Negative,75.8827,general,general,,Twitter
Dallas18,Authorized,32.980547,-96.767442,2160 N Coit Rd Ste 141,75080,Tue Oct 25 23:00:31 +0000 2016,@ATT @ATTBusiness @ATTDeals My Note 3 was replaced under warranty 04/2016 quit working @ATTCares says no warranty @verizon can you hear me?,Negative,91.2721,general,general,,Twitter
Dallas18,Authorized,32.980547,-96.767442,2160 N Coit Rd Ste 141,75080,Tue Oct 25 22:08:01 +0000 2016,"@timewarner @ATT just canceled my TV, we don't need you and your monopoly.  Thanks for nothing",Negative,71.4345,general,general,,Twitter
Dallas18,Authorized,32.980547,-96.767442,2160 N Coit Rd Ste 141,75080,Tue Oct 25 21:17:09 +0000 2016,"RT @stella_dott: Careers into the classroom, #tech paves the way, https://t.co/H1A7Oyt7RQ @att @ConnectToGood @neprisapp",Neutral,55.0851,general,general,,Twitter
Dallas18,Authorized,32.980547,-96.767442,2160 N Coit Rd Ste 141,75080,Tue Oct 25 20:39:14 +0000 2016,Interaction Design class to day is @ATT's Foundry building. Pretty cool in here. Thanks for hosting us! https://t.co/vPPzvPDWq7,Positive,84.8022,general,general,,Twitter
Dallas18,Authorized,32.980547,-96.767442,2160 N Coit Rd Ste 141,75080,Tue Oct 25 16:59:42 +0000 2016,"Careers into the classroom, #tech paves the way, https://t.co/H1A7Oyt7RQ @att @ConnectToGood @neprisapp",Neutral,55.0851,general,general,,Twitter
Dallas18,Authorized,32.980547,-96.767442,2160 N Coit Rd Ste 141,75080,Tue Oct 25 14:04:55 +0000 2016,@sprintforward I'm good @ATT got me on the hook up,Negative,65.3871,general,general,,Twitter
Dallas18,Authorized,32.980547,-96.767442,2160 N Coit Rd Ste 141,75080,Tue Oct 25 01:59:27 +0000 2016,RT if you think @ATT should provide a hotel for me and my roommates to stay in since our powers going to be out till 1am because of them,Negative,82.5943,general,general,,Twitter
Dallas18,Authorized,32.980547,-96.767442,2160 N Coit Rd Ste 141,75080,Tue Oct 25 01:57:18 +0000 2016,"@att so yeah our powers out. one of your workers cut a wire or something during the ""gigapower"" installation. Can y'all buy us a hotel?",Negative,87.7453,general,product installation,,Twitter
Dallas18,Authorized,32.980547,-96.767442,2160 N Coit Rd Ste 141,75080,Mon Oct 24 19:28:45 +0000 2016,I'm disappointed to find out that @ATT is not actually buying Time Warner Cable. https://t.co/qPlLZVEg4N,Negative,78.9133,general,general,,Twitter
Dallas18,Authorized,32.980547,-96.767442,2160 N Coit Rd Ste 141,75080,Mon Oct 24 18:19:30 +0000 2016,#MAGA #WIKILEAKS #VOTETrump Signup4 @directv using my link 2save! I love DIRECTV &amp; you’ll love it too. #DIRECTV… https://t.co/dxBvZgn8gZ,Positive,89.3742,directv,general,,Twitter
Dallas18,Authorized,32.980547,-96.767442,2160 N Coit Rd Ste 141,75080,Mon Oct 24 18:16:50 +0000 2016,"This tweet is overdue, but thanks @ATTCares @Uverse for the great #customerservice! Your team identified the issue and made things right!",Positive,95.6582,uverse,general,,Twitter
Dallas18,Authorized,32.980547,-96.767442,2160 N Coit Rd Ste 141,75080,Mon Oct 24 03:12:08 +0000 2016,Why does @ATT + @DIRECTV + @TWC NOT equal monopoly? #Google.,Negative,87.2084,directv,general,,Twitter
Dallas18,Authorized,32.980547,-96.767442,2160 N Coit Rd Ste 141,75080,Sat Oct 22 22:36:58 +0000 2016,My @Uverse DVR was unceremoniously updated this morning as I watched. Black hat or preemptive patch update after yesterday. Hmm.,Negative,85.2941,uverse,general,,Twitter
Dallas18,Authorized,32.980547,-96.767442,2160 N Coit Rd Ste 141,75080,Sat Oct 22 19:56:25 +0000 2016,No @Uverse already sucks. Where will I go when I finally get fed up? https://t.co/clWyY63dKJ,Negative,90.2888,uverse,general,,Twitter
Dallas18,Authorized,32.980547,-96.767442,2160 N Coit Rd Ste 141,75080,Sat Oct 22 18:45:25 +0000 2016,First @DIRECTV and now Time Warner. @ATT is going all out in cable. https://t.co/Lbl5YbFVSf,Neutral,58.9900,directv,general,,Twitter
Dallas18,Authorized,32.980547,-96.767442,2160 N Coit Rd Ste 141,75080,Fri Oct 21 21:15:42 +0000 2016,I just checked in @ATT with #mPLUSPlaces Download today!  https://t.co/kmmkcolVK7,Neutral,57.5572,general,general,,Twitter
Dallas18,Authorized,32.980547,-96.767442,2160 N Coit Rd Ste 141,75080,Fri Oct 21 19:26:56 +0000 2016,@ATTCares I need help finding out if my phone is payed off,Neutral,53.2586,general,general,,Twitter
Dallas18,Authorized,32.980547,-96.767442,2160 N Coit Rd Ste 141,75080,Fri Oct 21 15:40:12 +0000 2016,"@FoxNews @WSJ @ATT Nooooo!  I have my ""net"" with them, and AT &amp;T is just awful people say!!",Negative,99.9941,general,general,,Twitter
Dallas18,Authorized,32.980547,-96.767442,2160 N Coit Rd Ste 141,75080,Wed Oct 19 21:11:36 +0000 2016,I just checked in @ATT with #mPLUSPlaces Download today!  https://t.co/kmmkcolVK7,Neutral,57.5572,general,general,,Twitter
Dallas18,Authorized,32.980547,-96.767442,2160 N Coit Rd Ste 141,75080,Wed Oct 19 18:36:02 +0000 2016,#teamcando #tugglenation We wear Pink because we support Breast Cancer Awareness! #BreastCancerAwarenessMonth… https://t.co/9DnCmIpi6B,Positive,81.0151,general,general,,Twitter
Dallas18,Authorized,32.980547,-96.767442,2160 N Coit Rd Ste 141,75080,Wed Oct 19 18:35:01 +0000 2016,@ATTCares I am still experiencing issues with my DirectTV Service. Your Customer Support is no help!,Neutral,60.9694,general,general,,Twitter
Dallas18,Authorized,32.980547,-96.767442,2160 N Coit Rd Ste 141,75080,Tue Oct 25 17:36:36 +0000 2016,"#ATT #TWX #Merger “AT&amp;T’s Business Transformation: From Connectivity, to Services to Experiences” by @Infosys https://t.co/QR8G1t3ANm",Neutral,58.8878,general,general,,Twitter
Dallas18,Authorized,32.980547,-96.767442,2160 N Coit Rd Ste 141,75080,Mon Oct 24 18:19:30 +0000 2016,#MAGA #WIKILEAKS #VOTETrump Signup4 @directv using my link 2save! I love DIRECTV &amp; you’ll love it too. #DIRECTV… https://t.co/dxBvZgn8gZ,Positive,89.3742,directv,general,,Twitter
Dallas18,Authorized,32.980547,-96.767442,2160 N Coit Rd Ste 141,75080,Sun Oct 23 14:32:35 +0000 2016,😂😂😂😂 #TimeWarner + #ATT = #TWATT https://t.co/NsyvVvFEro,Negative,68.0071,general,general,,Twitter
Dallas18,Authorized,32.980547,-96.767442,2160 N Coit Rd Ste 141,75080,Sat Oct 22 19:45:41 +0000 2016,@WSJ I'm gonna have dinner with #MaBell sooner than later. She's been a part of my family's life for more than 60 years. #ATT #TimeWarner,Positive,96.6016,general,general,,Twitter
