Dallas1,Corporate,32.776664,-96.796988,"208 S Akard Street, Ste 110",75202,Wed Oct 19 13:26:31 +0000 2016,T-minus 2 hours until the Everything is Fine Webcast! AT&amp;T employees can tune in at https://t.co/vLdzH826xu… https://t.co/theJLvanti,Negative,82.3660,general,general,,Twitter
Dallas1,Corporate,32.776664,-96.796988,"208 S Akard Street, Ste 110",75202,Wed Oct 19 13:16:53 +0000 2016,RT @ATT: Welcome to the team! @taylorswift13 https://t.co/4h86nLYuLo https://t.co/gAHOi7fPrZ,Positive,84.3125,general,general,,Twitter
Dallas1,Corporate,32.776664,-96.796988,"208 S Akard Street, Ste 110",75202,Wed Oct 19 13:10:41 +0000 2016,.@DtownDallasInc @ATT Come see us @browderstplaza for lunch today! #grilledcheese #att #DowntownDallas #lunch https://t.co/Ys6krkrdId,Positive,79.0316,general,general,,Twitter
Dallas1,Corporate,32.776664,-96.796988,"208 S Akard Street, Ste 110",75202,Wed Oct 19 13:02:21 +0000 2016,RT @attJOBS: Our employees broke records with @Stop_Hunger_Now at our ERG Conference! Learn how they made an #ATTimpact:  https://t.co/3s0Z…,Neutral,54.1326,general,general,,Twitter
Dallas1,Corporate,32.776664,-96.796988,"208 S Akard Street, Ste 110",75202,Wed Oct 19 12:51:28 +0000 2016,Our employees broke records with @Stop_Hunger_Now at our ERG Conference! Learn how they made an #ATTimpact:… https://t.co/5Yf3WUNoRx,Neutral,54.1326,general,general,,Twitter
Dallas1,Corporate,32.776664,-96.796988,"208 S Akard Street, Ste 110",75202,Wed Oct 19 12:12:33 +0000 2016,RT @ATT: Welcome to the team! @taylorswift13 https://t.co/4h86nLYuLo https://t.co/gAHOi7fPrZ,Positive,84.3125,general,general,,Twitter
Dallas1,Corporate,32.776664,-96.796988,"208 S Akard Street, Ste 110",75202,Wed Oct 19 11:35:37 +0000 2016,RT @ATT: Welcome to the team! @taylorswift13 https://t.co/4h86nLYuLo https://t.co/gAHOi7fPrZ,Positive,84.3125,general,general,,Twitter
Dallas1,Corporate,32.776664,-96.796988,"208 S Akard Street, Ste 110",75202,Wed Oct 19 11:32:14 +0000 2016,"New media agency lands AT&amp;T, opens shop in Dallas and plans to hire 100 people https://t.co/mC5VKqTbwN",Neutral,56.5613,general,general,,Twitter
Dallas1,Corporate,32.776664,-96.796988,"208 S Akard Street, Ste 110",75202,Wed Oct 19 11:00:01 +0000 2016,Need to cancel an AT&amp;T Workforce Manager order? Take a look at our tutorial at https://t.co/mm5DGoRC18 https://t.co/CDsDLy4Ngz,Positive,82.3150,general,general,,Twitter
Dallas1,Corporate,32.776664,-96.796988,"208 S Akard Street, Ste 110",75202,Wed Oct 19 10:53:18 +0000 2016,RT @attJOBS: See what #LifeAtATT is like for the women of AT&amp;T: https://t.co/9rguQ7QaFV https://t.co/xsQ0cX6Inq,Neutral,53.9175,general,general,,Twitter
Dallas1,Corporate,32.776664,-96.796988,"208 S Akard Street, Ste 110",75202,Wed Oct 19 10:17:29 +0000 2016,RT @ATT: Welcome to the team! @taylorswift13 https://t.co/4h86nLYuLo https://t.co/gAHOi7fPrZ,Positive,84.3125,general,general,,Twitter
Dallas1,Corporate,32.776664,-96.796988,"208 S Akard Street, Ste 110",75202,Wed Oct 19 09:24:56 +0000 2016,RT @ATT: Welcome to the team! @taylorswift13 https://t.co/4h86nLYuLo https://t.co/gAHOi7fPrZ,Positive,84.3125,general,general,,Twitter
Dallas1,Corporate,32.776664,-96.796988,"208 S Akard Street, Ste 110",75202,Wed Oct 19 07:43:27 +0000 2016,RT @ATT: Welcome to the team! @taylorswift13 https://t.co/4h86nLYuLo https://t.co/gAHOi7fPrZ,Positive,84.3125,general,general,,Twitter
Dallas1,Corporate,32.776664,-96.796988,"208 S Akard Street, Ste 110",75202,Wed Oct 19 07:33:18 +0000 2016,RT @ATT: Welcome to the team! @taylorswift13 https://t.co/4h86nLYuLo https://t.co/gAHOi7fPrZ,Positive,84.3125,general,general,,Twitter
Dallas1,Corporate,32.776664,-96.796988,"208 S Akard Street, Ste 110",75202,Wed Oct 19 07:11:58 +0000 2016,RT @ATT: Welcome to the team! @taylorswift13 https://t.co/4h86nLYuLo https://t.co/gAHOi7fPrZ,Positive,84.3125,general,general,,Twitter
Dallas1,Corporate,32.776664,-96.796988,"208 S Akard Street, Ste 110",75202,Wed Oct 19 06:24:35 +0000 2016,RT @ATT: Welcome to the team! @taylorswift13 https://t.co/4h86nLYuLo https://t.co/gAHOi7fPrZ,Positive,84.3125,general,general,,Twitter
Dallas1,Corporate,32.776664,-96.796988,"208 S Akard Street, Ste 110",75202,Wed Oct 19 06:24:11 +0000 2016,https://t.co/DCARd26t4R,Neutral,50.0000,general,general,,Twitter
Dallas1,Corporate,32.776664,-96.796988,"208 S Akard Street, Ste 110",75202,Wed Oct 19 06:19:41 +0000 2016,RT @ATT: Welcome to the team! @taylorswift13 https://t.co/4h86nLYuLo https://t.co/gAHOi7fPrZ,Positive,84.3125,general,general,,Twitter
Dallas1,Corporate,32.776664,-96.796988,"208 S Akard Street, Ste 110",75202,Wed Oct 19 06:18:39 +0000 2016,RT @ATT: Welcome to the team! @taylorswift13 https://t.co/4h86nLYuLo https://t.co/gAHOi7fPrZ,Positive,84.3125,general,general,,Twitter
Dallas1,Corporate,32.776664,-96.796988,"208 S Akard Street, Ste 110",75202,Wed Oct 19 05:50:12 +0000 2016,RT @JordanSpieth: .@NotahBegay3 with the birdie for Team @ATT at the #SpiethShootout https://t.co/ssL2vULkxd,Positive,67.0439,general,general,,Twitter
Dallas1,Corporate,32.776664,-96.796988,"208 S Akard Street, Ste 110",75202,Wed Oct 19 05:06:02 +0000 2016,FUCKIN UVERSE DIDNT RECORD ALL OF ATLANTA FOR ME IM SICK,Neutral,51.2372,uverse,general,,Twitter
Dallas1,Corporate,32.776664,-96.796988,"208 S Akard Street, Ste 110",75202,Wed Oct 19 04:49:12 +0000 2016,RT @RickTweetTweet: Listen: Life At AT&amp;T Podcast with 3  #Women Vice Presidents #LifeatATT  #WomenLeaders #ATTDiversity https://t.co/MsMDVK…,Positive,82.4150,general,general,,Twitter
Dallas1,Corporate,32.776664,-96.796988,"208 S Akard Street, Ste 110",75202,Wed Oct 19 04:47:48 +0000 2016,https://t.co/WpgKW3vPOD,Neutral,50.0000,general,general,,Twitter
Dallas1,Corporate,32.776664,-96.796988,"208 S Akard Street, Ste 110",75202,Wed Oct 19 04:41:00 +0000 2016,I'm watching Munyar Rhazy https://t.co/0rPZUwryge via @sharethis,Negative,65.2630,general,general,,Twitter
Dallas1,Corporate,32.776664,-96.796988,"208 S Akard Street, Ste 110",75202,Wed Oct 19 04:34:52 +0000 2016,@Uverse I'm not paying anything bill until you get this service fixed. #notmeetingservicelevel #tiredofcallingcustomersupport #uversesucks,Negative,74.2397,uverse,general,,Twitter
Dallas1,Corporate,32.776664,-96.796988,"208 S Akard Street, Ste 110",75202,Wed Oct 19 03:55:49 +0000 2016,"@OmarCorrea Rock star speeds just for you, Omar! 👍 https://t.co/u1hBT5Wj7Z",Negative,64.0341,general,general,,Twitter
Dallas1,Corporate,32.776664,-96.796988,"208 S Akard Street, Ste 110",75202,Wed Oct 19 03:51:07 +0000 2016,"@ATTCares they chose to fill a full 16:9 screen when original film is 2.40:1, changing original vision. Who makes these choices?",Negative,77.1329,general,general,,Twitter
Dallas1,Corporate,32.776664,-96.796988,"208 S Akard Street, Ste 110",75202,Wed Oct 19 03:43:38 +0000 2016,"@ATTCares Ondemand movie being played. TV is set correct. The problem is distributor/broadcaster choices, not hardware on my end.",Negative,96.6084,general,general,,Twitter
Dallas1,Corporate,32.776664,-96.796988,"208 S Akard Street, Ste 110",75202,Wed Oct 19 03:30:49 +0000 2016,@ATT when are you guys going to get a faster internet speed?,Negative,81.0927,general,general,,Twitter
Dallas1,Corporate,32.776664,-96.796988,"208 S Akard Street, Ste 110",75202,Wed Oct 19 03:25:40 +0000 2016,"RT @RickTweetTweet: Women in Tech Q&amp;A: Kay Kapoor - President, AT&amp;T Global Business-Public Sector #WomeninTech #LifeAtATT https://t.co/SRsJ…",Neutral,50.0000,general,general,,Twitter
Dallas1,Corporate,32.776664,-96.796988,"208 S Akard Street, Ste 110",75202,Wed Oct 19 03:21:54 +0000 2016,@ATTCares the arts district,Neutral,50.0000,general,general,,Twitter
Dallas1,Corporate,32.776664,-96.796988,"208 S Akard Street, Ste 110",75202,Wed Oct 19 03:10:09 +0000 2016,RT @EJHolland247: 👎🏻👎🏻👎🏻 Team @ATT  https://t.co/sbavZ9EPEX,Neutral,59.8378,general,general,,Twitter
Dallas1,Corporate,32.776664,-96.796988,"208 S Akard Street, Ste 110",75202,Wed Oct 19 03:09:25 +0000 2016,👎🏻👎🏻👎🏻 Team @ATT  https://t.co/sbavZ9EPEX,Neutral,59.8378,general,general,,Twitter
Dallas1,Corporate,32.776664,-96.796988,"208 S Akard Street, Ste 110",75202,Wed Oct 19 02:48:25 +0000 2016,"Dear @ATT and @Uverse, please stop center crop. If a movie was shot in 2.35:1 it should be broadcasted that way. I want my money back.",Negative,100.0000,uverse,general,,Twitter
Dallas1,Corporate,32.776664,-96.796988,"208 S Akard Street, Ste 110",75202,Wed Oct 19 02:43:56 +0000 2016,RT @RickTweetTweet: Listen: Life At AT&amp;T Podcast with 3  #Women Vice Presidents #LifeatATT  #WomenLeaders #ATTDiversity https://t.co/MsMDVK…,Positive,82.4150,general,general,,Twitter
Dallas1,Corporate,32.776664,-96.796988,"208 S Akard Street, Ste 110",75202,Wed Oct 19 02:42:44 +0000 2016,@ATTCares I'm steaming #nextflix but it's all of sudden figured out the probs. We're good for now. Thanks for responding.  :),Negative,97.8558,general,general,,Twitter
Dallas1,Corporate,32.776664,-96.796988,"208 S Akard Street, Ste 110",75202,Wed Oct 19 02:37:34 +0000 2016,RT @RickTweetTweet: Listen: Life At AT&amp;T Podcast with 3  #Women Vice Presidents #LifeatATT  #WomenLeaders #ATTDiversity https://t.co/MsMDVK…,Positive,82.4150,general,general,,Twitter
Dallas1,Corporate,32.776664,-96.796988,"208 S Akard Street, Ste 110",75202,Wed Oct 19 02:36:59 +0000 2016,RT @RickTweetTweet: Listen: Life At AT&amp;T Podcast with 3  #Women Vice Presidents #LifeatATT  #WomenLeaders #ATTDiversity https://t.co/MsMDVK…,Positive,82.4150,general,general,,Twitter
Dallas1,Corporate,32.776664,-96.796988,"208 S Akard Street, Ste 110",75202,Wed Oct 19 02:36:09 +0000 2016,"RT @RickTweetTweet: Women in Tech Q&amp;A: Kay Kapoor - President, AT&amp;T Global Business-Public Sector #WomeninTech #LifeAtATT https://t.co/SRsJ…",Neutral,50.0000,general,general,,Twitter
Dallas1,Corporate,32.776664,-96.796988,"208 S Akard Street, Ste 110",75202,Wed Oct 19 02:36:03 +0000 2016,RT @ATT: Welcome to the team! @taylorswift13 https://t.co/4h86nLYuLo https://t.co/gAHOi7fPrZ,Positive,84.3125,general,general,,Twitter
Dallas1,Corporate,32.776664,-96.796988,"208 S Akard Street, Ste 110",75202,Wed Oct 19 02:26:57 +0000 2016,@bobskoda @tine712 @Braveheart_USA We have One America News OANN on UVERSE,Neutral,57.1093,uverse,general,,Twitter
Dallas1,Corporate,32.776664,-96.796988,"208 S Akard Street, Ste 110",75202,Wed Oct 19 02:26:08 +0000 2016,"Gotta love that one bar, @ATTCares. https://t.co/IduQedlep6",Positive,89.1947,general,general,,Twitter
Dallas1,Corporate,32.776664,-96.796988,"208 S Akard Street, Ste 110",75202,Wed Oct 19 02:24:57 +0000 2016,"RT @attJOBS: To all of you out there who help us step up, #HappyNationalBossDay! https://t.co/hgBREvB3ud https://t.co/fxoi064RG8",Positive,93.4948,general,general,,Twitter
Dallas1,Corporate,32.776664,-96.796988,"208 S Akard Street, Ste 110",75202,Wed Oct 19 02:22:53 +0000 2016,RT @ATTBusinessCare: See how to use a custom signature in your AT&amp;T Landline Texting messages https://t.co/oX1F9ocbVw https://t.co/6pXYWH2y…,Neutral,53.3955,general,general,,Twitter
Dallas1,Corporate,32.776664,-96.796988,"208 S Akard Street, Ste 110",75202,Wed Oct 19 02:22:19 +0000 2016,RT @ATTBusinessCare: Looking to change your bigtincan from AT&amp;T password? Check out our tutorial at https://t.co/DMWuWr4MbE https://t.co/5J…,Neutral,55.0541,general,general,,Twitter
Dallas1,Corporate,32.776664,-96.796988,"208 S Akard Street, Ste 110",75202,Wed Oct 19 02:22:11 +0000 2016,RT @RickTweetTweet: Listen: Life At AT&amp;T Podcast with 3  #Women Vice Presidents #LifeatATT  #WomenLeaders #ATTDiversity https://t.co/MsMDVK…,Positive,82.4150,general,general,,Twitter
Dallas1,Corporate,32.776664,-96.796988,"208 S Akard Street, Ste 110",75202,Wed Oct 19 02:22:04 +0000 2016,@ATTCares the past 3 weeks or so maybe more. This is unacceptable.,Neutral,56.6896,general,general,,Twitter
Dallas1,Corporate,32.776664,-96.796988,"208 S Akard Street, Ste 110",75202,Wed Oct 19 02:22:02 +0000 2016,@ATTCares doing the same thing. Now it seems like the DVR has stopped working as well. This is beyond annoying. We've had a tech here for,Negative,99.6111,general,general,,Twitter
Dallas1,Corporate,32.776664,-96.796988,"208 S Akard Street, Ste 110",75202,Wed Oct 19 02:22:01 +0000 2016,"@ATTCares the service cuts out about 5-10 times per hour. We've had techs come out and move the wap, out in new hardware, rewire, and still",Positive,76.1157,general,general,,Twitter
Dallas1,Corporate,32.776664,-96.796988,"208 S Akard Street, Ste 110",75202,Wed Oct 19 02:20:48 +0000 2016,"RT @RickTweetTweet: Women in Tech Q&amp;A: Kay Kapoor - President, AT&amp;T Global Business-Public Sector #WomeninTech #LifeAtATT https://t.co/SRsJ…",Neutral,50.0000,general,general,,Twitter
Dallas1,Corporate,32.776664,-96.796988,"208 S Akard Street, Ste 110",75202,Wed Oct 19 02:20:42 +0000 2016,RT @ATT: Heading to Cuba? Take your phone along for the trip + stay connected to those back home. https://t.co/euhz4Z6Zbb https://t.co/AiPS…,Neutral,50.8130,general,general,,Twitter
Dallas1,Corporate,32.776664,-96.796988,"208 S Akard Street, Ste 110",75202,Wed Oct 19 02:20:34 +0000 2016,RT @attJOBS: See what #LifeAtATT is like for the women of AT&amp;T: https://t.co/9rguQ7QaFV https://t.co/xsQ0cX6Inq,Neutral,53.9175,general,general,,Twitter
Dallas1,Corporate,32.776664,-96.796988,"208 S Akard Street, Ste 110",75202,Wed Oct 19 02:15:28 +0000 2016,RT @ATT: Welcome to the team! @taylorswift13 https://t.co/4h86nLYuLo https://t.co/gAHOi7fPrZ,Positive,84.3125,general,general,,Twitter
Dallas1,Corporate,32.776664,-96.796988,"208 S Akard Street, Ste 110",75202,Wed Oct 19 02:09:42 +0000 2016,"RT @attJOBS: Through technology, we're helping to connect students with mentors across the country. Here's how: https://t.co/aIHtIbm2d3 #AT…",Negative,62.4743,general,general,,Twitter
Dallas1,Corporate,32.776664,-96.796988,"208 S Akard Street, Ste 110",75202,Wed Oct 19 02:07:42 +0000 2016,RT @ATT: Welcome to the team! @taylorswift13 https://t.co/4h86nLYuLo https://t.co/gAHOi7fPrZ,Positive,84.3125,general,general,,Twitter
Dallas1,Corporate,32.776664,-96.796988,"208 S Akard Street, Ste 110",75202,Wed Oct 19 02:06:06 +0000 2016,RT @ATT: Welcome to the team! @taylorswift13 https://t.co/4h86nLYuLo https://t.co/gAHOi7fPrZ,Positive,84.3125,general,general,,Twitter
Dallas1,Corporate,32.776664,-96.796988,"208 S Akard Street, Ste 110",75202,Wed Oct 19 02:05:37 +0000 2016,Trying to unlock #ATT mobile phone. Bought phone from a store employee &amp; trying to unlock. Denied. 1st owner must u… https://t.co/JXZmzohKmX,Positive,70.3663,general,store experience,,Twitter
Dallas1,Corporate,32.776664,-96.796988,"208 S Akard Street, Ste 110",75202,Wed Oct 19 02:03:39 +0000 2016,RT @ATT: Welcome to the team! @taylorswift13 https://t.co/4h86nLYuLo https://t.co/gAHOi7fPrZ,Positive,84.3125,general,general,,Twitter
Dallas1,Corporate,32.776664,-96.796988,"208 S Akard Street, Ste 110",75202,Wed Oct 19 02:01:20 +0000 2016,Dear @Uverse I'm having all sorts of probs right now. Broadband mainly. But #Spectrum has moved into town. Hmm...how should I choose.,Neutral,56.1672,uverse,general,,Twitter
Dallas1,Corporate,32.776664,-96.796988,"208 S Akard Street, Ste 110",75202,Wed Oct 19 01:57:50 +0000 2016,"RT @RickTweetTweet: Women in Tech Q&amp;A: Kay Kapoor - President, AT&amp;T Global Business-Public Sector #WomeninTech #LifeAtATT https://t.co/SRsJ…",Neutral,50.0000,general,general,,Twitter
Dallas1,Corporate,32.776664,-96.796988,"208 S Akard Street, Ste 110",75202,Wed Oct 19 01:57:36 +0000 2016,"RT @ATT: @trenni We're blushing, Trenni! Thank you. 😊 #ATTLove https://t.co/HG7mV71mOU",Neutral,59.5127,general,general,,Twitter
Dallas1,Corporate,32.776664,-96.796988,"208 S Akard Street, Ste 110",75202,Wed Oct 19 01:55:01 +0000 2016,"@Vinnie_L_F We are working to add this programming, please check back again soon.",Neutral,52.9093,general,general,,Twitter
Dallas1,Corporate,32.776664,-96.796988,"208 S Akard Street, Ste 110",75202,Wed Oct 19 01:50:23 +0000 2016,RT @RickTweetTweet: Listen: Life At AT&amp;T Podcast with 3  #Women Vice Presidents #LifeatATT  #WomenLeaders #ATTDiversity https://t.co/MsMDVK…,Positive,82.4150,general,general,,Twitter
Dallas1,Corporate,32.776664,-96.796988,"208 S Akard Street, Ste 110",75202,Wed Oct 19 01:46:20 +0000 2016,Listen: Life At AT&amp;T Podcast with 3  #Women Vice Presidents #LifeatATT  #WomenLeaders #ATTDiversity… https://t.co/oekS8APiq3,Positive,82.4150,general,general,,Twitter
Dallas1,Corporate,32.776664,-96.796988,"208 S Akard Street, Ste 110",75202,Wed Oct 19 01:31:51 +0000 2016,RT @ATT: Welcome to the team! @taylorswift13 https://t.co/4h86nLYuLo https://t.co/gAHOi7fPrZ,Positive,84.3125,general,general,,Twitter
Dallas1,Corporate,32.776664,-96.796988,"208 S Akard Street, Ste 110",75202,Wed Oct 19 01:21:40 +0000 2016,@Uverse is your wifi down in Dallas?,Neutral,57.0977,uverse,general,,Twitter
Dallas1,Corporate,32.776664,-96.796988,"208 S Akard Street, Ste 110",75202,Wed Oct 19 01:21:20 +0000 2016,@ATTCares nothing. Is this going to be our whole second year of the contract? I'm ready to switch.,Negative,75.8654,general,general,,Twitter
Dallas1,Corporate,32.776664,-96.796988,"208 S Akard Street, Ste 110",75202,Wed Oct 19 01:21:19 +0000 2016,@ATTCares why does your service suck so much? I see this screen more than the actual TV.  Numerous repair men have… https://t.co/j0ehOZUeUG,Negative,93.3233,general,general,,Twitter
Dallas1,Corporate,32.776664,-96.796988,"208 S Akard Street, Ste 110",75202,Wed Oct 19 01:20:19 +0000 2016,A day in the life of an AT&amp;T PR maven with @MaddieLittrell #LifeatATT https://t.co/5qjeHPVXfy #attemployee https://t.co/EaVqX9SwK3,Positive,96.2833,general,general,,Twitter
Dallas1,Corporate,32.776664,-96.796988,"208 S Akard Street, Ste 110",75202,Wed Oct 19 01:16:50 +0000 2016,RT @ATT: Welcome to the team! @taylorswift13 https://t.co/4h86nLYuLo https://t.co/gAHOi7fPrZ,Positive,84.3125,general,general,,Twitter
Dallas1,Corporate,32.776664,-96.796988,"208 S Akard Street, Ste 110",75202,Wed Oct 19 01:15:56 +0000 2016,"Women in Tech Q&amp;A: Kay Kapoor - President, AT&amp;T Global Business-Public Sector #WomeninTech #LifeAtATT… https://t.co/shNDUC0iV4",Neutral,50.0000,general,general,,Twitter
Dallas1,Corporate,32.776664,-96.796988,"208 S Akard Street, Ste 110",75202,Wed Oct 19 01:15:54 +0000 2016,RT @JordanSpieth: .@NotahBegay3 with the birdie for Team @ATT at the #SpiethShootout https://t.co/ssL2vULkxd,Positive,67.0439,general,general,,Twitter
Dallas1,Corporate,32.776664,-96.796988,"208 S Akard Street, Ste 110",75202,Wed Oct 19 01:03:53 +0000 2016,RT @JordanSpieth: Here’s your chance to win my @ATT golf bag on the cover of this month's @GolfDigest: https://t.co/G0S6fDyThW https://t.co…,Negative,99.4135,general,general,,Twitter
Dallas1,Corporate,32.776664,-96.796988,"208 S Akard Street, Ste 110",75202,Wed Oct 19 01:00:39 +0000 2016,RT @ATT: Welcome to the team! @taylorswift13 https://t.co/4h86nLYuLo https://t.co/gAHOi7fPrZ,Positive,84.3125,general,general,,Twitter
Dallas1,Corporate,32.776664,-96.796988,"208 S Akard Street, Ste 110",75202,Wed Oct 19 01:00:01 +0000 2016,See how to use a custom signature in your AT&amp;T Landline Texting messages https://t.co/oX1F9ocbVw https://t.co/6pXYWH2yDh,Neutral,53.3955,general,general,,Twitter
Dallas1,Corporate,32.776664,-96.796988,"208 S Akard Street, Ste 110",75202,Wed Oct 19 00:40:12 +0000 2016,"@trenni We're blushing, Trenni! Thank you. 😊 #ATTLove https://t.co/HG7mV71mOU",Neutral,59.5127,general,general,,Twitter
Dallas1,Corporate,32.776664,-96.796988,"208 S Akard Street, Ste 110",75202,Wed Oct 19 00:38:25 +0000 2016,RT @ATT: Welcome to the team! @taylorswift13 https://t.co/4h86nLYuLo https://t.co/gAHOi7fPrZ,Positive,84.3125,general,general,,Twitter
Dallas1,Corporate,32.776664,-96.796988,"208 S Akard Street, Ste 110",75202,Wed Oct 19 00:26:50 +0000 2016,@KevinCorcoran77 Thanks for the kudos. We're psyched that you like it! https://t.co/L2i38PSo5A,Positive,67.4072,general,general,,Twitter
Dallas1,Corporate,32.776664,-96.796988,"208 S Akard Street, Ste 110",75202,Wed Oct 19 00:23:31 +0000 2016,How come tmobile has the iphones to deliver and @ATT @ATTCares doesn't?,Negative,79.6816,general,general,,Twitter
Dallas1,Corporate,32.776664,-96.796988,"208 S Akard Street, Ste 110",75202,Wed Oct 19 00:21:19 +0000 2016,RT @ATT: Welcome to the team! @taylorswift13 https://t.co/4h86nLYuLo https://t.co/gAHOi7fPrZ,Positive,84.3125,general,general,,Twitter
Dallas1,Corporate,32.776664,-96.796988,"208 S Akard Street, Ste 110",75202,Wed Oct 19 00:14:50 +0000 2016,"RT @ATTLatino: Ahora puedes compartir la música pegajosa, cultura caribeña, raíces y tradición de Cuba desde tu móvil. https://t.co/t6MmIQ1…",Neutral,58.8450,general,general,,Twitter
Dallas1,Corporate,32.776664,-96.796988,"208 S Akard Street, Ste 110",75202,Wed Oct 19 00:05:09 +0000 2016,RT @JordanSpieth: .@NotahBegay3 with the birdie for Team @ATT at the #SpiethShootout https://t.co/ssL2vULkxd,Positive,67.0439,general,general,,Twitter
Dallas1,Corporate,32.776664,-96.796988,"208 S Akard Street, Ste 110",75202,Wed Oct 19 00:02:00 +0000 2016,@bambrown58 @afolds @verizon @ATT I need a deal to switch over!,Neutral,57.1529,general,general,,Twitter
Dallas1,Corporate,32.776664,-96.796988,"208 S Akard Street, Ste 110",75202,Wed Oct 19 00:01:44 +0000 2016,RT @ATT: Welcome to the team! @taylorswift13 https://t.co/4h86nLYuLo https://t.co/gAHOi7fPrZ,Positive,84.3125,general,general,,Twitter
Dallas1,Corporate,32.776664,-96.796988,"208 S Akard Street, Ste 110",75202,Wed Oct 19 00:00:46 +0000 2016,RT @attJOBS: See what #LifeAtATT is like for the women of AT&amp;T: https://t.co/9rguQ7QaFV https://t.co/xsQ0cX6Inq,Neutral,53.9175,general,general,,Twitter
Dallas1,Corporate,32.776664,-96.796988,"208 S Akard Street, Ste 110",75202,Tue Oct 18 23:58:52 +0000 2016,RT @ATTBusiness: Let us help you fend off cyberattacks. Sign up to receive our #ATTCyberInsights report to craft the right plan: https://t.…,Positive,88.5573,general,general,,Twitter
Dallas1,Corporate,32.776664,-96.796988,"208 S Akard Street, Ste 110",75202,Tue Oct 18 23:52:16 +0000 2016,RT @ConnectToGood: Every young person deserves a mentor. Learn how our employees are inspiring more students nationwide: https://t.co/lwaCI…,Positive,89.8225,general,general,,Twitter
Dallas1,Corporate,32.776664,-96.796988,"208 S Akard Street, Ste 110",75202,Tue Oct 18 23:36:07 +0000 2016,RT @JordanSpieth: .@NotahBegay3 with the birdie for Team @ATT at the #SpiethShootout https://t.co/ssL2vULkxd,Positive,67.0439,general,general,,Twitter
Dallas1,Corporate,32.776664,-96.796988,"208 S Akard Street, Ste 110",75202,Tue Oct 18 23:36:04 +0000 2016,RT @ATTBusiness: Let us help you fend off cyberattacks. Sign up to receive our #ATTCyberInsights report to craft the right plan: https://t.…,Positive,88.5573,general,general,,Twitter
Dallas1,Corporate,32.776664,-96.796988,"208 S Akard Street, Ste 110",75202,Tue Oct 18 23:20:33 +0000 2016,@BenRogers Arlington has Six Flags and ATT Stadium,Positive,79.4044,general,general,,Twitter
Dallas1,Corporate,32.776664,-96.796988,"208 S Akard Street, Ste 110",75202,Tue Oct 18 23:18:22 +0000 2016,RT @Uverse: If Rachel didn’t get off the plane...😢 #AlternateScaryEnding #Friends https://t.co/JeBfSLmCD6,Negative,70.6797,uverse,general,,Twitter
Dallas1,Corporate,32.776664,-96.796988,"208 S Akard Street, Ste 110",75202,Tue Oct 18 23:12:34 +0000 2016,RT @ATT: Welcome to the team! @taylorswift13 https://t.co/4h86nLYuLo https://t.co/gAHOi7fPrZ,Positive,84.3125,general,general,,Twitter
Dallas1,Corporate,32.776664,-96.796988,"208 S Akard Street, Ste 110",75202,Tue Oct 18 23:01:15 +0000 2016,Pay attention @DIRECTV https://t.co/YISrxe6ET2?,Neutral,59.2457,directv,general,,Twitter
Dallas1,Corporate,32.776664,-96.796988,"208 S Akard Street, Ste 110",75202,Tue Oct 18 22:59:46 +0000 2016,@hanifbali @_MK76_ @DanHermansson enkel lösning: för att bli medborgare måste man fylla i ansökan ärligt. L,Neutral,55.0704,general,general,,Twitter
Dallas1,Corporate,32.776664,-96.796988,"208 S Akard Street, Ste 110",75202,Tue Oct 18 22:47:03 +0000 2016,@ATTCares I did DM you. 4 times.,Negative,69.5839,general,general,,Twitter
Dallas1,Corporate,32.776664,-96.796988,"208 S Akard Street, Ste 110",75202,Tue Oct 18 22:18:55 +0000 2016,RT @ATT: Welcome to the team! @taylorswift13 https://t.co/4h86nLYuLo https://t.co/gAHOi7fPrZ,Positive,84.3125,general,general,,Twitter
Dallas1,Corporate,32.776664,-96.796988,"208 S Akard Street, Ste 110",75202,Tue Oct 18 22:10:25 +0000 2016,AT&amp;T's commitment to the LGBT community #LifeatATT https://t.co/w3Zt3OLYDo #attemployee https://t.co/PgjDmus0AV,Positive,94.8272,general,general,,Twitter
Dallas1,Corporate,32.776664,-96.796988,"208 S Akard Street, Ste 110",75202,Tue Oct 18 22:10:24 +0000 2016,4 big security threats that make you vulnerable https://t.co/qVb7JCGq21 #attemployee https://t.co/OmiskuHmLd,Neutral,56.5435,general,general,,Twitter
Dallas1,Corporate,32.776664,-96.796988,"208 S Akard Street, Ste 110",75202,Tue Oct 18 22:08:05 +0000 2016,"RT @RickTweetTweet: AT&amp;T's commitment to the LGBT community - At AT&amp;T, Every Voice Matters #LifeatATT #Inclusion #LGBTQ https://t.co/VOaFUo…",Positive,95.9169,general,general,,Twitter
