Dallas4,Corporate,32.8685017,-96.7757012,8687 N Central Expressway Suite 2340,75225,Wed Oct 26 18:53:54 +0000 2016,RT @ATT: Welcome to the team! @taylorswift13 https://t.co/4h86nLYuLo https://t.co/gAHOi7fPrZ,Positive,84.3125,general,general,,Twitter
Dallas4,Corporate,32.8685017,-96.7757012,8687 N Central Expressway Suite 2340,75225,Wed Oct 26 18:52:59 +0000 2016,RT @ATT: Get a sweet deal on the new iPhone 7 when you switch to AT&amp;T and have DIRECTV. https://t.co/JO08KrMKj7 https://t.co/tAcB2wPVFO,Positive,98.0584,directv,general,,Twitter
Dallas4,Corporate,32.8685017,-96.7757012,8687 N Central Expressway Suite 2340,75225,Wed Oct 26 18:49:40 +0000 2016,"""AT&amp;T Could Find a Lesson in Comcast’s Media Merger"" by JENNIFER SABA via NYT The New York Times https://t.co/34zNt64zd6",Positive,89.6025,general,general,,Twitter
Dallas4,Corporate,32.8685017,-96.7757012,8687 N Central Expressway Suite 2340,75225,Wed Oct 26 18:47:40 +0000 2016,RT @ATT: Get a sweet deal on the new iPhone 7 when you switch to AT&amp;T and have DIRECTV. https://t.co/JO08KrMKj7 https://t.co/tAcB2wPVFO,Positive,98.0584,directv,general,,Twitter
Dallas4,Corporate,32.8685017,-96.7757012,8687 N Central Expressway Suite 2340,75225,Wed Oct 26 18:44:45 +0000 2016,RT @ATT: Welcome to the team! @taylorswift13 https://t.co/4h86nLYuLo https://t.co/gAHOi7fPrZ,Positive,84.3125,general,general,,Twitter
Dallas4,Corporate,32.8685017,-96.7757012,8687 N Central Expressway Suite 2340,75225,Wed Oct 26 18:38:04 +0000 2016,RT @ATT: Who made you a college 🏈 fan? Share with #MadeMeAFanContest for a chance to win. Rules https://t.co/hU3I3wFn5V https://t.co/seJBJK…,Positive,88.9294,general,general,,Twitter
Dallas4,Corporate,32.8685017,-96.7757012,8687 N Central Expressway Suite 2340,75225,Wed Oct 26 18:37:54 +0000 2016,RT @ATT: Get a sweet deal on the new iPhone 7 when you switch to AT&amp;T and have DIRECTV. https://t.co/JO08KrMKj7 https://t.co/tAcB2wPVFO,Positive,98.0584,directv,general,,Twitter
Dallas4,Corporate,32.8685017,-96.7757012,8687 N Central Expressway Suite 2340,75225,Wed Oct 26 18:37:05 +0000 2016,The code names and secret meetings that got the #ATTTimeWarner deal done https://t.co/fOeive0ZXV | @Melissa_Repko https://t.co/HanjJxfLxT,Neutral,55.1729,general,general,,Twitter
Dallas4,Corporate,32.8685017,-96.7757012,8687 N Central Expressway Suite 2340,75225,Wed Oct 26 18:36:50 +0000 2016,The code names and secret meetings that got the AT&amp;T-Time Warner deal done https://t.co/ITNDc47QnK,Positive,66.8408,general,general,,Twitter
Dallas4,Corporate,32.8685017,-96.7757012,8687 N Central Expressway Suite 2340,75225,Wed Oct 26 18:33:54 +0000 2016,RT @ATT: Get a sweet deal on the new iPhone 7 when you switch to AT&amp;T and have DIRECTV. https://t.co/JO08KrMKj7 https://t.co/tAcB2wPVFO,Positive,98.0584,directv,general,,Twitter
Dallas4,Corporate,32.8685017,-96.7757012,8687 N Central Expressway Suite 2340,75225,Wed Oct 26 18:31:35 +0000 2016,RT @ATT: Who made you a college 🏈 fan? Share with #MadeMeAFanContest for a chance to win. Rules https://t.co/hU3I3wFn5V https://t.co/seJBJK…,Positive,88.9294,general,general,,Twitter
Dallas4,Corporate,32.8685017,-96.7757012,8687 N Central Expressway Suite 2340,75225,Wed Oct 26 18:30:58 +0000 2016,RT @ATTBusiness: AT&amp;T Labs is on track to revolutionize the way #AI plays in the network…but that’s not all! More from Mazin Gilbert: https…,Positive,72.4772,general,general,,Twitter
Dallas4,Corporate,32.8685017,-96.7757012,8687 N Central Expressway Suite 2340,75225,Wed Oct 26 18:30:02 +0000 2016,AT&amp;T Labs is on track to revolutionize the way #AI plays in the network…but that’s not all! More from Mazin Gilbert… https://t.co/sLa1dPKUcI,Positive,72.4772,general,general,,Twitter
Dallas4,Corporate,32.8685017,-96.7757012,8687 N Central Expressway Suite 2340,75225,Wed Oct 26 18:29:54 +0000 2016,RT @ATT: Welcome to the team! @taylorswift13 https://t.co/4h86nLYuLo https://t.co/gAHOi7fPrZ,Positive,84.3125,general,general,,Twitter
Dallas4,Corporate,32.8685017,-96.7757012,8687 N Central Expressway Suite 2340,75225,Wed Oct 26 18:29:52 +0000 2016,AT&amp;T Byron Nelson To Move In 2018 - DFWsportsonline https://t.co/81Rx5BEEVn via @dfwsportsonline,Neutral,50.0000,general,general,,Twitter
Dallas4,Corporate,32.8685017,-96.7757012,8687 N Central Expressway Suite 2340,75225,Wed Oct 26 18:24:49 +0000 2016,"RT @JarrettRush: @AnnaLDavis1 @ATT @YourAnonNews From your lips to God's ears, says the AT&amp;T C-suite.",Neutral,51.4025,general,general,,Twitter
Dallas4,Corporate,32.8685017,-96.7757012,8687 N Central Expressway Suite 2340,75225,Wed Oct 26 18:23:47 +0000 2016,RT @ATT: Who made you a college 🏈 fan? Share with #MadeMeAFanContest for a chance to win. Rules https://t.co/hU3I3wFn5V https://t.co/seJBJK…,Positive,88.9294,general,general,,Twitter
Dallas4,Corporate,32.8685017,-96.7757012,8687 N Central Expressway Suite 2340,75225,Wed Oct 26 18:22:06 +0000 2016,RT @Mike_Rawlings: This is a day of celebration. Special thanks to @PGATOUR and @ATT for helping bring @attbyronnelson to Dallas. https://t…,Positive,98.3168,general,general,,Twitter
Dallas4,Corporate,32.8685017,-96.7757012,8687 N Central Expressway Suite 2340,75225,Wed Oct 26 18:21:31 +0000 2016,"@AnnaLDavis1 @ATT @YourAnonNews From your lips to God's ears, says the AT&amp;T C-suite.",Neutral,51.4025,general,general,,Twitter
Dallas4,Corporate,32.8685017,-96.7757012,8687 N Central Expressway Suite 2340,75225,Wed Oct 26 18:21:30 +0000 2016,"RT @DMNBiz: 100 channels, no dish: AT&amp;T announces launch of DirecTV Now for $35 a month | https://t.co/Yz34WUGhMz @melissa_repko https://t.…",Negative,63.4802,directv,general,,Twitter
Dallas4,Corporate,32.8685017,-96.7757012,8687 N Central Expressway Suite 2340,75225,Wed Oct 26 18:15:58 +0000 2016,RT @ATT: Get a sweet deal on the new iPhone 7 when you switch to AT&amp;T and have DIRECTV. https://t.co/JO08KrMKj7 https://t.co/tAcB2wPVFO,Positive,98.0584,directv,general,,Twitter
Dallas4,Corporate,32.8685017,-96.7757012,8687 N Central Expressway Suite 2340,75225,Wed Oct 26 18:15:22 +0000 2016,RT @ATT: Welcome to the team! @taylorswift13 https://t.co/4h86nLYuLo https://t.co/gAHOi7fPrZ,Positive,84.3125,general,general,,Twitter
Dallas4,Corporate,32.8685017,-96.7757012,8687 N Central Expressway Suite 2340,75225,Wed Oct 26 18:14:41 +0000 2016,RT @HisGirlHildy: Agree @ATT's #RandallStephenson is a 'southern gentleman' like @DaveLieber says? I've heard mostly good. @JimZarroli http…,Neutral,55.5778,general,general,,Twitter
Dallas4,Corporate,32.8685017,-96.7757012,8687 N Central Expressway Suite 2340,75225,Wed Oct 26 18:14:24 +0000 2016,"A #bitcoin powered server, #TimeWarner AND #Hemisphere? What's next @ATT, total world domination? #ATT… https://t.co/KqCO6E98um",Negative,69.0659,general,general,,Twitter
Dallas4,Corporate,32.8685017,-96.7757012,8687 N Central Expressway Suite 2340,75225,Wed Oct 26 18:10:49 +0000 2016,RT @ATT: Welcome to the team! @taylorswift13 https://t.co/4h86nLYuLo https://t.co/gAHOi7fPrZ,Positive,84.3125,general,general,,Twitter
Dallas4,Corporate,32.8685017,-96.7757012,8687 N Central Expressway Suite 2340,75225,Wed Oct 26 18:06:31 +0000 2016,"@rgcasti Rodrigo, we don't like to see that! Can you DM us your contact info and more details on the location? We'll alert the right team.",Positive,66.0060,general,general,,Twitter
Dallas4,Corporate,32.8685017,-96.7757012,8687 N Central Expressway Suite 2340,75225,Wed Oct 26 18:05:14 +0000 2016,"100 channels, no dish: AT&amp;T announces launch of DirecTV Now for $35 a month | https://t.co/Yz34WUGhMz @melissa_repko https://t.co/ltVlmwj9Rr",Negative,63.4802,directv,general,,Twitter
Dallas4,Corporate,32.8685017,-96.7757012,8687 N Central Expressway Suite 2340,75225,Wed Oct 26 18:02:59 +0000 2016,RT @DBJShinneman: Stephenson said some new stuff about DirecTV Now and Time Warner this morning https://t.co/fgq2QFh1dC $T @DallasBizNews,Neutral,57.2049,directv,general,,Twitter
Dallas4,Corporate,32.8685017,-96.7757012,8687 N Central Expressway Suite 2340,75225,Wed Oct 26 18:01:10 +0000 2016,RT @Mike_Rawlings: This is a day of celebration. Special thanks to @PGATOUR and @ATT for helping bring @attbyronnelson to Dallas. https://t…,Positive,98.3168,general,general,,Twitter
Dallas4,Corporate,32.8685017,-96.7757012,8687 N Central Expressway Suite 2340,75225,Wed Oct 26 17:53:13 +0000 2016,RT @Mike_Rawlings: This is a day of celebration. Special thanks to @PGATOUR and @ATT for helping bring @attbyronnelson to Dallas. https://t…,Positive,98.3168,general,general,,Twitter
Dallas4,Corporate,32.8685017,-96.7757012,8687 N Central Expressway Suite 2340,75225,Wed Oct 26 17:52:07 +0000 2016,RT @Mike_Rawlings: This is a day of celebration. Special thanks to @PGATOUR and @ATT for helping bring @attbyronnelson to Dallas. https://t…,Positive,98.3168,general,general,,Twitter
Dallas4,Corporate,32.8685017,-96.7757012,8687 N Central Expressway Suite 2340,75225,Wed Oct 26 17:50:55 +0000 2016,RT @Mike_Rawlings: This is a day of celebration. Special thanks to @PGATOUR and @ATT for helping bring @attbyronnelson to Dallas. https://t…,Positive,98.3168,general,general,,Twitter
Dallas4,Corporate,32.8685017,-96.7757012,8687 N Central Expressway Suite 2340,75225,Wed Oct 26 17:48:19 +0000 2016,RT @Mike_Rawlings: This is a day of celebration. Special thanks to @PGATOUR and @ATT for helping bring @attbyronnelson to Dallas. https://t…,Positive,98.3168,general,general,,Twitter
Dallas4,Corporate,32.8685017,-96.7757012,8687 N Central Expressway Suite 2340,75225,Wed Oct 26 17:47:27 +0000 2016,This is a day of celebration. Special thanks to @PGATOUR and @ATT for helping bring @attbyronnelson to Dallas. https://t.co/46atECppNd,Positive,98.3168,general,general,,Twitter
Dallas4,Corporate,32.8685017,-96.7757012,8687 N Central Expressway Suite 2340,75225,Wed Oct 26 17:40:43 +0000 2016,Overwhelmingly  millennials prefer collaborative work environments https://t.co/nrmXqjKfQV #ucoms #attemployee,Neutral,56.4763,general,general,,Twitter
Dallas4,Corporate,32.8685017,-96.7757012,8687 N Central Expressway Suite 2340,75225,Wed Oct 26 17:36:03 +0000 2016,RT @BillNicholsDMN: Jordan Spieth to headline announcement of AT&amp;T Byron Nelson's early move to Trinity Forest in 2018 https://t.co/MKP4cN9…,Neutral,55.6884,general,general,,Twitter
Dallas4,Corporate,32.8685017,-96.7757012,8687 N Central Expressway Suite 2340,75225,Wed Oct 26 17:35:02 +0000 2016,"AT&amp;T is getting into the streaming, cord-cutting game by offering over 100 channels for $35 a month. Thoughts? https://t.co/ilDvGD7NGz",Neutral,53.1080,general,general,,Twitter
Dallas4,Corporate,32.8685017,-96.7757012,8687 N Central Expressway Suite 2340,75225,Wed Oct 26 17:33:39 +0000 2016,"RT @ATTBusiness: Reliable, safer &amp; more efficient smart grids? Yes, with #IoT, our 4G LTE network and Sentient Energy. Discover how: https:…",Positive,89.1496,general,general,,Twitter
Dallas4,Corporate,32.8685017,-96.7757012,8687 N Central Expressway Suite 2340,75225,Wed Oct 26 17:29:11 +0000 2016,AT&amp;T Secret Spy Program Unveiled: Project Hemisphere https://t.co/GSVudSi59W,Neutral,54.8547,general,general,,Twitter
Dallas4,Corporate,32.8685017,-96.7757012,8687 N Central Expressway Suite 2340,75225,Wed Oct 26 17:25:00 +0000 2016,"RT @ConnectToGood: Great read: ""Promise and Challenge in Ending America’s Dropout Epidemic"" https://t.co/PFgYU7zinq #ATTimpact #GradNation…",Positive,64.0444,general,general,,Twitter
Dallas4,Corporate,32.8685017,-96.7757012,8687 N Central Expressway Suite 2340,75225,Wed Oct 26 17:22:11 +0000 2016,"@MyDomePiece ATT Fiber offers GB speed in Dallas, but you don't need that much speed to stream your p0rn",Neutral,56.4395,fiber,general,,Twitter
Dallas4,Corporate,32.8685017,-96.7757012,8687 N Central Expressway Suite 2340,75225,Wed Oct 26 17:21:58 +0000 2016,RT @ATT: Who made you a college 🏈 fan? Share with #MadeMeAFanContest for a chance to win. Rules https://t.co/hU3I3wFn5V https://t.co/seJBJK…,Positive,88.9294,general,general,,Twitter
Dallas4,Corporate,32.8685017,-96.7757012,8687 N Central Expressway Suite 2340,75225,Wed Oct 26 17:21:37 +0000 2016,"RT @ConnectToGood: Great read: ""Promise and Challenge in Ending America’s Dropout Epidemic"" https://t.co/PFgYU7zinq #ATTimpact #GradNation…",Positive,64.0444,general,general,,Twitter
Dallas4,Corporate,32.8685017,-96.7757012,8687 N Central Expressway Suite 2340,75225,Wed Oct 26 17:20:43 +0000 2016,"Great read: ""Promise and Challenge in Ending America’s Dropout Epidemic"" https://t.co/PFgYU7zinq #ATTimpact #GradNation @DutchNicole",Positive,64.0444,general,general,,Twitter
Dallas4,Corporate,32.8685017,-96.7757012,8687 N Central Expressway Suite 2340,75225,Wed Oct 26 17:20:20 +0000 2016,RT @ATT: Who made you a college 🏈 fan? Share with #MadeMeAFanContest for a chance to win. Rules https://t.co/hU3I3wFn5V https://t.co/seJBJK…,Positive,88.9294,general,general,,Twitter
Dallas4,Corporate,32.8685017,-96.7757012,8687 N Central Expressway Suite 2340,75225,Wed Oct 26 17:20:16 +0000 2016,RT @ATT: Welcome to the team! @taylorswift13 https://t.co/4h86nLYuLo https://t.co/gAHOi7fPrZ,Positive,84.3125,general,general,,Twitter
Dallas4,Corporate,32.8685017,-96.7757012,8687 N Central Expressway Suite 2340,75225,Wed Oct 26 17:03:06 +0000 2016,"RT @attJOBS: With the power to shape new accessibility tech (like a speech-to-text hearing aid), #InclusionWorks at AT&amp;T. https://t.co/P4aq…",Positive,84.8995,general,general,,Twitter
Dallas4,Corporate,32.8685017,-96.7757012,8687 N Central Expressway Suite 2340,75225,Wed Oct 26 17:03:01 +0000 2016,RT @ATTBusinessCare: See how to change your status in AT&amp;T Business Messenger for iPhone at https://t.co/0f5VB7upGe,Positive,63.2139,general,general,,Twitter
Dallas4,Corporate,32.8685017,-96.7757012,8687 N Central Expressway Suite 2340,75225,Wed Oct 26 17:02:37 +0000 2016,RT @attJOBS: Join us on Periscope  on 10/26 for an inside look at how we’re changing the face of retail with our new Flagship store in #San…,Positive,87.4696,general,store experience,,Twitter
Dallas4,Corporate,32.8685017,-96.7757012,8687 N Central Expressway Suite 2340,75225,Wed Oct 26 17:02:29 +0000 2016,RT @attJOBS: We’re hosting a special #college edition of our #AskATTJobs chat this week. Join us on Wed at 3 pm CST. https://t.co/oucjXAV2jO,Positive,94.5960,general,general,,Twitter
Dallas4,Corporate,32.8685017,-96.7757012,8687 N Central Expressway Suite 2340,75225,Wed Oct 26 17:02:21 +0000 2016,RT @ATTBusinessCare: Learn how to add a text messaging user to your pdvConnect from AT&amp;T account https://t.co/Aqu7w2lJjK https://t.co/BUzKt…,Neutral,50.6903,general,general,,Twitter
Dallas4,Corporate,32.8685017,-96.7757012,8687 N Central Expressway Suite 2340,75225,Wed Oct 26 17:02:12 +0000 2016,RT @ATTBusinessCare: Take a look at our tutorial for info on how to change your bigtincan from AT&amp;T password https://t.co/DMWuWr4MbE https:…,Positive,70.7019,general,general,,Twitter
Dallas4,Corporate,32.8685017,-96.7757012,8687 N Central Expressway Suite 2340,75225,Wed Oct 26 17:01:44 +0000 2016,RT @ATTBusinessCare: Learn how to start using AT&amp;T Business Messenger for iPhone https://t.co/V9JIzwBSqC https://t.co/pS0xrKsgKm,Neutral,57.2515,general,general,,Twitter
Dallas4,Corporate,32.8685017,-96.7757012,8687 N Central Expressway Suite 2340,75225,Wed Oct 26 17:01:39 +0000 2016,RT @attJOBS: Our new #SanFrancisco flagship store is restored and ready for the future with our latest technology. Take a look: https://t.c…,Positive,96.3812,general,store experience,,Twitter
Dallas4,Corporate,32.8685017,-96.7757012,8687 N Central Expressway Suite 2340,75225,Wed Oct 26 17:01:23 +0000 2016,RT @ATT: Another reason to smile for the camera. The #LGV20 from @LGUSAMobile will be available in stores starting today. https://t.co/TILu…,Positive,86.0616,general,general,,Twitter
Dallas4,Corporate,32.8685017,-96.7757012,8687 N Central Expressway Suite 2340,75225,Wed Oct 26 17:01:19 +0000 2016,RT @attJOBS: Join us on Periscope for an inside look at how we’re changing the face of retail with our new Flagship store in #SanFrancisco.…,Positive,87.4696,general,store experience,,Twitter
Dallas4,Corporate,32.8685017,-96.7757012,8687 N Central Expressway Suite 2340,75225,Wed Oct 26 17:01:15 +0000 2016,"RT @ATTBusinessCare: User Manuals, Setup Wizards, Tutorials &amp; more for devices: AT&amp;T has you covered! https://t.co/e8atNd7Wta https://t.co/…",Neutral,54.0904,general,general,,Twitter
Dallas4,Corporate,32.8685017,-96.7757012,8687 N Central Expressway Suite 2340,75225,Wed Oct 26 17:00:51 +0000 2016,RT @attJOBS: LIVE on #Periscope: Inside Look: San Francisco Retail Flagship https://t.co/DzufEXDgMz,Positive,74.4842,general,general,,Twitter
Dallas4,Corporate,32.8685017,-96.7757012,8687 N Central Expressway Suite 2340,75225,Wed Oct 26 17:00:18 +0000 2016,RT @ATTBusiness: What's faster than a @RedBullRacing car at full speed? Data exchange at full throttle. https://t.co/2J1yGHly8i,Negative,70.3213,general,general,,Twitter
Dallas4,Corporate,32.8685017,-96.7757012,8687 N Central Expressway Suite 2340,75225,Wed Oct 26 16:59:44 +0000 2016,RT @attJOBS: Need a break? We're playing cornhole at our booth. Stop by booth 1447 and show us your skills! #GHC16 #ATTatGHC16 https://t.co…,Neutral,55.5526,general,general,,Twitter
Dallas4,Corporate,32.8685017,-96.7757012,8687 N Central Expressway Suite 2340,75225,Wed Oct 26 16:59:30 +0000 2016,"RT @ATT: Mother Nature is unpredictable, so we rely on our Network Disaster Recovery team to connect you when you need it most. https://t.c…",Positive,77.2863,general,general,,Twitter
Dallas4,Corporate,32.8685017,-96.7757012,8687 N Central Expressway Suite 2340,75225,Wed Oct 26 16:58:53 +0000 2016,RT @ATTBusinessCare: Not sure how to secure a downloaded bigtincan from AT&amp;T story? Learn how at  https://t.co/7ufY2CaOux https://t.co/Gv2S…,Neutral,55.1584,general,general,,Twitter
Dallas4,Corporate,32.8685017,-96.7757012,8687 N Central Expressway Suite 2340,75225,Wed Oct 26 16:58:39 +0000 2016,"RT @ATTBusiness: They start their engines, we start the data flow. Taking Red Bull Racing to the next level at the US Grand Prix. https://t…",Positive,77.6574,general,general,,Twitter
Dallas4,Corporate,32.8685017,-96.7757012,8687 N Central Expressway Suite 2340,75225,Wed Oct 26 16:57:11 +0000 2016,"RT @ATT: Some people may wait a lifetime, but you don't have to. On 11/2-3, AT&amp;T customers can buy @kelly_clarkson tix early. https://t.co/…",Neutral,60.4188,general,general,,Twitter
Dallas4,Corporate,32.8685017,-96.7757012,8687 N Central Expressway Suite 2340,75225,Wed Oct 26 16:56:54 +0000 2016,"RT @attJOBS: In honor of #LGBTHistoryMonth, we're recapping the ways we've supported the LGBT community throughout the years: https://t.co/…",Positive,95.0619,general,general,,Twitter
Dallas4,Corporate,32.8685017,-96.7757012,8687 N Central Expressway Suite 2340,75225,Wed Oct 26 16:56:39 +0000 2016,RT @attJOBS: #Women working is darn straight! Stop by our booth &amp; see what we have to offer women working in tech! #ATTatGHC16 #GHC16 https…,Neutral,53.3757,general,general,,Twitter
Dallas4,Corporate,32.8685017,-96.7757012,8687 N Central Expressway Suite 2340,75225,Wed Oct 26 16:56:22 +0000 2016,RT @attJOBS: Our recruiters are standing by to answer your questions from 12-1pm CST. Just #AskATTJobs! https://t.co/wfrxMlr4RO,Neutral,52.0047,general,general,,Twitter
Dallas4,Corporate,32.8685017,-96.7757012,8687 N Central Expressway Suite 2340,75225,Wed Oct 26 16:56:13 +0000 2016,RT @attJOBS: Curious why our employees love #LifeAtATT? Take a look: https://t.co/B7CTVa4b41 #GHC16 #ATTatGHC16 https://t.co/Var5AH1eWP,Positive,70.8393,general,general,,Twitter
Dallas4,Corporate,32.8685017,-96.7757012,8687 N Central Expressway Suite 2340,75225,Wed Oct 26 16:56:09 +0000 2016,RT @ATTBusinessCare: Find out how to improve collaboration with employees who work remotely. https://t.co/jMqzpsXTiP https://t.co/NrELellla5,Neutral,54.4748,general,general,,Twitter
Dallas4,Corporate,32.8685017,-96.7757012,8687 N Central Expressway Suite 2340,75225,Wed Oct 26 16:50:29 +0000 2016,Friedman &amp; Hayek's graves spin as $ATT CEO claims his $85B $TWX merger funded by debt won't affect prices… https://t.co/MloNkxgm5x,Neutral,60.5734,general,general,,Twitter
Dallas4,Corporate,32.8685017,-96.7757012,8687 N Central Expressway Suite 2340,75225,Wed Oct 26 16:45:29 +0000 2016,AT&amp;T Secret Spy Program Unveiled: Project Hemisphere https://t.co/xrJgp0Z6e8,Neutral,54.8547,general,general,,Twitter
Dallas4,Corporate,32.8685017,-96.7757012,8687 N Central Expressway Suite 2340,75225,Wed Oct 26 16:43:59 +0000 2016,RT @ATT: .@BinghamDb and @indicowie go undercover at an @MLS game…and you just have to watch the rest: https://t.co/fGvGIRRfFj https://t.co…,Negative,74.0062,general,general,,Twitter
Dallas4,Corporate,32.8685017,-96.7757012,8687 N Central Expressway Suite 2340,75225,Wed Oct 26 16:43:54 +0000 2016,RT @attJOBS: You don't have to go back to school to continue learning. Try these tips to learn something new: https://t.co/N1AjraH8jR #Moti…,Neutral,50.1178,general,general,,Twitter
Dallas4,Corporate,32.8685017,-96.7757012,8687 N Central Expressway Suite 2340,75225,Wed Oct 26 16:43:48 +0000 2016,RT @ATTBusinessCare: Not sure where to start when sharing a bigtincan from AT&amp;T story? Learn how at https://t.co/rRv9IpNopm https://t.co/cw…,Negative,99.4049,general,general,,Twitter
Dallas4,Corporate,32.8685017,-96.7757012,8687 N Central Expressway Suite 2340,75225,Wed Oct 26 16:43:38 +0000 2016,RT @attJOBS: We're helping connect youth to their first jobs by signing on to the White House's First Job Compact. Learn more: https://t.co…,Positive,91.9056,general,general,,Twitter
Dallas4,Corporate,32.8685017,-96.7757012,8687 N Central Expressway Suite 2340,75225,Wed Oct 26 16:43:17 +0000 2016,"RT @attJOBS: Our colleagues in Europe, the Middle East &amp; Asia are spreading the @ATT Aspire mission around the globe: https://t.co/ypGzlddr…",Positive,86.8800,general,general,,Twitter
Dallas4,Corporate,32.8685017,-96.7757012,8687 N Central Expressway Suite 2340,75225,Wed Oct 26 16:42:56 +0000 2016,"Interesting-How #ATT, #TimeWarner #merger could impact #Dallas footprint https://t.co/FOrClxl8eV @DallasBizNews #media #content",Positive,63.3045,general,general,,Twitter
Dallas4,Corporate,32.8685017,-96.7757012,8687 N Central Expressway Suite 2340,75225,Wed Oct 26 16:38:38 +0000 2016,"@RealAsKENbe Hi there, we wanted to clarify - Time Warner Cable is owned by Charter Communications which is separate from Time Warner Inc.",Neutral,60.1074,general,general,,Twitter
Dallas4,Corporate,32.8685017,-96.7757012,8687 N Central Expressway Suite 2340,75225,Wed Oct 26 16:37:07 +0000 2016,"@Tony_Five_O Hi Tony, we wanted to clarify - Time Warner Cable is owned by Charter Communications which is separate from Time Warner Inc.",Positive,63.4368,general,general,,Twitter
Dallas4,Corporate,32.8685017,-96.7757012,8687 N Central Expressway Suite 2340,75225,Wed Oct 26 16:34:32 +0000 2016,"RT @attJOBS: At AT&amp;T, we believe that inspiration stems from collaboration. That's why we give employees the access they need. https://t.co…",Neutral,53.7838,general,general,,Twitter
Dallas4,Corporate,32.8685017,-96.7757012,8687 N Central Expressway Suite 2340,75225,Wed Oct 26 16:29:35 +0000 2016,RT @ATT: Who made you a college 🏈 fan? Share with #MadeMeAFanContest for a chance to win. Rules https://t.co/hU3I3wFn5V https://t.co/seJBJK…,Positive,88.9294,general,general,,Twitter
Dallas4,Corporate,32.8685017,-96.7757012,8687 N Central Expressway Suite 2340,75225,Wed Oct 26 16:27:11 +0000 2016,"RT @SportsDayHS: Due to conflicts, no #txhsfb at AT&amp;T Stadium for the first 3 rounds 😭
…but now we have The Star.
Details: https://t.co/UxR…",Positive,78.7116,general,general,,Twitter
Dallas4,Corporate,32.8685017,-96.7757012,8687 N Central Expressway Suite 2340,75225,Wed Oct 26 16:21:15 +0000 2016,The code names and secret meetings that got the #ATT-Time Warner deal done https://t.co/TotfnMDncL #DFW,Positive,66.8408,general,general,,Twitter
Dallas4,Corporate,32.8685017,-96.7757012,8687 N Central Expressway Suite 2340,75225,Wed Oct 26 16:20:01 +0000 2016,Jordan Spieth to help unveil new home for AT&amp;T Byron Nelson - https://t.co/586TyKd3B3 via https://t.co/IR4kIJxJZ4,Positive,94.4302,general,general,,Twitter
Dallas4,Corporate,32.8685017,-96.7757012,8687 N Central Expressway Suite 2340,75225,Wed Oct 26 16:18:36 +0000 2016,RT @ATT: Welcome to the team! @taylorswift13 https://t.co/4h86nLYuLo https://t.co/gAHOi7fPrZ,Positive,84.3125,general,general,,Twitter
Dallas4,Corporate,32.8685017,-96.7757012,8687 N Central Expressway Suite 2340,75225,Wed Oct 26 16:17:55 +0000 2016,RT @MattManero: ATT:  WOMEN IN SALES:  I want you to get 2 things FREE.  #1.  A copy of my audio book THE GRIT.  #2.  My webinar wit…https:…,Negative,71.5177,general,general,,Twitter
Dallas4,Corporate,32.8685017,-96.7757012,8687 N Central Expressway Suite 2340,75225,Wed Oct 26 16:17:19 +0000 2016,@ATTCares I still need help - I'm just so busy and it's hard to have to take time to stop being awesome and fix y'alls negatives. Sorry,Negative,69.8788,general,general,,Twitter
Dallas4,Corporate,32.8685017,-96.7757012,8687 N Central Expressway Suite 2340,75225,Wed Oct 26 16:13:45 +0000 2016,The code names and secret meetings that got the #ATT-Time Warner deal done https://t.co/PU33R0uwMC #DFW #realestate,Positive,66.8408,general,general,,Twitter
Dallas4,Corporate,32.8685017,-96.7757012,8687 N Central Expressway Suite 2340,75225,Wed Oct 26 16:13:43 +0000 2016,The code names and secret meetings that got the #ATT-Time Warner deal done https://t.co/3rhzsaMiJF #DFW #Tech,Positive,66.8408,general,general,,Twitter
Dallas4,Corporate,32.8685017,-96.7757012,8687 N Central Expressway Suite 2340,75225,Wed Oct 26 16:12:20 +0000 2016,RT @ATT: Welcome to the team! @taylorswift13 https://t.co/4h86nLYuLo https://t.co/gAHOi7fPrZ,Positive,84.3125,general,general,,Twitter
Dallas4,Corporate,32.8685017,-96.7757012,8687 N Central Expressway Suite 2340,75225,Wed Oct 26 16:11:51 +0000 2016,RT @ATT: Welcome to the team! @taylorswift13 https://t.co/4h86nLYuLo https://t.co/gAHOi7fPrZ,Positive,84.3125,general,general,,Twitter
Dallas4,Corporate,32.8685017,-96.7757012,8687 N Central Expressway Suite 2340,75225,Wed Oct 26 16:10:36 +0000 2016,RT @ATTBusiness: We're navigating the known threat landscape to help protect your org. See more in our new cybersecurity report: https://t.…,Positive,91.7588,general,general,,Twitter
Dallas4,Corporate,32.8685017,-96.7757012,8687 N Central Expressway Suite 2340,75225,Wed Oct 26 16:06:53 +0000 2016,RT @ATT: Welcome to the team! @taylorswift13 https://t.co/4h86nLYuLo https://t.co/gAHOi7fPrZ,Positive,84.3125,general,general,,Twitter
Dallas4,Corporate,32.8685017,-96.7757012,8687 N Central Expressway Suite 2340,75225,Wed Oct 26 16:03:02 +0000 2016,RT @ATTBusiness: We're navigating the known threat landscape to help protect your org. See more in our new cybersecurity report: https://t.…,Positive,91.7588,general,general,,Twitter
Dallas4,Corporate,32.8685017,-96.7757012,8687 N Central Expressway Suite 2340,75225,Wed Oct 26 16:00:06 +0000 2016,We're navigating the known threat landscape to help protect your org. See more in our new cybersecurity report:… https://t.co/EsVluyh88U,Positive,91.7588,general,general,,Twitter
Dallas4,Corporate,32.8685017,-96.7757012,8687 N Central Expressway Suite 2340,75225,Wed Oct 26 15:59:10 +0000 2016,Uh oh! What will Los Colinas do now for fun? #ByronNelson https://t.co/J7Qpk8ODky,Negative,88.3158,general,general,,Twitter
Dallas4,Corporate,32.8685017,-96.7757012,8687 N Central Expressway Suite 2340,75225,Wed Oct 26 15:49:41 +0000 2016,RT @ATT: Welcome to the team! @taylorswift13 https://t.co/4h86nLYuLo https://t.co/gAHOi7fPrZ,Positive,84.3125,general,general,,Twitter
Dallas4,Corporate,32.8685017,-96.7757012,8687 N Central Expressway Suite 2340,75225,Wed Oct 26 15:40:36 +0000 2016,"""AT&amp;T wants to own the content that is distributed. Rather than start from scratch, it wants to buy Time Warner f... https://t.co/Le6ufCFJAI",Negative,95.4087,general,general,,Twitter
Dallas4,Corporate,32.8685017,-96.7757012,8687 N Central Expressway Suite 2340,75225,Wed Oct 26 15:06:29 +0000 2016,RT @ATT: Welcome to the team! @taylorswift13 https://t.co/4h86nLYuLo https://t.co/gAHOi7fPrZ,Positive,84.3125,general,general,,Twitter
