Dallas3,Corporate,32.8293128,-96.8272358,5616 Lemmon Ave,75209,Sun Oct 23 02:14:40 +0000 2016,RT @ATT: Get a sweet deal on the new iPhone 7 when you switch to AT&amp;T and have DIRECTV. https://t.co/TQVeUkmeZ6 https://t.co/zfZmNpe8AP,Positive,98.0584,directv,general,,Twitter
Dallas3,Corporate,32.8293128,-96.8272358,5616 Lemmon Ave,75209,Sun Oct 23 02:13:17 +0000 2016,RT @ATT: Welcome to the team! @taylorswift13 https://t.co/4h86nLYuLo https://t.co/gAHOi7fPrZ,Positive,84.3125,general,general,,Twitter
Dallas3,Corporate,32.8293128,-96.8272358,5616 Lemmon Ave,75209,Sun Oct 23 02:13:13 +0000 2016,"Can #ATT and Time Warner avoid a left-brain, right-brain culture clash? https://t.co/mONOuCH8Al #DFW #Tech",Neutral,59.9518,general,general,,Twitter
Dallas3,Corporate,32.8293128,-96.8272358,5616 Lemmon Ave,75209,Sun Oct 23 02:11:38 +0000 2016,RT @ATT: The #futureofvideo is mobile and the #futureofmobile is video. Time Warner + AT&amp;T make it happen! @twxcorp https://t.co/GKx4U9TQYg,Neutral,56.0321,general,general,,Twitter
Dallas3,Corporate,32.8293128,-96.8272358,5616 Lemmon Ave,75209,Sun Oct 23 02:11:04 +0000 2016,"AT&amp;T to buy HBO, CNN, and the rest of Time Warner for more than $80 billion https://t.co/WzXW0mHC3D",Negative,74.1750,general,general,,Twitter
Dallas3,Corporate,32.8293128,-96.8272358,5616 Lemmon Ave,75209,Sun Oct 23 02:10:34 +0000 2016,RT @ATT: The #futureofvideo is mobile and the #futureofmobile is video. Time Warner + AT&amp;T make it happen! @twxcorp https://t.co/GKx4U9TQYg,Neutral,56.0321,general,general,,Twitter
Dallas3,Corporate,32.8293128,-96.8272358,5616 Lemmon Ave,75209,Sun Oct 23 02:09:21 +0000 2016,RT @ATT: The #futureofvideo is mobile and the #futureofmobile is video. Time Warner + AT&amp;T make it happen! @twxcorp https://t.co/GKx4U9TQYg,Neutral,56.0321,general,general,,Twitter
Dallas3,Corporate,32.8293128,-96.8272358,5616 Lemmon Ave,75209,Sun Oct 23 02:08:16 +0000 2016,RT @ATT: The #futureofvideo is mobile and the #futureofmobile is video. Time Warner + AT&amp;T make it happen! @twxcorp https://t.co/GKx4U9TQYg,Neutral,56.0321,general,general,,Twitter
Dallas3,Corporate,32.8293128,-96.8272358,5616 Lemmon Ave,75209,Sun Oct 23 02:06:39 +0000 2016,RT @ATT: Welcome to the team! @taylorswift13 https://t.co/4h86nLYuLo https://t.co/gAHOi7fPrZ,Positive,84.3125,general,general,,Twitter
Dallas3,Corporate,32.8293128,-96.8272358,5616 Lemmon Ave,75209,Sun Oct 23 02:05:23 +0000 2016,RT @ATT: The #futureofvideo is mobile and the #futureofmobile is video. Time Warner + AT&amp;T make it happen! @twxcorp https://t.co/GKx4U9TQYg,Neutral,56.0321,general,general,,Twitter
Dallas3,Corporate,32.8293128,-96.8272358,5616 Lemmon Ave,75209,Sun Oct 23 02:04:53 +0000 2016,RT @ATT: The #futureofvideo is mobile and the #futureofmobile is video. Time Warner + AT&amp;T make it happen! @twxcorp https://t.co/GKx4U9TQYg,Neutral,56.0321,general,general,,Twitter
Dallas3,Corporate,32.8293128,-96.8272358,5616 Lemmon Ave,75209,Sun Oct 23 02:04:18 +0000 2016,RT @ATT: The #futureofvideo is mobile and the #futureofmobile is video. Time Warner + AT&amp;T make it happen! @twxcorp https://t.co/GKx4U9TQYg,Neutral,56.0321,general,general,,Twitter
Dallas3,Corporate,32.8293128,-96.8272358,5616 Lemmon Ave,75209,Sun Oct 23 02:03:25 +0000 2016,RT @DougMagditch: It's official: AT&amp;T to Acquire Time Warner ... I'm so excited for the future of our company! https://t.co/soDLs4C87o #att…,Positive,85.1831,general,general,,Twitter
Dallas3,Corporate,32.8293128,-96.8272358,5616 Lemmon Ave,75209,Sun Oct 23 02:02:15 +0000 2016,RT @ATT: The #futureofvideo is mobile and the #futureofmobile is video. Time Warner + AT&amp;T make it happen! @twxcorp https://t.co/GKx4U9TQYg,Neutral,56.0321,general,general,,Twitter
Dallas3,Corporate,32.8293128,-96.8272358,5616 Lemmon Ave,75209,Sun Oct 23 01:59:53 +0000 2016,RT @ATT: The #futureofvideo is mobile and the #futureofmobile is video. Time Warner + AT&amp;T make it happen! @twxcorp https://t.co/GKx4U9TQYg,Neutral,56.0321,general,general,,Twitter
Dallas3,Corporate,32.8293128,-96.8272358,5616 Lemmon Ave,75209,Sun Oct 23 01:58:15 +0000 2016,RT @ATT: Welcome to the team! @taylorswift13 https://t.co/4h86nLYuLo https://t.co/gAHOi7fPrZ,Positive,84.3125,general,general,,Twitter
Dallas3,Corporate,32.8293128,-96.8272358,5616 Lemmon Ave,75209,Sun Oct 23 01:53:06 +0000 2016,"ATT out here playing monopoly, while everyone else is playing Hungry Hippos.",Negative,68.6916,general,general,,Twitter
Dallas3,Corporate,32.8293128,-96.8272358,5616 Lemmon Ave,75209,Sun Oct 23 01:51:59 +0000 2016,RT @RickTweetTweet: Breaking News!!! AT&amp;T to Acquire Time Warner! My family just got bigger! #LifeAtATT  #TimeWarner https://t.co/RUAJa5ciO…,Positive,81.6545,general,general,,Twitter
Dallas3,Corporate,32.8293128,-96.8272358,5616 Lemmon Ave,75209,Sun Oct 23 01:49:47 +0000 2016,"RT @ATT: Watch the @GreenDay @iHeartRadio Album Release Party Tonight, 9pm ET/PT on AUDIENCE. DIRECTV ch 239/U-verse ch 1114. https://t.co/…",Neutral,59.5550,directv,general,,Twitter
Dallas3,Corporate,32.8293128,-96.8272358,5616 Lemmon Ave,75209,Sun Oct 23 01:49:42 +0000 2016,RT @dallasnews: Donald Trump says he would block AT&amp;T-Time Warner merger if elected  https://t.co/XmCbKogRWi https://t.co/30j3wwnrTl,Positive,73.6044,general,general,,Twitter
Dallas3,Corporate,32.8293128,-96.8272358,5616 Lemmon Ave,75209,Sun Oct 23 01:48:02 +0000 2016,RT @ATT: Get a sweet deal on the new iPhone 7 when you switch to AT&amp;T and have DIRECTV. https://t.co/TQVeUkmeZ6 https://t.co/zfZmNpe8AP,Positive,98.0584,directv,general,,Twitter
Dallas3,Corporate,32.8293128,-96.8272358,5616 Lemmon Ave,75209,Sun Oct 23 01:47:38 +0000 2016,"RT @ATT: Watch the @GreenDay @iHeartRadio Album Release Party Tonight, 9pm ET/PT on AUDIENCE. DIRECTV ch 239/U-verse ch 1114. https://t.co/…",Neutral,59.5550,directv,general,,Twitter
Dallas3,Corporate,32.8293128,-96.8272358,5616 Lemmon Ave,75209,Sun Oct 23 01:44:20 +0000 2016,RT @ATT: The #futureofvideo is mobile and the #futureofmobile is video. Time Warner + AT&amp;T make it happen! @twxcorp https://t.co/GKx4U9TQYg,Neutral,56.0321,general,general,,Twitter
Dallas3,Corporate,32.8293128,-96.8272358,5616 Lemmon Ave,75209,Sun Oct 23 01:42:44 +0000 2016,RT @ATT: The #futureofvideo is mobile and the #futureofmobile is video. Time Warner + AT&amp;T make it happen! @twxcorp https://t.co/GKx4U9TQYg,Neutral,56.0321,general,general,,Twitter
Dallas3,Corporate,32.8293128,-96.8272358,5616 Lemmon Ave,75209,Sun Oct 23 01:42:15 +0000 2016,RT @RickTweetTweet: Breaking News!!! AT&amp;T to Acquire Time Warner! My family just got bigger! #LifeAtATT  #TimeWarner https://t.co/RUAJa5ciO…,Positive,81.6545,general,general,,Twitter
Dallas3,Corporate,32.8293128,-96.8272358,5616 Lemmon Ave,75209,Sun Oct 23 01:41:41 +0000 2016,"RT @dallasnews: How the AT&amp;T-Time Warner deal changes the TV, mobile landscapes  https://t.co/tmdg7lCBj2 https://t.co/GXCgTSCj0J",Positive,74.8338,general,general,,Twitter
Dallas3,Corporate,32.8293128,-96.8272358,5616 Lemmon Ave,75209,Sun Oct 23 01:40:43 +0000 2016,"RT @ATT: Watch the @GreenDay @iHeartRadio Album Release Party Tonight, 9pm ET/PT on AUDIENCE. DIRECTV ch 239/U-verse ch 1114. https://t.co/…",Neutral,59.5550,directv,general,,Twitter
Dallas3,Corporate,32.8293128,-96.8272358,5616 Lemmon Ave,75209,Sun Oct 23 01:40:13 +0000 2016,RT @ATT: The #futureofvideo is mobile and the #futureofmobile is video. Time Warner + AT&amp;T make it happen! @twxcorp https://t.co/GKx4U9TQYg,Neutral,56.0321,general,general,,Twitter
Dallas3,Corporate,32.8293128,-96.8272358,5616 Lemmon Ave,75209,Sun Oct 23 01:39:39 +0000 2016,RT @ATT: The #futureofvideo is mobile and the #futureofmobile is video. Time Warner + AT&amp;T make it happen! @twxcorp https://t.co/GKx4U9TQYg,Neutral,56.0321,general,general,,Twitter
Dallas3,Corporate,32.8293128,-96.8272358,5616 Lemmon Ave,75209,Sun Oct 23 01:39:28 +0000 2016,"RT @dallasnews: Commentary: Can AT&amp;T and Time Warner avoid a left-brain, right-brain culture clash? | @MitchSchnur  https://t.co/gq05uvRnUA…",Neutral,59.9518,general,general,,Twitter
Dallas3,Corporate,32.8293128,-96.8272358,5616 Lemmon Ave,75209,Sun Oct 23 01:39:13 +0000 2016,"RT @dallasnews: Commentary: Can AT&amp;T and Time Warner avoid a left-brain, right-brain culture clash? | @MitchSchnur  https://t.co/gq05uvRnUA…",Neutral,59.9518,general,general,,Twitter
Dallas3,Corporate,32.8293128,-96.8272358,5616 Lemmon Ave,75209,Sun Oct 23 01:39:07 +0000 2016,"RT @dallasnews: Commentary: Can AT&amp;T and Time Warner avoid a left-brain, right-brain culture clash? | @MitchSchnur  https://t.co/gq05uvRnUA…",Neutral,59.9518,general,general,,Twitter
Dallas3,Corporate,32.8293128,-96.8272358,5616 Lemmon Ave,75209,Sun Oct 23 01:38:39 +0000 2016,"If @TomWheelerFCC has any spine left, he should block ATT and Time Warner. Or at least have ATT fire all of their current executives.",Negative,99.2425,general,general,,Twitter
Dallas3,Corporate,32.8293128,-96.8272358,5616 Lemmon Ave,75209,Sun Oct 23 01:38:01 +0000 2016,"Commentary: Can AT&amp;T and Time Warner avoid a left-brain, right-brain culture clash? | @MitchSchnur… https://t.co/p7j9unDWDA",Neutral,59.9518,general,general,,Twitter
Dallas3,Corporate,32.8293128,-96.8272358,5616 Lemmon Ave,75209,Sun Oct 23 01:37:02 +0000 2016,"RT @zombieparmesan: It’s official: AT&amp;T is buying Time Warner. So, get ready to lose your unlimited data plans TWC Internet users. #FCC #AT…",Positive,75.5000,general,general,,Twitter
Dallas3,Corporate,32.8293128,-96.8272358,5616 Lemmon Ave,75209,Sun Oct 23 01:36:51 +0000 2016,RT @ATT: The #futureofvideo is mobile and the #futureofmobile is video. Time Warner + AT&amp;T make it happen! @twxcorp https://t.co/GKx4U9TQYg,Neutral,56.0321,general,general,,Twitter
Dallas3,Corporate,32.8293128,-96.8272358,5616 Lemmon Ave,75209,Sun Oct 23 01:36:16 +0000 2016,RT @ATT: The #futureofvideo is mobile and the #futureofmobile is video. Time Warner + AT&amp;T make it happen! @twxcorp https://t.co/GKx4U9TQYg,Neutral,56.0321,general,general,,Twitter
Dallas3,Corporate,32.8293128,-96.8272358,5616 Lemmon Ave,75209,Sun Oct 23 01:36:01 +0000 2016,RT @ATT: The #futureofvideo is mobile and the #futureofmobile is video. Time Warner + AT&amp;T make it happen! @twxcorp https://t.co/GKx4U9TQYg,Neutral,56.0321,general,general,,Twitter
Dallas3,Corporate,32.8293128,-96.8272358,5616 Lemmon Ave,75209,Sun Oct 23 01:34:20 +0000 2016,RT @DougMagditch: It's official: AT&amp;T to Acquire Time Warner ... I'm so excited for the future of our company! https://t.co/soDLs4C87o #att…,Positive,85.1831,general,general,,Twitter
Dallas3,Corporate,32.8293128,-96.8272358,5616 Lemmon Ave,75209,Sun Oct 23 01:34:15 +0000 2016,RT @DougMagditch: It's official: AT&amp;T to Acquire Time Warner ... I'm so excited for the future of our company! https://t.co/soDLs4C87o #att…,Positive,85.1831,general,general,,Twitter
Dallas3,Corporate,32.8293128,-96.8272358,5616 Lemmon Ave,75209,Sun Oct 23 01:33:54 +0000 2016,Didn't we have to break AT&amp;T up once before? https://t.co/F2GGIRFUZg,Neutral,56.9441,general,general,,Twitter
Dallas3,Corporate,32.8293128,-96.8272358,5616 Lemmon Ave,75209,Sun Oct 23 01:33:09 +0000 2016,RT @dallasnews: Donald Trump says he would block AT&amp;T-Time Warner merger if elected  https://t.co/XmCbKogRWi https://t.co/30j3wwnrTl,Positive,73.6044,general,general,,Twitter
Dallas3,Corporate,32.8293128,-96.8272358,5616 Lemmon Ave,75209,Sun Oct 23 01:32:37 +0000 2016,"RT @ATT: Watch the @GreenDay @iHeartRadio Album Release Party Tonight, 9pm ET/PT on AUDIENCE. DIRECTV ch 239/U-verse ch 1114. https://t.co/…",Neutral,59.5550,directv,general,,Twitter
Dallas3,Corporate,32.8293128,-96.8272358,5616 Lemmon Ave,75209,Sun Oct 23 01:32:04 +0000 2016,"RT @ATT: Some people may wait a lifetime, but you don't have to. On 11/2-3, AT&amp;T customers can buy @kelly_clarkson tix early. https://t.co/…",Neutral,60.4188,general,general,,Twitter
Dallas3,Corporate,32.8293128,-96.8272358,5616 Lemmon Ave,75209,Sun Oct 23 01:31:40 +0000 2016,"RT @dallasnews: How the AT&amp;T-Time Warner deal changes the TV, mobile landscapes  https://t.co/tmdg7lCBj2 https://t.co/GXCgTSCj0J",Positive,74.8338,general,general,,Twitter
Dallas3,Corporate,32.8293128,-96.8272358,5616 Lemmon Ave,75209,Sun Oct 23 01:30:43 +0000 2016,RT @ATT: The #futureofvideo is mobile and the #futureofmobile is video. Time Warner + AT&amp;T make it happen! @twxcorp https://t.co/GKx4U9TQYg,Neutral,56.0321,general,general,,Twitter
Dallas3,Corporate,32.8293128,-96.8272358,5616 Lemmon Ave,75209,Sun Oct 23 01:29:37 +0000 2016,RT @ATT: The #futureofvideo is mobile and the #futureofmobile is video. Time Warner + AT&amp;T make it happen! @twxcorp https://t.co/GKx4U9TQYg,Neutral,56.0321,general,general,,Twitter
Dallas3,Corporate,32.8293128,-96.8272358,5616 Lemmon Ave,75209,Sun Oct 23 01:29:00 +0000 2016,RT @ATT: The #futureofvideo is mobile and the #futureofmobile is video. Time Warner + AT&amp;T make it happen! @twxcorp https://t.co/GKx4U9TQYg,Neutral,56.0321,general,general,,Twitter
Dallas3,Corporate,32.8293128,-96.8272358,5616 Lemmon Ave,75209,Sun Oct 23 01:25:08 +0000 2016,RT @ATT: Welcome to the team! @taylorswift13 https://t.co/4h86nLYuLo https://t.co/gAHOi7fPrZ,Positive,84.3125,general,general,,Twitter
Dallas3,Corporate,32.8293128,-96.8272358,5616 Lemmon Ave,75209,Sun Oct 23 01:24:04 +0000 2016,"RT @ATT: @EliteTravelGal Enjoy your new gear, Stacy! 😍 https://t.co/GodmaxF4Xq",Positive,67.4207,general,general,,Twitter
Dallas3,Corporate,32.8293128,-96.8272358,5616 Lemmon Ave,75209,Sun Oct 23 01:21:22 +0000 2016,RT @dallasnews: Donald Trump says he would block AT&amp;T-Time Warner merger if elected  https://t.co/XmCbKogRWi https://t.co/30j3wwnrTl,Positive,73.6044,general,general,,Twitter
Dallas3,Corporate,32.8293128,-96.8272358,5616 Lemmon Ave,75209,Sun Oct 23 01:19:21 +0000 2016,RT @dallasnews: Donald Trump says he would block AT&amp;T-Time Warner merger if elected  https://t.co/XmCbKogRWi https://t.co/30j3wwnrTl,Positive,73.6044,general,general,,Twitter
Dallas3,Corporate,32.8293128,-96.8272358,5616 Lemmon Ave,75209,Sun Oct 23 01:18:48 +0000 2016,RT @ATT: The #futureofvideo is mobile and the #futureofmobile is video. Time Warner + AT&amp;T make it happen! @twxcorp https://t.co/GKx4U9TQYg,Neutral,56.0321,general,general,,Twitter
Dallas3,Corporate,32.8293128,-96.8272358,5616 Lemmon Ave,75209,Sun Oct 23 01:17:45 +0000 2016,RT @DougMagditch: It's official: AT&amp;T to Acquire Time Warner ... I'm so excited for the future of our company! https://t.co/soDLs4C87o #att…,Positive,85.1831,general,general,,Twitter
Dallas3,Corporate,32.8293128,-96.8272358,5616 Lemmon Ave,75209,Sun Oct 23 01:16:22 +0000 2016,Donald Trump says he would block AT&amp;T-Time Warner merger if elected  https://t.co/XmCbKogRWi https://t.co/30j3wwnrTl,Positive,73.6044,general,general,,Twitter
Dallas3,Corporate,32.8293128,-96.8272358,5616 Lemmon Ave,75209,Sun Oct 23 01:16:17 +0000 2016,"It’s official: AT&amp;T is buying Time Warner. So, get ready to lose your unlimited data plans TWC Internet users. #FCC #ATT #BadBiz #Unreal",Positive,75.5000,general,general,,Twitter
Dallas3,Corporate,32.8293128,-96.8272358,5616 Lemmon Ave,75209,Sun Oct 23 01:16:01 +0000 2016,RT @ATT: The #futureofvideo is mobile and the #futureofmobile is video. Time Warner + AT&amp;T make it happen! @twxcorp https://t.co/GKx4U9TQYg,Neutral,56.0321,general,general,,Twitter
Dallas3,Corporate,32.8293128,-96.8272358,5616 Lemmon Ave,75209,Sun Oct 23 01:15:50 +0000 2016,RT @ATT: The #futureofvideo is mobile and the #futureofmobile is video. Time Warner + AT&amp;T make it happen! @twxcorp https://t.co/GKx4U9TQYg,Neutral,56.0321,general,general,,Twitter
Dallas3,Corporate,32.8293128,-96.8272358,5616 Lemmon Ave,75209,Sun Oct 23 01:13:03 +0000 2016,"RT @dallasnews: How the AT&amp;T-Time Warner deal changes the TV, mobile landscapes  https://t.co/tmdg7lCBj2 https://t.co/GXCgTSCj0J",Positive,74.8338,general,general,,Twitter
Dallas3,Corporate,32.8293128,-96.8272358,5616 Lemmon Ave,75209,Sun Oct 23 01:11:07 +0000 2016,RT @ATT: Welcome to the team! @taylorswift13 https://t.co/4h86nLYuLo https://t.co/gAHOi7fPrZ,Positive,84.3125,general,general,,Twitter
Dallas3,Corporate,32.8293128,-96.8272358,5616 Lemmon Ave,75209,Sun Oct 23 01:10:23 +0000 2016,"RT @dallasnews: How the AT&amp;T-Time Warner deal changes the TV, mobile landscapes  https://t.co/tmdg7lCBj2 https://t.co/GXCgTSCj0J",Positive,74.8338,general,general,,Twitter
Dallas3,Corporate,32.8293128,-96.8272358,5616 Lemmon Ave,75209,Sun Oct 23 01:10:14 +0000 2016,"Even by Texas standards, #ATT deal is huge. Take a look at how recent deals stack up https://t.co/UY360tYzWV #DFW #Tech",Positive,94.2225,general,general,,Twitter
Dallas3,Corporate,32.8293128,-96.8272358,5616 Lemmon Ave,75209,Sun Oct 23 01:10:11 +0000 2016,"Even by Texas standards, #ATT deal is huge. Take a look at how recent deals stack up https://t.co/NTV3RloclV #DFW #realestate",Positive,94.2225,general,general,,Twitter
Dallas3,Corporate,32.8293128,-96.8272358,5616 Lemmon Ave,75209,Sun Oct 23 01:10:09 +0000 2016,"RT @theblaze: Report: AT&amp;T wants to buy Time Warner in $80 billion mega-deal
https://t.co/QEDAC95J1T https://t.co/ChTnEiekcu",Positive,63.9246,general,general,,Twitter
Dallas3,Corporate,32.8293128,-96.8272358,5616 Lemmon Ave,75209,Sun Oct 23 01:09:18 +0000 2016,",@ATT statement re: deal to purchase Time Warner https://t.co/0qE8E6LSSZ",Positive,86.5707,general,general,,Twitter
Dallas3,Corporate,32.8293128,-96.8272358,5616 Lemmon Ave,75209,Sun Oct 23 01:08:20 +0000 2016,RT @ATT: The #futureofvideo is mobile and the #futureofmobile is video. Time Warner + AT&amp;T make it happen! @twxcorp https://t.co/GKx4U9TQYg,Neutral,56.0321,general,general,,Twitter
Dallas3,Corporate,32.8293128,-96.8272358,5616 Lemmon Ave,75209,Sun Oct 23 01:08:00 +0000 2016,RT @DougMagditch: It's official: AT&amp;T to Acquire Time Warner ... I'm so excited for the future of our company! https://t.co/soDLs4C87o #att…,Positive,85.1831,general,general,,Twitter
Dallas3,Corporate,32.8293128,-96.8272358,5616 Lemmon Ave,75209,Sun Oct 23 01:06:11 +0000 2016,"RT @dallasnews: How the AT&amp;T-Time Warner deal changes the TV, mobile landscapes  https://t.co/tmdg7lCBj2 https://t.co/GXCgTSCj0J",Positive,74.8338,general,general,,Twitter
Dallas3,Corporate,32.8293128,-96.8272358,5616 Lemmon Ave,75209,Sun Oct 23 01:05:57 +0000 2016,"How the AT&amp;T-Time Warner deal changes the TV, mobile landscapes  https://t.co/tmdg7lCBj2 https://t.co/GXCgTSCj0J",Positive,74.8338,general,general,,Twitter
Dallas3,Corporate,32.8293128,-96.8272358,5616 Lemmon Ave,75209,Sun Oct 23 01:05:18 +0000 2016,"RT @ATT: Some people may wait a lifetime, but you don't have to. On 11/2-3, AT&amp;T customers can buy @kelly_clarkson tix early. https://t.co/…",Neutral,60.4188,general,general,,Twitter
Dallas3,Corporate,32.8293128,-96.8272358,5616 Lemmon Ave,75209,Sun Oct 23 01:04:54 +0000 2016,RT @ATT: The #futureofvideo is mobile and the #futureofmobile is video. Time Warner + AT&amp;T make it happen! @twxcorp https://t.co/GKx4U9TQYg,Neutral,56.0321,general,general,,Twitter
Dallas3,Corporate,32.8293128,-96.8272358,5616 Lemmon Ave,75209,Sun Oct 23 01:04:08 +0000 2016,"Can AT&amp;T and Time Warner avoid a left-brain, right-brain culture clash? https://t.co/dBmczVFcln",Neutral,59.9518,general,general,,Twitter
Dallas3,Corporate,32.8293128,-96.8272358,5616 Lemmon Ave,75209,Sun Oct 23 01:02:15 +0000 2016,RT @ATT: The #futureofvideo is mobile and the #futureofmobile is video. Time Warner + AT&amp;T make it happen! @twxcorp https://t.co/GKx4U9TQYg,Neutral,56.0321,general,general,,Twitter
Dallas3,Corporate,32.8293128,-96.8272358,5616 Lemmon Ave,75209,Sun Oct 23 01:01:22 +0000 2016,RT @ATT: The #futureofvideo is mobile and the #futureofmobile is video. Time Warner + AT&amp;T make it happen! @twxcorp https://t.co/GKx4U9TQYg,Neutral,56.0321,general,general,,Twitter
Dallas3,Corporate,32.8293128,-96.8272358,5616 Lemmon Ave,75209,Sun Oct 23 00:59:33 +0000 2016,RT @ATT: The #futureofvideo is mobile and the #futureofmobile is video. Time Warner + AT&amp;T make it happen! @twxcorp https://t.co/GKx4U9TQYg,Neutral,56.0321,general,general,,Twitter
Dallas3,Corporate,32.8293128,-96.8272358,5616 Lemmon Ave,75209,Sun Oct 23 00:59:29 +0000 2016,RT @ATT: Welcome to the team! @taylorswift13 https://t.co/4h86nLYuLo https://t.co/gAHOi7fPrZ,Positive,84.3125,general,general,,Twitter
Dallas3,Corporate,32.8293128,-96.8272358,5616 Lemmon Ave,75209,Sun Oct 23 00:58:43 +0000 2016,RT @ATT: Welcome to the team! @taylorswift13 https://t.co/4h86nLYuLo https://t.co/gAHOi7fPrZ,Positive,84.3125,general,general,,Twitter
Dallas3,Corporate,32.8293128,-96.8272358,5616 Lemmon Ave,75209,Sun Oct 23 00:57:25 +0000 2016,STATEMENT from Dallas-based AT&amp;T on deal to buy Time Warner for about $85 BILLION: https://t.co/fSd8Ew4x99,Neutral,59.0326,general,general,,Twitter
Dallas3,Corporate,32.8293128,-96.8272358,5616 Lemmon Ave,75209,Sun Oct 23 00:56:51 +0000 2016,RT @ATT: The #futureofvideo is mobile and the #futureofmobile is video. Time Warner + AT&amp;T make it happen! @twxcorp https://t.co/GKx4U9TQYg,Neutral,56.0321,general,general,,Twitter
Dallas3,Corporate,32.8293128,-96.8272358,5616 Lemmon Ave,75209,Sun Oct 23 00:54:46 +0000 2016,RT @ATT: The #futureofvideo is mobile and the #futureofmobile is video. Time Warner + AT&amp;T make it happen! @twxcorp https://t.co/GKx4U9TQYg,Neutral,56.0321,general,general,,Twitter
Dallas3,Corporate,32.8293128,-96.8272358,5616 Lemmon Ave,75209,Sun Oct 23 00:54:38 +0000 2016,RT @ATT: Welcome to the team! @taylorswift13 https://t.co/4h86nLYuLo https://t.co/gAHOi7fPrZ,Positive,84.3125,general,general,,Twitter
Dallas3,Corporate,32.8293128,-96.8272358,5616 Lemmon Ave,75209,Sun Oct 23 00:52:09 +0000 2016,RT @ATT: The #futureofvideo is mobile and the #futureofmobile is video. Time Warner + AT&amp;T make it happen! @twxcorp https://t.co/GKx4U9TQYg,Neutral,56.0321,general,general,,Twitter
Dallas3,Corporate,32.8293128,-96.8272358,5616 Lemmon Ave,75209,Sun Oct 23 00:51:33 +0000 2016,RT @ATT: The #futureofvideo is mobile and the #futureofmobile is video. Time Warner + AT&amp;T make it happen! @twxcorp https://t.co/GKx4U9TQYg,Neutral,56.0321,general,general,,Twitter
Dallas3,Corporate,32.8293128,-96.8272358,5616 Lemmon Ave,75209,Sun Oct 23 00:51:32 +0000 2016,RT @ATT: The #futureofvideo is mobile and the #futureofmobile is video. Time Warner + AT&amp;T make it happen! @twxcorp https://t.co/GKx4U9TQYg,Neutral,56.0321,general,general,,Twitter
Dallas3,Corporate,32.8293128,-96.8272358,5616 Lemmon Ave,75209,Sun Oct 23 00:50:26 +0000 2016,RT @ATT: Welcome to the team! @taylorswift13 https://t.co/4h86nLYuLo https://t.co/gAHOi7fPrZ,Positive,84.3125,general,general,,Twitter
Dallas3,Corporate,32.8293128,-96.8272358,5616 Lemmon Ave,75209,Sun Oct 23 00:50:15 +0000 2016,RT @ATT: The #futureofvideo is mobile and the #futureofmobile is video. Time Warner + AT&amp;T make it happen! @twxcorp https://t.co/GKx4U9TQYg,Neutral,56.0321,general,general,,Twitter
Dallas3,Corporate,32.8293128,-96.8272358,5616 Lemmon Ave,75209,Sun Oct 23 00:50:08 +0000 2016,RT @RickTweetTweet: Breaking News!!! AT&amp;T to Acquire Time Warner! My family just got bigger! #LifeAtATT  #TimeWarner https://t.co/RUAJa5ciO…,Positive,81.6545,general,general,,Twitter
Dallas3,Corporate,32.8293128,-96.8272358,5616 Lemmon Ave,75209,Sun Oct 23 00:50:00 +0000 2016,"AT&amp;T to acquire Time Warner,  me to get one step closer to that GOT extra role I've always dreamed of.… https://t.co/WktAvl3mwb",Positive,85.3779,general,general,,Twitter
Dallas3,Corporate,32.8293128,-96.8272358,5616 Lemmon Ave,75209,Sun Oct 23 00:49:37 +0000 2016,Breaking News!!! AT&amp;T to Acquire Time Warner! My family just got bigger! #LifeAtATT  #TimeWarner… https://t.co/gGz251q8H8,Positive,81.6545,general,general,,Twitter
Dallas3,Corporate,32.8293128,-96.8272358,5616 Lemmon Ave,75209,Sun Oct 23 00:49:17 +0000 2016,RT @ATT: The #futureofvideo is mobile and the #futureofmobile is video. Time Warner + AT&amp;T make it happen! @twxcorp https://t.co/GKx4U9TQYg,Neutral,56.0321,general,general,,Twitter
Dallas3,Corporate,32.8293128,-96.8272358,5616 Lemmon Ave,75209,Sun Oct 23 00:47:24 +0000 2016,RT @ATT: The #futureofvideo is mobile and the #futureofmobile is video. Time Warner + AT&amp;T make it happen! @twxcorp https://t.co/GKx4U9TQYg,Neutral,56.0321,general,general,,Twitter
Dallas3,Corporate,32.8293128,-96.8272358,5616 Lemmon Ave,75209,Sun Oct 23 00:47:06 +0000 2016,"RT @ATT: Watch the @GreenDay @iHeartRadio Album Release Party Tonight, 9pm ET/PT on AUDIENCE. DIRECTV ch 239/U-verse ch 1114. https://t.co/…",Neutral,59.5550,directv,general,,Twitter
Dallas3,Corporate,32.8293128,-96.8272358,5616 Lemmon Ave,75209,Sun Oct 23 00:46:04 +0000 2016,"AT&amp;T acquires Time Warner in media mega-deal AT&amp;T acquires Time Warner in media mega-deal
https://t.co/QcEJuJYXMY",Positive,63.9246,general,general,,Twitter
Dallas3,Corporate,32.8293128,-96.8272358,5616 Lemmon Ave,75209,Sun Oct 23 00:46:04 +0000 2016,"AT&amp;T acquires Time Warner in media mega-deal AT&amp;T acquires Time Warner in media mega-deal
https://t.co/qJlcAmlLyt",Positive,63.9246,general,general,,Twitter
Dallas3,Corporate,32.8293128,-96.8272358,5616 Lemmon Ave,75209,Sun Oct 23 00:45:59 +0000 2016,RT @ATT: Welcome to the team! @taylorswift13 https://t.co/4h86nLYuLo https://t.co/gAHOi7fPrZ,Positive,84.3125,general,general,,Twitter
Dallas3,Corporate,32.8293128,-96.8272358,5616 Lemmon Ave,75209,Sun Oct 23 00:45:41 +0000 2016,RT @ATT: The #futureofvideo is mobile and the #futureofmobile is video. Time Warner + AT&amp;T make it happen! @twxcorp https://t.co/GKx4U9TQYg,Neutral,56.0321,general,general,,Twitter
Dallas3,Corporate,32.8293128,-96.8272358,5616 Lemmon Ave,75209,Sun Oct 23 00:45:01 +0000 2016,AT&amp;T Agrees to Buy Time Warner [HBO &amp; CNN] for $85.4 Billion - https://t.co/9YUDxxn10C https://t.co/yqbOvEMsOX,Positive,63.9246,general,general,,Twitter
Dallas3,Corporate,32.8293128,-96.8272358,5616 Lemmon Ave,75209,Sun Oct 23 00:44:46 +0000 2016,RT @ATT: The #futureofvideo is mobile and the #futureofmobile is video. Time Warner + AT&amp;T make it happen! @twxcorp https://t.co/GKx4U9TQYg,Neutral,56.0321,general,general,,Twitter
Dallas3,Corporate,32.8293128,-96.8272358,5616 Lemmon Ave,75209,Sun Oct 23 00:44:36 +0000 2016,RT @ATT: The #futureofvideo is mobile and the #futureofmobile is video. Time Warner + AT&amp;T make it happen! @twxcorp https://t.co/GKx4U9TQYg,Neutral,56.0321,general,general,,Twitter
