Dallas17,Authorized,32.739229,-96.682466,1530 S Buckner Blvd,75217,Mon Oct 24 04:59:22 +0000 2016,"RT @ATT: Mother Nature is unpredictable, so we rely on our Network Disaster Recovery team to connect you when you need it most. https://t.c…",Positive,77.2863,general,general,,Twitter
Dallas17,Authorized,32.739229,-96.682466,1530 S Buckner Blvd,75217,Mon Oct 24 04:48:50 +0000 2016,@VZWSupport we have been customers of @ATTCares for 18 yrs and the disregard they have for our business is shameful. I am looking at options,Negative,66.1790,general,general,,Twitter
Dallas17,Authorized,32.739229,-96.682466,1530 S Buckner Blvd,75217,Mon Oct 24 04:29:04 +0000 2016,Cuban: AT&amp;T-Time Warner will create more competition https://t.co/MLdPCHy52m https://t.co/r4Pp5K9uGV,Positive,94.0090,general,general,,Twitter
Dallas17,Authorized,32.739229,-96.682466,1530 S Buckner Blvd,75217,Mon Oct 24 04:26:42 +0000 2016,"RT @DFWSmallBiz: Speak now: Why critics want the $108 billion marriage of AT&amp;T, Time Warner to fail https://t.co/oM7uIpEQrX #DFW #Tech",Neutral,50.4577,general,general,,Twitter
Dallas17,Authorized,32.739229,-96.682466,1530 S Buckner Blvd,75217,Mon Oct 24 04:17:52 +0000 2016,RT @ATT: Get a sweet deal on the new iPhone 7 when you switch to AT&amp;T and have DIRECTV. https://t.co/TQVeUkmeZ6 https://t.co/zfZmNpe8AP,Positive,98.0584,directv,general,,Twitter
Dallas17,Authorized,32.739229,-96.682466,1530 S Buckner Blvd,75217,Mon Oct 24 04:16:39 +0000 2016,@ATTCares #ATT has the worst customer service. Been told multiple stories. Customer since Cingular. Terminating and going to @VZWSupport,Negative,99.7573,general,general,,Twitter
Dallas17,Authorized,32.739229,-96.682466,1530 S Buckner Blvd,75217,Mon Oct 24 04:07:35 +0000 2016,RT @ATT: The #futureofvideo is mobile and the #futureofmobile is video. Time Warner + AT&amp;T make it happen! @twxcorp https://t.co/GKx4U9TQYg,Neutral,56.0321,general,general,,Twitter
Dallas17,Authorized,32.739229,-96.682466,1530 S Buckner Blvd,75217,Mon Oct 24 03:52:38 +0000 2016,RT @ATT: Who made you a college 🏈 fan? Share with #MadeMeAFanContest for a chance to win. Rules https://t.co/hU3I3wFn5V https://t.co/xZbxUJ…,Positive,88.9294,general,general,,Twitter
Dallas17,Authorized,32.739229,-96.682466,1530 S Buckner Blvd,75217,Mon Oct 24 03:51:51 +0000 2016,"RT @dallasnews: Trump gets litigious, AT&amp;T gets bigger, @TomiLahren wins bigly: Your weekend news digest https://t.co/tjOy7OJCri https://t.…",Negative,66.2200,general,general,,Twitter
Dallas17,Authorized,32.739229,-96.682466,1530 S Buckner Blvd,75217,Mon Oct 24 03:51:06 +0000 2016,"RT @Paul_O_Williams: AT&amp;T, Time Warner Team Up To Fight For The Future Of TV https://t.co/pMeNsiaYKa #TimeWarner #ATT",Positive,89.0251,general,general,,Twitter
Dallas17,Authorized,32.739229,-96.682466,1530 S Buckner Blvd,75217,Mon Oct 24 03:48:26 +0000 2016,"RT @Paul_O_Williams: AT&amp;T, Time Warner Team Up To Fight For The Future Of TV https://t.co/pMeNsiaYKa #TimeWarner #ATT",Positive,89.0251,general,general,,Twitter
Dallas17,Authorized,32.739229,-96.682466,1530 S Buckner Blvd,75217,Mon Oct 24 03:37:53 +0000 2016,"RT @Paul_O_Williams: AT&amp;T, Time Warner Team Up To Fight For The Future Of TV https://t.co/pMeNsiaYKa #TimeWarner #ATT",Positive,89.0251,general,general,,Twitter
Dallas17,Authorized,32.739229,-96.682466,1530 S Buckner Blvd,75217,Mon Oct 24 03:33:11 +0000 2016,RT @ATT: Get a sweet deal on the new iPhone 7 when you switch to AT&amp;T and have DIRECTV. https://t.co/TQVeUkmeZ6 https://t.co/zfZmNpe8AP,Positive,98.0584,directv,general,,Twitter
Dallas17,Authorized,32.739229,-96.682466,1530 S Buckner Blvd,75217,Mon Oct 24 03:27:37 +0000 2016,RT @ATT: Welcome to the team! @taylorswift13 https://t.co/4h86nLYuLo https://t.co/gAHOi7fPrZ,Positive,84.3125,general,general,,Twitter
Dallas17,Authorized,32.739229,-96.682466,1530 S Buckner Blvd,75217,Mon Oct 24 03:25:23 +0000 2016,@JGFoundSuccess lol I apologize at&amp;t uverse doesn't offer more sophistication for your tastes.,Neutral,61.0889,uverse,general,,Twitter
Dallas17,Authorized,32.739229,-96.682466,1530 S Buckner Blvd,75217,Mon Oct 24 03:25:06 +0000 2016,"AT&amp;T, Time Warner Team Up To Fight For The Future Of TV https://t.co/pMeNsiaYKa #TimeWarner #ATT",Positive,89.0251,general,general,,Twitter
Dallas17,Authorized,32.739229,-96.682466,1530 S Buckner Blvd,75217,Mon Oct 24 03:08:50 +0000 2016,"RT @dallasnews: Trump gets litigious, AT&amp;T gets bigger, @TomiLahren wins bigly: Your weekend news digest https://t.co/tjOy7OJCri https://t.…",Negative,66.2200,general,general,,Twitter
Dallas17,Authorized,32.739229,-96.682466,1530 S Buckner Blvd,75217,Mon Oct 24 03:04:15 +0000 2016,"RT @dallasnews: Trump gets litigious, AT&amp;T gets bigger, @TomiLahren wins bigly: Your weekend news digest https://t.co/tjOy7OJCri https://t.…",Negative,66.2200,general,general,,Twitter
Dallas17,Authorized,32.739229,-96.682466,1530 S Buckner Blvd,75217,Mon Oct 24 02:54:28 +0000 2016,"@jayrosen_nyu Bought DirecTV. Content costs a lot of $. Time Warner has great content: CNN, HBO, TBS. It's that simple.",Positive,91.7133,directv,general,,Twitter
Dallas17,Authorized,32.739229,-96.682466,1530 S Buckner Blvd,75217,Mon Oct 24 02:53:48 +0000 2016,@ts6swift Not necessarily.  We’ll be giving away lots of tickets to Taylor fans including AT&amp;T customers and special guests.,Positive,68.3177,general,general,,Twitter
Dallas17,Authorized,32.739229,-96.682466,1530 S Buckner Blvd,75217,Mon Oct 24 02:52:04 +0000 2016,"#dallas Speak now: Why critics want the $108 billion marriage of AT&amp;T, Time Warner to fail https://t.co/ATqYQAzC9B",Neutral,50.4577,general,general,,Twitter
Dallas17,Authorized,32.739229,-96.682466,1530 S Buckner Blvd,75217,Mon Oct 24 02:51:52 +0000 2016,"RT @dallasnews: Trump gets litigious, AT&amp;T gets bigger, @TomiLahren wins bigly: Your weekend news digest https://t.co/tjOy7OJCri https://t.…",Negative,66.2200,general,general,,Twitter
Dallas17,Authorized,32.739229,-96.682466,1530 S Buckner Blvd,75217,Mon Oct 24 02:49:34 +0000 2016,@DIRECTVService we already got help over the phone thanks,Positive,62.9127,directv,general,,Twitter
Dallas17,Authorized,32.739229,-96.682466,1530 S Buckner Blvd,75217,Mon Oct 24 02:32:50 +0000 2016,RT @ATT: Welcome to the team! @taylorswift13 https://t.co/4h86nLYuLo https://t.co/gAHOi7fPrZ,Positive,84.3125,general,general,,Twitter
Dallas17,Authorized,32.739229,-96.682466,1530 S Buckner Blvd,75217,Mon Oct 24 02:16:51 +0000 2016,"RT @ATT: Mother Nature is unpredictable, so we rely on our Network Disaster Recovery team to connect you when you need it most. https://t.c…",Positive,77.2863,general,general,,Twitter
Dallas17,Authorized,32.739229,-96.682466,1530 S Buckner Blvd,75217,Mon Oct 24 02:10:26 +0000 2016,@DIRECTV is there some system-wide outage? Both are receivers out at the same time.,Positive,94.3343,directv,general,,Twitter
Dallas17,Authorized,32.739229,-96.682466,1530 S Buckner Blvd,75217,Mon Oct 24 02:06:33 +0000 2016,RT @dallasnews: Huge Stadium Club expects that fans with a taste for the @DallasCowboys won't leave it feeling empty | https://t.co/UU393Uz…,Positive,87.1247,general,general,,Twitter
Dallas17,Authorized,32.739229,-96.682466,1530 S Buckner Blvd,75217,Mon Oct 24 02:00:24 +0000 2016,AT&amp;amp;T's quarterly results give hints on urgency behind Time Warner deal https://t.co/KGfW4ITIEC via @dallasnews,Positive,69.1587,general,general,,Twitter
Dallas17,Authorized,32.739229,-96.682466,1530 S Buckner Blvd,75217,Mon Oct 24 02:00:03 +0000 2016,#dallas AT&amp;T's quarterly results give hints on urgency behind Time Warner deal https://t.co/tm58VUGa7A,Positive,69.1587,general,general,,Twitter
Dallas17,Authorized,32.739229,-96.682466,1530 S Buckner Blvd,75217,Mon Oct 24 01:57:57 +0000 2016,RT @ATT: The #futureofvideo is mobile and the #futureofmobile is video. Time Warner + AT&amp;T make it happen! @twxcorp https://t.co/GKx4U9TQYg,Neutral,56.0321,general,general,,Twitter
Dallas17,Authorized,32.739229,-96.682466,1530 S Buckner Blvd,75217,Mon Oct 24 01:56:55 +0000 2016,RT @ATT: The #futureofvideo is mobile and the #futureofmobile is video. Time Warner + AT&amp;T make it happen! @twxcorp https://t.co/GKx4U9TQYg,Neutral,56.0321,general,general,,Twitter
Dallas17,Authorized,32.739229,-96.682466,1530 S Buckner Blvd,75217,Mon Oct 24 01:41:44 +0000 2016,RT @ATT: Welcome to the team! @taylorswift13 https://t.co/4h86nLYuLo https://t.co/gAHOi7fPrZ,Positive,84.3125,general,general,,Twitter
Dallas17,Authorized,32.739229,-96.682466,1530 S Buckner Blvd,75217,Mon Oct 24 01:41:36 +0000 2016,"""Swift Opposition to Resurrection of AT&amp;T Giant"" by MICHAEL J. de la MERCED via NYT The New York Times https://t.co/1LxESB3c2C",Positive,94.8739,general,general,,Twitter
Dallas17,Authorized,32.739229,-96.682466,1530 S Buckner Blvd,75217,Mon Oct 24 01:38:13 +0000 2016,"RT @dallasnews: Trump gets litigious, AT&amp;T gets bigger, @TomiLahren wins bigly: Your weekend news digest https://t.co/tjOy7OJCri https://t.…",Negative,66.2200,general,general,,Twitter
Dallas17,Authorized,32.739229,-96.682466,1530 S Buckner Blvd,75217,Mon Oct 24 01:27:43 +0000 2016,RT @dallasnews: Huge Stadium Club expects that fans with a taste for the @DallasCowboys won't leave it feeling empty | https://t.co/UU393Uz…,Positive,87.1247,general,general,,Twitter
Dallas17,Authorized,32.739229,-96.682466,1530 S Buckner Blvd,75217,Mon Oct 24 01:27:29 +0000 2016,RT @Uverse: Who will survive in the new world? Find out on tonight's Season 7 premiere of @WalkingDead_AMC at 9/8c. #TWD https://t.co/nztIU…,Positive,99.8837,uverse,general,,Twitter
Dallas17,Authorized,32.739229,-96.682466,1530 S Buckner Blvd,75217,Mon Oct 24 01:25:19 +0000 2016,RT @dallasnews: Huge Stadium Club expects that fans with a taste for the @DallasCowboys won't leave it feeling empty | https://t.co/UU393Uz…,Positive,87.1247,general,general,,Twitter
Dallas17,Authorized,32.739229,-96.682466,1530 S Buckner Blvd,75217,Mon Oct 24 01:24:03 +0000 2016,RT @dallasnews: Huge Stadium Club expects that fans with a taste for the @DallasCowboys won't leave it feeling empty | https://t.co/UU393Uz…,Positive,87.1247,general,general,,Twitter
Dallas17,Authorized,32.739229,-96.682466,1530 S Buckner Blvd,75217,Mon Oct 24 01:23:59 +0000 2016,"RT @dallasnews: Trump gets litigious, AT&amp;T gets bigger, @TomiLahren wins bigly: Your weekend news digest https://t.co/tjOy7OJCri https://t.…",Negative,66.2200,general,general,,Twitter
Dallas17,Authorized,32.739229,-96.682466,1530 S Buckner Blvd,75217,Mon Oct 24 01:19:47 +0000 2016,RT @ATT: Welcome to the team! @taylorswift13 https://t.co/4h86nLYuLo https://t.co/gAHOi7fPrZ,Positive,84.3125,general,general,,Twitter
Dallas17,Authorized,32.739229,-96.682466,1530 S Buckner Blvd,75217,Mon Oct 24 01:18:49 +0000 2016,"RT @ATT: Mother Nature is unpredictable, so we rely on our Network Disaster Recovery team to connect you when you need it most. https://t.c…",Positive,77.2863,general,general,,Twitter
Dallas17,Authorized,32.739229,-96.682466,1530 S Buckner Blvd,75217,Mon Oct 24 01:15:44 +0000 2016,Huge Stadium Club expects that fans with a taste for the @DallasCowboys won't leave it feeling empty |… https://t.co/hAhBAisziV,Positive,87.1247,general,general,,Twitter
Dallas17,Authorized,32.739229,-96.682466,1530 S Buckner Blvd,75217,Mon Oct 24 01:10:15 +0000 2016,RT @ATT: Welcome to the team! @taylorswift13 https://t.co/4h86nLYuLo https://t.co/gAHOi7fPrZ,Positive,84.3125,general,general,,Twitter
Dallas17,Authorized,32.739229,-96.682466,1530 S Buckner Blvd,75217,Mon Oct 24 01:04:02 +0000 2016,RT @ATT: The #futureofvideo is mobile and the #futureofmobile is video. Time Warner + AT&amp;T make it happen! @twxcorp https://t.co/GKx4U9TQYg,Neutral,56.0321,general,general,,Twitter
Dallas17,Authorized,32.739229,-96.682466,1530 S Buckner Blvd,75217,Mon Oct 24 01:03:40 +0000 2016,"Critics of proposed $108 billion AT&amp;T, Time Warner marriage speak out  https://t.co/w3Yu4yr5QC https://t.co/Fer8DbdTsu",Positive,82.0228,general,general,,Twitter
Dallas17,Authorized,32.739229,-96.682466,1530 S Buckner Blvd,75217,Mon Oct 24 01:00:15 +0000 2016,AT&amp;T CEO pledges independence for CNN - https://t.co/tU4OYeCj5B,Neutral,50.0000,general,general,,Twitter
Dallas17,Authorized,32.739229,-96.682466,1530 S Buckner Blvd,75217,Mon Oct 24 01:00:15 +0000 2016,AT&amp;T CEO pledges independence for CNN - https://t.co/BvdHQYn3JH,Neutral,50.0000,general,general,,Twitter
Dallas17,Authorized,32.739229,-96.682466,1530 S Buckner Blvd,75217,Mon Oct 24 01:00:15 +0000 2016,AT&amp;T CEO pledges independence for CNN - https://t.co/iyN1BNLSQz,Neutral,50.0000,general,general,,Twitter
Dallas17,Authorized,32.739229,-96.682466,1530 S Buckner Blvd,75217,Mon Oct 24 01:00:15 +0000 2016,AT&amp;T CEO pledges independence for CNN - https://t.co/CWSawslkJC,Neutral,50.0000,general,general,,Twitter
Dallas17,Authorized,32.739229,-96.682466,1530 S Buckner Blvd,75217,Mon Oct 24 00:53:17 +0000 2016,RT @ATT: Welcome to the team! @taylorswift13 https://t.co/4h86nLYuLo https://t.co/gAHOi7fPrZ,Positive,84.3125,general,general,,Twitter
Dallas17,Authorized,32.739229,-96.682466,1530 S Buckner Blvd,75217,Mon Oct 24 00:53:06 +0000 2016,"Speak now: Why critics want the $108 billion marriage of AT&amp;T, Time Warner to fail https://t.co/oM7uIpEQrX #DFW #Tech",Neutral,50.4577,general,general,,Twitter
Dallas17,Authorized,32.739229,-96.682466,1530 S Buckner Blvd,75217,Mon Oct 24 00:53:05 +0000 2016,"Speak now: Why critics want the $108 billion marriage of AT&amp;T, Time Warner to fail https://t.co/bqAIWNrscZ #DFW #realestate",Neutral,50.4577,general,general,,Twitter
Dallas17,Authorized,32.739229,-96.682466,1530 S Buckner Blvd,75217,Mon Oct 24 00:52:53 +0000 2016,RT @ATTBusiness: Cybersecurity preparedness starts w/ a strong incident response plan. Get info to help shield your org from attack: https:…,Positive,89.9643,general,general,,Twitter
Dallas17,Authorized,32.739229,-96.682466,1530 S Buckner Blvd,75217,Mon Oct 24 00:51:50 +0000 2016,RT @ATT: Welcome to the team! @taylorswift13 https://t.co/4h86nLYuLo https://t.co/gAHOi7fPrZ,Positive,84.3125,general,general,,Twitter
Dallas17,Authorized,32.739229,-96.682466,1530 S Buckner Blvd,75217,Mon Oct 24 00:46:05 +0000 2016,RT @ATT: Welcome to the team! @taylorswift13 https://t.co/4h86nLYuLo https://t.co/gAHOi7fPrZ,Positive,84.3125,general,general,,Twitter
Dallas17,Authorized,32.739229,-96.682466,1530 S Buckner Blvd,75217,Mon Oct 24 00:45:56 +0000 2016,"RT @PhilipTKingston: Why do I suddenly feel so good about @BCBSAssociation? Hint, hint, @ATT @DtownDallasInc https://t.co/dEwVDTELlT",Negative,86.4626,general,general,,Twitter
Dallas17,Authorized,32.739229,-96.682466,1530 S Buckner Blvd,75217,Mon Oct 24 00:38:59 +0000 2016,My latest @hotairblog looks at the fact both @realDonaldTrump &amp; @timkaine have issues w/ATT-Warner merger. https://t.co/mJ8mhzmJny,Positive,75.9224,general,general,,Twitter
Dallas17,Authorized,32.739229,-96.682466,1530 S Buckner Blvd,75217,Mon Oct 24 00:37:09 +0000 2016,"RT @ATT: Mother Nature is unpredictable, so we rely on our Network Disaster Recovery team to connect you when you need it most. https://t.c…",Positive,77.2863,general,general,,Twitter
Dallas17,Authorized,32.739229,-96.682466,1530 S Buckner Blvd,75217,Mon Oct 24 00:35:58 +0000 2016,"RT @dallasnews: Trump gets litigious, AT&amp;T gets bigger, @TomiLahren wins bigly: Your weekend news digest https://t.co/tjOy7OJCri https://t.…",Negative,66.2200,general,general,,Twitter
Dallas17,Authorized,32.739229,-96.682466,1530 S Buckner Blvd,75217,Mon Oct 24 00:34:21 +0000 2016,Happy x1000 TY @DeloitteUS &amp; @JasonWDowning. You rock #socent in Big D. Will @ATT #GiveACheck &amp; #OneUpThat @UnitedWayDallas @UWGroundFloor?,Positive,72.2727,general,general,,Twitter
Dallas17,Authorized,32.739229,-96.682466,1530 S Buckner Blvd,75217,Mon Oct 24 00:33:41 +0000 2016,"RT @dallasnews: Trump gets litigious, AT&amp;T gets bigger, @TomiLahren wins bigly: Your weekend news digest https://t.co/tjOy7OJCri https://t.…",Negative,66.2200,general,general,,Twitter
Dallas17,Authorized,32.739229,-96.682466,1530 S Buckner Blvd,75217,Mon Oct 24 00:31:10 +0000 2016,"Critics of $108 billion AT&amp;T, Time Warner marriage speak out https://t.co/uJtGGni9kR #DFW",Positive,82.0228,general,general,,Twitter
Dallas17,Authorized,32.739229,-96.682466,1530 S Buckner Blvd,75217,Mon Oct 24 00:22:19 +0000 2016,"Traders weigh media stocks on Time Warner, AT&amp;T deal chatter: The ""Fast Money"" traders debated what AT&amp;T's po... https://t.co/re5JLDrRgZ",Positive,70.4942,general,general,,Twitter
Dallas17,Authorized,32.739229,-96.682466,1530 S Buckner Blvd,75217,Mon Oct 24 00:20:41 +0000 2016,RT @attJOBS: We're helping connect youth to their first jobs by signing on to the White House's First Job Compact. Learn more: https://t.co…,Positive,91.9056,general,general,,Twitter
Dallas17,Authorized,32.739229,-96.682466,1530 S Buckner Blvd,75217,Mon Oct 24 00:19:54 +0000 2016,"RT @ATT: Mother Nature is unpredictable, so we rely on our Network Disaster Recovery team to connect you when you need it most. https://t.c…",Positive,77.2863,general,general,,Twitter
Dallas17,Authorized,32.739229,-96.682466,1530 S Buckner Blvd,75217,Mon Oct 24 00:18:55 +0000 2016,RT @tomthuang: AT&amp;T's quarterly results give hints on urgency behind Time Warner deal https://t.co/5QuMfjirr8 via @dallasnews,Positive,69.1587,general,general,,Twitter
Dallas17,Authorized,32.739229,-96.682466,1530 S Buckner Blvd,75217,Mon Oct 24 00:18:45 +0000 2016,"RT @dallasnews: Trump gets litigious, AT&amp;T gets bigger, @TomiLahren wins bigly: Your weekend news digest https://t.co/tjOy7OJCri https://t.…",Negative,66.2200,general,general,,Twitter
Dallas17,Authorized,32.739229,-96.682466,1530 S Buckner Blvd,75217,Mon Oct 24 00:16:33 +0000 2016,AT&amp;T's quarterly results give hints on urgency behind Time Warner deal https://t.co/5QuMfjirr8 via @dallasnews,Positive,69.1587,general,general,,Twitter
Dallas17,Authorized,32.739229,-96.682466,1530 S Buckner Blvd,75217,Mon Oct 24 00:10:23 +0000 2016,HAPPY to have @DeloitteUS as a #OneUpThat sponsor. Their support will change lives forever! @ATT can you #OneUpThat… https://t.co/mBGIi8KXoD,Positive,98.0349,general,general,,Twitter
Dallas17,Authorized,32.739229,-96.682466,1530 S Buckner Blvd,75217,Mon Oct 24 00:07:45 +0000 2016,RT @ATT: The #futureofvideo is mobile and the #futureofmobile is video. Time Warner + AT&amp;T make it happen! @twxcorp https://t.co/GKx4U9TQYg,Neutral,56.0321,general,general,,Twitter
Dallas17,Authorized,32.739229,-96.682466,1530 S Buckner Blvd,75217,Mon Oct 24 00:07:25 +0000 2016,RT @ATT: The #futureofvideo is mobile and the #futureofmobile is video. Time Warner + AT&amp;T make it happen! @twxcorp https://t.co/GKx4U9TQYg,Neutral,56.0321,general,general,,Twitter
Dallas17,Authorized,32.739229,-96.682466,1530 S Buckner Blvd,75217,Mon Oct 24 00:05:47 +0000 2016,RT @ATT: The #futureofvideo is mobile and the #futureofmobile is video. Time Warner + AT&amp;T make it happen! @twxcorp https://t.co/GKx4U9TQYg,Neutral,56.0321,general,general,,Twitter
Dallas17,Authorized,32.739229,-96.682466,1530 S Buckner Blvd,75217,Mon Oct 24 00:03:03 +0000 2016,Dallas Business News AT&amp;T's quarterly results give hints on urgency behind Time Warner deal https://t.co/1FDuD1zQzp,Positive,75.1778,general,general,,Twitter
Dallas17,Authorized,32.739229,-96.682466,1530 S Buckner Blvd,75217,Sun Oct 23 23:53:22 +0000 2016,RT @ATT: The #futureofvideo is mobile and the #futureofmobile is video. Time Warner + AT&amp;T make it happen! @twxcorp https://t.co/GKx4U9TQYg,Neutral,56.0321,general,general,,Twitter
Dallas17,Authorized,32.739229,-96.682466,1530 S Buckner Blvd,75217,Sun Oct 23 23:52:10 +0000 2016,"RT @ATT: Mother Nature is unpredictable, so we rely on our Network Disaster Recovery team to connect you when you need it most. https://t.c…",Positive,77.2863,general,general,,Twitter
Dallas17,Authorized,32.739229,-96.682466,1530 S Buckner Blvd,75217,Sun Oct 23 23:49:52 +0000 2016,"RT @dallasnews: New media agency @Hearts_Science lands @ATT, opens shop in Dallas and plans to employ 100 people https://t.co/f5bPR9R5EQ @m…",Neutral,56.5613,general,general,,Twitter
Dallas17,Authorized,32.739229,-96.682466,1530 S Buckner Blvd,75217,Sun Oct 23 23:46:09 +0000 2016,"""To Secure a Mega-Merger, AT&amp;T Plans to Shoulder Mega-Debt"" by LESLIE PICKER via NYT The New York Times https://t.co/6jdDhbiFNd",Positive,95.1780,general,general,,Twitter
Dallas17,Authorized,32.739229,-96.682466,1530 S Buckner Blvd,75217,Sun Oct 23 23:38:53 +0000 2016,RT @ATT: The #futureofvideo is mobile and the #futureofmobile is video. Time Warner + AT&amp;T make it happen! @twxcorp https://t.co/GKx4U9TQYg,Neutral,56.0321,general,general,,Twitter
Dallas17,Authorized,32.739229,-96.682466,1530 S Buckner Blvd,75217,Sun Oct 23 23:33:09 +0000 2016,RT @ATT: The #futureofvideo is mobile and the #futureofmobile is video. Time Warner + AT&amp;T make it happen! @twxcorp https://t.co/GKx4U9TQYg,Neutral,56.0321,general,general,,Twitter
Dallas17,Authorized,32.739229,-96.682466,1530 S Buckner Blvd,75217,Sun Oct 23 23:27:43 +0000 2016,"@TwoBitWhackJob with @DIRECTV and #NFLSundayTicket, I can choose how I want to finish. 😏",Negative,83.6334,directv,general,,Twitter
Dallas17,Authorized,32.739229,-96.682466,1530 S Buckner Blvd,75217,Sun Oct 23 23:23:49 +0000 2016,"RT @dallasnews: Trump gets litigious, AT&amp;T gets bigger, @TomiLahren wins bigly: Your weekend news digest https://t.co/tjOy7OJCri https://t.…",Negative,66.2200,general,general,,Twitter
Dallas17,Authorized,32.739229,-96.682466,1530 S Buckner Blvd,75217,Sun Oct 23 23:23:26 +0000 2016,RT @ATT: Welcome to the team! @taylorswift13 https://t.co/4h86nLYuLo https://t.co/gAHOi7fPrZ,Positive,84.3125,general,general,,Twitter
Dallas17,Authorized,32.739229,-96.682466,1530 S Buckner Blvd,75217,Sun Oct 23 23:22:37 +0000 2016,RT @dallasnews: AT&amp;T's quarterly results give hints on urgency behind Time Warner deal  https://t.co/9FoLKn9M4E https://t.co/GuOfVi4Vty,Positive,69.1587,general,general,,Twitter
Dallas17,Authorized,32.739229,-96.682466,1530 S Buckner Blvd,75217,Sun Oct 23 23:17:22 +0000 2016,RT @ATT: Welcome to the team! @taylorswift13 https://t.co/4h86nLYuLo https://t.co/gAHOi7fPrZ,Positive,84.3125,general,general,,Twitter
Dallas17,Authorized,32.739229,-96.682466,1530 S Buckner Blvd,75217,Sun Oct 23 23:13:16 +0000 2016,"AT&amp;T to Purchase Time Warner for $85.4B: Here’s What You Need to Know: In its goal to become a media giant, AT&amp;T… https://t.co/7Rz6ffMbwm",Positive,89.6079,general,general,,Twitter
Dallas17,Authorized,32.739229,-96.682466,1530 S Buckner Blvd,75217,Sun Oct 23 23:13:04 +0000 2016,RT @ATTBusiness: Cybersecurity preparedness starts w/ a strong incident response plan. Get info to help shield your org from attack: https:…,Positive,89.9643,general,general,,Twitter
Dallas17,Authorized,32.739229,-96.682466,1530 S Buckner Blvd,75217,Sun Oct 23 23:09:49 +0000 2016,RT @dallasnews: AT&amp;T's quarterly results give hints on urgency behind Time Warner deal  https://t.co/9FoLKn9M4E https://t.co/GuOfVi4Vty,Positive,69.1587,general,general,,Twitter
Dallas17,Authorized,32.739229,-96.682466,1530 S Buckner Blvd,75217,Sun Oct 23 23:09:20 +0000 2016,RT @dallasnews: AT&amp;T's quarterly results give hints on urgency behind Time Warner deal  https://t.co/9FoLKn9M4E https://t.co/GuOfVi4Vty,Positive,69.1587,general,general,,Twitter
Dallas17,Authorized,32.739229,-96.682466,1530 S Buckner Blvd,75217,Sun Oct 23 23:07:17 +0000 2016,"AT&amp;T to Purchase Time Warner for $85.4B: Here’s What You Need to Know: In its goal to become a media giant, AT&amp;T… https://t.co/Y9VCVeXAI8",Positive,89.6079,general,general,,Twitter
Dallas17,Authorized,32.739229,-96.682466,1530 S Buckner Blvd,75217,Sun Oct 23 23:07:15 +0000 2016,"AT&amp;T to Purchase Time Warner for $85.4B: Here’s What You Need to Know: In its goal to become a media giant, AT&amp;T… https://t.co/6Vj9sz0Jz6",Positive,89.6079,general,general,,Twitter
Dallas17,Authorized,32.739229,-96.682466,1530 S Buckner Blvd,75217,Sun Oct 23 23:07:09 +0000 2016,AT&amp;T to Purchase Time Warner for $85.4B: Here’s What You Need to Know https://t.co/I96KswhXnw,Positive,64.7270,general,general,,Twitter
Dallas17,Authorized,32.739229,-96.682466,1530 S Buckner Blvd,75217,Sun Oct 23 23:07:06 +0000 2016,"AT&amp;T to Purchase Time Warner for $85.4B: Here’s What You Need to Know: In its goal to become a media giant, AT&amp;T… https://t.co/oK8yYBvoEO",Positive,89.6079,general,general,,Twitter
Dallas17,Authorized,32.739229,-96.682466,1530 S Buckner Blvd,75217,Sun Oct 23 23:03:10 +0000 2016,AT&amp;T's quarterly results give hints on urgency behind Time Warner deal  https://t.co/9FoLKn9M4E https://t.co/GuOfVi4Vty,Positive,69.1587,general,general,,Twitter
Dallas17,Authorized,32.739229,-96.682466,1530 S Buckner Blvd,75217,Sun Oct 23 23:01:18 +0000 2016,RT @irvrealestate: AT&amp;T to Purchase Time Warner for $85.4B: Here’s What You Need to Know https://t.co/UaEs6GVqHH #Tech_Startups,Positive,64.7270,general,general,,Twitter
Dallas17,Authorized,32.739229,-96.682466,1530 S Buckner Blvd,75217,Sun Oct 23 23:01:17 +0000 2016,Planning a #familyvacation soon? Here are 5 #travel apps and gadgets you will love! https://t.co/4QGytoJr8q,Positive,99.5101,general,general,,Twitter
Dallas17,Authorized,32.739229,-96.682466,1530 S Buckner Blvd,75217,Sun Oct 23 23:00:04 +0000 2016,Who will survive in the new world? Find out on tonight's Season 7 premiere of @WalkingDead_AMC at 9/8c. #TWD https://t.co/nztIUgki6P,Positive,99.8837,general,general,,Twitter
Dallas17,Authorized,32.739229,-96.682466,1530 S Buckner Blvd,75217,Sun Oct 23 22:59:57 +0000 2016,AT&amp;T's quarterly results give hints on urgency behind Time Warner deal:  https://t.co/RDzHeMmeUA,Positive,69.1587,general,general,,Twitter
Dallas17,Authorized,32.739229,-96.682466,1530 S Buckner Blvd,75217,Sun Oct 23 22:55:13 +0000 2016,RT @ATT: Welcome to the team! @taylorswift13 https://t.co/4h86nLYuLo https://t.co/gAHOi7fPrZ,Positive,84.3125,general,general,,Twitter
Dallas17,Authorized,32.739229,-96.682466,1530 S Buckner Blvd,75217,Sun Oct 23 22:54:53 +0000 2016,RT @ATT: The #futureofvideo is mobile and the #futureofmobile is video. Time Warner + AT&amp;T make it happen! @twxcorp https://t.co/GKx4U9TQYg,Neutral,56.0321,general,general,,Twitter
Dallas17,Authorized,32.739229,-96.682466,1530 S Buckner Blvd,75217,Thu Oct 20 15:54:17 +0000 2016,RT @ATT: Who made you a college 🏈 fan? Share with #MadeMeAFanContest for a chance to win. Rules https://t.co/hU3I3wFn5V https://t.co/xZbxUJ…,Positive,88.9294,general,general,,Twitter
Dallas17,Authorized,32.739229,-96.682466,1530 S Buckner Blvd,75217,Thu Oct 20 15:36:20 +0000 2016,RT @ATT: Get a sweet deal on the new iPhone 7 when you switch to AT&amp;T and have DIRECTV. https://t.co/TQVeUkmeZ6 https://t.co/zfZmNpe8AP,Positive,98.0584,directv,general,,Twitter
Dallas17,Authorized,32.739229,-96.682466,1530 S Buckner Blvd,75217,Thu Oct 20 15:23:45 +0000 2016,RT @ATT: Get a sweet deal on the new iPhone 7 when you switch to AT&amp;T and have DIRECTV. https://t.co/TQVeUkmeZ6 https://t.co/zfZmNpe8AP,Positive,98.0584,directv,general,,Twitter
Dallas17,Authorized,32.739229,-96.682466,1530 S Buckner Blvd,75217,Thu Oct 20 15:23:28 +0000 2016,RT @ATT: AT&amp;T #Fiber - The future of the internet is now! Starting with a 1000 Mbps connection. https://t.co/oZ1julCt3F,Positive,84.1944,fiber,general,,Twitter
Dallas17,Authorized,32.739229,-96.682466,1530 S Buckner Blvd,75217,Thu Oct 20 15:10:07 +0000 2016,RT @ATT: Who made you a college 🏈 fan? Share with #MadeMeAFanContest for a chance to win. Rules https://t.co/hU3I3wFn5V https://t.co/xZbxUJ…,Positive,88.9294,general,general,,Twitter
Dallas17,Authorized,32.739229,-96.682466,1530 S Buckner Blvd,75217,Thu Oct 20 15:09:56 +0000 2016,"@JohnSmiith_WD @ATT Sadly, that seems to be the trend. The price is going to have to drop considerably for me to consider gigapower.",Negative,95.7697,general,general,,Twitter
Dallas17,Authorized,32.739229,-96.682466,1530 S Buckner Blvd,75217,Thu Oct 20 15:08:57 +0000 2016,RT @ATT: AT&amp;T #Fiber - The future of the internet is now! Starting with a 1000 Mbps connection. https://t.co/oZ1julCt3F,Positive,84.1944,fiber,general,,Twitter
Dallas17,Authorized,32.739229,-96.682466,1530 S Buckner Blvd,75217,Thu Oct 20 15:06:37 +0000 2016,"Macs are cheaper for businesses, and even IBM says so https://t.co/HAy58slizz via @Recode #ATT @att",Negative,87.3886,general,general,,Twitter
Dallas17,Authorized,32.739229,-96.682466,1530 S Buckner Blvd,75217,Thu Oct 20 15:05:58 +0000 2016,RT @ATT: Who made you a college 🏈 fan? Share with #MadeMeAFanContest for a chance to win. Rules https://t.co/hU3I3wFn5V https://t.co/xZbxUJ…,Positive,88.9294,general,general,,Twitter
Dallas17,Authorized,32.739229,-96.682466,1530 S Buckner Blvd,75217,Thu Oct 20 14:52:34 +0000 2016,"@DIRECTV @DIRECTVSports @DIRECTVService Where is NBA League Pass? It's usually available in preseason, regular season starts in 5 days!",Positive,82.2735,directv,general,,Twitter
Dallas17,Authorized,32.739229,-96.682466,1530 S Buckner Blvd,75217,Thu Oct 20 14:17:40 +0000 2016,RT @ATT: Heading to Cuba? Take your phone along for the trip + stay connected to those back home. https://t.co/euhz4Z6Zbb https://t.co/AiPS…,Neutral,50.8130,general,general,,Twitter
Dallas17,Authorized,32.739229,-96.682466,1530 S Buckner Blvd,75217,Thu Oct 20 14:17:05 +0000 2016,RT @ATT: Welcome to the team! @taylorswift13 https://t.co/4h86nLYuLo https://t.co/gAHOi7fPrZ,Positive,84.3125,general,general,,Twitter
Dallas17,Authorized,32.739229,-96.682466,1530 S Buckner Blvd,75217,Thu Oct 20 14:12:19 +0000 2016,RT @ATT: Welcome to the team! @taylorswift13 https://t.co/4h86nLYuLo https://t.co/gAHOi7fPrZ,Positive,84.3125,general,general,,Twitter
Dallas17,Authorized,32.739229,-96.682466,1530 S Buckner Blvd,75217,Thu Oct 20 14:12:10 +0000 2016,.@ATT Executive Shares Experience with #Marketing Students at @udallascob@UofDallas https://t.co/rg4EdIcla4 https://t.co/SNPagCOect,Positive,71.6012,general,store experience,,Twitter
Dallas17,Authorized,32.739229,-96.682466,1530 S Buckner Blvd,75217,Thu Oct 20 14:03:30 +0000 2016,RT @ATT: Get a sweet deal on the new iPhone 7 when you switch to AT&amp;T and have DIRECTV. https://t.co/TQVeUkmeZ6 https://t.co/zfZmNpe8AP,Positive,98.0584,directv,general,,Twitter
Dallas17,Authorized,32.739229,-96.682466,1530 S Buckner Blvd,75217,Thu Oct 20 14:00:58 +0000 2016,RT @ATT: Welcome to the team! @taylorswift13 https://t.co/4h86nLYuLo https://t.co/gAHOi7fPrZ,Positive,84.3125,general,general,,Twitter
Dallas17,Authorized,32.739229,-96.682466,1530 S Buckner Blvd,75217,Thu Oct 20 13:52:11 +0000 2016,"@danmacyDC Hi Dan, we're on it! Our Care team will be reaching out for more details. Look for a message from @ATTCares. Make sure to follow!",Positive,86.9706,general,general,,Twitter
Dallas17,Authorized,32.739229,-96.682466,1530 S Buckner Blvd,75217,Thu Oct 20 13:46:55 +0000 2016,RT @ATT: AT&amp;T #Fiber - The future of the internet is now! Starting with a 1000 Mbps connection. https://t.co/ELBHHMfflF,Positive,84.1944,fiber,general,,Twitter
Dallas17,Authorized,32.739229,-96.682466,1530 S Buckner Blvd,75217,Thu Oct 20 13:37:56 +0000 2016,RT @ATT: Welcome to the team! @taylorswift13 https://t.co/4h86nLYuLo https://t.co/gAHOi7fPrZ,Positive,84.3125,general,general,,Twitter
Dallas17,Authorized,32.739229,-96.682466,1530 S Buckner Blvd,75217,Thu Oct 20 13:30:03 +0000 2016,RT @ATT: @tayIorhq We’ll be giving away lots of tickets to fans and AT&amp;T customers soon. We’ll share details later.,Positive,90.0816,general,general,,Twitter
Dallas17,Authorized,32.739229,-96.682466,1530 S Buckner Blvd,75217,Thu Oct 20 13:27:52 +0000 2016,RT @ATT: Welcome to the team! @taylorswift13 https://t.co/4h86nLYuLo https://t.co/gAHOi7fPrZ,Positive,84.3125,general,general,,Twitter
Dallas17,Authorized,32.739229,-96.682466,1530 S Buckner Blvd,75217,Thu Oct 20 13:16:01 +0000 2016,"RT @ATT: Before you vote, grab the remote and tune into the final #debatenight at 8/7c. #UNLVPresDebate https://t.co/afLxTSZMLW",Neutral,51.1513,general,general,,Twitter
Dallas17,Authorized,32.739229,-96.682466,1530 S Buckner Blvd,75217,Thu Oct 20 12:37:38 +0000 2016,RT @ATT: Welcome to the team! @taylorswift13 https://t.co/4h86nLYuLo https://t.co/gAHOi7fPrZ,Positive,84.3125,general,general,,Twitter
Dallas17,Authorized,32.739229,-96.682466,1530 S Buckner Blvd,75217,Thu Oct 20 12:20:48 +0000 2016,RT @ATT: Welcome to the team! @taylorswift13 https://t.co/4h86nLYuLo https://t.co/gAHOi7fPrZ,Positive,84.3125,general,general,,Twitter
Dallas17,Authorized,32.739229,-96.682466,1530 S Buckner Blvd,75217,Thu Oct 20 11:28:01 +0000 2016,RT @ATT: Get a sweet deal on the new iPhone 7 when you switch to AT&amp;T and have DIRECTV. https://t.co/TQVeUkmeZ6 https://t.co/zfZmNpe8AP,Positive,98.0584,directv,general,,Twitter
Dallas17,Authorized,32.739229,-96.682466,1530 S Buckner Blvd,75217,Thu Oct 20 11:21:16 +0000 2016,RT @ATT: Welcome to the team! @taylorswift13 https://t.co/4h86nLYuLo https://t.co/gAHOi7fPrZ,Positive,84.3125,general,general,,Twitter
Dallas17,Authorized,32.739229,-96.682466,1530 S Buckner Blvd,75217,Thu Oct 20 10:32:03 +0000 2016,RT @ATT: Get a sweet deal on the new iPhone 7 when you switch to AT&amp;T and have DIRECTV. https://t.co/TQVeUkmeZ6 https://t.co/zfZmNpe8AP,Positive,98.0584,directv,general,,Twitter
Dallas17,Authorized,32.739229,-96.682466,1530 S Buckner Blvd,75217,Thu Oct 20 08:51:29 +0000 2016,RT @ATT: Welcome to the team! @taylorswift13 https://t.co/4h86nLYuLo https://t.co/gAHOi7fPrZ,Positive,84.3125,general,general,,Twitter
Dallas17,Authorized,32.739229,-96.682466,1530 S Buckner Blvd,75217,Thu Oct 20 08:43:52 +0000 2016,RT @ATT: Welcome to the team! @taylorswift13 https://t.co/4h86nLYuLo https://t.co/gAHOi7fPrZ,Positive,84.3125,general,general,,Twitter
Dallas17,Authorized,32.739229,-96.682466,1530 S Buckner Blvd,75217,Thu Oct 20 07:47:56 +0000 2016,RT @ATT: Welcome to the team! @taylorswift13 https://t.co/4h86nLYuLo https://t.co/gAHOi7fPrZ,Positive,84.3125,general,general,,Twitter
Dallas17,Authorized,32.739229,-96.682466,1530 S Buckner Blvd,75217,Thu Oct 20 07:44:01 +0000 2016,RT @ATT: Welcome to the team! @taylorswift13 https://t.co/4h86nLYuLo https://t.co/gAHOi7fPrZ,Positive,84.3125,general,general,,Twitter
Dallas17,Authorized,32.739229,-96.682466,1530 S Buckner Blvd,75217,Thu Oct 20 07:21:02 +0000 2016,RT @ATT: AT&amp;T #Fiber - The future of the internet is now! Starting with a 1000 Mbps connection. https://t.co/X97RSubcjw,Positive,84.1944,fiber,general,,Twitter
Dallas17,Authorized,32.739229,-96.682466,1530 S Buckner Blvd,75217,Thu Oct 20 07:10:16 +0000 2016,RT @ATT: Welcome to the team! @taylorswift13 https://t.co/4h86nLYuLo https://t.co/gAHOi7fPrZ,Positive,84.3125,general,general,,Twitter
Dallas17,Authorized,32.739229,-96.682466,1530 S Buckner Blvd,75217,Thu Oct 20 07:04:56 +0000 2016,RT @ATT: AT&amp;T #Fiber - The future of the internet is now! Starting with a 1000 Mbps connection. https://t.co/oZ1julCt3F,Positive,84.1944,fiber,general,,Twitter
Dallas17,Authorized,32.739229,-96.682466,1530 S Buckner Blvd,75217,Thu Oct 20 06:43:36 +0000 2016,RT @ATT: Get a sweet deal on the new iPhone 7 when you switch to AT&amp;T and have DIRECTV. https://t.co/TQVeUkmeZ6 https://t.co/zfZmNpe8AP,Positive,98.0584,directv,general,,Twitter
Dallas17,Authorized,32.739229,-96.682466,1530 S Buckner Blvd,75217,Thu Oct 20 06:16:08 +0000 2016,. @ATTCares fool people by giving unrealistic dates and the same phones are delivered world wide by other https://t.co/usTgcMIK7F?,Neutral,52.2796,general,general,,Twitter
Dallas17,Authorized,32.739229,-96.682466,1530 S Buckner Blvd,75217,Thu Oct 20 06:11:49 +0000 2016,Is there any chance that you thiefs will give me any of the money i paid when I ordered my phone @ATTCares ?,Negative,99.9942,general,general,,Twitter
Dallas17,Authorized,32.739229,-96.682466,1530 S Buckner Blvd,75217,Thu Oct 20 06:11:00 +0000 2016,I think its time to move on to @TMobile from @ATT Go fuck yourself @ATTCares,Positive,64.3220,general,general,,Twitter
Dallas17,Authorized,32.739229,-96.682466,1530 S Buckner Blvd,75217,Thu Oct 20 06:09:20 +0000 2016,"Hey @ATTCares , do you think you can fucking give me an estimate for my iphone 7 plus .. being almost a month since I ordered.",Negative,63.8599,general,general,,Twitter
Dallas17,Authorized,32.739229,-96.682466,1530 S Buckner Blvd,75217,Thu Oct 20 06:08:32 +0000 2016,RT @ATT: Get a sweet deal on the new iPhone 7 when you switch to AT&amp;T and have DIRECTV. https://t.co/TQVeUkmeZ6 https://t.co/zfZmNpe8AP,Positive,98.0584,directv,general,,Twitter
Dallas17,Authorized,32.739229,-96.682466,1530 S Buckner Blvd,75217,Thu Oct 20 06:02:35 +0000 2016,RT @ATT: Welcome to the team! @taylorswift13 https://t.co/4h86nLYuLo https://t.co/gAHOi7fPrZ,Positive,84.3125,general,general,,Twitter
Dallas17,Authorized,32.739229,-96.682466,1530 S Buckner Blvd,75217,Thu Oct 20 06:01:15 +0000 2016,RT @ATT: Welcome to the team! @taylorswift13 https://t.co/4h86nLYuLo https://t.co/gAHOi7fPrZ,Positive,84.3125,general,general,,Twitter
Dallas17,Authorized,32.739229,-96.682466,1530 S Buckner Blvd,75217,Thu Oct 20 05:41:34 +0000 2016,RT @ATT: Welcome to the team! @taylorswift13 https://t.co/4h86nLYuLo https://t.co/gAHOi7fPrZ,Positive,84.3125,general,general,,Twitter
Dallas17,Authorized,32.739229,-96.682466,1530 S Buckner Blvd,75217,Thu Oct 20 05:32:37 +0000 2016,@ATTCares Your bitch ass wifi 😤 fix yo servers,Neutral,54.1291,general,general,,Twitter
Dallas17,Authorized,32.739229,-96.682466,1530 S Buckner Blvd,75217,Thu Oct 20 04:55:22 +0000 2016,RT @ATT: Welcome to the team! @taylorswift13 https://t.co/4h86nLYuLo https://t.co/gAHOi7fPrZ,Positive,84.3125,general,general,,Twitter
Dallas17,Authorized,32.739229,-96.682466,1530 S Buckner Blvd,75217,Thu Oct 20 04:49:09 +0000 2016,RT @ATT: Welcome to the team! @taylorswift13 https://t.co/4h86nLYuLo https://t.co/gAHOi7fPrZ,Positive,84.3125,general,general,,Twitter
Dallas17,Authorized,32.739229,-96.682466,1530 S Buckner Blvd,75217,Thu Oct 20 04:46:06 +0000 2016,RT @ATT: Get a sweet deal on the new iPhone 7 when you switch to AT&amp;T and have DIRECTV. https://t.co/TQVeUkmeZ6 https://t.co/zfZmNpe8AP,Positive,98.0584,directv,general,,Twitter
Dallas17,Authorized,32.739229,-96.682466,1530 S Buckner Blvd,75217,Thu Oct 20 04:34:59 +0000 2016,RT @ATT: Welcome to the team! @taylorswift13 https://t.co/4h86nLYuLo https://t.co/gAHOi7fPrZ,Positive,84.3125,general,general,,Twitter
Dallas17,Authorized,32.739229,-96.682466,1530 S Buckner Blvd,75217,Thu Oct 20 04:27:29 +0000 2016,RT @ATT: Welcome to the team! @taylorswift13 https://t.co/4h86nLYuLo https://t.co/gAHOi7fPrZ,Positive,84.3125,general,general,,Twitter
Dallas17,Authorized,32.739229,-96.682466,1530 S Buckner Blvd,75217,Thu Oct 20 04:13:58 +0000 2016,@ATTCares I switched from Uverse to DirecTV yesterday. Does my billing switch automatically to the new plan?,Neutral,50.3167,uverse,general,,Twitter
Dallas17,Authorized,32.739229,-96.682466,1530 S Buckner Blvd,75217,Thu Oct 20 04:08:59 +0000 2016,RT @ATT: Get a sweet deal on the new iPhone 7 when you switch to AT&amp;T and have DIRECTV. https://t.co/TQVeUkmeZ6 https://t.co/zfZmNpe8AP,Positive,98.0584,directv,general,,Twitter
Dallas17,Authorized,32.739229,-96.682466,1530 S Buckner Blvd,75217,Thu Oct 20 04:05:32 +0000 2016,RT @ATT: Welcome to the team! @taylorswift13 https://t.co/4h86nLYuLo https://t.co/gAHOi7fPrZ,Positive,84.3125,general,general,,Twitter
Dallas17,Authorized,32.739229,-96.682466,1530 S Buckner Blvd,75217,Thu Oct 20 03:57:20 +0000 2016,RT @ATT: Who made you a college 🏈 fan? Share with #MadeMeAFanContest for a chance to win. Rules https://t.co/hU3I3wFn5V https://t.co/xZbxUJ…,Positive,88.9294,general,general,,Twitter
Dallas17,Authorized,32.739229,-96.682466,1530 S Buckner Blvd,75217,Thu Oct 20 03:47:32 +0000 2016,"@ATTCares Thanks, I appreciate the help, just wished service was already available. Been contacting you all for two years, and still nothing",Positive,97.2894,general,general,,Twitter
Dallas17,Authorized,32.739229,-96.682466,1530 S Buckner Blvd,75217,Thu Oct 20 03:22:58 +0000 2016,@ATT @ATTCares Thank you for the information.,Positive,78.7712,general,general,,Twitter
Dallas17,Authorized,32.739229,-96.682466,1530 S Buckner Blvd,75217,Thu Oct 20 03:21:54 +0000 2016,RT @ATT: AT&amp;T #Fiber - The future of the internet is now! Starting with a 1000 Mbps connection. https://t.co/FFwtux2s48,Positive,84.1944,fiber,general,,Twitter
Dallas17,Authorized,32.739229,-96.682466,1530 S Buckner Blvd,75217,Thu Oct 20 03:16:24 +0000 2016,"RT @ATT: Before you vote, grab the remote and tune into the final #debatenight at 8/7c. #UNLVPresDebate https://t.co/afLxTSZMLW",Neutral,51.1513,general,general,,Twitter
Dallas17,Authorized,32.739229,-96.682466,1530 S Buckner Blvd,75217,Thu Oct 20 03:14:17 +0000 2016,@ATTCares so glad I rushed home to watch the debate.  No home internet or TV is ridiculous.,Negative,97.0837,general,general,,Twitter
Dallas17,Authorized,32.739229,-96.682466,1530 S Buckner Blvd,75217,Thu Oct 20 02:58:46 +0000 2016,RT @tonyromo: I wanna thank @DIRECTV for allowing me to show off my true self.  ;)  embarrassing is an understatement http://t.co/F0NniFESlL,Negative,85.6134,directv,general,,Twitter
Dallas17,Authorized,32.739229,-96.682466,1530 S Buckner Blvd,75217,Thu Oct 20 02:55:42 +0000 2016,@ATTCares Uverse down again. 5/7 calls over the past week and still not getting what I need.,Positive,86.4047,uverse,general,,Twitter
Dallas17,Authorized,32.739229,-96.682466,1530 S Buckner Blvd,75217,Thu Oct 20 02:34:06 +0000 2016,"RT @ATT: Before you vote, grab the remote and tune into the final #debatenight at 8/7c. #UNLVPresDebate https://t.co/afLxTSZMLW",Neutral,51.1513,general,general,,Twitter
Dallas17,Authorized,32.739229,-96.682466,1530 S Buckner Blvd,75217,Thu Oct 20 02:32:15 +0000 2016,RT @ATT: Welcome to the team! @taylorswift13 https://t.co/4h86nLYuLo https://t.co/gAHOi7fPrZ,Positive,84.3125,general,general,,Twitter
Dallas17,Authorized,32.739229,-96.682466,1530 S Buckner Blvd,75217,Thu Oct 20 02:31:20 +0000 2016,RT @ATT: Get a sweet deal on the new iPhone 7 when you switch to AT&amp;T and have DIRECTV. https://t.co/TQVeUkmeZ6 https://t.co/zfZmNpe8AP,Positive,98.0584,directv,general,,Twitter
Dallas17,Authorized,32.739229,-96.682466,1530 S Buckner Blvd,75217,Thu Oct 20 02:28:20 +0000 2016,RT @ATT: AT&amp;T #Fiber - The future of the internet is now! Starting with a 1000 Mbps connection. https://t.co/Rw8zxmVDRY,Positive,84.1944,fiber,general,,Twitter
Dallas17,Authorized,32.739229,-96.682466,1530 S Buckner Blvd,75217,Thu Oct 20 02:23:05 +0000 2016,RT @ATT: Welcome to the team! @taylorswift13 https://t.co/4h86nLYuLo https://t.co/gAHOi7fPrZ,Positive,84.3125,general,general,,Twitter
Dallas17,Authorized,32.739229,-96.682466,1530 S Buckner Blvd,75217,Thu Oct 20 02:11:25 +0000 2016,@ATTCares are those song lyrics? Seems like there should be music playing,Negative,92.9966,general,general,,Twitter
Dallas17,Authorized,32.739229,-96.682466,1530 S Buckner Blvd,75217,Thu Oct 20 02:10:34 +0000 2016,RT @ATT: Who made you a college 🏈 fan? Share with #MadeMeAFanContest for a chance to win. Rules https://t.co/hU3I3wFn5V https://t.co/xZbxUJ…,Positive,88.9294,general,general,,Twitter
Dallas17,Authorized,32.739229,-96.682466,1530 S Buckner Blvd,75217,Thu Oct 20 02:07:58 +0000 2016,RT @ATT: Get a sweet deal on the new iPhone 7 when you switch to AT&amp;T and have DIRECTV. https://t.co/TQVeUkmeZ6 https://t.co/zfZmNpe8AP,Positive,98.0584,directv,general,,Twitter
Dallas17,Authorized,32.739229,-96.682466,1530 S Buckner Blvd,75217,Thu Oct 20 01:47:09 +0000 2016,RT @ATT: Welcome to the team! @taylorswift13 https://t.co/4h86nLYuLo https://t.co/gAHOi7fPrZ,Positive,84.3125,general,general,,Twitter
Dallas17,Authorized,32.739229,-96.682466,1530 S Buckner Blvd,75217,Thu Oct 20 01:36:47 +0000 2016,RT @ATT: Who made you a college 🏈 fan? Share with #MadeMeAFanContest for a chance to win. Rules https://t.co/hU3I3wFn5V https://t.co/xZbxUJ…,Positive,88.9294,general,general,,Twitter
Dallas17,Authorized,32.739229,-96.682466,1530 S Buckner Blvd,75217,Thu Oct 20 01:36:05 +0000 2016,"RT @ATT: Before you vote, grab the remote and tune into the final #debatenight at 8/7c. #UNLVPresDebate https://t.co/afLxTSZMLW",Neutral,51.1513,general,general,,Twitter
Dallas17,Authorized,32.739229,-96.682466,1530 S Buckner Blvd,75217,Thu Oct 20 01:34:13 +0000 2016,RT @ATT: Get a sweet deal on the new iPhone 7 when you switch to AT&amp;T and have DIRECTV. https://t.co/TQVeUkmeZ6 https://t.co/zfZmNpe8AP,Positive,98.0584,directv,general,,Twitter
Dallas17,Authorized,32.739229,-96.682466,1530 S Buckner Blvd,75217,Thu Oct 20 01:21:45 +0000 2016,@dalton_trigg @dallasmavs @DIRECTV STEP. UP. Direct TV.,Neutral,51.6025,directv,general,,Twitter
Dallas17,Authorized,32.739229,-96.682466,1530 S Buckner Blvd,75217,Thu Oct 20 01:13:11 +0000 2016,@TheTimMurray @ATT ridiculous!,Negative,80.7792,general,general,,Twitter
Dallas17,Authorized,32.739229,-96.682466,1530 S Buckner Blvd,75217,Thu Oct 20 01:05:23 +0000 2016,RT @ATT: Get a sweet deal on the new iPhone 7 when you switch to AT&amp;T and have DIRECTV. https://t.co/TQVeUkmeZ6 https://t.co/zfZmNpe8AP,Positive,98.0584,directv,general,,Twitter
Dallas17,Authorized,32.739229,-96.682466,1530 S Buckner Blvd,75217,Thu Oct 20 00:58:44 +0000 2016,RT @ATT: Get a sweet deal on the new iPhone 7 when you switch to AT&amp;T and have DIRECTV. https://t.co/TQVeUkmeZ6 https://t.co/zfZmNpe8AP,Positive,98.0584,directv,general,,Twitter
Dallas17,Authorized,32.739229,-96.682466,1530 S Buckner Blvd,75217,Thu Oct 20 00:45:01 +0000 2016,"RT @DMNBiz: New media agency lands @ATT, opens shop in Dallas and plans to employ 100 people https://t.co/DFRmKVwrSP @mitchschnurman https:…",Neutral,56.5613,general,general,,Twitter
Dallas17,Authorized,32.739229,-96.682466,1530 S Buckner Blvd,75217,Thu Oct 20 00:34:32 +0000 2016,@ATT @ATTCares: Any plans on expanding in Zip Code 73012? Thanks!,Neutral,56.1536,general,general,,Twitter
Dallas17,Authorized,32.739229,-96.682466,1530 S Buckner Blvd,75217,Thu Oct 20 00:34:15 +0000 2016,RT @ATT: Get a sweet deal on the new iPhone 7 when you switch to AT&amp;T and have DIRECTV. https://t.co/TQVeUkmeZ6 https://t.co/zfZmNpe8AP,Positive,98.0584,directv,general,,Twitter
Dallas17,Authorized,32.739229,-96.682466,1530 S Buckner Blvd,75217,Thu Oct 20 00:31:51 +0000 2016,RT @ATT: Get a sweet deal on the new iPhone 7 when you switch to AT&amp;T and have DIRECTV. https://t.co/TQVeUkmeZ6 https://t.co/zfZmNpe8AP,Positive,98.0584,directv,general,,Twitter
Dallas17,Authorized,32.739229,-96.682466,1530 S Buckner Blvd,75217,Thu Oct 20 00:30:22 +0000 2016,@DIRECTV Please forward to all of your male employees. https://t.co/nAKxTU3x4W,Positive,79.9350,directv,general,,Twitter
Dallas17,Authorized,32.739229,-96.682466,1530 S Buckner Blvd,75217,Thu Oct 20 00:10:29 +0000 2016,RT @ATT: Welcome to the team! @taylorswift13 https://t.co/4h86nLYuLo https://t.co/gAHOi7fPrZ,Positive,84.3125,general,general,,Twitter
Dallas17,Authorized,32.739229,-96.682466,1530 S Buckner Blvd,75217,Wed Oct 19 23:59:49 +0000 2016,@DIRECTV your staff is really in need of updated training on how to behave around women AND how to respond to sexual harassment complaints,Positive,65.5229,directv,general,,Twitter
Dallas17,Authorized,32.739229,-96.682466,1530 S Buckner Blvd,75217,Wed Oct 19 23:58:15 +0000 2016,@DIRECTV I was sexually harassed by 3 members of your staff. I tried to handle this privately thru  website to no avail. Who can I email?,Negative,98.6187,directv,general,,Twitter
Dallas17,Authorized,32.739229,-96.682466,1530 S Buckner Blvd,75217,Wed Oct 19 23:51:17 +0000 2016,"@ATT I need this fiber in Lubbock, TX!!",Neutral,53.1251,fiber,general,,Twitter
Dallas17,Authorized,32.739229,-96.682466,1530 S Buckner Blvd,75217,Wed Oct 19 23:44:11 +0000 2016,RT @ATT: Get a sweet deal on the new iPhone 7 when you switch to AT&amp;T and have DIRECTV. https://t.co/TQVeUkmeZ6 https://t.co/zfZmNpe8AP,Positive,98.0584,directv,general,,Twitter
Dallas17,Authorized,32.739229,-96.682466,1530 S Buckner Blvd,75217,Wed Oct 19 23:37:27 +0000 2016,"RT @dallasnews: New media agency @Hearts_Science lands @ATT, opens shop in Dallas and plans to employ 100 people https://t.co/f5bPR9R5EQ @m…",Neutral,56.5613,general,general,,Twitter
Dallas17,Authorized,32.739229,-96.682466,1530 S Buckner Blvd,75217,Wed Oct 19 23:35:22 +0000 2016,"New media agency lands @ATT, opens shop in Dallas and plans to employ 100 people https://t.co/DFRmKVwrSP… https://t.co/TzAKIz7Otr",Neutral,56.5613,general,general,,Twitter
Dallas17,Authorized,32.739229,-96.682466,1530 S Buckner Blvd,75217,Wed Oct 19 23:34:12 +0000 2016,RT @ATT: Get a sweet deal on the new iPhone 7 when you switch to AT&amp;T and have DIRECTV. https://t.co/TQVeUkmeZ6 https://t.co/zfZmNpe8AP,Positive,98.0584,directv,general,,Twitter
Dallas17,Authorized,32.739229,-96.682466,1530 S Buckner Blvd,75217,Wed Oct 19 23:32:24 +0000 2016,"RT @ATT: Before you vote, grab the remote and tune into the final #debatenight at 8/7c. #UNLVPresDebate https://t.co/afLxTSZMLW",Neutral,51.1513,general,general,,Twitter
Dallas17,Authorized,32.739229,-96.682466,1530 S Buckner Blvd,75217,Wed Oct 19 23:22:47 +0000 2016,RT @ATT: Get a sweet deal on the new iPhone 7 when you switch to AT&amp;T and have DIRECTV. https://t.co/TQVeUkmeZ6 https://t.co/zfZmNpe8AP,Positive,98.0584,directv,general,,Twitter
Dallas17,Authorized,32.739229,-96.682466,1530 S Buckner Blvd,75217,Wed Oct 19 23:21:02 +0000 2016,"RT @ATT: Before you vote, grab the remote and tune into the final #debatenight at 8/7c. #UNLVPresDebate https://t.co/afLxTSZMLW",Neutral,51.1513,general,general,,Twitter
Dallas17,Authorized,32.739229,-96.682466,1530 S Buckner Blvd,75217,Wed Oct 19 23:07:13 +0000 2016,"RT @dallasnews: New media agency @Hearts_Science lands @ATT, opens shop in Dallas and plans to employ 100 people https://t.co/f5bPR9R5EQ @m…",Neutral,56.5613,general,general,,Twitter
Dallas17,Authorized,32.739229,-96.682466,1530 S Buckner Blvd,75217,Wed Oct 19 23:04:42 +0000 2016,"RT @ATT: Before you vote, grab the remote and tune into the final #debatenight at 8/7c. #UNLVPresDebate https://t.co/afLxTSZMLW",Neutral,51.1513,general,general,,Twitter
Dallas17,Authorized,32.739229,-96.682466,1530 S Buckner Blvd,75217,Wed Oct 19 23:00:29 +0000 2016,@ATTCares @SamsungSupport before it EXPLODES!,Neutral,50.0000,general,general,,Twitter
Dallas17,Authorized,32.739229,-96.682466,1530 S Buckner Blvd,75217,Wed Oct 19 22:53:18 +0000 2016,RT @Uverse: The #13NightsOfHalloween begin TONIGHT on @FreeformTV with R.L. Stein's Monsterville: Cabinet of Souls at 7/6c! 🎃 https://t.co/…,Neutral,51.3085,uverse,general,,Twitter
Dallas17,Authorized,32.739229,-96.682466,1530 S Buckner Blvd,75217,Wed Oct 19 22:46:12 +0000 2016,RT @Uverse: The #13NightsOfHalloween begin TONIGHT on @FreeformTV with R.L. Stein's Monsterville: Cabinet of Souls at 7/6c! 🎃 https://t.co/…,Neutral,51.3085,uverse,general,,Twitter
Dallas17,Authorized,32.739229,-96.682466,1530 S Buckner Blvd,75217,Wed Oct 19 22:36:23 +0000 2016,RT @Uverse: The #13NightsOfHalloween begin TONIGHT on @FreeformTV with R.L. Stein's Monsterville: Cabinet of Souls at 7/6c! 🎃 https://t.co/…,Neutral,51.3085,uverse,general,,Twitter
Dallas17,Authorized,32.739229,-96.682466,1530 S Buckner Blvd,75217,Wed Oct 19 22:35:46 +0000 2016,RT @ATT: @tayIorhq We’ll be giving away lots of tickets to fans and AT&amp;T customers soon. We’ll share details later.,Positive,90.0816,general,general,,Twitter
