Dallas16,Authorized,32.865482,-96.805688,5960 W Northwest Hwy,75225,Mon Oct 24 12:16:26 +0000 2016,"@ATT's Stephenson: Nature of Time Warner deal different than anything we've ever done. A ""vertical integration."" https://t.co/51BRxIchHN",Positive,76.0251,general,general,,Twitter
Dallas16,Authorized,32.865482,-96.805688,5960 W Northwest Hwy,75225,Mon Oct 24 12:16:25 +0000 2016,AT&amp;T's quarterly results give hints on urgency behind Time Warner deal https://t.co/zdffIY4Gfa | @Conor_Shine https://t.co/OfexXWZ31F,Positive,69.1587,general,general,,Twitter
Dallas16,Authorized,32.865482,-96.805688,5960 W Northwest Hwy,75225,Mon Oct 24 12:14:57 +0000 2016,AT&amp;T's quarterly results give hints on urgency behind Time Warner deal. https://t.co/C7bG16Q5sP,Positive,69.1587,general,general,,Twitter
Dallas16,Authorized,32.865482,-96.805688,5960 W Northwest Hwy,75225,Mon Oct 24 12:10:35 +0000 2016,Swift Opposition to Resurrection of AT&amp;T Giant - The New York Times https://t.co/ZNLknFsgV4,Positive,86.4489,general,general,,Twitter
Dallas16,Authorized,32.865482,-96.805688,5960 W Northwest Hwy,75225,Mon Oct 24 12:06:40 +0000 2016,"How the AT&amp;T-Time Warner deal changes the TV, mobile landscapes https://t.co/r8vR9j26fH | @Conor_Shine https://t.co/wKkVSeIClY",Positive,74.8338,general,general,,Twitter
Dallas16,Authorized,32.865482,-96.805688,5960 W Northwest Hwy,75225,Mon Oct 24 12:03:22 +0000 2016,RT @ATT: Welcome to the team! @taylorswift13 https://t.co/4h86nLYuLo https://t.co/gAHOi7fPrZ,Positive,84.3125,general,general,,Twitter
Dallas16,Authorized,32.865482,-96.805688,5960 W Northwest Hwy,75225,Mon Oct 24 11:56:45 +0000 2016,"Time Warner, AT&amp;T CEOs on $85 billion merger https://t.co/PI8HphhyP9",Positive,63.9246,general,general,,Twitter
Dallas16,Authorized,32.865482,-96.805688,5960 W Northwest Hwy,75225,Mon Oct 24 11:49:43 +0000 2016,"Double the men, double the funny! Tune in to @CBS for the debut of #ManWithAPlan starting at 8/7c, followed by… https://t.co/5ggF3t6qtX",Positive,85.2141,general,general,,Twitter
Dallas16,Authorized,32.865482,-96.805688,5960 W Northwest Hwy,75225,Mon Oct 24 11:45:45 +0000 2016,#NationalFoodDay has us like...🍢 🍗 🍅. Celebrate with @RevRunWisdom's Kabob recipe: https://t.co/ghgN1AEUfM… https://t.co/5M7HExQFFS,Neutral,59.6369,general,general,,Twitter
Dallas16,Authorized,32.865482,-96.805688,5960 W Northwest Hwy,75225,Mon Oct 24 11:44:46 +0000 2016,"RT @dallasnews: Trump gets litigious, AT&amp;T gets bigger, @TomiLahren wins bigly: Your weekend news digest https://t.co/tjOy7OJCri https://t.…",Negative,66.2200,general,general,,Twitter
Dallas16,Authorized,32.865482,-96.805688,5960 W Northwest Hwy,75225,Mon Oct 24 11:39:08 +0000 2016,RT @ATT: Welcome to the team! @taylorswift13 https://t.co/4h86nLYuLo https://t.co/gAHOi7fPrZ,Positive,84.3125,general,general,,Twitter
Dallas16,Authorized,32.865482,-96.805688,5960 W Northwest Hwy,75225,Mon Oct 24 11:37:49 +0000 2016,RT @ATTBusinessCare: Not sure where to start when sharing a bigtincan from AT&amp;T story? Learn how at https://t.co/rRv9IpNopm https://t.co/cw…,Negative,99.4049,general,general,,Twitter
Dallas16,Authorized,32.865482,-96.805688,5960 W Northwest Hwy,75225,Mon Oct 24 11:36:53 +0000 2016,RT @ATT: Welcome to the team! @taylorswift13 https://t.co/4h86nLYuLo https://t.co/gAHOi7fPrZ,Positive,84.3125,general,general,,Twitter
Dallas16,Authorized,32.865482,-96.805688,5960 W Northwest Hwy,75225,Mon Oct 24 11:09:48 +0000 2016,RT @ATT: Welcome to the team! @taylorswift13 https://t.co/4h86nLYuLo https://t.co/gAHOi7fPrZ,Positive,84.3125,general,general,,Twitter
Dallas16,Authorized,32.865482,-96.805688,5960 W Northwest Hwy,75225,Mon Oct 24 11:05:30 +0000 2016,RT @ATT: Get a sweet deal on the new iPhone 7 when you switch to AT&amp;T and have DIRECTV. https://t.co/TQVeUkmeZ6 https://t.co/zfZmNpe8AP,Positive,98.0584,directv,general,,Twitter
Dallas16,Authorized,32.865482,-96.805688,5960 W Northwest Hwy,75225,Mon Oct 24 11:00:02 +0000 2016,Not sure where to start when sharing a bigtincan from AT&amp;T story? Learn how at https://t.co/rRv9IpNopm https://t.co/cwwirYxwcp,Negative,99.4049,general,general,,Twitter
Dallas16,Authorized,32.865482,-96.805688,5960 W Northwest Hwy,75225,Mon Oct 24 10:56:18 +0000 2016,RT @ATT: Get a sweet deal on the new iPhone 7 when you switch to AT&amp;T and have DIRECTV. https://t.co/TQVeUkmeZ6 https://t.co/zfZmNpe8AP,Positive,98.0584,directv,general,,Twitter
Dallas16,Authorized,32.865482,-96.805688,5960 W Northwest Hwy,75225,Mon Oct 24 10:36:03 +0000 2016,RT @ATT: Welcome to the team! @taylorswift13 https://t.co/4h86nLYuLo https://t.co/gAHOi7fPrZ,Positive,84.3125,general,general,,Twitter
Dallas16,Authorized,32.865482,-96.805688,5960 W Northwest Hwy,75225,Mon Oct 24 10:28:11 +0000 2016,RT @ATT: Welcome to the team! @taylorswift13 https://t.co/4h86nLYuLo https://t.co/gAHOi7fPrZ,Positive,84.3125,general,general,,Twitter
Dallas16,Authorized,32.865482,-96.805688,5960 W Northwest Hwy,75225,Mon Oct 24 10:20:43 +0000 2016,"Speak now: Why critics want the $108 billion marriage of AT&amp;T, Time Warner to fail via @dallasnews #biz  https://t.co/onzE0HAAvJ",Neutral,50.4577,general,general,,Twitter
Dallas16,Authorized,32.865482,-96.805688,5960 W Northwest Hwy,75225,Mon Oct 24 10:08:47 +0000 2016,RT @ATT: Get a sweet deal on the new iPhone 7 when you switch to AT&amp;T and have DIRECTV. https://t.co/TQVeUkmeZ6 https://t.co/zfZmNpe8AP,Positive,98.0584,directv,general,,Twitter
Dallas16,Authorized,32.865482,-96.805688,5960 W Northwest Hwy,75225,Mon Oct 24 10:06:22 +0000 2016,"""Morning Agenda: AT&amp;T and Time Warner, Behind the Curtain at Teneo"" by AMIE TSANG via NYT The New York Times https://t.co/i4I04e4s7U",Positive,94.5927,general,general,,Twitter
Dallas16,Authorized,32.865482,-96.805688,5960 W Northwest Hwy,75225,Mon Oct 24 09:55:24 +0000 2016,RT @ATT: Welcome to the team! @taylorswift13 https://t.co/4h86nLYuLo https://t.co/gAHOi7fPrZ,Positive,84.3125,general,general,,Twitter
Dallas16,Authorized,32.865482,-96.805688,5960 W Northwest Hwy,75225,Mon Oct 24 09:37:47 +0000 2016,RT @ATT: Welcome to the team! @taylorswift13 https://t.co/4h86nLYuLo https://t.co/gAHOi7fPrZ,Positive,84.3125,general,general,,Twitter
Dallas16,Authorized,32.865482,-96.805688,5960 W Northwest Hwy,75225,Mon Oct 24 08:48:23 +0000 2016,RT @ATT: Welcome to the team! @taylorswift13 https://t.co/4h86nLYuLo https://t.co/gAHOi7fPrZ,Positive,84.3125,general,general,,Twitter
Dallas16,Authorized,32.865482,-96.805688,5960 W Northwest Hwy,75225,Mon Oct 24 08:45:35 +0000 2016,RT @ATT: Welcome to the team! @taylorswift13 https://t.co/4h86nLYuLo https://t.co/gAHOi7fPrZ,Positive,84.3125,general,general,,Twitter
Dallas16,Authorized,32.865482,-96.805688,5960 W Northwest Hwy,75225,Mon Oct 24 08:19:36 +0000 2016,RT @ATT: Welcome to the team! @taylorswift13 https://t.co/4h86nLYuLo https://t.co/gAHOi7fPrZ,Positive,84.3125,general,general,,Twitter
Dallas16,Authorized,32.865482,-96.805688,5960 W Northwest Hwy,75225,Mon Oct 24 08:19:33 +0000 2016,RT @ATT: Get a sweet deal on the new iPhone 7 when you switch to AT&amp;T and have DIRECTV. https://t.co/TQVeUkmeZ6 https://t.co/zfZmNpe8AP,Positive,98.0584,directv,general,,Twitter
Dallas16,Authorized,32.865482,-96.805688,5960 W Northwest Hwy,75225,Mon Oct 24 08:09:09 +0000 2016,"RT @ATT: Mother Nature is unpredictable, so we rely on our Network Disaster Recovery team to connect you when you need it most. https://t.c…",Positive,77.2863,general,general,,Twitter
Dallas16,Authorized,32.865482,-96.805688,5960 W Northwest Hwy,75225,Mon Oct 24 08:06:48 +0000 2016,RT @ATT: The #futureofvideo is mobile and the #futureofmobile is video. Time Warner + AT&amp;T make it happen! @twxcorp https://t.co/GKx4U9TQYg,Neutral,56.0321,general,general,,Twitter
Dallas16,Authorized,32.865482,-96.805688,5960 W Northwest Hwy,75225,Mon Oct 24 07:49:16 +0000 2016,RT @ATT: The #futureofvideo is mobile and the #futureofmobile is video. Time Warner + AT&amp;T make it happen! @twxcorp https://t.co/GKx4U9TQYg,Neutral,56.0321,general,general,,Twitter
Dallas16,Authorized,32.865482,-96.805688,5960 W Northwest Hwy,75225,Mon Oct 24 07:48:55 +0000 2016,RT @ATT: Get a sweet deal on the new iPhone 7 when you switch to AT&amp;T and have DIRECTV. https://t.co/TQVeUkmeZ6 https://t.co/zfZmNpe8AP,Positive,98.0584,directv,general,,Twitter
Dallas16,Authorized,32.865482,-96.805688,5960 W Northwest Hwy,75225,Mon Oct 24 07:33:23 +0000 2016,"RT @dallasnews: Trump gets litigious, AT&amp;T gets bigger, @TomiLahren wins bigly: Your weekend news digest https://t.co/tjOy7OJCri https://t.…",Negative,66.2200,general,general,,Twitter
Dallas16,Authorized,32.865482,-96.805688,5960 W Northwest Hwy,75225,Mon Oct 24 07:20:11 +0000 2016,RT @attJOBS: Hear from Kristin how our Business Sales Leadership Development Program led to her successful career: https://t.co/aitAtDInv5…,Positive,88.5471,general,general,,Twitter
Dallas16,Authorized,32.865482,-96.805688,5960 W Northwest Hwy,75225,Mon Oct 24 07:09:44 +0000 2016,"RT @dallasnews: Trump gets litigious, AT&amp;T gets bigger, @TomiLahren wins bigly: Your weekend news digest https://t.co/tjOy7OJCri https://t.…",Negative,66.2200,general,general,,Twitter
Dallas16,Authorized,32.865482,-96.805688,5960 W Northwest Hwy,75225,Mon Oct 24 07:08:14 +0000 2016,RT @ATT: Welcome to the team! @taylorswift13 https://t.co/4h86nLYuLo https://t.co/gAHOi7fPrZ,Positive,84.3125,general,general,,Twitter
Dallas16,Authorized,32.865482,-96.805688,5960 W Northwest Hwy,75225,Mon Oct 24 06:44:12 +0000 2016,RT @ATT: The #futureofvideo is mobile and the #futureofmobile is video. Time Warner + AT&amp;T make it happen! @twxcorp https://t.co/GKx4U9TQYg,Neutral,56.0321,general,general,,Twitter
Dallas16,Authorized,32.865482,-96.805688,5960 W Northwest Hwy,75225,Mon Oct 24 06:43:19 +0000 2016,"RT @ATT: Mother Nature is unpredictable, so we rely on our Network Disaster Recovery team to connect you when you need it most. https://t.c…",Positive,77.2863,general,general,,Twitter
Dallas16,Authorized,32.865482,-96.805688,5960 W Northwest Hwy,75225,Mon Oct 24 06:43:00 +0000 2016,Did AT&amp;T Just Signal The Top? https://t.co/PSYPlfe5g0,Neutral,50.0622,general,general,,Twitter
Dallas16,Authorized,32.865482,-96.805688,5960 W Northwest Hwy,75225,Mon Oct 24 06:34:21 +0000 2016,#ATT's quarterly results give hints on urgency behind Time Warner deal https://t.co/wKS5ECE5tD #DFW,Positive,69.1587,general,general,,Twitter
Dallas16,Authorized,32.865482,-96.805688,5960 W Northwest Hwy,75225,Mon Oct 24 05:53:36 +0000 2016,RT @ATT: The #futureofvideo is mobile and the #futureofmobile is video. Time Warner + AT&amp;T make it happen! @twxcorp https://t.co/GKx4U9TQYg,Neutral,56.0321,general,general,,Twitter
Dallas16,Authorized,32.865482,-96.805688,5960 W Northwest Hwy,75225,Mon Oct 24 05:18:56 +0000 2016,"RT @dallasnews: Critics of proposed $108 billion AT&amp;T, Time Warner marriage speak out  https://t.co/w3Yu4yr5QC https://t.co/Fer8DbdTsu",Positive,82.0228,general,general,,Twitter
Dallas16,Authorized,32.865482,-96.805688,5960 W Northwest Hwy,75225,Mon Oct 24 05:06:43 +0000 2016,"RT @dallasnews: Trump gets litigious, AT&amp;T gets bigger, @TomiLahren wins bigly: Your weekend news digest https://t.co/tjOy7OJCri https://t.…",Negative,66.2200,general,general,,Twitter
Dallas16,Authorized,32.865482,-96.805688,5960 W Northwest Hwy,75225,Mon Oct 24 04:59:22 +0000 2016,"RT @ATT: Mother Nature is unpredictable, so we rely on our Network Disaster Recovery team to connect you when you need it most. https://t.c…",Positive,77.2863,general,general,,Twitter
Dallas16,Authorized,32.865482,-96.805688,5960 W Northwest Hwy,75225,Mon Oct 24 04:48:50 +0000 2016,@VZWSupport we have been customers of @ATTCares for 18 yrs and the disregard they have for our business is shameful. I am looking at options,Negative,66.1790,general,general,,Twitter
Dallas16,Authorized,32.865482,-96.805688,5960 W Northwest Hwy,75225,Mon Oct 24 04:29:04 +0000 2016,Cuban: AT&amp;T-Time Warner will create more competition https://t.co/MLdPCHy52m https://t.co/r4Pp5K9uGV,Positive,94.0090,general,general,,Twitter
Dallas16,Authorized,32.865482,-96.805688,5960 W Northwest Hwy,75225,Mon Oct 24 04:26:42 +0000 2016,"RT @DFWSmallBiz: Speak now: Why critics want the $108 billion marriage of AT&amp;T, Time Warner to fail https://t.co/oM7uIpEQrX #DFW #Tech",Neutral,50.4577,general,general,,Twitter
Dallas16,Authorized,32.865482,-96.805688,5960 W Northwest Hwy,75225,Mon Oct 24 04:17:52 +0000 2016,RT @ATT: Get a sweet deal on the new iPhone 7 when you switch to AT&amp;T and have DIRECTV. https://t.co/TQVeUkmeZ6 https://t.co/zfZmNpe8AP,Positive,98.0584,directv,general,,Twitter
Dallas16,Authorized,32.865482,-96.805688,5960 W Northwest Hwy,75225,Mon Oct 24 04:16:39 +0000 2016,@ATTCares #ATT has the worst customer service. Been told multiple stories. Customer since Cingular. Terminating and going to @VZWSupport,Negative,99.7573,general,general,,Twitter
Dallas16,Authorized,32.865482,-96.805688,5960 W Northwest Hwy,75225,Mon Oct 24 04:07:35 +0000 2016,RT @ATT: The #futureofvideo is mobile and the #futureofmobile is video. Time Warner + AT&amp;T make it happen! @twxcorp https://t.co/GKx4U9TQYg,Neutral,56.0321,general,general,,Twitter
Dallas16,Authorized,32.865482,-96.805688,5960 W Northwest Hwy,75225,Mon Oct 24 03:52:38 +0000 2016,RT @ATT: Who made you a college 🏈 fan? Share with #MadeMeAFanContest for a chance to win. Rules https://t.co/hU3I3wFn5V https://t.co/xZbxUJ…,Positive,88.9294,general,general,,Twitter
Dallas16,Authorized,32.865482,-96.805688,5960 W Northwest Hwy,75225,Mon Oct 24 03:51:51 +0000 2016,"RT @dallasnews: Trump gets litigious, AT&amp;T gets bigger, @TomiLahren wins bigly: Your weekend news digest https://t.co/tjOy7OJCri https://t.…",Negative,66.2200,general,general,,Twitter
Dallas16,Authorized,32.865482,-96.805688,5960 W Northwest Hwy,75225,Mon Oct 24 03:51:06 +0000 2016,"RT @Paul_O_Williams: AT&amp;T, Time Warner Team Up To Fight For The Future Of TV https://t.co/pMeNsiaYKa #TimeWarner #ATT",Positive,89.0251,general,general,,Twitter
Dallas16,Authorized,32.865482,-96.805688,5960 W Northwest Hwy,75225,Mon Oct 24 03:48:26 +0000 2016,"RT @Paul_O_Williams: AT&amp;T, Time Warner Team Up To Fight For The Future Of TV https://t.co/pMeNsiaYKa #TimeWarner #ATT",Positive,89.0251,general,general,,Twitter
Dallas16,Authorized,32.865482,-96.805688,5960 W Northwest Hwy,75225,Mon Oct 24 03:37:53 +0000 2016,"RT @Paul_O_Williams: AT&amp;T, Time Warner Team Up To Fight For The Future Of TV https://t.co/pMeNsiaYKa #TimeWarner #ATT",Positive,89.0251,general,general,,Twitter
Dallas16,Authorized,32.865482,-96.805688,5960 W Northwest Hwy,75225,Mon Oct 24 03:33:11 +0000 2016,RT @ATT: Get a sweet deal on the new iPhone 7 when you switch to AT&amp;T and have DIRECTV. https://t.co/TQVeUkmeZ6 https://t.co/zfZmNpe8AP,Positive,98.0584,directv,general,,Twitter
Dallas16,Authorized,32.865482,-96.805688,5960 W Northwest Hwy,75225,Mon Oct 24 03:27:37 +0000 2016,RT @ATT: Welcome to the team! @taylorswift13 https://t.co/4h86nLYuLo https://t.co/gAHOi7fPrZ,Positive,84.3125,general,general,,Twitter
Dallas16,Authorized,32.865482,-96.805688,5960 W Northwest Hwy,75225,Mon Oct 24 03:25:23 +0000 2016,@JGFoundSuccess lol I apologize at&amp;t uverse doesn't offer more sophistication for your tastes.,Neutral,61.0889,uverse,general,,Twitter
Dallas16,Authorized,32.865482,-96.805688,5960 W Northwest Hwy,75225,Mon Oct 24 03:25:06 +0000 2016,"AT&amp;T, Time Warner Team Up To Fight For The Future Of TV https://t.co/pMeNsiaYKa #TimeWarner #ATT",Positive,89.0251,general,general,,Twitter
Dallas16,Authorized,32.865482,-96.805688,5960 W Northwest Hwy,75225,Mon Oct 24 03:08:50 +0000 2016,"RT @dallasnews: Trump gets litigious, AT&amp;T gets bigger, @TomiLahren wins bigly: Your weekend news digest https://t.co/tjOy7OJCri https://t.…",Negative,66.2200,general,general,,Twitter
Dallas16,Authorized,32.865482,-96.805688,5960 W Northwest Hwy,75225,Mon Oct 24 03:04:15 +0000 2016,"RT @dallasnews: Trump gets litigious, AT&amp;T gets bigger, @TomiLahren wins bigly: Your weekend news digest https://t.co/tjOy7OJCri https://t.…",Negative,66.2200,general,general,,Twitter
Dallas16,Authorized,32.865482,-96.805688,5960 W Northwest Hwy,75225,Mon Oct 24 02:54:28 +0000 2016,"@jayrosen_nyu Bought DirecTV. Content costs a lot of $. Time Warner has great content: CNN, HBO, TBS. It's that simple.",Positive,91.7133,directv,general,,Twitter
Dallas16,Authorized,32.865482,-96.805688,5960 W Northwest Hwy,75225,Mon Oct 24 02:53:48 +0000 2016,@ts6swift Not necessarily.  We’ll be giving away lots of tickets to Taylor fans including AT&amp;T customers and special guests.,Positive,68.3177,general,general,,Twitter
Dallas16,Authorized,32.865482,-96.805688,5960 W Northwest Hwy,75225,Mon Oct 24 02:52:04 +0000 2016,"#dallas Speak now: Why critics want the $108 billion marriage of AT&amp;T, Time Warner to fail https://t.co/ATqYQAzC9B",Neutral,50.4577,general,general,,Twitter
Dallas16,Authorized,32.865482,-96.805688,5960 W Northwest Hwy,75225,Mon Oct 24 02:51:52 +0000 2016,"RT @dallasnews: Trump gets litigious, AT&amp;T gets bigger, @TomiLahren wins bigly: Your weekend news digest https://t.co/tjOy7OJCri https://t.…",Negative,66.2200,general,general,,Twitter
Dallas16,Authorized,32.865482,-96.805688,5960 W Northwest Hwy,75225,Mon Oct 24 02:49:34 +0000 2016,@DIRECTVService we already got help over the phone thanks,Positive,62.9127,directv,general,,Twitter
Dallas16,Authorized,32.865482,-96.805688,5960 W Northwest Hwy,75225,Mon Oct 24 02:32:50 +0000 2016,RT @ATT: Welcome to the team! @taylorswift13 https://t.co/4h86nLYuLo https://t.co/gAHOi7fPrZ,Positive,84.3125,general,general,,Twitter
Dallas16,Authorized,32.865482,-96.805688,5960 W Northwest Hwy,75225,Mon Oct 24 02:16:51 +0000 2016,"RT @ATT: Mother Nature is unpredictable, so we rely on our Network Disaster Recovery team to connect you when you need it most. https://t.c…",Positive,77.2863,general,general,,Twitter
Dallas16,Authorized,32.865482,-96.805688,5960 W Northwest Hwy,75225,Mon Oct 24 02:10:26 +0000 2016,@DIRECTV is there some system-wide outage? Both are receivers out at the same time.,Positive,94.3343,directv,general,,Twitter
Dallas16,Authorized,32.865482,-96.805688,5960 W Northwest Hwy,75225,Mon Oct 24 02:06:33 +0000 2016,RT @dallasnews: Huge Stadium Club expects that fans with a taste for the @DallasCowboys won't leave it feeling empty | https://t.co/UU393Uz…,Positive,87.1247,general,general,,Twitter
Dallas16,Authorized,32.865482,-96.805688,5960 W Northwest Hwy,75225,Mon Oct 24 02:00:24 +0000 2016,AT&amp;amp;T's quarterly results give hints on urgency behind Time Warner deal https://t.co/KGfW4ITIEC via @dallasnews,Positive,69.1587,general,general,,Twitter
Dallas16,Authorized,32.865482,-96.805688,5960 W Northwest Hwy,75225,Mon Oct 24 02:00:03 +0000 2016,#dallas AT&amp;T's quarterly results give hints on urgency behind Time Warner deal https://t.co/tm58VUGa7A,Positive,69.1587,general,general,,Twitter
Dallas16,Authorized,32.865482,-96.805688,5960 W Northwest Hwy,75225,Mon Oct 24 01:57:57 +0000 2016,RT @ATT: The #futureofvideo is mobile and the #futureofmobile is video. Time Warner + AT&amp;T make it happen! @twxcorp https://t.co/GKx4U9TQYg,Neutral,56.0321,general,general,,Twitter
Dallas16,Authorized,32.865482,-96.805688,5960 W Northwest Hwy,75225,Mon Oct 24 01:56:55 +0000 2016,RT @ATT: The #futureofvideo is mobile and the #futureofmobile is video. Time Warner + AT&amp;T make it happen! @twxcorp https://t.co/GKx4U9TQYg,Neutral,56.0321,general,general,,Twitter
Dallas16,Authorized,32.865482,-96.805688,5960 W Northwest Hwy,75225,Mon Oct 24 01:41:44 +0000 2016,RT @ATT: Welcome to the team! @taylorswift13 https://t.co/4h86nLYuLo https://t.co/gAHOi7fPrZ,Positive,84.3125,general,general,,Twitter
Dallas16,Authorized,32.865482,-96.805688,5960 W Northwest Hwy,75225,Mon Oct 24 01:41:36 +0000 2016,"""Swift Opposition to Resurrection of AT&amp;T Giant"" by MICHAEL J. de la MERCED via NYT The New York Times https://t.co/1LxESB3c2C",Positive,94.8739,general,general,,Twitter
Dallas16,Authorized,32.865482,-96.805688,5960 W Northwest Hwy,75225,Mon Oct 24 01:38:13 +0000 2016,"RT @dallasnews: Trump gets litigious, AT&amp;T gets bigger, @TomiLahren wins bigly: Your weekend news digest https://t.co/tjOy7OJCri https://t.…",Negative,66.2200,general,general,,Twitter
Dallas16,Authorized,32.865482,-96.805688,5960 W Northwest Hwy,75225,Mon Oct 24 01:27:43 +0000 2016,RT @dallasnews: Huge Stadium Club expects that fans with a taste for the @DallasCowboys won't leave it feeling empty | https://t.co/UU393Uz…,Positive,87.1247,general,general,,Twitter
Dallas16,Authorized,32.865482,-96.805688,5960 W Northwest Hwy,75225,Mon Oct 24 01:27:29 +0000 2016,RT @Uverse: Who will survive in the new world? Find out on tonight's Season 7 premiere of @WalkingDead_AMC at 9/8c. #TWD https://t.co/nztIU…,Positive,99.8837,uverse,general,,Twitter
Dallas16,Authorized,32.865482,-96.805688,5960 W Northwest Hwy,75225,Mon Oct 24 01:25:19 +0000 2016,RT @dallasnews: Huge Stadium Club expects that fans with a taste for the @DallasCowboys won't leave it feeling empty | https://t.co/UU393Uz…,Positive,87.1247,general,general,,Twitter
Dallas16,Authorized,32.865482,-96.805688,5960 W Northwest Hwy,75225,Mon Oct 24 01:24:03 +0000 2016,RT @dallasnews: Huge Stadium Club expects that fans with a taste for the @DallasCowboys won't leave it feeling empty | https://t.co/UU393Uz…,Positive,87.1247,general,general,,Twitter
Dallas16,Authorized,32.865482,-96.805688,5960 W Northwest Hwy,75225,Mon Oct 24 01:23:59 +0000 2016,"RT @dallasnews: Trump gets litigious, AT&amp;T gets bigger, @TomiLahren wins bigly: Your weekend news digest https://t.co/tjOy7OJCri https://t.…",Negative,66.2200,general,general,,Twitter
Dallas16,Authorized,32.865482,-96.805688,5960 W Northwest Hwy,75225,Mon Oct 24 01:19:47 +0000 2016,RT @ATT: Welcome to the team! @taylorswift13 https://t.co/4h86nLYuLo https://t.co/gAHOi7fPrZ,Positive,84.3125,general,general,,Twitter
Dallas16,Authorized,32.865482,-96.805688,5960 W Northwest Hwy,75225,Mon Oct 24 01:18:49 +0000 2016,"RT @ATT: Mother Nature is unpredictable, so we rely on our Network Disaster Recovery team to connect you when you need it most. https://t.c…",Positive,77.2863,general,general,,Twitter
Dallas16,Authorized,32.865482,-96.805688,5960 W Northwest Hwy,75225,Mon Oct 24 01:15:44 +0000 2016,Huge Stadium Club expects that fans with a taste for the @DallasCowboys won't leave it feeling empty |… https://t.co/hAhBAisziV,Positive,87.1247,general,general,,Twitter
Dallas16,Authorized,32.865482,-96.805688,5960 W Northwest Hwy,75225,Mon Oct 24 01:10:15 +0000 2016,RT @ATT: Welcome to the team! @taylorswift13 https://t.co/4h86nLYuLo https://t.co/gAHOi7fPrZ,Positive,84.3125,general,general,,Twitter
Dallas16,Authorized,32.865482,-96.805688,5960 W Northwest Hwy,75225,Mon Oct 24 01:04:02 +0000 2016,RT @ATT: The #futureofvideo is mobile and the #futureofmobile is video. Time Warner + AT&amp;T make it happen! @twxcorp https://t.co/GKx4U9TQYg,Neutral,56.0321,general,general,,Twitter
Dallas16,Authorized,32.865482,-96.805688,5960 W Northwest Hwy,75225,Mon Oct 24 01:03:40 +0000 2016,"Critics of proposed $108 billion AT&amp;T, Time Warner marriage speak out  https://t.co/w3Yu4yr5QC https://t.co/Fer8DbdTsu",Positive,82.0228,general,general,,Twitter
Dallas16,Authorized,32.865482,-96.805688,5960 W Northwest Hwy,75225,Mon Oct 24 01:00:16 +0000 2016,AT&amp;T CEO pledges independence for CNN - https://t.co/VpnpfjResx,Neutral,50.0000,general,general,,Twitter
Dallas16,Authorized,32.865482,-96.805688,5960 W Northwest Hwy,75225,Mon Oct 24 01:00:15 +0000 2016,AT&amp;T CEO pledges independence for CNN - https://t.co/ev4QCWYVfc,Neutral,50.0000,general,general,,Twitter
Dallas16,Authorized,32.865482,-96.805688,5960 W Northwest Hwy,75225,Mon Oct 24 01:00:15 +0000 2016,AT&amp;T CEO pledges independence for CNN - https://t.co/tU4OYeCj5B,Neutral,50.0000,general,general,,Twitter
Dallas16,Authorized,32.865482,-96.805688,5960 W Northwest Hwy,75225,Mon Oct 24 01:00:15 +0000 2016,AT&amp;T CEO pledges independence for CNN - https://t.co/BvdHQYn3JH,Neutral,50.0000,general,general,,Twitter
Dallas16,Authorized,32.865482,-96.805688,5960 W Northwest Hwy,75225,Mon Oct 24 01:00:15 +0000 2016,AT&amp;T CEO pledges independence for CNN - https://t.co/iyN1BNLSQz,Neutral,50.0000,general,general,,Twitter
Dallas16,Authorized,32.865482,-96.805688,5960 W Northwest Hwy,75225,Mon Oct 24 01:00:15 +0000 2016,AT&amp;T CEO pledges independence for CNN - https://t.co/veBux6T8B5,Neutral,50.0000,general,general,,Twitter
Dallas16,Authorized,32.865482,-96.805688,5960 W Northwest Hwy,75225,Mon Oct 24 01:00:15 +0000 2016,AT&amp;T CEO pledges independence for CNN - https://t.co/CWSawslkJC,Neutral,50.0000,general,general,,Twitter
Dallas16,Authorized,32.865482,-96.805688,5960 W Northwest Hwy,75225,Mon Oct 24 00:53:17 +0000 2016,RT @ATT: Welcome to the team! @taylorswift13 https://t.co/4h86nLYuLo https://t.co/gAHOi7fPrZ,Positive,84.3125,general,general,,Twitter
Dallas16,Authorized,32.865482,-96.805688,5960 W Northwest Hwy,75225,Mon Oct 24 00:53:06 +0000 2016,"Speak now: Why critics want the $108 billion marriage of AT&amp;T, Time Warner to fail https://t.co/oM7uIpEQrX #DFW #Tech",Neutral,50.4577,general,general,,Twitter
Dallas16,Authorized,32.865482,-96.805688,5960 W Northwest Hwy,75225,Mon Oct 24 00:53:05 +0000 2016,"Speak now: Why critics want the $108 billion marriage of AT&amp;T, Time Warner to fail https://t.co/bqAIWNrscZ #DFW #realestate",Neutral,50.4577,general,general,,Twitter
Dallas16,Authorized,32.865482,-96.805688,5960 W Northwest Hwy,75225,Mon Oct 24 00:52:53 +0000 2016,RT @ATTBusiness: Cybersecurity preparedness starts w/ a strong incident response plan. Get info to help shield your org from attack: https:…,Positive,89.9643,general,general,,Twitter
Dallas16,Authorized,32.865482,-96.805688,5960 W Northwest Hwy,75225,Fri Oct 21 17:08:39 +0000 2016,RT @ATT: Welcome to the team! @taylorswift13 https://t.co/4h86nLYuLo https://t.co/gAHOi7fPrZ,Positive,84.3125,general,general,,Twitter
Dallas16,Authorized,32.865482,-96.805688,5960 W Northwest Hwy,75225,Fri Oct 21 17:08:17 +0000 2016,RT @ATT: Who made you a college 🏈 fan? Share with #MadeMeAFanContest for a chance to win. Rules https://t.co/hU3I3wFn5V https://t.co/xZbxUJ…,Positive,88.9294,general,general,,Twitter
Dallas16,Authorized,32.865482,-96.805688,5960 W Northwest Hwy,75225,Fri Oct 21 16:39:14 +0000 2016,Went to file a formal complaint against my ISP @ATTCares to find out @FCC 's website is down https://t.co/wEqxwPSNoE :(,Positive,92.0667,general,general,,Twitter
Dallas16,Authorized,32.865482,-96.805688,5960 W Northwest Hwy,75225,Fri Oct 21 16:38:14 +0000 2016,RT @ATT: Who made you a college 🏈 fan? Share with #MadeMeAFanContest for a chance to win. Rules https://t.co/hU3I3wFn5V https://t.co/xZbxUJ…,Positive,88.9294,general,general,,Twitter
Dallas16,Authorized,32.865482,-96.805688,5960 W Northwest Hwy,75225,Fri Oct 21 16:21:51 +0000 2016,"RT @ATT: Watch the @GreenDay @iHeartRadio Album Release Party Tonight, 9pm ET/PT on AUDIENCE. DIRECTV ch 239/U-verse ch 1114. https://t.co/…",Neutral,59.5550,directv,general,,Twitter
Dallas16,Authorized,32.865482,-96.805688,5960 W Northwest Hwy,75225,Fri Oct 21 16:21:06 +0000 2016,"RT @ATT: Watch the @GreenDay @iHeartRadio Album Release Party Tonight, 9pm ET/PT on AUDIENCE. DIRECTV ch 239/U-verse ch 1114. https://t.co/…",Neutral,59.5550,directv,general,,Twitter
Dallas16,Authorized,32.865482,-96.805688,5960 W Northwest Hwy,75225,Fri Oct 21 16:10:14 +0000 2016,RT @ATT: Welcome to the team! @taylorswift13 https://t.co/4h86nLYuLo https://t.co/gAHOi7fPrZ,Positive,84.3125,general,general,,Twitter
Dallas16,Authorized,32.865482,-96.805688,5960 W Northwest Hwy,75225,Fri Oct 21 16:06:52 +0000 2016,"RT @ATT: Watch the @GreenDay @iHeartRadio Album Release Party Tonight, 9pm ET/PT on AUDIENCE. DIRECTV ch 239/U-verse ch 1114. https://t.co/…",Neutral,59.5550,directv,general,,Twitter
Dallas16,Authorized,32.865482,-96.805688,5960 W Northwest Hwy,75225,Fri Oct 21 15:58:24 +0000 2016,RT @ATT: Are you ready for the revolution? Watch the @GreenDay @iHeartRadio Album Release Party now. #iHeartGreenDay https://t.co/ec2gZXKu7U,Neutral,59.0894,general,general,,Twitter
Dallas16,Authorized,32.865482,-96.805688,5960 W Northwest Hwy,75225,Fri Oct 21 15:55:02 +0000 2016,"RT @ATT: Watch the @GreenDay @iHeartRadio Album Release Party Tonight, 9pm ET/PT on AUDIENCE. DIRECTV ch 239/U-verse ch 1114. https://t.co/…",Neutral,59.5550,directv,general,,Twitter
Dallas16,Authorized,32.865482,-96.805688,5960 W Northwest Hwy,75225,Fri Oct 21 15:43:29 +0000 2016,RT @ATT: RT if you’ll be doing the time warp with Frank N. Furter and the gang tonight during @RockyHorrorFOX at 8/7 on @FOXTV. #RockyHorro…,Positive,65.1636,general,general,,Twitter
Dallas16,Authorized,32.865482,-96.805688,5960 W Northwest Hwy,75225,Fri Oct 21 15:39:44 +0000 2016,RT @ATT: AT&amp;T #Fiber - The future of the internet is now! Starting with a 1000 Mbps connection. https://t.co/Rw8zxmVDRY,Positive,84.1944,fiber,general,,Twitter
Dallas16,Authorized,32.865482,-96.805688,5960 W Northwest Hwy,75225,Fri Oct 21 15:39:21 +0000 2016,RT @ATT: Get a sweet deal on the new iPhone 7 when you switch to AT&amp;T and have DIRECTV. https://t.co/TQVeUkmeZ6 https://t.co/zfZmNpe8AP,Positive,98.0584,directv,general,,Twitter
Dallas16,Authorized,32.865482,-96.805688,5960 W Northwest Hwy,75225,Fri Oct 21 15:29:51 +0000 2016,RT @ATT: Welcome to the team! @taylorswift13 https://t.co/4h86nLYuLo https://t.co/gAHOi7fPrZ,Positive,84.3125,general,general,,Twitter
Dallas16,Authorized,32.865482,-96.805688,5960 W Northwest Hwy,75225,Fri Oct 21 15:04:57 +0000 2016,"RT @ATT: Watch the @GreenDay @iHeartRadio Album Release Party Tonight, 9pm ET/PT on AUDIENCE. DIRECTV ch 239/U-verse ch 1114. https://t.co/…",Neutral,59.5550,directv,general,,Twitter
Dallas16,Authorized,32.865482,-96.805688,5960 W Northwest Hwy,75225,Fri Oct 21 15:04:44 +0000 2016,"RT @ATT: Watch the @GreenDay @iHeartRadio Album Release Party Tonight, 9pm ET/PT on AUDIENCE. DIRECTV ch 239/U-verse ch 1114. https://t.co/…",Neutral,59.5550,directv,general,,Twitter
Dallas16,Authorized,32.865482,-96.805688,5960 W Northwest Hwy,75225,Fri Oct 21 15:04:21 +0000 2016,"RT @ATT: Watch the @GreenDay @iHeartRadio Album Release Party Tonight, 9pm ET/PT on AUDIENCE. DIRECTV ch 239/U-verse ch 1114. https://t.co/…",Neutral,59.5550,directv,general,,Twitter
Dallas16,Authorized,32.865482,-96.805688,5960 W Northwest Hwy,75225,Fri Oct 21 14:43:46 +0000 2016,RT @ATT: Are you ready for the revolution? Watch the @GreenDay @iHeartRadio Album Release Party now. #iHeartGreenDay https://t.co/ec2gZXKu7U,Neutral,59.0894,general,general,,Twitter
Dallas16,Authorized,32.865482,-96.805688,5960 W Northwest Hwy,75225,Fri Oct 21 14:38:37 +0000 2016,"RT @ATT: Watch the @GreenDay @iHeartRadio Album Release Party Tonight, 9pm ET/PT on AUDIENCE. DIRECTV ch 239/U-verse ch 1114. https://t.co/…",Neutral,59.5550,directv,general,,Twitter
Dallas16,Authorized,32.865482,-96.805688,5960 W Northwest Hwy,75225,Fri Oct 21 14:37:45 +0000 2016,RT @ATT: Welcome to the team! @taylorswift13 https://t.co/4h86nLYuLo https://t.co/gAHOi7fPrZ,Positive,84.3125,general,general,,Twitter
Dallas16,Authorized,32.865482,-96.805688,5960 W Northwest Hwy,75225,Fri Oct 21 14:36:07 +0000 2016,RT @ATT: Are you ready for the revolution? Watch the @GreenDay @iHeartRadio Album Release Party now. #iHeartGreenDay https://t.co/ec2gZXKu7U,Neutral,59.0894,general,general,,Twitter
Dallas16,Authorized,32.865482,-96.805688,5960 W Northwest Hwy,75225,Fri Oct 21 13:39:07 +0000 2016,RT @ATT: Welcome to the team! @taylorswift13 https://t.co/4h86nLYuLo https://t.co/gAHOi7fPrZ,Positive,84.3125,general,general,,Twitter
Dallas16,Authorized,32.865482,-96.805688,5960 W Northwest Hwy,75225,Fri Oct 21 13:35:01 +0000 2016,"RT @ATT: @Beau_Walker Hey there, sorry to hear that. What happened? We'd love to help.",Negative,73.0206,general,general,,Twitter
Dallas16,Authorized,32.865482,-96.805688,5960 W Northwest Hwy,75225,Fri Oct 21 13:28:35 +0000 2016,RT @ATT: Welcome to the team! @taylorswift13 https://t.co/4h86nLYuLo https://t.co/gAHOi7fPrZ,Positive,84.3125,general,general,,Twitter
Dallas16,Authorized,32.865482,-96.805688,5960 W Northwest Hwy,75225,Fri Oct 21 13:25:08 +0000 2016,RT @ATT: Get a sweet deal on the new iPhone 7 when you switch to AT&amp;T and have DIRECTV. https://t.co/TQVeUkmeZ6 https://t.co/zfZmNpe8AP,Positive,98.0584,directv,general,,Twitter
Dallas16,Authorized,32.865482,-96.805688,5960 W Northwest Hwy,75225,Fri Oct 21 13:14:12 +0000 2016,RT @ATT: Welcome to the team! @taylorswift13 https://t.co/4h86nLYuLo https://t.co/gAHOi7fPrZ,Positive,84.3125,general,general,,Twitter
Dallas16,Authorized,32.865482,-96.805688,5960 W Northwest Hwy,75225,Fri Oct 21 11:44:12 +0000 2016,RT @ATT: Welcome to the team! @taylorswift13 https://t.co/4h86nLYuLo https://t.co/gAHOi7fPrZ,Positive,84.3125,general,general,,Twitter
Dallas16,Authorized,32.865482,-96.805688,5960 W Northwest Hwy,75225,Fri Oct 21 11:43:07 +0000 2016,RT @ATT: Welcome to the team! @taylorswift13 https://t.co/4h86nLYuLo https://t.co/gAHOi7fPrZ,Positive,84.3125,general,general,,Twitter
Dallas16,Authorized,32.865482,-96.805688,5960 W Northwest Hwy,75225,Fri Oct 21 11:28:51 +0000 2016,"@dallasnews @Hearts_Science @ATT @mitchschnurman I AGREE WITH THIS ONLINE,  BUT EVERY  ONE  NEEDS  HIGH  SPEED INTERNET NOW",Negative,63.2234,general,general,,Twitter
Dallas16,Authorized,32.865482,-96.805688,5960 W Northwest Hwy,75225,Fri Oct 21 11:06:55 +0000 2016,"Dallas-based @ATT, TimeWarner (@twxcorp) discussed a takeover in recent weeks https://t.co/oHHLVaAY0m  $twx $t https://t.co/ZDXbzw9cd9",Neutral,57.9360,general,general,,Twitter
Dallas16,Authorized,32.865482,-96.805688,5960 W Northwest Hwy,75225,Fri Oct 21 10:55:02 +0000 2016,RT @ATT: Who made you a college 🏈 fan? Share with #MadeMeAFanContest for a chance to win. Rules https://t.co/hU3I3wFn5V https://t.co/xZbxUJ…,Positive,88.9294,general,general,,Twitter
Dallas16,Authorized,32.865482,-96.805688,5960 W Northwest Hwy,75225,Fri Oct 21 10:48:38 +0000 2016,RT @ATT: Get a sweet deal on the new iPhone 7 when you switch to AT&amp;T and have DIRECTV. https://t.co/TQVeUkmeZ6 https://t.co/zfZmNpe8AP,Positive,98.0584,directv,general,,Twitter
Dallas16,Authorized,32.865482,-96.805688,5960 W Northwest Hwy,75225,Fri Oct 21 10:14:50 +0000 2016,RT @ATT: Welcome to the team! @taylorswift13 https://t.co/4h86nLYuLo https://t.co/gAHOi7fPrZ,Positive,84.3125,general,general,,Twitter
Dallas16,Authorized,32.865482,-96.805688,5960 W Northwest Hwy,75225,Fri Oct 21 10:13:50 +0000 2016,RT @ATT: Welcome to the team! @taylorswift13 https://t.co/4h86nLYuLo https://t.co/gAHOi7fPrZ,Positive,84.3125,general,general,,Twitter
Dallas16,Authorized,32.865482,-96.805688,5960 W Northwest Hwy,75225,Fri Oct 21 09:12:56 +0000 2016,RT @ATT: Who made you a college 🏈 fan? Share with #MadeMeAFanContest for a chance to win. Rules https://t.co/hU3I3wFn5V https://t.co/xZbxUJ…,Positive,88.9294,general,general,,Twitter
Dallas16,Authorized,32.865482,-96.805688,5960 W Northwest Hwy,75225,Fri Oct 21 07:44:42 +0000 2016,RT @rjohnson1911: Wow DMs but not call to resolve and offer @sprintcare ...I am disappointed...@ATTCares has already reached out to me! #sp…,Negative,71.6491,general,general,,Twitter
Dallas16,Authorized,32.865482,-96.805688,5960 W Northwest Hwy,75225,Fri Oct 21 07:19:26 +0000 2016,RT @ATT: Get a sweet deal on the new iPhone 7 when you switch to AT&amp;T and have DIRECTV. https://t.co/TQVeUkmeZ6 https://t.co/zfZmNpe8AP,Positive,98.0584,directv,general,,Twitter
Dallas16,Authorized,32.865482,-96.805688,5960 W Northwest Hwy,75225,Fri Oct 21 05:46:20 +0000 2016,RT @ATT: Welcome to the team! @taylorswift13 https://t.co/4h86nLYuLo https://t.co/gAHOi7fPrZ,Positive,84.3125,general,general,,Twitter
Dallas16,Authorized,32.865482,-96.805688,5960 W Northwest Hwy,75225,Fri Oct 21 04:54:14 +0000 2016,RT @ATT: Welcome to the team! @taylorswift13 https://t.co/4h86nLYuLo https://t.co/gAHOi7fPrZ,Positive,84.3125,general,general,,Twitter
Dallas16,Authorized,32.865482,-96.805688,5960 W Northwest Hwy,75225,Fri Oct 21 04:44:01 +0000 2016,RT @ATT: RT if you’ll be doing the time warp with Frank N. Furter and the gang tonight during @RockyHorrorFOX at 8/7 on @FOXTV. #RockyHorro…,Positive,65.1636,general,general,,Twitter
Dallas16,Authorized,32.865482,-96.805688,5960 W Northwest Hwy,75225,Fri Oct 21 04:42:11 +0000 2016,RT @ATT: Welcome to the team! @taylorswift13 https://t.co/4h86nLYuLo https://t.co/gAHOi7fPrZ,Positive,84.3125,general,general,,Twitter
Dallas16,Authorized,32.865482,-96.805688,5960 W Northwest Hwy,75225,Fri Oct 21 04:24:30 +0000 2016,RT @Uverse: RT if you're on your feet doing the time warp! It's just a jump to the left. #RockyHorror,Negative,93.2312,uverse,general,,Twitter
Dallas16,Authorized,32.865482,-96.805688,5960 W Northwest Hwy,75225,Fri Oct 21 04:18:06 +0000 2016,RT @ATT: Who made you a college 🏈 fan? Share with #MadeMeAFanContest for a chance to win. Rules https://t.co/hU3I3wFn5V https://t.co/xZbxUJ…,Positive,88.9294,general,general,,Twitter
Dallas16,Authorized,32.865482,-96.805688,5960 W Northwest Hwy,75225,Fri Oct 21 04:16:16 +0000 2016,RT @ATT: RT if you’ll be doing the time warp with Frank N. Furter and the gang tonight during @RockyHorrorFOX at 8/7 on @FOXTV. #RockyHorro…,Positive,65.1636,general,general,,Twitter
Dallas16,Authorized,32.865482,-96.805688,5960 W Northwest Hwy,75225,Fri Oct 21 04:11:14 +0000 2016,RT @ATT: Who made you a college 🏈 fan? Share with #MadeMeAFanContest for a chance to win. Rules https://t.co/hU3I3wFn5V https://t.co/xZbxUJ…,Positive,88.9294,general,general,,Twitter
Dallas16,Authorized,32.865482,-96.805688,5960 W Northwest Hwy,75225,Fri Oct 21 03:46:50 +0000 2016,RT @ATT: Get a sweet deal on the new iPhone 7 when you switch to AT&amp;T and have DIRECTV. https://t.co/TQVeUkmeZ6 https://t.co/zfZmNpe8AP,Positive,98.0584,directv,general,,Twitter
Dallas16,Authorized,32.865482,-96.805688,5960 W Northwest Hwy,75225,Fri Oct 21 03:43:53 +0000 2016,RT @ATT: RT if you’ll be doing the time warp with Frank N. Furter and the gang tonight during @RockyHorrorFOX at 8/7 on @FOXTV. #RockyHorro…,Positive,65.1636,general,general,,Twitter
Dallas16,Authorized,32.865482,-96.805688,5960 W Northwest Hwy,75225,Fri Oct 21 03:38:33 +0000 2016,RT @ATT: Welcome to the team! @taylorswift13 https://t.co/4h86nLYuLo https://t.co/gAHOi7fPrZ,Positive,84.3125,general,general,,Twitter
Dallas16,Authorized,32.865482,-96.805688,5960 W Northwest Hwy,75225,Fri Oct 21 03:38:22 +0000 2016,RT @ATT: Get a sweet deal on the new iPhone 7 when you switch to AT&amp;T and have DIRECTV. https://t.co/TQVeUkmeZ6 https://t.co/zfZmNpe8AP,Positive,98.0584,directv,general,,Twitter
Dallas16,Authorized,32.865482,-96.805688,5960 W Northwest Hwy,75225,Fri Oct 21 03:27:47 +0000 2016,RT @StephBloom: So @ATT SUCKS! I have lost signal on my TV 27 TIMES in 24 hours!!!! I WANT TO TALK TO A REAL PERSON! #help,Negative,99.2211,general,general,,Twitter
Dallas16,Authorized,32.865482,-96.805688,5960 W Northwest Hwy,75225,Fri Oct 21 03:11:10 +0000 2016,RT @Uverse: Things are getting steamy on @RockyHorrorFox and we don't hate it. #RockyHorror 😏,Negative,63.9916,uverse,general,,Twitter
Dallas16,Authorized,32.865482,-96.805688,5960 W Northwest Hwy,75225,Fri Oct 21 03:10:14 +0000 2016,RT @StephBloom: So @ATT SUCKS! I have lost signal on my TV 27 TIMES in 24 hours!!!! I WANT TO TALK TO A REAL PERSON! #help,Negative,99.2211,general,general,,Twitter
Dallas16,Authorized,32.865482,-96.805688,5960 W Northwest Hwy,75225,Fri Oct 21 02:51:03 +0000 2016,RT @ATT: RT if you’ll be doing the time warp with Frank N. Furter and the gang tonight during @RockyHorrorFOX at 8/7 on @FOXTV. #RockyHorro…,Positive,65.1636,general,general,,Twitter
Dallas16,Authorized,32.865482,-96.805688,5960 W Northwest Hwy,75225,Fri Oct 21 02:50:46 +0000 2016,RT @Uverse: Things are getting steamy on @RockyHorrorFox and we don't hate it. #RockyHorror 😏,Negative,63.9916,uverse,general,,Twitter
Dallas16,Authorized,32.865482,-96.805688,5960 W Northwest Hwy,75225,Fri Oct 21 02:45:46 +0000 2016,RT @ATT: Welcome to the team! @taylorswift13 https://t.co/4h86nLYuLo https://t.co/gAHOi7fPrZ,Positive,84.3125,general,general,,Twitter
Dallas16,Authorized,32.865482,-96.805688,5960 W Northwest Hwy,75225,Fri Oct 21 02:30:53 +0000 2016,So @ATT SUCKS! I have lost signal on my TV 27 TIMES in 24 hours!!!! I WANT TO TALK TO A REAL PERSON! #help,Negative,99.2211,general,general,,Twitter
Dallas16,Authorized,32.865482,-96.805688,5960 W Northwest Hwy,75225,Fri Oct 21 02:15:54 +0000 2016,RT @ATT: Welcome to the team! @taylorswift13 https://t.co/4h86nLYuLo https://t.co/gAHOi7fPrZ,Positive,84.3125,general,general,,Twitter
Dallas16,Authorized,32.865482,-96.805688,5960 W Northwest Hwy,75225,Fri Oct 21 02:00:12 +0000 2016,RT @ATT: RT if you’ll be doing the time warp with Frank N. Furter and the gang tonight during @RockyHorrorFOX at 8/7 on @FOXTV. #RockyHorro…,Positive,65.1636,general,general,,Twitter
Dallas16,Authorized,32.865482,-96.805688,5960 W Northwest Hwy,75225,Fri Oct 21 01:58:55 +0000 2016,RT @Uverse: Nobody puts Riff Raff in the corner on @RockyHorrorFox #RockyHorror 😡,Neutral,50.1697,uverse,general,,Twitter
Dallas16,Authorized,32.865482,-96.805688,5960 W Northwest Hwy,75225,Fri Oct 21 01:57:24 +0000 2016,RT @Uverse: Nobody puts Riff Raff in the corner on @RockyHorrorFox #RockyHorror 😡,Neutral,50.1697,uverse,general,,Twitter
Dallas16,Authorized,32.865482,-96.805688,5960 W Northwest Hwy,75225,Fri Oct 21 01:43:36 +0000 2016,RT @ATT: Who made you a college 🏈 fan? Share with #MadeMeAFanContest for a chance to win. Rules https://t.co/hU3I3wFn5V https://t.co/xZbxUJ…,Positive,88.9294,general,general,,Twitter
Dallas16,Authorized,32.865482,-96.805688,5960 W Northwest Hwy,75225,Fri Oct 21 01:41:23 +0000 2016,RT @ATT: Get a sweet deal on the new iPhone 7 when you switch to AT&amp;T and have DIRECTV. https://t.co/TQVeUkmeZ6 https://t.co/zfZmNpe8AP,Positive,98.0584,directv,general,,Twitter
Dallas16,Authorized,32.865482,-96.805688,5960 W Northwest Hwy,75225,Fri Oct 21 01:38:40 +0000 2016,RT @Uverse: Brad sure does look good in 👠👠 #RockyHorror 😉,Negative,68.3793,uverse,general,,Twitter
Dallas16,Authorized,32.865482,-96.805688,5960 W Northwest Hwy,75225,Fri Oct 21 01:31:32 +0000 2016,RT @ATT: Welcome to the team! @taylorswift13 https://t.co/4h86nLYuLo https://t.co/gAHOi7fPrZ,Positive,84.3125,general,general,,Twitter
Dallas16,Authorized,32.865482,-96.805688,5960 W Northwest Hwy,75225,Fri Oct 21 01:30:15 +0000 2016,RT @Uverse: Things are getting steamy on @RockyHorrorFox and we don't hate it. #RockyHorror 😏,Negative,63.9916,uverse,general,,Twitter
Dallas16,Authorized,32.865482,-96.805688,5960 W Northwest Hwy,75225,Fri Oct 21 01:28:42 +0000 2016,RT @Uverse: Who else is watching The #RockyHorrorPictureShowLIVE on @FOX? Tweet along as we do the ⏰ warp again. https://t.co/0Sztr7Ehil,Neutral,61.3198,uverse,general,,Twitter
Dallas16,Authorized,32.865482,-96.805688,5960 W Northwest Hwy,75225,Fri Oct 21 01:22:06 +0000 2016,@MelEarl372 @ATT @TMobile Oh interesting. I've had a decent experience @verizon but I'm listening. 👂🏻👂🏻,Negative,95.7705,general,store experience,,Twitter
Dallas16,Authorized,32.865482,-96.805688,5960 W Northwest Hwy,75225,Fri Oct 21 01:17:26 +0000 2016,RT @Uverse: Things are getting steamy on @RockyHorrorFox and we don't hate it. #RockyHorror 😏,Negative,63.9916,uverse,general,,Twitter
Dallas16,Authorized,32.865482,-96.805688,5960 W Northwest Hwy,75225,Fri Oct 21 01:13:37 +0000 2016,RT @Uverse: Sing it Janet! 🎵Touch A Touch A Touch A Touch Me🎵👅 #RockyHorror,Positive,67.0383,uverse,general,,Twitter
Dallas16,Authorized,32.865482,-96.805688,5960 W Northwest Hwy,75225,Fri Oct 21 01:12:21 +0000 2016,RT @Uverse: Things are getting steamy on @RockyHorrorFox and we don't hate it. #RockyHorror 😏,Negative,63.9916,uverse,general,,Twitter
Dallas16,Authorized,32.865482,-96.805688,5960 W Northwest Hwy,75225,Fri Oct 21 01:11:56 +0000 2016,RT @ATT: RT if you’ll be doing the time warp with Frank N. Furter and the gang tonight during @RockyHorrorFOX at 8/7 on @FOXTV. #RockyHorro…,Positive,65.1636,general,general,,Twitter
Dallas16,Authorized,32.865482,-96.805688,5960 W Northwest Hwy,75225,Fri Oct 21 01:10:30 +0000 2016,"RT @JeromyABailey: Hey @verizon, when are we going to unlimited data so I don't have to switch to @ATT?",Negative,95.9685,general,general,,Twitter
Dallas16,Authorized,32.865482,-96.805688,5960 W Northwest Hwy,75225,Fri Oct 21 01:09:28 +0000 2016,RT @ATT: Get a sweet deal on the new iPhone 7 when you switch to AT&amp;T and have DIRECTV. https://t.co/TQVeUkmeZ6 https://t.co/zfZmNpe8AP,Positive,98.0584,directv,general,,Twitter
Dallas16,Authorized,32.865482,-96.805688,5960 W Northwest Hwy,75225,Fri Oct 21 01:09:00 +0000 2016,RT @Uverse: Things are getting steamy on @RockyHorrorFox and we don't hate it. #RockyHorror 😏,Negative,63.9916,uverse,general,,Twitter
Dallas16,Authorized,32.865482,-96.805688,5960 W Northwest Hwy,75225,Fri Oct 21 01:08:50 +0000 2016,"Hey @verizon, when are we going to unlimited data so I don't have to switch to @ATT?",Negative,95.9685,general,general,,Twitter
Dallas16,Authorized,32.865482,-96.805688,5960 W Northwest Hwy,75225,Fri Oct 21 01:08:28 +0000 2016,RT @Uverse: Things are getting steamy on @RockyHorrorFox and we don't hate it. #RockyHorror 😏,Negative,63.9916,uverse,general,,Twitter
Dallas16,Authorized,32.865482,-96.805688,5960 W Northwest Hwy,75225,Fri Oct 21 01:07:52 +0000 2016,RT @Uverse: Things are getting steamy on @RockyHorrorFox and we don't hate it. #RockyHorror 😏,Negative,63.9916,uverse,general,,Twitter
Dallas16,Authorized,32.865482,-96.805688,5960 W Northwest Hwy,75225,Fri Oct 21 01:07:25 +0000 2016,RT @Uverse: Things are getting steamy on @RockyHorrorFox and we don't hate it. #RockyHorror 😏,Negative,63.9916,uverse,general,,Twitter
Dallas16,Authorized,32.865482,-96.805688,5960 W Northwest Hwy,75225,Fri Oct 21 01:06:57 +0000 2016,RT @Uverse: Things are getting steamy on @RockyHorrorFox and we don't hate it. #RockyHorror 😏,Negative,63.9916,uverse,general,,Twitter
Dallas16,Authorized,32.865482,-96.805688,5960 W Northwest Hwy,75225,Fri Oct 21 01:05:17 +0000 2016,RT @Uverse: Things are getting steamy on @RockyHorrorFox and we don't hate it. #RockyHorror 😏,Negative,63.9916,uverse,general,,Twitter
Dallas16,Authorized,32.865482,-96.805688,5960 W Northwest Hwy,75225,Fri Oct 21 01:04:30 +0000 2016,RT @Uverse: Things are getting steamy on @RockyHorrorFox and we don't hate it. #RockyHorror 😏,Negative,63.9916,uverse,general,,Twitter
Dallas16,Authorized,32.865482,-96.805688,5960 W Northwest Hwy,75225,Fri Oct 21 01:04:17 +0000 2016,RT @ATT: RT if you’ll be doing the time warp with Frank N. Furter and the gang tonight during @RockyHorrorFOX at 8/7 on @FOXTV. #RockyHorro…,Positive,65.1636,general,general,,Twitter
Dallas16,Authorized,32.865482,-96.805688,5960 W Northwest Hwy,75225,Fri Oct 21 01:03:46 +0000 2016,RT @Uverse: Things are getting steamy on @RockyHorrorFox and we don't hate it. #RockyHorror 😏,Negative,63.9916,uverse,general,,Twitter
Dallas16,Authorized,32.865482,-96.805688,5960 W Northwest Hwy,75225,Fri Oct 21 01:03:13 +0000 2016,RT @Uverse: Things are getting steamy on @RockyHorrorFox and we don't hate it. #RockyHorror 😏,Negative,63.9916,uverse,general,,Twitter
Dallas16,Authorized,32.865482,-96.805688,5960 W Northwest Hwy,75225,Fri Oct 21 01:03:11 +0000 2016,RT @Uverse: Things are getting steamy on @RockyHorrorFox and we don't hate it. #RockyHorror 😏,Negative,63.9916,uverse,general,,Twitter
Dallas16,Authorized,32.865482,-96.805688,5960 W Northwest Hwy,75225,Fri Oct 21 01:02:01 +0000 2016,RT @Uverse: Things are getting steamy on @RockyHorrorFox and we don't hate it. #RockyHorror 😏,Negative,63.9916,uverse,general,,Twitter
Dallas16,Authorized,32.865482,-96.805688,5960 W Northwest Hwy,75225,Fri Oct 21 01:01:58 +0000 2016,RT @Uverse: Things are getting steamy on @RockyHorrorFox and we don't hate it. #RockyHorror 😏,Negative,63.9916,uverse,general,,Twitter
Dallas16,Authorized,32.865482,-96.805688,5960 W Northwest Hwy,75225,Fri Oct 21 01:01:57 +0000 2016,RT @Uverse: Things are getting steamy on @RockyHorrorFox and we don't hate it. #RockyHorror 😏,Negative,63.9916,uverse,general,,Twitter
Dallas16,Authorized,32.865482,-96.805688,5960 W Northwest Hwy,75225,Fri Oct 21 01:01:48 +0000 2016,RT @Uverse: Things are getting steamy on @RockyHorrorFox and we don't hate it. #RockyHorror 😏,Negative,63.9916,uverse,general,,Twitter
Dallas16,Authorized,32.865482,-96.805688,5960 W Northwest Hwy,75225,Fri Oct 21 00:59:32 +0000 2016,RT @ATT: Welcome to the team! @taylorswift13 https://t.co/4h86nLYuLo https://t.co/gAHOi7fPrZ,Positive,84.3125,general,general,,Twitter
Dallas16,Authorized,32.865482,-96.805688,5960 W Northwest Hwy,75225,Fri Oct 21 00:44:39 +0000 2016,How many more days before #AT&amp;T @ATTCares gets #home #Internet service working again?  Keep getting runaround when I call. #CustomerService,Positive,76.3501,general,general,,Twitter
Dallas16,Authorized,32.865482,-96.805688,5960 W Northwest Hwy,75225,Fri Oct 21 00:40:12 +0000 2016,RT @Uverse: Sha la la la 🎶 #RockyHorror https://t.co/W813kv2gh0,Neutral,50.0000,uverse,general,,Twitter
Dallas16,Authorized,32.865482,-96.805688,5960 W Northwest Hwy,75225,Fri Oct 21 00:39:22 +0000 2016,RT @ATT: RT if you’ll be doing the time warp with Frank N. Furter and the gang tonight during @RockyHorrorFOX at 8/7 on @FOXTV. #RockyHorro…,Positive,65.1636,general,general,,Twitter
Dallas16,Authorized,32.865482,-96.805688,5960 W Northwest Hwy,75225,Fri Oct 21 00:38:37 +0000 2016,RT @ATT: Who made you a college 🏈 fan? Share with #MadeMeAFanContest for a chance to win. Rules https://t.co/hU3I3wFn5V https://t.co/xZbxUJ…,Positive,88.9294,general,general,,Twitter
Dallas16,Authorized,32.865482,-96.805688,5960 W Northwest Hwy,75225,Fri Oct 21 00:33:10 +0000 2016,RT @Uverse: Dr. Frank N. Furter has arrived and she is F.I.E.R.C.E. #RockyHorror 👄👠,Positive,92.5346,uverse,general,,Twitter
Dallas16,Authorized,32.865482,-96.805688,5960 W Northwest Hwy,75225,Fri Oct 21 00:31:55 +0000 2016,RT @ATT: RT if you’ll be doing the time warp with Frank N. Furter and the gang tonight during @RockyHorrorFOX at 8/7 on @FOXTV. #RockyHorro…,Positive,65.1636,general,general,,Twitter
Dallas16,Authorized,32.865482,-96.805688,5960 W Northwest Hwy,75225,Fri Oct 21 00:25:43 +0000 2016,RT @Uverse: RT if you're on your feet doing the time warp! It's just a jump to the left. #RockyHorror,Negative,93.2312,uverse,general,,Twitter
Dallas16,Authorized,32.865482,-96.805688,5960 W Northwest Hwy,75225,Fri Oct 21 00:24:11 +0000 2016,RT @Uverse: RT if you're on your feet doing the time warp! It's just a jump to the left. #RockyHorror,Negative,93.2312,uverse,general,,Twitter
Dallas16,Authorized,32.865482,-96.805688,5960 W Northwest Hwy,75225,Fri Oct 21 00:23:07 +0000 2016,RT @Uverse: RT if you're on your feet doing the time warp! It's just a jump to the left. #RockyHorror,Negative,93.2312,uverse,general,,Twitter
