Dallas6,Corporate,32.8740567,-96.771404,9100 N Central Expressway Suite 105,75231,Thu Oct 27 15:43:51 +0000 2016,"RT @DecksInThePark: Get to Klyde Warren Park tonight for the Decks in the Park - Halloween Edition, Powered by @ATT The fun all starts at 6…",Positive,68.0353,general,general,,Twitter
Dallas6,Corporate,32.8740567,-96.771404,9100 N Central Expressway Suite 105,75231,Thu Oct 27 15:38:56 +0000 2016,RT @ATT: Get a sweet deal on the new iPhone 7 when you switch to AT&amp;T and have DIRECTV. https://t.co/JO08KrMKj7 https://t.co/tAcB2wPVFO,Positive,98.0584,directv,general,,Twitter
Dallas6,Corporate,32.8740567,-96.771404,9100 N Central Expressway Suite 105,75231,Thu Oct 27 15:30:05 +0000 2016,"Get to Klyde Warren Park tonight for the Decks in the Park - Halloween Edition, Powered by @ATT The fun all starts… https://t.co/k2Ahrdrs6R",Positive,72.9412,general,general,,Twitter
Dallas6,Corporate,32.8740567,-96.771404,9100 N Central Expressway Suite 105,75231,Thu Oct 27 15:25:02 +0000 2016,RT @ATT: Welcome to the team! @taylorswift13 https://t.co/4h86nLYuLo https://t.co/gAHOi7fPrZ,Positive,84.3125,general,general,,Twitter
Dallas6,Corporate,32.8740567,-96.771404,9100 N Central Expressway Suite 105,75231,Thu Oct 27 15:13:02 +0000 2016,"RT @DBJHoopfer: Sneak peek of the brand new Trinity Forest Golf Club, future host of AT&amp;T Byron Nelson (Video) https://t.co/slwxhkjktv via…",Positive,73.7262,general,general,,Twitter
Dallas6,Corporate,32.8740567,-96.771404,9100 N Central Expressway Suite 105,75231,Thu Oct 27 15:12:48 +0000 2016,RT @attJOBS: We’re lucky to have a lot of #WomenWhoInspire us at AT&amp;T. Meet a few of them: https://t.co/8juFZJTY20 https://t.co/H6mCC5fGEj,Positive,86.9529,general,general,,Twitter
Dallas6,Corporate,32.8740567,-96.771404,9100 N Central Expressway Suite 105,75231,Thu Oct 27 15:05:13 +0000 2016,"Sneak peek of the brand new Trinity Forest Golf Club, future host of AT&amp;T Byron Nelson (Video) https://t.co/slwxhkjktv via @DallasBizNews",Positive,73.7262,general,general,,Twitter
Dallas6,Corporate,32.8740567,-96.771404,9100 N Central Expressway Suite 105,75231,Thu Oct 27 15:03:43 +0000 2016,RT @attJOBS: We’re lucky to have a lot of #WomenWhoInspire us at AT&amp;T. Meet a few of them: https://t.co/8juFZJTY20 https://t.co/H6mCC5fGEj,Positive,86.9529,general,general,,Twitter
Dallas6,Corporate,32.8740567,-96.771404,9100 N Central Expressway Suite 105,75231,Thu Oct 27 14:58:50 +0000 2016,RT @GeoffBlaine: Can't even get a gig out of @ATT GigaPower or 1000 or whatever they're calling it now. This dude's blazin'. https://t.co/I…,Negative,97.1080,general,general,,Twitter
Dallas6,Corporate,32.8740567,-96.771404,9100 N Central Expressway Suite 105,75231,Thu Oct 27 14:57:31 +0000 2016,Can't even get a gig out of @ATT GigaPower or 1000 or whatever they're calling it now. This dude's blazin'. https://t.co/IYD4ftJHRU,Negative,97.1080,general,general,,Twitter
Dallas6,Corporate,32.8740567,-96.771404,9100 N Central Expressway Suite 105,75231,Thu Oct 27 14:56:40 +0000 2016,"RT @SportsDayHS: Due to conflicts, no #txhsfb at AT&amp;T Stadium for the first 3 rounds 😭
…but now we have The Star.
Details: https://t.co/UxR…",Positive,78.7116,general,general,,Twitter
Dallas6,Corporate,32.8740567,-96.771404,9100 N Central Expressway Suite 105,75231,Thu Oct 27 14:55:47 +0000 2016,RT @ATT: Get a sweet deal on the new iPhone 7 when you switch to AT&amp;T and have DIRECTV. https://t.co/JO08KrMKj7 https://t.co/tAcB2wPVFO,Positive,98.0584,directv,general,,Twitter
Dallas6,Corporate,32.8740567,-96.771404,9100 N Central Expressway Suite 105,75231,Thu Oct 27 14:53:52 +0000 2016,RT @ATT: Welcome to the team! @taylorswift13 https://t.co/4h86nLYuLo https://t.co/gAHOi7fPrZ,Positive,84.3125,general,general,,Twitter
Dallas6,Corporate,32.8740567,-96.771404,9100 N Central Expressway Suite 105,75231,Thu Oct 27 14:42:50 +0000 2016,Bernie Sanders Slams AT&amp;T-Time Warner Merger - https://t.co/c1aDa2EnA3 via https://t.co/IR4kIJPlnE,Neutral,62.0891,general,general,,Twitter
Dallas6,Corporate,32.8740567,-96.771404,9100 N Central Expressway Suite 105,75231,Thu Oct 27 14:38:23 +0000 2016,If you like hackathons you're going to want to be at this one. Come create some cool IoT tech https://t.co/Mljinu77sQ,Negative,99.4581,general,general,,Twitter
Dallas6,Corporate,32.8740567,-96.771404,9100 N Central Expressway Suite 105,75231,Thu Oct 27 14:36:12 +0000 2016,RT @attJOBS: We’re lucky to have a lot of #WomenWhoInspire us at AT&amp;T. Meet a few of them: https://t.co/8juFZJTY20 https://t.co/H6mCC5fGEj,Positive,86.9529,general,general,,Twitter
Dallas6,Corporate,32.8740567,-96.771404,9100 N Central Expressway Suite 105,75231,Thu Oct 27 14:24:32 +0000 2016,RT @jwgreer3: Asking for a friend: the Unfulfilled Promise of an Internet Provider have you Searching? https://t.co/9JoOKfAUBu,Negative,67.3777,general,general,,Twitter
Dallas6,Corporate,32.8740567,-96.771404,9100 N Central Expressway Suite 105,75231,Thu Oct 27 14:23:07 +0000 2016,Asking for a friend: the Unfulfilled Promise of an Internet Provider have you Searching? https://t.co/9JoOKfAUBu,Negative,67.3777,general,general,,Twitter
Dallas6,Corporate,32.8740567,-96.771404,9100 N Central Expressway Suite 105,75231,Thu Oct 27 14:05:48 +0000 2016,Sign the petition: Tell @TheJusticeDept to stop the @ATT-@TWXCorp merger https://t.co/hyI3LL7oR6 via @CREDOMobile #p2,Negative,74.5984,general,general,,Twitter
Dallas6,Corporate,32.8740567,-96.771404,9100 N Central Expressway Suite 105,75231,Thu Oct 27 14:04:52 +0000 2016,@ifoundtaylor13 We’ll be giving tickets to Taylor fans including AT&amp;T customers and special guests.  We’ll share ticketing details later!,Positive,90.5922,general,general,,Twitter
Dallas6,Corporate,32.8740567,-96.771404,9100 N Central Expressway Suite 105,75231,Thu Oct 27 14:03:03 +0000 2016,"@Megan_Rage Don't be mad at us, Megan! Can you follow and DM us with your account info? We're here to help!",Neutral,58.1676,general,general,,Twitter
Dallas6,Corporate,32.8740567,-96.771404,9100 N Central Expressway Suite 105,75231,Thu Oct 27 14:00:43 +0000 2016,"When They Destroy, We Deploy: NDR 2016 by the Numbers https://t.co/D2hxNrcGCV #attemployee https://t.co/CsyQAyHcwx",Negative,80.2040,general,general,,Twitter
Dallas6,Corporate,32.8740567,-96.771404,9100 N Central Expressway Suite 105,75231,Thu Oct 27 14:00:01 +0000 2016,"RT @DallasBizNews: Sneak peek of the brand new Trinity Forest Golf Club, future host of the Byron Nelson: https://t.co/F6LZE1tEK6",Positive,73.7262,general,general,,Twitter
Dallas6,Corporate,32.8740567,-96.771404,9100 N Central Expressway Suite 105,75231,Thu Oct 27 13:59:41 +0000 2016,"RT @DallasBizNews: Sneak peek of the brand new Trinity Forest Golf Club, future host of the Byron Nelson: https://t.co/F6LZE1tEK6",Positive,73.7262,general,general,,Twitter
Dallas6,Corporate,32.8740567,-96.771404,9100 N Central Expressway Suite 105,75231,Thu Oct 27 13:59:02 +0000 2016,RT @LisannePowers: As  millennials enters workforce  technology is advancing faster than ever before https://t.co/nrmXqjKfQV #voip #attempl…,Neutral,52.6946,general,general,,Twitter
Dallas6,Corporate,32.8740567,-96.771404,9100 N Central Expressway Suite 105,75231,Thu Oct 27 13:53:14 +0000 2016,@WrittenbyaPanda Hi Omar - you can check when AT&amp;T Fiber will be available by going to this link: https://t.co/jRXE2802hM,Positive,66.0778,fiber,general,,Twitter
Dallas6,Corporate,32.8740567,-96.771404,9100 N Central Expressway Suite 105,75231,Thu Oct 27 13:48:08 +0000 2016,"RT @paulapwcloud: Recent DDOS attack cited IoT ,#IoT devices may be unsafe but what are hackers after? | AT&amp;T Networking Exchange Blog http…",Positive,63.7803,general,general,,Twitter
Dallas6,Corporate,32.8740567,-96.771404,9100 N Central Expressway Suite 105,75231,Thu Oct 27 13:44:17 +0000 2016,"Lions and tigers and bears, oh my! Last week's massive #DDoS attacks have proven the theory that #IoT devices will i…https://t.co/Uxyke16Kcq",Negative,86.9361,general,general,,Twitter
Dallas6,Corporate,32.8740567,-96.771404,9100 N Central Expressway Suite 105,75231,Thu Oct 27 13:35:59 +0000 2016,"Recent DDOS attack cited IoT ,#IoT devices may be unsafe but what are hackers after? | AT&amp;T Networking Exchange Blog https://t.co/nhvJwCnsjF",Positive,63.7803,general,general,,Twitter
Dallas6,Corporate,32.8740567,-96.771404,9100 N Central Expressway Suite 105,75231,Thu Oct 27 13:31:54 +0000 2016,As  millennials enters workforce  technology is advancing faster than ever before https://t.co/nrmXqjKfQV #voip #attemployee,Neutral,52.6946,general,general,,Twitter
Dallas6,Corporate,32.8740567,-96.771404,9100 N Central Expressway Suite 105,75231,Thu Oct 27 13:31:51 +0000 2016,RT @ATT: Welcome to the team! @taylorswift13 https://t.co/4h86nLYuLo https://t.co/gAHOi7fPrZ,Positive,84.3125,general,general,,Twitter
Dallas6,Corporate,32.8740567,-96.771404,9100 N Central Expressway Suite 105,75231,Thu Oct 27 13:30:53 +0000 2016,RT @ATT: Welcome to the team! @taylorswift13 https://t.co/4h86nLYuLo https://t.co/gAHOi7fPrZ,Positive,84.3125,general,general,,Twitter
Dallas6,Corporate,32.8740567,-96.771404,9100 N Central Expressway Suite 105,75231,Thu Oct 27 13:30:30 +0000 2016,Getting a little #InspiredMobility on Social Media Sunday | @ATT https://t.co/eHImGWAwjK https://t.co/7ArWewRkcV,Positive,77.1253,general,general,,Twitter
Dallas6,Corporate,32.8740567,-96.771404,9100 N Central Expressway Suite 105,75231,Thu Oct 27 13:26:06 +0000 2016,Whitepaper explores factors for schools to consider when evaluating a long-term fiber lease. @ATTBusiness #edtech https://t.co/Y7VBD9znwr,Positive,87.5075,fiber,general,,Twitter
Dallas6,Corporate,32.8740567,-96.771404,9100 N Central Expressway Suite 105,75231,Thu Oct 27 13:24:52 +0000 2016,RT @ATT: Welcome to the team! @taylorswift13 https://t.co/4h86nLYuLo https://t.co/gAHOi7fPrZ,Positive,84.3125,general,general,,Twitter
Dallas6,Corporate,32.8740567,-96.771404,9100 N Central Expressway Suite 105,75231,Thu Oct 27 13:14:33 +0000 2016,RT @ATT: Get a sweet deal on the new iPhone 7 when you switch to AT&amp;T and have DIRECTV. https://t.co/JO08KrMKj7 https://t.co/tAcB2wPVFO,Positive,98.0584,directv,general,,Twitter
Dallas6,Corporate,32.8740567,-96.771404,9100 N Central Expressway Suite 105,75231,Thu Oct 27 12:45:32 +0000 2016,RT @ATT: Get a sweet deal on the new iPhone 7 when you switch to AT&amp;T and have DIRECTV. https://t.co/JO08KrMKj7 https://t.co/tAcB2wPVFO,Positive,98.0584,directv,general,,Twitter
Dallas6,Corporate,32.8740567,-96.771404,9100 N Central Expressway Suite 105,75231,Thu Oct 27 12:38:37 +0000 2016,RT @ATT: Welcome to the team! @taylorswift13 https://t.co/4h86nLYuLo https://t.co/gAHOi7fPrZ,Positive,84.3125,general,general,,Twitter
Dallas6,Corporate,32.8740567,-96.771404,9100 N Central Expressway Suite 105,75231,Thu Oct 27 12:31:24 +0000 2016,RT @ATT: Get a sweet deal on the new iPhone 7 when you switch to AT&amp;T and have DIRECTV. https://t.co/JO08KrMKj7 https://t.co/tAcB2wPVFO,Positive,98.0584,directv,general,,Twitter
Dallas6,Corporate,32.8740567,-96.771404,9100 N Central Expressway Suite 105,75231,Thu Oct 27 12:29:55 +0000 2016,RT @ATT: Welcome to the team! @taylorswift13 https://t.co/4h86nLYuLo https://t.co/gAHOi7fPrZ,Positive,84.3125,general,general,,Twitter
Dallas6,Corporate,32.8740567,-96.771404,9100 N Central Expressway Suite 105,75231,Thu Oct 27 12:29:30 +0000 2016,RT @ATT: Get a sweet deal on the new iPhone 7 when you switch to AT&amp;T and have DIRECTV. https://t.co/JO08KrMKj7 https://t.co/tAcB2wPVFO,Positive,98.0584,directv,general,,Twitter
Dallas6,Corporate,32.8740567,-96.771404,9100 N Central Expressway Suite 105,75231,Thu Oct 27 12:16:49 +0000 2016,Why AT&amp;T wanted Time Warner https://t.co/WlJrM4YsRA https://t.co/mPQiP5LkSW,Neutral,55.9931,general,general,,Twitter
Dallas6,Corporate,32.8740567,-96.771404,9100 N Central Expressway Suite 105,75231,Thu Oct 27 12:00:03 +0000 2016,Want to reduce cybersecurity risks in your business? 4 steps here. https://t.co/X35PJHoEqK https://t.co/ldu3zLfv3n,Negative,76.7640,general,general,,Twitter
Dallas6,Corporate,32.8740567,-96.771404,9100 N Central Expressway Suite 105,75231,Thu Oct 27 11:49:17 +0000 2016,RT @attJOBS: Looking for some words of wisdom? Our own Jennifer Van Buskirk shares her top 5 #careertips: https://t.co/3VH3TccPZf https://t…,Positive,71.6894,general,general,,Twitter
Dallas6,Corporate,32.8740567,-96.771404,9100 N Central Expressway Suite 105,75231,Thu Oct 27 11:47:18 +0000 2016,"RT @AnnaLDavis1: A #bitcoin powered server, #TimeWarner AND #Hemisphere? What's next @ATT, total world domination? #ATT #surveillance #mono…",Negative,69.0659,general,general,,Twitter
Dallas6,Corporate,32.8740567,-96.771404,9100 N Central Expressway Suite 105,75231,Thu Oct 27 11:46:51 +0000 2016,"RT @AnnaLDavis1: A #bitcoin powered server, #TimeWarner AND #Hemisphere? What's next @ATT, total world domination? #ATT #surveillance #mono…",Negative,69.0659,general,general,,Twitter
Dallas6,Corporate,32.8740567,-96.771404,9100 N Central Expressway Suite 105,75231,Thu Oct 27 11:36:48 +0000 2016,RT @ATT: Get a sweet deal on the new iPhone 7 when you switch to AT&amp;T and have DIRECTV. https://t.co/JO08KrMKj7 https://t.co/tAcB2wPVFO,Positive,98.0584,directv,general,,Twitter
Dallas6,Corporate,32.8740567,-96.771404,9100 N Central Expressway Suite 105,75231,Thu Oct 27 11:24:05 +0000 2016,RT @ATT: Get a sweet deal on the new iPhone 7 when you switch to AT&amp;T and have DIRECTV. https://t.co/JO08KrMKj7 https://t.co/tAcB2wPVFO,Positive,98.0584,directv,general,,Twitter
Dallas6,Corporate,32.8740567,-96.771404,9100 N Central Expressway Suite 105,75231,Thu Oct 27 11:20:31 +0000 2016,RT @ATT: Welcome to the team! @taylorswift13 https://t.co/4h86nLYuLo https://t.co/gAHOi7fPrZ,Positive,84.3125,general,general,,Twitter
Dallas6,Corporate,32.8740567,-96.771404,9100 N Central Expressway Suite 105,75231,Thu Oct 27 11:16:40 +0000 2016,The Latin America assets of @ATT could figure more prominently after Time Warner deal https://t.co/vS9caPpg8X |… https://t.co/wC2P1bslye,Positive,74.4417,general,general,,Twitter
Dallas6,Corporate,32.8740567,-96.771404,9100 N Central Expressway Suite 105,75231,Thu Oct 27 11:12:11 +0000 2016,RT @ATT: Get a sweet deal on the new iPhone 7 when you switch to AT&amp;T and have DIRECTV. https://t.co/JO08KrMKj7 https://t.co/tAcB2wPVFO,Positive,98.0584,directv,general,,Twitter
Dallas6,Corporate,32.8740567,-96.771404,9100 N Central Expressway Suite 105,75231,Thu Oct 27 10:59:54 +0000 2016,RT @ATT: Get a sweet deal on the new iPhone 7 when you switch to AT&amp;T and have DIRECTV. https://t.co/JO08KrMKj7 https://t.co/tAcB2wPVFO,Positive,98.0584,directv,general,,Twitter
Dallas6,Corporate,32.8740567,-96.771404,9100 N Central Expressway Suite 105,75231,Thu Oct 27 10:30:50 +0000 2016,"RT @dallasnews: Trump gets litigious, AT&amp;T gets bigger, @TomiLahren wins bigly: Your weekend news digest https://t.co/tjOy7OJCri https://t.…",Negative,66.2200,general,general,,Twitter
Dallas6,Corporate,32.8740567,-96.771404,9100 N Central Expressway Suite 105,75231,Thu Oct 27 10:17:18 +0000 2016,RT @ATT: Welcome to the team! @taylorswift13 https://t.co/4h86nLYuLo https://t.co/gAHOi7fPrZ,Positive,84.3125,general,general,,Twitter
Dallas6,Corporate,32.8740567,-96.771404,9100 N Central Expressway Suite 105,75231,Thu Oct 27 09:49:00 +0000 2016,"Take A Deep Breath On The AT&amp;T-Time Warner Merger: Randall Stephenson, chairman and chief executive officer o... https://t.co/YBSo7JeiHH",Positive,98.0316,general,general,,Twitter
Dallas6,Corporate,32.8740567,-96.771404,9100 N Central Expressway Suite 105,75231,Thu Oct 27 09:47:19 +0000 2016,@TheOrangeCone @DIRECTV notice how others answered but @directtv didnt? Customer service yay!,Neutral,55.8984,directv,general,,Twitter
Dallas6,Corporate,32.8740567,-96.771404,9100 N Central Expressway Suite 105,75231,Thu Oct 27 09:34:21 +0000 2016,RT @ATT: Get a sweet deal on the new iPhone 7 when you switch to AT&amp;T and have DIRECTV. https://t.co/JO08KrMKj7 https://t.co/tAcB2wPVFO,Positive,98.0584,directv,general,,Twitter
Dallas6,Corporate,32.8740567,-96.771404,9100 N Central Expressway Suite 105,75231,Thu Oct 27 09:29:23 +0000 2016,RT @ATT: Who made you a college 🏈 fan? Share with #MadeMeAFanContest for a chance to win. Rules https://t.co/hU3I3wFn5V https://t.co/seJBJK…,Positive,88.9294,general,general,,Twitter
Dallas6,Corporate,32.8740567,-96.771404,9100 N Central Expressway Suite 105,75231,Thu Oct 27 08:55:07 +0000 2016,"Sneak peek of the brand new Trinity Forest Golf Club, future host of AT&amp;T Byron Nelson (Video) https://t.co/L2QnGBvhdW #dallas",Positive,73.7262,general,general,,Twitter
Dallas6,Corporate,32.8740567,-96.771404,9100 N Central Expressway Suite 105,75231,Thu Oct 27 08:44:38 +0000 2016,RT @ATT: Welcome to the team! @taylorswift13 https://t.co/4h86nLYuLo https://t.co/gAHOi7fPrZ,Positive,84.3125,general,general,,Twitter
Dallas6,Corporate,32.8740567,-96.771404,9100 N Central Expressway Suite 105,75231,Thu Oct 27 08:23:01 +0000 2016,RT @ATT: Welcome to the team! @taylorswift13 https://t.co/4h86nLYuLo https://t.co/gAHOi7fPrZ,Positive,84.3125,general,general,,Twitter
Dallas6,Corporate,32.8740567,-96.771404,9100 N Central Expressway Suite 105,75231,Thu Oct 27 08:19:50 +0000 2016,RT @ATT: Welcome to the team! @taylorswift13 https://t.co/4h86nLYuLo https://t.co/gAHOi7fPrZ,Positive,84.3125,general,general,,Twitter
Dallas6,Corporate,32.8740567,-96.771404,9100 N Central Expressway Suite 105,75231,Thu Oct 27 08:19:29 +0000 2016,RT @ATT: Get a sweet deal on the new iPhone 7 when you switch to AT&amp;T and have DIRECTV. https://t.co/JO08KrMKj7 https://t.co/tAcB2wPVFO,Positive,98.0584,directv,general,,Twitter
Dallas6,Corporate,32.8740567,-96.771404,9100 N Central Expressway Suite 105,75231,Thu Oct 27 07:59:35 +0000 2016,#dallas Why Jordan Spieth is the perfect ambassador for AT&amp;T Byron Nelson's move to new home in 2018 https://t.co/x65HrRFfoP,Positive,99.7654,general,general,,Twitter
Dallas6,Corporate,32.8740567,-96.771404,9100 N Central Expressway Suite 105,75231,Thu Oct 27 07:50:24 +0000 2016,RT @ATT: Welcome to the team! @taylorswift13 https://t.co/4h86nLYuLo https://t.co/gAHOi7fPrZ,Positive,84.3125,general,general,,Twitter
Dallas6,Corporate,32.8740567,-96.771404,9100 N Central Expressway Suite 105,75231,Thu Oct 27 07:45:54 +0000 2016,RT @ATT: Another reason to smile for the camera. The #LGV20 from @LGUSAMobile will be available in stores starting today. https://t.co/TILu…,Positive,86.0616,general,general,,Twitter
Dallas6,Corporate,32.8740567,-96.771404,9100 N Central Expressway Suite 105,75231,Thu Oct 27 05:57:00 +0000 2016,RT @ATT: Welcome to the team! @taylorswift13 https://t.co/4h86nLYuLo https://t.co/gAHOi7fPrZ,Positive,84.3125,general,general,,Twitter
Dallas6,Corporate,32.8740567,-96.771404,9100 N Central Expressway Suite 105,75231,Thu Oct 27 05:35:10 +0000 2016,The AT&amp;T-Time Warner Deal: Perspective from the Great Trustbuster https://t.co/4PJR95ZSNZ https://t.co/DWe5YSSvox,Positive,96.4855,general,general,,Twitter
Dallas6,Corporate,32.8740567,-96.771404,9100 N Central Expressway Suite 105,75231,Thu Oct 27 04:58:09 +0000 2016,RT @RickTweetTweet: AT&amp;T Employees Break Records for Stop Hunger Now #ATTimpact https://t.co/f7k0rq100P #attemployee https://t.co/pUbfsZkOYe,Positive,72.3983,general,general,,Twitter
Dallas6,Corporate,32.8740567,-96.771404,9100 N Central Expressway Suite 105,75231,Thu Oct 27 04:52:50 +0000 2016,RT @ATT: Welcome to the team! @taylorswift13 https://t.co/4h86nLYuLo https://t.co/gAHOi7fPrZ,Positive,84.3125,general,general,,Twitter
Dallas6,Corporate,32.8740567,-96.771404,9100 N Central Expressway Suite 105,75231,Thu Oct 27 04:49:11 +0000 2016,RT @ATT: Welcome to the team! @taylorswift13 https://t.co/4h86nLYuLo https://t.co/gAHOi7fPrZ,Positive,84.3125,general,general,,Twitter
Dallas6,Corporate,32.8740567,-96.771404,9100 N Central Expressway Suite 105,75231,Thu Oct 27 04:40:52 +0000 2016,RT @ATT: Welcome to the team! @taylorswift13 https://t.co/4h86nLYuLo https://t.co/gAHOi7fPrZ,Positive,84.3125,general,general,,Twitter
Dallas6,Corporate,32.8740567,-96.771404,9100 N Central Expressway Suite 105,75231,Thu Oct 27 04:39:42 +0000 2016,RT @BillNicholsDMN: Why Jordan Spieth is the perfect ambassador for AT&amp;T Byron Nelson's move to new home in 2018 https://t.co/makT7VH1Z3 vi…,Positive,99.7654,general,general,,Twitter
Dallas6,Corporate,32.8740567,-96.771404,9100 N Central Expressway Suite 105,75231,Thu Oct 27 04:39:16 +0000 2016,RT @ATT: Welcome to the team! @taylorswift13 https://t.co/4h86nLYuLo https://t.co/gAHOi7fPrZ,Positive,84.3125,general,general,,Twitter
Dallas6,Corporate,32.8740567,-96.771404,9100 N Central Expressway Suite 105,75231,Thu Oct 27 04:31:21 +0000 2016,RT @ATT: Welcome to the team! @taylorswift13 https://t.co/4h86nLYuLo https://t.co/gAHOi7fPrZ,Positive,84.3125,general,general,,Twitter
Dallas6,Corporate,32.8740567,-96.771404,9100 N Central Expressway Suite 105,75231,Thu Oct 27 04:31:05 +0000 2016,@AroundTI accepts @ATT's challenge. Unite For Change. STEM in the Schoolyard. #OneUpThat? There is only one way. https://t.co/VJGVno1eoK,Negative,70.9420,general,general,,Twitter
Dallas6,Corporate,32.8740567,-96.771404,9100 N Central Expressway Suite 105,75231,Thu Oct 27 04:27:01 +0000 2016,Breaking down the AT&amp;T-Time Warner deal - https://t.co/Jc0lrHwv3A,Neutral,61.1194,general,general,,Twitter
Dallas6,Corporate,32.8740567,-96.771404,9100 N Central Expressway Suite 105,75231,Thu Oct 27 04:27:01 +0000 2016,Breaking down the AT&amp;T-Time Warner deal - https://t.co/onTO3SD6JY,Neutral,61.1194,general,general,,Twitter
Dallas6,Corporate,32.8740567,-96.771404,9100 N Central Expressway Suite 105,75231,Thu Oct 27 04:27:01 +0000 2016,Breaking down the AT&amp;T-Time Warner deal - https://t.co/86GNcG9aJc,Neutral,61.1194,general,general,,Twitter
Dallas6,Corporate,32.8740567,-96.771404,9100 N Central Expressway Suite 105,75231,Thu Oct 27 04:27:01 +0000 2016,Breaking down the AT&amp;T-Time Warner deal - https://t.co/5BiHuiicuU,Neutral,61.1194,general,general,,Twitter
Dallas6,Corporate,32.8740567,-96.771404,9100 N Central Expressway Suite 105,75231,Thu Oct 27 04:14:26 +0000 2016,RT @ATT: Welcome to the team! @taylorswift13 https://t.co/4h86nLYuLo https://t.co/gAHOi7fPrZ,Positive,84.3125,general,general,,Twitter
Dallas6,Corporate,32.8740567,-96.771404,9100 N Central Expressway Suite 105,75231,Thu Oct 27 04:12:47 +0000 2016,RT @BillNicholsDMN: Why Jordan Spieth is the perfect ambassador for AT&amp;T Byron Nelson's move to new home in 2018 https://t.co/makT7VH1Z3 vi…,Positive,99.7654,general,general,,Twitter
Dallas6,Corporate,32.8740567,-96.771404,9100 N Central Expressway Suite 105,75231,Thu Oct 27 04:10:05 +0000 2016,RT @ATTBusiness: AT&amp;T Labs is on track to revolutionize the way #AI plays in the network…but that’s not all! More from Mazin Gilbert: https…,Positive,72.4772,general,general,,Twitter
Dallas6,Corporate,32.8740567,-96.771404,9100 N Central Expressway Suite 105,75231,Thu Oct 27 04:02:38 +0000 2016,Why Jordan Spieth is the perfect ambassador for AT&amp;T Byron Nelson's move to new home in 2018 https://t.co/makT7VH1Z3 via @sportsdaydfw,Positive,99.7654,general,general,,Twitter
Dallas6,Corporate,32.8740567,-96.771404,9100 N Central Expressway Suite 105,75231,Thu Oct 27 03:34:38 +0000 2016,RT @1845realty: Since when do you merge two accounts @ATT and expect your consumers to be strong armed into your methods??? #attsucks #terr…,Negative,79.4791,general,general,,Twitter
Dallas6,Corporate,32.8740567,-96.771404,9100 N Central Expressway Suite 105,75231,Thu Oct 27 03:29:28 +0000 2016,"RT @SVotta88: Hey @ATT appreciate being on hold for 39 minutes now waiting to talk about my ""rewards"" I am supposed to get.",Neutral,57.4925,general,general,,Twitter
Dallas6,Corporate,32.8740567,-96.771404,9100 N Central Expressway Suite 105,75231,Thu Oct 27 03:29:02 +0000 2016,RT @ATT: Get a sweet deal on the new iPhone 7 when you switch to AT&amp;T and have DIRECTV. https://t.co/JO08KrMKj7 https://t.co/tAcB2wPVFO,Positive,98.0584,directv,general,,Twitter
Dallas6,Corporate,32.8740567,-96.771404,9100 N Central Expressway Suite 105,75231,Thu Oct 27 03:12:34 +0000 2016,RT @ohxnelli: Now I understand why people say @ATT has terrible customer service. Smdh.,Negative,96.5694,general,general,,Twitter
Dallas6,Corporate,32.8740567,-96.771404,9100 N Central Expressway Suite 105,75231,Thu Oct 27 02:50:41 +0000 2016,RT @ATTLatino: Noche de partido no tiene que ser noche de aburrido. Es tu tele. Llévala contigo. https://t.co/G6JlIiUxNv https://t.co/cxrSb…,Neutral,52.6392,general,general,,Twitter
Dallas6,Corporate,32.8740567,-96.771404,9100 N Central Expressway Suite 105,75231,Thu Oct 27 02:30:16 +0000 2016,"TIX🏈https://t.co/MGIo5onpzM🏈4️⃣- PARKING, PHILADELPHIA EAGLES VS DALLAS #Cowboys, @ ATT STADIUM, 10/30 /2016 https://t.co/8EFnT3Ta1E",Positive,77.4137,general,general,,Twitter
Dallas6,Corporate,32.8740567,-96.771404,9100 N Central Expressway Suite 105,75231,Thu Oct 27 02:14:58 +0000 2016,@ATTCares Any idea how long? Have to go outside to use the phones. Ridiculous. Been like that for days.,Negative,97.5550,general,general,,Twitter
Dallas6,Corporate,32.8740567,-96.771404,9100 N Central Expressway Suite 105,75231,Thu Oct 27 02:11:18 +0000 2016,AT&amp;T's Commitment to Disability Employment@ConnectToGood 2016-10-25-ATT-Inclusion-in-Disability-Employment https://t.co/sMc9OzE1ww,Positive,91.2110,general,general,,Twitter
Dallas6,Corporate,32.8740567,-96.771404,9100 N Central Expressway Suite 105,75231,Thu Oct 27 02:05:27 +0000 2016,The code names and secret meetings that got the #ATTTimeWarner deal done https://t.co/fOeive0ZXV | @Melissa_Repko https://t.co/KB584nBTlj,Neutral,55.1729,general,general,,Twitter
Dallas6,Corporate,32.8740567,-96.771404,9100 N Central Expressway Suite 105,75231,Thu Oct 27 02:00:11 +0000 2016,RT @ATTBusinessCare: Take a look at our tutorial to learn how to cancel an AT&amp;T Workforce Manager order at  https://t.co/mm5DGoRC18 https:/…,Positive,84.9539,general,general,,Twitter
Dallas6,Corporate,32.8740567,-96.771404,9100 N Central Expressway Suite 105,75231,Thu Oct 27 02:00:01 +0000 2016,Take a look at our tutorial to learn how to cancel an AT&amp;T Workforce Manager order at  https://t.co/mm5DGoRC18 https://t.co/5aoDpivMzw,Positive,84.9539,general,general,,Twitter
Dallas6,Corporate,32.8740567,-96.771404,9100 N Central Expressway Suite 105,75231,Thu Oct 27 01:58:17 +0000 2016,"TIX🏈https://t.co/MGIo5onpzM🏈3️⃣- PARKING, PHILADELPHIA EAGLES VS DALLAS #Cowboys, @ ATT STADIUM, 10/30 /2016 https://t.co/8EFnT3Ta1E",Positive,77.4137,general,general,,Twitter
