Dallas8,Corporate,32.913273,-96.958064,7800 N. Macarthur Boulevard Suite 150,75063,Tue Oct 25 20:38:42 +0000 2016,AT&amp;T Undercuts Cable TV With $35 Internet Streaming Service https://t.co/4bS8b0Y0Gk @scottia https://t.co/d0C9RHizcV,Neutral,51.3085,general,general,,Twitter
Dallas8,Corporate,32.913273,-96.958064,7800 N. Macarthur Boulevard Suite 150,75063,Tue Oct 25 20:36:44 +0000 2016,How to talk about the @ATT-@twxcorp deal like an insider https://t.co/BS8al09DpH | @Melissa_Repko https://t.co/7vea93Urim,Neutral,60.7870,general,general,,Twitter
Dallas8,Corporate,32.913273,-96.958064,7800 N. Macarthur Boulevard Suite 150,75063,Tue Oct 25 20:33:36 +0000 2016,RT @ATTBusiness: What's faster than a @RedBullRacing car at full speed? Data exchange at full throttle. https://t.co/2J1yGHly8i,Negative,70.3213,general,general,,Twitter
Dallas8,Corporate,32.913273,-96.958064,7800 N. Macarthur Boulevard Suite 150,75063,Tue Oct 25 20:33:28 +0000 2016,RT @DBJShinneman: Stephenson said some new stuff about DirecTV Now and Time Warner this morning https://t.co/fgq2QFh1dC $T @DallasBizNews,Neutral,57.2049,directv,general,,Twitter
Dallas8,Corporate,32.913273,-96.958064,7800 N. Macarthur Boulevard Suite 150,75063,Tue Oct 25 20:31:06 +0000 2016,AT&amp;T Undercuts Cable TV With $35 Internet Streaming Service https://t.co/77oF9ITrTD,Neutral,51.3085,general,general,,Twitter
Dallas8,Corporate,32.913273,-96.958064,7800 N. Macarthur Boulevard Suite 150,75063,Tue Oct 25 20:30:56 +0000 2016,RT @ATTBusiness: Watch how to protect your business from evolving threats. Get our report to learn more: https://t.co/8Ixmpp7esC #ATTCyberC…,Positive,65.3603,general,general,,Twitter
Dallas8,Corporate,32.913273,-96.958064,7800 N. Macarthur Boulevard Suite 150,75063,Tue Oct 25 20:30:54 +0000 2016,RT @ATT: Welcome to the team! @taylorswift13 https://t.co/4h86nLYuLo https://t.co/gAHOi7fPrZ,Positive,84.3125,general,general,,Twitter
Dallas8,Corporate,32.913273,-96.958064,7800 N. Macarthur Boulevard Suite 150,75063,Tue Oct 25 20:27:58 +0000 2016,RT @dallasnews: AT&amp;T announces launch of DirecTV Now for $35 a month https://t.co/VLUOgLDKxD | @Melissa_Repko https://t.co/Oqw3WFWHcA,Neutral,52.2396,directv,general,,Twitter
Dallas8,Corporate,32.913273,-96.958064,7800 N. Macarthur Boulevard Suite 150,75063,Tue Oct 25 20:27:48 +0000 2016,RT @dallasnews: AT&amp;T announces launch of DirecTV Now for $35 a month https://t.co/VLUOgLDKxD | @Melissa_Repko https://t.co/Oqw3WFWHcA,Neutral,52.2396,directv,general,,Twitter
Dallas8,Corporate,32.913273,-96.958064,7800 N. Macarthur Boulevard Suite 150,75063,Tue Oct 25 20:25:56 +0000 2016,RT @ATT: Welcome to the team! @taylorswift13 https://t.co/4h86nLYuLo https://t.co/gAHOi7fPrZ,Positive,84.3125,general,general,,Twitter
Dallas8,Corporate,32.913273,-96.958064,7800 N. Macarthur Boulevard Suite 150,75063,Tue Oct 25 20:24:12 +0000 2016,RT @dallasnews: AT&amp;T announces launch of DirecTV Now for $35 a month https://t.co/VLUOgLDKxD | @Melissa_Repko https://t.co/Oqw3WFWHcA,Neutral,52.2396,directv,general,,Twitter
Dallas8,Corporate,32.913273,-96.958064,7800 N. Macarthur Boulevard Suite 150,75063,Tue Oct 25 20:21:25 +0000 2016,RT @dallasnews: AT&amp;T announces launch of DirecTV Now for $35 a month https://t.co/VLUOgLDKxD | @Melissa_Repko https://t.co/Oqw3WFWHcA,Neutral,52.2396,directv,general,,Twitter
Dallas8,Corporate,32.913273,-96.958064,7800 N. Macarthur Boulevard Suite 150,75063,Tue Oct 25 20:21:05 +0000 2016,Because they really dont care and since they are behind a computer it takes any customer service they may have had… https://t.co/eE4PRqZ6Qc,Negative,77.6107,general,general,,Twitter
Dallas8,Corporate,32.913273,-96.958064,7800 N. Macarthur Boulevard Suite 150,75063,Tue Oct 25 20:19:05 +0000 2016,They don't seem to care @att or their #chat team! https://t.co/0GH6zywBr6,Negative,94.3358,general,general,,Twitter
Dallas8,Corporate,32.913273,-96.958064,7800 N. Macarthur Boulevard Suite 150,75063,Tue Oct 25 20:17:04 +0000 2016,AT&amp;T announces launch of DirecTV Now for $35 a month https://t.co/VLUOgLDKxD | @Melissa_Repko https://t.co/Oqw3WFWHcA,Neutral,52.2396,directv,general,,Twitter
Dallas8,Corporate,32.913273,-96.958064,7800 N. Macarthur Boulevard Suite 150,75063,Tue Oct 25 20:16:48 +0000 2016,Excited to check in on this 2016 cohort for att #AspireAccelerator @… https://t.co/vXxLSwAkAg,Negative,89.6199,general,general,,Twitter
Dallas8,Corporate,32.913273,-96.958064,7800 N. Macarthur Boulevard Suite 150,75063,Tue Oct 25 20:16:25 +0000 2016,Pathetic @ATT yr agent makes mistake (all on chat) and now another agent tells me I have to play by your rules??? Glad to have screen shots!,Neutral,50.8035,general,general,,Twitter
Dallas8,Corporate,32.913273,-96.958064,7800 N. Macarthur Boulevard Suite 150,75063,Tue Oct 25 20:14:01 +0000 2016,Since when do you merge two accounts @ATT and expect your consumers to be strong armed into your methods??? #attsucks #terribleservice,Negative,79.4791,general,general,,Twitter
Dallas8,Corporate,32.913273,-96.958064,7800 N. Macarthur Boulevard Suite 150,75063,Tue Oct 25 20:13:59 +0000 2016,RT @attJOBS: Share what you love about technology with our customers. Now Hiring throughout the Bay Area! https://t.co/ig3a1FgKS4 https://t…,Positive,90.2608,general,general,,Twitter
Dallas8,Corporate,32.913273,-96.958064,7800 N. Macarthur Boulevard Suite 150,75063,Tue Oct 25 20:10:25 +0000 2016,"@rosskimes no, I meant no DVR. There has only been mention of on demand which on DIRECTV doesn’t include playing sports in general",Negative,85.7887,directv,general,,Twitter
Dallas8,Corporate,32.913273,-96.958064,7800 N. Macarthur Boulevard Suite 150,75063,Tue Oct 25 20:09:56 +0000 2016,RT @ATTBusiness: Watch how to protect your business from evolving threats. Get our report to learn more: https://t.co/8Ixmpp7esC #ATTCyberC…,Positive,65.3603,general,general,,Twitter
Dallas8,Corporate,32.913273,-96.958064,7800 N. Macarthur Boulevard Suite 150,75063,Tue Oct 25 20:07:40 +0000 2016,"RT @attJOBS: At AT&amp;T, we believe that inspiration stems from collaboration. That's why we give employees the access they need. https://t.co…",Neutral,53.7838,general,general,,Twitter
Dallas8,Corporate,32.913273,-96.958064,7800 N. Macarthur Boulevard Suite 150,75063,Tue Oct 25 20:07:28 +0000 2016,"So far it seems that, unlike PS Vue from Sony, ATT only offers on demand, no DVR capability. Big diff @melissa_repko @MariaHalkias",Neutral,51.6765,general,general,,Twitter
Dallas8,Corporate,32.913273,-96.958064,7800 N. Macarthur Boulevard Suite 150,75063,Tue Oct 25 20:07:17 +0000 2016,RT @ATTBusiness: Watch how to protect your business from evolving threats. Get our report to learn more: https://t.co/8Ixmpp7esC #ATTCyberC…,Positive,65.3603,general,general,,Twitter
Dallas8,Corporate,32.913273,-96.958064,7800 N. Macarthur Boulevard Suite 150,75063,Tue Oct 25 20:04:37 +0000 2016,RT @ATT: Welcome to the team! @taylorswift13 https://t.co/4h86nLYuLo https://t.co/gAHOi7fPrZ,Positive,84.3125,general,general,,Twitter
Dallas8,Corporate,32.913273,-96.958064,7800 N. Macarthur Boulevard Suite 150,75063,Tue Oct 25 20:03:34 +0000 2016,RT @ATTBusiness: Watch how to protect your business from evolving threats. Get our report to learn more: https://t.co/8Ixmpp7esC #ATTCyberC…,Positive,65.3603,general,general,,Twitter
Dallas8,Corporate,32.913273,-96.958064,7800 N. Macarthur Boulevard Suite 150,75063,Tue Oct 25 19:50:54 +0000 2016,Which I could say I was shocked when a reply in a DM from @ATTCares asked me to DM them for more information. 😂😂😂😂😂 #jokesonme,Negative,94.5020,general,general,,Twitter
Dallas8,Corporate,32.913273,-96.958064,7800 N. Macarthur Boulevard Suite 150,75063,Tue Oct 25 19:42:11 +0000 2016,AT&amp;T announces launch of DirecTV Now for $35 a month https://t.co/ppsMdIJoVW | @Melissa_Repko https://t.co/DYk5RW3Pci,Neutral,52.2396,directv,general,,Twitter
Dallas8,Corporate,32.913273,-96.958064,7800 N. Macarthur Boulevard Suite 150,75063,Tue Oct 25 19:39:54 +0000 2016,RT @ATTBusiness: Watch how to protect your business from evolving threats. Get our report to learn more: https://t.co/8Ixmpp7esC #ATTCyberC…,Positive,65.3603,general,general,,Twitter
Dallas8,Corporate,32.913273,-96.958064,7800 N. Macarthur Boulevard Suite 150,75063,Tue Oct 25 19:31:19 +0000 2016,RT @ATT: Welcome to the team! @taylorswift13 https://t.co/4h86nLYuLo https://t.co/gAHOi7fPrZ,Positive,84.3125,general,general,,Twitter
Dallas8,Corporate,32.913273,-96.958064,7800 N. Macarthur Boulevard Suite 150,75063,Tue Oct 25 19:30:33 +0000 2016,"@Lana Time Warner, but my parents like Directv better.",Positive,89.1669,directv,general,,Twitter
Dallas8,Corporate,32.913273,-96.958064,7800 N. Macarthur Boulevard Suite 150,75063,Tue Oct 25 19:30:02 +0000 2016,"At AT&amp;T, we believe that inspiration stems from collaboration. That's why we give employees the access they need.… https://t.co/U3ohYsUD1d",Neutral,53.7838,general,general,,Twitter
Dallas8,Corporate,32.913273,-96.958064,7800 N. Macarthur Boulevard Suite 150,75063,Tue Oct 25 19:28:56 +0000 2016,RT @ATTBusiness: Watch how to protect your business from evolving threats. Get our report to learn more: https://t.co/8Ixmpp7esC #ATTCyberC…,Positive,65.3603,general,general,,Twitter
Dallas8,Corporate,32.913273,-96.958064,7800 N. Macarthur Boulevard Suite 150,75063,Tue Oct 25 19:28:12 +0000 2016,#ATT's Latin America assets could figure more prominently after Time Warner deal https://t.co/3Z934kkpSh #DFW #Tech,Positive,74.4417,general,general,,Twitter
Dallas8,Corporate,32.913273,-96.958064,7800 N. Macarthur Boulevard Suite 150,75063,Tue Oct 25 19:24:17 +0000 2016,DallasBizNews: Been wondering what DirecTV Now will cost you? We have your answer: https://t.co/oCIzhc911N,Negative,68.5856,directv,general,,Twitter
Dallas8,Corporate,32.913273,-96.958064,7800 N. Macarthur Boulevard Suite 150,75063,Tue Oct 25 19:18:19 +0000 2016,"AT&amp;T CEO Stephenson speaks, reveals long-awaited price point for DirecTV Now: AT&amp;T’s first foray into streaming TV… https://t.co/mV5L8Yq69J",Positive,69.3248,directv,general,,Twitter
Dallas8,Corporate,32.913273,-96.958064,7800 N. Macarthur Boulevard Suite 150,75063,Tue Oct 25 19:18:17 +0000 2016,"AT&amp;T CEO Stephenson speaks, reveals long-awaited price point for DirecTV Now https://t.co/VwxYDARmpO",Positive,67.1539,directv,general,,Twitter
Dallas8,Corporate,32.913273,-96.958064,7800 N. Macarthur Boulevard Suite 150,75063,Tue Oct 25 19:18:15 +0000 2016,"AT&amp;T CEO Stephenson speaks, reveals long-awaited price point for DirecTV Now: AT&amp;T’s first foray into streaming TV… https://t.co/VpIiVuncOl",Positive,69.3248,directv,general,,Twitter
Dallas8,Corporate,32.913273,-96.958064,7800 N. Macarthur Boulevard Suite 150,75063,Tue Oct 25 19:18:13 +0000 2016,"AT&amp;T CEO Stephenson speaks, reveals long-awaited price point for DirecTV Now: AT&amp;T’s first foray into streaming TV… https://t.co/77HfyrT2aN",Positive,69.3248,directv,general,,Twitter
Dallas8,Corporate,32.913273,-96.958064,7800 N. Macarthur Boulevard Suite 150,75063,Tue Oct 25 19:18:10 +0000 2016,"AT&amp;T CEO Stephenson speaks, reveals long-awaited price point for DirecTV Now https://t.co/aI6Fk9WDoE #Dallas",Positive,67.1539,directv,general,,Twitter
Dallas8,Corporate,32.913273,-96.958064,7800 N. Macarthur Boulevard Suite 150,75063,Tue Oct 25 19:13:17 +0000 2016,"@JenSwirsky Jen, you're making our day! Thanks for the #ATTLove. https://t.co/isGmJhfqMn",Positive,64.5669,general,general,,Twitter
Dallas8,Corporate,32.913273,-96.958064,7800 N. Macarthur Boulevard Suite 150,75063,Tue Oct 25 19:11:38 +0000 2016,DallasBizNews: RT DBJShinneman: Stephenson said some new stuff about DirecTV Now and Time Warner this morning https://t.co/QfjPIqRLFx $T D…,Neutral,57.2049,directv,general,,Twitter
Dallas8,Corporate,32.913273,-96.958064,7800 N. Macarthur Boulevard Suite 150,75063,Tue Oct 25 19:11:34 +0000 2016,RT @DBJShinneman: Stephenson said some new stuff about DirecTV Now and Time Warner this morning https://t.co/fgq2QFh1dC $T @DallasBizNews,Neutral,57.2049,directv,general,,Twitter
Dallas8,Corporate,32.913273,-96.958064,7800 N. Macarthur Boulevard Suite 150,75063,Tue Oct 25 19:10:03 +0000 2016,Stephenson said some new stuff about DirecTV Now and Time Warner this morning https://t.co/fgq2QFh1dC $T @DallasBizNews,Neutral,57.2049,directv,general,,Twitter
Dallas8,Corporate,32.913273,-96.958064,7800 N. Macarthur Boulevard Suite 150,75063,Tue Oct 25 19:03:13 +0000 2016,#ATT announces launch of DirecTV Now for $35 a month https://t.co/QOyfkCUX2v #DFW,Neutral,52.2396,directv,general,,Twitter
Dallas8,Corporate,32.913273,-96.958064,7800 N. Macarthur Boulevard Suite 150,75063,Tue Oct 25 19:02:03 +0000 2016,RT @attJOBS: At the end of an interview you have a chance to make a lasting impression. Take it! Learn how: https://t.co/Fq9rgFL6f3 #Career…,Positive,95.7819,general,general,,Twitter
Dallas8,Corporate,32.913273,-96.958064,7800 N. Macarthur Boulevard Suite 150,75063,Tue Oct 25 19:01:24 +0000 2016,RT @attJOBS: We're helping connect youth to their first jobs by signing on to the White House's First Job Compact. Learn more: https://t.co…,Positive,91.9056,general,general,,Twitter
Dallas8,Corporate,32.913273,-96.958064,7800 N. Macarthur Boulevard Suite 150,75063,Tue Oct 25 19:00:36 +0000 2016,"RT @attJOBS: With the power to shape new accessibility tech (like a speech-to-text hearing aid), #InclusionWorks at AT&amp;T. https://t.co/P4aq…",Positive,84.8995,general,general,,Twitter
Dallas8,Corporate,32.913273,-96.958064,7800 N. Macarthur Boulevard Suite 150,75063,Tue Oct 25 19:00:23 +0000 2016,AT&amp;T announces launch of new video streaming product DirecTV Now for $35 a month. https://t.co/v7LI0v8hPx,Neutral,52.9168,directv,general,,Twitter
Dallas8,Corporate,32.913273,-96.958064,7800 N. Macarthur Boulevard Suite 150,75063,Tue Oct 25 18:58:39 +0000 2016,#AT_T will offer $35 subscription with 100 channels and includes mobile streaming https://t.co/KVpainvPld @scottia https://t.co/q9d72faN8z,Positive,66.8908,general,general,,Twitter
Dallas8,Corporate,32.913273,-96.958064,7800 N. Macarthur Boulevard Suite 150,75063,Tue Oct 25 18:55:19 +0000 2016,What’s different about 5G than previous “G’s”? https://t.co/5LAELBQ3aq #attemployee https://t.co/aLAuzCLFvV,Positive,62.7362,general,general,,Twitter
Dallas8,Corporate,32.913273,-96.958064,7800 N. Macarthur Boulevard Suite 150,75063,Tue Oct 25 18:55:19 +0000 2016,@eyeMediaDiva talks what makes for a good brand influencer on #TheBridgeATT https://t.co/7WZA2Dmkuz #attemployee https://t.co/mOdZ59mkpJ,Positive,95.6920,general,general,,Twitter
Dallas8,Corporate,32.913273,-96.958064,7800 N. Macarthur Boulevard Suite 150,75063,Tue Oct 25 18:55:16 +0000 2016,"When They Destroy, We Deploy: NDR 2016 by the Numbers https://t.co/mQ8vLMk9Xk #attemployee https://t.co/gMhMY9sbcm",Negative,80.2040,general,general,,Twitter
Dallas8,Corporate,32.913273,-96.958064,7800 N. Macarthur Boulevard Suite 150,75063,Tue Oct 25 18:36:05 +0000 2016,RT @attJOBS: Share what you love about technology with our customers. Now Hiring throughout the Bay Area! https://t.co/ig3a1FgKS4 https://t…,Positive,90.2608,general,general,,Twitter
Dallas8,Corporate,32.913273,-96.958064,7800 N. Macarthur Boulevard Suite 150,75063,Tue Oct 25 18:34:47 +0000 2016,RT @ATTBusiness: Watch how to protect your business from evolving threats. Get our report to learn more: https://t.co/8Ixmpp7esC #ATTCyberC…,Positive,65.3603,general,general,,Twitter
Dallas8,Corporate,32.913273,-96.958064,7800 N. Macarthur Boulevard Suite 150,75063,Tue Oct 25 18:33:45 +0000 2016,Useful glossary of AT&amp;T and Time Warner speak from @melissa_repko https://t.co/LCHlH0nhzZ via @dallasnews,Positive,63.9246,general,general,,Twitter
Dallas8,Corporate,32.913273,-96.958064,7800 N. Macarthur Boulevard Suite 150,75063,Tue Oct 25 18:33:40 +0000 2016,Just watched the @WSJ feed featuring the CEOs of ATT and Time Warner. Looks like we're all getting $35 cable/satellite and free college!,Negative,92.9458,general,general,,Twitter
Dallas8,Corporate,32.913273,-96.958064,7800 N. Macarthur Boulevard Suite 150,75063,Tue Oct 25 18:33:31 +0000 2016,AT&amp;T's online-only DirecTV service costs $35 a month - It's been just a few days since AT&amp;amp;T announced that ... https://t.co/kexlWuU5Z7,Negative,92.8650,directv,general,,Twitter
Dallas8,Corporate,32.913273,-96.958064,7800 N. Macarthur Boulevard Suite 150,75063,Tue Oct 25 18:27:17 +0000 2016,@ATT might have the worst customer service out there. Honestly should consider changing dept name to Customer Disservice.,Negative,99.9518,general,general,,Twitter
Dallas8,Corporate,32.913273,-96.958064,7800 N. Macarthur Boulevard Suite 150,75063,Tue Oct 25 18:26:23 +0000 2016,AT&amp;T's online-only DirecTV service costs $35 a month https://t.co/IwkgY69xXz via @engadget,Negative,80.0052,directv,general,,Twitter
Dallas8,Corporate,32.913273,-96.958064,7800 N. Macarthur Boulevard Suite 150,75063,Tue Oct 25 18:26:09 +0000 2016,#ATT announces launch of DirecTV Now for $35 a month https://t.co/gi4hMBNfnP #DFW #Tech,Neutral,52.2396,directv,general,,Twitter
Dallas8,Corporate,32.913273,-96.958064,7800 N. Macarthur Boulevard Suite 150,75063,Tue Oct 25 18:25:32 +0000 2016,"AT&amp;T Will Launch $35-Per-Month Streaming TV With 100+ Channels: ""DirecTV Now"" will launch with partnerships f... https://t.co/fO3PRHd0Kq",Neutral,59.9249,directv,general,,Twitter
Dallas8,Corporate,32.913273,-96.958064,7800 N. Macarthur Boulevard Suite 150,75063,Tue Oct 25 18:23:56 +0000 2016,RT @melissa_repko: AT&amp;T CEO Randall Stephenson says DirecTV Now streaming service will launch in late November and cost $35 per month.,Positive,94.9789,directv,general,,Twitter
Dallas8,Corporate,32.913273,-96.958064,7800 N. Macarthur Boulevard Suite 150,75063,Tue Oct 25 18:23:30 +0000 2016,We have a DirecTV Now price point: AT&amp;T CEO Stephenson says at #WSJlive that streaming product will cost $35 a month,Neutral,53.2138,directv,general,,Twitter
Dallas8,Corporate,32.913273,-96.958064,7800 N. Macarthur Boulevard Suite 150,75063,Tue Oct 25 18:22:11 +0000 2016,RT @melissa_repko: AT&amp;T CEO Randall Stephenson says DirecTV Now streaming service will launch in late November and cost $35 per month.,Positive,94.9789,directv,general,,Twitter
Dallas8,Corporate,32.913273,-96.958064,7800 N. Macarthur Boulevard Suite 150,75063,Tue Oct 25 18:21:00 +0000 2016,An AT&amp;T-Time Warner Merger Won’t Do Jack for Consumers - https://t.co/JtVwGYawGf,Positive,69.6776,general,general,,Twitter
Dallas8,Corporate,32.913273,-96.958064,7800 N. Macarthur Boulevard Suite 150,75063,Tue Oct 25 18:20:21 +0000 2016,AT&amp;T will offer $35 subscription with 100 channels and includes mobile streaming https://t.co/8w9jZaG10C,Positive,66.8908,general,general,,Twitter
Dallas8,Corporate,32.913273,-96.958064,7800 N. Macarthur Boulevard Suite 150,75063,Tue Oct 25 18:19:36 +0000 2016,RT @PhilipTKingston: https://t.co/5ITqgbqyPo,Neutral,50.0000,general,general,,Twitter
Dallas8,Corporate,32.913273,-96.958064,7800 N. Macarthur Boulevard Suite 150,75063,Tue Oct 25 18:16:52 +0000 2016,AT&amp;T's online-only DirecTV service costs $35 a month - It's been just a few days since AT&amp;amp;T announced that ... https://t.co/d2scuHvVu4,Negative,92.8650,directv,general,,Twitter
Dallas8,Corporate,32.913273,-96.958064,7800 N. Macarthur Boulevard Suite 150,75063,Tue Oct 25 18:15:34 +0000 2016,RT @melissa_repko: Stephenson rejects consumer concerns that merger is ploy to raise prices. He points to $35/month price of new streaming…,Positive,76.2347,general,general,,Twitter
Dallas8,Corporate,32.913273,-96.958064,7800 N. Macarthur Boulevard Suite 150,75063,Tue Oct 25 18:15:16 +0000 2016,AT&amp;T’s streaming TV service will include over 100 channels for $35 per month https://t.co/DaG3QGp0PI @scottia https://t.co/q1oguVddHh,Neutral,56.2551,general,general,,Twitter
Dallas8,Corporate,32.913273,-96.958064,7800 N. Macarthur Boulevard Suite 150,75063,Tue Oct 25 18:15:11 +0000 2016,RT @melissa_repko: AT&amp;T CEO Randall Stephenson says DirecTV Now streaming service will launch in late November and cost $35 per month.,Positive,94.9789,directv,general,,Twitter
Dallas8,Corporate,32.913273,-96.958064,7800 N. Macarthur Boulevard Suite 150,75063,Tue Oct 25 18:14:29 +0000 2016,https://t.co/5ITqgbqyPo,Neutral,50.0000,general,general,,Twitter
Dallas8,Corporate,32.913273,-96.958064,7800 N. Macarthur Boulevard Suite 150,75063,Tue Oct 25 18:06:27 +0000 2016,RT @SportsDayDFW: Big 12's decision on football divisions expected in near future; AT&amp;T Stadium favored to host title game? https://t.co/km…,Positive,94.9177,general,general,,Twitter
Dallas8,Corporate,32.913273,-96.958064,7800 N. Macarthur Boulevard Suite 150,75063,Tue Oct 25 18:05:46 +0000 2016,"Stephenson rejects consumer concerns that merger is ploy to raise prices. He points to $35/month price of new streaming product, DirecTV Now",Positive,76.2347,directv,general,,Twitter
Dallas8,Corporate,32.913273,-96.958064,7800 N. Macarthur Boulevard Suite 150,75063,Tue Oct 25 18:03:46 +0000 2016,@Uverse I hope you guys realize people have to work from home and the internet these days is as important as air. Fix your shitty internet,Positive,79.7968,uverse,general,,Twitter
Dallas8,Corporate,32.913273,-96.958064,7800 N. Macarthur Boulevard Suite 150,75063,Tue Oct 25 18:01:48 +0000 2016,With the insane number of problems Ive had with @Uverse they should be switching me to giga power for free #worstinternetever #uverse,Negative,91.0185,uverse,general,,Twitter
Dallas8,Corporate,32.913273,-96.958064,7800 N. Macarthur Boulevard Suite 150,75063,Tue Oct 25 18:01:17 +0000 2016,RT @ATTBusiness: Watch how to protect your business from evolving threats. Get our report to learn more: https://t.co/8Ixmpp7esC #ATTCyberC…,Positive,65.3603,general,general,,Twitter
Dallas8,Corporate,32.913273,-96.958064,7800 N. Macarthur Boulevard Suite 150,75063,Tue Oct 25 17:59:58 +0000 2016,RT @ATT: Welcome to the team! @taylorswift13 https://t.co/4h86nLYuLo https://t.co/gAHOi7fPrZ,Positive,84.3125,general,general,,Twitter
Dallas8,Corporate,32.913273,-96.958064,7800 N. Macarthur Boulevard Suite 150,75063,Tue Oct 25 17:59:20 +0000 2016,Seriously if you live in DFW don't get @Uverse their customer service sucks and they have no sense of urgency #at&amp;tuverse #uverse,Positive,83.7068,uverse,general,,Twitter
Dallas8,Corporate,32.913273,-96.958064,7800 N. Macarthur Boulevard Suite 150,75063,Tue Oct 25 17:58:32 +0000 2016,I used to think @Uverse was more reliable than TWC but Ive never had a worse experience with my internet problems than Ive had with att,Negative,98.1290,uverse,store experience,,Twitter
Dallas8,Corporate,32.913273,-96.958064,7800 N. Macarthur Boulevard Suite 150,75063,Tue Oct 25 17:57:18 +0000 2016,RT @ATT: Welcome to the team! @taylorswift13 https://t.co/4h86nLYuLo https://t.co/gAHOi7fPrZ,Positive,84.3125,general,general,,Twitter
Dallas8,Corporate,32.913273,-96.958064,7800 N. Macarthur Boulevard Suite 150,75063,Tue Oct 25 17:55:57 +0000 2016,AT&amp;T CEO Randall Stephenson says DirecTV Now streaming service will launch in late November and cost $35 per month.,Positive,94.9789,directv,general,,Twitter
Dallas8,Corporate,32.913273,-96.958064,7800 N. Macarthur Boulevard Suite 150,75063,Tue Oct 25 17:50:21 +0000 2016,"RT @dallasnews: Can @ATT and @twxcorp avoid a left-brain, right-brain culture clash? https://t.co/yHdZP2gthZ | @MitchSchnurman https://t.co…",Negative,72.6224,general,general,,Twitter
Dallas8,Corporate,32.913273,-96.958064,7800 N. Macarthur Boulevard Suite 150,75063,Tue Oct 25 17:48:13 +0000 2016,@ATTCares still not working :(,Negative,67.3297,general,general,,Twitter
Dallas8,Corporate,32.913273,-96.958064,7800 N. Macarthur Boulevard Suite 150,75063,Tue Oct 25 17:47:18 +0000 2016,RT @SportsDayDFW: Big 12's decision on football divisions expected in near future; AT&amp;T Stadium favored to host title game? https://t.co/km…,Positive,94.9177,general,general,,Twitter
Dallas8,Corporate,32.913273,-96.958064,7800 N. Macarthur Boulevard Suite 150,75063,Tue Oct 25 17:46:38 +0000 2016,@MaxAulakh Hi Max. We want to help get to the bottom of this. Are you able to DM us your account number and contact phone number?,Negative,90.2750,general,general,,Twitter
Dallas8,Corporate,32.913273,-96.958064,7800 N. Macarthur Boulevard Suite 150,75063,Tue Oct 25 17:45:11 +0000 2016,damn s/o @ATT for spying on Americans for profit AND providing shit internet,Positive,62.3777,general,general,,Twitter
Dallas8,Corporate,32.913273,-96.958064,7800 N. Macarthur Boulevard Suite 150,75063,Tue Oct 25 17:40:35 +0000 2016,Millennials - largest generation of US workforce &amp; likely over 1/2 global by 2020 https://t.co/nrmXqjKfQV #telecom #attemployee,Positive,78.5503,general,general,,Twitter
Dallas8,Corporate,32.913273,-96.958064,7800 N. Macarthur Boulevard Suite 150,75063,Tue Oct 25 17:37:35 +0000 2016,"Iowa Sen. Grassley calls for review of AT&amp;T, Time Warner deal https://t.co/OhjWTbq6ks",Neutral,60.4109,general,general,,Twitter
Dallas8,Corporate,32.913273,-96.958064,7800 N. Macarthur Boulevard Suite 150,75063,Tue Oct 25 17:37:06 +0000 2016,AT&amp;T begins push to sell customers on Time Warner merger https://t.co/Hy26OVyKjI | @melissa_repko https://t.co/ysgmhStvKk,Positive,73.1786,general,general,,Twitter
Dallas8,Corporate,32.913273,-96.958064,7800 N. Macarthur Boulevard Suite 150,75063,Tue Oct 25 17:32:33 +0000 2016,RT @ATTBusiness: Watch how to protect your business from evolving threats. Get our report to learn more: https://t.co/8Ixmpp7esC #ATTCyberC…,Positive,65.3603,general,general,,Twitter
Dallas8,Corporate,32.913273,-96.958064,7800 N. Macarthur Boulevard Suite 150,75063,Tue Oct 25 17:31:02 +0000 2016,RT @ATT: Another reason to smile for the camera. The #LGV20 from @LGUSAMobile will be available in stores starting today. https://t.co/TILu…,Positive,86.0616,general,general,,Twitter
Dallas8,Corporate,32.913273,-96.958064,7800 N. Macarthur Boulevard Suite 150,75063,Tue Oct 25 17:28:52 +0000 2016,RT @attJOBS: Our new #SanFrancisco flagship store is restored and ready for the future with our latest technology. Take a look: https://t.c…,Positive,96.3812,general,store experience,,Twitter
Dallas8,Corporate,32.913273,-96.958064,7800 N. Macarthur Boulevard Suite 150,75063,Tue Oct 25 17:23:14 +0000 2016,"How to talk about the #ATT, Time Warner deal like an insider https://t.co/vO3oDsR86f #DFW #Tech",Neutral,53.3382,general,general,,Twitter
Dallas8,Corporate,32.913273,-96.958064,7800 N. Macarthur Boulevard Suite 150,75063,Tue Oct 25 17:15:33 +0000 2016,New media agency Hearts &amp; Science lands AT&amp;T / opens #Dallas shop / plans to hire 100 people. Welcome to Big D! https://t.co/UQ76xMu0sE,Positive,78.8659,general,general,,Twitter
Dallas8,Corporate,32.913273,-96.958064,7800 N. Macarthur Boulevard Suite 150,75063,Tue Oct 25 17:11:34 +0000 2016,RT @ATT: Another reason to smile for the camera. The #LGV20 from @LGUSAMobile will be available in stores starting today. https://t.co/TILu…,Positive,86.0616,general,general,,Twitter
Dallas8,Corporate,32.913273,-96.958064,7800 N. Macarthur Boulevard Suite 150,75063,Tue Oct 25 17:07:48 +0000 2016,"RT @dmn_cowboys: No playoff games at AT&amp;T Stadium the first 3 rounds, but The Star may host postseason games the first 5 rounds  https://t.…",Positive,64.6555,general,general,,Twitter
Dallas8,Corporate,32.913273,-96.958064,7800 N. Macarthur Boulevard Suite 150,75063,Tue Oct 25 17:05:06 +0000 2016,Why Democrats and Republicans both want to stop the AT&amp;T/Time Warner merger https://t.co/NsiQ6GFYIv,Negative,75.3026,general,general,,Twitter
