Dallas15,Authorized,32.853965,-96.769903,5521 Greenville Ave,75206,Sun Oct 23 15:25:28 +0000 2016,"At best, the AT&amp;T-Time Warner deal faces a lengthy anti-trust review https://t.co/Ov42N0u2Ih @JPManga https://t.co/fGZbrd8qIw",Negative,94.9756,general,general,,Twitter
Dallas15,Authorized,32.853965,-96.769903,5521 Greenville Ave,75206,Sun Oct 23 15:25:23 +0000 2016,@ESPNCFB @ATT @espn this is the only thing that makes me feel better about A&amp;M losing,Negative,98.1888,general,general,,Twitter
Dallas15,Authorized,32.853965,-96.769903,5521 Greenville Ave,75206,Sun Oct 23 15:22:08 +0000 2016,RT @Mike_Rawlings: I’m excited for Dallas-based AT&amp;T and hopeful that this merger will lead to great benefits for its employees and... http…,Positive,97.4618,general,general,,Twitter
Dallas15,Authorized,32.853965,-96.769903,5521 Greenville Ave,75206,Sun Oct 23 15:21:27 +0000 2016,RT @ATT: The #futureofvideo is mobile and the #futureofmobile is video. Time Warner + AT&amp;T make it happen! @twxcorp https://t.co/GKx4U9TQYg,Neutral,56.0321,general,general,,Twitter
Dallas15,Authorized,32.853965,-96.769903,5521 Greenville Ave,75206,Sun Oct 23 15:19:13 +0000 2016,RT @Mike_Rawlings: I’m excited for Dallas-based AT&amp;T and hopeful that this merger will lead to great benefits for its employees and... http…,Positive,97.4618,general,general,,Twitter
Dallas15,Authorized,32.853965,-96.769903,5521 Greenville Ave,75206,Sun Oct 23 15:18:27 +0000 2016,I’m excited for Dallas-based AT&amp;T and hopeful that this merger will lead to great benefits for its employees and... https://t.co/CSAi6WbL8N,Positive,97.4618,general,general,,Twitter
Dallas15,Authorized,32.853965,-96.769903,5521 Greenville Ave,75206,Sun Oct 23 15:16:26 +0000 2016,RT @ATT: The #futureofvideo is mobile and the #futureofmobile is video. Time Warner + AT&amp;T make it happen! @twxcorp https://t.co/GKx4U9TQYg,Neutral,56.0321,general,general,,Twitter
Dallas15,Authorized,32.853965,-96.769903,5521 Greenville Ave,75206,Sun Oct 23 15:16:22 +0000 2016,@Rewritehell @dkberman @DIRECTV @ATT agreed! Here here!,Negative,65.7607,directv,general,,Twitter
Dallas15,Authorized,32.853965,-96.769903,5521 Greenville Ave,75206,Sun Oct 23 15:15:35 +0000 2016,RT @ATT: The #futureofvideo is mobile and the #futureofmobile is video. Time Warner + AT&amp;T make it happen! @twxcorp https://t.co/GKx4U9TQYg,Neutral,56.0321,general,general,,Twitter
Dallas15,Authorized,32.853965,-96.769903,5521 Greenville Ave,75206,Sun Oct 23 15:12:06 +0000 2016,RT @ATT: The #futureofvideo is mobile and the #futureofmobile is video. Time Warner + AT&amp;T make it happen! @twxcorp https://t.co/GKx4U9TQYg,Neutral,56.0321,general,general,,Twitter
Dallas15,Authorized,32.853965,-96.769903,5521 Greenville Ave,75206,Sun Oct 23 15:10:56 +0000 2016,RT @ATT: The #futureofvideo is mobile and the #futureofmobile is video. Time Warner + AT&amp;T make it happen! @twxcorp https://t.co/GKx4U9TQYg,Neutral,56.0321,general,general,,Twitter
Dallas15,Authorized,32.853965,-96.769903,5521 Greenville Ave,75206,Sun Oct 23 15:07:47 +0000 2016,"How the AT&amp;T-Time Warner deal changes the TV, mobile landscapes https://t.co/fyqdfuaDfd",Positive,74.8338,general,general,,Twitter
Dallas15,Authorized,32.853965,-96.769903,5521 Greenville Ave,75206,Sun Oct 23 15:06:44 +0000 2016,RT @ATT: The #futureofvideo is mobile and the #futureofmobile is video. Time Warner + AT&amp;T make it happen! @twxcorp https://t.co/GKx4U9TQYg,Neutral,56.0321,general,general,,Twitter
Dallas15,Authorized,32.853965,-96.769903,5521 Greenville Ave,75206,Sun Oct 23 15:04:58 +0000 2016,"Worst experience I have ever had , I pay for insurance every month on my phone with @ATT and i can't even get the insurance to do their job!",Negative,99.9968,general,store experience,,Twitter
Dallas15,Authorized,32.853965,-96.769903,5521 Greenville Ave,75206,Sun Oct 23 15:04:29 +0000 2016,"@JohnVotava @ATT @sprint Actually, that's completely false. ATT will deliver better plans AND content to our customers. #attemployee",Negative,70.7537,general,general,,Twitter
Dallas15,Authorized,32.853965,-96.769903,5521 Greenville Ave,75206,Sun Oct 23 15:04:17 +0000 2016,RT @ATT: The #futureofvideo is mobile and the #futureofmobile is video. Time Warner + AT&amp;T make it happen! @twxcorp https://t.co/GKx4U9TQYg,Neutral,56.0321,general,general,,Twitter
Dallas15,Authorized,32.853965,-96.769903,5521 Greenville Ave,75206,Sun Oct 23 15:03:26 +0000 2016,"Done deal: AT&amp;T, Time Warner boards approve deal valued at $108.7 billion https://t.co/u24ADetxu0 via @dallasnews",Positive,72.0624,general,general,,Twitter
Dallas15,Authorized,32.853965,-96.769903,5521 Greenville Ave,75206,Sun Oct 23 15:02:19 +0000 2016,RT @ATT: The #futureofvideo is mobile and the #futureofmobile is video. Time Warner + AT&amp;T make it happen! @twxcorp https://t.co/GKx4U9TQYg,Neutral,56.0321,general,general,,Twitter
Dallas15,Authorized,32.853965,-96.769903,5521 Greenville Ave,75206,Sun Oct 23 15:02:06 +0000 2016,RT @ATT: The #futureofvideo is mobile and the #futureofmobile is video. Time Warner + AT&amp;T make it happen! @twxcorp https://t.co/GKx4U9TQYg,Neutral,56.0321,general,general,,Twitter
Dallas15,Authorized,32.853965,-96.769903,5521 Greenville Ave,75206,Sun Oct 23 15:01:43 +0000 2016,RT @ATT: The #futureofvideo is mobile and the #futureofmobile is video. Time Warner + AT&amp;T make it happen! @twxcorp https://t.co/GKx4U9TQYg,Neutral,56.0321,general,general,,Twitter
Dallas15,Authorized,32.853965,-96.769903,5521 Greenville Ave,75206,Sun Oct 23 15:00:43 +0000 2016,RT @ATT: The #futureofvideo is mobile and the #futureofmobile is video. Time Warner + AT&amp;T make it happen! @twxcorp https://t.co/GKx4U9TQYg,Neutral,56.0321,general,general,,Twitter
Dallas15,Authorized,32.853965,-96.769903,5521 Greenville Ave,75206,Sun Oct 23 14:59:59 +0000 2016,"An AT&amp;T Acquisition Of Time Warner Has Consequences For Sports Fans: The AT&amp;T Board of Directors, like any ot... https://t.co/S7cSdeYyim",Positive,80.5943,general,general,,Twitter
Dallas15,Authorized,32.853965,-96.769903,5521 Greenville Ave,75206,Sun Oct 23 14:52:00 +0000 2016,RT @RickTweetTweet: Breaking News!!! AT&amp;T to Acquire Time Warner! My family just got bigger! #LifeAtATT  #TimeWarner https://t.co/RUAJa5ciO…,Positive,81.6545,general,general,,Twitter
Dallas15,Authorized,32.853965,-96.769903,5521 Greenville Ave,75206,Sun Oct 23 14:38:57 +0000 2016,Nina Dobrev DirecTV Super Saturday Night in San Francisco https://t.co/JxKMDIQUJv #NinaDobrev,Positive,91.5386,directv,general,,Twitter
Dallas15,Authorized,32.853965,-96.769903,5521 Greenville Ave,75206,Sun Oct 23 14:34:14 +0000 2016,RT @ATT: The #futureofvideo is mobile and the #futureofmobile is video. Time Warner + AT&amp;T make it happen! @twxcorp https://t.co/GKx4U9TQYg,Neutral,56.0321,general,general,,Twitter
Dallas15,Authorized,32.853965,-96.769903,5521 Greenville Ave,75206,Sun Oct 23 14:34:02 +0000 2016,AT&amp;T to buy Time Warner for $85.4 billion https://t.co/zOJiUAjtqN https://t.co/cfbc2jh2sd,Positive,63.9246,general,general,,Twitter
Dallas15,Authorized,32.853965,-96.769903,5521 Greenville Ave,75206,Sun Oct 23 14:28:16 +0000 2016,RT @ATT: The #futureofvideo is mobile and the #futureofmobile is video. Time Warner + AT&amp;T make it happen! @twxcorp https://t.co/GKx4U9TQYg,Neutral,56.0321,general,general,,Twitter
Dallas15,Authorized,32.853965,-96.769903,5521 Greenville Ave,75206,Sun Oct 23 14:26:03 +0000 2016,RT @ATT: The #futureofvideo is mobile and the #futureofmobile is video. Time Warner + AT&amp;T make it happen! @twxcorp https://t.co/GKx4U9TQYg,Neutral,56.0321,general,general,,Twitter
Dallas15,Authorized,32.853965,-96.769903,5521 Greenville Ave,75206,Sun Oct 23 14:23:07 +0000 2016,RT @ATTLatino: Famoso por sus coches clásicos y ritmo salsero – ahora puedes compartir a la cultura #Cubana desde tu móvil: https://t.co/9l…,Neutral,50.0000,general,general,,Twitter
Dallas15,Authorized,32.853965,-96.769903,5521 Greenville Ave,75206,Sun Oct 23 14:21:08 +0000 2016,RT @ATT: The #futureofvideo is mobile and the #futureofmobile is video. Time Warner + AT&amp;T make it happen! @twxcorp https://t.co/GKx4U9TQYg,Neutral,56.0321,general,general,,Twitter
Dallas15,Authorized,32.853965,-96.769903,5521 Greenville Ave,75206,Sun Oct 23 14:18:35 +0000 2016,RT @ATT: The #futureofvideo is mobile and the #futureofmobile is video. Time Warner + AT&amp;T make it happen! @twxcorp https://t.co/GKx4U9TQYg,Neutral,56.0321,general,general,,Twitter
Dallas15,Authorized,32.853965,-96.769903,5521 Greenville Ave,75206,Sun Oct 23 14:18:18 +0000 2016,RT @ATT: The #futureofvideo is mobile and the #futureofmobile is video. Time Warner + AT&amp;T make it happen! @twxcorp https://t.co/GKx4U9TQYg,Neutral,56.0321,general,general,,Twitter
Dallas15,Authorized,32.853965,-96.769903,5521 Greenville Ave,75206,Sun Oct 23 14:15:45 +0000 2016,RT @ATT: The #futureofvideo is mobile and the #futureofmobile is video. Time Warner + AT&amp;T make it happen! @twxcorp https://t.co/GKx4U9TQYg,Neutral,56.0321,general,general,,Twitter
Dallas15,Authorized,32.853965,-96.769903,5521 Greenville Ave,75206,Sun Oct 23 14:05:16 +0000 2016,RT @ATT: The #futureofvideo is mobile and the #futureofmobile is video. Time Warner + AT&amp;T make it happen! @twxcorp https://t.co/GKx4U9TQYg,Neutral,56.0321,general,general,,Twitter
Dallas15,Authorized,32.853965,-96.769903,5521 Greenville Ave,75206,Sun Oct 23 14:03:47 +0000 2016,Brackets 4 Good &amp; AT&amp;T Team Up on New NPO Fundraising Tourney. https://t.co/Ijkdfw2OUZ @ConnectToGood @aptord @susanphoff @KitSawers,Neutral,56.0858,general,general,,Twitter
Dallas15,Authorized,32.853965,-96.769903,5521 Greenville Ave,75206,Sun Oct 23 14:00:01 +0000 2016,Hear from Kristin how our Business Sales Leadership Development Program led to her successful career: https://t.co/aitAtDInv5 #BeTheFuture,Positive,88.5471,general,general,,Twitter
Dallas15,Authorized,32.853965,-96.769903,5521 Greenville Ave,75206,Sun Oct 23 13:56:35 +0000 2016,"Trump gets litigious, AT&amp;T gets bigger, @TomiLahren wins bigly: Your weekend news digest https://t.co/tjOy7OJCri https://t.co/XGVk25wpcl",Negative,66.2200,general,general,,Twitter
Dallas15,Authorized,32.853965,-96.769903,5521 Greenville Ave,75206,Sun Oct 23 13:53:42 +0000 2016,RT @ATT: The #futureofvideo is mobile and the #futureofmobile is video. Time Warner + AT&amp;T make it happen! @twxcorp https://t.co/GKx4U9TQYg,Neutral,56.0321,general,general,,Twitter
Dallas15,Authorized,32.853965,-96.769903,5521 Greenville Ave,75206,Sun Oct 23 13:51:25 +0000 2016,RT @RickTweetTweet: Breaking News!!! AT&amp;T to Acquire Time Warner! My family just got bigger! #LifeAtATT  #TimeWarner https://t.co/RUAJa5ciO…,Positive,81.6545,general,general,,Twitter
Dallas15,Authorized,32.853965,-96.769903,5521 Greenville Ave,75206,Sun Oct 23 13:43:34 +0000 2016,"Done deal: AT&amp;T, Time Warner boards approve deal valued at $108.7 billion https://t.co/ZZOfTtcmpi via @dallasnews",Positive,72.0624,general,general,,Twitter
Dallas15,Authorized,32.853965,-96.769903,5521 Greenville Ave,75206,Sun Oct 23 13:35:36 +0000 2016,We need another breakup of mega-corporations. #atttimewarner @realDonaldTrump @cnn @ATT @foxnews @USChamber,Neutral,53.5327,general,general,,Twitter
Dallas15,Authorized,32.853965,-96.769903,5521 Greenville Ave,75206,Sun Oct 23 13:34:59 +0000 2016,"Can AT&amp;T and Time Warner avoid a left-brain, right-brain culture clash? https://t.co/JLNpiXhcpW via @dallasnews",Neutral,59.9518,general,general,,Twitter
Dallas15,Authorized,32.853965,-96.769903,5521 Greenville Ave,75206,Sun Oct 23 13:33:39 +0000 2016,AT https://t.co/uSCMOFWxVU via @wfaachannel8,Neutral,50.0000,general,general,,Twitter
Dallas15,Authorized,32.853965,-96.769903,5521 Greenville Ave,75206,Sun Oct 23 13:33:12 +0000 2016,RT @ATT: The #futureofvideo is mobile and the #futureofmobile is video. Time Warner + AT&amp;T make it happen! @twxcorp https://t.co/GKx4U9TQYg,Neutral,56.0321,general,general,,Twitter
Dallas15,Authorized,32.853965,-96.769903,5521 Greenville Ave,75206,Sun Oct 23 13:33:11 +0000 2016,"How the AT&amp;T-Time Warner deal changes the TV, mobile landscapes https://t.co/icByLcfjeK via @dallasnews",Positive,74.8338,general,general,,Twitter
Dallas15,Authorized,32.853965,-96.769903,5521 Greenville Ave,75206,Sun Oct 23 13:30:56 +0000 2016,How millennials are creating the mobile office https://t.co/nrmXqjKfQV #cloud #attemployee,Neutral,57.2105,general,general,,Twitter
Dallas15,Authorized,32.853965,-96.769903,5521 Greenville Ave,75206,Sun Oct 23 13:26:42 +0000 2016,RT @ATT: Heading to Cuba? Take your phone along for the trip + stay connected to those back home. https://t.co/euhz4Z6Zbb https://t.co/AiPS…,Neutral,50.8130,general,general,,Twitter
Dallas15,Authorized,32.853965,-96.769903,5521 Greenville Ave,75206,Sun Oct 23 13:23:14 +0000 2016,RT @ATT: The #futureofvideo is mobile and the #futureofmobile is video. Time Warner + AT&amp;T make it happen! @twxcorp https://t.co/GKx4U9TQYg,Neutral,56.0321,general,general,,Twitter
Dallas15,Authorized,32.853965,-96.769903,5521 Greenville Ave,75206,Sun Oct 23 13:19:58 +0000 2016,RT @ATT: The #futureofvideo is mobile and the #futureofmobile is video. Time Warner + AT&amp;T make it happen! @twxcorp https://t.co/GKx4U9TQYg,Neutral,56.0321,general,general,,Twitter
Dallas15,Authorized,32.853965,-96.769903,5521 Greenville Ave,75206,Sun Oct 23 13:01:46 +0000 2016,"AT&amp;T, Time Warner boards approve $108.7 billion merger  | Technology | Dallas News https://t.co/s58rz9iliG |  #StopAT&amp;T",Positive,63.9246,general,general,,Twitter
Dallas15,Authorized,32.853965,-96.769903,5521 Greenville Ave,75206,Sun Oct 23 12:56:47 +0000 2016,RT @dallasnews: Donald Trump says he would block AT&amp;T-Time Warner merger if elected  https://t.co/XmCbKogRWi https://t.co/30j3wwnrTl,Positive,73.6044,general,general,,Twitter
Dallas15,Authorized,32.853965,-96.769903,5521 Greenville Ave,75206,Sun Oct 23 12:51:12 +0000 2016,Why AT&amp;T wants Time Warner https://t.co/d2pxdcoKdb #tech,Neutral,52.6782,general,general,,Twitter
Dallas15,Authorized,32.853965,-96.769903,5521 Greenville Ave,75206,Sun Oct 23 12:47:42 +0000 2016,RT @ATT: The #futureofvideo is mobile and the #futureofmobile is video. Time Warner + AT&amp;T make it happen! @twxcorp https://t.co/GKx4U9TQYg,Neutral,56.0321,general,general,,Twitter
Dallas15,Authorized,32.853965,-96.769903,5521 Greenville Ave,75206,Sun Oct 23 12:44:02 +0000 2016,AT&amp;T Is Buying Time Warner Because the Future is Google https://t.co/xMkZo0T1LO https://t.co/dfVC5GuCM1,Positive,73.8228,general,general,,Twitter
Dallas15,Authorized,32.853965,-96.769903,5521 Greenville Ave,75206,Sun Oct 23 12:43:33 +0000 2016,RT @ATT: The #futureofvideo is mobile and the #futureofmobile is video. Time Warner + AT&amp;T make it happen! @twxcorp https://t.co/GKx4U9TQYg,Neutral,56.0321,general,general,,Twitter
Dallas15,Authorized,32.853965,-96.769903,5521 Greenville Ave,75206,Sun Oct 23 12:42:55 +0000 2016,“Do not tolerate each other. Move into uncomfortable territory and understand each other.” CEO ATT   https://t.co/f3MbLdEikS via @Recode,Positive,80.8693,general,general,,Twitter
Dallas15,Authorized,32.853965,-96.769903,5521 Greenville Ave,75206,Sun Oct 23 12:35:19 +0000 2016,RT @ATT: The #futureofvideo is mobile and the #futureofmobile is video. Time Warner + AT&amp;T make it happen! @twxcorp https://t.co/GKx4U9TQYg,Neutral,56.0321,general,general,,Twitter
Dallas15,Authorized,32.853965,-96.769903,5521 Greenville Ave,75206,Sun Oct 23 12:30:50 +0000 2016,RT @ATT: The #futureofvideo is mobile and the #futureofmobile is video. Time Warner + AT&amp;T make it happen! @twxcorp https://t.co/GKx4U9TQYg,Neutral,56.0321,general,general,,Twitter
Dallas15,Authorized,32.853965,-96.769903,5521 Greenville Ave,75206,Sun Oct 23 12:30:49 +0000 2016,RT @ATT: Welcome to the team! @taylorswift13 https://t.co/4h86nLYuLo https://t.co/gAHOi7fPrZ,Positive,84.3125,general,general,,Twitter
Dallas15,Authorized,32.853965,-96.769903,5521 Greenville Ave,75206,Sun Oct 23 12:30:35 +0000 2016,RT @ATT: The #futureofvideo is mobile and the #futureofmobile is video. Time Warner + AT&amp;T make it happen! @twxcorp https://t.co/GKx4U9TQYg,Neutral,56.0321,general,general,,Twitter
Dallas15,Authorized,32.853965,-96.769903,5521 Greenville Ave,75206,Sun Oct 23 12:27:48 +0000 2016,"RT @ATT: Some people may wait a lifetime, but you don't have to. On 11/2-3, AT&amp;T customers can buy @kelly_clarkson tix early. https://t.co/…",Neutral,60.4188,general,general,,Twitter
Dallas15,Authorized,32.853965,-96.769903,5521 Greenville Ave,75206,Sun Oct 23 12:27:33 +0000 2016,RT @ATT: The #futureofvideo is mobile and the #futureofmobile is video. Time Warner + AT&amp;T make it happen! @twxcorp https://t.co/GKx4U9TQYg,Neutral,56.0321,general,general,,Twitter
Dallas15,Authorized,32.853965,-96.769903,5521 Greenville Ave,75206,Sun Oct 23 12:09:38 +0000 2016,"RT @ATT: Some people may wait a lifetime, but you don't have to. On 11/2-3, AT&amp;T customers can buy @kelly_clarkson tix early. https://t.co/…",Neutral,60.4188,general,general,,Twitter
Dallas15,Authorized,32.853965,-96.769903,5521 Greenville Ave,75206,Sun Oct 23 11:57:43 +0000 2016,AT&amp;T Agrees to Buy Time Warner for $85.4 Billion https://t.co/YAOnxD1m28,Positive,63.9246,general,general,,Twitter
Dallas15,Authorized,32.853965,-96.769903,5521 Greenville Ave,75206,Sun Oct 23 11:56:11 +0000 2016,"RT @dallasnews: How the AT&amp;T-Time Warner deal changes the TV, mobile landscapes  https://t.co/tmdg7lCBj2 https://t.co/GXCgTSCj0J",Positive,74.8338,general,general,,Twitter
Dallas15,Authorized,32.853965,-96.769903,5521 Greenville Ave,75206,Sun Oct 23 11:55:19 +0000 2016,"RT @dallasnews: Commentary: Can AT&amp;T and Time Warner avoid a left-brain, right-brain culture clash? | @MitchSchnur  https://t.co/gq05uvRnUA…",Neutral,59.9518,general,general,,Twitter
Dallas15,Authorized,32.853965,-96.769903,5521 Greenville Ave,75206,Sun Oct 23 11:55:00 +0000 2016,RT @ATT: Welcome to the team! @taylorswift13 https://t.co/4h86nLYuLo https://t.co/gAHOi7fPrZ,Positive,84.3125,general,general,,Twitter
Dallas15,Authorized,32.853965,-96.769903,5521 Greenville Ave,75206,Sun Oct 23 11:43:55 +0000 2016,RT @ichurchmethod: AT&amp;T to buy Time Warner for $85.4 billion https://t.co/7tIi6ajrFY https://t.co/Rc1rEYuFq4,Positive,63.9246,general,general,,Twitter
Dallas15,Authorized,32.853965,-96.769903,5521 Greenville Ave,75206,Sun Oct 23 11:37:39 +0000 2016,@MikeFix42 @ComplexMag I mean I did Directv,Negative,98.5190,directv,general,,Twitter
Dallas15,Authorized,32.853965,-96.769903,5521 Greenville Ave,75206,Sun Oct 23 11:30:09 +0000 2016,AT&amp;T to buy Time Warner for $85.4 billion https://t.co/7tIi6ajrFY https://t.co/Rc1rEYuFq4,Positive,63.9246,general,general,,Twitter
Dallas15,Authorized,32.853965,-96.769903,5521 Greenville Ave,75206,Sun Oct 23 11:26:42 +0000 2016,RT @ATT: Welcome to the team! @taylorswift13 https://t.co/4h86nLYuLo https://t.co/gAHOi7fPrZ,Positive,84.3125,general,general,,Twitter
Dallas15,Authorized,32.853965,-96.769903,5521 Greenville Ave,75206,Sun Oct 23 11:25:56 +0000 2016,RT @ATT: Welcome to the team! @taylorswift13 https://t.co/4h86nLYuLo https://t.co/gAHOi7fPrZ,Positive,84.3125,general,general,,Twitter
Dallas15,Authorized,32.853965,-96.769903,5521 Greenville Ave,75206,Sun Oct 23 11:18:52 +0000 2016,RT @ATT: The #futureofvideo is mobile and the #futureofmobile is video. Time Warner + AT&amp;T make it happen! @twxcorp https://t.co/GKx4U9TQYg,Neutral,56.0321,general,general,,Twitter
Dallas15,Authorized,32.853965,-96.769903,5521 Greenville Ave,75206,Sun Oct 23 11:14:52 +0000 2016,RT @ATT: The #futureofvideo is mobile and the #futureofmobile is video. Time Warner + AT&amp;T make it happen! @twxcorp https://t.co/GKx4U9TQYg,Neutral,56.0321,general,general,,Twitter
Dallas15,Authorized,32.853965,-96.769903,5521 Greenville Ave,75206,Sun Oct 23 11:14:26 +0000 2016,RT @ATT: The #futureofvideo is mobile and the #futureofmobile is video. Time Warner + AT&amp;T make it happen! @twxcorp https://t.co/GKx4U9TQYg,Neutral,56.0321,general,general,,Twitter
Dallas15,Authorized,32.853965,-96.769903,5521 Greenville Ave,75206,Sun Oct 23 11:13:34 +0000 2016,RT @ATT: The #futureofvideo is mobile and the #futureofmobile is video. Time Warner + AT&amp;T make it happen! @twxcorp https://t.co/GKx4U9TQYg,Neutral,56.0321,general,general,,Twitter
Dallas15,Authorized,32.853965,-96.769903,5521 Greenville Ave,75206,Sun Oct 23 10:57:23 +0000 2016,"AT&amp;T buys Time Warner in an $80bn+ deal CEO Randall Stephenson describes as having ""gravity"" https://t.co/wH0cLsDJQ7 https://t.co/5doec4yECw",Positive,89.8421,general,general,,Twitter
Dallas15,Authorized,32.853965,-96.769903,5521 Greenville Ave,75206,Sun Oct 23 10:48:08 +0000 2016,RT @ATT: Welcome to the team! @taylorswift13 https://t.co/4h86nLYuLo https://t.co/gAHOi7fPrZ,Positive,84.3125,general,general,,Twitter
Dallas15,Authorized,32.853965,-96.769903,5521 Greenville Ave,75206,Sun Oct 23 10:26:22 +0000 2016,RT @ATT: Welcome to the team! @taylorswift13 https://t.co/4h86nLYuLo https://t.co/gAHOi7fPrZ,Positive,84.3125,general,general,,Twitter
Dallas15,Authorized,32.853965,-96.769903,5521 Greenville Ave,75206,Sun Oct 23 10:26:06 +0000 2016,Donald Trump says he would block #ATT-Time Warner merger if elected https://t.co/ml1I85qW57 #DFW #realestate,Positive,73.6044,general,general,,Twitter
Dallas15,Authorized,32.853965,-96.769903,5521 Greenville Ave,75206,Sun Oct 23 10:20:36 +0000 2016,RT @ATT: The #futureofvideo is mobile and the #futureofmobile is video. Time Warner + AT&amp;T make it happen! @twxcorp https://t.co/GKx4U9TQYg,Neutral,56.0321,general,general,,Twitter
Dallas15,Authorized,32.853965,-96.769903,5521 Greenville Ave,75206,Sun Oct 23 09:46:09 +0000 2016,RT @ATT: Welcome to the team! @taylorswift13 https://t.co/4h86nLYuLo https://t.co/gAHOi7fPrZ,Positive,84.3125,general,general,,Twitter
Dallas15,Authorized,32.853965,-96.769903,5521 Greenville Ave,75206,Sun Oct 23 09:43:48 +0000 2016,RT @ATT: Welcome to the team! @taylorswift13 https://t.co/4h86nLYuLo https://t.co/gAHOi7fPrZ,Positive,84.3125,general,general,,Twitter
Dallas15,Authorized,32.853965,-96.769903,5521 Greenville Ave,75206,Sun Oct 23 09:38:05 +0000 2016,RT @ATT: The #futureofvideo is mobile and the #futureofmobile is video. Time Warner + AT&amp;T make it happen! @twxcorp https://t.co/GKx4U9TQYg,Neutral,56.0321,general,general,,Twitter
Dallas15,Authorized,32.853965,-96.769903,5521 Greenville Ave,75206,Sun Oct 23 09:35:11 +0000 2016,AT&amp;T agrees to buy Time Warner for $80 billion https://t.co/2x5RkFIwS4 #dallas https://t.co/aOrCF0FWCU,Positive,63.9246,general,general,,Twitter
Dallas15,Authorized,32.853965,-96.769903,5521 Greenville Ave,75206,Sun Oct 23 09:22:08 +0000 2016,"How the #ATT-Time Warner deal changes the TV, mobile landscapes https://t.co/zb0i5M5AUp #DFW",Positive,74.8338,general,general,,Twitter
Dallas15,Authorized,32.853965,-96.769903,5521 Greenville Ave,75206,Sun Oct 23 09:13:41 +0000 2016,RT @ATT: Welcome to the team! @taylorswift13 https://t.co/4h86nLYuLo https://t.co/gAHOi7fPrZ,Positive,84.3125,general,general,,Twitter
Dallas15,Authorized,32.853965,-96.769903,5521 Greenville Ave,75206,Sun Oct 23 09:08:43 +0000 2016,RT @ATT: Welcome to the team! @taylorswift13 https://t.co/4h86nLYuLo https://t.co/gAHOi7fPrZ,Positive,84.3125,general,general,,Twitter
Dallas15,Authorized,32.853965,-96.769903,5521 Greenville Ave,75206,Sun Oct 23 09:06:05 +0000 2016,RT @ATT: The #futureofvideo is mobile and the #futureofmobile is video. Time Warner + AT&amp;T make it happen! @twxcorp https://t.co/GKx4U9TQYg,Neutral,56.0321,general,general,,Twitter
Dallas15,Authorized,32.853965,-96.769903,5521 Greenville Ave,75206,Sun Oct 23 08:40:42 +0000 2016,RT @ATT: The #futureofvideo is mobile and the #futureofmobile is video. Time Warner + AT&amp;T make it happen! @twxcorp https://t.co/GKx4U9TQYg,Neutral,56.0321,general,general,,Twitter
Dallas15,Authorized,32.853965,-96.769903,5521 Greenville Ave,75206,Sun Oct 23 08:37:43 +0000 2016,RT @ATT: Welcome to the team! @taylorswift13 https://t.co/4h86nLYuLo https://t.co/gAHOi7fPrZ,Positive,84.3125,general,general,,Twitter
Dallas15,Authorized,32.853965,-96.769903,5521 Greenville Ave,75206,Sun Oct 23 08:18:57 +0000 2016,RT @ATT: The #futureofvideo is mobile and the #futureofmobile is video. Time Warner + AT&amp;T make it happen! @twxcorp https://t.co/GKx4U9TQYg,Neutral,56.0321,general,general,,Twitter
Dallas15,Authorized,32.853965,-96.769903,5521 Greenville Ave,75206,Sun Oct 23 08:17:15 +0000 2016,RT @ATT: The #futureofvideo is mobile and the #futureofmobile is video. Time Warner + AT&amp;T make it happen! @twxcorp https://t.co/GKx4U9TQYg,Neutral,56.0321,general,general,,Twitter
Dallas15,Authorized,32.853965,-96.769903,5521 Greenville Ave,75206,Sun Oct 23 08:07:35 +0000 2016,RT @ATT: The #futureofvideo is mobile and the #futureofmobile is video. Time Warner + AT&amp;T make it happen! @twxcorp https://t.co/GKx4U9TQYg,Neutral,56.0321,general,general,,Twitter
Dallas15,Authorized,32.853965,-96.769903,5521 Greenville Ave,75206,Sun Oct 23 07:55:12 +0000 2016,RT @ATT: The #futureofvideo is mobile and the #futureofmobile is video. Time Warner + AT&amp;T make it happen! @twxcorp https://t.co/GKx4U9TQYg,Neutral,56.0321,general,general,,Twitter
Dallas15,Authorized,32.853965,-96.769903,5521 Greenville Ave,75206,Sun Oct 23 07:36:44 +0000 2016,RT @ATT: Welcome to the team! @taylorswift13 https://t.co/4h86nLYuLo https://t.co/gAHOi7fPrZ,Positive,84.3125,general,general,,Twitter
Dallas15,Authorized,32.853965,-96.769903,5521 Greenville Ave,75206,Sun Oct 23 07:31:28 +0000 2016,RT @ATT: The #futureofvideo is mobile and the #futureofmobile is video. Time Warner + AT&amp;T make it happen! @twxcorp https://t.co/GKx4U9TQYg,Neutral,56.0321,general,general,,Twitter
Dallas15,Authorized,32.853965,-96.769903,5521 Greenville Ave,75206,Sun Oct 23 07:30:07 +0000 2016,AT&amp;T Is Buying Time Warner Because the Future is Google https://t.co/tlhcXtMCEZ https://t.co/mfEGvFCaEx,Positive,73.8228,general,general,,Twitter
Dallas15,Authorized,32.853965,-96.769903,5521 Greenville Ave,75206,Sun Oct 23 07:18:07 +0000 2016,RT @ATT: Welcome to the team! @taylorswift13 https://t.co/4h86nLYuLo https://t.co/gAHOi7fPrZ,Positive,84.3125,general,general,,Twitter
