Dallas4,Corporate,32.8685017,-96.7757012,8687 N Central Expressway Suite 2340,75225,Thu Oct 27 23:57:14 +0000 2016,"RT @dallascowboys: Won't be at #PHIvsDAL? 
You can watch LIVE using @DIRECTV's Sunday Ticket! 

Sign up here: https://t.co/jeY0kih32V https…",Positive,94.9423,directv,general,,Twitter
Dallas4,Corporate,32.8685017,-96.7757012,8687 N Central Expressway Suite 2340,75225,Thu Oct 27 23:57:11 +0000 2016,"RT @dallascowboys: Won't be at #PHIvsDAL? 
You can watch LIVE using @DIRECTV's Sunday Ticket! 

Sign up here: https://t.co/jeY0kih32V https…",Positive,94.9423,directv,general,,Twitter
Dallas4,Corporate,32.8685017,-96.7757012,8687 N Central Expressway Suite 2340,75225,Thu Oct 27 23:52:41 +0000 2016,RT @ATTBusiness: Our IoT Starter Kit is more than just a developer data plan. Get the tools to design and launch an #IoT device now: https:…,Positive,99.2964,general,general,,Twitter
Dallas4,Corporate,32.8685017,-96.7757012,8687 N Central Expressway Suite 2340,75225,Thu Oct 27 23:50:22 +0000 2016,RT @ATT: Get a sweet deal on the new iPhone 7 when you switch to AT&amp;T and have DIRECTV. https://t.co/JO08KrMKj7 https://t.co/tAcB2wPVFO,Positive,98.0584,directv,general,,Twitter
Dallas4,Corporate,32.8685017,-96.7757012,8687 N Central Expressway Suite 2340,75225,Thu Oct 27 23:42:36 +0000 2016,"RT @attJOBS: We have all the #interview tips you need in one list! Learn what to do before, during and after your next interview: https://t…",Negative,82.7181,general,general,,Twitter
Dallas4,Corporate,32.8685017,-96.7757012,8687 N Central Expressway Suite 2340,75225,Thu Oct 27 23:28:07 +0000 2016,RT @ATT: Welcome to the team! @taylorswift13 https://t.co/4h86nLYuLo https://t.co/gAHOi7fPrZ,Positive,84.3125,general,general,,Twitter
Dallas4,Corporate,32.8685017,-96.7757012,8687 N Central Expressway Suite 2340,75225,Thu Oct 27 23:26:03 +0000 2016,"RT @dallascowboys: Won't be at #PHIvsDAL? 
You can watch LIVE using @DIRECTV's Sunday Ticket! 

Sign up here: https://t.co/jeY0kih32V https…",Positive,94.9423,directv,general,,Twitter
Dallas4,Corporate,32.8685017,-96.7757012,8687 N Central Expressway Suite 2340,75225,Thu Oct 27 23:24:22 +0000 2016,RT @ATT: Welcome to the team! @taylorswift13 https://t.co/4h86nLYuLo https://t.co/gAHOi7fPrZ,Positive,84.3125,general,general,,Twitter
Dallas4,Corporate,32.8685017,-96.7757012,8687 N Central Expressway Suite 2340,75225,Thu Oct 27 23:10:59 +0000 2016,RT @Uverse: #Momaholics unite! The craziness continues in the season premiere of @MomCBS at 9/8c. https://t.co/UMb4myZolA,Positive,77.1227,uverse,general,,Twitter
Dallas4,Corporate,32.8685017,-96.7757012,8687 N Central Expressway Suite 2340,75225,Thu Oct 27 22:59:45 +0000 2016,"RT @DecksInThePark: Get to Klyde Warren Park tonight for the Decks in the Park - Halloween Edition, Powered by @ATT The fun all starts at 6…",Positive,68.0353,general,general,,Twitter
Dallas4,Corporate,32.8685017,-96.7757012,8687 N Central Expressway Suite 2340,75225,Thu Oct 27 22:59:26 +0000 2016,"RT @dallascowboys: Won't be at #PHIvsDAL? 
You can watch LIVE using @DIRECTV's Sunday Ticket! 

Sign up here: https://t.co/jeY0kih32V https…",Positive,94.9423,directv,general,,Twitter
Dallas4,Corporate,32.8685017,-96.7757012,8687 N Central Expressway Suite 2340,75225,Thu Oct 27 22:52:04 +0000 2016,"RT @attJOBS: We have all the #interview tips you need in one list! Learn what to do before, during and after your next interview: https://t…",Negative,82.7181,general,general,,Twitter
Dallas4,Corporate,32.8685017,-96.7757012,8687 N Central Expressway Suite 2340,75225,Thu Oct 27 22:50:25 +0000 2016,RT @DBJShinneman: Analysts saying margins could be as thin as $1 or $2 for DirecTV Now https://t.co/HdOEEzVjgp @DallasBizNews $T,Negative,87.1578,directv,general,,Twitter
Dallas4,Corporate,32.8685017,-96.7757012,8687 N Central Expressway Suite 2340,75225,Thu Oct 27 22:49:58 +0000 2016,RT @ATT: Welcome to the team! @taylorswift13 https://t.co/4h86nLYuLo https://t.co/gAHOi7fPrZ,Positive,84.3125,general,general,,Twitter
Dallas4,Corporate,32.8685017,-96.7757012,8687 N Central Expressway Suite 2340,75225,Thu Oct 27 22:49:24 +0000 2016,"RT @dallascowboys: Won't be at #PHIvsDAL? 
You can watch LIVE using @DIRECTV's Sunday Ticket! 

Sign up here: https://t.co/jeY0kih32V https…",Positive,94.9423,directv,general,,Twitter
Dallas4,Corporate,32.8685017,-96.7757012,8687 N Central Expressway Suite 2340,75225,Thu Oct 27 22:49:22 +0000 2016,RT @attJOBS: We’re lucky to have a lot of #WomenWhoInspire us at AT&amp;T. Meet a few of them: https://t.co/8juFZJTY20 https://t.co/H6mCC5fGEj,Positive,86.9529,general,general,,Twitter
Dallas4,Corporate,32.8685017,-96.7757012,8687 N Central Expressway Suite 2340,75225,Thu Oct 27 22:49:10 +0000 2016,"RT @dallascowboys: Won't be at #PHIvsDAL? 
You can watch LIVE using @DIRECTV's Sunday Ticket! 

Sign up here: https://t.co/jeY0kih32V https…",Positive,94.9423,directv,general,,Twitter
Dallas4,Corporate,32.8685017,-96.7757012,8687 N Central Expressway Suite 2340,75225,Thu Oct 27 22:47:51 +0000 2016,"RT @dallascowboys: Won't be at #PHIvsDAL? 
You can watch LIVE using @DIRECTV's Sunday Ticket! 

Sign up here: https://t.co/jeY0kih32V https…",Positive,94.9423,directv,general,,Twitter
Dallas4,Corporate,32.8685017,-96.7757012,8687 N Central Expressway Suite 2340,75225,Thu Oct 27 22:40:48 +0000 2016,"RT @dallascowboys: Won't be at #PHIvsDAL? 
You can watch LIVE using @DIRECTV's Sunday Ticket! 

Sign up here: https://t.co/jeY0kih32V https…",Positive,94.9423,directv,general,,Twitter
Dallas4,Corporate,32.8685017,-96.7757012,8687 N Central Expressway Suite 2340,75225,Thu Oct 27 22:38:48 +0000 2016,"RT @dallascowboys: Won't be at #PHIvsDAL? 
You can watch LIVE using @DIRECTV's Sunday Ticket! 

Sign up here: https://t.co/jeY0kih32V https…",Positive,94.9423,directv,general,,Twitter
Dallas4,Corporate,32.8685017,-96.7757012,8687 N Central Expressway Suite 2340,75225,Thu Oct 27 22:37:41 +0000 2016,"RT @dallascowboys: Won't be at #PHIvsDAL? 
You can watch LIVE using @DIRECTV's Sunday Ticket! 

Sign up here: https://t.co/jeY0kih32V https…",Positive,94.9423,directv,general,,Twitter
Dallas4,Corporate,32.8685017,-96.7757012,8687 N Central Expressway Suite 2340,75225,Thu Oct 27 22:35:38 +0000 2016,"RT @dallascowboys: .@JohnDeere brings you a #TBT at the 2009 season when the division was on the line against the Eagles.

🎥: https://t.co/…",Positive,89.3132,general,general,,Twitter
Dallas4,Corporate,32.8685017,-96.7757012,8687 N Central Expressway Suite 2340,75225,Thu Oct 27 22:33:59 +0000 2016,RT @ATTBusiness: Our IoT Starter Kit is more than just a developer data plan. Get the tools to design and launch an #IoT device now: https:…,Positive,99.2964,general,general,,Twitter
Dallas4,Corporate,32.8685017,-96.7757012,8687 N Central Expressway Suite 2340,75225,Thu Oct 27 22:30:31 +0000 2016,RT @dallascowboys: Jason Witten making team history...again. #DallasCowboys https://t.co/bS3GP2aZ2B,Neutral,54.0381,general,general,,Twitter
Dallas4,Corporate,32.8685017,-96.7757012,8687 N Central Expressway Suite 2340,75225,Thu Oct 27 22:30:12 +0000 2016,"RT @dallascowboys: Won't be at #PHIvsDAL? 
You can watch LIVE using @DIRECTV's Sunday Ticket! 

Sign up here: https://t.co/jeY0kih32V https…",Positive,94.9423,directv,general,,Twitter
Dallas4,Corporate,32.8685017,-96.7757012,8687 N Central Expressway Suite 2340,75225,Thu Oct 27 22:28:17 +0000 2016,"RT @dallascowboys: Won't be at #PHIvsDAL? 
You can watch LIVE using @DIRECTV's Sunday Ticket! 

Sign up here: https://t.co/jeY0kih32V https…",Positive,94.9423,directv,general,,Twitter
Dallas4,Corporate,32.8685017,-96.7757012,8687 N Central Expressway Suite 2340,75225,Thu Oct 27 22:27:32 +0000 2016,RT @ATT: Have a magical Halloween with the @LGUSAMobile #LGV20. https://t.co/yOfwY7oeQ0 https://t.co/AhKdm4NbiY,Positive,90.6483,general,general,,Twitter
Dallas4,Corporate,32.8685017,-96.7757012,8687 N Central Expressway Suite 2340,75225,Thu Oct 27 22:20:39 +0000 2016,"AT&amp;T doubles down on downtown, revamping Dallas HQ and adding 1,000 workers: AT&amp;T has announced… https://t.co/Z80FnV51s1 | @dallasecodev",Positive,64.7676,general,general,,Twitter
Dallas4,Corporate,32.8685017,-96.7757012,8687 N Central Expressway Suite 2340,75225,Thu Oct 27 22:20:37 +0000 2016,"RT @dallascowboys: Won't be at #PHIvsDAL? 
You can watch LIVE using @DIRECTV's Sunday Ticket! 

Sign up here: https://t.co/jeY0kih32V https…",Positive,94.9423,directv,general,,Twitter
Dallas4,Corporate,32.8685017,-96.7757012,8687 N Central Expressway Suite 2340,75225,Thu Oct 27 22:19:02 +0000 2016,"RT @dallascowboys: Won't be at #PHIvsDAL? 
You can watch LIVE using @DIRECTV's Sunday Ticket! 

Sign up here: https://t.co/jeY0kih32V https…",Positive,94.9423,directv,general,,Twitter
Dallas4,Corporate,32.8685017,-96.7757012,8687 N Central Expressway Suite 2340,75225,Thu Oct 27 22:16:57 +0000 2016,"RT @dallascowboys: Won't be at #PHIvsDAL? 
You can watch LIVE using @DIRECTV's Sunday Ticket! 

Sign up here: https://t.co/jeY0kih32V https…",Positive,94.9423,directv,general,,Twitter
Dallas4,Corporate,32.8685017,-96.7757012,8687 N Central Expressway Suite 2340,75225,Thu Oct 27 22:16:08 +0000 2016,RT @ATT: Have a magical Halloween with the @LGUSAMobile #LGV20. https://t.co/yOfwY7oeQ0 https://t.co/AhKdm4NbiY,Positive,90.6483,general,general,,Twitter
Dallas4,Corporate,32.8685017,-96.7757012,8687 N Central Expressway Suite 2340,75225,Thu Oct 27 22:15:33 +0000 2016,"RT @dallascowboys: Won't be at #PHIvsDAL? 
You can watch LIVE using @DIRECTV's Sunday Ticket! 

Sign up here: https://t.co/jeY0kih32V https…",Positive,94.9423,directv,general,,Twitter
Dallas4,Corporate,32.8685017,-96.7757012,8687 N Central Expressway Suite 2340,75225,Thu Oct 27 22:14:57 +0000 2016,"RT @dallascowboys: Won't be at #PHIvsDAL? 
You can watch LIVE using @DIRECTV's Sunday Ticket! 

Sign up here: https://t.co/jeY0kih32V https…",Positive,94.9423,directv,general,,Twitter
Dallas4,Corporate,32.8685017,-96.7757012,8687 N Central Expressway Suite 2340,75225,Thu Oct 27 22:14:45 +0000 2016,RT @ATT: Get a sweet deal on the new iPhone 7 when you switch to AT&amp;T and have DIRECTV. https://t.co/JO08KrMKj7 https://t.co/tAcB2wPVFO,Positive,98.0584,directv,general,,Twitter
Dallas4,Corporate,32.8685017,-96.7757012,8687 N Central Expressway Suite 2340,75225,Thu Oct 27 22:14:03 +0000 2016,"RT @dallascowboys: Won't be at #PHIvsDAL? 
You can watch LIVE using @DIRECTV's Sunday Ticket! 

Sign up here: https://t.co/jeY0kih32V https…",Positive,94.9423,directv,general,,Twitter
Dallas4,Corporate,32.8685017,-96.7757012,8687 N Central Expressway Suite 2340,75225,Thu Oct 27 22:13:10 +0000 2016,RT @ATT: Have a magical Halloween with the @LGUSAMobile #LGV20. https://t.co/yOfwY7oeQ0 https://t.co/AhKdm4NbiY,Positive,90.6483,general,general,,Twitter
Dallas4,Corporate,32.8685017,-96.7757012,8687 N Central Expressway Suite 2340,75225,Thu Oct 27 22:12:18 +0000 2016,"RT @dallascowboys: Won't be at #PHIvsDAL? 
You can watch LIVE using @DIRECTV's Sunday Ticket! 

Sign up here: https://t.co/jeY0kih32V https…",Positive,94.9423,directv,general,,Twitter
Dallas4,Corporate,32.8685017,-96.7757012,8687 N Central Expressway Suite 2340,75225,Thu Oct 27 22:12:03 +0000 2016,RT @ATT: Have a magical Halloween with the @LGUSAMobile #LGV20. https://t.co/yOfwY7oeQ0 https://t.co/AhKdm4NbiY,Positive,90.6483,general,general,,Twitter
Dallas4,Corporate,32.8685017,-96.7757012,8687 N Central Expressway Suite 2340,75225,Thu Oct 27 22:10:44 +0000 2016,"RT @dallascowboys: Won't be at #PHIvsDAL? 
You can watch LIVE using @DIRECTV's Sunday Ticket! 

Sign up here: https://t.co/jeY0kih32V https…",Positive,94.9423,directv,general,,Twitter
Dallas4,Corporate,32.8685017,-96.7757012,8687 N Central Expressway Suite 2340,75225,Thu Oct 27 22:07:46 +0000 2016,"RT @dallascowboys: Won't be at #PHIvsDAL? 
You can watch LIVE using @DIRECTV's Sunday Ticket! 

Sign up here: https://t.co/jeY0kih32V https…",Positive,94.9423,directv,general,,Twitter
Dallas4,Corporate,32.8685017,-96.7757012,8687 N Central Expressway Suite 2340,75225,Thu Oct 27 22:07:40 +0000 2016,"RT @dallascowboys: Won't be at #PHIvsDAL? 
You can watch LIVE using @DIRECTV's Sunday Ticket! 

Sign up here: https://t.co/jeY0kih32V https…",Positive,94.9423,directv,general,,Twitter
Dallas4,Corporate,32.8685017,-96.7757012,8687 N Central Expressway Suite 2340,75225,Thu Oct 27 22:07:23 +0000 2016,"RT @dallascowboys: Won't be at #PHIvsDAL? 
You can watch LIVE using @DIRECTV's Sunday Ticket! 

Sign up here: https://t.co/jeY0kih32V https…",Positive,94.9423,directv,general,,Twitter
Dallas4,Corporate,32.8685017,-96.7757012,8687 N Central Expressway Suite 2340,75225,Thu Oct 27 22:06:46 +0000 2016,"RT @dallascowboys: Won't be at #PHIvsDAL? 
You can watch LIVE using @DIRECTV's Sunday Ticket! 

Sign up here: https://t.co/jeY0kih32V https…",Positive,94.9423,directv,general,,Twitter
Dallas4,Corporate,32.8685017,-96.7757012,8687 N Central Expressway Suite 2340,75225,Thu Oct 27 22:06:41 +0000 2016,RT @ATT: Get a sweet deal on the new iPhone 7 when you switch to AT&amp;T and have DIRECTV. https://t.co/JO08KrMKj7 https://t.co/tAcB2wPVFO,Positive,98.0584,directv,general,,Twitter
Dallas4,Corporate,32.8685017,-96.7757012,8687 N Central Expressway Suite 2340,75225,Thu Oct 27 22:05:19 +0000 2016,"RT @dallascowboys: Won't be at #PHIvsDAL? 
You can watch LIVE using @DIRECTV's Sunday Ticket! 

Sign up here: https://t.co/jeY0kih32V https…",Positive,94.9423,directv,general,,Twitter
Dallas4,Corporate,32.8685017,-96.7757012,8687 N Central Expressway Suite 2340,75225,Thu Oct 27 22:04:50 +0000 2016,"RT @dallascowboys: Won't be at #PHIvsDAL? 
You can watch LIVE using @DIRECTV's Sunday Ticket! 

Sign up here: https://t.co/jeY0kih32V https…",Positive,94.9423,directv,general,,Twitter
Dallas4,Corporate,32.8685017,-96.7757012,8687 N Central Expressway Suite 2340,75225,Thu Oct 27 22:03:57 +0000 2016,"RT @dallascowboys: Won't be at #PHIvsDAL? 
You can watch LIVE using @DIRECTV's Sunday Ticket! 

Sign up here: https://t.co/jeY0kih32V https…",Positive,94.9423,directv,general,,Twitter
Dallas4,Corporate,32.8685017,-96.7757012,8687 N Central Expressway Suite 2340,75225,Thu Oct 27 22:03:28 +0000 2016,"RT @dallascowboys: Won't be at #PHIvsDAL? 
You can watch LIVE using @DIRECTV's Sunday Ticket! 

Sign up here: https://t.co/jeY0kih32V https…",Positive,94.9423,directv,general,,Twitter
Dallas4,Corporate,32.8685017,-96.7757012,8687 N Central Expressway Suite 2340,75225,Thu Oct 27 22:02:52 +0000 2016,"RT @dallascowboys: Won't be at #PHIvsDAL? 
You can watch LIVE using @DIRECTV's Sunday Ticket! 

Sign up here: https://t.co/jeY0kih32V https…",Positive,94.9423,directv,general,,Twitter
Dallas4,Corporate,32.8685017,-96.7757012,8687 N Central Expressway Suite 2340,75225,Thu Oct 27 22:02:39 +0000 2016,"Won't be at #PHIvsDAL? 
You can watch LIVE using DIRECTV's Sunday Ticket! 

Sign up here: https://t.co/gzZLczJO9Q https://t.co/NMTha1jTu0",Positive,94.9423,directv,general,,Twitter
Dallas4,Corporate,32.8685017,-96.7757012,8687 N Central Expressway Suite 2340,75225,Thu Oct 27 22:02:26 +0000 2016,"RT @dallascowboys: Won't be at #PHIvsDAL? 
You can watch LIVE using @DIRECTV's Sunday Ticket! 

Sign up here: https://t.co/jeY0kih32V https…",Positive,94.9423,directv,general,,Twitter
Dallas4,Corporate,32.8685017,-96.7757012,8687 N Central Expressway Suite 2340,75225,Thu Oct 27 22:02:26 +0000 2016,"RT @dallascowboys: Won't be at #PHIvsDAL? 
You can watch LIVE using @DIRECTV's Sunday Ticket! 

Sign up here: https://t.co/jeY0kih32V https…",Positive,94.9423,directv,general,,Twitter
Dallas4,Corporate,32.8685017,-96.7757012,8687 N Central Expressway Suite 2340,75225,Thu Oct 27 22:01:59 +0000 2016,"RT @dallascowboys: Won't be at #PHIvsDAL? 
You can watch LIVE using @DIRECTV's Sunday Ticket! 

Sign up here: https://t.co/jeY0kih32V https…",Positive,94.9423,directv,general,,Twitter
Dallas4,Corporate,32.8685017,-96.7757012,8687 N Central Expressway Suite 2340,75225,Thu Oct 27 22:01:58 +0000 2016,"dallascowboys: Won't be at #PHIvsDAL? 
You can watch LIVE using DIRECTV's Sunday Ticket! 

Sign up here: … https://t.co/41tyr4bmzf",Positive,94.9423,directv,general,,Twitter
Dallas4,Corporate,32.8685017,-96.7757012,8687 N Central Expressway Suite 2340,75225,Thu Oct 27 22:01:58 +0000 2016,"RT @dallascowboys: Won't be at #PHIvsDAL? 
You can watch LIVE using @DIRECTV's Sunday Ticket! 

Sign up here: https://t.co/jeY0kih32V https…",Positive,94.9423,directv,general,,Twitter
Dallas4,Corporate,32.8685017,-96.7757012,8687 N Central Expressway Suite 2340,75225,Thu Oct 27 22:01:31 +0000 2016,"RT @dallascowboys: Won't be at #PHIvsDAL? 
You can watch LIVE using @DIRECTV's Sunday Ticket! 

Sign up here: https://t.co/jeY0kih32V https…",Positive,94.9423,directv,general,,Twitter
Dallas4,Corporate,32.8685017,-96.7757012,8687 N Central Expressway Suite 2340,75225,Thu Oct 27 22:01:17 +0000 2016,"RT @dallascowboys: Won't be at #PHIvsDAL? 
You can watch LIVE using @DIRECTV's Sunday Ticket! 

Sign up here: https://t.co/jeY0kih32V https…",Positive,94.9423,directv,general,,Twitter
Dallas4,Corporate,32.8685017,-96.7757012,8687 N Central Expressway Suite 2340,75225,Thu Oct 27 22:01:09 +0000 2016,"RT @dallascowboys: Won't be at #PHIvsDAL? 
You can watch LIVE using @DIRECTV's Sunday Ticket! 

Sign up here: https://t.co/jeY0kih32V https…",Positive,94.9423,directv,general,,Twitter
Dallas4,Corporate,32.8685017,-96.7757012,8687 N Central Expressway Suite 2340,75225,Thu Oct 27 22:00:41 +0000 2016,"RT @dallascowboys: Won't be at #PHIvsDAL? 
You can watch LIVE using @DIRECTV's Sunday Ticket! 

Sign up here: https://t.co/jeY0kih32V https…",Positive,94.9423,directv,general,,Twitter
Dallas4,Corporate,32.8685017,-96.7757012,8687 N Central Expressway Suite 2340,75225,Thu Oct 27 22:00:39 +0000 2016,"RT @dallascowboys: Won't be at #PHIvsDAL? 
You can watch LIVE using @DIRECTV's Sunday Ticket! 

Sign up here: https://t.co/jeY0kih32V https…",Positive,94.9423,directv,general,,Twitter
Dallas4,Corporate,32.8685017,-96.7757012,8687 N Central Expressway Suite 2340,75225,Thu Oct 27 22:00:38 +0000 2016,"RT @dallascowboys: Won't be at #PHIvsDAL? 
You can watch LIVE using @DIRECTV's Sunday Ticket! 

Sign up here: https://t.co/jeY0kih32V https…",Positive,94.9423,directv,general,,Twitter
Dallas4,Corporate,32.8685017,-96.7757012,8687 N Central Expressway Suite 2340,75225,Thu Oct 27 22:00:37 +0000 2016,"RT @dallascowboys: Won't be at #PHIvsDAL? 
You can watch LIVE using @DIRECTV's Sunday Ticket! 

Sign up here: https://t.co/jeY0kih32V https…",Positive,94.9423,directv,general,,Twitter
Dallas4,Corporate,32.8685017,-96.7757012,8687 N Central Expressway Suite 2340,75225,Thu Oct 27 22:00:36 +0000 2016,"RT @dallascowboys: Won't be at #PHIvsDAL? 
You can watch LIVE using @DIRECTV's Sunday Ticket! 

Sign up here: https://t.co/jeY0kih32V https…",Positive,94.9423,directv,general,,Twitter
Dallas4,Corporate,32.8685017,-96.7757012,8687 N Central Expressway Suite 2340,75225,Thu Oct 27 22:00:25 +0000 2016,"Won't be at #PHIvsDAL? 
You can watch LIVE using @DIRECTV's Sunday Ticket! 

Sign up here: https://t.co/jeY0kih32V https://t.co/mg1aILOKsY",Positive,94.9423,directv,general,,Twitter
Dallas4,Corporate,32.8685017,-96.7757012,8687 N Central Expressway Suite 2340,75225,Thu Oct 27 21:59:34 +0000 2016,RT @ATT: Get a sweet deal on the new iPhone 7 when you switch to AT&amp;T and have DIRECTV. https://t.co/JO08KrMKj7 https://t.co/tAcB2wPVFO,Positive,98.0584,directv,general,,Twitter
Dallas4,Corporate,32.8685017,-96.7757012,8687 N Central Expressway Suite 2340,75225,Thu Oct 27 21:58:14 +0000 2016,"New media agency lands AT&amp;T, opens shop in Dallas and plans to hire 100 people: New York City… https://t.co/0tExaKdrD0 | @dallasecodev",Positive,81.7264,general,general,,Twitter
Dallas4,Corporate,32.8685017,-96.7757012,8687 N Central Expressway Suite 2340,75225,Thu Oct 27 21:52:16 +0000 2016,RT @ATT: Have a magical Halloween with the @LGUSAMobile #LGV20. https://t.co/yOfwY7oeQ0 https://t.co/AhKdm4NbiY,Positive,90.6483,general,general,,Twitter
Dallas4,Corporate,32.8685017,-96.7757012,8687 N Central Expressway Suite 2340,75225,Thu Oct 27 21:49:51 +0000 2016,RT @ATT: Have a magical Halloween with the @LGUSAMobile #LGV20. https://t.co/yOfwY7oeQ0 https://t.co/AhKdm4NbiY,Positive,90.6483,general,general,,Twitter
Dallas4,Corporate,32.8685017,-96.7757012,8687 N Central Expressway Suite 2340,75225,Thu Oct 27 21:46:04 +0000 2016,Have a magical Halloween with the @LGUSAMobile #LGV20. https://t.co/yOfwY7oeQ0 https://t.co/AhKdm4NbiY,Positive,90.6483,general,general,,Twitter
Dallas4,Corporate,32.8685017,-96.7757012,8687 N Central Expressway Suite 2340,75225,Thu Oct 27 21:37:19 +0000 2016,RT @ATT: Get a sweet deal on the new iPhone 7 when you switch to AT&amp;T and have DIRECTV. https://t.co/JO08KrMKj7 https://t.co/tAcB2wPVFO,Positive,98.0584,directv,general,,Twitter
Dallas4,Corporate,32.8685017,-96.7757012,8687 N Central Expressway Suite 2340,75225,Thu Oct 27 21:36:06 +0000 2016,5 orgs changing the way we define disability: RESOLUTION: @ATT Original Documentary 10/30 @ 2PM #ATTimpact https://t.co/UGbZn5PGP5 (client),Neutral,55.5825,general,general,,Twitter
Dallas4,Corporate,32.8685017,-96.7757012,8687 N Central Expressway Suite 2340,75225,Thu Oct 27 21:28:22 +0000 2016,Sign the petition: Tell @TheJusticeDept to stop the @ATT-@TWXCorp merger https://t.co/7fXUcxw76q via @CREDOMobile #p2,Negative,74.5984,general,general,,Twitter
Dallas4,Corporate,32.8685017,-96.7757012,8687 N Central Expressway Suite 2340,75225,Thu Oct 27 21:24:47 +0000 2016,@ATTCares done,Neutral,50.0000,general,general,,Twitter
Dallas4,Corporate,32.8685017,-96.7757012,8687 N Central Expressway Suite 2340,75225,Thu Oct 27 21:21:11 +0000 2016,"RT @dallasnews: Sorry, @ATT, FCC ruling may put an end to creepy, targeted advertising plans https://t.co/LCXbQwV4we | @agarre https://t.co…",Negative,80.5907,general,general,,Twitter
Dallas4,Corporate,32.8685017,-96.7757012,8687 N Central Expressway Suite 2340,75225,Thu Oct 27 21:16:44 +0000 2016,"RT @dallasnews: Sorry, @ATT, FCC ruling may put an end to creepy, targeted advertising plans https://t.co/LCXbQwV4we | @agarre https://t.co…",Negative,80.5907,general,general,,Twitter
Dallas4,Corporate,32.8685017,-96.7757012,8687 N Central Expressway Suite 2340,75225,Thu Oct 27 21:15:51 +0000 2016,"RT @dallasnews: Sorry, @ATT, FCC ruling may put an end to creepy, targeted advertising plans https://t.co/LCXbQwV4we | @agarre https://t.co…",Negative,80.5907,general,general,,Twitter
Dallas4,Corporate,32.8685017,-96.7757012,8687 N Central Expressway Suite 2340,75225,Thu Oct 27 21:15:33 +0000 2016,"Sorry, @ATT, FCC ruling may put an end to creepy, targeted advertising plans https://t.co/LCXbQwV4we | @agarre https://t.co/L2eLRqbh0g",Negative,80.5907,general,general,,Twitter
Dallas4,Corporate,32.8685017,-96.7757012,8687 N Central Expressway Suite 2340,75225,Thu Oct 27 21:08:12 +0000 2016,"RT @DBJHoopfer: Sneak peek of the brand new Trinity Forest Golf Club, future host of AT&amp;T Byron Nelson (Video) https://t.co/slwxhkjktv via…",Positive,73.7262,general,general,,Twitter
Dallas4,Corporate,32.8685017,-96.7757012,8687 N Central Expressway Suite 2340,75225,Thu Oct 27 21:06:28 +0000 2016,@ATTCares it doesn't help. Tried this with tech support Tuesday and today.,Negative,79.2003,general,general,,Twitter
Dallas4,Corporate,32.8685017,-96.7757012,8687 N Central Expressway Suite 2340,75225,Thu Oct 27 21:04:00 +0000 2016,Did you miss us at #WE16 today? Not to worry – you can check out our technology development programs online: https://t.co/yirOgcrIuj,Neutral,62.2434,general,general,,Twitter
Dallas4,Corporate,32.8685017,-96.7757012,8687 N Central Expressway Suite 2340,75225,Thu Oct 27 21:02:25 +0000 2016,"@ATTCares but today, tech support says there was an issue in my building and an tech needs to come out and fix it",Positive,94.9338,general,general,,Twitter
Dallas4,Corporate,32.8685017,-96.7757012,8687 N Central Expressway Suite 2340,75225,Thu Oct 27 21:02:00 +0000 2016,@ATTCares finally getting tech to come out tomorrow. Techs were in my apt building Tuesday but blew me off &amp; said knew nothing about issue.,Positive,68.5100,general,general,,Twitter
Dallas4,Corporate,32.8685017,-96.7757012,8687 N Central Expressway Suite 2340,75225,Thu Oct 27 21:01:04 +0000 2016,"@ATTCares I asked for a tech to come out Tuesday but they swore it was the modem; it wasn't. Promised next day delivery, it wasn't",Neutral,55.8363,general,general,,Twitter
Dallas4,Corporate,32.8685017,-96.7757012,8687 N Central Expressway Suite 2340,75225,Thu Oct 27 21:00:05 +0000 2016,Our IoT Starter Kit is more than just a developer data plan. Get the tools to design and launch an #IoT device now:… https://t.co/zhnOv3cJ6P,Positive,99.2964,general,general,,Twitter
Dallas4,Corporate,32.8685017,-96.7757012,8687 N Central Expressway Suite 2340,75225,Thu Oct 27 21:00:02 +0000 2016,#Momaholics unite! The craziness continues in the season premiere of @MomCBS at 9/8c. https://t.co/UMb4myZolA,Positive,77.1227,general,general,,Twitter
Dallas4,Corporate,32.8685017,-96.7757012,8687 N Central Expressway Suite 2340,75225,Thu Oct 27 20:56:57 +0000 2016,@ATTCares 2 modems with no service,Negative,85.8656,general,general,,Twitter
Dallas4,Corporate,32.8685017,-96.7757012,8687 N Central Expressway Suite 2340,75225,Thu Oct 27 20:56:31 +0000 2016,"@lpranna04 Hi Lisa, we don't like to hear that. Can you DM us your account/contact info and more details? We'd like to take a look for you.",Neutral,52.1356,general,general,,Twitter
Dallas4,Corporate,32.8685017,-96.7757012,8687 N Central Expressway Suite 2340,75225,Thu Oct 27 20:49:42 +0000 2016,RT @ATT: Get a sweet deal on the new iPhone 7 when you switch to AT&amp;T and have DIRECTV. https://t.co/JO08KrMKj7 https://t.co/tAcB2wPVFO,Positive,98.0584,directv,general,,Twitter
Dallas4,Corporate,32.8685017,-96.7757012,8687 N Central Expressway Suite 2340,75225,Thu Oct 27 20:48:35 +0000 2016,.@ATTCares https://t.co/OnYPz3Ghii,Neutral,50.0000,general,general,,Twitter
Dallas4,Corporate,32.8685017,-96.7757012,8687 N Central Expressway Suite 2340,75225,Thu Oct 27 20:48:07 +0000 2016,.@Uverse your tech support service Tuesday &amp; today has been lackluster. Will definitely be looking at all options of cancelling service.,Positive,63.3988,uverse,general,,Twitter
Dallas4,Corporate,32.8685017,-96.7757012,8687 N Central Expressway Suite 2340,75225,Thu Oct 27 20:42:10 +0000 2016,Getting a little #InspiredMobility on Social Media Sunday | AT&amp;T https://t.co/PHxRgkb8Tm https://t.co/ZFBUQlt9Hl,Positive,77.1253,general,general,,Twitter
Dallas4,Corporate,32.8685017,-96.7757012,8687 N Central Expressway Suite 2340,75225,Thu Oct 27 20:34:26 +0000 2016,"RT @attJOBS: We have all the #interview tips you need in one list! Learn what to do before, during and after your next interview: https://t…",Negative,82.7181,general,general,,Twitter
Dallas4,Corporate,32.8685017,-96.7757012,8687 N Central Expressway Suite 2340,75225,Thu Oct 27 20:30:06 +0000 2016,RT @ATT: Welcome to the team! @taylorswift13 https://t.co/4h86nLYuLo https://t.co/gAHOi7fPrZ,Positive,84.3125,general,general,,Twitter
Dallas4,Corporate,32.8685017,-96.7757012,8687 N Central Expressway Suite 2340,75225,Thu Oct 27 20:29:16 +0000 2016,Sanders: ‘We must do everything possible’ to press Clinton on AT&amp;T-Time Warner https://t.co/nwyEr8yVNm,Neutral,56.7848,general,general,,Twitter
Dallas4,Corporate,32.8685017,-96.7757012,8687 N Central Expressway Suite 2340,75225,Thu Oct 27 20:27:00 +0000 2016,RT @ATT: Welcome to the team! @taylorswift13 https://t.co/4h86nLYuLo https://t.co/gAHOi7fPrZ,Positive,84.3125,general,general,,Twitter
Dallas4,Corporate,32.8685017,-96.7757012,8687 N Central Expressway Suite 2340,75225,Thu Oct 27 20:18:58 +0000 2016,RT @ATTBusiness: We're navigating the known threat landscape to help protect your org. See more in our new cybersecurity report: https://t.…,Positive,91.7588,general,general,,Twitter
Dallas4,Corporate,32.8685017,-96.7757012,8687 N Central Expressway Suite 2340,75225,Thu Oct 27 20:12:53 +0000 2016,Sharing our latest data-driven report on common #cybersecurity threats. Folks are saying it's our best yet...I'll le…https://t.co/7ADqKg1XeZ,Negative,80.8750,general,general,,Twitter
Dallas4,Corporate,32.8685017,-96.7757012,8687 N Central Expressway Suite 2340,75225,Thu Oct 27 20:07:17 +0000 2016,"Just wanted to let you know @ATTCares, I hope to switch to another provider ASAP bc of this. https://t.co/x7rUpdhaEb",Negative,77.4483,general,general,,Twitter
