Dallas17,Authorized,32.739229,-96.682466,1530 S Buckner Blvd,75217,Thu Oct 27 08:44:38 +0000 2016,RT @ATT: Welcome to the team! @taylorswift13 https://t.co/4h86nLYuLo https://t.co/gAHOi7fPrZ,Positive,84.3125,general,general,,Twitter
Dallas17,Authorized,32.739229,-96.682466,1530 S Buckner Blvd,75217,Thu Oct 27 08:23:01 +0000 2016,RT @ATT: Welcome to the team! @taylorswift13 https://t.co/4h86nLYuLo https://t.co/gAHOi7fPrZ,Positive,84.3125,general,general,,Twitter
Dallas17,Authorized,32.739229,-96.682466,1530 S Buckner Blvd,75217,Thu Oct 27 08:19:50 +0000 2016,RT @ATT: Welcome to the team! @taylorswift13 https://t.co/4h86nLYuLo https://t.co/gAHOi7fPrZ,Positive,84.3125,general,general,,Twitter
Dallas17,Authorized,32.739229,-96.682466,1530 S Buckner Blvd,75217,Thu Oct 27 08:19:29 +0000 2016,RT @ATT: Get a sweet deal on the new iPhone 7 when you switch to AT&amp;T and have DIRECTV. https://t.co/JO08KrMKj7 https://t.co/tAcB2wPVFO,Positive,98.0584,directv,general,,Twitter
Dallas17,Authorized,32.739229,-96.682466,1530 S Buckner Blvd,75217,Thu Oct 27 07:59:35 +0000 2016,#dallas Why Jordan Spieth is the perfect ambassador for AT&amp;T Byron Nelson's move to new home in 2018 https://t.co/x65HrRFfoP,Positive,99.7654,general,general,,Twitter
Dallas17,Authorized,32.739229,-96.682466,1530 S Buckner Blvd,75217,Thu Oct 27 07:50:24 +0000 2016,RT @ATT: Welcome to the team! @taylorswift13 https://t.co/4h86nLYuLo https://t.co/gAHOi7fPrZ,Positive,84.3125,general,general,,Twitter
Dallas17,Authorized,32.739229,-96.682466,1530 S Buckner Blvd,75217,Thu Oct 27 07:45:54 +0000 2016,RT @ATT: Another reason to smile for the camera. The #LGV20 from @LGUSAMobile will be available in stores starting today. https://t.co/TILu…,Positive,86.0616,general,general,,Twitter
Dallas17,Authorized,32.739229,-96.682466,1530 S Buckner Blvd,75217,Thu Oct 27 05:57:00 +0000 2016,RT @ATT: Welcome to the team! @taylorswift13 https://t.co/4h86nLYuLo https://t.co/gAHOi7fPrZ,Positive,84.3125,general,general,,Twitter
Dallas17,Authorized,32.739229,-96.682466,1530 S Buckner Blvd,75217,Thu Oct 27 05:35:10 +0000 2016,The AT&amp;T-Time Warner Deal: Perspective from the Great Trustbuster https://t.co/4PJR95ZSNZ https://t.co/DWe5YSSvox,Positive,96.4855,general,general,,Twitter
Dallas17,Authorized,32.739229,-96.682466,1530 S Buckner Blvd,75217,Thu Oct 27 04:58:09 +0000 2016,RT @RickTweetTweet: AT&amp;T Employees Break Records for Stop Hunger Now #ATTimpact https://t.co/f7k0rq100P #attemployee https://t.co/pUbfsZkOYe,Positive,72.3983,general,general,,Twitter
Dallas17,Authorized,32.739229,-96.682466,1530 S Buckner Blvd,75217,Thu Oct 27 04:52:50 +0000 2016,RT @ATT: Welcome to the team! @taylorswift13 https://t.co/4h86nLYuLo https://t.co/gAHOi7fPrZ,Positive,84.3125,general,general,,Twitter
Dallas17,Authorized,32.739229,-96.682466,1530 S Buckner Blvd,75217,Thu Oct 27 04:49:11 +0000 2016,RT @ATT: Welcome to the team! @taylorswift13 https://t.co/4h86nLYuLo https://t.co/gAHOi7fPrZ,Positive,84.3125,general,general,,Twitter
Dallas17,Authorized,32.739229,-96.682466,1530 S Buckner Blvd,75217,Thu Oct 27 04:40:52 +0000 2016,RT @ATT: Welcome to the team! @taylorswift13 https://t.co/4h86nLYuLo https://t.co/gAHOi7fPrZ,Positive,84.3125,general,general,,Twitter
Dallas17,Authorized,32.739229,-96.682466,1530 S Buckner Blvd,75217,Thu Oct 27 04:39:42 +0000 2016,RT @BillNicholsDMN: Why Jordan Spieth is the perfect ambassador for AT&amp;T Byron Nelson's move to new home in 2018 https://t.co/makT7VH1Z3 vi…,Positive,99.7654,general,general,,Twitter
Dallas17,Authorized,32.739229,-96.682466,1530 S Buckner Blvd,75217,Thu Oct 27 04:39:16 +0000 2016,RT @ATT: Welcome to the team! @taylorswift13 https://t.co/4h86nLYuLo https://t.co/gAHOi7fPrZ,Positive,84.3125,general,general,,Twitter
Dallas17,Authorized,32.739229,-96.682466,1530 S Buckner Blvd,75217,Thu Oct 27 04:31:21 +0000 2016,RT @ATT: Welcome to the team! @taylorswift13 https://t.co/4h86nLYuLo https://t.co/gAHOi7fPrZ,Positive,84.3125,general,general,,Twitter
Dallas17,Authorized,32.739229,-96.682466,1530 S Buckner Blvd,75217,Thu Oct 27 04:31:05 +0000 2016,@AroundTI accepts @ATT's challenge. Unite For Change. STEM in the Schoolyard. #OneUpThat? There is only one way. https://t.co/VJGVno1eoK,Negative,70.9420,general,general,,Twitter
Dallas17,Authorized,32.739229,-96.682466,1530 S Buckner Blvd,75217,Thu Oct 27 04:27:01 +0000 2016,Breaking down the AT&amp;T-Time Warner deal - https://t.co/Jc0lrHwv3A,Neutral,61.1194,general,general,,Twitter
Dallas17,Authorized,32.739229,-96.682466,1530 S Buckner Blvd,75217,Thu Oct 27 04:27:01 +0000 2016,Breaking down the AT&amp;T-Time Warner deal - https://t.co/onTO3SD6JY,Neutral,61.1194,general,general,,Twitter
Dallas17,Authorized,32.739229,-96.682466,1530 S Buckner Blvd,75217,Thu Oct 27 04:27:01 +0000 2016,Breaking down the AT&amp;T-Time Warner deal - https://t.co/86GNcG9aJc,Neutral,61.1194,general,general,,Twitter
Dallas17,Authorized,32.739229,-96.682466,1530 S Buckner Blvd,75217,Thu Oct 27 04:27:01 +0000 2016,Breaking down the AT&amp;T-Time Warner deal - https://t.co/5BiHuiicuU,Neutral,61.1194,general,general,,Twitter
Dallas17,Authorized,32.739229,-96.682466,1530 S Buckner Blvd,75217,Thu Oct 27 04:14:26 +0000 2016,RT @ATT: Welcome to the team! @taylorswift13 https://t.co/4h86nLYuLo https://t.co/gAHOi7fPrZ,Positive,84.3125,general,general,,Twitter
Dallas17,Authorized,32.739229,-96.682466,1530 S Buckner Blvd,75217,Thu Oct 27 04:12:47 +0000 2016,RT @BillNicholsDMN: Why Jordan Spieth is the perfect ambassador for AT&amp;T Byron Nelson's move to new home in 2018 https://t.co/makT7VH1Z3 vi…,Positive,99.7654,general,general,,Twitter
Dallas17,Authorized,32.739229,-96.682466,1530 S Buckner Blvd,75217,Thu Oct 27 04:10:05 +0000 2016,RT @ATTBusiness: AT&amp;T Labs is on track to revolutionize the way #AI plays in the network…but that’s not all! More from Mazin Gilbert: https…,Positive,72.4772,general,general,,Twitter
Dallas17,Authorized,32.739229,-96.682466,1530 S Buckner Blvd,75217,Thu Oct 27 04:02:38 +0000 2016,Why Jordan Spieth is the perfect ambassador for AT&amp;T Byron Nelson's move to new home in 2018 https://t.co/makT7VH1Z3 via @sportsdaydfw,Positive,99.7654,general,general,,Twitter
Dallas17,Authorized,32.739229,-96.682466,1530 S Buckner Blvd,75217,Thu Oct 27 03:34:38 +0000 2016,RT @1845realty: Since when do you merge two accounts @ATT and expect your consumers to be strong armed into your methods??? #attsucks #terr…,Negative,79.4791,general,general,,Twitter
Dallas17,Authorized,32.739229,-96.682466,1530 S Buckner Blvd,75217,Thu Oct 27 03:29:28 +0000 2016,"RT @SVotta88: Hey @ATT appreciate being on hold for 39 minutes now waiting to talk about my ""rewards"" I am supposed to get.",Neutral,57.4925,general,general,,Twitter
Dallas17,Authorized,32.739229,-96.682466,1530 S Buckner Blvd,75217,Thu Oct 27 03:29:02 +0000 2016,RT @ATT: Get a sweet deal on the new iPhone 7 when you switch to AT&amp;T and have DIRECTV. https://t.co/JO08KrMKj7 https://t.co/tAcB2wPVFO,Positive,98.0584,directv,general,,Twitter
Dallas17,Authorized,32.739229,-96.682466,1530 S Buckner Blvd,75217,Thu Oct 27 03:12:34 +0000 2016,RT @ohxnelli: Now I understand why people say @ATT has terrible customer service. Smdh.,Negative,96.5694,general,general,,Twitter
Dallas17,Authorized,32.739229,-96.682466,1530 S Buckner Blvd,75217,Thu Oct 27 02:50:41 +0000 2016,RT @ATTLatino: Noche de partido no tiene que ser noche de aburrido. Es tu tele. Llévala contigo. https://t.co/G6JlIiUxNv https://t.co/cxrSb…,Neutral,52.6392,general,general,,Twitter
Dallas17,Authorized,32.739229,-96.682466,1530 S Buckner Blvd,75217,Thu Oct 27 02:30:16 +0000 2016,"TIX🏈https://t.co/MGIo5onpzM🏈4️⃣- PARKING, PHILADELPHIA EAGLES VS DALLAS #Cowboys, @ ATT STADIUM, 10/30 /2016 https://t.co/8EFnT3Ta1E",Positive,77.4137,general,general,,Twitter
Dallas17,Authorized,32.739229,-96.682466,1530 S Buckner Blvd,75217,Thu Oct 27 02:14:58 +0000 2016,@ATTCares Any idea how long? Have to go outside to use the phones. Ridiculous. Been like that for days.,Negative,97.5550,general,general,,Twitter
Dallas17,Authorized,32.739229,-96.682466,1530 S Buckner Blvd,75217,Thu Oct 27 02:11:18 +0000 2016,AT&amp;T's Commitment to Disability Employment@ConnectToGood 2016-10-25-ATT-Inclusion-in-Disability-Employment https://t.co/sMc9OzE1ww,Positive,91.2110,general,general,,Twitter
Dallas17,Authorized,32.739229,-96.682466,1530 S Buckner Blvd,75217,Thu Oct 27 02:05:27 +0000 2016,The code names and secret meetings that got the #ATTTimeWarner deal done https://t.co/fOeive0ZXV | @Melissa_Repko https://t.co/KB584nBTlj,Neutral,55.1729,general,general,,Twitter
Dallas17,Authorized,32.739229,-96.682466,1530 S Buckner Blvd,75217,Thu Oct 27 02:00:11 +0000 2016,RT @ATTBusinessCare: Take a look at our tutorial to learn how to cancel an AT&amp;T Workforce Manager order at  https://t.co/mm5DGoRC18 https:/…,Positive,84.9539,general,general,,Twitter
Dallas17,Authorized,32.739229,-96.682466,1530 S Buckner Blvd,75217,Thu Oct 27 02:00:01 +0000 2016,Take a look at our tutorial to learn how to cancel an AT&amp;T Workforce Manager order at  https://t.co/mm5DGoRC18 https://t.co/5aoDpivMzw,Positive,84.9539,general,general,,Twitter
Dallas17,Authorized,32.739229,-96.682466,1530 S Buckner Blvd,75217,Thu Oct 27 01:58:17 +0000 2016,"TIX🏈https://t.co/MGIo5onpzM🏈3️⃣- PARKING, PHILADELPHIA EAGLES VS DALLAS #Cowboys, @ ATT STADIUM, 10/30 /2016 https://t.co/8EFnT3Ta1E",Positive,77.4137,general,general,,Twitter
Dallas17,Authorized,32.739229,-96.682466,1530 S Buckner Blvd,75217,Thu Oct 27 01:46:05 +0000 2016,RT @DFWSmallBiz: #ATT and Time Warner still need a green light from the government https://t.co/SpQc64wTdG #DFW #Tech,Positive,79.9477,general,general,,Twitter
Dallas17,Authorized,32.739229,-96.682466,1530 S Buckner Blvd,75217,Thu Oct 27 01:40:12 +0000 2016,RT @ATTBusiness: We're navigating the known threat landscape to help protect your org. See more in our new cybersecurity report: https://t.…,Positive,91.7588,general,general,,Twitter
Dallas17,Authorized,32.739229,-96.682466,1530 S Buckner Blvd,75217,Thu Oct 27 01:33:23 +0000 2016,RT @ATT: Get a sweet deal on the new iPhone 7 when you switch to AT&amp;T and have DIRECTV. https://t.co/JO08KrMKj7 https://t.co/tAcB2wPVFO,Positive,98.0584,directv,general,,Twitter
Dallas17,Authorized,32.739229,-96.682466,1530 S Buckner Blvd,75217,Thu Oct 27 01:29:40 +0000 2016,RT @attJOBS: We’re lucky to have a lot of #WomenWhoInspire us at AT&amp;T. Meet a few of them: https://t.co/8juFZJTY20 https://t.co/H6mCC5fGEj,Positive,86.9529,general,general,,Twitter
Dallas17,Authorized,32.739229,-96.682466,1530 S Buckner Blvd,75217,Thu Oct 27 01:25:40 +0000 2016,"RT @ATT: @OmarCorrea Rock star speeds just for you, Omar! 👍 https://t.co/u1hBT5Wj7Z",Negative,64.0341,general,general,,Twitter
Dallas17,Authorized,32.739229,-96.682466,1530 S Buckner Blvd,75217,Thu Oct 27 01:24:02 +0000 2016,"TIX🏈https://t.co/MGIo5onpzM🏈2️⃣- PARKING, PHILADELPHIA EAGLES VS DALLAS #Cowboys, @ ATT STADIUM, 10/30 /2016 https://t.co/8EFnT3Ta1E",Positive,77.4137,general,general,,Twitter
Dallas17,Authorized,32.739229,-96.682466,1530 S Buckner Blvd,75217,Thu Oct 27 01:20:16 +0000 2016,Secrets of Innovation from a Top Inventor https://t.co/9WzRzjjOze #attemployee https://t.co/Jek04SE1HR,Positive,68.9060,general,general,,Twitter
Dallas17,Authorized,32.739229,-96.682466,1530 S Buckner Blvd,75217,Thu Oct 27 01:18:47 +0000 2016,"@Ulrika_Steiner Ulrika, tack för att du följer. Alltid kul att interagera med människor från hemlandet 🇸🇪",Neutral,50.0000,general,general,,Twitter
Dallas17,Authorized,32.739229,-96.682466,1530 S Buckner Blvd,75217,Thu Oct 27 01:16:34 +0000 2016,"@HagerstrandA Anders, Tack för att du följer. Alltid kul med svenska kontakter. 🇸🇪",Neutral,50.0000,general,general,,Twitter
Dallas17,Authorized,32.739229,-96.682466,1530 S Buckner Blvd,75217,Thu Oct 27 01:14:15 +0000 2016,RT @ATT: Welcome to the team! @taylorswift13 https://t.co/4h86nLYuLo https://t.co/gAHOi7fPrZ,Positive,84.3125,general,general,,Twitter
Dallas17,Authorized,32.739229,-96.682466,1530 S Buckner Blvd,75217,Thu Oct 27 01:12:29 +0000 2016,RT @ATT: Welcome to the team! @taylorswift13 https://t.co/4h86nLYuLo https://t.co/gAHOi7fPrZ,Positive,84.3125,general,general,,Twitter
Dallas17,Authorized,32.739229,-96.682466,1530 S Buckner Blvd,75217,Thu Oct 27 01:10:40 +0000 2016,RT @ATT: Welcome to the team! @taylorswift13 https://t.co/4h86nLYuLo https://t.co/gAHOi7fPrZ,Positive,84.3125,general,general,,Twitter
Dallas17,Authorized,32.739229,-96.682466,1530 S Buckner Blvd,75217,Thu Oct 27 00:54:33 +0000 2016,Updated: What we know about AT&amp;T’s upcoming streaming service DirecTV Now - Dallas Business Journal https://t.co/q4NJf9uZ7F,Positive,79.9093,directv,general,,Twitter
Dallas17,Authorized,32.739229,-96.682466,1530 S Buckner Blvd,75217,Thu Oct 27 00:49:40 +0000 2016,"TIX🏈https://t.co/MGIo5onpzM🏈1️⃣- PARKING, PHILADELPHIA EAGLES VS DALLAS #Cowboys, @ ATT STADIUM, 10/30 /2016 https://t.co/8EFnT3Ta1E",Positive,77.4137,general,general,,Twitter
Dallas17,Authorized,32.739229,-96.682466,1530 S Buckner Blvd,75217,Thu Oct 27 00:47:36 +0000 2016,@ATT @DIRECTV shame on you for costing me money due to mistakes made by your agents! I need contact from management as I need some answers!!,Negative,99.6175,directv,general,,Twitter
Dallas17,Authorized,32.739229,-96.682466,1530 S Buckner Blvd,75217,Thu Oct 27 00:40:01 +0000 2016,RT @ATT: Welcome to the team! @taylorswift13 https://t.co/4h86nLYuLo https://t.co/gAHOi7fPrZ,Positive,84.3125,general,general,,Twitter
Dallas17,Authorized,32.739229,-96.682466,1530 S Buckner Blvd,75217,Thu Oct 27 00:36:42 +0000 2016,"Asked one of my co-workers what he's doing tonight. ""Gonna go home and enjoy the free week of NBA League Pa--- I DON'T HAVE DIRECTV ANYMORE""",Positive,99.3479,directv,general,,Twitter
Dallas17,Authorized,32.739229,-96.682466,1530 S Buckner Blvd,75217,Thu Oct 27 00:22:50 +0000 2016,'Counter to Public Good': Sanders Urges DOJ to Reject AT&amp;T-Time Warner Deal https://t.co/Bc25Y4izAV,Positive,70.4496,general,general,,Twitter
Dallas17,Authorized,32.739229,-96.682466,1530 S Buckner Blvd,75217,Thu Oct 27 00:22:44 +0000 2016,"TIX🏈https://t.co/fZSud91UBX🏈0️⃣- PARKING, PHILADELPHIA EAGLES VS DALLAS #Cowboys, @ ATT STADIUM, 10/30 /2016… https://t.co/8EFnT3Ta1E",Positive,77.4137,general,general,,Twitter
Dallas17,Authorized,32.739229,-96.682466,1530 S Buckner Blvd,75217,Thu Oct 27 00:22:38 +0000 2016,'Counter to Public Good': Sanders Urges DOJ to Reject AT&amp;T-Time Warner Deal - https://t.co/gl5kPZq4Bv,Positive,70.4496,general,general,,Twitter
Dallas17,Authorized,32.739229,-96.682466,1530 S Buckner Blvd,75217,Thu Oct 27 00:22:07 +0000 2016,RT @ATT: Who made you a college 🏈 fan? Share with #MadeMeAFanContest for a chance to win. Rules https://t.co/hU3I3wFn5V https://t.co/seJBJK…,Positive,88.9294,general,general,,Twitter
Dallas17,Authorized,32.739229,-96.682466,1530 S Buckner Blvd,75217,Thu Oct 27 00:16:50 +0000 2016,RT @ATT: Who made you a college 🏈 fan? Share with #MadeMeAFanContest for a chance to win. Rules https://t.co/hU3I3wFn5V https://t.co/seJBJK…,Positive,88.9294,general,general,,Twitter
Dallas17,Authorized,32.739229,-96.682466,1530 S Buckner Blvd,75217,Thu Oct 27 00:11:18 +0000 2016,RT @ATT: Welcome to the team! @taylorswift13 https://t.co/4h86nLYuLo https://t.co/gAHOi7fPrZ,Positive,84.3125,general,general,,Twitter
Dallas17,Authorized,32.739229,-96.682466,1530 S Buckner Blvd,75217,Thu Oct 27 00:00:10 +0000 2016,Five FC #Dallas Goals up for AT&amp;T MLS Goal of the Year https://t.co/tN5uxNM19P,Positive,79.7596,general,general,,Twitter
Dallas17,Authorized,32.739229,-96.682466,1530 S Buckner Blvd,75217,Wed Oct 26 23:49:18 +0000 2016,RT @ATT: Welcome to the team! @taylorswift13 https://t.co/4h86nLYuLo https://t.co/gAHOi7fPrZ,Positive,84.3125,general,general,,Twitter
Dallas17,Authorized,32.739229,-96.682466,1530 S Buckner Blvd,75217,Wed Oct 26 23:47:59 +0000 2016,RT @JTeespeak: So great hangin w/ @GavinDeGraw thx to @DFWAcuraDealers @McDonalds &amp; @ATT  @JackFMDFW @MoreHits1037 https://t.co/V4rDDvLfkB,Positive,78.6970,general,general,,Twitter
Dallas17,Authorized,32.739229,-96.682466,1530 S Buckner Blvd,75217,Wed Oct 26 23:31:00 +0000 2016,RT @ATT: Welcome to the team! @taylorswift13 https://t.co/4h86nLYuLo https://t.co/gAHOi7fPrZ,Positive,84.3125,general,general,,Twitter
Dallas17,Authorized,32.739229,-96.682466,1530 S Buckner Blvd,75217,Wed Oct 26 23:28:16 +0000 2016,#ATT and Time Warner still need a green light from the government https://t.co/SpQc64wTdG #DFW #Tech,Positive,79.9477,general,general,,Twitter
Dallas17,Authorized,32.739229,-96.682466,1530 S Buckner Blvd,75217,Wed Oct 26 23:24:55 +0000 2016,RT @Mike_Rawlings: This is a day of celebration. Special thanks to @PGATOUR and @ATT for helping bring @attbyronnelson to Dallas. https://t…,Positive,98.3168,general,general,,Twitter
Dallas17,Authorized,32.739229,-96.682466,1530 S Buckner Blvd,75217,Wed Oct 26 23:19:18 +0000 2016,"RT @SportsDayHS: Due to conflicts, no #txhsfb at AT&amp;T Stadium for the first 3 rounds 😭
…but now we have The Star.
Details: https://t.co/UxR…",Positive,78.7116,general,general,,Twitter
Dallas17,Authorized,32.739229,-96.682466,1530 S Buckner Blvd,75217,Wed Oct 26 23:13:01 +0000 2016,Here's what to make of an AT&amp;T and Time Warner merger https://t.co/GS89pX5jB2 https://t.co/sxhxp9DaTb,Neutral,54.6352,general,general,,Twitter
Dallas17,Authorized,32.739229,-96.682466,1530 S Buckner Blvd,75217,Wed Oct 26 23:09:17 +0000 2016,RT @ATT: Welcome to the team! @taylorswift13 https://t.co/4h86nLYuLo https://t.co/gAHOi7fPrZ,Positive,84.3125,general,general,,Twitter
Dallas17,Authorized,32.739229,-96.682466,1530 S Buckner Blvd,75217,Wed Oct 26 23:04:02 +0000 2016,@Aspernator @WslyRBLX not in Texas and frontier isn't my area rip lol lovehate 4 att,Negative,92.7037,general,general,,Twitter
Dallas17,Authorized,32.739229,-96.682466,1530 S Buckner Blvd,75217,Wed Oct 26 23:00:02 +0000 2016,We’re lucky to have a lot of #WomenWhoInspire us at AT&amp;T. Meet a few of them: https://t.co/8juFZJTY20 https://t.co/H6mCC5fGEj,Positive,86.9529,general,general,,Twitter
Dallas17,Authorized,32.739229,-96.682466,1530 S Buckner Blvd,75217,Wed Oct 26 22:57:11 +0000 2016,RT @ATT: Welcome to the team! @taylorswift13 https://t.co/4h86nLYuLo https://t.co/gAHOi7fPrZ,Positive,84.3125,general,general,,Twitter
Dallas17,Authorized,32.739229,-96.682466,1530 S Buckner Blvd,75217,Wed Oct 26 22:50:47 +0000 2016,RT @ATT: Who made you a college 🏈 fan? Share with #MadeMeAFanContest for a chance to win. Rules https://t.co/hU3I3wFn5V https://t.co/seJBJK…,Positive,88.9294,general,general,,Twitter
Dallas17,Authorized,32.739229,-96.682466,1530 S Buckner Blvd,75217,Wed Oct 26 22:50:11 +0000 2016,RT @ATT: Get a sweet deal on the new iPhone 7 when you switch to AT&amp;T and have DIRECTV. https://t.co/JO08KrMKj7 https://t.co/tAcB2wPVFO,Positive,98.0584,directv,general,,Twitter
Dallas17,Authorized,32.739229,-96.682466,1530 S Buckner Blvd,75217,Wed Oct 26 22:48:38 +0000 2016,RT @ATT: Welcome to the team! @taylorswift13 https://t.co/4h86nLYuLo https://t.co/gAHOi7fPrZ,Positive,84.3125,general,general,,Twitter
Dallas17,Authorized,32.739229,-96.682466,1530 S Buckner Blvd,75217,Wed Oct 26 22:41:00 +0000 2016,PETITION: Stop the @ATT-@twxcorp takeover! https://t.co/t0o2boGyxE via @demandprogress #NoMoreMergers,Neutral,60.3881,general,general,,Twitter
Dallas17,Authorized,32.739229,-96.682466,1530 S Buckner Blvd,75217,Wed Oct 26 22:38:21 +0000 2016,"Sneak peek of the brand new Trinity Forest Golf Club, future host of AT&amp;T Byron Nelson (Video) https://t.co/wnxzadmL4f",Positive,73.7262,general,general,,Twitter
Dallas17,Authorized,32.739229,-96.682466,1530 S Buckner Blvd,75217,Wed Oct 26 22:38:03 +0000 2016,RT @DBJShinneman: We've updated our story pulling together all the announcements on DirecTV Now: https://t.co/zC1rek2sli $T @DallasBizNews,Positive,70.0073,directv,general,,Twitter
Dallas17,Authorized,32.739229,-96.682466,1530 S Buckner Blvd,75217,Wed Oct 26 22:35:32 +0000 2016,RT @ATT: Get a sweet deal on the new iPhone 7 when you switch to AT&amp;T and have DIRECTV. https://t.co/JO08KrMKj7 https://t.co/tAcB2wPVFO,Positive,98.0584,directv,general,,Twitter
Dallas17,Authorized,32.739229,-96.682466,1530 S Buckner Blvd,75217,Wed Oct 26 22:34:45 +0000 2016,RT @DallasBizNews: Been wondering what DirecTV Now will cost you? We have your answer: https://t.co/9kr2EJGUKw,Negative,68.5856,directv,general,,Twitter
Dallas17,Authorized,32.739229,-96.682466,1530 S Buckner Blvd,75217,Wed Oct 26 22:32:54 +0000 2016,PETITION: Stop the @ATT-@twxcorp merger! https://t.co/SygwvpZCf1 via @demandprogress #NoMoreMergers,Neutral,60.3881,general,general,,Twitter
Dallas17,Authorized,32.739229,-96.682466,1530 S Buckner Blvd,75217,Wed Oct 26 22:24:52 +0000 2016,DallasBizNews: Been wondering what DirecTV Now will cost you? We have your answer: https://t.co/oCIzhc911N,Negative,68.5856,directv,general,,Twitter
Dallas17,Authorized,32.739229,-96.682466,1530 S Buckner Blvd,75217,Wed Oct 26 22:24:42 +0000 2016,"@Fixxxer92 Thanks for bringing something this serious to our attention, Richard. We are investigating this and will take appropriate action.",Positive,89.3187,general,general,,Twitter
Dallas17,Authorized,32.739229,-96.682466,1530 S Buckner Blvd,75217,Wed Oct 26 22:22:01 +0000 2016,Been wondering what DirecTV Now will cost you? We have your answer: https://t.co/9kr2EJGUKw,Negative,68.5856,directv,general,,Twitter
Dallas17,Authorized,32.739229,-96.682466,1530 S Buckner Blvd,75217,Wed Oct 26 22:10:17 +0000 2016,RT @Uverse: Looking for a new trainer? Check out @JillianMichaels Fit Fusion TV: https://t.co/wHpiTE8VdG https://t.co/Os2SQH8UbG,Positive,84.1424,uverse,general,,Twitter
Dallas17,Authorized,32.739229,-96.682466,1530 S Buckner Blvd,75217,Wed Oct 26 22:10:13 +0000 2016,AT&amp;T and Ericsson demonstrate 5G network capabilities at Texas Wireless Summit https://t.co/CZZ0EDHIAj #attemployee https://t.co/BrJpGfR0nH,Neutral,50.0000,general,general,,Twitter
Dallas17,Authorized,32.739229,-96.682466,1530 S Buckner Blvd,75217,Wed Oct 26 22:05:59 +0000 2016,"@attbyronnelson moving to Dallas' Trinity Forest Golf Club ahead of schedule in 2018

DMN: https://t.co/kJB8bryL73… https://t.co/fdjguTB6uC",Positive,83.9594,general,general,,Twitter
Dallas17,Authorized,32.739229,-96.682466,1530 S Buckner Blvd,75217,Wed Oct 26 22:05:55 +0000 2016,"@ATT y'all sent me a new phone with a case and they're both broken, what the heck??!!???",Negative,85.9952,general,general,,Twitter
Dallas17,Authorized,32.739229,-96.682466,1530 S Buckner Blvd,75217,Wed Oct 26 22:05:46 +0000 2016,RT @ATT: Get a sweet deal on the new iPhone 7 when you switch to AT&amp;T and have DIRECTV. https://t.co/JO08KrMKj7 https://t.co/tAcB2wPVFO,Positive,98.0584,directv,general,,Twitter
Dallas17,Authorized,32.739229,-96.682466,1530 S Buckner Blvd,75217,Wed Oct 26 21:51:21 +0000 2016,"Sneak peek of the brand new Trinity Forest Golf Club, future host of AT&amp;T Byron Nelson (Video) https://t.co/J48DuzyUfu #Dallas",Positive,73.7262,general,general,,Twitter
Dallas17,Authorized,32.739229,-96.682466,1530 S Buckner Blvd,75217,Wed Oct 26 21:40:55 +0000 2016,@ATTCares i have a double bonded pair installed and not getting the service,Negative,64.2966,general,product installation,,Twitter
Dallas17,Authorized,32.739229,-96.682466,1530 S Buckner Blvd,75217,Wed Oct 26 21:40:29 +0000 2016,@ATTCares ive been dealing with this issue for 3 months. Tech after tech no resolution,Neutral,52.8034,general,general,,Twitter
Dallas17,Authorized,32.739229,-96.682466,1530 S Buckner Blvd,75217,Wed Oct 26 21:40:13 +0000 2016,"RT @dallasnews: Speak now: Why critics want the $108 billion marriage of AT&amp;T, Time Warner to fail https://t.co/cAtlH2KlsI | @krobijake htt…",Neutral,50.4577,general,general,,Twitter
Dallas17,Authorized,32.739229,-96.682466,1530 S Buckner Blvd,75217,Wed Oct 26 21:36:33 +0000 2016,RT @ATTBusiness: We're navigating the known threat landscape to help protect your org. See more in our new cybersecurity report: https://t.…,Positive,91.7588,general,general,,Twitter
Dallas17,Authorized,32.739229,-96.682466,1530 S Buckner Blvd,75217,Wed Oct 26 21:36:14 +0000 2016,RT @ATTBusiness: AT&amp;T Labs is on track to revolutionize the way #AI plays in the network…but that’s not all! More from Mazin Gilbert: https…,Positive,72.4772,general,general,,Twitter
Dallas17,Authorized,32.739229,-96.682466,1530 S Buckner Blvd,75217,Wed Oct 26 21:35:51 +0000 2016,RT @attJOBS: We're teaming with @BracketsForGood to launch their first nation-wide fundraising tournament. Learn more: https://t.co/IBRIhAu…,Positive,86.5420,general,general,,Twitter
Dallas17,Authorized,32.739229,-96.682466,1530 S Buckner Blvd,75217,Wed Oct 26 21:35:14 +0000 2016,RT @SportsDayDFW: AT&amp;T Byron Nelson moving to Dallas' Trinity Forest Golf Club ahead of schedule in 2018 https://t.co/0OcCOkkyin https://t.…,Positive,83.9594,general,general,,Twitter
Dallas17,Authorized,32.739229,-96.682466,1530 S Buckner Blvd,75217,Wed Oct 26 12:41:54 +0000 2016,@BostonSugarBear @Lawssenhop @Snowden @ATT always a good idea to stay away from peeps on terrorist watch lists. Like journalists &amp; such. ;-),Neutral,57.6604,general,general,,Twitter
Dallas17,Authorized,32.739229,-96.682466,1530 S Buckner Blvd,75217,Wed Oct 26 12:40:18 +0000 2016,RT @ATT: Welcome to the team! @taylorswift13 https://t.co/4h86nLYuLo https://t.co/gAHOi7fPrZ,Positive,84.3125,general,general,,Twitter
Dallas17,Authorized,32.739229,-96.682466,1530 S Buckner Blvd,75217,Wed Oct 26 12:35:58 +0000 2016,RT @ATT: Welcome to the team! @taylorswift13 https://t.co/4h86nLYuLo https://t.co/gAHOi7fPrZ,Positive,84.3125,general,general,,Twitter
Dallas17,Authorized,32.739229,-96.682466,1530 S Buckner Blvd,75217,Wed Oct 26 12:19:28 +0000 2016,@ana60nda @BostonSugarBear @LordVoltimus @Snowden @ATT it's a clear violation of the 4th amendment. Search/seizure w/out probable cause.,Neutral,53.2556,general,general,,Twitter
Dallas17,Authorized,32.739229,-96.682466,1530 S Buckner Blvd,75217,Wed Oct 26 12:15:28 +0000 2016,@ATT can someone call me asap... Immediately,Negative,73.1906,general,general,,Twitter
Dallas17,Authorized,32.739229,-96.682466,1530 S Buckner Blvd,75217,Wed Oct 26 12:06:08 +0000 2016,RT @Uverse: It’s showtime! Pump up #NationalPumpkinDay with Beetlejuice to get in the #Halloween spirit: https://t.co/WDktnIfl3g 🎃 https://…,Negative,72.3721,uverse,general,,Twitter
Dallas17,Authorized,32.739229,-96.682466,1530 S Buckner Blvd,75217,Wed Oct 26 12:05:39 +0000 2016,The Latin America assets of @ATT could figure more prominently after Time Warner deal https://t.co/Op4NIxIxGZ |… https://t.co/jVYaRUGK5g,Positive,74.4417,general,general,,Twitter
Dallas17,Authorized,32.739229,-96.682466,1530 S Buckner Blvd,75217,Wed Oct 26 12:02:14 +0000 2016,RT @ATT: The #futureofvideo is mobile and the #futureofmobile is video. Time Warner + AT&amp;T make it happen! @twxcorp https://t.co/GKx4U9TQYg,Neutral,56.0321,general,general,,Twitter
Dallas17,Authorized,32.739229,-96.682466,1530 S Buckner Blvd,75217,Wed Oct 26 11:10:15 +0000 2016,"Don't expect a change in viewpoint for @CNN, @ATT chief says https://t.co/9xIAgD1Mzi | @agarre https://t.co/0C8y9rVgOl",Neutral,55.5436,general,general,,Twitter
Dallas17,Authorized,32.739229,-96.682466,1530 S Buckner Blvd,75217,Wed Oct 26 08:56:58 +0000 2016,RT @ATT: Welcome to the team! @taylorswift13 https://t.co/4h86nLYuLo https://t.co/gAHOi7fPrZ,Positive,84.3125,general,general,,Twitter
Dallas17,Authorized,32.739229,-96.682466,1530 S Buckner Blvd,75217,Wed Oct 26 08:52:01 +0000 2016,Now I understand why people say @ATT has terrible customer service. Smdh.,Negative,96.5694,general,general,,Twitter
Dallas17,Authorized,32.739229,-96.682466,1530 S Buckner Blvd,75217,Wed Oct 26 08:40:42 +0000 2016,RT @ATT: Welcome to the team! @taylorswift13 https://t.co/4h86nLYuLo https://t.co/gAHOi7fPrZ,Positive,84.3125,general,general,,Twitter
Dallas17,Authorized,32.739229,-96.682466,1530 S Buckner Blvd,75217,Wed Oct 26 07:59:16 +0000 2016,RT @ATT: Welcome to the team! @taylorswift13 https://t.co/4h86nLYuLo https://t.co/gAHOi7fPrZ,Positive,84.3125,general,general,,Twitter
Dallas17,Authorized,32.739229,-96.682466,1530 S Buckner Blvd,75217,Wed Oct 26 07:48:54 +0000 2016,RT @ATT: Welcome to the team! @taylorswift13 https://t.co/4h86nLYuLo https://t.co/gAHOi7fPrZ,Positive,84.3125,general,general,,Twitter
Dallas17,Authorized,32.739229,-96.682466,1530 S Buckner Blvd,75217,Wed Oct 26 07:28:34 +0000 2016,RT @ATT: Welcome to the team! @taylorswift13 https://t.co/4h86nLYuLo https://t.co/gAHOi7fPrZ,Positive,84.3125,general,general,,Twitter
Dallas17,Authorized,32.739229,-96.682466,1530 S Buckner Blvd,75217,Wed Oct 26 06:54:30 +0000 2016,RT @ATT: @ts6swift Not necessarily.  We’ll be giving away lots of tickets to Taylor fans including AT&amp;T customers and special guests.,Positive,68.3177,general,general,,Twitter
Dallas17,Authorized,32.739229,-96.682466,1530 S Buckner Blvd,75217,Wed Oct 26 06:44:52 +0000 2016,RT @JTeespeak: So great hangin w/ @GavinDeGraw thx to @DFWAcuraDealers @McDonalds &amp; @ATT  @JackFMDFW @MoreHits1037 https://t.co/V4rDDvLfkB,Positive,78.6970,general,general,,Twitter
Dallas17,Authorized,32.739229,-96.682466,1530 S Buckner Blvd,75217,Wed Oct 26 06:40:42 +0000 2016,@jsalinas300 @ATT fr mane I'm finna have to make a move to @TWCable_NEO,Negative,91.1536,general,general,,Twitter
Dallas17,Authorized,32.739229,-96.682466,1530 S Buckner Blvd,75217,Wed Oct 26 05:50:47 +0000 2016,RT @ATT: Welcome to the team! @taylorswift13 https://t.co/4h86nLYuLo https://t.co/gAHOi7fPrZ,Positive,84.3125,general,general,,Twitter
Dallas17,Authorized,32.739229,-96.682466,1530 S Buckner Blvd,75217,Wed Oct 26 05:18:23 +0000 2016,Bro @att wifi is fucking cheeks dude... always fucking slow,Negative,67.9464,general,general,,Twitter
Dallas17,Authorized,32.739229,-96.682466,1530 S Buckner Blvd,75217,Wed Oct 26 05:08:56 +0000 2016,RT @ATT: AT&amp;T #Fiber - The future of the internet is now! Starting with a 1000 Mbps connection. https://t.co/Rw8zxmVDRY,Positive,84.1944,fiber,general,,Twitter
Dallas17,Authorized,32.739229,-96.682466,1530 S Buckner Blvd,75217,Wed Oct 26 04:43:37 +0000 2016,RT @ATT: Get a sweet deal on the new iPhone 7 when you switch to AT&amp;T and have DIRECTV. https://t.co/TQVeUkmeZ6 https://t.co/zfZmNpe8AP,Positive,98.0584,directv,general,,Twitter
Dallas17,Authorized,32.739229,-96.682466,1530 S Buckner Blvd,75217,Wed Oct 26 04:35:29 +0000 2016,RT @ATT: Welcome to the team! @taylorswift13 https://t.co/4h86nLYuLo https://t.co/gAHOi7fPrZ,Positive,84.3125,general,general,,Twitter
Dallas17,Authorized,32.739229,-96.682466,1530 S Buckner Blvd,75217,Wed Oct 26 04:33:06 +0000 2016,RT @ATT: Welcome to the team! @taylorswift13 https://t.co/4h86nLYuLo https://t.co/gAHOi7fPrZ,Positive,84.3125,general,general,,Twitter
Dallas17,Authorized,32.739229,-96.682466,1530 S Buckner Blvd,75217,Wed Oct 26 03:48:18 +0000 2016,@ATT thanks for selling our information. I hope your stock drops and you can't afford Time Warner,Neutral,52.2445,general,general,,Twitter
Dallas17,Authorized,32.739229,-96.682466,1530 S Buckner Blvd,75217,Wed Oct 26 03:26:13 +0000 2016,Presenting Sponsor @ATT employee engagement rocks. Don't believe me just WATCH @slkite5 @dahnahull! Excellent. Really excellent. #OneUpThat,Positive,65.4969,general,general,,Twitter
Dallas17,Authorized,32.739229,-96.682466,1530 S Buckner Blvd,75217,Wed Oct 26 03:13:40 +0000 2016,RT @ATT: Welcome to the team! @taylorswift13 https://t.co/4h86nLYuLo https://t.co/gAHOi7fPrZ,Positive,84.3125,general,general,,Twitter
Dallas17,Authorized,32.739229,-96.682466,1530 S Buckner Blvd,75217,Wed Oct 26 02:38:07 +0000 2016,"RT @ATT: @ChooseFreeWill We appreciate the awesome shoutout, Rich -- we'll pass the kudos along to Matt!",Positive,90.7396,general,general,,Twitter
Dallas17,Authorized,32.739229,-96.682466,1530 S Buckner Blvd,75217,Wed Oct 26 02:28:52 +0000 2016,RT @ATT: Welcome to the team! @taylorswift13 https://t.co/4h86nLYuLo https://t.co/gAHOi7fPrZ,Positive,84.3125,general,general,,Twitter
Dallas17,Authorized,32.739229,-96.682466,1530 S Buckner Blvd,75217,Wed Oct 26 02:12:11 +0000 2016,Challenge accepted @JasonWDowning @DeloitteUS! @ATT @Charlene_Lake knows how 2 #GiveACheck &amp; have fun @ work too! Can @AroundTI #OneUpThat?,Positive,74.3201,general,general,,Twitter
Dallas17,Authorized,32.739229,-96.682466,1530 S Buckner Blvd,75217,Wed Oct 26 02:09:08 +0000 2016,Don't believe me just WATCH! Presenting Sponsor @ATT employee engagement rocks. Thank you! How can @AroundTI #OneUpThat? @UnitedWayDallas,Negative,92.5869,general,general,,Twitter
Dallas17,Authorized,32.739229,-96.682466,1530 S Buckner Blvd,75217,Wed Oct 26 02:06:09 +0000 2016,RT @ATT: Get a sweet deal on the new iPhone 7 when you switch to AT&amp;T and have DIRECTV. https://t.co/TQVeUkmeZ6 https://t.co/zfZmNpe8AP,Positive,98.0584,directv,general,,Twitter
Dallas17,Authorized,32.739229,-96.682466,1530 S Buckner Blvd,75217,Wed Oct 26 01:57:46 +0000 2016,"Look, @Uverse, I get it. I worked in cable for 3 years. Your deal with Fox local channels amounts to Tough Shit for @MLB fans on PCs. Got it",Neutral,53.0955,uverse,general,,Twitter
Dallas17,Authorized,32.739229,-96.682466,1530 S Buckner Blvd,75217,Wed Oct 26 01:57:20 +0000 2016,RT @JTeespeak: So great hangin w/ @GavinDeGraw thx to @DFWAcuraDealers @McDonalds &amp; @ATT  @JackFMDFW @MoreHits1037 https://t.co/V4rDDvLfkB,Positive,78.6970,general,general,,Twitter
Dallas17,Authorized,32.739229,-96.682466,1530 S Buckner Blvd,75217,Wed Oct 26 01:53:17 +0000 2016,RT @JTeespeak: So great hangin w/ @GavinDeGraw thx to @DFWAcuraDealers @McDonalds &amp; @ATT  @JackFMDFW @MoreHits1037 https://t.co/V4rDDvLfkB,Positive,78.6970,general,general,,Twitter
Dallas17,Authorized,32.739229,-96.682466,1530 S Buckner Blvd,75217,Wed Oct 26 01:39:11 +0000 2016,RT @JTeespeak: So great hangin w/ @GavinDeGraw thx to @DFWAcuraDealers @McDonalds &amp; @ATT  @JackFMDFW @MoreHits1037 https://t.co/V4rDDvLfkB,Positive,78.6970,general,general,,Twitter
Dallas17,Authorized,32.739229,-96.682466,1530 S Buckner Blvd,75217,Wed Oct 26 01:38:10 +0000 2016,RT @ATT: Welcome to the team! @taylorswift13 https://t.co/4h86nLYuLo https://t.co/gAHOi7fPrZ,Positive,84.3125,general,general,,Twitter
Dallas17,Authorized,32.739229,-96.682466,1530 S Buckner Blvd,75217,Wed Oct 26 01:22:20 +0000 2016,RT @JTeespeak: So great hangin w/ @GavinDeGraw thx to @DFWAcuraDealers @McDonalds &amp; @ATT  @JackFMDFW @MoreHits1037 https://t.co/V4rDDvLfkB,Positive,78.6970,general,general,,Twitter
Dallas17,Authorized,32.739229,-96.682466,1530 S Buckner Blvd,75217,Wed Oct 26 01:21:33 +0000 2016,RT @Justin_Fickle: @DIRECTV @DIRECTVService worst customer service experience I've ever had.  I was a customer for over 4+ yrs and spent th…,Negative,95.1745,directv,store experience,,Twitter
Dallas17,Authorized,32.739229,-96.682466,1530 S Buckner Blvd,75217,Wed Oct 26 01:19:42 +0000 2016,RT @jasoncaston: Well played @ATT .. your move @Sling // AT&amp;T Undercuts Cable TV With $35 Internet Streaming Service https://t.co/k7ejWzNT2…,Positive,88.1753,general,general,,Twitter
Dallas17,Authorized,32.739229,-96.682466,1530 S Buckner Blvd,75217,Wed Oct 26 01:17:43 +0000 2016,Well played @ATT .. your move @Sling // AT&amp;T Undercuts Cable TV With $35 Internet Streaming Service… https://t.co/h03oDQPtMG,Positive,88.1753,general,general,,Twitter
Dallas17,Authorized,32.739229,-96.682466,1530 S Buckner Blvd,75217,Wed Oct 26 00:43:32 +0000 2016,RT @ATT: Get a sweet deal on the new iPhone 7 when you switch to AT&amp;T and have DIRECTV. https://t.co/TQVeUkmeZ6 https://t.co/zfZmNpe8AP,Positive,98.0584,directv,general,,Twitter
Dallas17,Authorized,32.739229,-96.682466,1530 S Buckner Blvd,75217,Wed Oct 26 00:42:33 +0000 2016,RT @ATT: Welcome to the team! @taylorswift13 https://t.co/4h86nLYuLo https://t.co/gAHOi7fPrZ,Positive,84.3125,general,general,,Twitter
Dallas17,Authorized,32.739229,-96.682466,1530 S Buckner Blvd,75217,Wed Oct 26 00:33:16 +0000 2016,RT @ATT: Get a sweet deal on the new iPhone 7 when you switch to AT&amp;T and have DIRECTV. https://t.co/TQVeUkmeZ6 https://t.co/zfZmNpe8AP,Positive,98.0584,directv,general,,Twitter
Dallas17,Authorized,32.739229,-96.682466,1530 S Buckner Blvd,75217,Wed Oct 26 00:33:10 +0000 2016,RT @Uverse: It’s time to break out your cowboy boots for @GarthBrooks + @ATT’s exclusive country music concert on 11/10 at 8/7c. https://t.…,Positive,77.7384,uverse,general,,Twitter
Dallas17,Authorized,32.739229,-96.682466,1530 S Buckner Blvd,75217,Wed Oct 26 00:25:28 +0000 2016,RT @tannerthehammer: @ATT might have the worst customer service out there. Honestly should consider changing dept name to Customer Disservi…,Negative,99.9518,general,general,,Twitter
Dallas17,Authorized,32.739229,-96.682466,1530 S Buckner Blvd,75217,Wed Oct 26 00:23:54 +0000 2016,RT @DMNBiz: The Latin America assets of @ATT could figure more prominently after Time Warner deal https://t.co/Op4NIy095z | @Melissa_Repko…,Positive,74.4417,general,general,,Twitter
Dallas17,Authorized,32.739229,-96.682466,1530 S Buckner Blvd,75217,Wed Oct 26 00:18:28 +0000 2016,RT @Uverse: It’s time to break out your cowboy boots for @GarthBrooks + @ATT’s exclusive country music concert on 11/10 at 8/7c. https://t.…,Positive,77.7384,uverse,general,,Twitter
Dallas17,Authorized,32.739229,-96.682466,1530 S Buckner Blvd,75217,Wed Oct 26 00:17:34 +0000 2016,RT @ATT: Get a sweet deal on the new iPhone 7 when you switch to AT&amp;T and have DIRECTV. https://t.co/TQVeUkmeZ6 https://t.co/zfZmNpe8AP,Positive,98.0584,directv,general,,Twitter
Dallas17,Authorized,32.739229,-96.682466,1530 S Buckner Blvd,75217,Wed Oct 26 00:10:35 +0000 2016,RT @ATT: Welcome to the team! @taylorswift13 https://t.co/4h86nLYuLo https://t.co/gAHOi7fPrZ,Positive,84.3125,general,general,,Twitter
Dallas17,Authorized,32.739229,-96.682466,1530 S Buckner Blvd,75217,Wed Oct 26 00:08:55 +0000 2016,It’s time to break out your cowboy boots for @GarthBrooks + @ATT’s exclusive country music concert on 11/10 at 8/7c… https://t.co/RDR8X0p98Y,Positive,77.7384,general,general,,Twitter
Dallas17,Authorized,32.739229,-96.682466,1530 S Buckner Blvd,75217,Wed Oct 26 00:06:30 +0000 2016,The Latin America assets of @ATT could figure more prominently after Time Warner deal https://t.co/Op4NIy095z |… https://t.co/U1GMQpxAIk,Positive,74.4417,general,general,,Twitter
Dallas17,Authorized,32.739229,-96.682466,1530 S Buckner Blvd,75217,Wed Oct 26 00:02:12 +0000 2016,RT @ATT: Welcome to the team! @taylorswift13 https://t.co/4h86nLYuLo https://t.co/gAHOi7fPrZ,Positive,84.3125,general,general,,Twitter
Dallas17,Authorized,32.739229,-96.682466,1530 S Buckner Blvd,75217,Tue Oct 25 23:42:17 +0000 2016,"@BobsFunGirl Possible alternative plan. I'll see later. I'm just tired of being dicked around by @Uverse, @MLB, and @MLBONFOX.",Negative,79.0068,uverse,general,,Twitter
Dallas17,Authorized,32.739229,-96.682466,1530 S Buckner Blvd,75217,Tue Oct 25 23:36:10 +0000 2016,How have Texas lawmakers reacted to @ATT's megamerger? Mostly with silence | https://t.co/e1F0k2g03S @tombenning https://t.co/RgXes9gcyK,Neutral,53.7855,general,general,,Twitter
Dallas17,Authorized,32.739229,-96.682466,1530 S Buckner Blvd,75217,Tue Oct 25 23:35:05 +0000 2016,"Oh cool, the Series is on Fox broadcast only, which I can't watch via @Uverse on my PC (unlike FS1). Awesome job, everyone. Thanks a lot.",Positive,93.6980,uverse,general,,Twitter
Dallas17,Authorized,32.739229,-96.682466,1530 S Buckner Blvd,75217,Tue Oct 25 23:34:33 +0000 2016,Dallas-based @ATT accused of profiting from decades of #hemisphere #surveillance data. #ATT @SteveBrownDMN… https://t.co/gZmy2Vq0o1,Neutral,50.0000,general,general,,Twitter
Dallas17,Authorized,32.739229,-96.682466,1530 S Buckner Blvd,75217,Tue Oct 25 23:21:58 +0000 2016,@GavinDeGraw @DFWAcuraDealers @McDonalds @ATT @JackFMDFW @MoreHits1037 thank u brotha!,Neutral,50.0000,general,general,,Twitter
Dallas17,Authorized,32.739229,-96.682466,1530 S Buckner Blvd,75217,Tue Oct 25 23:21:47 +0000 2016,"On the @verizonfios/@FrontierCorp app, it was right on the home page. 1 click. The @DIRECTV #ux, on the other hand, is so terrible!",Negative,99.5363,directv,general,,Twitter
Dallas17,Authorized,32.739229,-96.682466,1530 S Buckner Blvd,75217,Tue Oct 25 23:21:31 +0000 2016,@GavinDeGraw @DFWAcuraDealers @McDonalds @ATT @JackFMDFW @MoreHits1037 thx Gavin!,Neutral,50.0000,general,general,,Twitter
Dallas17,Authorized,32.739229,-96.682466,1530 S Buckner Blvd,75217,Tue Oct 25 23:18:50 +0000 2016,"The #UX to get to a live channel on the @DIRECTV app is so bad! Look at how many steps tmit takes to get to @MSNBC,… https://t.co/ipHwTfZcLH",Negative,99.8920,directv,general,,Twitter
Dallas17,Authorized,32.739229,-96.682466,1530 S Buckner Blvd,75217,Tue Oct 25 23:12:13 +0000 2016,Seriously fuck @ATT https://t.co/vZIzHeSjOR,Negative,70.2599,general,general,,Twitter
Dallas17,Authorized,32.739229,-96.682466,1530 S Buckner Blvd,75217,Tue Oct 25 22:56:04 +0000 2016,"RT @ATT: @JenSwirsky Jen, you're making our day! Thanks for the #ATTLove. https://t.co/isGmJhfqMn",Positive,64.5669,general,general,,Twitter
Dallas17,Authorized,32.739229,-96.682466,1530 S Buckner Blvd,75217,Tue Oct 25 22:56:00 +0000 2016,"RT @ATT: @RileysCronicles You just made OUR day, Riley! Thanks for sharing the #ATTLove https://t.co/gSLNy4EDYz",Neutral,61.1786,general,general,,Twitter
Dallas17,Authorized,32.739229,-96.682466,1530 S Buckner Blvd,75217,Tue Oct 25 22:52:02 +0000 2016,RT @JTeespeak: So great hangin w/ @GavinDeGraw thx to @DFWAcuraDealers @McDonalds &amp; @ATT  @JackFMDFW @MoreHits1037 https://t.co/V4rDDvLfkB,Positive,78.6970,general,general,,Twitter
Dallas17,Authorized,32.739229,-96.682466,1530 S Buckner Blvd,75217,Tue Oct 25 22:51:58 +0000 2016,RT @ATT: Another reason to smile for the camera. The #LGV20 from @LGUSAMobile will be available in stores starting today. https://t.co/TILu…,Positive,86.0616,general,general,,Twitter
Dallas17,Authorized,32.739229,-96.682466,1530 S Buckner Blvd,75217,Tue Oct 25 22:46:53 +0000 2016,RT @JTeespeak: So great hangin w/ @GavinDeGraw thx to @DFWAcuraDealers @McDonalds &amp; @ATT  @JackFMDFW @MoreHits1037 https://t.co/V4rDDvLfkB,Positive,78.6970,general,general,,Twitter
Dallas17,Authorized,32.739229,-96.682466,1530 S Buckner Blvd,75217,Tue Oct 25 22:45:59 +0000 2016,RT @ATT: Welcome to the team! @taylorswift13 https://t.co/4h86nLYuLo https://t.co/gAHOi7fPrZ,Positive,84.3125,general,general,,Twitter
Dallas17,Authorized,32.739229,-96.682466,1530 S Buckner Blvd,75217,Tue Oct 25 22:37:15 +0000 2016,"RT @DMNBiz: Can @ATT and @twxcorp avoid a left-brain, right-brain culture clash? https://t.co/on1Vg17AJu | @MitchSchnurman https://t.co/SHv…",Negative,72.6224,general,general,,Twitter
Dallas17,Authorized,32.739229,-96.682466,1530 S Buckner Blvd,75217,Tue Oct 25 22:35:53 +0000 2016,"RT @DMNBiz: Can @ATT and @twxcorp avoid a left-brain, right-brain culture clash? https://t.co/on1Vg17AJu | @MitchSchnurman https://t.co/SHv…",Negative,72.6224,general,general,,Twitter
Dallas17,Authorized,32.739229,-96.682466,1530 S Buckner Blvd,75217,Tue Oct 25 22:35:27 +0000 2016,"Can @ATT and @twxcorp avoid a left-brain, right-brain culture clash? https://t.co/on1Vg17AJu | @MitchSchnurman https://t.co/SHvLS8SbgU",Negative,72.6224,general,general,,Twitter
Dallas17,Authorized,32.739229,-96.682466,1530 S Buckner Blvd,75217,Tue Oct 25 22:30:10 +0000 2016,RT @JTeespeak: So great hangin w/ @GavinDeGraw thx to @DFWAcuraDealers @McDonalds &amp; @ATT  @JackFMDFW @MoreHits1037 https://t.co/V4rDDvLfkB,Positive,78.6970,general,general,,Twitter
Dallas17,Authorized,32.739229,-96.682466,1530 S Buckner Blvd,75217,Tue Oct 25 22:28:41 +0000 2016,So great hangin w/ @GavinDeGraw thx to @DFWAcuraDealers @McDonalds &amp; @ATT  @JackFMDFW @MoreHits1037 https://t.co/V4rDDvLfkB,Positive,78.6970,general,general,,Twitter
Dallas17,Authorized,32.739229,-96.682466,1530 S Buckner Blvd,75217,Tue Oct 25 22:06:00 +0000 2016,PETITION: Fight corporate control of the news. Stop the @ATT-@twxcorp merger! https://t.co/sJ19Ho6sTD via @demandprogress,Neutral,57.6583,general,general,,Twitter
Dallas17,Authorized,32.739229,-96.682466,1530 S Buckner Blvd,75217,Tue Oct 25 21:56:36 +0000 2016,@DIRECTV @DIRECTVService worst customer service experience I've ever had.  I was a customer for over 4+ yrs and spent thousands.#neveragain,Negative,95.1745,directv,store experience,,Twitter
Dallas17,Authorized,32.739229,-96.682466,1530 S Buckner Blvd,75217,Tue Oct 25 21:50:11 +0000 2016,RT @ATT: Welcome to the team! @taylorswift13 https://t.co/4h86nLYuLo https://t.co/gAHOi7fPrZ,Positive,84.3125,general,general,,Twitter
Dallas17,Authorized,32.739229,-96.682466,1530 S Buckner Blvd,75217,Tue Oct 25 21:37:28 +0000 2016,RT @ATT: Welcome to the team! @taylorswift13 https://t.co/4h86nLYuLo https://t.co/gAHOi7fPrZ,Positive,84.3125,general,general,,Twitter
Dallas17,Authorized,32.739229,-96.682466,1530 S Buckner Blvd,75217,Tue Oct 25 21:35:15 +0000 2016,"RT @ATT: Mother Nature is unpredictable, so we rely on our Network Disaster Recovery team to connect you when you need it most. https://t.c…",Positive,77.2863,general,general,,Twitter
Dallas17,Authorized,32.739229,-96.682466,1530 S Buckner Blvd,75217,Tue Oct 25 21:24:16 +0000 2016,The AT&amp;T Aspire Accelerator 2016 companies pitch their #edtech solutions at the Entrepreneur Showcase at @ATT headq… https://t.co/Zlapa0uBsk,Neutral,56.2586,general,general,,Twitter
Dallas17,Authorized,32.739229,-96.682466,1530 S Buckner Blvd,75217,Tue Oct 25 21:14:52 +0000 2016,RT @dallasnews: How to talk about the @ATT-@twxcorp deal like an insider https://t.co/RwdVfXVliJ | @Melissa_Repko https://t.co/is1kfuOhar,Neutral,60.7870,general,general,,Twitter
Dallas17,Authorized,32.739229,-96.682466,1530 S Buckner Blvd,75217,Tue Oct 25 21:14:27 +0000 2016,RT @dallasnews: How to talk about the @ATT-@twxcorp deal like an insider https://t.co/RwdVfXVliJ | @Melissa_Repko https://t.co/is1kfuOhar,Neutral,60.7870,general,general,,Twitter
Dallas17,Authorized,32.739229,-96.682466,1530 S Buckner Blvd,75217,Tue Oct 25 21:14:03 +0000 2016,How to talk about the @ATT-@twxcorp deal like an insider https://t.co/RwdVfXVliJ | @Melissa_Repko https://t.co/is1kfuOhar,Neutral,60.7870,general,general,,Twitter
Dallas17,Authorized,32.739229,-96.682466,1530 S Buckner Blvd,75217,Tue Oct 25 21:13:42 +0000 2016,RT @dallasnews: How to talk about the @ATT-@twxcorp deal like an insider https://t.co/RwdVfXVliJ | @Melissa_Repko https://t.co/C58eyEbuSU,Neutral,60.7870,general,general,,Twitter
Dallas17,Authorized,32.739229,-96.682466,1530 S Buckner Blvd,75217,Tue Oct 25 21:13:16 +0000 2016,How to talk about the @ATT-@twxcorp deal like an insider https://t.co/RwdVfXVliJ | @Melissa_Repko https://t.co/C58eyEbuSU,Neutral,60.7870,general,general,,Twitter
Dallas17,Authorized,32.739229,-96.682466,1530 S Buckner Blvd,75217,Tue Oct 25 21:03:01 +0000 2016,"Via @Gizmodo: w/ #DirecTVNow, spying for profit, and the #TimeWarner acquisition, @ATT is having a busy week: https://t.co/DpzghdWo3d",Neutral,52.8672,general,general,,Twitter
Dallas17,Authorized,32.739229,-96.682466,1530 S Buckner Blvd,75217,Tue Oct 25 20:55:28 +0000 2016,@ATT care to explain to your customers why you are selling out data to local law enforcement? https://t.co/0dRIVjBM13,Negative,89.8669,general,general,,Twitter
Dallas17,Authorized,32.739229,-96.682466,1530 S Buckner Blvd,75217,Tue Oct 25 20:54:16 +0000 2016,@WIRED @ATT *sent from my ATT phone,Neutral,50.0000,general,general,,Twitter
Dallas17,Authorized,32.739229,-96.682466,1530 S Buckner Blvd,75217,Tue Oct 25 20:48:07 +0000 2016,@WIRED @ATT go fuck yourself,Neutral,60.4042,general,general,,Twitter
Dallas17,Authorized,32.739229,-96.682466,1530 S Buckner Blvd,75217,Tue Oct 25 20:36:44 +0000 2016,How to talk about the @ATT-@twxcorp deal like an insider https://t.co/BS8al09DpH | @Melissa_Repko https://t.co/7vea93Urim,Neutral,60.7870,general,general,,Twitter
Dallas17,Authorized,32.739229,-96.682466,1530 S Buckner Blvd,75217,Tue Oct 25 20:30:54 +0000 2016,RT @ATT: Welcome to the team! @taylorswift13 https://t.co/4h86nLYuLo https://t.co/gAHOi7fPrZ,Positive,84.3125,general,general,,Twitter
Dallas17,Authorized,32.739229,-96.682466,1530 S Buckner Blvd,75217,Tue Oct 25 20:25:56 +0000 2016,RT @ATT: Welcome to the team! @taylorswift13 https://t.co/4h86nLYuLo https://t.co/gAHOi7fPrZ,Positive,84.3125,general,general,,Twitter
Dallas17,Authorized,32.739229,-96.682466,1530 S Buckner Blvd,75217,Tue Oct 25 20:21:05 +0000 2016,Because they really dont care and since they are behind a computer it takes any customer service they may have had… https://t.co/eE4PRqZ6Qc,Negative,77.6107,general,general,,Twitter
Dallas17,Authorized,32.739229,-96.682466,1530 S Buckner Blvd,75217,Tue Oct 25 20:19:05 +0000 2016,They don't seem to care @att or their #chat team! https://t.co/0GH6zywBr6,Negative,94.3358,general,general,,Twitter
Dallas17,Authorized,32.739229,-96.682466,1530 S Buckner Blvd,75217,Tue Oct 25 20:16:25 +0000 2016,Pathetic @ATT yr agent makes mistake (all on chat) and now another agent tells me I have to play by your rules??? Glad to have screen shots!,Neutral,50.8035,general,general,,Twitter
Dallas17,Authorized,32.739229,-96.682466,1530 S Buckner Blvd,75217,Tue Oct 25 20:14:01 +0000 2016,Since when do you merge two accounts @ATT and expect your consumers to be strong armed into your methods??? #attsucks #terribleservice,Negative,79.4791,general,general,,Twitter
Dallas17,Authorized,32.739229,-96.682466,1530 S Buckner Blvd,75217,Tue Oct 25 20:04:37 +0000 2016,RT @ATT: Welcome to the team! @taylorswift13 https://t.co/4h86nLYuLo https://t.co/gAHOi7fPrZ,Positive,84.3125,general,general,,Twitter
Dallas17,Authorized,32.739229,-96.682466,1530 S Buckner Blvd,75217,Tue Oct 25 19:50:54 +0000 2016,Which I could say I was shocked when a reply in a DM from @ATTCares asked me to DM them for more information. 😂😂😂😂😂 #jokesonme,Negative,94.5020,general,general,,Twitter
Dallas17,Authorized,32.739229,-96.682466,1530 S Buckner Blvd,75217,Tue Oct 25 19:31:19 +0000 2016,RT @ATT: Welcome to the team! @taylorswift13 https://t.co/4h86nLYuLo https://t.co/gAHOi7fPrZ,Positive,84.3125,general,general,,Twitter
Dallas17,Authorized,32.739229,-96.682466,1530 S Buckner Blvd,75217,Tue Oct 25 18:27:17 +0000 2016,@ATT might have the worst customer service out there. Honestly should consider changing dept name to Customer Disservice.,Negative,99.9518,general,general,,Twitter
