Dallas13,Authorized,32.845283,-96.787396,6417 Hillcrest Ave,75205,Mon Oct 24 19:18:24 +0000 2016,RT @ATTBusiness: #IoT makes reaching into this vending machine like reaching into a garden. Check it out: https://t.co/1Dk54D1pvz #National…,Positive,86.5104,general,general,,Twitter
Dallas13,Authorized,32.845283,-96.787396,6417 Hillcrest Ave,75205,Mon Oct 24 19:17:28 +0000 2016,RT @ATTBusiness: #IoT makes reaching into this vending machine like reaching into a garden. Check it out: https://t.co/1Dk54D1pvz #National…,Positive,86.5104,general,general,,Twitter
Dallas13,Authorized,32.845283,-96.787396,6417 Hillcrest Ave,75205,Mon Oct 24 19:17:25 +0000 2016,RT @ATT: Welcome to the team! @taylorswift13 https://t.co/4h86nLYuLo https://t.co/gAHOi7fPrZ,Positive,84.3125,general,general,,Twitter
Dallas13,Authorized,32.845283,-96.787396,6417 Hillcrest Ave,75205,Mon Oct 24 19:16:38 +0000 2016,.@ATT CEO Randall Stephenson confident @twxcorp merger will get past regulators https://t.co/2Re2eGzanm… https://t.co/uFJtIpUZdN,Positive,82.2634,general,general,,Twitter
Dallas13,Authorized,32.845283,-96.787396,6417 Hillcrest Ave,75205,Mon Oct 24 19:14:42 +0000 2016,RT @ATTLatino: Puertorriqueña. Inspiradora. Luchadora. @DeniseBidot habla sobre su pasión por romper estereotipos. https://t.co/PBiBGpnolH…,Neutral,50.0000,general,general,,Twitter
Dallas13,Authorized,32.845283,-96.787396,6417 Hillcrest Ave,75205,Mon Oct 24 19:14:09 +0000 2016,In 231 gms under Stoops prior to TT @OU_Football opp had converted 10+ 3rd downs 12 times (max-13). Only 9 gms of 20 3rd down att. #Sooners,Positive,71.7875,general,general,,Twitter
Dallas13,Authorized,32.845283,-96.787396,6417 Hillcrest Ave,75205,Mon Oct 24 19:13:25 +0000 2016,RT @ATT: Another reason to smile for the camera. The #LGV20 from @LGUSAMobile will be available in stores starting today. https://t.co/TILu…,Positive,86.0616,general,general,,Twitter
Dallas13,Authorized,32.845283,-96.787396,6417 Hillcrest Ave,75205,Mon Oct 24 19:11:21 +0000 2016,RT @ATTBusiness: Cybersecurity preparedness starts w/ a strong incident response plan. Get info to help shield your org from attack: https:…,Positive,89.9643,general,general,,Twitter
Dallas13,Authorized,32.845283,-96.787396,6417 Hillcrest Ave,75205,Mon Oct 24 19:11:07 +0000 2016,RT @ATT: Another reason to smile for the camera. The #LGV20 from @LGUSAMobile will be available in stores starting today. https://t.co/TILu…,Positive,86.0616,general,general,,Twitter
Dallas13,Authorized,32.845283,-96.787396,6417 Hillcrest Ave,75205,Mon Oct 24 19:09:53 +0000 2016,@russellbrandom @reckless ATT has fiber,Neutral,52.9381,fiber,general,,Twitter
Dallas13,Authorized,32.845283,-96.787396,6417 Hillcrest Ave,75205,Mon Oct 24 19:05:50 +0000 2016,"Stephenson: AT&amp;T, Time Warner Deal ‘Defining the Future of Media’: Randall Stephenson, CEO of Dallas-based AT&amp;T,… https://t.co/jQHLTbHMUI",Positive,96.0453,general,general,,Twitter
Dallas13,Authorized,32.845283,-96.787396,6417 Hillcrest Ave,75205,Mon Oct 24 19:05:34 +0000 2016,@ATT and @twxcorp merger could mean great packages for DirectTV Now and Uverse consumers.,Neutral,57.2378,uverse,general,,Twitter
Dallas13,Authorized,32.845283,-96.787396,6417 Hillcrest Ave,75205,Mon Oct 24 19:02:54 +0000 2016,"Stephenson: AT&amp;T, Time Warner Deal ‘Defining the Future of Media’ https://t.co/ib6qJ894zy",Positive,89.4181,general,general,,Twitter
Dallas13,Authorized,32.845283,-96.787396,6417 Hillcrest Ave,75205,Mon Oct 24 19:02:52 +0000 2016,"Stephenson: AT&amp;T, Time Warner Deal ‘Defining the Future of Media’: Randall Stephenson, CEO of Dallas-based AT&amp;T,… https://t.co/GSmyHPYooJ",Positive,96.0453,general,general,,Twitter
Dallas13,Authorized,32.845283,-96.787396,6417 Hillcrest Ave,75205,Mon Oct 24 19:02:47 +0000 2016,"Stephenson: AT&amp;T, Time Warner Deal ‘Defining the Future of Media’: Randall Stephenson, CEO of Dallas-based AT&amp;T,… https://t.co/7ERuP7FJwt",Positive,96.0453,general,general,,Twitter
Dallas13,Authorized,32.845283,-96.787396,6417 Hillcrest Ave,75205,Mon Oct 24 19:02:45 +0000 2016,"Stephenson: AT&amp;T, Time Warner Deal ‘Defining the Future of Media’: Randall Stephenson, CEO of Dallas-based AT&amp;T,… https://t.co/wzKzuJlJav",Positive,96.0453,general,general,,Twitter
Dallas13,Authorized,32.845283,-96.787396,6417 Hillcrest Ave,75205,Mon Oct 24 19:00:05 +0000 2016,#IoT makes reaching into this vending machine like reaching into a garden. Check it out: https://t.co/1Dk54D1pvz… https://t.co/HsycbxAwFE,Positive,86.5104,general,general,,Twitter
Dallas13,Authorized,32.845283,-96.787396,6417 Hillcrest Ave,75205,Mon Oct 24 18:59:09 +0000 2016,"Don't expect a change in viewpoint for CNN, AT&amp;T chief says https://t.co/oYaURY2xEH | @agarre https://t.co/SMyURjsDIF",Neutral,55.5436,general,general,,Twitter
Dallas13,Authorized,32.845283,-96.787396,6417 Hillcrest Ave,75205,Mon Oct 24 18:49:36 +0000 2016,RT @ATT: The #futureofvideo is mobile and the #futureofmobile is video. Time Warner + AT&amp;T make it happen! @twxcorp https://t.co/GKx4U9TQYg,Neutral,56.0321,general,general,,Twitter
Dallas13,Authorized,32.845283,-96.787396,6417 Hillcrest Ave,75205,Mon Oct 24 18:48:08 +0000 2016,RT @attJOBS: Last year we donated $1M to @GirlsWhoCode &amp; the future careers of women technologists everywhere! #GHC16 https://t.co/rKDF99f5…,Positive,98.7368,general,general,,Twitter
Dallas13,Authorized,32.845283,-96.787396,6417 Hillcrest Ave,75205,Mon Oct 24 18:47:38 +0000 2016,"RT @attJOBS: In honor of #LGBTHistoryMonth, we're recapping the ways we've supported the LGBT community throughout the years: https://t.co/…",Positive,95.0619,general,general,,Twitter
Dallas13,Authorized,32.845283,-96.787396,6417 Hillcrest Ave,75205,Mon Oct 24 18:47:15 +0000 2016,RT @attJOBS: Hear from Kristin how our Business Sales Leadership Development Program led to her successful career: https://t.co/aitAtDInv5…,Positive,88.5471,general,general,,Twitter
Dallas13,Authorized,32.845283,-96.787396,6417 Hillcrest Ave,75205,Mon Oct 24 18:47:09 +0000 2016,RT @attJOBS: We're helping connect youth to their first jobs by signing on to the White House's First Job Compact. Learn more: https://t.co…,Positive,91.9056,general,general,,Twitter
Dallas13,Authorized,32.845283,-96.787396,6417 Hillcrest Ave,75205,Mon Oct 24 18:46:52 +0000 2016,RT @attJOBS: You don't have to go back to school to continue learning. Try these tips to learn something new: https://t.co/N1AjraH8jR #Moti…,Neutral,50.1178,general,general,,Twitter
Dallas13,Authorized,32.845283,-96.787396,6417 Hillcrest Ave,75205,Mon Oct 24 18:39:22 +0000 2016,@sixdolla We love your need for speed! Enjoy your AT&amp;T Fiber. 😊,Positive,72.9664,fiber,general,,Twitter
Dallas13,Authorized,32.845283,-96.787396,6417 Hillcrest Ave,75205,Mon Oct 24 18:32:00 +0000 2016,RT @ATT: Another reason to smile for the camera. The #LGV20 from @LGUSAMobile will be available in stores starting today. https://t.co/TILu…,Positive,86.0616,general,general,,Twitter
Dallas13,Authorized,32.845283,-96.787396,6417 Hillcrest Ave,75205,Mon Oct 24 18:30:29 +0000 2016,RT @ATT: The #futureofvideo is mobile and the #futureofmobile is video. Time Warner + AT&amp;T make it happen! @twxcorp https://t.co/GKx4U9TQYg,Neutral,56.0321,general,general,,Twitter
Dallas13,Authorized,32.845283,-96.787396,6417 Hillcrest Ave,75205,Mon Oct 24 18:30:15 +0000 2016,For those interested in the consumer side: I'm jumping on @wfaachannel8 at about 4:15 this afternoon to talk @ATT,Positive,74.9951,general,general,,Twitter
Dallas13,Authorized,32.845283,-96.787396,6417 Hillcrest Ave,75205,Mon Oct 24 18:23:19 +0000 2016,"RT @ATTLatino: No importa si estas apoyando el American League o el National League, cada noche es un home run con @DIRECTV #WatchingLaTele…",Neutral,58.1591,directv,general,,Twitter
Dallas13,Authorized,32.845283,-96.787396,6417 Hillcrest Ave,75205,Mon Oct 24 18:18:51 +0000 2016,"RT @dallasnews: Trump gets litigious, AT&amp;T gets bigger, @TomiLahren wins bigly: Your weekend news digest https://t.co/tjOy7OJCri https://t.…",Negative,66.2200,general,general,,Twitter
Dallas13,Authorized,32.845283,-96.787396,6417 Hillcrest Ave,75205,Mon Oct 24 18:17:46 +0000 2016,RT @ATT: Another reason to smile for the camera. The #LGV20 from @LGUSAMobile will be available in stores starting today. https://t.co/TILu…,Positive,86.0616,general,general,,Twitter
Dallas13,Authorized,32.845283,-96.787396,6417 Hillcrest Ave,75205,Mon Oct 24 18:17:00 +0000 2016,AT&amp;T's internet-only DirecTV service launches in November - You don't have to sit on pins and needles wondering... https://t.co/WgpI63DbPK,Neutral,60.2458,directv,general,,Twitter
Dallas13,Authorized,32.845283,-96.787396,6417 Hillcrest Ave,75205,Mon Oct 24 18:16:50 +0000 2016,"This tweet is overdue, but thanks @ATTCares @Uverse for the great #customerservice! Your team identified the issue and made things right!",Positive,95.6582,uverse,general,,Twitter
Dallas13,Authorized,32.845283,-96.787396,6417 Hillcrest Ave,75205,Mon Oct 24 18:13:18 +0000 2016,RT @ATT: Welcome to the team! @taylorswift13 https://t.co/4h86nLYuLo https://t.co/gAHOi7fPrZ,Positive,84.3125,general,general,,Twitter
Dallas13,Authorized,32.845283,-96.787396,6417 Hillcrest Ave,75205,Mon Oct 24 18:11:17 +0000 2016,RT @ATT: Another reason to smile for the camera. The #LGV20 from @LGUSAMobile will be available in stores starting today. https://t.co/TILu…,Positive,86.0616,general,general,,Twitter
Dallas13,Authorized,32.845283,-96.787396,6417 Hillcrest Ave,75205,Mon Oct 24 18:10:31 +0000 2016,Another reason to smile for the camera. The #LGV20 from @LGUSAMobile will be available in stores starting today.… https://t.co/yIaoUnLMTw,Positive,69.5135,general,general,,Twitter
Dallas13,Authorized,32.845283,-96.787396,6417 Hillcrest Ave,75205,Mon Oct 24 18:08:03 +0000 2016,"AT&amp;T acquisition of Time Warner could present content, advertising opportunities https://t.co/QffmxVB9X1",Negative,67.4883,general,general,,Twitter
Dallas13,Authorized,32.845283,-96.787396,6417 Hillcrest Ave,75205,Mon Oct 24 18:05:30 +0000 2016,@JillCowan @ATT @dallasnews can't worry about things. Just have to shake it off!,Negative,82.3236,general,general,,Twitter
Dallas13,Authorized,32.845283,-96.787396,6417 Hillcrest Ave,75205,Mon Oct 24 18:00:04 +0000 2016,"No importa si estas apoyando el American League o el National League, cada noche es un home run con @DIRECTV… https://t.co/hnJthAv0cB",Neutral,58.1591,directv,general,,Twitter
Dallas13,Authorized,32.845283,-96.787396,6417 Hillcrest Ave,75205,Mon Oct 24 17:52:56 +0000 2016,AT&amp;T debuts Cuba roaming https://t.co/oFIQzht2IP #attemployee https://t.co/C0GaQLrnUu,Neutral,50.0000,general,general,,Twitter
Dallas13,Authorized,32.845283,-96.787396,6417 Hillcrest Ave,75205,Mon Oct 24 17:52:11 +0000 2016,"@TheNETwork_Natl 
AT&amp;T Hiring Sales Executive Field Sales #Des Peres, MO. Spread the word about the good #LifeAtATT… https://t.co/lBdq02UVpC",Negative,77.6346,general,general,,Twitter
Dallas13,Authorized,32.845283,-96.787396,6417 Hillcrest Ave,75205,Mon Oct 24 17:51:54 +0000 2016,"""AT&amp;T and Time Warner Seek to Mollify Deal’s Critics"" by LESLIE PICKER via NYT The New York Times https://t.co/oCf1Nn0dei",Positive,97.2203,general,general,,Twitter
Dallas13,Authorized,32.845283,-96.787396,6417 Hillcrest Ave,75205,Mon Oct 24 17:51:07 +0000 2016,"@WomenOfATT_ERG 
AT&amp;T Hiring Sales Executive Field Sales #Des Peres, MO. Spread the word about the good #LifeAtATT.… https://t.co/4az2gLQRQc",Negative,77.6346,general,general,,Twitter
Dallas13,Authorized,32.845283,-96.787396,6417 Hillcrest Ave,75205,Mon Oct 24 17:50:50 +0000 2016,"RT @ATTBusiness: Your org faces cyberthreats at every turn, but you're not alone. Be #cyberaware with our new cybersecurity report: https:/…",Neutral,52.3309,general,general,,Twitter
Dallas13,Authorized,32.845283,-96.787396,6417 Hillcrest Ave,75205,Mon Oct 24 17:50:23 +0000 2016,RT @RickTweetTweet: Breaking News!!! AT&amp;T to Acquire Time Warner! My family just got bigger! #LifeAtATT  #TimeWarner https://t.co/RUAJa5ciO…,Positive,81.6545,general,general,,Twitter
Dallas13,Authorized,32.845283,-96.787396,6417 Hillcrest Ave,75205,Mon Oct 24 17:49:30 +0000 2016,RT @ATTBusiness: SDN + #AI is like peanut butter + jelly. Find out why it's a perfect combination: https://t.co/OrfatAuWXA https://t.co/51x…,Positive,91.9239,general,general,,Twitter
Dallas13,Authorized,32.845283,-96.787396,6417 Hillcrest Ave,75205,Mon Oct 24 17:49:10 +0000 2016,"@LEAGUEatATT 
AT&amp;T Hiring Sales Executive Field Sales #Des Peres, MO. Spread the word about the good #LifeAtATT.… https://t.co/rerVQkHtFI",Negative,77.6346,general,general,,Twitter
Dallas13,Authorized,32.845283,-96.787396,6417 Hillcrest Ave,75205,Mon Oct 24 17:47:34 +0000 2016,"@jilliangaier @CNN most likely that  will get more subscribers due to @att's vast userbase. Other than that, probably nothing will change.",Negative,82.3574,general,general,,Twitter
Dallas13,Authorized,32.845283,-96.787396,6417 Hillcrest Ave,75205,Mon Oct 24 17:43:59 +0000 2016,RT @ATTBusiness: SDN + #AI is like peanut butter + jelly. Find out why it's a perfect combination: https://t.co/OrfatAuWXA https://t.co/51x…,Positive,91.9239,general,general,,Twitter
Dallas13,Authorized,32.845283,-96.787396,6417 Hillcrest Ave,75205,Mon Oct 24 17:40:45 +0000 2016,RT @ATTBusiness: SDN + #AI is like peanut butter + jelly. Find out why it's a perfect combination: https://t.co/OrfatAuWXA https://t.co/51x…,Positive,91.9239,general,general,,Twitter
Dallas13,Authorized,32.845283,-96.787396,6417 Hillcrest Ave,75205,Mon Oct 24 17:40:36 +0000 2016,They expect constant connection  mobility  and innovation https://t.co/nrmXqjKfQV #mobile #attemployee,Neutral,54.6944,general,general,,Twitter
Dallas13,Authorized,32.845283,-96.787396,6417 Hillcrest Ave,75205,Mon Oct 24 17:39:47 +0000 2016,"RT @ATT: @joeharris_stl I'm glad we were able to turn that around, Joe! https://t.co/pAJKrKvqHc",Neutral,61.1784,general,general,,Twitter
Dallas13,Authorized,32.845283,-96.787396,6417 Hillcrest Ave,75205,Mon Oct 24 17:36:57 +0000 2016,RT @DallasInnovates: .@att CEO says $86B deal for @twxcorp would hasten #innovation https://t.co/gOr9K1V9AA https://t.co/1rV7isJMP2,Neutral,54.5202,general,general,,Twitter
Dallas13,Authorized,32.845283,-96.787396,6417 Hillcrest Ave,75205,Mon Oct 24 17:35:36 +0000 2016,RT @ATT: Welcome to the team! @taylorswift13 https://t.co/4h86nLYuLo https://t.co/gAHOi7fPrZ,Positive,84.3125,general,general,,Twitter
Dallas13,Authorized,32.845283,-96.787396,6417 Hillcrest Ave,75205,Mon Oct 24 17:32:15 +0000 2016,❤️Companies that show their support for their Admins! #dallasadminawards @trunkclub @SouthwestAir @OmniDallas @jcpenney @DallasStars @ATT,Positive,70.8359,general,general,,Twitter
Dallas13,Authorized,32.845283,-96.787396,6417 Hillcrest Ave,75205,Mon Oct 24 17:30:36 +0000 2016,RT @DallasInnovates: .@att CEO says $86B deal for @twxcorp would hasten #innovation https://t.co/gOr9K1V9AA https://t.co/1rV7isJMP2,Neutral,54.5202,general,general,,Twitter
Dallas13,Authorized,32.845283,-96.787396,6417 Hillcrest Ave,75205,Mon Oct 24 17:30:36 +0000 2016,@ATT CEO Randall Stephenson confident Time Warner merger will get past regulators https://t.co/QhFBlHyiUe via @dallasnews,Positive,89.1523,general,general,,Twitter
Dallas13,Authorized,32.845283,-96.787396,6417 Hillcrest Ave,75205,Mon Oct 24 17:30:06 +0000 2016,SDN + #AI is like peanut butter + jelly. Find out why it's a perfect combination: https://t.co/OrfatAuWXA https://t.co/51x4mQFmuW,Positive,91.9239,general,general,,Twitter
Dallas13,Authorized,32.845283,-96.787396,6417 Hillcrest Ave,75205,Mon Oct 24 17:28:03 +0000 2016,RT @DallasInnovates: .@att CEO says $86B deal for @twxcorp would hasten #innovation https://t.co/gOr9K1V9AA https://t.co/1rV7isJMP2,Neutral,54.5202,general,general,,Twitter
Dallas13,Authorized,32.845283,-96.787396,6417 Hillcrest Ave,75205,Mon Oct 24 17:27:59 +0000 2016,RT @ATT: The #futureofvideo is mobile and the #futureofmobile is video. Time Warner + AT&amp;T make it happen! @twxcorp https://t.co/GKx4U9TQYg,Neutral,56.0321,general,general,,Twitter
Dallas13,Authorized,32.845283,-96.787396,6417 Hillcrest Ave,75205,Mon Oct 24 17:26:13 +0000 2016,"If merger deal fails, #ATT and Time Warner would pay big https://t.co/WXwONzftnl #DFW #Tech",Negative,69.8554,general,general,,Twitter
Dallas13,Authorized,32.845283,-96.787396,6417 Hillcrest Ave,75205,Mon Oct 24 17:24:20 +0000 2016,.@att CEO says $86B deal for @twxcorp would hasten #innovation https://t.co/gOr9K1V9AA https://t.co/1rV7isJMP2,Neutral,54.5202,general,general,,Twitter
Dallas13,Authorized,32.845283,-96.787396,6417 Hillcrest Ave,75205,Mon Oct 24 17:17:40 +0000 2016,"RT @ATT: #FootballEverywhere, 🍕, @SamsungMobile + @AnthonyAnderson = an epic game day! Watch the full video here: https://t.co/nEg01DkjCB h…",Neutral,51.3846,general,general,,Twitter
Dallas13,Authorized,32.845283,-96.787396,6417 Hillcrest Ave,75205,Mon Oct 24 17:17:05 +0000 2016,AT&amp;T to buy Time Warner in media mega-deal https://t.co/7X75Grd1Jz #TimeWarner #att #technology https://t.co/Ol0F1gvPLT,Positive,63.9246,general,general,,Twitter
Dallas13,Authorized,32.845283,-96.787396,6417 Hillcrest Ave,75205,Mon Oct 24 17:14:20 +0000 2016,https://t.co/49ZLMR0tIl https://t.co/jtYjC9k8cc,Neutral,50.0000,general,general,,Twitter
Dallas13,Authorized,32.845283,-96.787396,6417 Hillcrest Ave,75205,Mon Oct 24 17:12:20 +0000 2016,My iphone needs to hurry up and get here! 😩 @ATT,Neutral,54.2078,general,general,,Twitter
Dallas13,Authorized,32.845283,-96.787396,6417 Hillcrest Ave,75205,Mon Oct 24 17:12:00 +0000 2016,.@ATT CEO Randall Stephenson confident @twxcorp merger will get past regulators https://t.co/D8PCh3orgV… https://t.co/QR9Diiio3T,Positive,82.2634,general,general,,Twitter
Dallas13,Authorized,32.845283,-96.787396,6417 Hillcrest Ave,75205,Mon Oct 24 17:07:14 +0000 2016,RT @ATT: The #futureofvideo is mobile and the #futureofmobile is video. Time Warner + AT&amp;T make it happen! @twxcorp https://t.co/GKx4U9TQYg,Neutral,56.0321,general,general,,Twitter
Dallas13,Authorized,32.845283,-96.787396,6417 Hillcrest Ave,75205,Mon Oct 24 17:05:32 +0000 2016,Eight days left to get your 13 Nights of Halloween fix in! https://t.co/QsyOmB8p5Z #attemployee https://t.co/T61XmSss10,Neutral,61.3897,general,general,,Twitter
Dallas13,Authorized,32.845283,-96.787396,6417 Hillcrest Ave,75205,Mon Oct 24 17:05:04 +0000 2016,AT&amp;T to purchase Time Warner in $85.4B deal https://t.co/MuJzjFpak9,Positive,72.0624,general,general,,Twitter
Dallas13,Authorized,32.845283,-96.787396,6417 Hillcrest Ave,75205,Mon Oct 24 17:04:37 +0000 2016,Eight days left to get your 13 Nights of Halloween fix in! https://t.co/41sK1B3Gbq #attemployee https://t.co/1vO5mCXVad,Neutral,61.3897,general,general,,Twitter
Dallas13,Authorized,32.845283,-96.787396,6417 Hillcrest Ave,75205,Mon Oct 24 17:01:21 +0000 2016,"@stltoday 
Ready to live the good #LifeAtATT? #Hiring #Sales Executive #Field Sales #DesPeres, #SaintLouis, MO… https://t.co/KIQgZju94o",Positive,84.7736,general,general,,Twitter
Dallas13,Authorized,32.845283,-96.787396,6417 Hillcrest Ave,75205,Mon Oct 24 17:01:07 +0000 2016,RT @ATT: Get a sweet deal on the new iPhone 7 when you switch to AT&amp;T and have DIRECTV. https://t.co/TQVeUkmeZ6 https://t.co/zfZmNpe8AP,Positive,98.0584,directv,general,,Twitter
Dallas13,Authorized,32.845283,-96.787396,6417 Hillcrest Ave,75205,Mon Oct 24 17:00:19 +0000 2016,"RT @ATT: Before you vote, grab the remote and tune into the final #debatenight at 8/7c. #UNLVPresDebate https://t.co/afLxTSZMLW",Neutral,51.1513,general,general,,Twitter
Dallas13,Authorized,32.845283,-96.787396,6417 Hillcrest Ave,75205,Mon Oct 24 16:59:20 +0000 2016,RT @ATT: Welcome to the team! @taylorswift13 https://t.co/4h86nLYuLo https://t.co/gAHOi7fPrZ,Positive,84.3125,general,general,,Twitter
Dallas13,Authorized,32.845283,-96.787396,6417 Hillcrest Ave,75205,Mon Oct 24 16:57:43 +0000 2016,RT @melissa_repko: Hold on a sec: Time Warner Cable isn't part of AT&amp;T deal https://t.co/Pe32eNKepR,Positive,72.7515,general,general,,Twitter
Dallas13,Authorized,32.845283,-96.787396,6417 Hillcrest Ave,75205,Mon Oct 24 16:57:09 +0000 2016,RT @melissa_repko: Hold on a sec: Time Warner Cable isn't part of AT&amp;T deal https://t.co/Pe32eNKepR,Positive,72.7515,general,general,,Twitter
Dallas13,Authorized,32.845283,-96.787396,6417 Hillcrest Ave,75205,Mon Oct 24 16:55:44 +0000 2016,"@Y98 
Live the good #LifeAtATT. Now #Hiring #Sales Executive #Field Sales #Des
Peres, MO  https://t.co/bO52BqCzlS https://t.co/1vLKbr6p3X",Positive,74.6947,general,general,,Twitter
Dallas13,Authorized,32.845283,-96.787396,6417 Hillcrest Ave,75205,Mon Oct 24 16:54:07 +0000 2016,"@KPLR11 
Get in on the good #LifeAtATT!. #Hiring #Sales Executive #Field Sales #Des
Peres, MO… https://t.co/dC2spvZm8Z",Neutral,61.3343,general,general,,Twitter
Dallas13,Authorized,32.845283,-96.787396,6417 Hillcrest Ave,75205,Mon Oct 24 16:54:02 +0000 2016,RT @ATT: The #futureofvideo is mobile and the #futureofmobile is video. Time Warner + AT&amp;T make it happen! @twxcorp https://t.co/GKx4U9TQYg,Neutral,56.0321,general,general,,Twitter
Dallas13,Authorized,32.845283,-96.787396,6417 Hillcrest Ave,75205,Mon Oct 24 16:53:40 +0000 2016,Hold on a sec: Time Warner Cable isn't part of AT&amp;T deal https://t.co/Pe32eNKepR,Positive,72.7515,general,general,,Twitter
Dallas13,Authorized,32.845283,-96.787396,6417 Hillcrest Ave,75205,Mon Oct 24 16:53:09 +0000 2016,RT @ATT: The #futureofvideo is mobile and the #futureofmobile is video. Time Warner + AT&amp;T make it happen! @twxcorp https://t.co/GKx4U9TQYg,Neutral,56.0321,general,general,,Twitter
Dallas13,Authorized,32.845283,-96.787396,6417 Hillcrest Ave,75205,Mon Oct 24 16:50:30 +0000 2016,"@tmj_stl_jobs 
Create unlimited earning potential!  AT&amp;T #Hiring #Sales Executive #Field Sales #Des Peres, MO… https://t.co/jnXXgIF1rk",Negative,63.4022,general,general,,Twitter
Dallas13,Authorized,32.845283,-96.787396,6417 Hillcrest Ave,75205,Mon Oct 24 16:48:51 +0000 2016,"@stlpublicradio 
Create unlimited earning potential! AT&amp;T #Hiring #Sales Executive #Field Sales #Des
Peres, MO… https://t.co/nj0F8nXWF9",Negative,63.4022,general,general,,Twitter
Dallas13,Authorized,32.845283,-96.787396,6417 Hillcrest Ave,75205,Mon Oct 24 16:48:07 +0000 2016,"Stephenson: AT&amp;T, Time Warner Deal ‘Defining the Future of Media’ https://t.co/4sUdiCV56t #Business #Tech_Startups",Positive,89.4181,general,general,,Twitter
Dallas13,Authorized,32.845283,-96.787396,6417 Hillcrest Ave,75205,Mon Oct 24 16:45:06 +0000 2016,"RT @dallasnews: Trump gets litigious, AT&amp;T gets bigger, @TomiLahren wins bigly: Your weekend news digest https://t.co/tjOy7OJCri https://t.…",Negative,66.2200,general,general,,Twitter
Dallas13,Authorized,32.845283,-96.787396,6417 Hillcrest Ave,75205,Mon Oct 24 16:40:55 +0000 2016,"RT @dallasnews: Trump gets litigious, AT&amp;T gets bigger, @TomiLahren wins bigly: Your weekend news digest https://t.co/tjOy7OJCri https://t.…",Negative,66.2200,general,general,,Twitter
Dallas13,Authorized,32.845283,-96.787396,6417 Hillcrest Ave,75205,Mon Oct 24 16:31:11 +0000 2016,RT @attJOBS: Hear from Kristin how our Business Sales Leadership Development Program led to her successful career: https://t.co/aitAtDInv5…,Positive,88.5471,general,general,,Twitter
Dallas13,Authorized,32.845283,-96.787396,6417 Hillcrest Ave,75205,Mon Oct 24 16:31:08 +0000 2016,RT @attJOBS: We're helping connect youth to their first jobs by signing on to the White House's First Job Compact. Learn more: https://t.co…,Positive,91.9056,general,general,,Twitter
Dallas13,Authorized,32.845283,-96.787396,6417 Hillcrest Ave,75205,Mon Oct 24 16:29:54 +0000 2016,"RT @DanielleDigest: Stephenson: @ATT, @twxcorp Deal ‘Defining the Future of Media’
https://t.co/r1nu4O8kO4 https://t.co/64Lz26A1zN",Positive,82.6653,general,general,,Twitter
Dallas13,Authorized,32.845283,-96.787396,6417 Hillcrest Ave,75205,Mon Oct 24 16:29:49 +0000 2016,"Stephenson: @ATT, @twxcorp Deal ‘Defining the Future of Media’
https://t.co/r1nu4O8kO4 https://t.co/64Lz26A1zN",Positive,82.6653,general,general,,Twitter
Dallas13,Authorized,32.845283,-96.787396,6417 Hillcrest Ave,75205,Mon Oct 24 16:29:11 +0000 2016,"Stephenson: AT&amp;T, Time Warner Deal ‘Defining the Future of Media’: Randall Stephenson, CEO of Dallas-based AT&amp;T,… https://t.co/rmmus4EMdn",Positive,96.0453,general,general,,Twitter
Dallas13,Authorized,32.845283,-96.787396,6417 Hillcrest Ave,75205,Mon Oct 24 16:24:52 +0000 2016,"RT @ATTBusiness: Your org faces cyberthreats at every turn, but you're not alone. Be #cyberaware with our new cybersecurity report: https:/…",Neutral,52.3309,general,general,,Twitter
Dallas13,Authorized,32.845283,-96.787396,6417 Hillcrest Ave,75205,Mon Oct 24 16:23:11 +0000 2016,Hold on a sec: Time Warner Cable isn't part of #ATT deal https://t.co/3ZznGU0dq7 #DFW #Tech,Neutral,57.9407,general,general,,Twitter
Dallas13,Authorized,32.845283,-96.787396,6417 Hillcrest Ave,75205,Mon Oct 24 16:21:08 +0000 2016,Hold on a sec: Time Warner Cable isn't part of AT&amp;T deal  | Technology | Dallas News https://t.co/Rhi8yhuotL https://t.co/wuPxaglGQw,Positive,72.7515,general,general,,Twitter
Dallas13,Authorized,32.845283,-96.787396,6417 Hillcrest Ave,75205,Mon Oct 24 16:17:16 +0000 2016,"RT @ATTBusiness: Your org faces cyberthreats at every turn, but you're not alone. Be #cyberaware with our new cybersecurity report: https:/…",Neutral,52.3309,general,general,,Twitter
Dallas13,Authorized,32.845283,-96.787396,6417 Hillcrest Ave,75205,Mon Oct 24 16:16:40 +0000 2016,@pvanblaricom Hi Parker. DIRECTV customers get a free week of NBA League Pass from Oct. 25 to Nov. 1. Read more: https://t.co/u0RQjvWSfP,Negative,87.2783,directv,general,,Twitter
Dallas13,Authorized,32.845283,-96.787396,6417 Hillcrest Ave,75205,Mon Oct 24 16:16:09 +0000 2016,"RT @melissa_repko: New marketing agency lands AT&amp;T, opens shop in Dallas and plans to employ 100 people. https://t.co/KTALGnMJl9 via @dalla…",Neutral,56.5613,general,general,,Twitter
Dallas13,Authorized,32.845283,-96.787396,6417 Hillcrest Ave,75205,Mon Oct 24 16:10:57 +0000 2016,"RT @ATTBusiness: Hope you learned something new at today’s #ChatSTC. If you want to learn more, register for our free #ATTcyberconf: https:…",Negative,85.7941,general,general,,Twitter
Dallas13,Authorized,32.845283,-96.787396,6417 Hillcrest Ave,75205,Sat Oct 22 18:48:03 +0000 2016,"RT @ATT: Some people may wait a lifetime, but you don't have to. On 11/2-3, AT&amp;T customers can buy @kelly_clarkson tix early. https://t.co/…",Neutral,60.4188,general,general,,Twitter
Dallas13,Authorized,32.845283,-96.787396,6417 Hillcrest Ave,75205,Sat Oct 22 18:42:34 +0000 2016,@GameOfThrones 4 @ATT $T buys @DIRECTV &amp; @HBO 's #TimeWarner while @timarmstrongaol of @verizon buys @AOL &amp; @Yahoo… https://t.co/SaXbGlATXK,Neutral,58.3720,directv,general,,Twitter
Dallas13,Authorized,32.845283,-96.787396,6417 Hillcrest Ave,75205,Sat Oct 22 18:38:21 +0000 2016,RT @ATT: Las Vegas- Celebrate #LGBTHistoryMonth by heading over to Snapchat and using our exclusive filters! https://t.co/HiHbHuJHD1,Neutral,59.1707,general,general,,Twitter
Dallas13,Authorized,32.845283,-96.787396,6417 Hillcrest Ave,75205,Sat Oct 22 18:31:55 +0000 2016,@ATT Reaches Deal to Buy @twxcorp for More Than $80 Billion https://t.co/vCwS3Ef4uf via @WSJ,Positive,66.8452,general,general,,Twitter
Dallas13,Authorized,32.845283,-96.787396,6417 Hillcrest Ave,75205,Sat Oct 22 18:22:08 +0000 2016,"RT @ATT: Hey, Bears! @ATT + @TOMS are coming to game day this week to share their story &amp; #CelebrateGood with fans. Stop by! https://t.co/M…",Positive,88.1188,general,general,,Twitter
Dallas13,Authorized,32.845283,-96.787396,6417 Hillcrest Ave,75205,Sat Oct 22 18:19:06 +0000 2016,"RT @ATT: Some people may wait a lifetime, but you don't have to. On 11/2-3, AT&amp;T customers can buy @kelly_clarkson tix early. https://t.co/…",Neutral,60.4188,general,general,,Twitter
Dallas13,Authorized,32.845283,-96.787396,6417 Hillcrest Ave,75205,Sat Oct 22 18:17:50 +0000 2016,RT @ATT: Welcome to the team! @taylorswift13 https://t.co/4h86nLYuLo https://t.co/gAHOi7fPrZ,Positive,84.3125,general,general,,Twitter
Dallas13,Authorized,32.845283,-96.787396,6417 Hillcrest Ave,75205,Sat Oct 22 18:09:13 +0000 2016,RT @ATT: Who made you a college 🏈 fan? Share with #MadeMeAFanContest for a chance to win. Rules https://t.co/hU3I3wFn5V https://t.co/xZbxUJ…,Positive,88.9294,general,general,,Twitter
Dallas13,Authorized,32.845283,-96.787396,6417 Hillcrest Ave,75205,Sat Oct 22 18:04:12 +0000 2016,@caroljsroth so what are your thoughts on the @ATT @TWC deal?,Neutral,51.0521,general,general,,Twitter
Dallas13,Authorized,32.845283,-96.787396,6417 Hillcrest Ave,75205,Sat Oct 22 18:01:18 +0000 2016,RT @ATT: Welcome to the team! @taylorswift13 https://t.co/4h86nLYuLo https://t.co/gAHOi7fPrZ,Positive,84.3125,general,general,,Twitter
Dallas13,Authorized,32.845283,-96.787396,6417 Hillcrest Ave,75205,Sat Oct 22 17:51:05 +0000 2016,RT @ATT: Las Vegas- Celebrate #LGBTHistoryMonth by heading over to Snapchat and using our exclusive filters! https://t.co/HiHbHuJHD1,Neutral,59.1707,general,general,,Twitter
Dallas13,Authorized,32.845283,-96.787396,6417 Hillcrest Ave,75205,Sat Oct 22 17:49:13 +0000 2016,why iPhones cost almost $1000 but I just simply restarted my phone and it deleted all my messages for no reason 😐😐😐😐😐😐 @ATT @Apple U SUCK,Negative,99.8366,general,general,,Twitter
Dallas13,Authorized,32.845283,-96.787396,6417 Hillcrest Ave,75205,Sat Oct 22 17:46:54 +0000 2016,"RT @ATT: Some people may wait a lifetime, but you don't have to. On 11/2-3, AT&amp;T customers can buy @kelly_clarkson tix early. https://t.co/…",Neutral,60.4188,general,general,,Twitter
Dallas13,Authorized,32.845283,-96.787396,6417 Hillcrest Ave,75205,Sat Oct 22 17:41:41 +0000 2016,RT @ATT: Are you ready for the revolution? Watch the @GreenDay @iHeartRadio Album Release Party now. #iHeartGreenDay https://t.co/ec2gZXKu7U,Neutral,59.0894,general,general,,Twitter
Dallas13,Authorized,32.845283,-96.787396,6417 Hillcrest Ave,75205,Sat Oct 22 17:33:06 +0000 2016,"RT @ATT: Hey, Bears! @ATT + @TOMS are coming to game day this week to share their story &amp; #CelebrateGood with fans. Stop by! https://t.co/M…",Positive,88.1188,general,general,,Twitter
Dallas13,Authorized,32.845283,-96.787396,6417 Hillcrest Ave,75205,Sat Oct 22 17:25:45 +0000 2016,RT @ATT: Welcome to the team! @taylorswift13 https://t.co/4h86nLYuLo https://t.co/gAHOi7fPrZ,Positive,84.3125,general,general,,Twitter
Dallas13,Authorized,32.845283,-96.787396,6417 Hillcrest Ave,75205,Sat Oct 22 17:24:57 +0000 2016,RT @ATT: Welcome to the team! @taylorswift13 https://t.co/4h86nLYuLo https://t.co/gAHOi7fPrZ,Positive,84.3125,general,general,,Twitter
Dallas13,Authorized,32.845283,-96.787396,6417 Hillcrest Ave,75205,Sat Oct 22 17:12:46 +0000 2016,"RT @ATT: We want to see your #ATTRedCarpet watch party! Tweet us your plans, and tune in on @AudienceNetwork on 11/2! #CMAAwards50 https://…",Neutral,59.7095,general,general,,Twitter
Dallas13,Authorized,32.845283,-96.787396,6417 Hillcrest Ave,75205,Sat Oct 22 17:08:04 +0000 2016,"RT @ATT: Watch the @GreenDay @iHeartRadio Album Release Party Tonight, 9pm ET/PT on AUDIENCE. DIRECTV ch 239/U-verse ch 1114. https://t.co/…",Neutral,59.5550,directv,general,,Twitter
Dallas13,Authorized,32.845283,-96.787396,6417 Hillcrest Ave,75205,Sat Oct 22 17:01:26 +0000 2016,RT @ATT: Welcome to the team! @taylorswift13 https://t.co/4h86nLYuLo https://t.co/gAHOi7fPrZ,Positive,84.3125,general,general,,Twitter
Dallas13,Authorized,32.845283,-96.787396,6417 Hillcrest Ave,75205,Sat Oct 22 17:00:05 +0000 2016,"RT @ATT: Watch the @GreenDay @iHeartRadio Album Release Party Tonight, 9pm ET/PT on AUDIENCE. DIRECTV ch 239/U-verse ch 1114. https://t.co/…",Neutral,59.5550,directv,general,,Twitter
Dallas13,Authorized,32.845283,-96.787396,6417 Hillcrest Ave,75205,Sat Oct 22 16:47:24 +0000 2016,RT @ATT: Welcome to the team! @taylorswift13 https://t.co/4h86nLYuLo https://t.co/gAHOi7fPrZ,Positive,84.3125,general,general,,Twitter
Dallas13,Authorized,32.845283,-96.787396,6417 Hillcrest Ave,75205,Sat Oct 22 16:46:29 +0000 2016,I'll be done with @TWC if this happens. I left @ATT for a reason.  https://t.co/QxiMxFkSNQ,Negative,92.5204,general,general,,Twitter
Dallas13,Authorized,32.845283,-96.787396,6417 Hillcrest Ave,75205,Sat Oct 22 16:44:17 +0000 2016,RT @ATT: Welcome to the team! @taylorswift13 https://t.co/4h86nLYuLo https://t.co/gAHOi7fPrZ,Positive,84.3125,general,general,,Twitter
Dallas13,Authorized,32.845283,-96.787396,6417 Hillcrest Ave,75205,Sat Oct 22 16:43:43 +0000 2016,"RT @ATT: Watch the @GreenDay @iHeartRadio Album Release Party Tonight, 9pm ET/PT on AUDIENCE. DIRECTV ch 239/U-verse ch 1114. https://t.co/…",Neutral,59.5550,directv,general,,Twitter
Dallas13,Authorized,32.845283,-96.787396,6417 Hillcrest Ave,75205,Sat Oct 22 16:29:18 +0000 2016,"@DIRECTV According to @AnthonyHotels, the host of the shows, his shows are to be on Monday evening. 2 of are. I can't find Hotel Showdown.",Neutral,57.3660,directv,general,,Twitter
Dallas13,Authorized,32.845283,-96.787396,6417 Hillcrest Ave,75205,Sat Oct 22 16:24:50 +0000 2016,"RT @ATT: Watch the @GreenDay @iHeartRadio Album Release Party Tonight, 9pm ET/PT on AUDIENCE. DIRECTV ch 239/U-verse ch 1114. https://t.co/…",Neutral,59.5550,directv,general,,Twitter
Dallas13,Authorized,32.845283,-96.787396,6417 Hillcrest Ave,75205,Sat Oct 22 16:15:54 +0000 2016,@JasonWhitely @wfaachannel8 @ATT @nytimes Why?,Neutral,61.4168,general,general,,Twitter
Dallas13,Authorized,32.845283,-96.787396,6417 Hillcrest Ave,75205,Sat Oct 22 16:12:09 +0000 2016,RT @ATT: Welcome to the team! @taylorswift13 https://t.co/4h86nLYuLo https://t.co/gAHOi7fPrZ,Positive,84.3125,general,general,,Twitter
Dallas13,Authorized,32.845283,-96.787396,6417 Hillcrest Ave,75205,Sat Oct 22 16:09:13 +0000 2016,RT @ATT: Welcome to the team! @taylorswift13 https://t.co/4h86nLYuLo https://t.co/gAHOi7fPrZ,Positive,84.3125,general,general,,Twitter
Dallas13,Authorized,32.845283,-96.787396,6417 Hillcrest Ave,75205,Sat Oct 22 16:05:36 +0000 2016,@JasonWhitely @ATT @nytimes Didn't spectrum just do that? My TWC bill now says Spectrum... But my bldg is now set up for ATT fiber...?,Negative,70.7072,fiber,general,,Twitter
Dallas13,Authorized,32.845283,-96.787396,6417 Hillcrest Ave,75205,Sat Oct 22 15:58:00 +0000 2016,@ATTCares like ffs maybe @att should be a bit more transparent,Negative,64.5847,general,general,,Twitter
Dallas13,Authorized,32.845283,-96.787396,6417 Hillcrest Ave,75205,Sat Oct 22 15:57:40 +0000 2016,"@ATTCares UNFORTUNATELY that doesn't list what the late fees are, when they occur, or anything more specific than BAD THINGS HAPPEN",Negative,99.7098,general,general,,Twitter
Dallas13,Authorized,32.845283,-96.787396,6417 Hillcrest Ave,75205,Sat Oct 22 15:53:56 +0000 2016,"RT @ATT: See how you can get up to $650 in credits with AT&amp;T.
https://t.co/qJML2cmv5a",Negative,62.5517,general,general,,Twitter
Dallas13,Authorized,32.845283,-96.787396,6417 Hillcrest Ave,75205,Sat Oct 22 15:51:35 +0000 2016,RT @ATT: @Emma_Wilson44 We’ll be giving away tickets to Taylor fans including AT&amp;T customers + special guests. We’ll share ticketing detail…,Positive,79.9808,general,general,,Twitter
Dallas13,Authorized,32.845283,-96.787396,6417 Hillcrest Ave,75205,Sat Oct 22 15:51:08 +0000 2016,"RT @ATT: Watch the @GreenDay @iHeartRadio Album Release Party Tonight, 9pm ET/PT on AUDIENCE. DIRECTV ch 239/U-verse ch 1114. https://t.co/…",Neutral,59.5550,directv,general,,Twitter
Dallas13,Authorized,32.845283,-96.787396,6417 Hillcrest Ave,75205,Sat Oct 22 15:40:40 +0000 2016,"RT @ATT: Watch the @GreenDay @iHeartRadio Album Release Party Tonight, 9pm ET/PT on AUDIENCE. DIRECTV ch 239/U-verse ch 1114. https://t.co/…",Neutral,59.5550,directv,general,,Twitter
Dallas13,Authorized,32.845283,-96.787396,6417 Hillcrest Ave,75205,Sat Oct 22 15:38:11 +0000 2016,@ATTCares yeah I will I only get paid once a month,Negative,73.6241,general,general,,Twitter
Dallas13,Authorized,32.845283,-96.787396,6417 Hillcrest Ave,75205,Sat Oct 22 15:35:45 +0000 2016,"RT @ATT: Watch the @GreenDay @iHeartRadio Album Release Party Tonight, 9pm ET/PT on AUDIENCE. DIRECTV ch 239/U-verse ch 1114. https://t.co/…",Neutral,59.5550,directv,general,,Twitter
Dallas13,Authorized,32.845283,-96.787396,6417 Hillcrest Ave,75205,Sat Oct 22 15:31:34 +0000 2016,"RT @ATT: Hey, Bears! @ATT + @TOMS are coming to game day this week to share their story &amp; #CelebrateGood with fans. Stop by! https://t.co/M…",Positive,88.1188,general,general,,Twitter
Dallas13,Authorized,32.845283,-96.787396,6417 Hillcrest Ave,75205,Sat Oct 22 15:30:48 +0000 2016,"RT @ATT: Watch the @GreenDay @iHeartRadio Album Release Party Tonight, 9pm ET/PT on AUDIENCE. DIRECTV ch 239/U-verse ch 1114. https://t.co/…",Neutral,59.5550,directv,general,,Twitter
Dallas13,Authorized,32.845283,-96.787396,6417 Hillcrest Ave,75205,Sat Oct 22 15:20:55 +0000 2016,RT @ATT: Welcome to the team! @taylorswift13 https://t.co/4h86nLYuLo https://t.co/gAHOi7fPrZ,Positive,84.3125,general,general,,Twitter
Dallas13,Authorized,32.845283,-96.787396,6417 Hillcrest Ave,75205,Sat Oct 22 15:19:21 +0000 2016,"RT @ATT: Watch the @GreenDay @iHeartRadio Album Release Party Tonight, 9pm ET/PT on AUDIENCE. DIRECTV ch 239/U-verse ch 1114. https://t.co/…",Neutral,59.5550,directv,general,,Twitter
Dallas13,Authorized,32.845283,-96.787396,6417 Hillcrest Ave,75205,Sat Oct 22 15:14:45 +0000 2016,RT @ATT: Welcome to the team! @taylorswift13 https://t.co/4h86nLYuLo https://t.co/gAHOi7fPrZ,Positive,84.3125,general,general,,Twitter
Dallas13,Authorized,32.845283,-96.787396,6417 Hillcrest Ave,75205,Sat Oct 22 15:05:49 +0000 2016,RT @ATT: Welcome to the team! @taylorswift13 https://t.co/4h86nLYuLo https://t.co/gAHOi7fPrZ,Positive,84.3125,general,general,,Twitter
Dallas13,Authorized,32.845283,-96.787396,6417 Hillcrest Ave,75205,Sat Oct 22 15:00:54 +0000 2016,"RT @ATT: Hey, Bears! @ATT + @TOMS are coming to game day this week to share their story &amp; #CelebrateGood with fans. Stop by! https://t.co/M…",Positive,88.1188,general,general,,Twitter
Dallas13,Authorized,32.845283,-96.787396,6417 Hillcrest Ave,75205,Sat Oct 22 14:54:39 +0000 2016,"Oops, I forgot to pay my @ATT bill last month.",Negative,68.6860,general,general,,Twitter
Dallas13,Authorized,32.845283,-96.787396,6417 Hillcrest Ave,75205,Sat Oct 22 14:49:32 +0000 2016,RT @ATT: Welcome to the team! @taylorswift13 https://t.co/4h86nLYuLo https://t.co/gAHOi7fPrZ,Positive,84.3125,general,general,,Twitter
Dallas13,Authorized,32.845283,-96.787396,6417 Hillcrest Ave,75205,Sat Oct 22 14:38:26 +0000 2016,RT @ATT: @_Reflection5H Not necessarily. We’ll be giving away lots of tickets to Taylor fans including AT&amp;T customers &amp; special guests.,Positive,68.3177,general,general,,Twitter
Dallas13,Authorized,32.845283,-96.787396,6417 Hillcrest Ave,75205,Sat Oct 22 14:27:15 +0000 2016,"RT @ATT: Watch the @GreenDay @iHeartRadio Album Release Party Tonight, 9pm ET/PT on AUDIENCE. DIRECTV ch 239/U-verse ch 1114. https://t.co/…",Neutral,59.5550,directv,general,,Twitter
Dallas13,Authorized,32.845283,-96.787396,6417 Hillcrest Ave,75205,Sat Oct 22 14:26:22 +0000 2016,RT @ATT: Welcome to the team! @taylorswift13 https://t.co/4h86nLYuLo https://t.co/gAHOi7fPrZ,Positive,84.3125,general,general,,Twitter
Dallas13,Authorized,32.845283,-96.787396,6417 Hillcrest Ave,75205,Sat Oct 22 14:25:46 +0000 2016,"RT @Mail4Felicia: Going on FOUR days without @ATT wireless service, can't get @ATTCares to respond to my latest msg. #ATTCommunity #Custome…",Negative,67.4027,general,general,,Twitter
Dallas13,Authorized,32.845283,-96.787396,6417 Hillcrest Ave,75205,Sat Oct 22 14:13:42 +0000 2016,RT @ATT: Welcome to the team! @taylorswift13 https://t.co/4h86nLYuLo https://t.co/gAHOi7fPrZ,Positive,84.3125,general,general,,Twitter
Dallas13,Authorized,32.845283,-96.787396,6417 Hillcrest Ave,75205,Sat Oct 22 14:08:41 +0000 2016,@ATTCares Thanks for shout out/offer of help.  Tech office now open.  Maybe update your website that tech support is not open for biz 24/7?,Positive,69.9655,general,general,,Twitter
Dallas13,Authorized,32.845283,-96.787396,6417 Hillcrest Ave,75205,Sat Oct 22 13:59:17 +0000 2016,RT @ATT: Welcome to the team! @taylorswift13 https://t.co/4h86nLYuLo https://t.co/gAHOi7fPrZ,Positive,84.3125,general,general,,Twitter
Dallas13,Authorized,32.845283,-96.787396,6417 Hillcrest Ave,75205,Sat Oct 22 13:53:34 +0000 2016,RT @ATT: Welcome to the team! @taylorswift13 https://t.co/4h86nLYuLo https://t.co/gAHOi7fPrZ,Positive,84.3125,general,general,,Twitter
Dallas13,Authorized,32.845283,-96.787396,6417 Hillcrest Ave,75205,Sat Oct 22 13:49:02 +0000 2016,"RT @ATT: Watch the @GreenDay @iHeartRadio Album Release Party Tonight, 9pm ET/PT on AUDIENCE. DIRECTV ch 239/U-verse ch 1114. https://t.co/…",Neutral,59.5550,directv,general,,Twitter
Dallas13,Authorized,32.845283,-96.787396,6417 Hillcrest Ave,75205,Sat Oct 22 13:45:19 +0000 2016,"RT @ATT: Watch the @GreenDay @iHeartRadio Album Release Party Tonight, 9pm ET/PT on AUDIENCE. DIRECTV ch 239/U-verse ch 1114. https://t.co/…",Neutral,59.5550,directv,general,,Twitter
Dallas13,Authorized,32.845283,-96.787396,6417 Hillcrest Ave,75205,Sat Oct 22 13:44:54 +0000 2016,"RT @ATT: Watch the @GreenDay @iHeartRadio Album Release Party Tonight, 9pm ET/PT on AUDIENCE. DIRECTV ch 239/U-verse ch 1114. https://t.co/…",Neutral,59.5550,directv,general,,Twitter
Dallas13,Authorized,32.845283,-96.787396,6417 Hillcrest Ave,75205,Sat Oct 22 13:39:55 +0000 2016,RT @ATT: Get a sweet deal on the new iPhone 7 when you switch to AT&amp;T and have DIRECTV. https://t.co/TQVeUkmeZ6 https://t.co/zfZmNpe8AP,Positive,98.0584,directv,general,,Twitter
Dallas13,Authorized,32.845283,-96.787396,6417 Hillcrest Ave,75205,Sat Oct 22 13:27:30 +0000 2016,"RT @ATT: Watch the @GreenDay @iHeartRadio Album Release Party Tonight, 9pm ET/PT on AUDIENCE. DIRECTV ch 239/U-verse ch 1114. https://t.co/…",Neutral,59.5550,directv,general,,Twitter
Dallas13,Authorized,32.845283,-96.787396,6417 Hillcrest Ave,75205,Sat Oct 22 13:26:42 +0000 2016,RT @ATT: Welcome to the team! @taylorswift13 https://t.co/4h86nLYuLo https://t.co/gAHOi7fPrZ,Positive,84.3125,general,general,,Twitter
Dallas13,Authorized,32.845283,-96.787396,6417 Hillcrest Ave,75205,Sat Oct 22 13:21:03 +0000 2016,RT @ATT: Welcome to the team! @taylorswift13 https://t.co/4h86nLYuLo https://t.co/gAHOi7fPrZ,Positive,84.3125,general,general,,Twitter
Dallas13,Authorized,32.845283,-96.787396,6417 Hillcrest Ave,75205,Sat Oct 22 13:16:50 +0000 2016,"RT @ATT: Watch the @GreenDay @iHeartRadio Album Release Party Tonight, 9pm ET/PT on AUDIENCE. DIRECTV ch 239/U-verse ch 1114. https://t.co/…",Neutral,59.5550,directv,general,,Twitter
Dallas13,Authorized,32.845283,-96.787396,6417 Hillcrest Ave,75205,Sat Oct 22 13:00:02 +0000 2016,"RT @ATT: Watch the @GreenDay @iHeartRadio Album Release Party Tonight, 9pm ET/PT on AUDIENCE. DIRECTV ch 239/U-verse ch 1114. https://t.co/…",Neutral,59.5550,directv,general,,Twitter
Dallas13,Authorized,32.845283,-96.787396,6417 Hillcrest Ave,75205,Sat Oct 22 12:55:31 +0000 2016,"RT @ATT: Watch the @GreenDay @iHeartRadio Album Release Party Tonight, 9pm ET/PT on AUDIENCE. DIRECTV ch 239/U-verse ch 1114. https://t.co/…",Neutral,59.5550,directv,general,,Twitter
Dallas13,Authorized,32.845283,-96.787396,6417 Hillcrest Ave,75205,Sat Oct 22 12:30:25 +0000 2016,RT @ATT: Las Vegas- Celebrate #LGBTHistoryMonth by heading over to Snapchat and using our exclusive filters! https://t.co/HiHbHuJHD1,Neutral,59.1707,general,general,,Twitter
Dallas13,Authorized,32.845283,-96.787396,6417 Hillcrest Ave,75205,Sat Oct 22 11:55:01 +0000 2016,RT @ATT: Welcome to the team! @taylorswift13 https://t.co/4h86nLYuLo https://t.co/gAHOi7fPrZ,Positive,84.3125,general,general,,Twitter
Dallas13,Authorized,32.845283,-96.787396,6417 Hillcrest Ave,75205,Sat Oct 22 11:39:34 +0000 2016,RT @ATT: Welcome to the team! @taylorswift13 https://t.co/4h86nLYuLo https://t.co/gAHOi7fPrZ,Positive,84.3125,general,general,,Twitter
Dallas13,Authorized,32.845283,-96.787396,6417 Hillcrest Ave,75205,Sat Oct 22 11:38:53 +0000 2016,RT @ATT: Welcome to the team! @taylorswift13 https://t.co/4h86nLYuLo https://t.co/gAHOi7fPrZ,Positive,84.3125,general,general,,Twitter
Dallas13,Authorized,32.845283,-96.787396,6417 Hillcrest Ave,75205,Sat Oct 22 11:25:18 +0000 2016,"RT @ATT: Watch the @GreenDay @iHeartRadio Album Release Party Tonight, 9pm ET/PT on AUDIENCE. DIRECTV ch 239/U-verse ch 1114. https://t.co/…",Neutral,59.5550,directv,general,,Twitter
Dallas13,Authorized,32.845283,-96.787396,6417 Hillcrest Ave,75205,Sat Oct 22 11:11:13 +0000 2016,"RT @ATT: Some people may wait a lifetime, but you don't have to. On 11/2-3, AT&amp;T customers can buy @kelly_clarkson tix early. https://t.co/…",Neutral,60.4188,general,general,,Twitter
Dallas13,Authorized,32.845283,-96.787396,6417 Hillcrest Ave,75205,Sat Oct 22 11:10:17 +0000 2016,RT @ATT: Welcome to the team! @taylorswift13 https://t.co/4h86nLYuLo https://t.co/gAHOi7fPrZ,Positive,84.3125,general,general,,Twitter
Dallas13,Authorized,32.845283,-96.787396,6417 Hillcrest Ave,75205,Sat Oct 22 10:32:04 +0000 2016,RT @ATT: Welcome to the team! @taylorswift13 https://t.co/4h86nLYuLo https://t.co/gAHOi7fPrZ,Positive,84.3125,general,general,,Twitter
Dallas13,Authorized,32.845283,-96.787396,6417 Hillcrest Ave,75205,Sat Oct 22 10:09:24 +0000 2016,"RT @ATT: Watch the @GreenDay @iHeartRadio Album Release Party Tonight, 9pm ET/PT on AUDIENCE. DIRECTV ch 239/U-verse ch 1114. https://t.co/…",Neutral,59.5550,directv,general,,Twitter
Dallas13,Authorized,32.845283,-96.787396,6417 Hillcrest Ave,75205,Sat Oct 22 09:31:15 +0000 2016,RT @ATT: Welcome to the team! @taylorswift13 https://t.co/4h86nLYuLo https://t.co/gAHOi7fPrZ,Positive,84.3125,general,general,,Twitter
Dallas13,Authorized,32.845283,-96.787396,6417 Hillcrest Ave,75205,Sat Oct 22 09:20:26 +0000 2016,RT @ATT: Welcome to the team! @taylorswift13 https://t.co/4h86nLYuLo https://t.co/gAHOi7fPrZ,Positive,84.3125,general,general,,Twitter
Dallas13,Authorized,32.845283,-96.787396,6417 Hillcrest Ave,75205,Sat Oct 22 09:16:31 +0000 2016,RT @ATT: Welcome to the team! @taylorswift13 https://t.co/4h86nLYuLo https://t.co/gAHOi7fPrZ,Positive,84.3125,general,general,,Twitter
Dallas13,Authorized,32.845283,-96.787396,6417 Hillcrest Ave,75205,Sat Oct 22 08:56:14 +0000 2016,RT @ATT: Welcome to the team! @taylorswift13 https://t.co/4h86nLYuLo https://t.co/gAHOi7fPrZ,Positive,84.3125,general,general,,Twitter
Dallas13,Authorized,32.845283,-96.787396,6417 Hillcrest Ave,75205,Sat Oct 22 08:31:46 +0000 2016,RT @ATT: Welcome to the team! @taylorswift13 https://t.co/4h86nLYuLo https://t.co/gAHOi7fPrZ,Positive,84.3125,general,general,,Twitter
Dallas13,Authorized,32.845283,-96.787396,6417 Hillcrest Ave,75205,Sat Oct 22 08:30:02 +0000 2016,RT @ATT: Welcome to the team! @taylorswift13 https://t.co/4h86nLYuLo https://t.co/gAHOi7fPrZ,Positive,84.3125,general,general,,Twitter
Dallas13,Authorized,32.845283,-96.787396,6417 Hillcrest Ave,75205,Sat Oct 22 08:04:41 +0000 2016,"RT @ATT: Watch the @GreenDay @iHeartRadio Album Release Party Tonight, 9pm ET/PT on AUDIENCE. DIRECTV ch 239/U-verse ch 1114. https://t.co/…",Neutral,59.5550,directv,general,,Twitter
Dallas13,Authorized,32.845283,-96.787396,6417 Hillcrest Ave,75205,Sat Oct 22 07:50:05 +0000 2016,RT @ATT: Welcome to the team! @taylorswift13 https://t.co/4h86nLYuLo https://t.co/gAHOi7fPrZ,Positive,84.3125,general,general,,Twitter
Dallas13,Authorized,32.845283,-96.787396,6417 Hillcrest Ave,75205,Sat Oct 22 07:40:44 +0000 2016,"RT @ATT: Watch the @GreenDay @iHeartRadio Album Release Party Tonight, 9pm ET/PT on AUDIENCE. DIRECTV ch 239/U-verse ch 1114. https://t.co/…",Neutral,59.5550,directv,general,,Twitter
Dallas13,Authorized,32.845283,-96.787396,6417 Hillcrest Ave,75205,Sat Oct 22 07:34:56 +0000 2016,RT @ATT: Welcome to the team! @taylorswift13 https://t.co/4h86nLYuLo https://t.co/gAHOi7fPrZ,Positive,84.3125,general,general,,Twitter
Dallas13,Authorized,32.845283,-96.787396,6417 Hillcrest Ave,75205,Sat Oct 22 07:28:37 +0000 2016,RT @ATT: Welcome to the team! @taylorswift13 https://t.co/4h86nLYuLo https://t.co/gAHOi7fPrZ,Positive,84.3125,general,general,,Twitter
Dallas13,Authorized,32.845283,-96.787396,6417 Hillcrest Ave,75205,Sat Oct 22 06:50:55 +0000 2016,RT @ATT: Are you ready for the revolution? Watch the @GreenDay @iHeartRadio Album Release Party now. #iHeartGreenDay https://t.co/ec2gZXKu7U,Neutral,59.0894,general,general,,Twitter
Dallas13,Authorized,32.845283,-96.787396,6417 Hillcrest Ave,75205,Sat Oct 22 06:42:08 +0000 2016,RT @ATT: Welcome to the team! @taylorswift13 https://t.co/4h86nLYuLo https://t.co/gAHOi7fPrZ,Positive,84.3125,general,general,,Twitter
Dallas13,Authorized,32.845283,-96.787396,6417 Hillcrest Ave,75205,Sat Oct 22 05:51:03 +0000 2016,RT @ATT: Welcome to the team! @taylorswift13 https://t.co/4h86nLYuLo https://t.co/gAHOi7fPrZ,Positive,84.3125,general,general,,Twitter
Dallas13,Authorized,32.845283,-96.787396,6417 Hillcrest Ave,75205,Sat Oct 22 05:47:52 +0000 2016,"RT @ATT: Watch the @GreenDay @iHeartRadio Album Release Party Tonight, 9pm ET/PT on AUDIENCE. DIRECTV ch 239/U-verse ch 1114. https://t.co/…",Neutral,59.5550,directv,general,,Twitter
Dallas13,Authorized,32.845283,-96.787396,6417 Hillcrest Ave,75205,Sat Oct 22 05:04:57 +0000 2016,"RT @ATT: Watch the @GreenDay @iHeartRadio Album Release Party Tonight, 9pm ET/PT on AUDIENCE. DIRECTV ch 239/U-verse ch 1114. https://t.co/…",Neutral,59.5550,directv,general,,Twitter
Dallas13,Authorized,32.845283,-96.787396,6417 Hillcrest Ave,75205,Sat Oct 22 04:58:57 +0000 2016,"RT @ATT: Watch the @GreenDay @iHeartRadio Album Release Party Tonight, 9pm ET/PT on AUDIENCE. DIRECTV ch 239/U-verse ch 1114. https://t.co/…",Neutral,59.5550,directv,general,,Twitter
Dallas13,Authorized,32.845283,-96.787396,6417 Hillcrest Ave,75205,Sat Oct 22 04:37:08 +0000 2016,RT @Uverse: 💋 the ❄️ goodbye 👋 + catch #IceAge Collision Course OnDemand. https://t.co/jzwn0xrX8j https://t.co/WVs9FZcuTm,Positive,65.5676,uverse,general,,Twitter
Dallas13,Authorized,32.845283,-96.787396,6417 Hillcrest Ave,75205,Sat Oct 22 04:24:51 +0000 2016,"RT @ATT: Watch the @GreenDay @iHeartRadio Album Release Party Tonight, 9pm ET/PT on AUDIENCE. DIRECTV ch 239/U-verse ch 1114. https://t.co/…",Neutral,59.5550,directv,general,,Twitter
Dallas13,Authorized,32.845283,-96.787396,6417 Hillcrest Ave,75205,Sat Oct 22 04:20:13 +0000 2016,"@ATTCares usual customer service. NOT! Tech Support says its open 24/7 but elec voice says ""that office is closed"" #goodbye #toughluck",Positive,75.7544,general,general,,Twitter
Dallas13,Authorized,32.845283,-96.787396,6417 Hillcrest Ave,75205,Sat Oct 22 04:06:03 +0000 2016,RT @ATT: Welcome to the team! @taylorswift13 https://t.co/4h86nLYuLo https://t.co/gAHOi7fPrZ,Positive,84.3125,general,general,,Twitter
Dallas13,Authorized,32.845283,-96.787396,6417 Hillcrest Ave,75205,Sat Oct 22 03:58:41 +0000 2016,@ATT our internet hasn't been working all day - what's the deal #dallas!!,Neutral,50.3138,general,general,,Twitter
Dallas13,Authorized,32.845283,-96.787396,6417 Hillcrest Ave,75205,Sat Oct 22 03:56:42 +0000 2016,"RT @ATT: Watch the @GreenDay @iHeartRadio Album Release Party Tonight, 9pm ET/PT on AUDIENCE. DIRECTV ch 239/U-verse ch 1114. https://t.co/…",Neutral,59.5550,directv,general,,Twitter
Dallas13,Authorized,32.845283,-96.787396,6417 Hillcrest Ave,75205,Sat Oct 22 03:51:05 +0000 2016,RT @ATT: Welcome to the team! @taylorswift13 https://t.co/4h86nLYuLo https://t.co/gAHOi7fPrZ,Positive,84.3125,general,general,,Twitter
