Dallas1,Corporate,32.776664,-96.796988,"208 S Akard Street, Ste 110",75202,Mon Oct 24 17:00:19 +0000 2016,"RT @ATT: Before you vote, grab the remote and tune into the final #debatenight at 8/7c. #UNLVPresDebate https://t.co/afLxTSZMLW",Neutral,51.1513,general,general,,Twitter
Dallas1,Corporate,32.776664,-96.796988,"208 S Akard Street, Ste 110",75202,Mon Oct 24 16:59:20 +0000 2016,RT @ATT: Welcome to the team! @taylorswift13 https://t.co/4h86nLYuLo https://t.co/gAHOi7fPrZ,Positive,84.3125,general,general,,Twitter
Dallas1,Corporate,32.776664,-96.796988,"208 S Akard Street, Ste 110",75202,Mon Oct 24 16:57:43 +0000 2016,RT @melissa_repko: Hold on a sec: Time Warner Cable isn't part of AT&amp;T deal https://t.co/Pe32eNKepR,Positive,72.7515,general,general,,Twitter
Dallas1,Corporate,32.776664,-96.796988,"208 S Akard Street, Ste 110",75202,Mon Oct 24 16:57:09 +0000 2016,RT @melissa_repko: Hold on a sec: Time Warner Cable isn't part of AT&amp;T deal https://t.co/Pe32eNKepR,Positive,72.7515,general,general,,Twitter
Dallas1,Corporate,32.776664,-96.796988,"208 S Akard Street, Ste 110",75202,Mon Oct 24 16:55:44 +0000 2016,"@Y98 
Live the good #LifeAtATT. Now #Hiring #Sales Executive #Field Sales #Des
Peres, MO  https://t.co/bO52BqCzlS https://t.co/1vLKbr6p3X",Positive,74.6947,general,general,,Twitter
Dallas1,Corporate,32.776664,-96.796988,"208 S Akard Street, Ste 110",75202,Mon Oct 24 16:54:07 +0000 2016,"@KPLR11 
Get in on the good #LifeAtATT!. #Hiring #Sales Executive #Field Sales #Des
Peres, MO… https://t.co/dC2spvZm8Z",Neutral,61.3343,general,general,,Twitter
Dallas1,Corporate,32.776664,-96.796988,"208 S Akard Street, Ste 110",75202,Mon Oct 24 16:54:02 +0000 2016,RT @ATT: The #futureofvideo is mobile and the #futureofmobile is video. Time Warner + AT&amp;T make it happen! @twxcorp https://t.co/GKx4U9TQYg,Neutral,56.0321,general,general,,Twitter
Dallas1,Corporate,32.776664,-96.796988,"208 S Akard Street, Ste 110",75202,Mon Oct 24 16:53:40 +0000 2016,Hold on a sec: Time Warner Cable isn't part of AT&amp;T deal https://t.co/Pe32eNKepR,Positive,72.7515,general,general,,Twitter
Dallas1,Corporate,32.776664,-96.796988,"208 S Akard Street, Ste 110",75202,Mon Oct 24 16:53:09 +0000 2016,RT @ATT: The #futureofvideo is mobile and the #futureofmobile is video. Time Warner + AT&amp;T make it happen! @twxcorp https://t.co/GKx4U9TQYg,Neutral,56.0321,general,general,,Twitter
Dallas1,Corporate,32.776664,-96.796988,"208 S Akard Street, Ste 110",75202,Mon Oct 24 16:50:30 +0000 2016,"@tmj_stl_jobs 
Create unlimited earning potential!  AT&amp;T #Hiring #Sales Executive #Field Sales #Des Peres, MO… https://t.co/jnXXgIF1rk",Negative,63.4022,general,general,,Twitter
Dallas1,Corporate,32.776664,-96.796988,"208 S Akard Street, Ste 110",75202,Mon Oct 24 16:48:51 +0000 2016,"@stlpublicradio 
Create unlimited earning potential! AT&amp;T #Hiring #Sales Executive #Field Sales #Des
Peres, MO… https://t.co/nj0F8nXWF9",Negative,63.4022,general,general,,Twitter
Dallas1,Corporate,32.776664,-96.796988,"208 S Akard Street, Ste 110",75202,Mon Oct 24 16:48:07 +0000 2016,"Stephenson: AT&amp;T, Time Warner Deal ‘Defining the Future of Media’ https://t.co/4sUdiCV56t #Business #Tech_Startups",Positive,89.4181,general,general,,Twitter
Dallas1,Corporate,32.776664,-96.796988,"208 S Akard Street, Ste 110",75202,Mon Oct 24 16:45:06 +0000 2016,"RT @dallasnews: Trump gets litigious, AT&amp;T gets bigger, @TomiLahren wins bigly: Your weekend news digest https://t.co/tjOy7OJCri https://t.…",Negative,66.2200,general,general,,Twitter
Dallas1,Corporate,32.776664,-96.796988,"208 S Akard Street, Ste 110",75202,Mon Oct 24 16:40:55 +0000 2016,"RT @dallasnews: Trump gets litigious, AT&amp;T gets bigger, @TomiLahren wins bigly: Your weekend news digest https://t.co/tjOy7OJCri https://t.…",Negative,66.2200,general,general,,Twitter
Dallas1,Corporate,32.776664,-96.796988,"208 S Akard Street, Ste 110",75202,Mon Oct 24 16:31:11 +0000 2016,RT @attJOBS: Hear from Kristin how our Business Sales Leadership Development Program led to her successful career: https://t.co/aitAtDInv5…,Positive,88.5471,general,general,,Twitter
Dallas1,Corporate,32.776664,-96.796988,"208 S Akard Street, Ste 110",75202,Mon Oct 24 16:31:08 +0000 2016,RT @attJOBS: We're helping connect youth to their first jobs by signing on to the White House's First Job Compact. Learn more: https://t.co…,Positive,91.9056,general,general,,Twitter
Dallas1,Corporate,32.776664,-96.796988,"208 S Akard Street, Ste 110",75202,Mon Oct 24 16:29:54 +0000 2016,"RT @DanielleDigest: Stephenson: @ATT, @twxcorp Deal ‘Defining the Future of Media’
https://t.co/r1nu4O8kO4 https://t.co/64Lz26A1zN",Positive,82.6653,general,general,,Twitter
Dallas1,Corporate,32.776664,-96.796988,"208 S Akard Street, Ste 110",75202,Mon Oct 24 16:29:49 +0000 2016,"Stephenson: @ATT, @twxcorp Deal ‘Defining the Future of Media’
https://t.co/r1nu4O8kO4 https://t.co/64Lz26A1zN",Positive,82.6653,general,general,,Twitter
Dallas1,Corporate,32.776664,-96.796988,"208 S Akard Street, Ste 110",75202,Mon Oct 24 16:29:11 +0000 2016,"Stephenson: AT&amp;T, Time Warner Deal ‘Defining the Future of Media’: Randall Stephenson, CEO of Dallas-based AT&amp;T,… https://t.co/rmmus4EMdn",Positive,96.0453,general,general,,Twitter
Dallas1,Corporate,32.776664,-96.796988,"208 S Akard Street, Ste 110",75202,Mon Oct 24 16:24:52 +0000 2016,"RT @ATTBusiness: Your org faces cyberthreats at every turn, but you're not alone. Be #cyberaware with our new cybersecurity report: https:/…",Neutral,52.3309,general,general,,Twitter
Dallas1,Corporate,32.776664,-96.796988,"208 S Akard Street, Ste 110",75202,Mon Oct 24 16:23:11 +0000 2016,Hold on a sec: Time Warner Cable isn't part of #ATT deal https://t.co/3ZznGU0dq7 #DFW #Tech,Neutral,57.9407,general,general,,Twitter
Dallas1,Corporate,32.776664,-96.796988,"208 S Akard Street, Ste 110",75202,Mon Oct 24 16:21:08 +0000 2016,Hold on a sec: Time Warner Cable isn't part of AT&amp;T deal  | Technology | Dallas News https://t.co/Rhi8yhuotL https://t.co/wuPxaglGQw,Positive,72.7515,general,general,,Twitter
Dallas1,Corporate,32.776664,-96.796988,"208 S Akard Street, Ste 110",75202,Mon Oct 24 16:17:16 +0000 2016,"RT @ATTBusiness: Your org faces cyberthreats at every turn, but you're not alone. Be #cyberaware with our new cybersecurity report: https:/…",Neutral,52.3309,general,general,,Twitter
Dallas1,Corporate,32.776664,-96.796988,"208 S Akard Street, Ste 110",75202,Mon Oct 24 16:16:40 +0000 2016,@pvanblaricom Hi Parker. DIRECTV customers get a free week of NBA League Pass from Oct. 25 to Nov. 1. Read more: https://t.co/u0RQjvWSfP,Negative,87.2783,directv,general,,Twitter
Dallas1,Corporate,32.776664,-96.796988,"208 S Akard Street, Ste 110",75202,Mon Oct 24 16:16:09 +0000 2016,"RT @melissa_repko: New marketing agency lands AT&amp;T, opens shop in Dallas and plans to employ 100 people. https://t.co/KTALGnMJl9 via @dalla…",Neutral,56.5613,general,general,,Twitter
Dallas1,Corporate,32.776664,-96.796988,"208 S Akard Street, Ste 110",75202,Mon Oct 24 16:10:57 +0000 2016,"RT @ATTBusiness: Hope you learned something new at today’s #ChatSTC. If you want to learn more, register for our free #ATTcyberconf: https:…",Negative,85.7941,general,general,,Twitter
Dallas1,Corporate,32.776664,-96.796988,"208 S Akard Street, Ste 110",75202,Mon Oct 24 16:09:59 +0000 2016,"RT @ATTBusiness: Your org faces cyberthreats at every turn, but you're not alone. Be #cyberaware with our new cybersecurity report: https:/…",Neutral,52.3309,general,general,,Twitter
Dallas1,Corporate,32.776664,-96.796988,"208 S Akard Street, Ste 110",75202,Mon Oct 24 16:06:53 +0000 2016,@MadManMando75 You can view open jobs in Mexico here: https://t.co/osCZvCuxv6,Neutral,59.2172,general,general,,Twitter
Dallas1,Corporate,32.776664,-96.796988,"208 S Akard Street, Ste 110",75202,Mon Oct 24 16:05:56 +0000 2016,@tiffaj11 We’ve got a great technical support team who will be happy to help. Reach them at https://t.co/MyRbN5TaXo,Positive,98.7441,general,general,,Twitter
Dallas1,Corporate,32.776664,-96.796988,"208 S Akard Street, Ste 110",75202,Mon Oct 24 16:03:12 +0000 2016,Why AT&amp;T's pursuit of Time Warner makes sense https://t.co/IuyFrdwTYB https://t.co/IMi1V838PX,Negative,62.3504,general,general,,Twitter
Dallas1,Corporate,32.776664,-96.796988,"208 S Akard Street, Ste 110",75202,Mon Oct 24 16:00:18 +0000 2016,RT @ATT: Welcome to the team! @taylorswift13 https://t.co/4h86nLYuLo https://t.co/gAHOi7fPrZ,Positive,84.3125,general,general,,Twitter
Dallas1,Corporate,32.776664,-96.796988,"208 S Akard Street, Ste 110",75202,Mon Oct 24 16:00:07 +0000 2016,"Your org faces cyberthreats at every turn, but you're not alone. Be #cyberaware with our new cybersecurity report:… https://t.co/IOoYXEaWhT",Neutral,52.3309,general,general,,Twitter
Dallas1,Corporate,32.776664,-96.796988,"208 S Akard Street, Ste 110",75202,Mon Oct 24 16:00:02 +0000 2016,"User Manuals, Setup Wizards, Tutorials &amp; more for devices: AT&amp;T has you covered! https://t.co/e8atNd7Wta https://t.co/YWvbyTvK4n",Neutral,54.0904,general,general,,Twitter
Dallas1,Corporate,32.776664,-96.796988,"208 S Akard Street, Ste 110",75202,Mon Oct 24 15:59:10 +0000 2016,Why Wall Street doesn't like the AT&amp;T - Time Warner deal https://t.co/VGbsOzLkMW,Neutral,58.0588,general,general,,Twitter
Dallas1,Corporate,32.776664,-96.796988,"208 S Akard Street, Ste 110",75202,Mon Oct 24 15:58:46 +0000 2016,"ICYMI: @ATT to Purchase @twxcorp for $85.4B: Here’s What You Need to Know
https://t.co/8wSSbVNUVK… https://t.co/tuuiKCCE9F",Neutral,50.8741,general,general,,Twitter
Dallas1,Corporate,32.776664,-96.796988,"208 S Akard Street, Ste 110",75202,Mon Oct 24 15:57:13 +0000 2016,RT @DMagazine: Here's what you need to know about AT&amp;T's purchase of Time Warner: https://t.co/0YVTVxC3Gy https://t.co/fYoG57a3d1,Negative,72.6812,general,general,,Twitter
Dallas1,Corporate,32.776664,-96.796988,"208 S Akard Street, Ste 110",75202,Mon Oct 24 15:57:06 +0000 2016,If my phone don't come in this week me and att scwobbin rt,Negative,76.2909,general,general,,Twitter
Dallas1,Corporate,32.776664,-96.796988,"208 S Akard Street, Ste 110",75202,Mon Oct 24 15:55:00 +0000 2016,RT @Mike_Rawlings: I’m excited for Dallas-based AT&amp;T and hopeful that this merger will lead to great benefits for its employees and... http…,Positive,97.4618,general,general,,Twitter
Dallas1,Corporate,32.776664,-96.796988,"208 S Akard Street, Ste 110",75202,Mon Oct 24 15:54:41 +0000 2016,RT @ATT: Welcome to the team! @taylorswift13 https://t.co/4h86nLYuLo https://t.co/gAHOi7fPrZ,Positive,84.3125,general,general,,Twitter
Dallas1,Corporate,32.776664,-96.796988,"208 S Akard Street, Ste 110",75202,Mon Oct 24 15:51:42 +0000 2016,RT @ATT: Welcome to the team! @taylorswift13 https://t.co/4h86nLYuLo https://t.co/gAHOi7fPrZ,Positive,84.3125,general,general,,Twitter
Dallas1,Corporate,32.776664,-96.796988,"208 S Akard Street, Ste 110",75202,Mon Oct 24 15:50:00 +0000 2016,The merger ATT &amp; Time Warner is all about the content an library Time Warner has,Positive,89.8913,general,general,,Twitter
Dallas1,Corporate,32.776664,-96.796988,"208 S Akard Street, Ste 110",75202,Mon Oct 24 15:46:11 +0000 2016,"RT @dallasnews: Luke Bryan at @ATTStadium: Love bro country or don't, this was a good show: https://t.co/koMLtcV1th https://t.co/5C0KpkZvsj",Positive,94.7263,general,general,,Twitter
Dallas1,Corporate,32.776664,-96.796988,"208 S Akard Street, Ste 110",75202,Mon Oct 24 15:45:01 +0000 2016,Here's what you need to know about AT&amp;T's purchase of Time Warner: https://t.co/0YVTVxC3Gy https://t.co/fYoG57a3d1,Negative,72.6812,general,general,,Twitter
Dallas1,Corporate,32.776664,-96.796988,"208 S Akard Street, Ste 110",75202,Mon Oct 24 15:43:27 +0000 2016,Hold on a sec: Time Warner Cable isn't part of #ATT deal https://t.co/H3PJxKq3pf #DFW,Neutral,57.9407,general,general,,Twitter
Dallas1,Corporate,32.776664,-96.796988,"208 S Akard Street, Ste 110",75202,Mon Oct 24 15:41:20 +0000 2016,RT @ATT: The #futureofvideo is mobile and the #futureofmobile is video. Time Warner + AT&amp;T make it happen! @twxcorp https://t.co/GKx4U9TQYg,Neutral,56.0321,general,general,,Twitter
Dallas1,Corporate,32.776664,-96.796988,"208 S Akard Street, Ste 110",75202,Mon Oct 24 15:40:25 +0000 2016,"RT @dallasnews: How the AT&amp;T-Time Warner deal changes the TV, mobile landscapes https://t.co/63yM9yIFXS | @Conor_Shine https://t.co/dEDE5Jj…",Positive,74.8338,general,general,,Twitter
Dallas1,Corporate,32.776664,-96.796988,"208 S Akard Street, Ste 110",75202,Mon Oct 24 15:33:58 +0000 2016,"RT @dallasnews: How the AT&amp;T-Time Warner deal changes the TV, mobile landscapes https://t.co/63yM9yIFXS | @Conor_Shine https://t.co/dyRXifU…",Positive,74.8338,general,general,,Twitter
Dallas1,Corporate,32.776664,-96.796988,"208 S Akard Street, Ste 110",75202,Mon Oct 24 15:31:39 +0000 2016,"Luke Bryan at @ATTStadium: Love bro country or don't, this was a good show: https://t.co/koMLtcV1th https://t.co/5C0KpkZvsj",Positive,94.7263,general,general,,Twitter
Dallas1,Corporate,32.776664,-96.796988,"208 S Akard Street, Ste 110",75202,Mon Oct 24 15:29:35 +0000 2016,@JeffHowardSays What a season! Who is your favorite MLS Player? #SoccerEverywhere,Positive,85.9086,general,general,,Twitter
Dallas1,Corporate,32.776664,-96.796988,"208 S Akard Street, Ste 110",75202,Mon Oct 24 15:28:26 +0000 2016,@NickFromAstoria What a crazy day of action! Who is your favorite MLS Player? #SoccerEverywhere,Positive,89.1234,general,general,,Twitter
Dallas1,Corporate,32.776664,-96.796988,"208 S Akard Street, Ste 110",75202,Mon Oct 24 15:28:00 +0000 2016,"RT @dallasnews: How the AT&amp;T-Time Warner deal changes the TV, mobile landscapes https://t.co/63yM9yIFXS | @Conor_Shine https://t.co/dyRXifU…",Positive,74.8338,general,general,,Twitter
Dallas1,Corporate,32.776664,-96.796988,"208 S Akard Street, Ste 110",75202,Mon Oct 24 15:27:18 +0000 2016,@Kirkland What a great end to the season! What MLS Club do you support? #SoccerEverywhere,Positive,97.1605,general,general,,Twitter
Dallas1,Corporate,32.776664,-96.796988,"208 S Akard Street, Ste 110",75202,Mon Oct 24 15:26:06 +0000 2016,"RT @dallasnews: How the AT&amp;T-Time Warner deal changes the TV, mobile landscapes https://t.co/63yM9yIFXS | @Conor_Shine https://t.co/dyRXifU…",Positive,74.8338,general,general,,Twitter
Dallas1,Corporate,32.776664,-96.796988,"208 S Akard Street, Ste 110",75202,Mon Oct 24 15:21:41 +0000 2016,Why Wall Street dislikes AT&amp;T deal https://t.co/QwCDsUYR1d,Neutral,52.2335,general,general,,Twitter
Dallas1,Corporate,32.776664,-96.796988,"208 S Akard Street, Ste 110",75202,Mon Oct 24 15:21:40 +0000 2016,"RT @dallasnews: How the AT&amp;T-Time Warner deal changes the TV, mobile landscapes https://t.co/63yM9yIFXS | @Conor_Shine https://t.co/dyRXifU…",Positive,74.8338,general,general,,Twitter
Dallas1,Corporate,32.776664,-96.796988,"208 S Akard Street, Ste 110",75202,Mon Oct 24 15:21:22 +0000 2016,"How the AT&amp;T-Time Warner deal changes the TV, mobile landscapes https://t.co/63yM9yIFXS | @Conor_Shine https://t.co/dyRXifUqsW",Positive,74.8338,general,general,,Twitter
Dallas1,Corporate,32.776664,-96.796988,"208 S Akard Street, Ste 110",75202,Mon Oct 24 15:21:18 +0000 2016,How the AT&amp;T-Time Warner merger could hurt consumers https://t.co/sPEjqlh82Y,Neutral,59.4101,general,general,,Twitter
Dallas1,Corporate,32.776664,-96.796988,"208 S Akard Street, Ste 110",75202,Mon Oct 24 15:21:15 +0000 2016,"Don't expect a change in viewpoint for CNN, #ATT chief says https://t.co/FhwYrpRz3j #DFW #Tech",Neutral,55.5436,general,general,,Twitter
Dallas1,Corporate,32.776664,-96.796988,"208 S Akard Street, Ste 110",75202,Mon Oct 24 15:18:15 +0000 2016,"RT @dallasnews: How the AT&amp;T-Time Warner deal changes the TV, mobile landscapes https://t.co/63yM9yIFXS | @Conor_Shine https://t.co/dEDE5Jj…",Positive,74.8338,general,general,,Twitter
Dallas1,Corporate,32.776664,-96.796988,"208 S Akard Street, Ste 110",75202,Mon Oct 24 15:18:05 +0000 2016,"How the AT&amp;T-Time Warner deal changes the TV, mobile landscapes https://t.co/63yM9yIFXS | @Conor_Shine https://t.co/dEDE5JjnL1",Positive,74.8338,general,general,,Twitter
Dallas1,Corporate,32.776664,-96.796988,"208 S Akard Street, Ste 110",75202,Mon Oct 24 15:16:37 +0000 2016,"With Time Warner deal, AT&amp;T aims to be mobile entertainment powerhouse ~ https://t.co/yYM8OUT3FU via @marketingdive https://t.co/zPWiSYtfKf",Positive,78.4764,general,general,,Twitter
Dallas1,Corporate,32.776664,-96.796988,"208 S Akard Street, Ste 110",75202,Mon Oct 24 15:13:10 +0000 2016,"With Time Warner deal, AT&amp;T aims to be mobile entertainment powerhouse ~ https://t.co/yYM8OUT3FU via @marketingdive",Positive,78.4764,general,general,,Twitter
Dallas1,Corporate,32.776664,-96.796988,"208 S Akard Street, Ste 110",75202,Mon Oct 24 15:03:15 +0000 2016,AT&amp;T Is Buying Time Warner Because the Future is Google - https://t.co/pqp9gJ3z35,Positive,73.8228,general,general,,Twitter
Dallas1,Corporate,32.776664,-96.796988,"208 S Akard Street, Ste 110",75202,Mon Oct 24 15:03:11 +0000 2016,RT @ATT: Welcome to the team! @taylorswift13 https://t.co/4h86nLYuLo https://t.co/gAHOi7fPrZ,Positive,84.3125,general,general,,Twitter
Dallas1,Corporate,32.776664,-96.796988,"208 S Akard Street, Ste 110",75202,Mon Oct 24 15:02:51 +0000 2016,Luke Bryan shimmies and shines during 'Kill the Lights' tour at AT&amp;T Stadium on Saturday | https://t.co/OMVjpTOelO https://t.co/wg6mXxibfL,Positive,92.9046,general,general,,Twitter
Dallas1,Corporate,32.776664,-96.796988,"208 S Akard Street, Ste 110",75202,Mon Oct 24 15:02:32 +0000 2016,RT @attJOBS: Our development programs can put you on the right career path. Why? Just ask Brad: https://t.co/bmAjmMvvte #BeTheFuture https:…,Positive,86.6900,general,general,,Twitter
Dallas1,Corporate,32.776664,-96.796988,"208 S Akard Street, Ste 110",75202,Mon Oct 24 15:01:40 +0000 2016,"RT @ATTBusiness: Recently granted his 200th patent, Dale Malik shares his secrets for converting new ideas into a reality: https://t.co/5Zw…",Positive,95.0608,general,general,,Twitter
Dallas1,Corporate,32.776664,-96.796988,"208 S Akard Street, Ste 110",75202,Mon Oct 24 15:00:11 +0000 2016,#dallas AT&amp;T CEO Randall Stephenson confident Time Warner merger will get past regulators https://t.co/y9jZ375uEF,Positive,89.1523,general,general,,Twitter
Dallas1,Corporate,32.776664,-96.796988,"208 S Akard Street, Ste 110",75202,Mon Oct 24 14:55:41 +0000 2016,"Sport drives main forms CBSSports, NBC-Comcast, Disney-ESPN, Fox, and now AT&amp;T-Time Warner. @SMUSportMgt #sportsbiz https://t.co/1yFYGld1P6",Positive,94.2241,general,general,,Twitter
Dallas1,Corporate,32.776664,-96.796988,"208 S Akard Street, Ste 110",75202,Mon Oct 24 14:53:57 +0000 2016,"Follow all @DallasNews coverage of the AT&amp;T, Time Warner here: https://t.co/TfNOWHdSpF",Positive,73.0384,general,general,,Twitter
Dallas1,Corporate,32.776664,-96.796988,"208 S Akard Street, Ste 110",75202,Mon Oct 24 14:53:51 +0000 2016,@ATTCares what is this crap? Charging me extra to use data from the previous period? On the next day? #dumbass https://t.co/QiiPsGJW7i,Negative,99.8947,general,general,,Twitter
Dallas1,Corporate,32.776664,-96.796988,"208 S Akard Street, Ste 110",75202,Mon Oct 24 14:45:28 +0000 2016,RT @dallasnews: AT&amp;T's quarterly results give hints on urgency behind Time Warner deal https://t.co/zdffIY4Gfa | @Conor_Shine https://t.co/…,Positive,69.1587,general,general,,Twitter
Dallas1,Corporate,32.776664,-96.796988,"208 S Akard Street, Ste 110",75202,Mon Oct 24 14:37:21 +0000 2016,"If merger deal fails, AT&amp;T and Time Warner would pay big in break-up fees. https://t.co/eI6G5eDIoq",Negative,69.8554,general,general,,Twitter
Dallas1,Corporate,32.776664,-96.796988,"208 S Akard Street, Ste 110",75202,Mon Oct 24 14:37:07 +0000 2016,The CEO's Guide to Navigating the Threat Landscape - via @ATTBusiness https://t.co/IcGbH2CKYD #NetworkingExchange,Positive,69.5584,general,general,,Twitter
Dallas1,Corporate,32.776664,-96.796988,"208 S Akard Street, Ste 110",75202,Mon Oct 24 14:36:13 +0000 2016,"The Stadium Club is almost half a football field long, but can Cowboys fans fill it year 'round? |… https://t.co/UrshTtdQBn",Positive,87.8138,general,general,,Twitter
Dallas1,Corporate,32.776664,-96.796988,"208 S Akard Street, Ste 110",75202,Mon Oct 24 14:33:18 +0000 2016,"Netflix's Ted Sarandos Talks 'Narcos,' Competitors and AT&amp;T's Time Warner Deal https://t.co/RxFYMHOiJk via @thr #netflix #TimeWarner #ATT",Positive,91.1616,general,general,,Twitter
Dallas1,Corporate,32.776664,-96.796988,"208 S Akard Street, Ste 110",75202,Mon Oct 24 14:31:53 +0000 2016,RT @ATT: The #futureofvideo is mobile and the #futureofmobile is video. Time Warner + AT&amp;T make it happen! @twxcorp https://t.co/GKx4U9TQYg,Neutral,56.0321,general,general,,Twitter
Dallas1,Corporate,32.776664,-96.796988,"208 S Akard Street, Ste 110",75202,Mon Oct 24 14:30:54 +0000 2016,"AT&amp;T Awards $250,000 to Support Student Success https://t.co/7HqNXf2Yqu via @NorthDenverTrib",Positive,88.3839,general,general,,Twitter
Dallas1,Corporate,32.776664,-96.796988,"208 S Akard Street, Ste 110",75202,Mon Oct 24 14:25:54 +0000 2016,RT @ATT: Welcome to the team! @taylorswift13 https://t.co/4h86nLYuLo https://t.co/gAHOi7fPrZ,Positive,84.3125,general,general,,Twitter
Dallas1,Corporate,32.776664,-96.796988,"208 S Akard Street, Ste 110",75202,Mon Oct 24 14:22:35 +0000 2016,"RT @dallasnews: Trump gets litigious, AT&amp;T gets bigger, @TomiLahren wins bigly: Your weekend news digest https://t.co/tjOy7OJCri https://t.…",Negative,66.2200,general,general,,Twitter
Dallas1,Corporate,32.776664,-96.796988,"208 S Akard Street, Ste 110",75202,Mon Oct 24 14:14:01 +0000 2016,You don't have to go back to school to continue learning. Try these tips to learn something new:… https://t.co/9B8KfsjYz6,Neutral,58.2169,general,general,,Twitter
Dallas1,Corporate,32.776664,-96.796988,"208 S Akard Street, Ste 110",75202,Mon Oct 24 14:11:36 +0000 2016,RT @melissa_repko: AT&amp;T CEO Randall Stephenson says he's confident Time Warner merger will get past regulators. https://t.co/iRlyBUzRgd,Positive,87.7540,general,general,,Twitter
Dallas1,Corporate,32.776664,-96.796988,"208 S Akard Street, Ste 110",75202,Mon Oct 24 14:11:26 +0000 2016,RT @melissa_repko: AT&amp;T CEO Randall Stephenson says he's confident Time Warner merger will get past regulators. https://t.co/iRlyBUzRgd,Positive,87.7540,general,general,,Twitter
Dallas1,Corporate,32.776664,-96.796988,"208 S Akard Street, Ste 110",75202,Mon Oct 24 14:06:00 +0000 2016,RT @melissa_repko: AT&amp;T CEO Randall Stephenson says he's confident Time Warner merger will get past regulators. https://t.co/iRlyBUzRgd,Positive,87.7540,general,general,,Twitter
Dallas1,Corporate,32.776664,-96.796988,"208 S Akard Street, Ste 110",75202,Mon Oct 24 14:05:51 +0000 2016,RT @melissa_repko: AT&amp;T CEO Randall Stephenson says he's confident Time Warner merger will get past regulators. https://t.co/iRlyBUzRgd,Positive,87.7540,general,general,,Twitter
Dallas1,Corporate,32.776664,-96.796988,"208 S Akard Street, Ste 110",75202,Mon Oct 24 14:05:34 +0000 2016,AT&amp;T CEO Randall Stephenson says he's confident Time Warner merger will get past regulators. https://t.co/iRlyBUzRgd,Positive,87.7540,general,general,,Twitter
Dallas1,Corporate,32.776664,-96.796988,"208 S Akard Street, Ste 110",75202,Mon Oct 24 14:04:43 +0000 2016,"@AdalineTarver It's a special, invitation-only concert. We’ll share ticketing details later. Follow AT&amp;T + Taylor Nation for the latest.",Positive,99.0894,general,general,,Twitter
Dallas1,Corporate,32.776664,-96.796988,"208 S Akard Street, Ste 110",75202,Mon Oct 24 14:04:07 +0000 2016,Hilton's 2011 artwork. Congrats to Dallas-based @ATT &amp; Randall Stephenson on deal that could create nation's larges… https://t.co/zN5LsvFuRt,Positive,74.9855,general,general,,Twitter
Dallas1,Corporate,32.776664,-96.796988,"208 S Akard Street, Ste 110",75202,Mon Oct 24 14:00:31 +0000 2016,RT @ATT: Get a sweet deal on the new iPhone 7 when you switch to AT&amp;T and have DIRECTV. https://t.co/TQVeUkmeZ6 https://t.co/zfZmNpe8AP,Positive,98.0584,directv,general,,Twitter
Dallas1,Corporate,32.776664,-96.796988,"208 S Akard Street, Ste 110",75202,Mon Oct 24 14:00:02 +0000 2016,@ATT agrees to buy @TWC for more than $80B https://t.co/Pwyyf1vQTn https://t.co/WNMresoQ5Q,Neutral,58.0719,general,general,,Twitter
Dallas1,Corporate,32.776664,-96.796988,"208 S Akard Street, Ste 110",75202,Mon Oct 24 13:58:52 +0000 2016,#atttimewarner #att Chm Stephenson should improve what he has instead of building monuments! This merger is BAD for consumers!,Negative,97.4319,general,general,,Twitter
Dallas1,Corporate,32.776664,-96.796988,"208 S Akard Street, Ste 110",75202,Mon Oct 24 13:57:15 +0000 2016,#atttimewarner  @att been a att cust. for 20+ years. They are miserable now. Imagine how crappy after a mega merger!,Negative,83.7803,general,general,,Twitter
Dallas1,Corporate,32.776664,-96.796988,"208 S Akard Street, Ste 110",75202,Mon Oct 24 13:55:07 +0000 2016,"RT @ATT: Mother Nature is unpredictable, so we rely on our Network Disaster Recovery team to connect you when you need it most. https://t.c…",Positive,77.2863,general,general,,Twitter
Dallas1,Corporate,32.776664,-96.796988,"208 S Akard Street, Ste 110",75202,Mon Oct 24 13:54:44 +0000 2016,RT @ATT: AT&amp;T CEO Randall Stephenson addressed #MWC13 regarding challenges and opps for industry http://t.co/ruUa9WcblL http://t.co/E0qgeIj…,Positive,88.3793,general,general,,Twitter
Dallas1,Corporate,32.776664,-96.796988,"208 S Akard Street, Ste 110",75202,Mon Oct 24 13:48:56 +0000 2016,"RT @attJOBS: We’re lucky to be surrounded by talented #WomenInTech. See how they inspire us: https://t.co/6dp7cmjdey 
#GHC16 https://t.co/O…",Positive,79.8343,general,general,,Twitter
Dallas1,Corporate,32.776664,-96.796988,"208 S Akard Street, Ste 110",75202,Mon Oct 24 13:48:44 +0000 2016,"RT @attJOBS: Through technology, we're helping to connect students with mentors across the country. Here's how: https://t.co/aIHtIbm2d3 #AT…",Negative,62.4743,general,general,,Twitter
Dallas1,Corporate,32.776664,-96.796988,"208 S Akard Street, Ste 110",75202,Mon Oct 24 13:48:29 +0000 2016,"@NBALPSupport Is there still a deal between @DIRECTV and NBA for League Pass? Still not available and season starts tomorrow, ridiculous.",Positive,64.7845,directv,general,,Twitter
Dallas1,Corporate,32.776664,-96.796988,"208 S Akard Street, Ste 110",75202,Mon Oct 24 13:47:54 +0000 2016,RT @Dstoreysg: It only takes one extra degree to make a difference. #besomeone'sdifference https://t.co/DFTGqIR1fG,Neutral,58.6822,general,general,,Twitter
Dallas1,Corporate,32.776664,-96.796988,"208 S Akard Street, Ste 110",75202,Mon Oct 24 13:46:35 +0000 2016,RT @attJOBS: At the end of an interview you have a chance to make a lasting impression. Take it! Learn how: https://t.co/Fq9rgFL6f3 #Career…,Positive,95.7819,general,general,,Twitter
