Dallas2,Corporate,32.8111091,-96.8092962,3329 Oak Lawn Avenue,75219,Wed Oct 19 20:40:19 +0000 2016,RT @tonyromo: I wanna thank @DIRECTV for allowing me to show off my true self.  ;)  embarrassing is an understatement http://t.co/F0NniFESlL,Negative,85.6134,directv,general,,Twitter
Dallas2,Corporate,32.8111091,-96.8092962,3329 Oak Lawn Avenue,75219,Wed Oct 19 20:19:45 +0000 2016,"Spun off from @Omnicom, new agency is embedding management consultants + finance / statistical analysts w/ creative https://t.co/APRf3seEVn",Neutral,61.7048,general,general,,Twitter
Dallas2,Corporate,32.8111091,-96.8092962,3329 Oak Lawn Avenue,75219,Wed Oct 19 20:01:47 +0000 2016,"Catch the #ATTRedCarpet starting at 7/6c on @AudienceNetwork, ch. 1114, followed by the #CMAAwards50 on @ABC at 8/7… https://t.co/xo8dBIAe6Q",Positive,64.6917,general,general,,Twitter
Dallas2,Corporate,32.8111091,-96.8092962,3329 Oak Lawn Avenue,75219,Wed Oct 19 19:34:52 +0000 2016,Dak Prescott is 2nd in DYAR and QBR. He's also 3rd in DVOA and Yds/Att. Hard to bench that. #DallasCowboys,Neutral,51.0620,general,general,,Twitter
Dallas2,Corporate,32.8111091,-96.8092962,3329 Oak Lawn Avenue,75219,Wed Oct 19 19:30:01 +0000 2016,At the end of an interview you have a chance to make a lasting impression. Take it! Learn how:… https://t.co/fWS16qWPIi,Positive,96.0965,general,general,,Twitter
Dallas2,Corporate,32.8111091,-96.8092962,3329 Oak Lawn Avenue,75219,Wed Oct 19 19:28:28 +0000 2016,RT @ATT: Welcome to the team! @taylorswift13 https://t.co/4h86nLYuLo https://t.co/gAHOi7fPrZ,Positive,84.3125,general,general,,Twitter
Dallas2,Corporate,32.8111091,-96.8092962,3329 Oak Lawn Avenue,75219,Wed Oct 19 19:21:41 +0000 2016,RT @ATT: Welcome to the team! @taylorswift13 https://t.co/4h86nLYuLo https://t.co/gAHOi7fPrZ,Positive,84.3125,general,general,,Twitter
Dallas2,Corporate,32.8111091,-96.8092962,3329 Oak Lawn Avenue,75219,Wed Oct 19 19:18:46 +0000 2016,RT @ATT: Welcome to the team! @taylorswift13 https://t.co/4h86nLYuLo https://t.co/gAHOi7fPrZ,Positive,84.3125,general,general,,Twitter
Dallas2,Corporate,32.8111091,-96.8092962,3329 Oak Lawn Avenue,75219,Wed Oct 19 19:15:56 +0000 2016,"New media agency @Hearts_Science lands @ATT, opens shop in Dallas and plans to employ 100 people… https://t.co/n2lLIGUReh",Neutral,58.3314,general,general,,Twitter
Dallas2,Corporate,32.8111091,-96.8092962,3329 Oak Lawn Avenue,75219,Wed Oct 19 19:11:36 +0000 2016,RT @ATT: Goals. Highlights. Interviews. Head to https://t.co/1KS2s33o0G for exclusive MLS content! #SoccerEverywhere https://t.co/jcgMlqKBj4,Neutral,56.3765,general,general,,Twitter
Dallas2,Corporate,32.8111091,-96.8092962,3329 Oak Lawn Avenue,75219,Wed Oct 19 19:05:08 +0000 2016,RT @ATT: Welcome to the team! @taylorswift13 https://t.co/4h86nLYuLo https://t.co/gAHOi7fPrZ,Positive,84.3125,general,general,,Twitter
Dallas2,Corporate,32.8111091,-96.8092962,3329 Oak Lawn Avenue,75219,Wed Oct 19 18:59:36 +0000 2016,@DIRECTV @DIRECTVService When are you going to offer NBA League Pass?  Season starts in 6 days. Prior years it was available for preseason!,Neutral,60.3777,directv,general,,Twitter
Dallas2,Corporate,32.8111091,-96.8092962,3329 Oak Lawn Avenue,75219,Wed Oct 19 18:55:49 +0000 2016,@InTheBleachers We've been fighting this battle for like 2 months. #ATT can kick rocks. They've sent multiple people out and still not right,Neutral,57.3009,general,general,,Twitter
Dallas2,Corporate,32.8111091,-96.8092962,3329 Oak Lawn Avenue,75219,Wed Oct 19 18:50:44 +0000 2016,RT @ATT: Get a sweet deal on the new iPhone 7 when you switch to AT&amp;T and have DIRECTV. https://t.co/TQVeUkmeZ6 https://t.co/zfZmNpe8AP,Positive,98.0584,directv,general,,Twitter
Dallas2,Corporate,32.8111091,-96.8092962,3329 Oak Lawn Avenue,75219,Wed Oct 19 18:44:01 +0000 2016,RT @ATTBusiness: Let us help you fend off cyberattacks. Sign up to receive our #ATTCyberInsights report to craft the right plan: https://t.…,Positive,88.5573,general,general,,Twitter
Dallas2,Corporate,32.8111091,-96.8092962,3329 Oak Lawn Avenue,75219,Wed Oct 19 18:43:05 +0000 2016,"RT @attJOBS: Through technology, we're helping to connect students with mentors across the country. Here's how: https://t.co/aIHtIbm2d3 #AT…",Negative,62.4743,general,general,,Twitter
Dallas2,Corporate,32.8111091,-96.8092962,3329 Oak Lawn Avenue,75219,Wed Oct 19 18:40:19 +0000 2016,RT @RickTweetTweet: Listen: Life At AT&amp;T Podcast with 3  #Women Vice Presidents #LifeatATT  #WomenLeaders #ATTDiversity https://t.co/MsMDVK…,Positive,82.4150,general,general,,Twitter
Dallas2,Corporate,32.8111091,-96.8092962,3329 Oak Lawn Avenue,75219,Wed Oct 19 18:40:12 +0000 2016,"RT @RickTweetTweet: Women in Tech Q&amp;A: Kay Kapoor - President, AT&amp;T Global Business-Public Sector #WomeninTech #LifeAtATT https://t.co/SRsJ…",Neutral,50.0000,general,general,,Twitter
Dallas2,Corporate,32.8111091,-96.8092962,3329 Oak Lawn Avenue,75219,Wed Oct 19 18:39:40 +0000 2016,Why do I have 59 recordings on uverse 😂😂😂😂😂,Negative,93.3052,uverse,general,,Twitter
Dallas2,Corporate,32.8111091,-96.8092962,3329 Oak Lawn Avenue,75219,Wed Oct 19 18:39:37 +0000 2016,"RT @attJOBS: Through technology, we're helping to connect students with mentors across the country. Here's how: https://t.co/aIHtIbm2d3 #AT…",Negative,62.4743,general,general,,Twitter
Dallas2,Corporate,32.8111091,-96.8092962,3329 Oak Lawn Avenue,75219,Wed Oct 19 18:39:28 +0000 2016,RT @attJOBS: See what #LifeAtATT is like for the women of AT&amp;T: https://t.co/9rguQ7QaFV https://t.co/xsQ0cX6Inq,Neutral,53.9175,general,general,,Twitter
Dallas2,Corporate,32.8111091,-96.8092962,3329 Oak Lawn Avenue,75219,Wed Oct 19 18:39:20 +0000 2016,RT @attJOBS: Our employees broke records with @Stop_Hunger_Now at our ERG Conference! Learn how they made an #ATTimpact:  https://t.co/3s0Z…,Neutral,54.1326,general,general,,Twitter
Dallas2,Corporate,32.8111091,-96.8092962,3329 Oak Lawn Avenue,75219,Wed Oct 19 18:37:29 +0000 2016,"RT @ATTBusiness: A self-healing, self-resilent network w/ #AI opens the door to next-gen technology. Find out how: https://t.co/OrfatAuWXA…",Negative,92.0778,general,general,,Twitter
Dallas2,Corporate,32.8111091,-96.8092962,3329 Oak Lawn Avenue,75219,Wed Oct 19 18:35:08 +0000 2016,"Starting today, AT&amp;T customers can talk, text and use data while in Cuba https://t.co/sY6rkloKXV 
#GlobeAware",Positive,75.8777,general,general,,Twitter
Dallas2,Corporate,32.8111091,-96.8092962,3329 Oak Lawn Avenue,75219,Wed Oct 19 18:28:21 +0000 2016,I'm watching Munyar Rhazy https://t.co/6jag4IPJz1 via @sharethis,Negative,65.2630,general,general,,Twitter
Dallas2,Corporate,32.8111091,-96.8092962,3329 Oak Lawn Avenue,75219,Wed Oct 19 18:26:09 +0000 2016,RT @JordanSpieth: .@NotahBegay3 with the birdie for Team @ATT at the #SpiethShootout https://t.co/ssL2vULkxd,Positive,67.0439,general,general,,Twitter
Dallas2,Corporate,32.8111091,-96.8092962,3329 Oak Lawn Avenue,75219,Wed Oct 19 18:11:04 +0000 2016,RT @ATT: Get a sweet deal on the new iPhone 7 when you switch to AT&amp;T and have DIRECTV. https://t.co/TQVeUkmeZ6 https://t.co/zfZmNpe8AP,Positive,98.0584,directv,general,,Twitter
Dallas2,Corporate,32.8111091,-96.8092962,3329 Oak Lawn Avenue,75219,Wed Oct 19 18:08:47 +0000 2016,"@gsepi We’d love to feature this tweet on the AT&amp;T THANKS site! If you’re fine with that, please fill out this form: https://t.co/EXD6wS8Osg",Positive,80.4362,general,general,,Twitter
Dallas2,Corporate,32.8111091,-96.8092962,3329 Oak Lawn Avenue,75219,Wed Oct 19 18:05:05 +0000 2016,RT @ATT: Get a sweet deal on the new iPhone 7 when you switch to AT&amp;T and have DIRECTV. https://t.co/TQVeUkmeZ6 https://t.co/zfZmNpe8AP,Positive,98.0584,directv,general,,Twitter
Dallas2,Corporate,32.8111091,-96.8092962,3329 Oak Lawn Avenue,75219,Wed Oct 19 18:00:41 +0000 2016,"RT @melissa_repko: New marketing agency lands AT&amp;T, opens shop in Dallas and plans to employ 100 people. https://t.co/KTALGnMJl9 via @dalla…",Neutral,56.5613,general,general,,Twitter
Dallas2,Corporate,32.8111091,-96.8092962,3329 Oak Lawn Avenue,75219,Wed Oct 19 17:50:00 +0000 2016,"DFW: Win Tickets To ‘Luke Bryan’ Saturday, October 22nd At AT&amp;T Stadium https://t.co/wntCQ0qQgB",Positive,77.4137,general,general,,Twitter
Dallas2,Corporate,32.8111091,-96.8092962,3329 Oak Lawn Avenue,75219,Wed Oct 19 17:50:00 +0000 2016,"DFW: Win Tickets To ‘Luke Bryan’ Saturday, October 22nd At AT&amp;T Stadium https://t.co/JuQwaAzzX3",Positive,77.4137,general,general,,Twitter
Dallas2,Corporate,32.8111091,-96.8092962,3329 Oak Lawn Avenue,75219,Wed Oct 19 17:43:32 +0000 2016,AT&amp;T Fiber Launching in at Least 10 New Metros https://t.co/LdJ9fUnaOB #attemployee https://t.co/C7cYiCR302,Negative,69.4704,fiber,general,,Twitter
Dallas2,Corporate,32.8111091,-96.8092962,3329 Oak Lawn Avenue,75219,Wed Oct 19 17:43:31 +0000 2016,Exploring the @statefairoftx today with my @att GoPhone. Come along with me on snapchat and IG Stories (👻... https://t.co/G40kX1vCfi,Positive,94.5666,general,general,,Twitter
Dallas2,Corporate,32.8111091,-96.8092962,3329 Oak Lawn Avenue,75219,Wed Oct 19 17:43:28 +0000 2016,Exploring the @statefairoftx today with my att GoPhone. Come along with me on snapchat and IG… https://t.co/j3e2hxBC6e,Positive,91.4692,general,general,,Twitter
Dallas2,Corporate,32.8111091,-96.8092962,3329 Oak Lawn Avenue,75219,Wed Oct 19 17:43:17 +0000 2016,4 big security threats that make you vulnerable https://t.co/W4HrBpvCt1 #attemployee https://t.co/8I148L4f97,Neutral,56.5435,general,general,,Twitter
Dallas2,Corporate,32.8111091,-96.8092962,3329 Oak Lawn Avenue,75219,Wed Oct 19 17:43:14 +0000 2016,No more overages thanks to @ATT unlimited data. You got something right for a change lol,Positive,92.1174,general,general,,Twitter
Dallas2,Corporate,32.8111091,-96.8092962,3329 Oak Lawn Avenue,75219,Wed Oct 19 17:43:03 +0000 2016,A day in the life of an AT&amp;T PR maven with @MaddieLittrell #LifeatATT https://t.co/DixxVWS9I6 #attemployee https://t.co/aYTEgIvgI9,Positive,96.2833,general,general,,Twitter
Dallas2,Corporate,32.8111091,-96.8092962,3329 Oak Lawn Avenue,75219,Wed Oct 19 17:40:37 +0000 2016,Progressive companies use telework or telecommuting to move work to their people https://t.co/ZnDYPDPKEW #telecom #attemployee,Neutral,61.2092,general,general,,Twitter
Dallas2,Corporate,32.8111091,-96.8092962,3329 Oak Lawn Avenue,75219,Wed Oct 19 17:37:56 +0000 2016,RT @ATT: Who made you a college 🏈 fan? Share with #MadeMeAFanContest for a chance to win. Rules https://t.co/hU3I3wFn5V https://t.co/xZbxUJ…,Positive,88.9294,general,general,,Twitter
Dallas2,Corporate,32.8111091,-96.8092962,3329 Oak Lawn Avenue,75219,Wed Oct 19 17:32:50 +0000 2016,New IoT Security Guidelines - via @ATTBusiness | https://t.co/lFAqsbuvoC #NetworkingExchange,Neutral,62.1954,general,general,,Twitter
Dallas2,Corporate,32.8111091,-96.8092962,3329 Oak Lawn Avenue,75219,Wed Oct 19 17:15:55 +0000 2016,"New media agency lands AT&amp;T, opens shop in Dallas and plans to employ 100 people https://t.co/N5I72HQCMH via @dallasnews",Neutral,56.5613,general,general,,Twitter
Dallas2,Corporate,32.8111091,-96.8092962,3329 Oak Lawn Avenue,75219,Wed Oct 19 17:15:13 +0000 2016,RT @ATT: Goals. Highlights. Interviews. Head to https://t.co/1KS2s33o0G for exclusive MLS content! #SoccerEverywhere https://t.co/jcgMlqKBj4,Neutral,56.3765,general,general,,Twitter
Dallas2,Corporate,32.8111091,-96.8092962,3329 Oak Lawn Avenue,75219,Wed Oct 19 17:10:46 +0000 2016,RT @ATT: Who made you a college 🏈 fan? Share with #MadeMeAFanContest for a chance to win. Rules https://t.co/hU3I3wFn5V https://t.co/xZbxUJ…,Positive,88.9294,general,general,,Twitter
Dallas2,Corporate,32.8111091,-96.8092962,3329 Oak Lawn Avenue,75219,Wed Oct 19 17:10:09 +0000 2016,RT @ATT: Who made you a college 🏈 fan? Share with #MadeMeAFanContest for a chance to win. Rules https://t.co/hU3I3wFn5V https://t.co/xZbxUJ…,Positive,88.9294,general,general,,Twitter
Dallas2,Corporate,32.8111091,-96.8092962,3329 Oak Lawn Avenue,75219,Wed Oct 19 17:04:26 +0000 2016,"This @ATT GoPhone has the best camera! Wait until you see mi pics from the @StateFairOfTX 
#ATTGoPhone #ad https://t.co/vcPjgWvw8l",Positive,93.9623,general,general,,Twitter
Dallas2,Corporate,32.8111091,-96.8092962,3329 Oak Lawn Avenue,75219,Wed Oct 19 17:00:39 +0000 2016,RT @ATT: Goals. Highlights. Interviews. Head to https://t.co/1KS2s33o0G for exclusive MLS content! #SoccerEverywhere https://t.co/jcgMlqKBj4,Neutral,56.3765,general,general,,Twitter
Dallas2,Corporate,32.8111091,-96.8092962,3329 Oak Lawn Avenue,75219,Wed Oct 19 17:00:27 +0000 2016,RT @ATT: Goals. Highlights. Interviews. Head to https://t.co/1KS2s33o0G for exclusive MLS content! #SoccerEverywhere https://t.co/jcgMlqKBj4,Neutral,56.3765,general,general,,Twitter
Dallas2,Corporate,32.8111091,-96.8092962,3329 Oak Lawn Avenue,75219,Wed Oct 19 17:00:09 +0000 2016,Goals. Highlights. Interviews. Head to https://t.co/1KS2s33o0G for exclusive MLS content! #SoccerEverywhere https://t.co/jcgMlqKBj4,Neutral,56.3765,general,general,,Twitter
Dallas2,Corporate,32.8111091,-96.8092962,3329 Oak Lawn Avenue,75219,Wed Oct 19 16:52:45 +0000 2016,Getting caught up with Marco at the @ATT booth today! Blog post coming soon about my AT&amp;T GoPhone giveaway.… https://t.co/7hsZGVR6Zm,Positive,81.1148,general,general,,Twitter
Dallas2,Corporate,32.8111091,-96.8092962,3329 Oak Lawn Avenue,75219,Wed Oct 19 16:42:42 +0000 2016,RT @ATT: Get a sweet deal on the new iPhone 7 when you switch to AT&amp;T and have DIRECTV. https://t.co/TQVeUkmeZ6 https://t.co/zfZmNpe8AP,Positive,98.0584,directv,general,,Twitter
Dallas2,Corporate,32.8111091,-96.8092962,3329 Oak Lawn Avenue,75219,Wed Oct 19 16:36:45 +0000 2016,RT @ATT: Welcome to the team! @taylorswift13 https://t.co/4h86nLYuLo https://t.co/gAHOi7fPrZ,Positive,84.3125,general,general,,Twitter
Dallas2,Corporate,32.8111091,-96.8092962,3329 Oak Lawn Avenue,75219,Wed Oct 19 16:35:27 +0000 2016,AT&amp;T's commitment to the LGBT community #LifeatATT https://t.co/xWBnmHcTPO #attemployee https://t.co/3K6DXbScUJ,Positive,94.8272,general,general,,Twitter
Dallas2,Corporate,32.8111091,-96.8092962,3329 Oak Lawn Avenue,75219,Wed Oct 19 16:35:19 +0000 2016,"Women in Tech Q&amp;A: Kay Kapoor - President, AT&amp;T Global Business-Public Sector https://t.co/axpRMKau7d #attemployee https://t.co/LV3Ip0kTie",Neutral,50.0000,general,general,,Twitter
Dallas2,Corporate,32.8111091,-96.8092962,3329 Oak Lawn Avenue,75219,Wed Oct 19 16:30:27 +0000 2016,RT @ATT: Welcome to the team! @taylorswift13 https://t.co/4h86nLYuLo https://t.co/gAHOi7fPrZ,Positive,84.3125,general,general,,Twitter
Dallas2,Corporate,32.8111091,-96.8092962,3329 Oak Lawn Avenue,75219,Wed Oct 19 16:30:21 +0000 2016,RT @ATT: Get a sweet deal on the new iPhone 7 when you switch to AT&amp;T and have DIRECTV. https://t.co/TQVeUkmeZ6 https://t.co/zfZmNpe8AP,Positive,98.0584,directv,general,,Twitter
Dallas2,Corporate,32.8111091,-96.8092962,3329 Oak Lawn Avenue,75219,Wed Oct 19 16:24:32 +0000 2016,"New marketing agency lands AT&amp;T, opens shop in Dallas and plans to employ 100 people. https://t.co/KTALGnMJl9 via @dallasnews",Neutral,56.5613,general,general,,Twitter
Dallas2,Corporate,32.8111091,-96.8092962,3329 Oak Lawn Avenue,75219,Wed Oct 19 16:15:05 +0000 2016,RT @ATT: Welcome to the team! @taylorswift13 https://t.co/4h86nLYuLo https://t.co/gAHOi7fPrZ,Positive,84.3125,general,general,,Twitter
Dallas2,Corporate,32.8111091,-96.8092962,3329 Oak Lawn Avenue,75219,Wed Oct 19 16:12:05 +0000 2016,Interested in PR at AT&amp;T? My girl @MaddieLittrell is one of the best around here! #LifeatATT… https://t.co/3lZukOREUk,Positive,99.7095,general,general,,Twitter
Dallas2,Corporate,32.8111091,-96.8092962,3329 Oak Lawn Avenue,75219,Wed Oct 19 16:10:16 +0000 2016,"New media agency lands AT&amp;amp;T, opens shop in Dallas and plans to employ 100 people https://t.co/dKTzYwIe3P via @dallasnews #attemployee",Neutral,56.5613,general,general,,Twitter
Dallas2,Corporate,32.8111091,-96.8092962,3329 Oak Lawn Avenue,75219,Wed Oct 19 16:09:23 +0000 2016,RT @ATT: Get a sweet deal on the new iPhone 7 when you switch to AT&amp;T and have DIRECTV. https://t.co/TQVeUkmeZ6 https://t.co/zfZmNpe8AP,Positive,98.0584,directv,general,,Twitter
Dallas2,Corporate,32.8111091,-96.8092962,3329 Oak Lawn Avenue,75219,Wed Oct 19 16:00:08 +0000 2016,"RT @ATT: @gsepi Woo-hoo! Anytime, Joe :) https://t.co/WDMqAZSHwC",Neutral,58.9207,general,general,,Twitter
Dallas2,Corporate,32.8111091,-96.8092962,3329 Oak Lawn Avenue,75219,Wed Oct 19 15:56:15 +0000 2016,RT @ATT: Get a sweet deal on the new iPhone 7 when you switch to AT&amp;T and have DIRECTV. https://t.co/TQVeUkmeZ6 https://t.co/zfZmNpe8AP,Positive,98.0584,directv,general,,Twitter
Dallas2,Corporate,32.8111091,-96.8092962,3329 Oak Lawn Avenue,75219,Wed Oct 19 15:55:00 +0000 2016,RT @ATT: Get a sweet deal on the new iPhone 7 when you switch to AT&amp;T and have DIRECTV. https://t.co/TQVeUkmeZ6 https://t.co/zfZmNpe8AP,Positive,98.0584,directv,general,,Twitter
Dallas2,Corporate,32.8111091,-96.8092962,3329 Oak Lawn Avenue,75219,Wed Oct 19 15:54:30 +0000 2016,RT @ATT: Welcome to the team! @taylorswift13 https://t.co/4h86nLYuLo https://t.co/gAHOi7fPrZ,Positive,84.3125,general,general,,Twitter
Dallas2,Corporate,32.8111091,-96.8092962,3329 Oak Lawn Avenue,75219,Wed Oct 19 15:53:11 +0000 2016,RT @ATT: Get a sweet deal on the new iPhone 7 when you switch to AT&amp;T and have DIRECTV. https://t.co/TQVeUkmeZ6 https://t.co/zfZmNpe8AP,Positive,98.0584,directv,general,,Twitter
Dallas2,Corporate,32.8111091,-96.8092962,3329 Oak Lawn Avenue,75219,Wed Oct 19 15:48:37 +0000 2016,RT @ATT: Who made you a college 🏈 fan? Share with #MadeMeAFanContest for a chance to win. Rules https://t.co/hU3I3wFn5V https://t.co/xZbxUJ…,Positive,88.9294,general,general,,Twitter
Dallas2,Corporate,32.8111091,-96.8092962,3329 Oak Lawn Avenue,75219,Wed Oct 19 15:45:28 +0000 2016,"@Zimm102090 YEAH, Danielle! 🙌 Happy Wednesday to you! https://t.co/hpAAFZAWEA",Neutral,60.4666,general,general,,Twitter
Dallas2,Corporate,32.8111091,-96.8092962,3329 Oak Lawn Avenue,75219,Wed Oct 19 15:39:35 +0000 2016,"@gsepi Woo-hoo! Anytime, Joe :) https://t.co/WDMqAZSHwC",Neutral,58.9207,general,general,,Twitter
Dallas2,Corporate,32.8111091,-96.8092962,3329 Oak Lawn Avenue,75219,Wed Oct 19 15:37:46 +0000 2016,RT @ATT: Welcome to the team! @taylorswift13 https://t.co/4h86nLYuLo https://t.co/gAHOi7fPrZ,Positive,84.3125,general,general,,Twitter
Dallas2,Corporate,32.8111091,-96.8092962,3329 Oak Lawn Avenue,75219,Wed Oct 19 15:36:46 +0000 2016,RT @ATT: Welcome to the team! @taylorswift13 https://t.co/4h86nLYuLo https://t.co/gAHOi7fPrZ,Positive,84.3125,general,general,,Twitter
Dallas2,Corporate,32.8111091,-96.8092962,3329 Oak Lawn Avenue,75219,Wed Oct 19 15:36:24 +0000 2016,"@CalebDNH2O Seems like they've got the right idea! Watch out if they move on to dogs, Caleb! ;)",Negative,94.9238,general,general,,Twitter
Dallas2,Corporate,32.8111091,-96.8092962,3329 Oak Lawn Avenue,75219,Wed Oct 19 15:35:15 +0000 2016,"New media agency @Hearts_Science lands @ATT, opens shop in Dallas and plans to employ 100 people… https://t.co/BLIleSHPev",Neutral,58.3314,general,general,,Twitter
Dallas2,Corporate,32.8111091,-96.8092962,3329 Oak Lawn Avenue,75219,Wed Oct 19 15:32:41 +0000 2016,"New media agency lands AT&amp;T, opens shop in Dallas and plans to employ 100 people https://t.co/TxvXzetGfj via @dallasnews",Neutral,56.5613,general,general,,Twitter
Dallas2,Corporate,32.8111091,-96.8092962,3329 Oak Lawn Avenue,75219,Wed Oct 19 15:25:28 +0000 2016,"[Hearts &amp; Science recently opened a shop in downtown Dallas, across the street from AT&amp;T headquarters. Over 30... https://t.co/tAOGJ6Ucj3",Neutral,57.2652,general,general,,Twitter
Dallas2,Corporate,32.8111091,-96.8092962,3329 Oak Lawn Avenue,75219,Wed Oct 19 15:23:51 +0000 2016,RT @Ruthiesrolling: .@DtownDallasInc @ATT Come see us @browderstplaza for lunch today! #grilledcheese #att #DowntownDallas #lunch https://t…,Positive,79.0316,general,general,,Twitter
Dallas2,Corporate,32.8111091,-96.8092962,3329 Oak Lawn Avenue,75219,Wed Oct 19 15:23:45 +0000 2016,RT @attJOBS: Our employees broke records with @Stop_Hunger_Now at our ERG Conference! Learn how they made an #ATTimpact:  https://t.co/3s0Z…,Neutral,54.1326,general,general,,Twitter
Dallas2,Corporate,32.8111091,-96.8092962,3329 Oak Lawn Avenue,75219,Wed Oct 19 15:09:05 +0000 2016,RT @ATT: Welcome to the team! @taylorswift13 https://t.co/4h86nLYuLo https://t.co/gAHOi7fPrZ,Positive,84.3125,general,general,,Twitter
Dallas2,Corporate,32.8111091,-96.8092962,3329 Oak Lawn Avenue,75219,Wed Oct 19 15:00:49 +0000 2016,AT&amp;T Employees Break Records for Stop Hunger Now #ATTimpact  #LifeAtATT https://t.co/lpkejnKD59 #attemployee https://t.co/W9FD5Qt8wZ,Positive,72.3983,general,general,,Twitter
Dallas2,Corporate,32.8111091,-96.8092962,3329 Oak Lawn Avenue,75219,Wed Oct 19 15:00:42 +0000 2016,AT&amp;T Debuts Cuba Roaming https://t.co/br6loEZPiH #attemployee https://t.co/k7YQVQauX4,Neutral,50.0000,general,general,,Twitter
Dallas2,Corporate,32.8111091,-96.8092962,3329 Oak Lawn Avenue,75219,Wed Oct 19 15:00:05 +0000 2016,Puertorriqueña. Inspiradora. Luchadora. @DeniseBidot habla sobre su pasión por romper estereotipos.… https://t.co/fEYPg1cNHT,Neutral,50.0000,general,general,,Twitter
Dallas2,Corporate,32.8111091,-96.8092962,3329 Oak Lawn Avenue,75219,Wed Oct 19 14:59:41 +0000 2016,"Listen: Life At AT&amp;T Podcast ""Vice Presidents"" - with 3 #womenofATT #LifeatATT https://t.co/lwGGwG5OnJ #attemployee https://t.co/EiK7aP0WEr",Positive,82.4150,general,general,,Twitter
Dallas2,Corporate,32.8111091,-96.8092962,3329 Oak Lawn Avenue,75219,Wed Oct 19 14:55:28 +0000 2016,Join a Community of Innovation With a Job at AT&amp;T https://t.co/M8cBUfBLzN via @dailymuse @caroqliu,Negative,64.3951,general,general,,Twitter
Dallas2,Corporate,32.8111091,-96.8092962,3329 Oak Lawn Avenue,75219,Wed Oct 19 14:54:08 +0000 2016,RT @attJOBS: Our employees broke records with @Stop_Hunger_Now at our ERG Conference! Learn how they made an #ATTimpact:  https://t.co/3s0Z…,Neutral,54.1326,general,general,,Twitter
Dallas2,Corporate,32.8111091,-96.8092962,3329 Oak Lawn Avenue,75219,Wed Oct 19 14:53:45 +0000 2016,"RT @ConnectToGood: Our colleagues in Europe, the Middle East &amp; Asia are spreading the @ATT  Aspire mission around the globe: https://t.co/c…",Positive,86.8800,general,general,,Twitter
Dallas2,Corporate,32.8111091,-96.8092962,3329 Oak Lawn Avenue,75219,Wed Oct 19 14:47:54 +0000 2016,RT @RickTweetTweet: Listen: Life At AT&amp;T Podcast with 3  #Women Vice Presidents #LifeatATT  #WomenLeaders #ATTDiversity https://t.co/MsMDVK…,Positive,82.4150,general,general,,Twitter
Dallas2,Corporate,32.8111091,-96.8092962,3329 Oak Lawn Avenue,75219,Wed Oct 19 14:47:46 +0000 2016,"RT @RickTweetTweet: Women in Tech Q&amp;A: Kay Kapoor - President, AT&amp;T Global Business-Public Sector #WomeninTech #LifeAtATT https://t.co/SRsJ…",Neutral,50.0000,general,general,,Twitter
Dallas2,Corporate,32.8111091,-96.8092962,3329 Oak Lawn Avenue,75219,Wed Oct 19 14:47:40 +0000 2016,AT&amp;T Employees Break Records for Stop Hunger Now #ATTimpact https://t.co/6KYeAO3a1B #attemployee https://t.co/udUXXJ2j14,Positive,72.3983,general,general,,Twitter
Dallas2,Corporate,32.8111091,-96.8092962,3329 Oak Lawn Avenue,75219,Wed Oct 19 14:44:53 +0000 2016,"RT @attJOBS: Through technology, we're helping to connect students with mentors across the country. Here's how: https://t.co/aIHtIbm2d3 #AT…",Negative,62.4743,general,general,,Twitter
Dallas2,Corporate,32.8111091,-96.8092962,3329 Oak Lawn Avenue,75219,Wed Oct 19 14:44:45 +0000 2016,RT @attJOBS: See what #LifeAtATT is like for the women of AT&amp;T: https://t.co/9rguQ7QaFV https://t.co/xsQ0cX6Inq,Neutral,53.9175,general,general,,Twitter
Dallas2,Corporate,32.8111091,-96.8092962,3329 Oak Lawn Avenue,75219,Wed Oct 19 14:44:39 +0000 2016,RT @attJOBS: Our employees broke records with @Stop_Hunger_Now at our ERG Conference! Learn how they made an #ATTimpact:  https://t.co/3s0Z…,Neutral,54.1326,general,general,,Twitter
Dallas2,Corporate,32.8111091,-96.8092962,3329 Oak Lawn Avenue,75219,Wed Oct 19 14:42:56 +0000 2016,RT @ConnectToGood: Jeffrey mentors students online via @neprisapp. You too can make a difference. Become a mentor! https://t.co/HoNDJnO9Y0…,Positive,70.7222,general,general,,Twitter
Dallas2,Corporate,32.8111091,-96.8092962,3329 Oak Lawn Avenue,75219,Wed Oct 19 14:42:55 +0000 2016,"@EWaso24 It certainly is, we love your soccer passion! Follow and DM us, we have something for you. #SoccerEverywhere",Positive,94.3217,general,general,,Twitter
Dallas2,Corporate,32.8111091,-96.8092962,3329 Oak Lawn Avenue,75219,Wed Oct 19 14:36:52 +0000 2016,@Fizzle24 What a huge goal! Who is your favorite MLS player? #SoccerEverywhere,Positive,69.3285,general,general,,Twitter
Dallas2,Corporate,32.8111091,-96.8092962,3329 Oak Lawn Avenue,75219,Wed Oct 19 14:35:11 +0000 2016,@hammackgeo What an amazing finish! Which MLS team do you support? #SoccerEverywhere,Positive,99.5395,general,general,,Twitter
Dallas2,Corporate,32.8111091,-96.8092962,3329 Oak Lawn Avenue,75219,Wed Oct 19 14:14:40 +0000 2016,"New media agency lands #ATT, opens shop in #Dallas and plans to hire 100 people https://t.co/mkUAQFpGsw #DFW",Neutral,56.5613,general,general,,Twitter
Dallas2,Corporate,32.8111091,-96.8092962,3329 Oak Lawn Avenue,75219,Wed Oct 19 13:41:46 +0000 2016,"New media agency lands @ATT, opens shop in Dallas and plans to hire 100 people https://t.co/IvMoukoQQl via @dallasnews",Neutral,56.5613,general,general,,Twitter
Dallas2,Corporate,32.8111091,-96.8092962,3329 Oak Lawn Avenue,75219,Wed Oct 19 13:40:37 +0000 2016,"New media agency lands AT&amp;T, opens shop in Dallas and plans to hire 100 people - Dallas News: Dallas NewsNew ... https://t.co/oGT0IP5rdK",Neutral,56.5613,general,general,,Twitter
Dallas2,Corporate,32.8111091,-96.8092962,3329 Oak Lawn Avenue,75219,Wed Oct 19 13:38:14 +0000 2016,AT&amp;T's commitment to the LGBT community #LifeatATT #LoveEveryone https://t.co/wejb8FsOQt #attemployee https://t.co/ctt2Z0PpF6,Positive,94.8272,general,general,,Twitter
