Dallas4,Corporate,32.8685017,-96.7757012,8687 N Central Expressway Suite 2340,75225,Sat Oct 22 19:31:42 +0000 2016,"AT&amp;T-Time Warner mega-deal is near
https://t.co/pmCuy8Xyno",Neutral,62.0891,general,general,,Twitter
Dallas4,Corporate,32.8685017,-96.7757012,8687 N Central Expressway Suite 2340,75225,Sat Oct 22 19:30:41 +0000 2016,RT @ATT: Welcome to the team! @taylorswift13 https://t.co/4h86nLYuLo https://t.co/gAHOi7fPrZ,Positive,84.3125,general,general,,Twitter
Dallas4,Corporate,32.8685017,-96.7757012,8687 N Central Expressway Suite 2340,75225,Sat Oct 22 19:29:01 +0000 2016,Wowzers!  #ATT #TimeWarner https://t.co/e2zyh95MpW,Neutral,50.0000,general,general,,Twitter
Dallas4,Corporate,32.8685017,-96.7757012,8687 N Central Expressway Suite 2340,75225,Sat Oct 22 19:26:41 +0000 2016,RT @ATT: Welcome to the team! @taylorswift13 https://t.co/4h86nLYuLo https://t.co/gAHOi7fPrZ,Positive,84.3125,general,general,,Twitter
Dallas4,Corporate,32.8685017,-96.7757012,8687 N Central Expressway Suite 2340,75225,Sat Oct 22 19:24:22 +0000 2016,Lots of questions arise as @WSJ reports that @ATT has agreed to buy Time Warner for upwards of $80 BILLION. Service costs? Jobs?,Negative,90.9111,general,general,,Twitter
Dallas4,Corporate,32.8685017,-96.7757012,8687 N Central Expressway Suite 2340,75225,Sat Oct 22 19:22:19 +0000 2016,Donald Trump says he would block AT&amp;T-Time Warner merger if elected https://t.co/FcDwhEONfu via @dallasnews,Positive,73.6044,general,general,,Twitter
Dallas4,Corporate,32.8685017,-96.7757012,8687 N Central Expressway Suite 2340,75225,Sat Oct 22 19:20:47 +0000 2016,AT&amp;T agrees to buy Time Warner for more than $80B https://t.co/h1MeuXw2BC,Positive,71.0501,general,general,,Twitter
Dallas4,Corporate,32.8685017,-96.7757012,8687 N Central Expressway Suite 2340,75225,Sat Oct 22 19:19:57 +0000 2016,Having a bad customer service day. Sadly I'm not surprised at @ATT but totally shocked at my @Apple experience especially live in a store.,Negative,99.6061,general,store experience,,Twitter
Dallas4,Corporate,32.8685017,-96.7757012,8687 N Central Expressway Suite 2340,75225,Sat Oct 22 19:19:02 +0000 2016,Why AT&amp;T's pursuit of Time Warner makes sense: It takes an elephant to eat an elephant https://t.co/dYiu3fo9m1 via @dallasnews,Negative,63.7114,general,general,,Twitter
Dallas4,Corporate,32.8685017,-96.7757012,8687 N Central Expressway Suite 2340,75225,Sat Oct 22 19:14:39 +0000 2016,Smmfh we need the real government to break these companies up!! https://t.co/h5CCPljMlE,Neutral,60.7165,general,general,,Twitter
Dallas4,Corporate,32.8685017,-96.7757012,8687 N Central Expressway Suite 2340,75225,Sat Oct 22 19:13:37 +0000 2016,RT @ATT: Welcome to the team! @taylorswift13 https://t.co/4h86nLYuLo https://t.co/gAHOi7fPrZ,Positive,84.3125,general,general,,Twitter
Dallas4,Corporate,32.8685017,-96.7757012,8687 N Central Expressway Suite 2340,75225,Sat Oct 22 19:13:37 +0000 2016,RT @wfaachannel8: AT&amp;T agrees to buy Time Warner for more than $80B https://t.co/9LtV0RAUgV https://t.co/zqmbwnbOeo,Positive,71.0501,general,general,,Twitter
Dallas4,Corporate,32.8685017,-96.7757012,8687 N Central Expressway Suite 2340,75225,Sat Oct 22 19:08:25 +0000 2016,RT @wfaachannel8: AT&amp;T agrees to buy Time Warner for more than $80B https://t.co/9LtV0RAUgV https://t.co/zqmbwnbOeo,Positive,71.0501,general,general,,Twitter
Dallas4,Corporate,32.8685017,-96.7757012,8687 N Central Expressway Suite 2340,75225,Sat Oct 22 19:07:29 +0000 2016,Sources: AT&amp;T-Time Warner mega-deal is near https://t.co/uKDPTI8v6j,Neutral,62.0891,general,general,,Twitter
Dallas4,Corporate,32.8685017,-96.7757012,8687 N Central Expressway Suite 2340,75225,Sat Oct 22 19:05:56 +0000 2016,"RT @ATT: Watch the @GreenDay @iHeartRadio Album Release Party Tonight, 9pm ET/PT on AUDIENCE. DIRECTV ch 239/U-verse ch 1114. https://t.co/…",Neutral,59.5550,directv,general,,Twitter
Dallas4,Corporate,32.8685017,-96.7757012,8687 N Central Expressway Suite 2340,75225,Sat Oct 22 19:04:21 +0000 2016,Will AT&amp;T buy Time Warner create new media giant? https://t.co/nL9A8YgvPv,Positive,68.6139,general,general,,Twitter
Dallas4,Corporate,32.8685017,-96.7757012,8687 N Central Expressway Suite 2340,75225,Sat Oct 22 19:04:21 +0000 2016,"AT&amp;T could buy Time Warner, creating new media giant https://t.co/y45vV7DkMM",Positive,63.8415,general,general,,Twitter
Dallas4,Corporate,32.8685017,-96.7757012,8687 N Central Expressway Suite 2340,75225,Sat Oct 22 19:04:17 +0000 2016,RT @wfaachannel8: AT&amp;T agrees to buy Time Warner for more than $80B https://t.co/9LtV0RAUgV https://t.co/zqmbwnbOeo,Positive,71.0501,general,general,,Twitter
Dallas4,Corporate,32.8685017,-96.7757012,8687 N Central Expressway Suite 2340,75225,Sat Oct 22 19:03:53 +0000 2016,Not sure about this one. https://t.co/pGPourra26,Negative,69.4778,general,general,,Twitter
Dallas4,Corporate,32.8685017,-96.7757012,8687 N Central Expressway Suite 2340,75225,Sat Oct 22 19:03:05 +0000 2016,AT&amp;T agrees to buy Time Warner for more than $80B https://t.co/9LtV0RAUgV https://t.co/zqmbwnbOeo,Positive,71.0501,general,general,,Twitter
Dallas4,Corporate,32.8685017,-96.7757012,8687 N Central Expressway Suite 2340,75225,Sat Oct 22 19:00:04 +0000 2016,"RT @Anna_lyzes: DC Comics included.

AT&amp;T to buy HBO, CNN, and the rest of Time Warner for more than $80 billion  https://t.co/k1p1TcVNZy",Negative,74.1750,general,general,,Twitter
Dallas4,Corporate,32.8685017,-96.7757012,8687 N Central Expressway Suite 2340,75225,Sat Oct 22 18:59:50 +0000 2016,"RT @dallascowboys: Take a ""Behind the Bench"" experience, with exclusive audio and more from Sunday's Victory. 

🎥: https://t.co/KNhaa7AjpA…",Neutral,55.1303,general,store experience,,Twitter
Dallas4,Corporate,32.8685017,-96.7757012,8687 N Central Expressway Suite 2340,75225,Sat Oct 22 18:58:33 +0000 2016,@ClayTravis Because that DirecTV deal is working out so well for them,Positive,89.2478,directv,general,,Twitter
Dallas4,Corporate,32.8685017,-96.7757012,8687 N Central Expressway Suite 2340,75225,Sat Oct 22 18:58:14 +0000 2016,Donald Trump says he would block AT&amp;T-Time Warner merger if elected https://t.co/ZR1ARxw80c #DFW #Tech,Positive,73.6044,general,general,,Twitter
Dallas4,Corporate,32.8685017,-96.7757012,8687 N Central Expressway Suite 2340,75225,Sat Oct 22 18:58:13 +0000 2016,Donald Trump says he would block AT&amp;T-Time Warner merger if elected https://t.co/crX4HRdZmZ #DFW #realestate,Positive,73.6044,general,general,,Twitter
Dallas4,Corporate,32.8685017,-96.7757012,8687 N Central Expressway Suite 2340,75225,Sat Oct 22 18:51:17 +0000 2016,RT @ATT: Welcome to the team! @taylorswift13 https://t.co/4h86nLYuLo https://t.co/gAHOi7fPrZ,Positive,84.3125,general,general,,Twitter
Dallas4,Corporate,32.8685017,-96.7757012,8687 N Central Expressway Suite 2340,75225,Sat Oct 22 18:48:03 +0000 2016,"RT @ATT: Some people may wait a lifetime, but you don't have to. On 11/2-3, AT&amp;T customers can buy @kelly_clarkson tix early. https://t.co/…",Neutral,60.4188,general,general,,Twitter
Dallas4,Corporate,32.8685017,-96.7757012,8687 N Central Expressway Suite 2340,75225,Sat Oct 22 18:42:34 +0000 2016,@GameOfThrones 4 @ATT $T buys @DIRECTV &amp; @HBO 's #TimeWarner while @timarmstrongaol of @verizon buys @AOL &amp; @Yahoo… https://t.co/SaXbGlATXK,Neutral,58.3720,directv,general,,Twitter
Dallas4,Corporate,32.8685017,-96.7757012,8687 N Central Expressway Suite 2340,75225,Sat Oct 22 18:40:53 +0000 2016,"DC Comics included.

AT&amp;T to buy HBO, CNN, and the rest of Time Warner for more than $80 billion  https://t.co/k1p1TcVNZy",Negative,74.1750,general,general,,Twitter
Dallas4,Corporate,32.8685017,-96.7757012,8687 N Central Expressway Suite 2340,75225,Sat Oct 22 18:38:39 +0000 2016,"Report: AT&amp;T to buy Time Warner for more than $80 billion
https://t.co/GW76Pr2wlT",Positive,71.0501,general,general,,Twitter
Dallas4,Corporate,32.8685017,-96.7757012,8687 N Central Expressway Suite 2340,75225,Sat Oct 22 18:35:55 +0000 2016,Does this mean the Dodgers will be available on DirecTV?,Neutral,60.8730,directv,general,,Twitter
Dallas4,Corporate,32.8685017,-96.7757012,8687 N Central Expressway Suite 2340,75225,Sat Oct 22 18:31:55 +0000 2016,@ATT Reaches Deal to Buy @twxcorp for More Than $80 Billion https://t.co/vCwS3Ef4uf via @WSJ,Positive,66.8452,general,general,,Twitter
Dallas4,Corporate,32.8685017,-96.7757012,8687 N Central Expressway Suite 2340,75225,Sat Oct 22 18:26:58 +0000 2016,RT @AddBrocke: Holy shit: AT&amp;T Agrees to Buy Time Warner for More Than $80 Billion https://t.co/Md0zH7rAgG https://t.co/ECknFqcMtY,Neutral,50.0497,general,general,,Twitter
Dallas4,Corporate,32.8685017,-96.7757012,8687 N Central Expressway Suite 2340,75225,Sat Oct 22 18:22:08 +0000 2016,"RT @ATT: Hey, Bears! @ATT + @TOMS are coming to game day this week to share their story &amp; #CelebrateGood with fans. Stop by! https://t.co/M…",Positive,88.1188,general,general,,Twitter
Dallas4,Corporate,32.8685017,-96.7757012,8687 N Central Expressway Suite 2340,75225,Sat Oct 22 18:21:28 +0000 2016,Holy shit: AT&amp;T Agrees to Buy Time Warner for More Than $80 Billion https://t.co/Md0zH7rAgG https://t.co/ECknFqcMtY,Neutral,50.0497,general,general,,Twitter
Dallas4,Corporate,32.8685017,-96.7757012,8687 N Central Expressway Suite 2340,75225,Sat Oct 22 18:21:14 +0000 2016,Why AT&amp;T's pursuit of Time Warner makes sense: ‘It takes an elephant to eat an elephant’ https://t.co/fdu6t8JekW |… https://t.co/eblF478tOz,Negative,63.7114,general,general,,Twitter
Dallas4,Corporate,32.8685017,-96.7757012,8687 N Central Expressway Suite 2340,75225,Sat Oct 22 18:21:09 +0000 2016,"""AT&amp;T Agrees to Buy Time Warner for More Than $80 Billion"" by MICHAEL J. de la MERCED via NYT The New York Times https://t.co/wom6uHr0FY",Positive,97.8459,general,general,,Twitter
Dallas4,Corporate,32.8685017,-96.7757012,8687 N Central Expressway Suite 2340,75225,Sat Oct 22 18:20:37 +0000 2016,Watch the CEO of AT&amp;T - and new owner of Time Warner - explain why Black Lives Matter: An extraordinary… https://t.co/5ZvdSTVUIR | @Recode,Positive,79.6722,general,general,,Twitter
Dallas4,Corporate,32.8685017,-96.7757012,8687 N Central Expressway Suite 2340,75225,Sat Oct 22 18:19:06 +0000 2016,"RT @ATT: Some people may wait a lifetime, but you don't have to. On 11/2-3, AT&amp;T customers can buy @kelly_clarkson tix early. https://t.co/…",Neutral,60.4188,general,general,,Twitter
Dallas4,Corporate,32.8685017,-96.7757012,8687 N Central Expressway Suite 2340,75225,Sat Oct 22 18:18:11 +0000 2016,WSJ: AT&amp;T Reaches Deal To Purchase Time Warner For $80 Billion https://t.co/uMRJOUduRM #DFW,Positive,72.0624,general,general,,Twitter
Dallas4,Corporate,32.8685017,-96.7757012,8687 N Central Expressway Suite 2340,75225,Sat Oct 22 18:17:50 +0000 2016,RT @ATT: Welcome to the team! @taylorswift13 https://t.co/4h86nLYuLo https://t.co/gAHOi7fPrZ,Positive,84.3125,general,general,,Twitter
Dallas4,Corporate,32.8685017,-96.7757012,8687 N Central Expressway Suite 2340,75225,Sat Oct 22 18:11:07 +0000 2016,New report: #ATT has $85 billion deal in 'principle' to buy Time Warner https://t.co/XXn7zJ72c1 #DFW,Positive,80.2440,general,general,,Twitter
Dallas4,Corporate,32.8685017,-96.7757012,8687 N Central Expressway Suite 2340,75225,Sat Oct 22 18:09:13 +0000 2016,RT @ATT: Who made you a college 🏈 fan? Share with #MadeMeAFanContest for a chance to win. Rules https://t.co/hU3I3wFn5V https://t.co/xZbxUJ…,Positive,88.9294,general,general,,Twitter
Dallas4,Corporate,32.8685017,-96.7757012,8687 N Central Expressway Suite 2340,75225,Sat Oct 22 18:04:12 +0000 2016,@caroljsroth so what are your thoughts on the @ATT @TWC deal?,Neutral,51.0521,general,general,,Twitter
Dallas4,Corporate,32.8685017,-96.7757012,8687 N Central Expressway Suite 2340,75225,Sat Oct 22 18:04:07 +0000 2016,#dallas New report: AT&amp;T has $85 billion deal in 'principle' to buy Time Warner https://t.co/30nUNhrxWv,Positive,80.2440,general,general,,Twitter
Dallas4,Corporate,32.8685017,-96.7757012,8687 N Central Expressway Suite 2340,75225,Sat Oct 22 18:01:18 +0000 2016,RT @ATT: Welcome to the team! @taylorswift13 https://t.co/4h86nLYuLo https://t.co/gAHOi7fPrZ,Positive,84.3125,general,general,,Twitter
Dallas4,Corporate,32.8685017,-96.7757012,8687 N Central Expressway Suite 2340,75225,Sat Oct 22 17:55:30 +0000 2016,ATT just bought Time Warner for $80B.. sweet baby Jesus,Positive,64.6694,general,general,,Twitter
Dallas4,Corporate,32.8685017,-96.7757012,8687 N Central Expressway Suite 2340,75225,Sat Oct 22 17:49:13 +0000 2016,why iPhones cost almost $1000 but I just simply restarted my phone and it deleted all my messages for no reason 😐😐😐😐😐😐 @ATT @Apple U SUCK,Negative,99.8366,general,general,,Twitter
Dallas4,Corporate,32.8685017,-96.7757012,8687 N Central Expressway Suite 2340,75225,Sat Oct 22 17:46:54 +0000 2016,"RT @ATT: Some people may wait a lifetime, but you don't have to. On 11/2-3, AT&amp;T customers can buy @kelly_clarkson tix early. https://t.co/…",Neutral,60.4188,general,general,,Twitter
Dallas4,Corporate,32.8685017,-96.7757012,8687 N Central Expressway Suite 2340,75225,Sat Oct 22 17:46:08 +0000 2016,RT @ATTBusiness: Business-ready is one thing; cybersecurity readiness is another. Access info you need to help defend your data: https://t.…,Neutral,52.8854,general,general,,Twitter
Dallas4,Corporate,32.8685017,-96.7757012,8687 N Central Expressway Suite 2340,75225,Sat Oct 22 17:40:28 +0000 2016,Workers with equivalent skills in different locations can keep a project moving https://t.co/ZnDYPDPKEW #telecom #attemployee,Positive,84.8504,general,general,,Twitter
Dallas4,Corporate,32.8685017,-96.7757012,8687 N Central Expressway Suite 2340,75225,Sat Oct 22 17:33:06 +0000 2016,"RT @ATT: Hey, Bears! @ATT + @TOMS are coming to game day this week to share their story &amp; #CelebrateGood with fans. Stop by! https://t.co/M…",Positive,88.1188,general,general,,Twitter
Dallas4,Corporate,32.8685017,-96.7757012,8687 N Central Expressway Suite 2340,75225,Sat Oct 22 17:29:41 +0000 2016,AT&amp;T reaches deal to buy Time Warner for more than $80 billion: Report https://t.co/CJ19N8MSyX,Positive,78.1304,general,general,,Twitter
Dallas4,Corporate,32.8685017,-96.7757012,8687 N Central Expressway Suite 2340,75225,Sat Oct 22 17:25:45 +0000 2016,RT @ATT: Welcome to the team! @taylorswift13 https://t.co/4h86nLYuLo https://t.co/gAHOi7fPrZ,Positive,84.3125,general,general,,Twitter
Dallas4,Corporate,32.8685017,-96.7757012,8687 N Central Expressway Suite 2340,75225,Sat Oct 22 17:24:57 +0000 2016,RT @ATT: Welcome to the team! @taylorswift13 https://t.co/4h86nLYuLo https://t.co/gAHOi7fPrZ,Positive,84.3125,general,general,,Twitter
Dallas4,Corporate,32.8685017,-96.7757012,8687 N Central Expressway Suite 2340,75225,Sat Oct 22 17:18:03 +0000 2016,super-sized:huge restaurant opens in home base of @dallascowboys https://t.co/4BAMieMYue via @dallasnews https://t.co/ChWDFDeOqB,Neutral,54.5589,general,general,,Twitter
Dallas4,Corporate,32.8685017,-96.7757012,8687 N Central Expressway Suite 2340,75225,Sat Oct 22 17:08:04 +0000 2016,"RT @ATT: Watch the @GreenDay @iHeartRadio Album Release Party Tonight, 9pm ET/PT on AUDIENCE. DIRECTV ch 239/U-verse ch 1114. https://t.co/…",Neutral,59.5550,directv,general,,Twitter
Dallas4,Corporate,32.8685017,-96.7757012,8687 N Central Expressway Suite 2340,75225,Sat Oct 22 17:01:26 +0000 2016,RT @ATT: Welcome to the team! @taylorswift13 https://t.co/4h86nLYuLo https://t.co/gAHOi7fPrZ,Positive,84.3125,general,general,,Twitter
Dallas4,Corporate,32.8685017,-96.7757012,8687 N Central Expressway Suite 2340,75225,Sat Oct 22 17:00:05 +0000 2016,"RT @ATT: Watch the @GreenDay @iHeartRadio Album Release Party Tonight, 9pm ET/PT on AUDIENCE. DIRECTV ch 239/U-verse ch 1114. https://t.co/…",Neutral,59.5550,directv,general,,Twitter
Dallas4,Corporate,32.8685017,-96.7757012,8687 N Central Expressway Suite 2340,75225,Sat Oct 22 16:54:11 +0000 2016,New report: AT&amp;T has $85 billion deal in 'principle' to buy Time Warner https://t.co/ZZOfTtcmpi via @dallasnews,Positive,80.2440,general,general,,Twitter
Dallas4,Corporate,32.8685017,-96.7757012,8687 N Central Expressway Suite 2340,75225,Sat Oct 22 16:47:24 +0000 2016,RT @ATT: Welcome to the team! @taylorswift13 https://t.co/4h86nLYuLo https://t.co/gAHOi7fPrZ,Positive,84.3125,general,general,,Twitter
Dallas4,Corporate,32.8685017,-96.7757012,8687 N Central Expressway Suite 2340,75225,Sat Oct 22 16:46:29 +0000 2016,I'll be done with @TWC if this happens. I left @ATT for a reason.  https://t.co/QxiMxFkSNQ,Negative,92.5204,general,general,,Twitter
Dallas4,Corporate,32.8685017,-96.7757012,8687 N Central Expressway Suite 2340,75225,Sat Oct 22 16:44:17 +0000 2016,RT @ATT: Welcome to the team! @taylorswift13 https://t.co/4h86nLYuLo https://t.co/gAHOi7fPrZ,Positive,84.3125,general,general,,Twitter
Dallas4,Corporate,32.8685017,-96.7757012,8687 N Central Expressway Suite 2340,75225,Sat Oct 22 16:43:43 +0000 2016,"RT @ATT: Watch the @GreenDay @iHeartRadio Album Release Party Tonight, 9pm ET/PT on AUDIENCE. DIRECTV ch 239/U-verse ch 1114. https://t.co/…",Neutral,59.5550,directv,general,,Twitter
Dallas4,Corporate,32.8685017,-96.7757012,8687 N Central Expressway Suite 2340,75225,Sat Oct 22 16:30:01 +0000 2016,"#TimeWarner worth at least $70B if acquisition deal w/ #ATT is reached, could be biggest of decade @dallasnews… https://t.co/Msfi1ERKhT",Negative,69.6273,general,general,,Twitter
Dallas4,Corporate,32.8685017,-96.7757012,8687 N Central Expressway Suite 2340,75225,Sat Oct 22 16:29:18 +0000 2016,"@DIRECTV According to @AnthonyHotels, the host of the shows, his shows are to be on Monday evening. 2 of are. I can't find Hotel Showdown.",Neutral,57.3660,directv,general,,Twitter
Dallas4,Corporate,32.8685017,-96.7757012,8687 N Central Expressway Suite 2340,75225,Sat Oct 22 16:28:40 +0000 2016,New report: AT&amp;T has $85 billion deal in 'principle' to buy Time Warner https://t.co/FdSZicfDxh #Dallas,Positive,80.2440,general,general,,Twitter
Dallas4,Corporate,32.8685017,-96.7757012,8687 N Central Expressway Suite 2340,75225,Sat Oct 22 16:24:50 +0000 2016,"RT @ATT: Watch the @GreenDay @iHeartRadio Album Release Party Tonight, 9pm ET/PT on AUDIENCE. DIRECTV ch 239/U-verse ch 1114. https://t.co/…",Neutral,59.5550,directv,general,,Twitter
Dallas4,Corporate,32.8685017,-96.7757012,8687 N Central Expressway Suite 2340,75225,Sat Oct 22 16:21:25 +0000 2016,RT @DMNBiz: New report: AT&amp;T has $85 billion deal in 'principle' to buy Time Warner | https://t.co/ycH4O7Vkba @krobijake https://t.co/Thnzd…,Positive,80.2440,general,general,,Twitter
Dallas4,Corporate,32.8685017,-96.7757012,8687 N Central Expressway Suite 2340,75225,Sat Oct 22 16:20:55 +0000 2016,New report: AT&amp;T has $85 billion deal in 'principle' to buy Time Warner | https://t.co/ycH4O7Vkba @krobijake https://t.co/Thnzd1yDUf,Positive,80.2440,general,general,,Twitter
Dallas4,Corporate,32.8685017,-96.7757012,8687 N Central Expressway Suite 2340,75225,Sat Oct 22 16:17:24 +0000 2016,RT @dallasnews: New report: AT&amp;T has $85 billion deal in 'principle' to buy Time Warner | https://t.co/sZn5fIP3L0 @krobijake https://t.co/S…,Positive,80.2440,general,general,,Twitter
Dallas4,Corporate,32.8685017,-96.7757012,8687 N Central Expressway Suite 2340,75225,Sat Oct 22 16:15:54 +0000 2016,@JasonWhitely @wfaachannel8 @ATT @nytimes Why?,Neutral,61.4168,general,general,,Twitter
Dallas4,Corporate,32.8685017,-96.7757012,8687 N Central Expressway Suite 2340,75225,Sat Oct 22 16:15:47 +0000 2016,"@realDonaldTrump "" ATT and Time Warner merger will not be allowed in my admin as it puts too much power in the hands of too few""#Gettysburg",Positive,73.3111,general,general,,Twitter
Dallas4,Corporate,32.8685017,-96.7757012,8687 N Central Expressway Suite 2340,75225,Sat Oct 22 16:13:37 +0000 2016,RT @dallasnews: New report: AT&amp;T has $85 billion deal in 'principle' to buy Time Warner | https://t.co/sZn5fIP3L0 @krobijake https://t.co/S…,Positive,80.2440,general,general,,Twitter
Dallas4,Corporate,32.8685017,-96.7757012,8687 N Central Expressway Suite 2340,75225,Sat Oct 22 16:12:09 +0000 2016,RT @ATT: Welcome to the team! @taylorswift13 https://t.co/4h86nLYuLo https://t.co/gAHOi7fPrZ,Positive,84.3125,general,general,,Twitter
Dallas4,Corporate,32.8685017,-96.7757012,8687 N Central Expressway Suite 2340,75225,Sat Oct 22 16:09:13 +0000 2016,RT @ATT: Welcome to the team! @taylorswift13 https://t.co/4h86nLYuLo https://t.co/gAHOi7fPrZ,Positive,84.3125,general,general,,Twitter
Dallas4,Corporate,32.8685017,-96.7757012,8687 N Central Expressway Suite 2340,75225,Sat Oct 22 16:07:51 +0000 2016,RT @dallasnews: New report: AT&amp;T has $85 billion deal in 'principle' to buy Time Warner | https://t.co/sZn5fIP3L0 @krobijake https://t.co/S…,Positive,80.2440,general,general,,Twitter
Dallas4,Corporate,32.8685017,-96.7757012,8687 N Central Expressway Suite 2340,75225,Sat Oct 22 16:06:23 +0000 2016,RT @dallasnews: New report: AT&amp;T has $85 billion deal in 'principle' to buy Time Warner | https://t.co/sZn5fIP3L0 @krobijake https://t.co/S…,Positive,80.2440,general,general,,Twitter
Dallas4,Corporate,32.8685017,-96.7757012,8687 N Central Expressway Suite 2340,75225,Sat Oct 22 16:05:36 +0000 2016,@JasonWhitely @ATT @nytimes Didn't spectrum just do that? My TWC bill now says Spectrum... But my bldg is now set up for ATT fiber...?,Negative,70.7072,fiber,general,,Twitter
Dallas4,Corporate,32.8685017,-96.7757012,8687 N Central Expressway Suite 2340,75225,Sat Oct 22 16:05:34 +0000 2016,New report: AT&amp;T has $85 billion deal in 'principle' to buy Time Warner | https://t.co/sZn5fIP3L0 @krobijake https://t.co/SyHyODOWkt,Positive,80.2440,general,general,,Twitter
Dallas4,Corporate,32.8685017,-96.7757012,8687 N Central Expressway Suite 2340,75225,Sat Oct 22 15:58:00 +0000 2016,@ATTCares like ffs maybe @att should be a bit more transparent,Negative,64.5847,general,general,,Twitter
Dallas4,Corporate,32.8685017,-96.7757012,8687 N Central Expressway Suite 2340,75225,Sat Oct 22 15:57:40 +0000 2016,"@ATTCares UNFORTUNATELY that doesn't list what the late fees are, when they occur, or anything more specific than BAD THINGS HAPPEN",Negative,99.7098,general,general,,Twitter
Dallas4,Corporate,32.8685017,-96.7757012,8687 N Central Expressway Suite 2340,75225,Sat Oct 22 15:55:32 +0000 2016,"@rboney Rebecca- we're so excited for you, we're doing the happy dance! Enjoy your service &amp; let us know if you nee… https://t.co/7eeKL5ux5K",Neutral,51.5509,general,general,,Twitter
Dallas4,Corporate,32.8685017,-96.7757012,8687 N Central Expressway Suite 2340,75225,Sat Oct 22 15:55:16 +0000 2016,Why AT&amp;T's pursuit of Time Warner makes sense: ‘It takes an elephant to eat an elephant’ https://t.co/BCohguAkfA |… https://t.co/3RBrTcUtk5,Negative,63.7114,general,general,,Twitter
Dallas4,Corporate,32.8685017,-96.7757012,8687 N Central Expressway Suite 2340,75225,Sat Oct 22 15:53:18 +0000 2016,New report: #ATT has $85 billion deal in 'principle' to buy Time Warner https://t.co/nEmqM4qxRL #DFW #realestate,Positive,80.2440,general,general,,Twitter
Dallas4,Corporate,32.8685017,-96.7757012,8687 N Central Expressway Suite 2340,75225,Sat Oct 22 15:53:15 +0000 2016,New report: #ATT has $85 billion deal in 'principle' to buy Time Warner https://t.co/7FpUGOVmQ9 #DFW #Tech,Positive,80.2440,general,general,,Twitter
Dallas4,Corporate,32.8685017,-96.7757012,8687 N Central Expressway Suite 2340,75225,Sat Oct 22 15:51:08 +0000 2016,"RT @ATT: Watch the @GreenDay @iHeartRadio Album Release Party Tonight, 9pm ET/PT on AUDIENCE. DIRECTV ch 239/U-verse ch 1114. https://t.co/…",Neutral,59.5550,directv,general,,Twitter
Dallas4,Corporate,32.8685017,-96.7757012,8687 N Central Expressway Suite 2340,75225,Sat Oct 22 15:49:39 +0000 2016,AT&amp;T Can't Admit That Google Fiber is Forcing it to Compete https://t.co/8LFUJSSp0f,Neutral,60.1629,fiber,general,,Twitter
Dallas4,Corporate,32.8685017,-96.7757012,8687 N Central Expressway Suite 2340,75225,Sat Oct 22 15:40:40 +0000 2016,"RT @ATT: Watch the @GreenDay @iHeartRadio Album Release Party Tonight, 9pm ET/PT on AUDIENCE. DIRECTV ch 239/U-verse ch 1114. https://t.co/…",Neutral,59.5550,directv,general,,Twitter
Dallas4,Corporate,32.8685017,-96.7757012,8687 N Central Expressway Suite 2340,75225,Sat Oct 22 15:38:11 +0000 2016,@ATTCares yeah I will I only get paid once a month,Negative,73.6241,general,general,,Twitter
Dallas4,Corporate,32.8685017,-96.7757012,8687 N Central Expressway Suite 2340,75225,Sat Oct 22 15:35:45 +0000 2016,"RT @ATT: Watch the @GreenDay @iHeartRadio Album Release Party Tonight, 9pm ET/PT on AUDIENCE. DIRECTV ch 239/U-verse ch 1114. https://t.co/…",Neutral,59.5550,directv,general,,Twitter
Dallas4,Corporate,32.8685017,-96.7757012,8687 N Central Expressway Suite 2340,75225,Sat Oct 22 15:31:34 +0000 2016,"RT @ATT: Hey, Bears! @ATT + @TOMS are coming to game day this week to share their story &amp; #CelebrateGood with fans. Stop by! https://t.co/M…",Positive,88.1188,general,general,,Twitter
Dallas4,Corporate,32.8685017,-96.7757012,8687 N Central Expressway Suite 2340,75225,Sat Oct 22 15:30:48 +0000 2016,"RT @ATT: Watch the @GreenDay @iHeartRadio Album Release Party Tonight, 9pm ET/PT on AUDIENCE. DIRECTV ch 239/U-verse ch 1114. https://t.co/…",Neutral,59.5550,directv,general,,Twitter
Dallas4,Corporate,32.8685017,-96.7757012,8687 N Central Expressway Suite 2340,75225,Sat Oct 22 15:20:55 +0000 2016,RT @ATT: Welcome to the team! @taylorswift13 https://t.co/4h86nLYuLo https://t.co/gAHOi7fPrZ,Positive,84.3125,general,general,,Twitter
Dallas4,Corporate,32.8685017,-96.7757012,8687 N Central Expressway Suite 2340,75225,Sat Oct 22 15:19:21 +0000 2016,"RT @ATT: Watch the @GreenDay @iHeartRadio Album Release Party Tonight, 9pm ET/PT on AUDIENCE. DIRECTV ch 239/U-verse ch 1114. https://t.co/…",Neutral,59.5550,directv,general,,Twitter
Dallas4,Corporate,32.8685017,-96.7757012,8687 N Central Expressway Suite 2340,75225,Sat Oct 22 15:14:45 +0000 2016,RT @ATT: Welcome to the team! @taylorswift13 https://t.co/4h86nLYuLo https://t.co/gAHOi7fPrZ,Positive,84.3125,general,general,,Twitter
Dallas4,Corporate,32.8685017,-96.7757012,8687 N Central Expressway Suite 2340,75225,Sat Oct 22 15:05:49 +0000 2016,RT @ATT: Welcome to the team! @taylorswift13 https://t.co/4h86nLYuLo https://t.co/gAHOi7fPrZ,Positive,84.3125,general,general,,Twitter
Dallas4,Corporate,32.8685017,-96.7757012,8687 N Central Expressway Suite 2340,75225,Sat Oct 22 15:00:54 +0000 2016,"RT @ATT: Hey, Bears! @ATT + @TOMS are coming to game day this week to share their story &amp; #CelebrateGood with fans. Stop by! https://t.co/M…",Positive,88.1188,general,general,,Twitter
Dallas4,Corporate,32.8685017,-96.7757012,8687 N Central Expressway Suite 2340,75225,Sat Oct 22 14:54:39 +0000 2016,"Oops, I forgot to pay my @ATT bill last month.",Negative,68.6860,general,general,,Twitter
