Dallas13,Authorized,32.845283,-96.787396,6417 Hillcrest Ave,75205,Fri Oct 21 10:55:02 +0000 2016,RT @ATT: Who made you a college 🏈 fan? Share with #MadeMeAFanContest for a chance to win. Rules https://t.co/hU3I3wFn5V https://t.co/xZbxUJ…,Positive,88.9294,general,general,,Twitter
Dallas13,Authorized,32.845283,-96.787396,6417 Hillcrest Ave,75205,Fri Oct 21 10:48:38 +0000 2016,RT @ATT: Get a sweet deal on the new iPhone 7 when you switch to AT&amp;T and have DIRECTV. https://t.co/TQVeUkmeZ6 https://t.co/zfZmNpe8AP,Positive,98.0584,directv,general,,Twitter
Dallas13,Authorized,32.845283,-96.787396,6417 Hillcrest Ave,75205,Fri Oct 21 10:14:50 +0000 2016,RT @ATT: Welcome to the team! @taylorswift13 https://t.co/4h86nLYuLo https://t.co/gAHOi7fPrZ,Positive,84.3125,general,general,,Twitter
Dallas13,Authorized,32.845283,-96.787396,6417 Hillcrest Ave,75205,Fri Oct 21 10:13:50 +0000 2016,RT @ATT: Welcome to the team! @taylorswift13 https://t.co/4h86nLYuLo https://t.co/gAHOi7fPrZ,Positive,84.3125,general,general,,Twitter
Dallas13,Authorized,32.845283,-96.787396,6417 Hillcrest Ave,75205,Fri Oct 21 10:03:31 +0000 2016,RT @attJOBS: Last year we donated $1M to @GirlsWhoCode &amp; the future careers of women technologists everywhere! #GHC16 https://t.co/rKDF99f5…,Positive,98.7368,general,general,,Twitter
Dallas13,Authorized,32.845283,-96.787396,6417 Hillcrest Ave,75205,Fri Oct 21 09:12:56 +0000 2016,RT @ATT: Who made you a college 🏈 fan? Share with #MadeMeAFanContest for a chance to win. Rules https://t.co/hU3I3wFn5V https://t.co/xZbxUJ…,Positive,88.9294,general,general,,Twitter
Dallas13,Authorized,32.845283,-96.787396,6417 Hillcrest Ave,75205,Fri Oct 21 08:55:20 +0000 2016,RT @attJOBS: Last year we donated $1M to @GirlsWhoCode &amp; the future careers of women technologists everywhere! #GHC16 https://t.co/rKDF99f5…,Positive,98.7368,general,general,,Twitter
Dallas13,Authorized,32.845283,-96.787396,6417 Hillcrest Ave,75205,Fri Oct 21 08:17:13 +0000 2016,https://t.co/Lp9x8TRT9r https://t.co/bR2R9xxy74,Neutral,50.0000,general,general,,Twitter
Dallas13,Authorized,32.845283,-96.787396,6417 Hillcrest Ave,75205,Fri Oct 21 07:44:42 +0000 2016,RT @rjohnson1911: Wow DMs but not call to resolve and offer @sprintcare ...I am disappointed...@ATTCares has already reached out to me! #sp…,Negative,71.6491,general,general,,Twitter
Dallas13,Authorized,32.845283,-96.787396,6417 Hillcrest Ave,75205,Fri Oct 21 07:19:26 +0000 2016,RT @ATT: Get a sweet deal on the new iPhone 7 when you switch to AT&amp;T and have DIRECTV. https://t.co/TQVeUkmeZ6 https://t.co/zfZmNpe8AP,Positive,98.0584,directv,general,,Twitter
Dallas13,Authorized,32.845283,-96.787396,6417 Hillcrest Ave,75205,Fri Oct 21 05:46:20 +0000 2016,RT @ATT: Welcome to the team! @taylorswift13 https://t.co/4h86nLYuLo https://t.co/gAHOi7fPrZ,Positive,84.3125,general,general,,Twitter
Dallas13,Authorized,32.845283,-96.787396,6417 Hillcrest Ave,75205,Fri Oct 21 04:54:14 +0000 2016,RT @ATT: Welcome to the team! @taylorswift13 https://t.co/4h86nLYuLo https://t.co/gAHOi7fPrZ,Positive,84.3125,general,general,,Twitter
Dallas13,Authorized,32.845283,-96.787396,6417 Hillcrest Ave,75205,Fri Oct 21 04:44:01 +0000 2016,RT @ATT: RT if you’ll be doing the time warp with Frank N. Furter and the gang tonight during @RockyHorrorFOX at 8/7 on @FOXTV. #RockyHorro…,Positive,65.1636,general,general,,Twitter
Dallas13,Authorized,32.845283,-96.787396,6417 Hillcrest Ave,75205,Fri Oct 21 04:42:11 +0000 2016,RT @ATT: Welcome to the team! @taylorswift13 https://t.co/4h86nLYuLo https://t.co/gAHOi7fPrZ,Positive,84.3125,general,general,,Twitter
Dallas13,Authorized,32.845283,-96.787396,6417 Hillcrest Ave,75205,Fri Oct 21 04:18:06 +0000 2016,RT @ATT: Who made you a college 🏈 fan? Share with #MadeMeAFanContest for a chance to win. Rules https://t.co/hU3I3wFn5V https://t.co/xZbxUJ…,Positive,88.9294,general,general,,Twitter
Dallas13,Authorized,32.845283,-96.787396,6417 Hillcrest Ave,75205,Fri Oct 21 04:16:16 +0000 2016,RT @ATT: RT if you’ll be doing the time warp with Frank N. Furter and the gang tonight during @RockyHorrorFOX at 8/7 on @FOXTV. #RockyHorro…,Positive,65.1636,general,general,,Twitter
Dallas13,Authorized,32.845283,-96.787396,6417 Hillcrest Ave,75205,Fri Oct 21 04:11:14 +0000 2016,RT @ATT: Who made you a college 🏈 fan? Share with #MadeMeAFanContest for a chance to win. Rules https://t.co/hU3I3wFn5V https://t.co/xZbxUJ…,Positive,88.9294,general,general,,Twitter
Dallas13,Authorized,32.845283,-96.787396,6417 Hillcrest Ave,75205,Fri Oct 21 03:46:50 +0000 2016,RT @ATT: Get a sweet deal on the new iPhone 7 when you switch to AT&amp;T and have DIRECTV. https://t.co/TQVeUkmeZ6 https://t.co/zfZmNpe8AP,Positive,98.0584,directv,general,,Twitter
Dallas13,Authorized,32.845283,-96.787396,6417 Hillcrest Ave,75205,Fri Oct 21 03:43:53 +0000 2016,RT @ATT: RT if you’ll be doing the time warp with Frank N. Furter and the gang tonight during @RockyHorrorFOX at 8/7 on @FOXTV. #RockyHorro…,Positive,65.1636,general,general,,Twitter
Dallas13,Authorized,32.845283,-96.787396,6417 Hillcrest Ave,75205,Fri Oct 21 03:38:33 +0000 2016,RT @ATT: Welcome to the team! @taylorswift13 https://t.co/4h86nLYuLo https://t.co/gAHOi7fPrZ,Positive,84.3125,general,general,,Twitter
Dallas13,Authorized,32.845283,-96.787396,6417 Hillcrest Ave,75205,Fri Oct 21 03:38:22 +0000 2016,RT @ATT: Get a sweet deal on the new iPhone 7 when you switch to AT&amp;T and have DIRECTV. https://t.co/TQVeUkmeZ6 https://t.co/zfZmNpe8AP,Positive,98.0584,directv,general,,Twitter
Dallas13,Authorized,32.845283,-96.787396,6417 Hillcrest Ave,75205,Fri Oct 21 03:27:47 +0000 2016,RT @StephBloom: So @ATT SUCKS! I have lost signal on my TV 27 TIMES in 24 hours!!!! I WANT TO TALK TO A REAL PERSON! #help,Negative,99.2211,general,general,,Twitter
Dallas13,Authorized,32.845283,-96.787396,6417 Hillcrest Ave,75205,Fri Oct 21 03:10:14 +0000 2016,RT @StephBloom: So @ATT SUCKS! I have lost signal on my TV 27 TIMES in 24 hours!!!! I WANT TO TALK TO A REAL PERSON! #help,Negative,99.2211,general,general,,Twitter
Dallas13,Authorized,32.845283,-96.787396,6417 Hillcrest Ave,75205,Fri Oct 21 02:51:03 +0000 2016,RT @ATT: RT if you’ll be doing the time warp with Frank N. Furter and the gang tonight during @RockyHorrorFOX at 8/7 on @FOXTV. #RockyHorro…,Positive,65.1636,general,general,,Twitter
Dallas13,Authorized,32.845283,-96.787396,6417 Hillcrest Ave,75205,Fri Oct 21 02:50:18 +0000 2016,RT @KenKalthoffNBC5: Small Dallas Arts Groups Seek Funding from Bond Referendum https://t.co/SZO0KgIfBT,Neutral,56.6365,general,general,,Twitter
Dallas13,Authorized,32.845283,-96.787396,6417 Hillcrest Ave,75205,Fri Oct 21 02:45:46 +0000 2016,RT @ATT: Welcome to the team! @taylorswift13 https://t.co/4h86nLYuLo https://t.co/gAHOi7fPrZ,Positive,84.3125,general,general,,Twitter
Dallas13,Authorized,32.845283,-96.787396,6417 Hillcrest Ave,75205,Fri Oct 21 02:35:18 +0000 2016,"@marariann_ This is a special, invitation-only concert, but we’ll be giving away lots of tickets to fans and AT&amp;T customers soon.",Positive,96.9312,general,general,,Twitter
Dallas13,Authorized,32.845283,-96.787396,6417 Hillcrest Ave,75205,Fri Oct 21 02:33:23 +0000 2016,"Retweeted Ken Kalthoff (@KenKalthoffNBC5):

Small Dallas Arts Groups Seek Funding from Bond Referendum... https://t.co/IIrXvi12wO",Neutral,58.2309,general,general,,Twitter
Dallas13,Authorized,32.845283,-96.787396,6417 Hillcrest Ave,75205,Fri Oct 21 02:33:13 +0000 2016,RT @KenKalthoffNBC5: Small Dallas Arts Groups Seek Funding from Bond Referendum https://t.co/SZO0KgIfBT,Neutral,56.6365,general,general,,Twitter
Dallas13,Authorized,32.845283,-96.787396,6417 Hillcrest Ave,75205,Fri Oct 21 02:30:53 +0000 2016,So @ATT SUCKS! I have lost signal on my TV 27 TIMES in 24 hours!!!! I WANT TO TALK TO A REAL PERSON! #help,Negative,99.2211,general,general,,Twitter
Dallas13,Authorized,32.845283,-96.787396,6417 Hillcrest Ave,75205,Fri Oct 21 02:27:38 +0000 2016,Small Arts Groups Seek Dallas Funding After Big AT&amp;T PAC Got Theirs - NBC 5 Dallas-Fort Worth: NBC 5 Dallas-F... https://t.co/Cz9FXuhvAC,Negative,74.5025,general,general,,Twitter
Dallas13,Authorized,32.845283,-96.787396,6417 Hillcrest Ave,75205,Fri Oct 21 02:15:54 +0000 2016,RT @ATT: Welcome to the team! @taylorswift13 https://t.co/4h86nLYuLo https://t.co/gAHOi7fPrZ,Positive,84.3125,general,general,,Twitter
Dallas13,Authorized,32.845283,-96.787396,6417 Hillcrest Ave,75205,Fri Oct 21 02:12:51 +0000 2016,"@Beau_Walker Hey there, sorry to hear that. What happened? We'd love to help.",Negative,73.0206,general,general,,Twitter
Dallas13,Authorized,32.845283,-96.787396,6417 Hillcrest Ave,75205,Fri Oct 21 02:10:09 +0000 2016,Small Dallas Arts Groups Seek Funding from Bond Referendum https://t.co/SZO0KgIfBT,Neutral,56.6365,general,general,,Twitter
Dallas13,Authorized,32.845283,-96.787396,6417 Hillcrest Ave,75205,Fri Oct 21 02:03:31 +0000 2016,"my reason to not use es6+ is old android browsers wont work. think about it, we can actually blame att et al for keeping javascript shitty.",Negative,84.4536,general,general,,Twitter
Dallas13,Authorized,32.845283,-96.787396,6417 Hillcrest Ave,75205,Fri Oct 21 02:01:21 +0000 2016,"RT @ATTBusiness: Reliable, safer &amp; more efficient smart grids? Yes, with #IoT, our 4G LTE network and Sentient Energy. Discover how: https:…",Positive,89.1496,general,general,,Twitter
Dallas13,Authorized,32.845283,-96.787396,6417 Hillcrest Ave,75205,Fri Oct 21 02:00:12 +0000 2016,RT @ATT: RT if you’ll be doing the time warp with Frank N. Furter and the gang tonight during @RockyHorrorFOX at 8/7 on @FOXTV. #RockyHorro…,Positive,65.1636,general,general,,Twitter
Dallas13,Authorized,32.845283,-96.787396,6417 Hillcrest Ave,75205,Fri Oct 21 01:59:34 +0000 2016,"Bravo, @RockyHorrorFOX, Bravo!  👠👄 We're warped. #RockyHorror",Positive,65.1530,general,general,,Twitter
Dallas13,Authorized,32.845283,-96.787396,6417 Hillcrest Ave,75205,Fri Oct 21 01:56:16 +0000 2016,Nobody puts Riff Raff in the corner on @RockyHorrorFox #RockyHorror 😡,Neutral,50.1697,general,general,,Twitter
Dallas13,Authorized,32.845283,-96.787396,6417 Hillcrest Ave,75205,Fri Oct 21 01:53:09 +0000 2016,#dallas Small Arts Groups Seek Dallas Funding After Big AT&amp;T PAC Got Theirs https://t.co/oHOUcnd9lC,Negative,77.8854,general,general,,Twitter
Dallas13,Authorized,32.845283,-96.787396,6417 Hillcrest Ave,75205,Fri Oct 21 01:51:05 +0000 2016,Small Dallas Arts Groups Seek Funding from Bond Referendum https://t.co/iS7hA3IoZs #dallas https://t.co/E4nNcVPKIs,Neutral,56.6365,general,general,,Twitter
Dallas13,Authorized,32.845283,-96.787396,6417 Hillcrest Ave,75205,Fri Oct 21 01:49:10 +0000 2016,Frank brought it home! 💛😢 #RockyHorror,Positive,82.8974,general,general,,Twitter
Dallas13,Authorized,32.845283,-96.787396,6417 Hillcrest Ave,75205,Fri Oct 21 01:43:36 +0000 2016,RT @ATT: Who made you a college 🏈 fan? Share with #MadeMeAFanContest for a chance to win. Rules https://t.co/hU3I3wFn5V https://t.co/xZbxUJ…,Positive,88.9294,general,general,,Twitter
Dallas13,Authorized,32.845283,-96.787396,6417 Hillcrest Ave,75205,Fri Oct 21 01:41:23 +0000 2016,RT @ATT: Get a sweet deal on the new iPhone 7 when you switch to AT&amp;T and have DIRECTV. https://t.co/TQVeUkmeZ6 https://t.co/zfZmNpe8AP,Positive,98.0584,directv,general,,Twitter
Dallas13,Authorized,32.845283,-96.787396,6417 Hillcrest Ave,75205,Fri Oct 21 01:35:32 +0000 2016,Brad sure does look good in 👠👠 #RockyHorror 😉,Negative,68.3793,general,general,,Twitter
Dallas13,Authorized,32.845283,-96.787396,6417 Hillcrest Ave,75205,Fri Oct 21 01:34:19 +0000 2016,"@Towns_Tyler What's going on, Tyler? We'd love to help.",Positive,79.0381,general,general,,Twitter
Dallas13,Authorized,32.845283,-96.787396,6417 Hillcrest Ave,75205,Fri Oct 21 01:31:32 +0000 2016,RT @ATT: Welcome to the team! @taylorswift13 https://t.co/4h86nLYuLo https://t.co/gAHOi7fPrZ,Positive,84.3125,general,general,,Twitter
Dallas13,Authorized,32.845283,-96.787396,6417 Hillcrest Ave,75205,Fri Oct 21 01:28:42 +0000 2016,RT @Uverse: Who else is watching The #RockyHorrorPictureShowLIVE on @FOX? Tweet along as we do the ⏰ warp again. https://t.co/0Sztr7Ehil,Neutral,61.3198,uverse,general,,Twitter
Dallas13,Authorized,32.845283,-96.787396,6417 Hillcrest Ave,75205,Fri Oct 21 01:27:46 +0000 2016,Clothes optional? Who wore it best on @RockyHorrorFox? #RockyHorror 👠👄,Positive,67.0764,general,general,,Twitter
Dallas13,Authorized,32.845283,-96.787396,6417 Hillcrest Ave,75205,Fri Oct 21 01:22:06 +0000 2016,@MelEarl372 @ATT @TMobile Oh interesting. I've had a decent experience @verizon but I'm listening. 👂🏻👂🏻,Negative,95.7705,general,store experience,,Twitter
Dallas13,Authorized,32.845283,-96.787396,6417 Hillcrest Ave,75205,Fri Oct 21 01:19:39 +0000 2016,MEAT. 🍖 It's what for dinner on @RockyHorrorFOX. #RockyHorror,Negative,66.7295,general,general,,Twitter
Dallas13,Authorized,32.845283,-96.787396,6417 Hillcrest Ave,75205,Fri Oct 21 01:18:35 +0000 2016,Small Arts Groups Seek Dallas Funding After Big AT&amp;T PAC Got Theirs - NBC 5 Dallas-Fort Worth: NBC 5 Dallas-F... https://t.co/5GP6C3WriJ,Negative,74.5025,general,general,,Twitter
Dallas13,Authorized,32.845283,-96.787396,6417 Hillcrest Ave,75205,Fri Oct 21 01:11:56 +0000 2016,RT @ATT: RT if you’ll be doing the time warp with Frank N. Furter and the gang tonight during @RockyHorrorFOX at 8/7 on @FOXTV. #RockyHorro…,Positive,65.1636,general,general,,Twitter
Dallas13,Authorized,32.845283,-96.787396,6417 Hillcrest Ave,75205,Fri Oct 21 01:10:30 +0000 2016,"RT @JeromyABailey: Hey @verizon, when are we going to unlimited data so I don't have to switch to @ATT?",Negative,95.9685,general,general,,Twitter
Dallas13,Authorized,32.845283,-96.787396,6417 Hillcrest Ave,75205,Fri Oct 21 01:09:41 +0000 2016,Sing it Janet! 🎵Touch A Touch A Touch A Touch Me🎵👅 #RockyHorror,Positive,67.0383,general,general,,Twitter
Dallas13,Authorized,32.845283,-96.787396,6417 Hillcrest Ave,75205,Fri Oct 21 01:09:28 +0000 2016,RT @ATT: Get a sweet deal on the new iPhone 7 when you switch to AT&amp;T and have DIRECTV. https://t.co/TQVeUkmeZ6 https://t.co/zfZmNpe8AP,Positive,98.0584,directv,general,,Twitter
Dallas13,Authorized,32.845283,-96.787396,6417 Hillcrest Ave,75205,Fri Oct 21 01:08:50 +0000 2016,"Hey @verizon, when are we going to unlimited data so I don't have to switch to @ATT?",Negative,95.9685,general,general,,Twitter
Dallas13,Authorized,32.845283,-96.787396,6417 Hillcrest Ave,75205,Fri Oct 21 01:04:17 +0000 2016,RT @ATT: RT if you’ll be doing the time warp with Frank N. Furter and the gang tonight during @RockyHorrorFOX at 8/7 on @FOXTV. #RockyHorro…,Positive,65.1636,general,general,,Twitter
Dallas13,Authorized,32.845283,-96.787396,6417 Hillcrest Ave,75205,Fri Oct 21 01:01:59 +0000 2016,RT @attJOBS: Last year we donated $1M to @GirlsWhoCode &amp; the future careers of women technologists everywhere! #GHC16 https://t.co/rKDF99f5…,Positive,98.7368,general,general,,Twitter
Dallas13,Authorized,32.845283,-96.787396,6417 Hillcrest Ave,75205,Fri Oct 21 01:00:49 +0000 2016,Things are getting steamy on @RockyHorrorFox and we don't hate it. #RockyHorror 😏,Negative,63.9916,general,general,,Twitter
Dallas13,Authorized,32.845283,-96.787396,6417 Hillcrest Ave,75205,Fri Oct 21 00:59:32 +0000 2016,RT @ATT: Welcome to the team! @taylorswift13 https://t.co/4h86nLYuLo https://t.co/gAHOi7fPrZ,Positive,84.3125,general,general,,Twitter
Dallas13,Authorized,32.845283,-96.787396,6417 Hillcrest Ave,75205,Fri Oct 21 00:51:21 +0000 2016,Currently swooning over Eddie. We really love his rock n roll! 🏍😍 #RockyHorror,Positive,91.9052,general,general,,Twitter
Dallas13,Authorized,32.845283,-96.787396,6417 Hillcrest Ave,75205,Fri Oct 21 00:44:39 +0000 2016,How many more days before #AT&amp;T @ATTCares gets #home #Internet service working again?  Keep getting runaround when I call. #CustomerService,Positive,76.3501,general,general,,Twitter
Dallas13,Authorized,32.845283,-96.787396,6417 Hillcrest Ave,75205,Fri Oct 21 00:39:35 +0000 2016,Sha la la la 🎶 #RockyHorror https://t.co/W813kv2gh0,Neutral,50.0000,general,general,,Twitter
Dallas13,Authorized,32.845283,-96.787396,6417 Hillcrest Ave,75205,Fri Oct 21 00:39:22 +0000 2016,RT @ATT: RT if you’ll be doing the time warp with Frank N. Furter and the gang tonight during @RockyHorrorFOX at 8/7 on @FOXTV. #RockyHorro…,Positive,65.1636,general,general,,Twitter
Dallas13,Authorized,32.845283,-96.787396,6417 Hillcrest Ave,75205,Fri Oct 21 00:38:37 +0000 2016,RT @ATT: Who made you a college 🏈 fan? Share with #MadeMeAFanContest for a chance to win. Rules https://t.co/hU3I3wFn5V https://t.co/xZbxUJ…,Positive,88.9294,general,general,,Twitter
Dallas13,Authorized,32.845283,-96.787396,6417 Hillcrest Ave,75205,Fri Oct 21 00:37:20 +0000 2016,"""Do you have any tattoos Brad? Certainly not."" #RockyHorror 👄 https://t.co/6HGlmiD9lK",Neutral,59.4580,general,general,,Twitter
Dallas13,Authorized,32.845283,-96.787396,6417 Hillcrest Ave,75205,Fri Oct 21 00:31:55 +0000 2016,RT @ATT: RT if you’ll be doing the time warp with Frank N. Furter and the gang tonight during @RockyHorrorFOX at 8/7 on @FOXTV. #RockyHorro…,Positive,65.1636,general,general,,Twitter
Dallas13,Authorized,32.845283,-96.787396,6417 Hillcrest Ave,75205,Fri Oct 21 00:26:30 +0000 2016,Dr. Frank N. Furter has arrived and she is F.I.E.R.C.E. #RockyHorror 👄👠,Positive,92.5346,general,general,,Twitter
Dallas13,Authorized,32.845283,-96.787396,6417 Hillcrest Ave,75205,Fri Oct 21 00:22:12 +0000 2016,RT if you're on your feet doing the time warp! It's just a jump to the left. #RockyHorror,Negative,93.2312,general,general,,Twitter
Dallas13,Authorized,32.845283,-96.787396,6417 Hillcrest Ave,75205,Fri Oct 21 00:17:09 +0000 2016,RT @attJOBS: Last year we donated $1M to @GirlsWhoCode &amp; the future careers of women technologists everywhere! #GHC16 https://t.co/rKDF99f5…,Positive,98.7368,general,general,,Twitter
Dallas13,Authorized,32.845283,-96.787396,6417 Hillcrest Ave,75205,Fri Oct 21 00:10:37 +0000 2016,Small Dallas Arts Groups Seek Funding from Bond Referendum: Smaller Dallas Arts groups have a big wish list a... https://t.co/CDIeSOssrl,Neutral,59.6356,general,general,,Twitter
Dallas13,Authorized,32.845283,-96.787396,6417 Hillcrest Ave,75205,Fri Oct 21 00:10:22 +0000 2016,Oh Brad! #RockyHorror https://t.co/tqNGljYdMU,Neutral,60.9928,general,general,,Twitter
Dallas13,Authorized,32.845283,-96.787396,6417 Hillcrest Ave,75205,Fri Oct 21 00:07:55 +0000 2016,RT @ATT: RT if you’ll be doing the time warp with Frank N. Furter and the gang tonight during @RockyHorrorFOX at 8/7 on @FOXTV. #RockyHorro…,Positive,65.1636,general,general,,Twitter
Dallas13,Authorized,32.845283,-96.787396,6417 Hillcrest Ave,75205,Fri Oct 21 00:06:38 +0000 2016,"Tweet along with us for this late night, double feature, picture show. Already nostalgic. #RockyHorror",Positive,88.0828,general,general,,Twitter
Dallas13,Authorized,32.845283,-96.787396,6417 Hillcrest Ave,75205,Fri Oct 21 00:02:14 +0000 2016,"Rocky Horror, AT&amp;T merger rumors, Clinton emails: Your Thursday evening roundup https://t.co/JKejuhQZEy https://t.co/4CJdOZpirt",Neutral,53.0627,general,general,,Twitter
Dallas13,Authorized,32.845283,-96.787396,6417 Hillcrest Ave,75205,Fri Oct 21 00:00:01 +0000 2016,Find out how to improve collaboration with employees who work remotely. https://t.co/jMqzpsXTiP https://t.co/NrELellla5,Neutral,54.4748,general,general,,Twitter
Dallas13,Authorized,32.845283,-96.787396,6417 Hillcrest Ave,75205,Thu Oct 20 23:59:06 +0000 2016,"2 minutes till @RockyHorrorFOX. If you're all dressed up, send us pics throughout the night. Let's time warp again!",Negative,87.5438,general,general,,Twitter
Dallas13,Authorized,32.845283,-96.787396,6417 Hillcrest Ave,75205,Thu Oct 20 23:56:07 +0000 2016,RT @ATT: Welcome to the team! @taylorswift13 https://t.co/4h86nLYuLo https://t.co/gAHOi7fPrZ,Positive,84.3125,general,general,,Twitter
Dallas13,Authorized,32.845283,-96.787396,6417 Hillcrest Ave,75205,Thu Oct 20 23:40:46 +0000 2016,RT @ATT: RT if you’ll be doing the time warp with Frank N. Furter and the gang tonight during @RockyHorrorFOX at 8/7 on @FOXTV. #RockyHorro…,Positive,65.1636,general,general,,Twitter
Dallas13,Authorized,32.845283,-96.787396,6417 Hillcrest Ave,75205,Thu Oct 20 23:25:49 +0000 2016,RT @Uverse: Who else is watching The #RockyHorrorPictureShowLIVE on @FOX? Tweet along as we do the ⏰ warp again. https://t.co/0Sztr7Ehil,Neutral,61.3198,uverse,general,,Twitter
Dallas13,Authorized,32.845283,-96.787396,6417 Hillcrest Ave,75205,Thu Oct 20 23:22:17 +0000 2016,@DCBlueStar https://t.co/H7aVY6LsSz,Neutral,50.0000,general,general,,Twitter
Dallas13,Authorized,32.845283,-96.787396,6417 Hillcrest Ave,75205,Thu Oct 20 23:20:41 +0000 2016,"@UrbanEpicurious Bev, can you DM us more details and your account/contact info? We'd love to see how we can help.",Positive,99.4586,general,general,,Twitter
Dallas13,Authorized,32.845283,-96.787396,6417 Hillcrest Ave,75205,Thu Oct 20 23:18:39 +0000 2016,RT @ATT: Get a sweet deal on the new iPhone 7 when you switch to AT&amp;T and have DIRECTV. https://t.co/TQVeUkmeZ6 https://t.co/zfZmNpe8AP,Positive,98.0584,directv,general,,Twitter
Dallas13,Authorized,32.845283,-96.787396,6417 Hillcrest Ave,75205,Thu Oct 20 23:06:07 +0000 2016,RT @ATT: RT if you’ll be doing the time warp with Frank N. Furter and the gang tonight during @RockyHorrorFOX at 8/7 on @FOXTV. #RockyHorro…,Positive,65.1636,general,general,,Twitter
Dallas13,Authorized,32.845283,-96.787396,6417 Hillcrest Ave,75205,Thu Oct 20 23:04:43 +0000 2016,Dear @ATT I need customer service please have someone contact me. RE Cell &amp; UVerse,Negative,75.2120,uverse,general,,Twitter
Dallas13,Authorized,32.845283,-96.787396,6417 Hillcrest Ave,75205,Thu Oct 20 23:04:39 +0000 2016,RT @ATT: .@BinghamDb and @indicowie go undercover at an @MLS game…and you just have to watch the rest: https://t.co/fGvGIRRfFj https://t.co…,Negative,74.0062,general,general,,Twitter
Dallas13,Authorized,32.845283,-96.787396,6417 Hillcrest Ave,75205,Thu Oct 20 23:03:24 +0000 2016,"@MmDukeman Margaret, we'd love to help look into this for you. Can you DM more details and your account/contact info?",Positive,99.5080,general,general,,Twitter
Dallas13,Authorized,32.845283,-96.787396,6417 Hillcrest Ave,75205,Thu Oct 20 23:02:51 +0000 2016,RT @ATT: RT if you’ll be doing the time warp with Frank N. Furter and the gang tonight during @RockyHorrorFOX at 8/7 on @FOXTV. #RockyHorro…,Positive,65.1636,general,general,,Twitter
Dallas13,Authorized,32.845283,-96.787396,6417 Hillcrest Ave,75205,Thu Oct 20 23:01:41 +0000 2016,RT @ATT: Get a sweet deal on the new iPhone 7 when you switch to AT&amp;T and have DIRECTV. https://t.co/TQVeUkmeZ6 https://t.co/zfZmNpe8AP,Positive,98.0584,directv,general,,Twitter
Dallas13,Authorized,32.845283,-96.787396,6417 Hillcrest Ave,75205,Thu Oct 20 23:00:43 +0000 2016,RT @ATT: RT if you’ll be doing the time warp with Frank N. Furter and the gang tonight during @RockyHorrorFOX at 8/7 on @FOXTV. #RockyHorro…,Positive,65.1636,general,general,,Twitter
Dallas13,Authorized,32.845283,-96.787396,6417 Hillcrest Ave,75205,Thu Oct 20 23:00:01 +0000 2016,Who else is watching The #RockyHorrorPictureShowLIVE on @FOX? Tweet along as we do the ⏰ warp again. https://t.co/0Sztr7Ehil,Neutral,61.3198,general,general,,Twitter
Dallas13,Authorized,32.845283,-96.787396,6417 Hillcrest Ave,75205,Thu Oct 20 22:55:42 +0000 2016,RT @ATT: RT if you’ll be doing the time warp with Frank N. Furter and the gang tonight during @RockyHorrorFOX at 8/7 on @FOXTV. #RockyHorro…,Positive,65.1636,general,general,,Twitter
Dallas13,Authorized,32.845283,-96.787396,6417 Hillcrest Ave,75205,Thu Oct 20 22:50:42 +0000 2016,RT @ATT: RT if you’ll be doing the time warp with Frank N. Furter and the gang tonight during @RockyHorrorFOX at 8/7 on @FOXTV. #RockyHorro…,Positive,65.1636,general,general,,Twitter
Dallas13,Authorized,32.845283,-96.787396,6417 Hillcrest Ave,75205,Thu Oct 20 22:39:36 +0000 2016,RT @ATT: RT if you’ll be doing the time warp with Frank N. Furter and the gang tonight during @RockyHorrorFOX at 8/7 on @FOXTV. #RockyHorro…,Positive,65.1636,general,general,,Twitter
Dallas13,Authorized,32.845283,-96.787396,6417 Hillcrest Ave,75205,Thu Oct 20 22:36:05 +0000 2016,"RT @dallasnews: #BREAKING: Dallas-based @ATT, TimeWarner (@twxcorp) discussed a takeover in recent weeks https://t.co/WgKs53DzV1 $twx $t ht…",Neutral,57.9360,general,general,,Twitter
Dallas13,Authorized,32.845283,-96.787396,6417 Hillcrest Ave,75205,Thu Oct 20 22:30:40 +0000 2016,RT @ATT: RT if you’ll be doing the time warp with Frank N. Furter and the gang tonight during @RockyHorrorFOX at 8/7 on @FOXTV. #RockyHorro…,Positive,65.1636,general,general,,Twitter
Dallas13,Authorized,32.845283,-96.787396,6417 Hillcrest Ave,75205,Thu Oct 20 22:30:02 +0000 2016,RT if you’ll be doing the time warp with Frank N. Furter and the gang tonight during @RockyHorrorFOX at 8/7 on… https://t.co/CzSA7wmdX8,Positive,65.1636,general,general,,Twitter
Dallas13,Authorized,32.845283,-96.787396,6417 Hillcrest Ave,75205,Thu Oct 20 22:13:18 +0000 2016,"RT @dallasnews: Today's top headlines: Waco biker shootout update, Rocky Horror Picture Show remake, AT&amp;T merger talks https://t.co/BWg5Y9V…",Positive,63.8240,general,general,,Twitter
