Dallas15,Authorized,32.853965,-96.769903,5521 Greenville Ave,75206,Wed Oct 26 04:43:37 +0000 2016,RT @ATT: Get a sweet deal on the new iPhone 7 when you switch to AT&amp;T and have DIRECTV. https://t.co/TQVeUkmeZ6 https://t.co/zfZmNpe8AP,Positive,98.0584,directv,general,,Twitter
Dallas15,Authorized,32.853965,-96.769903,5521 Greenville Ave,75206,Wed Oct 26 04:35:29 +0000 2016,RT @ATT: Welcome to the team! @taylorswift13 https://t.co/4h86nLYuLo https://t.co/gAHOi7fPrZ,Positive,84.3125,general,general,,Twitter
Dallas15,Authorized,32.853965,-96.769903,5521 Greenville Ave,75206,Wed Oct 26 04:33:06 +0000 2016,RT @ATT: Welcome to the team! @taylorswift13 https://t.co/4h86nLYuLo https://t.co/gAHOi7fPrZ,Positive,84.3125,general,general,,Twitter
Dallas15,Authorized,32.853965,-96.769903,5521 Greenville Ave,75206,Wed Oct 26 04:25:59 +0000 2016,"⚡️ “AT&amp;T set to unveil DirecTV Now streaming bundle”

https://t.co/ICsuodFo1Q",Neutral,54.3137,directv,general,,Twitter
Dallas15,Authorized,32.853965,-96.769903,5521 Greenville Ave,75206,Wed Oct 26 03:48:18 +0000 2016,@ATT thanks for selling our information. I hope your stock drops and you can't afford Time Warner,Neutral,52.2445,general,general,,Twitter
Dallas15,Authorized,32.853965,-96.769903,5521 Greenville Ave,75206,Wed Oct 26 03:26:13 +0000 2016,Presenting Sponsor @ATT employee engagement rocks. Don't believe me just WATCH @slkite5 @dahnahull! Excellent. Really excellent. #OneUpThat,Positive,65.4969,general,general,,Twitter
Dallas15,Authorized,32.853965,-96.769903,5521 Greenville Ave,75206,Wed Oct 26 03:18:13 +0000 2016,RT @attJOBS: We ranked highest in the J.D. Power Wireless Purchase Experience for the 7th year in a row! https://t.co/2384V124FA https://t.…,Positive,96.0033,general,store experience,,Twitter
Dallas15,Authorized,32.853965,-96.769903,5521 Greenville Ave,75206,Wed Oct 26 03:13:40 +0000 2016,RT @ATT: Welcome to the team! @taylorswift13 https://t.co/4h86nLYuLo https://t.co/gAHOi7fPrZ,Positive,84.3125,general,general,,Twitter
Dallas15,Authorized,32.853965,-96.769903,5521 Greenville Ave,75206,Wed Oct 26 03:12:13 +0000 2016,RT @DMNBiz: AT&amp;T announces launch of DirecTV Now for $35 a month https://t.co/ppsMdIJoVW | @Melissa_Repko https://t.co/aBYsECCgU3,Neutral,52.2396,directv,general,,Twitter
Dallas15,Authorized,32.853965,-96.769903,5521 Greenville Ave,75206,Wed Oct 26 03:10:49 +0000 2016,RT @DMNBiz: AT&amp;T announces launch of DirecTV Now for $35 a month https://t.co/ppsMdIJoVW | @Melissa_Repko https://t.co/aBYsECCgU3,Neutral,52.2396,directv,general,,Twitter
Dallas15,Authorized,32.853965,-96.769903,5521 Greenville Ave,75206,Wed Oct 26 03:06:02 +0000 2016,AT&amp;T announces launch of DirecTV Now for $35 a month https://t.co/ppsMdIJoVW | @Melissa_Repko https://t.co/aBYsECCgU3,Neutral,52.2396,directv,general,,Twitter
Dallas15,Authorized,32.853965,-96.769903,5521 Greenville Ave,75206,Wed Oct 26 02:58:19 +0000 2016,"RT @SportsDayHS: Due to conflicts, no #txhsfb at AT&amp;T Stadium for the first 3 rounds 😭
…but now we have The Star.
Details: https://t.co/UxR…",Positive,78.7116,general,general,,Twitter
Dallas15,Authorized,32.853965,-96.769903,5521 Greenville Ave,75206,Wed Oct 26 02:55:30 +0000 2016,RT @BillNicholsDMN: Jordan Spieth to headline announcement of AT&amp;T Byron Nelson's early move to Trinity Forest in 2018 https://t.co/MKP4cN9…,Neutral,55.6884,general,general,,Twitter
Dallas15,Authorized,32.853965,-96.769903,5521 Greenville Ave,75206,Wed Oct 26 02:43:11 +0000 2016,RT @DGPerryman: AT&amp;T's online-only DirecTV service costs $35 a month - It's been just a few days since AT&amp;amp;T announced that ... https://…,Negative,92.8650,directv,general,,Twitter
Dallas15,Authorized,32.853965,-96.769903,5521 Greenville Ave,75206,Wed Oct 26 02:38:20 +0000 2016,"RT @SportsDayHS: Due to conflicts, no #txhsfb at AT&amp;T Stadium for the first 3 rounds 😭
…but now we have The Star.
Details: https://t.co/UxR…",Positive,78.7116,general,general,,Twitter
Dallas15,Authorized,32.853965,-96.769903,5521 Greenville Ave,75206,Wed Oct 26 02:37:56 +0000 2016,"RT @SportsDayHS: Due to conflicts, no #txhsfb at AT&amp;T Stadium for the first 3 rounds 😭
…but now we have The Star.
Details: https://t.co/UxR…",Positive,78.7116,general,general,,Twitter
Dallas15,Authorized,32.853965,-96.769903,5521 Greenville Ave,75206,Wed Oct 26 02:33:07 +0000 2016,"RT @SportsDayHS: Due to conflicts, no #txhsfb at AT&amp;T Stadium for the first 3 rounds 😭
…but now we have The Star.
Details: https://t.co/UxR…",Positive,78.7116,general,general,,Twitter
Dallas15,Authorized,32.853965,-96.769903,5521 Greenville Ave,75206,Wed Oct 26 02:32:08 +0000 2016,"RT @SportsDayHS: Due to conflicts, no #txhsfb at AT&amp;T Stadium for the first 3 rounds 😭
…but now we have The Star.
Details: https://t.co/UxR…",Positive,78.7116,general,general,,Twitter
Dallas15,Authorized,32.853965,-96.769903,5521 Greenville Ave,75206,Wed Oct 26 02:30:53 +0000 2016,"RT @SportsDayHS: Due to conflicts, no #txhsfb at AT&amp;T Stadium for the first 3 rounds 😭
…but now we have The Star.
Details: https://t.co/UxR…",Positive,78.7116,general,general,,Twitter
Dallas15,Authorized,32.853965,-96.769903,5521 Greenville Ave,75206,Wed Oct 26 02:28:52 +0000 2016,RT @ATT: Welcome to the team! @taylorswift13 https://t.co/4h86nLYuLo https://t.co/gAHOi7fPrZ,Positive,84.3125,general,general,,Twitter
Dallas15,Authorized,32.853965,-96.769903,5521 Greenville Ave,75206,Wed Oct 26 02:27:30 +0000 2016,RT @BillNicholsDMN: Jordan Spieth to headline announcement of AT&amp;T Byron Nelson's early move to Trinity Forest in 2018 https://t.co/MKP4cN9…,Neutral,55.6884,general,general,,Twitter
Dallas15,Authorized,32.853965,-96.769903,5521 Greenville Ave,75206,Wed Oct 26 02:26:58 +0000 2016,"RT @SportsDayHS: Due to conflicts, no #txhsfb at AT&amp;T Stadium for the first 3 rounds 😭
…but now we have The Star.
Details: https://t.co/UxR…",Positive,78.7116,general,general,,Twitter
Dallas15,Authorized,32.853965,-96.769903,5521 Greenville Ave,75206,Wed Oct 26 02:24:30 +0000 2016,"RT @SportsDayHS: Due to conflicts, no #txhsfb at AT&amp;T Stadium for the first 3 rounds 😭
…but now we have The Star.
Details: https://t.co/UxR…",Positive,78.7116,general,general,,Twitter
Dallas15,Authorized,32.853965,-96.769903,5521 Greenville Ave,75206,Wed Oct 26 02:24:21 +0000 2016,"RT @SportsDayHS: Due to conflicts, no #txhsfb at AT&amp;T Stadium for the first 3 rounds 😭
…but now we have The Star.
Details: https://t.co/UxR…",Positive,78.7116,general,general,,Twitter
Dallas15,Authorized,32.853965,-96.769903,5521 Greenville Ave,75206,Wed Oct 26 02:23:48 +0000 2016,"RT @SportsDayHS: Due to conflicts, no #txhsfb at AT&amp;T Stadium for the first 3 rounds 😭
…but now we have The Star.
Details: https://t.co/UxR…",Positive,78.7116,general,general,,Twitter
Dallas15,Authorized,32.853965,-96.769903,5521 Greenville Ave,75206,Wed Oct 26 02:22:38 +0000 2016,"RT @SportsDayHS: Due to conflicts, no #txhsfb at AT&amp;T Stadium for the first 3 rounds 😭
…but now we have The Star.
Details: https://t.co/UxR…",Positive,78.7116,general,general,,Twitter
Dallas15,Authorized,32.853965,-96.769903,5521 Greenville Ave,75206,Wed Oct 26 02:21:53 +0000 2016,"RT @SportsDayHS: Due to conflicts, no #txhsfb at AT&amp;T Stadium for the first 3 rounds 😭
…but now we have The Star.
Details: https://t.co/UxR…",Positive,78.7116,general,general,,Twitter
Dallas15,Authorized,32.853965,-96.769903,5521 Greenville Ave,75206,Wed Oct 26 02:21:10 +0000 2016,"RT @SportsDayHS: Due to conflicts, no #txhsfb at AT&amp;T Stadium for the first 3 rounds 😭
…but now we have The Star.
Details: https://t.co/UxR…",Positive,78.7116,general,general,,Twitter
Dallas15,Authorized,32.853965,-96.769903,5521 Greenville Ave,75206,Wed Oct 26 02:20:06 +0000 2016,"RT @SportsDayHS: Due to conflicts, no #txhsfb at AT&amp;T Stadium for the first 3 rounds 😭
…but now we have The Star.
Details: https://t.co/UxR…",Positive,78.7116,general,general,,Twitter
Dallas15,Authorized,32.853965,-96.769903,5521 Greenville Ave,75206,Wed Oct 26 02:20:05 +0000 2016,"RT @SportsDayHS: Due to conflicts, no #txhsfb at AT&amp;T Stadium for the first 3 rounds 😭
…but now we have The Star.
Details: https://t.co/UxR…",Positive,78.7116,general,general,,Twitter
Dallas15,Authorized,32.853965,-96.769903,5521 Greenville Ave,75206,Wed Oct 26 02:20:03 +0000 2016,Making friends like it's going outta style! Such a lovely group! Thank you @FSDallas and @ATT for making it happen!… https://t.co/hXN7q91eOo,Positive,87.6389,general,general,,Twitter
Dallas15,Authorized,32.853965,-96.769903,5521 Greenville Ave,75206,Wed Oct 26 02:20:02 +0000 2016,"RT @SportsDayHS: Due to conflicts, no #txhsfb at AT&amp;T Stadium for the first 3 rounds 😭
…but now we have The Star.
Details: https://t.co/UxR…",Positive,78.7116,general,general,,Twitter
Dallas15,Authorized,32.853965,-96.769903,5521 Greenville Ave,75206,Wed Oct 26 02:19:39 +0000 2016,"Due to conflicts, no #txhsfb at AT&amp;T Stadium for the first 3 rounds 😭
…but now we have The Star.
Details:… https://t.co/hGNid9iTlL",Positive,72.8988,general,general,,Twitter
Dallas15,Authorized,32.853965,-96.769903,5521 Greenville Ave,75206,Wed Oct 26 02:12:11 +0000 2016,Challenge accepted @JasonWDowning @DeloitteUS! @ATT @Charlene_Lake knows how 2 #GiveACheck &amp; have fun @ work too! Can @AroundTI #OneUpThat?,Positive,74.3201,general,general,,Twitter
Dallas15,Authorized,32.853965,-96.769903,5521 Greenville Ave,75206,Wed Oct 26 02:09:08 +0000 2016,Don't believe me just WATCH! Presenting Sponsor @ATT employee engagement rocks. Thank you! How can @AroundTI #OneUpThat? @UnitedWayDallas,Negative,92.5869,general,general,,Twitter
Dallas15,Authorized,32.853965,-96.769903,5521 Greenville Ave,75206,Wed Oct 26 02:06:09 +0000 2016,RT @ATT: Get a sweet deal on the new iPhone 7 when you switch to AT&amp;T and have DIRECTV. https://t.co/TQVeUkmeZ6 https://t.co/zfZmNpe8AP,Positive,98.0584,directv,general,,Twitter
Dallas15,Authorized,32.853965,-96.769903,5521 Greenville Ave,75206,Wed Oct 26 02:00:10 +0000 2016,What’s different about 5G than previous “G’s”? https://t.co/gqapkS6iJ2 #attemployee https://t.co/ELqxxTstK0,Positive,62.7362,general,general,,Twitter
Dallas15,Authorized,32.853965,-96.769903,5521 Greenville Ave,75206,Wed Oct 26 01:59:55 +0000 2016,RT @BillNicholsDMN: Jordan Spieth to headline announcement of AT&amp;T Byron Nelson's early move to Trinity Forest in 2018 https://t.co/MKP4cN9…,Neutral,55.6884,general,general,,Twitter
Dallas15,Authorized,32.853965,-96.769903,5521 Greenville Ave,75206,Wed Oct 26 01:57:46 +0000 2016,"Look, @Uverse, I get it. I worked in cable for 3 years. Your deal with Fox local channels amounts to Tough Shit for @MLB fans on PCs. Got it",Neutral,53.0955,uverse,general,,Twitter
Dallas15,Authorized,32.853965,-96.769903,5521 Greenville Ave,75206,Wed Oct 26 01:57:20 +0000 2016,RT @JTeespeak: So great hangin w/ @GavinDeGraw thx to @DFWAcuraDealers @McDonalds &amp; @ATT  @JackFMDFW @MoreHits1037 https://t.co/V4rDDvLfkB,Positive,78.6970,general,general,,Twitter
Dallas15,Authorized,32.853965,-96.769903,5521 Greenville Ave,75206,Wed Oct 26 01:53:17 +0000 2016,RT @JTeespeak: So great hangin w/ @GavinDeGraw thx to @DFWAcuraDealers @McDonalds &amp; @ATT  @JackFMDFW @MoreHits1037 https://t.co/V4rDDvLfkB,Positive,78.6970,general,general,,Twitter
Dallas15,Authorized,32.853965,-96.769903,5521 Greenville Ave,75206,Wed Oct 26 01:52:34 +0000 2016,"@ChooseFreeWill We appreciate the awesome shoutout, Rich -- we'll pass the kudos along to Matt!",Positive,90.7396,general,general,,Twitter
Dallas15,Authorized,32.853965,-96.769903,5521 Greenville Ave,75206,Wed Oct 26 01:51:49 +0000 2016,"Wifey arranged for a new roof. I was cool getting the roof fixed. But today? The savages took down my DirecTV. 

No World Series for me.",Positive,98.3967,directv,general,,Twitter
Dallas15,Authorized,32.853965,-96.769903,5521 Greenville Ave,75206,Wed Oct 26 01:51:41 +0000 2016,RT @BillNicholsDMN: Jordan Spieth to headline announcement of AT&amp;T Byron Nelson's early move to Trinity Forest in 2018 https://t.co/MKP4cN9…,Neutral,55.6884,general,general,,Twitter
Dallas15,Authorized,32.853965,-96.769903,5521 Greenville Ave,75206,Wed Oct 26 01:48:35 +0000 2016,RT @BillNicholsDMN: Jordan Spieth to headline announcement of AT&amp;T Byron Nelson's early move to Trinity Forest in 2018 https://t.co/MKP4cN9…,Neutral,55.6884,general,general,,Twitter
Dallas15,Authorized,32.853965,-96.769903,5521 Greenville Ave,75206,Wed Oct 26 01:45:39 +0000 2016,"Massive AT&amp;T-Time Warner Deal Expected To Vastly Reshape Media Landscape #sportscareers @SMUSportMgt 

https://t.co/DEzzBnyrlB",Positive,66.2296,general,general,,Twitter
Dallas15,Authorized,32.853965,-96.769903,5521 Greenville Ave,75206,Wed Oct 26 01:44:23 +0000 2016,"@katelynnx11 Hi Katelynn, can you send us your account number and contact info so we can look into this for you ASAP?",Positive,65.8810,general,general,,Twitter
Dallas15,Authorized,32.853965,-96.769903,5521 Greenville Ave,75206,Wed Oct 26 01:39:11 +0000 2016,RT @JTeespeak: So great hangin w/ @GavinDeGraw thx to @DFWAcuraDealers @McDonalds &amp; @ATT  @JackFMDFW @MoreHits1037 https://t.co/V4rDDvLfkB,Positive,78.6970,general,general,,Twitter
Dallas15,Authorized,32.853965,-96.769903,5521 Greenville Ave,75206,Wed Oct 26 01:38:40 +0000 2016,ATT:  WOMEN IN SALES:  I want you to get 2 things FREE.  #1.  A copy of my audio book THE GRIT.  #2.  My webinar wit…https://t.co/uNAC1XzxzB,Negative,71.5177,general,general,,Twitter
Dallas15,Authorized,32.853965,-96.769903,5521 Greenville Ave,75206,Wed Oct 26 01:38:19 +0000 2016,Jordan Spieth to headline announcement of AT&amp;T Byron Nelson's early move to Trinity Forest in 2018 https://t.co/MKP4cN9w5l via @sportsdaydfw,Neutral,55.6884,general,general,,Twitter
Dallas15,Authorized,32.853965,-96.769903,5521 Greenville Ave,75206,Wed Oct 26 01:38:10 +0000 2016,RT @ATT: Welcome to the team! @taylorswift13 https://t.co/4h86nLYuLo https://t.co/gAHOi7fPrZ,Positive,84.3125,general,general,,Twitter
Dallas15,Authorized,32.853965,-96.769903,5521 Greenville Ave,75206,Wed Oct 26 01:30:15 +0000 2016,Sources tell @BillNicholsDMN the @attbyronnelson will move to Trinity Forest Golf Club a year earlier than expected. https://t.co/2hrdqkNHCe,Positive,69.8441,general,general,,Twitter
Dallas15,Authorized,32.853965,-96.769903,5521 Greenville Ave,75206,Wed Oct 26 01:22:32 +0000 2016,RT @theresambates: AT&amp;T research shows most businesses suffer from preventable #cyberattacks not new or unknown threats https://t.co/bdqY1D…,Negative,76.2478,general,general,,Twitter
Dallas15,Authorized,32.853965,-96.769903,5521 Greenville Ave,75206,Wed Oct 26 01:22:20 +0000 2016,RT @JTeespeak: So great hangin w/ @GavinDeGraw thx to @DFWAcuraDealers @McDonalds &amp; @ATT  @JackFMDFW @MoreHits1037 https://t.co/V4rDDvLfkB,Positive,78.6970,general,general,,Twitter
Dallas15,Authorized,32.853965,-96.769903,5521 Greenville Ave,75206,Wed Oct 26 01:21:33 +0000 2016,RT @Justin_Fickle: @DIRECTV @DIRECTVService worst customer service experience I've ever had.  I was a customer for over 4+ yrs and spent th…,Negative,95.1745,directv,store experience,,Twitter
Dallas15,Authorized,32.853965,-96.769903,5521 Greenville Ave,75206,Wed Oct 26 01:20:17 +0000 2016,New #IoT Security Guidelines from the Dept of Homeland Security https://t.co/vQC3juEy0y #attemployee https://t.co/QiDgjuOwFW,Neutral,60.0528,general,general,,Twitter
Dallas15,Authorized,32.853965,-96.769903,5521 Greenville Ave,75206,Wed Oct 26 01:19:42 +0000 2016,RT @jasoncaston: Well played @ATT .. your move @Sling // AT&amp;T Undercuts Cable TV With $35 Internet Streaming Service https://t.co/k7ejWzNT2…,Positive,88.1753,general,general,,Twitter
Dallas15,Authorized,32.853965,-96.769903,5521 Greenville Ave,75206,Wed Oct 26 01:17:43 +0000 2016,Well played @ATT .. your move @Sling // AT&amp;T Undercuts Cable TV With $35 Internet Streaming Service… https://t.co/h03oDQPtMG,Positive,88.1753,general,general,,Twitter
Dallas15,Authorized,32.853965,-96.769903,5521 Greenville Ave,75206,Wed Oct 26 01:10:34 +0000 2016,Jordan Spieth to help unveil new home for AT&amp;T Byron Nelson | @BillNicholsDMN https://t.co/0EZtmyzthU https://t.co/U766oo4S7y,Positive,94.4302,general,general,,Twitter
Dallas15,Authorized,32.853965,-96.769903,5521 Greenville Ave,75206,Wed Oct 26 01:00:01 +0000 2016,Take a look at our tutorial for info on how to change your bigtincan from AT&amp;T password https://t.co/DMWuWr4MbE https://t.co/tb2vBLA4Ww,Positive,70.7019,general,general,,Twitter
Dallas15,Authorized,32.853965,-96.769903,5521 Greenville Ave,75206,Wed Oct 26 00:53:41 +0000 2016,RT @dallasnews: AT&amp;T announces launch of DirecTV Now for $35 a month https://t.co/VLUOgLDKxD | @Melissa_Repko https://t.co/Oqw3WFWHcA,Neutral,52.2396,directv,general,,Twitter
Dallas15,Authorized,32.853965,-96.769903,5521 Greenville Ave,75206,Wed Oct 26 00:52:55 +0000 2016,RT @SportsDayDFW: How frat-tastic... Arkansas bros are playing Slap The Bag outside JerryWorld (via @TomFoxPhoto) https://t.co/5SNqk5BQsu #…,Negative,70.6745,general,general,,Twitter
Dallas15,Authorized,32.853965,-96.769903,5521 Greenville Ave,75206,Wed Oct 26 00:43:32 +0000 2016,RT @ATT: Get a sweet deal on the new iPhone 7 when you switch to AT&amp;T and have DIRECTV. https://t.co/TQVeUkmeZ6 https://t.co/zfZmNpe8AP,Positive,98.0584,directv,general,,Twitter
Dallas15,Authorized,32.853965,-96.769903,5521 Greenville Ave,75206,Wed Oct 26 00:42:33 +0000 2016,RT @ATT: Welcome to the team! @taylorswift13 https://t.co/4h86nLYuLo https://t.co/gAHOi7fPrZ,Positive,84.3125,general,general,,Twitter
Dallas15,Authorized,32.853965,-96.769903,5521 Greenville Ave,75206,Wed Oct 26 00:36:29 +0000 2016,RT @ATTBusiness: Watch how to protect your business from evolving threats. Get our report to learn more: https://t.co/8Ixmpp7esC #ATTCyberC…,Positive,65.3603,general,general,,Twitter
Dallas15,Authorized,32.853965,-96.769903,5521 Greenville Ave,75206,Wed Oct 26 00:33:16 +0000 2016,RT @ATT: Get a sweet deal on the new iPhone 7 when you switch to AT&amp;T and have DIRECTV. https://t.co/TQVeUkmeZ6 https://t.co/zfZmNpe8AP,Positive,98.0584,directv,general,,Twitter
Dallas15,Authorized,32.853965,-96.769903,5521 Greenville Ave,75206,Wed Oct 26 00:33:10 +0000 2016,RT @Uverse: It’s time to break out your cowboy boots for @GarthBrooks + @ATT’s exclusive country music concert on 11/10 at 8/7c. https://t.…,Positive,77.7384,uverse,general,,Twitter
Dallas15,Authorized,32.853965,-96.769903,5521 Greenville Ave,75206,Wed Oct 26 00:25:28 +0000 2016,RT @tannerthehammer: @ATT might have the worst customer service out there. Honestly should consider changing dept name to Customer Disservi…,Negative,99.9518,general,general,,Twitter
Dallas15,Authorized,32.853965,-96.769903,5521 Greenville Ave,75206,Wed Oct 26 00:23:54 +0000 2016,RT @DMNBiz: The Latin America assets of @ATT could figure more prominently after Time Warner deal https://t.co/Op4NIy095z | @Melissa_Repko…,Positive,74.4417,general,general,,Twitter
Dallas15,Authorized,32.853965,-96.769903,5521 Greenville Ave,75206,Wed Oct 26 00:18:28 +0000 2016,RT @Uverse: It’s time to break out your cowboy boots for @GarthBrooks + @ATT’s exclusive country music concert on 11/10 at 8/7c. https://t.…,Positive,77.7384,uverse,general,,Twitter
Dallas15,Authorized,32.853965,-96.769903,5521 Greenville Ave,75206,Wed Oct 26 00:17:34 +0000 2016,RT @ATT: Get a sweet deal on the new iPhone 7 when you switch to AT&amp;T and have DIRECTV. https://t.co/TQVeUkmeZ6 https://t.co/zfZmNpe8AP,Positive,98.0584,directv,general,,Twitter
Dallas15,Authorized,32.853965,-96.769903,5521 Greenville Ave,75206,Wed Oct 26 00:14:34 +0000 2016,@equitablegrowth @FiveThirtyEight @bencasselman ATT takes people's money for any reason. Cable... they will have a field day!!,Negative,74.6912,general,general,,Twitter
Dallas15,Authorized,32.853965,-96.769903,5521 Greenville Ave,75206,Wed Oct 26 00:12:39 +0000 2016,RT @DBJShinneman: Stephenson said some new stuff about DirecTV Now and Time Warner this morning https://t.co/fgq2QFh1dC $T @DallasBizNews,Neutral,57.2049,directv,general,,Twitter
Dallas15,Authorized,32.853965,-96.769903,5521 Greenville Ave,75206,Wed Oct 26 00:10:35 +0000 2016,RT @ATT: Welcome to the team! @taylorswift13 https://t.co/4h86nLYuLo https://t.co/gAHOi7fPrZ,Positive,84.3125,general,general,,Twitter
Dallas15,Authorized,32.853965,-96.769903,5521 Greenville Ave,75206,Wed Oct 26 00:08:55 +0000 2016,It’s time to break out your cowboy boots for @GarthBrooks + @ATT’s exclusive country music concert on 11/10 at 8/7c… https://t.co/RDR8X0p98Y,Positive,77.7384,general,general,,Twitter
Dallas15,Authorized,32.853965,-96.769903,5521 Greenville Ave,75206,Wed Oct 26 00:06:30 +0000 2016,The Latin America assets of @ATT could figure more prominently after Time Warner deal https://t.co/Op4NIy095z |… https://t.co/U1GMQpxAIk,Positive,74.4417,general,general,,Twitter
Dallas15,Authorized,32.853965,-96.769903,5521 Greenville Ave,75206,Wed Oct 26 00:06:23 +0000 2016,RT @ATTBusiness: Watch how to protect your business from evolving threats. Get our report to learn more: https://t.co/8Ixmpp7esC #ATTCyberC…,Positive,65.3603,general,general,,Twitter
Dallas15,Authorized,32.853965,-96.769903,5521 Greenville Ave,75206,Wed Oct 26 00:02:12 +0000 2016,RT @ATT: Welcome to the team! @taylorswift13 https://t.co/4h86nLYuLo https://t.co/gAHOi7fPrZ,Positive,84.3125,general,general,,Twitter
Dallas15,Authorized,32.853965,-96.769903,5521 Greenville Ave,75206,Tue Oct 25 23:58:22 +0000 2016,"AT&amp;T built system for spying on own customers, selling info to law enforcement for millions: r... https://t.co/Y1Nty7cU7b #siliconvalley",Positive,70.0343,general,general,,Twitter
Dallas15,Authorized,32.853965,-96.769903,5521 Greenville Ave,75206,Tue Oct 25 23:54:10 +0000 2016,"CPS caseworkers, AT&amp;T, Rep. Sam Johnson, death penalty, drug use https://t.co/SZHEjvUZ1C",Neutral,58.8810,general,general,,Twitter
Dallas15,Authorized,32.853965,-96.769903,5521 Greenville Ave,75206,Tue Oct 25 23:50:10 +0000 2016,AT&amp;T Cheerleading Squad for Merger: Nearly 100 Lobbyists https://t.co/tyfMIkfxll,Neutral,50.0000,general,general,,Twitter
Dallas15,Authorized,32.853965,-96.769903,5521 Greenville Ave,75206,Tue Oct 25 23:42:24 +0000 2016,"RT @FridayNghtGlory: No playoff games at AT&amp;T Stadium the first 3 rounds, but The Star may host postseason games the first 5 rounds  https:…",Positive,64.6555,general,general,,Twitter
Dallas15,Authorized,32.853965,-96.769903,5521 Greenville Ave,75206,Tue Oct 25 23:42:17 +0000 2016,"@BobsFunGirl Possible alternative plan. I'll see later. I'm just tired of being dicked around by @Uverse, @MLB, and @MLBONFOX.",Negative,79.0068,uverse,general,,Twitter
Dallas15,Authorized,32.853965,-96.769903,5521 Greenville Ave,75206,Tue Oct 25 23:37:38 +0000 2016,"CPS caseworkers, AT&amp;T, Rep. Sam Johnson, death penalty, drug use https://t.co/qcEKqMJgcu #DFW #realestate",Neutral,58.8810,general,general,,Twitter
Dallas15,Authorized,32.853965,-96.769903,5521 Greenville Ave,75206,Tue Oct 25 23:36:10 +0000 2016,How have Texas lawmakers reacted to @ATT's megamerger? Mostly with silence | https://t.co/e1F0k2g03S @tombenning https://t.co/RgXes9gcyK,Neutral,53.7855,general,general,,Twitter
Dallas15,Authorized,32.853965,-96.769903,5521 Greenville Ave,75206,Tue Oct 25 23:35:15 +0000 2016,"RT @FridayNghtGlory: No playoff games at AT&amp;T Stadium the first 3 rounds, but The Star may host postseason games the first 5 rounds  https:…",Positive,64.6555,general,general,,Twitter
Dallas15,Authorized,32.853965,-96.769903,5521 Greenville Ave,75206,Tue Oct 25 23:35:05 +0000 2016,"Oh cool, the Series is on Fox broadcast only, which I can't watch via @Uverse on my PC (unlike FS1). Awesome job, everyone. Thanks a lot.",Positive,93.6980,uverse,general,,Twitter
Dallas15,Authorized,32.853965,-96.769903,5521 Greenville Ave,75206,Tue Oct 25 23:34:33 +0000 2016,Dallas-based @ATT accused of profiting from decades of #hemisphere #surveillance data. #ATT @SteveBrownDMN… https://t.co/gZmy2Vq0o1,Neutral,50.0000,general,general,,Twitter
Dallas15,Authorized,32.853965,-96.769903,5521 Greenville Ave,75206,Tue Oct 25 23:31:35 +0000 2016,"At home, DirecTV is waiting for me!!  📺📡
#home #selfie https://t.co/s8aEO0yPS7",Neutral,57.4441,directv,general,,Twitter
Dallas15,Authorized,32.853965,-96.769903,5521 Greenville Ave,75206,Tue Oct 25 23:29:54 +0000 2016,RT @ATTBusiness: Maximize taste + minimize waste w/ #IoT! See how @ndustrialio preserves the nation’s food supply:  https://t.co/mKztl4Nw9n…,Negative,92.8679,general,general,,Twitter
Dallas15,Authorized,32.853965,-96.769903,5521 Greenville Ave,75206,Tue Oct 25 23:29:37 +0000 2016,RT @ATTBusiness: Maximize taste + minimize waste w/ #IoT! See how @ndustrialio preserves the nation’s food supply:  https://t.co/mKztl4Nw9n…,Negative,92.8679,general,general,,Twitter
Dallas15,Authorized,32.853965,-96.769903,5521 Greenville Ave,75206,Tue Oct 25 23:29:20 +0000 2016,RT @ATTBusiness: Maximize taste + minimize waste w/ #IoT! See how @ndustrialio preserves the nation’s food supply:  https://t.co/mKztl4Nw9n…,Negative,92.8679,general,general,,Twitter
Dallas15,Authorized,32.853965,-96.769903,5521 Greenville Ave,75206,Tue Oct 25 23:27:04 +0000 2016,RT @iMeloOfficial: AT&amp;T Wants to Sell You a Hundred Streaming Channels for $35 a Month #SmartNews #ATT  https://t.co/qbEM8zGXBn,Neutral,51.3181,general,general,,Twitter
Dallas15,Authorized,32.853965,-96.769903,5521 Greenville Ave,75206,Tue Oct 25 23:25:07 +0000 2016,RT @dallasnews: AT&amp;T announces launch of DirecTV Now for $35 a month https://t.co/VLUOgLDKxD | @Melissa_Repko https://t.co/Oqw3WFWHcA,Neutral,52.2396,directv,general,,Twitter
Dallas15,Authorized,32.853965,-96.769903,5521 Greenville Ave,75206,Tue Oct 25 23:24:46 +0000 2016,"ALERT: If You Have AT&amp;T Drop Them NOW, Here's What You Need To Know... https://t.co/u8ABpkTIpl",Negative,72.8387,general,general,,Twitter
Dallas15,Authorized,32.853965,-96.769903,5521 Greenville Ave,75206,Tue Oct 25 23:21:58 +0000 2016,@GavinDeGraw @DFWAcuraDealers @McDonalds @ATT @JackFMDFW @MoreHits1037 thank u brotha!,Neutral,50.0000,general,general,,Twitter
Dallas15,Authorized,32.853965,-96.769903,5521 Greenville Ave,75206,Tue Oct 25 23:21:47 +0000 2016,"On the @verizonfios/@FrontierCorp app, it was right on the home page. 1 click. The @DIRECTV #ux, on the other hand, is so terrible!",Negative,99.5363,directv,general,,Twitter
Dallas15,Authorized,32.853965,-96.769903,5521 Greenville Ave,75206,Tue Oct 25 23:21:31 +0000 2016,@GavinDeGraw @DFWAcuraDealers @McDonalds @ATT @JackFMDFW @MoreHits1037 thx Gavin!,Neutral,50.0000,general,general,,Twitter
Dallas15,Authorized,32.853965,-96.769903,5521 Greenville Ave,75206,Tue Oct 25 23:18:50 +0000 2016,"The #UX to get to a live channel on the @DIRECTV app is so bad! Look at how many steps tmit takes to get to @MSNBC,… https://t.co/ipHwTfZcLH",Negative,99.8920,directv,general,,Twitter
Dallas15,Authorized,32.853965,-96.769903,5521 Greenville Ave,75206,Mon Oct 24 00:45:56 +0000 2016,"RT @PhilipTKingston: Why do I suddenly feel so good about @BCBSAssociation? Hint, hint, @ATT @DtownDallasInc https://t.co/dEwVDTELlT",Negative,86.4626,general,general,,Twitter
Dallas15,Authorized,32.853965,-96.769903,5521 Greenville Ave,75206,Mon Oct 24 00:37:09 +0000 2016,"RT @ATT: Mother Nature is unpredictable, so we rely on our Network Disaster Recovery team to connect you when you need it most. https://t.c…",Positive,77.2863,general,general,,Twitter
Dallas15,Authorized,32.853965,-96.769903,5521 Greenville Ave,75206,Mon Oct 24 00:34:21 +0000 2016,Happy x1000 TY @DeloitteUS &amp; @JasonWDowning. You rock #socent in Big D. Will @ATT #GiveACheck &amp; #OneUpThat @UnitedWayDallas @UWGroundFloor?,Positive,72.2727,general,general,,Twitter
Dallas15,Authorized,32.853965,-96.769903,5521 Greenville Ave,75206,Mon Oct 24 00:19:54 +0000 2016,"RT @ATT: Mother Nature is unpredictable, so we rely on our Network Disaster Recovery team to connect you when you need it most. https://t.c…",Positive,77.2863,general,general,,Twitter
Dallas15,Authorized,32.853965,-96.769903,5521 Greenville Ave,75206,Mon Oct 24 00:10:23 +0000 2016,HAPPY to have @DeloitteUS as a #OneUpThat sponsor. Their support will change lives forever! @ATT can you #OneUpThat… https://t.co/mBGIi8KXoD,Positive,98.0349,general,general,,Twitter
Dallas15,Authorized,32.853965,-96.769903,5521 Greenville Ave,75206,Mon Oct 24 00:07:45 +0000 2016,RT @ATT: The #futureofvideo is mobile and the #futureofmobile is video. Time Warner + AT&amp;T make it happen! @twxcorp https://t.co/GKx4U9TQYg,Neutral,56.0321,general,general,,Twitter
Dallas15,Authorized,32.853965,-96.769903,5521 Greenville Ave,75206,Mon Oct 24 00:07:25 +0000 2016,RT @ATT: The #futureofvideo is mobile and the #futureofmobile is video. Time Warner + AT&amp;T make it happen! @twxcorp https://t.co/GKx4U9TQYg,Neutral,56.0321,general,general,,Twitter
Dallas15,Authorized,32.853965,-96.769903,5521 Greenville Ave,75206,Mon Oct 24 00:05:47 +0000 2016,RT @ATT: The #futureofvideo is mobile and the #futureofmobile is video. Time Warner + AT&amp;T make it happen! @twxcorp https://t.co/GKx4U9TQYg,Neutral,56.0321,general,general,,Twitter
Dallas15,Authorized,32.853965,-96.769903,5521 Greenville Ave,75206,Sun Oct 23 23:53:22 +0000 2016,RT @ATT: The #futureofvideo is mobile and the #futureofmobile is video. Time Warner + AT&amp;T make it happen! @twxcorp https://t.co/GKx4U9TQYg,Neutral,56.0321,general,general,,Twitter
Dallas15,Authorized,32.853965,-96.769903,5521 Greenville Ave,75206,Sun Oct 23 23:52:10 +0000 2016,"RT @ATT: Mother Nature is unpredictable, so we rely on our Network Disaster Recovery team to connect you when you need it most. https://t.c…",Positive,77.2863,general,general,,Twitter
Dallas15,Authorized,32.853965,-96.769903,5521 Greenville Ave,75206,Sun Oct 23 23:49:52 +0000 2016,"RT @dallasnews: New media agency @Hearts_Science lands @ATT, opens shop in Dallas and plans to employ 100 people https://t.co/f5bPR9R5EQ @m…",Neutral,56.5613,general,general,,Twitter
Dallas15,Authorized,32.853965,-96.769903,5521 Greenville Ave,75206,Sun Oct 23 23:38:53 +0000 2016,RT @ATT: The #futureofvideo is mobile and the #futureofmobile is video. Time Warner + AT&amp;T make it happen! @twxcorp https://t.co/GKx4U9TQYg,Neutral,56.0321,general,general,,Twitter
Dallas15,Authorized,32.853965,-96.769903,5521 Greenville Ave,75206,Sun Oct 23 23:33:09 +0000 2016,RT @ATT: The #futureofvideo is mobile and the #futureofmobile is video. Time Warner + AT&amp;T make it happen! @twxcorp https://t.co/GKx4U9TQYg,Neutral,56.0321,general,general,,Twitter
Dallas15,Authorized,32.853965,-96.769903,5521 Greenville Ave,75206,Sun Oct 23 23:27:43 +0000 2016,"@TwoBitWhackJob with @DIRECTV and #NFLSundayTicket, I can choose how I want to finish. 😏",Negative,83.6334,directv,general,,Twitter
Dallas15,Authorized,32.853965,-96.769903,5521 Greenville Ave,75206,Sun Oct 23 23:23:26 +0000 2016,RT @ATT: Welcome to the team! @taylorswift13 https://t.co/4h86nLYuLo https://t.co/gAHOi7fPrZ,Positive,84.3125,general,general,,Twitter
Dallas15,Authorized,32.853965,-96.769903,5521 Greenville Ave,75206,Sun Oct 23 23:17:22 +0000 2016,RT @ATT: Welcome to the team! @taylorswift13 https://t.co/4h86nLYuLo https://t.co/gAHOi7fPrZ,Positive,84.3125,general,general,,Twitter
Dallas15,Authorized,32.853965,-96.769903,5521 Greenville Ave,75206,Sun Oct 23 22:55:13 +0000 2016,RT @ATT: Welcome to the team! @taylorswift13 https://t.co/4h86nLYuLo https://t.co/gAHOi7fPrZ,Positive,84.3125,general,general,,Twitter
Dallas15,Authorized,32.853965,-96.769903,5521 Greenville Ave,75206,Sun Oct 23 22:54:53 +0000 2016,RT @ATT: The #futureofvideo is mobile and the #futureofmobile is video. Time Warner + AT&amp;T make it happen! @twxcorp https://t.co/GKx4U9TQYg,Neutral,56.0321,general,general,,Twitter
Dallas15,Authorized,32.853965,-96.769903,5521 Greenville Ave,75206,Sun Oct 23 22:53:06 +0000 2016,RT @ATT: The #futureofvideo is mobile and the #futureofmobile is video. Time Warner + AT&amp;T make it happen! @twxcorp https://t.co/GKx4U9TQYg,Neutral,56.0321,general,general,,Twitter
Dallas15,Authorized,32.853965,-96.769903,5521 Greenville Ave,75206,Sun Oct 23 22:46:16 +0000 2016,"RT @DanielleDigest: .@ATT to Purchase @TWC for $85.4B: Here’s What You Need to Know
https://t.co/8wSSbVNUVK https://t.co/AhyTPE6l1T",Neutral,50.8741,general,general,,Twitter
Dallas15,Authorized,32.853965,-96.769903,5521 Greenville Ave,75206,Sun Oct 23 22:43:38 +0000 2016,".@ATT to Purchase @TWC for $85.4B: Here’s What You Need to Know
https://t.co/8wSSbVNUVK https://t.co/AhyTPE6l1T",Neutral,50.8741,general,general,,Twitter
Dallas15,Authorized,32.853965,-96.769903,5521 Greenville Ave,75206,Sun Oct 23 22:42:41 +0000 2016,"RT @ATT: Mother Nature is unpredictable, so we rely on our Network Disaster Recovery team to connect you when you need it most. https://t.c…",Positive,77.2863,general,general,,Twitter
Dallas15,Authorized,32.853965,-96.769903,5521 Greenville Ave,75206,Sun Oct 23 22:36:42 +0000 2016,@ATTCares It's 2016.  How about a digital optical audio port on the wireless genie.,Negative,75.0438,general,general,,Twitter
Dallas15,Authorized,32.853965,-96.769903,5521 Greenville Ave,75206,Sun Oct 23 22:26:35 +0000 2016,RT @ATT: The #futureofvideo is mobile and the #futureofmobile is video. Time Warner + AT&amp;T make it happen! @twxcorp https://t.co/GKx4U9TQYg,Neutral,56.0321,general,general,,Twitter
Dallas15,Authorized,32.853965,-96.769903,5521 Greenville Ave,75206,Sun Oct 23 22:23:56 +0000 2016,Hey @ATTCares Instead of spending all your allowance on TWC How about a wireless box that has a decent audio connection? @DIRECTVService,Negative,99.1728,directv,general,,Twitter
Dallas15,Authorized,32.853965,-96.769903,5521 Greenville Ave,75206,Sun Oct 23 22:22:19 +0000 2016,"RT @ATT: Mother Nature is unpredictable, so we rely on our Network Disaster Recovery team to connect you when you need it most. https://t.c…",Positive,77.2863,general,general,,Twitter
Dallas15,Authorized,32.853965,-96.769903,5521 Greenville Ave,75206,Sun Oct 23 22:11:56 +0000 2016,RT @ATT: Welcome to the team! @taylorswift13 https://t.co/4h86nLYuLo https://t.co/gAHOi7fPrZ,Positive,84.3125,general,general,,Twitter
Dallas15,Authorized,32.853965,-96.769903,5521 Greenville Ave,75206,Sun Oct 23 22:09:41 +0000 2016,RT @ATT: @Emma_Wilson44 We’ll be giving away tickets to Taylor fans including AT&amp;T customers + special guests. We’ll share ticketing detail…,Positive,79.9808,general,general,,Twitter
Dallas15,Authorized,32.853965,-96.769903,5521 Greenville Ave,75206,Sun Oct 23 22:08:20 +0000 2016,"RT @ATT: Mother Nature is unpredictable, so we rely on our Network Disaster Recovery team to connect you when you need it most. https://t.c…",Positive,77.2863,general,general,,Twitter
Dallas15,Authorized,32.853965,-96.769903,5521 Greenville Ave,75206,Sun Oct 23 22:08:06 +0000 2016,RT @ATT: Welcome to the team! @taylorswift13 https://t.co/4h86nLYuLo https://t.co/gAHOi7fPrZ,Positive,84.3125,general,general,,Twitter
Dallas15,Authorized,32.853965,-96.769903,5521 Greenville Ave,75206,Sun Oct 23 22:06:51 +0000 2016,RT @ATT: The #futureofvideo is mobile and the #futureofmobile is video. Time Warner + AT&amp;T make it happen! @twxcorp https://t.co/GKx4U9TQYg,Neutral,56.0321,general,general,,Twitter
Dallas15,Authorized,32.853965,-96.769903,5521 Greenville Ave,75206,Sun Oct 23 22:05:39 +0000 2016,"RT @ATT: @marariann_ This is a special, invitation-only concert, but we’ll be giving away lots of tickets to fans and AT&amp;T customers soon.",Positive,96.9312,general,general,,Twitter
Dallas15,Authorized,32.853965,-96.769903,5521 Greenville Ave,75206,Sun Oct 23 21:51:36 +0000 2016,RT @ATT: The #futureofvideo is mobile and the #futureofmobile is video. Time Warner + AT&amp;T make it happen! @twxcorp https://t.co/GKx4U9TQYg,Neutral,56.0321,general,general,,Twitter
Dallas15,Authorized,32.853965,-96.769903,5521 Greenville Ave,75206,Sun Oct 23 21:39:12 +0000 2016,RT @ATT: The #futureofvideo is mobile and the #futureofmobile is video. Time Warner + AT&amp;T make it happen! @twxcorp https://t.co/GKx4U9TQYg,Neutral,56.0321,general,general,,Twitter
Dallas15,Authorized,32.853965,-96.769903,5521 Greenville Ave,75206,Sun Oct 23 21:37:35 +0000 2016,"RT @ATT: Mother Nature is unpredictable, so we rely on our Network Disaster Recovery team to connect you when you need it most. https://t.c…",Positive,77.2863,general,general,,Twitter
Dallas15,Authorized,32.853965,-96.769903,5521 Greenville Ave,75206,Sun Oct 23 21:35:49 +0000 2016,RT @ATT: Welcome to the team! @taylorswift13 https://t.co/4h86nLYuLo https://t.co/gAHOi7fPrZ,Positive,84.3125,general,general,,Twitter
Dallas15,Authorized,32.853965,-96.769903,5521 Greenville Ave,75206,Sun Oct 23 21:33:10 +0000 2016,RT @ATT: Welcome to the team! @taylorswift13 https://t.co/4h86nLYuLo https://t.co/gAHOi7fPrZ,Positive,84.3125,general,general,,Twitter
Dallas15,Authorized,32.853965,-96.769903,5521 Greenville Ave,75206,Sun Oct 23 21:29:50 +0000 2016,"RT @ATT: Mother Nature is unpredictable, so we rely on our Network Disaster Recovery team to connect you when you need it most. https://t.c…",Positive,77.2863,general,general,,Twitter
Dallas15,Authorized,32.853965,-96.769903,5521 Greenville Ave,75206,Sun Oct 23 21:17:07 +0000 2016,"RT @attJOBS: Our colleagues in Europe, the Middle East &amp; Asia are spreading the @ATT Aspire mission around the globe: https://t.co/ypGzlddr…",Positive,86.8800,general,general,,Twitter
Dallas15,Authorized,32.853965,-96.769903,5521 Greenville Ave,75206,Sun Oct 23 21:09:39 +0000 2016,RT @ATT: Get a sweet deal on the new iPhone 7 when you switch to AT&amp;T and have DIRECTV. https://t.co/TQVeUkmeZ6 https://t.co/zfZmNpe8AP,Positive,98.0584,directv,general,,Twitter
Dallas15,Authorized,32.853965,-96.769903,5521 Greenville Ave,75206,Sun Oct 23 21:04:44 +0000 2016,RT @ATT: The #futureofvideo is mobile and the #futureofmobile is video. Time Warner + AT&amp;T make it happen! @twxcorp https://t.co/GKx4U9TQYg,Neutral,56.0321,general,general,,Twitter
Dallas15,Authorized,32.853965,-96.769903,5521 Greenville Ave,75206,Sun Oct 23 21:03:36 +0000 2016,RT @ATT: Welcome to the team! @taylorswift13 https://t.co/4h86nLYuLo https://t.co/gAHOi7fPrZ,Positive,84.3125,general,general,,Twitter
Dallas15,Authorized,32.853965,-96.769903,5521 Greenville Ave,75206,Sun Oct 23 20:59:06 +0000 2016,RT @ATT: The #futureofvideo is mobile and the #futureofmobile is video. Time Warner + AT&amp;T make it happen! @twxcorp https://t.co/GKx4U9TQYg,Neutral,56.0321,general,general,,Twitter
Dallas15,Authorized,32.853965,-96.769903,5521 Greenville Ave,75206,Sun Oct 23 20:56:36 +0000 2016,RT @ATT: Welcome to the team! @taylorswift13 https://t.co/4h86nLYuLo https://t.co/gAHOi7fPrZ,Positive,84.3125,general,general,,Twitter
Dallas15,Authorized,32.853965,-96.769903,5521 Greenville Ave,75206,Sun Oct 23 20:55:56 +0000 2016,"RT @ATT: Mother Nature is unpredictable, so we rely on our Network Disaster Recovery team to connect you when you need it most. https://t.c…",Positive,77.2863,general,general,,Twitter
Dallas15,Authorized,32.853965,-96.769903,5521 Greenville Ave,75206,Sun Oct 23 20:55:40 +0000 2016,RT @ATT: Welcome to the team! @taylorswift13 https://t.co/4h86nLYuLo https://t.co/gAHOi7fPrZ,Positive,84.3125,general,general,,Twitter
Dallas15,Authorized,32.853965,-96.769903,5521 Greenville Ave,75206,Sun Oct 23 20:54:24 +0000 2016,"RT @ATT: Mother Nature is unpredictable, so we rely on our Network Disaster Recovery team to connect you when you need it most. https://t.c…",Positive,77.2863,general,general,,Twitter
Dallas15,Authorized,32.853965,-96.769903,5521 Greenville Ave,75206,Sun Oct 23 20:50:56 +0000 2016,RT @ATT: Are you ready for the revolution? Watch the @GreenDay @iHeartRadio Album Release Party now. #iHeartGreenDay https://t.co/ec2gZXKu7U,Neutral,59.0894,general,general,,Twitter
Dallas15,Authorized,32.853965,-96.769903,5521 Greenville Ave,75206,Sun Oct 23 20:44:29 +0000 2016,RT @ATT: @_Reflection5H Not necessarily. We’ll be giving away lots of tickets to Taylor fans including AT&amp;T customers &amp; special guests.,Positive,68.3177,general,general,,Twitter
Dallas15,Authorized,32.853965,-96.769903,5521 Greenville Ave,75206,Sun Oct 23 20:42:39 +0000 2016,"And @Uverse &gt; @GetSpectrum/@TWC - Customer service has been top notch, I'm paying the same for so much more content and features.",Positive,91.2467,uverse,general,,Twitter
Dallas15,Authorized,32.853965,-96.769903,5521 Greenville Ave,75206,Sun Oct 23 20:30:27 +0000 2016,RT @ATT: The #futureofvideo is mobile and the #futureofmobile is video. Time Warner + AT&amp;T make it happen! @twxcorp https://t.co/GKx4U9TQYg,Neutral,56.0321,general,general,,Twitter
Dallas15,Authorized,32.853965,-96.769903,5521 Greenville Ave,75206,Sun Oct 23 20:26:46 +0000 2016,@JustinRoiland @DIRECTV That's why you gotta get your hands on some crystalized xanthanite. It's the only media experience worth having.,Negative,94.2035,directv,store experience,,Twitter
Dallas15,Authorized,32.853965,-96.769903,5521 Greenville Ave,75206,Sun Oct 23 20:20:36 +0000 2016,RT @ATT: @Emma_Wilson44 We’ll be giving away tickets to Taylor fans including AT&amp;T customers + special guests. We’ll share ticketing detail…,Positive,79.9808,general,general,,Twitter
Dallas15,Authorized,32.853965,-96.769903,5521 Greenville Ave,75206,Sun Oct 23 20:11:55 +0000 2016,RT @ATT: Welcome to the team! @taylorswift13 https://t.co/4h86nLYuLo https://t.co/gAHOi7fPrZ,Positive,84.3125,general,general,,Twitter
Dallas15,Authorized,32.853965,-96.769903,5521 Greenville Ave,75206,Sun Oct 23 20:08:36 +0000 2016,@ATTCares how quick could you get service to my house in Irving? Apparently after 4 years of service my ISP sh*t the bed and need a quote.,Neutral,61.4649,general,general,,Twitter
Dallas15,Authorized,32.853965,-96.769903,5521 Greenville Ave,75206,Sun Oct 23 20:08:12 +0000 2016,RT @ATT: The #futureofvideo is mobile and the #futureofmobile is video. Time Warner + AT&amp;T make it happen! @twxcorp https://t.co/GKx4U9TQYg,Neutral,56.0321,general,general,,Twitter
Dallas15,Authorized,32.853965,-96.769903,5521 Greenville Ave,75206,Sun Oct 23 20:04:46 +0000 2016,RT @ATT: Welcome to the team! @taylorswift13 https://t.co/4h86nLYuLo https://t.co/gAHOi7fPrZ,Positive,84.3125,general,general,,Twitter
Dallas15,Authorized,32.853965,-96.769903,5521 Greenville Ave,75206,Sun Oct 23 19:59:03 +0000 2016,"RT @ATT: @marariann_ This is a special, invitation-only concert, but we’ll be giving away lots of tickets to fans and AT&amp;T customers soon.",Positive,96.9312,general,general,,Twitter
Dallas15,Authorized,32.853965,-96.769903,5521 Greenville Ave,75206,Sun Oct 23 19:59:00 +0000 2016,RT @ATT: Welcome to the team! @taylorswift13 https://t.co/4h86nLYuLo https://t.co/gAHOi7fPrZ,Positive,84.3125,general,general,,Twitter
Dallas15,Authorized,32.853965,-96.769903,5521 Greenville Ave,75206,Sun Oct 23 19:58:43 +0000 2016,"RT @ATT: Some people may wait a lifetime, but you don't have to. On 11/2-3, AT&amp;T customers can buy @kelly_clarkson tix early. https://t.co/…",Neutral,60.4188,general,general,,Twitter
Dallas15,Authorized,32.853965,-96.769903,5521 Greenville Ave,75206,Sun Oct 23 19:42:10 +0000 2016,RT @ATT: Welcome to the team! @taylorswift13 https://t.co/4h86nLYuLo https://t.co/gAHOi7fPrZ,Positive,84.3125,general,general,,Twitter
Dallas15,Authorized,32.853965,-96.769903,5521 Greenville Ave,75206,Sun Oct 23 19:36:03 +0000 2016,"RT @PhilipTKingston: Why do I suddenly feel so good about @BCBSAssociation? Hint, hint, @ATT @DtownDallasInc https://t.co/dEwVDTELlT",Negative,86.4626,general,general,,Twitter
Dallas15,Authorized,32.853965,-96.769903,5521 Greenville Ave,75206,Sun Oct 23 19:33:28 +0000 2016,RT @ATT: The #futureofvideo is mobile and the #futureofmobile is video. Time Warner + AT&amp;T make it happen! @twxcorp https://t.co/GKx4U9TQYg,Neutral,56.0321,general,general,,Twitter
Dallas15,Authorized,32.853965,-96.769903,5521 Greenville Ave,75206,Sun Oct 23 19:30:55 +0000 2016,"Why do I suddenly feel so good about @BCBSAssociation? Hint, hint, @ATT @DtownDallasInc https://t.co/dEwVDTELlT",Negative,86.4626,general,general,,Twitter
Dallas15,Authorized,32.853965,-96.769903,5521 Greenville Ave,75206,Sun Oct 23 19:24:04 +0000 2016,RT @ATT: The #futureofvideo is mobile and the #futureofmobile is video. Time Warner + AT&amp;T make it happen! @twxcorp https://t.co/GKx4U9TQYg,Neutral,56.0321,general,general,,Twitter
Dallas15,Authorized,32.853965,-96.769903,5521 Greenville Ave,75206,Sun Oct 23 19:23:09 +0000 2016,RT @ATT: @_Reflection5H Not necessarily. We’ll be giving away lots of tickets to Taylor fans including AT&amp;T customers &amp; special guests.,Positive,68.3177,general,general,,Twitter
Dallas15,Authorized,32.853965,-96.769903,5521 Greenville Ave,75206,Sun Oct 23 19:22:21 +0000 2016,RT @ATT: Who made you a college 🏈 fan? Share with #MadeMeAFanContest for a chance to win. Rules https://t.co/hU3I3wFn5V https://t.co/xZbxUJ…,Positive,88.9294,general,general,,Twitter
Dallas15,Authorized,32.853965,-96.769903,5521 Greenville Ave,75206,Sun Oct 23 19:21:41 +0000 2016,RT @ATT: The #futureofvideo is mobile and the #futureofmobile is video. Time Warner + AT&amp;T make it happen! @twxcorp https://t.co/GKx4U9TQYg,Neutral,56.0321,general,general,,Twitter
Dallas15,Authorized,32.853965,-96.769903,5521 Greenville Ave,75206,Sun Oct 23 18:58:28 +0000 2016,RT @ATT: Welcome to the team! @taylorswift13 https://t.co/4h86nLYuLo https://t.co/gAHOi7fPrZ,Positive,84.3125,general,general,,Twitter
Dallas15,Authorized,32.853965,-96.769903,5521 Greenville Ave,75206,Sun Oct 23 18:53:44 +0000 2016,RT @ATT: @Emma_Wilson44 We’ll be giving away tickets to Taylor fans including AT&amp;T customers + special guests. We’ll share ticketing detail…,Positive,79.9808,general,general,,Twitter
Dallas15,Authorized,32.853965,-96.769903,5521 Greenville Ave,75206,Sun Oct 23 18:52:29 +0000 2016,RT @ATT: @_Reflection5H Not necessarily. We’ll be giving away lots of tickets to Taylor fans including AT&amp;T customers &amp; special guests.,Positive,68.3177,general,general,,Twitter
Dallas15,Authorized,32.853965,-96.769903,5521 Greenville Ave,75206,Sun Oct 23 18:52:02 +0000 2016,RT @ATT: Welcome to the team! @taylorswift13 https://t.co/4h86nLYuLo https://t.co/gAHOi7fPrZ,Positive,84.3125,general,general,,Twitter
Dallas15,Authorized,32.853965,-96.769903,5521 Greenville Ave,75206,Sun Oct 23 18:48:09 +0000 2016,RT @ATT: @_Reflection5H Not necessarily. We’ll be giving away lots of tickets to Taylor fans including AT&amp;T customers &amp; special guests.,Positive,68.3177,general,general,,Twitter
Dallas15,Authorized,32.853965,-96.769903,5521 Greenville Ave,75206,Sun Oct 23 18:43:53 +0000 2016,RT @ATT: @_Reflection5H Not necessarily. We’ll be giving away lots of tickets to Taylor fans including AT&amp;T customers &amp; special guests.,Positive,68.3177,general,general,,Twitter
Dallas15,Authorized,32.853965,-96.769903,5521 Greenville Ave,75206,Sun Oct 23 18:41:47 +0000 2016,RT @ATT: The #futureofvideo is mobile and the #futureofmobile is video. Time Warner + AT&amp;T make it happen! @twxcorp https://t.co/GKx4U9TQYg,Neutral,56.0321,general,general,,Twitter
Dallas15,Authorized,32.853965,-96.769903,5521 Greenville Ave,75206,Sun Oct 23 18:38:43 +0000 2016,RT @ATT: The #futureofvideo is mobile and the #futureofmobile is video. Time Warner + AT&amp;T make it happen! @twxcorp https://t.co/GKx4U9TQYg,Neutral,56.0321,general,general,,Twitter
Dallas15,Authorized,32.853965,-96.769903,5521 Greenville Ave,75206,Sun Oct 23 18:34:57 +0000 2016,RT @ATT: The #futureofvideo is mobile and the #futureofmobile is video. Time Warner + AT&amp;T make it happen! @twxcorp https://t.co/GKx4U9TQYg,Neutral,56.0321,general,general,,Twitter
Dallas15,Authorized,32.853965,-96.769903,5521 Greenville Ave,75206,Sun Oct 23 18:31:29 +0000 2016,RT @ATT: Welcome to the team! @taylorswift13 https://t.co/4h86nLYuLo https://t.co/gAHOi7fPrZ,Positive,84.3125,general,general,,Twitter
Dallas15,Authorized,32.853965,-96.769903,5521 Greenville Ave,75206,Sun Oct 23 18:27:05 +0000 2016,RT @ATT: The #futureofvideo is mobile and the #futureofmobile is video. Time Warner + AT&amp;T make it happen! @twxcorp https://t.co/GKx4U9TQYg,Neutral,56.0321,general,general,,Twitter
Dallas15,Authorized,32.853965,-96.769903,5521 Greenville Ave,75206,Sun Oct 23 18:26:42 +0000 2016,RT @ATT: The #futureofvideo is mobile and the #futureofmobile is video. Time Warner + AT&amp;T make it happen! @twxcorp https://t.co/GKx4U9TQYg,Neutral,56.0321,general,general,,Twitter
Dallas15,Authorized,32.853965,-96.769903,5521 Greenville Ave,75206,Sun Oct 23 18:25:47 +0000 2016,RT @ATT: The #futureofvideo is mobile and the #futureofmobile is video. Time Warner + AT&amp;T make it happen! @twxcorp https://t.co/GKx4U9TQYg,Neutral,56.0321,general,general,,Twitter
Dallas15,Authorized,32.853965,-96.769903,5521 Greenville Ave,75206,Sun Oct 23 18:18:24 +0000 2016,"RT @dallasnews: New media agency @Hearts_Science lands @ATT, opens shop in Dallas and plans to employ 100 people https://t.co/f5bPR9R5EQ @m…",Neutral,56.5613,general,general,,Twitter
Dallas15,Authorized,32.853965,-96.769903,5521 Greenville Ave,75206,Sun Oct 23 18:18:01 +0000 2016,@DK0021 @TWC @ATT and fuck time warner lol,Positive,63.9246,general,general,,Twitter
Dallas15,Authorized,32.853965,-96.769903,5521 Greenville Ave,75206,Sun Oct 23 18:17:43 +0000 2016,@DK0021 @TWC @ATT ive had att uverse for a bit now. I came from fios but uverse is pretty good so far,Negative,62.7539,uverse,general,,Twitter
Dallas15,Authorized,32.853965,-96.769903,5521 Greenville Ave,75206,Sun Oct 23 18:15:42 +0000 2016,"New media agency @Hearts_Science lands @ATT, opens shop in Dallas and plans to employ 100 people… https://t.co/ZhNktrU4U7",Neutral,58.3314,general,general,,Twitter
Dallas15,Authorized,32.853965,-96.769903,5521 Greenville Ave,75206,Sun Oct 23 18:11:48 +0000 2016,RT @ATT: @_Reflection5H Not necessarily. We’ll be giving away lots of tickets to Taylor fans including AT&amp;T customers &amp; special guests.,Positive,68.3177,general,general,,Twitter
Dallas15,Authorized,32.853965,-96.769903,5521 Greenville Ave,75206,Sun Oct 23 18:11:33 +0000 2016,RT @ATT: @_Reflection5H Not necessarily. We’ll be giving away lots of tickets to Taylor fans including AT&amp;T customers &amp; special guests.,Positive,68.3177,general,general,,Twitter
Dallas15,Authorized,32.853965,-96.769903,5521 Greenville Ave,75206,Sun Oct 23 18:10:37 +0000 2016,RT @ATT: @tayIorhq We’ll be giving away lots of tickets to fans and AT&amp;T customers soon. We’ll share details later.,Positive,90.0816,general,general,,Twitter
Dallas15,Authorized,32.853965,-96.769903,5521 Greenville Ave,75206,Sun Oct 23 17:54:53 +0000 2016,RT @ATT: @tayIorhq We’ll be giving away lots of tickets to fans and AT&amp;T customers soon. We’ll share details later.,Positive,90.0816,general,general,,Twitter
Dallas15,Authorized,32.853965,-96.769903,5521 Greenville Ave,75206,Sun Oct 23 17:53:04 +0000 2016,RT @ATT: Are you ready for the revolution? Watch the @GreenDay @iHeartRadio Album Release Party now. #iHeartGreenDay https://t.co/ec2gZXKu7U,Neutral,59.0894,general,general,,Twitter
Dallas15,Authorized,32.853965,-96.769903,5521 Greenville Ave,75206,Sun Oct 23 17:43:28 +0000 2016,RT @ATT: The #futureofvideo is mobile and the #futureofmobile is video. Time Warner + AT&amp;T make it happen! @twxcorp https://t.co/GKx4U9TQYg,Neutral,56.0321,general,general,,Twitter
Dallas15,Authorized,32.853965,-96.769903,5521 Greenville Ave,75206,Sun Oct 23 17:38:44 +0000 2016,Excited about your collaboration w @ATT introducing first nationwide Brackets For Good tourney! #BFGUSA @BracketsForGood 🏀@UnitedWayDallas,Positive,71.4940,general,general,,Twitter
Dallas15,Authorized,32.853965,-96.769903,5521 Greenville Ave,75206,Sun Oct 23 17:34:02 +0000 2016,RT @ATT: Welcome to the team! @taylorswift13 https://t.co/4h86nLYuLo https://t.co/gAHOi7fPrZ,Positive,84.3125,general,general,,Twitter
Dallas15,Authorized,32.853965,-96.769903,5521 Greenville Ave,75206,Sun Oct 23 17:27:34 +0000 2016,RT @ATT: Welcome to the team! @taylorswift13 https://t.co/4h86nLYuLo https://t.co/gAHOi7fPrZ,Positive,84.3125,general,general,,Twitter
Dallas15,Authorized,32.853965,-96.769903,5521 Greenville Ave,75206,Sun Oct 23 17:21:51 +0000 2016,RT @ATT: The #futureofvideo is mobile and the #futureofmobile is video. Time Warner + AT&amp;T make it happen! @twxcorp https://t.co/GKx4U9TQYg,Neutral,56.0321,general,general,,Twitter
Dallas15,Authorized,32.853965,-96.769903,5521 Greenville Ave,75206,Sun Oct 23 17:20:12 +0000 2016,RT @ATT: The #futureofvideo is mobile and the #futureofmobile is video. Time Warner + AT&amp;T make it happen! @twxcorp https://t.co/GKx4U9TQYg,Neutral,56.0321,general,general,,Twitter
Dallas15,Authorized,32.853965,-96.769903,5521 Greenville Ave,75206,Sun Oct 23 17:19:29 +0000 2016,121.80 Download 29.3 Upload. I won't get this with @ATT  https://t.co/Anlh4ywdw9 #speedtest #Time Warner Cable via @openspeedtest,Neutral,56.4855,general,general,,Twitter
Dallas15,Authorized,32.853965,-96.769903,5521 Greenville Ave,75206,Sun Oct 23 17:13:40 +0000 2016,RT @ATT: The #futureofvideo is mobile and the #futureofmobile is video. Time Warner + AT&amp;T make it happen! @twxcorp https://t.co/GKx4U9TQYg,Neutral,56.0321,general,general,,Twitter
Dallas15,Authorized,32.853965,-96.769903,5521 Greenville Ave,75206,Sun Oct 23 17:11:36 +0000 2016,"RT @ATT: Some people may wait a lifetime, but you don't have to. On 11/2-3, AT&amp;T customers can buy @kelly_clarkson tix early. https://t.co/…",Neutral,60.4188,general,general,,Twitter
