Dallas6,Corporate,32.8740567,-96.771404,9100 N Central Expressway Suite 105,75231,Mon Oct 24 13:48:29 +0000 2016,"@NBALPSupport Is there still a deal between @DIRECTV and NBA for League Pass? Still not available and season starts tomorrow, ridiculous.",Positive,64.7845,directv,general,,Twitter
Dallas6,Corporate,32.8740567,-96.771404,9100 N Central Expressway Suite 105,75231,Mon Oct 24 13:47:54 +0000 2016,RT @Dstoreysg: It only takes one extra degree to make a difference. #besomeone'sdifference https://t.co/DFTGqIR1fG,Neutral,58.6822,general,general,,Twitter
Dallas6,Corporate,32.8740567,-96.771404,9100 N Central Expressway Suite 105,75231,Mon Oct 24 13:46:35 +0000 2016,RT @attJOBS: At the end of an interview you have a chance to make a lasting impression. Take it! Learn how: https://t.co/Fq9rgFL6f3 #Career…,Positive,95.7819,general,general,,Twitter
Dallas6,Corporate,32.8740567,-96.771404,9100 N Central Expressway Suite 105,75231,Mon Oct 24 13:45:36 +0000 2016,RT @attJOBS: Last year we donated $1M to @GirlsWhoCode &amp; the future careers of women technologists everywhere! #GHC16 https://t.co/rKDF99f5…,Positive,98.7368,general,general,,Twitter
Dallas6,Corporate,32.8740567,-96.771404,9100 N Central Expressway Suite 105,75231,Mon Oct 24 13:45:10 +0000 2016,RT @attJOBS: Our development programs can put you on the right career path. Why? Just ask Brad: https://t.co/bmAjmMvvte #BeTheFuture https:…,Positive,86.6900,general,general,,Twitter
Dallas6,Corporate,32.8740567,-96.771404,9100 N Central Expressway Suite 105,75231,Mon Oct 24 13:36:16 +0000 2016,AT&amp;T's quarterly results give hints on urgency behind Time Warner deal https://t.co/Cx1AXLE7xF | @Conor_Shine https://t.co/l5uJCUsAyP,Positive,69.1587,general,general,,Twitter
Dallas6,Corporate,32.8740567,-96.771404,9100 N Central Expressway Suite 105,75231,Mon Oct 24 13:31:39 +0000 2016,Millennials grew up in the age of cell phones and the Internet https://t.co/nrmXqjKfQV #voip #attemployee,Positive,89.2666,general,general,,Twitter
Dallas6,Corporate,32.8740567,-96.771404,9100 N Central Expressway Suite 105,75231,Mon Oct 24 13:28:03 +0000 2016,"First DIRECTV now Time Warner
#ATT...#TheEmpire https://t.co/1GvKLoL4qV",Neutral,51.4061,directv,general,,Twitter
Dallas6,Corporate,32.8740567,-96.771404,9100 N Central Expressway Suite 105,75231,Mon Oct 24 13:25:25 +0000 2016,AT&amp;T CEO Vows ‘Independence’ for CNN in Merger With Time Warner https://t.co/5U4X6Viz1r https://t.co/CP5tCpbRpv,Positive,65.1229,general,general,,Twitter
Dallas6,Corporate,32.8740567,-96.771404,9100 N Central Expressway Suite 105,75231,Mon Oct 24 13:23:37 +0000 2016,RT @ATT: Get a sweet deal on the new iPhone 7 when you switch to AT&amp;T and have DIRECTV. https://t.co/TQVeUkmeZ6 https://t.co/zfZmNpe8AP,Positive,98.0584,directv,general,,Twitter
Dallas6,Corporate,32.8740567,-96.771404,9100 N Central Expressway Suite 105,75231,Mon Oct 24 13:22:05 +0000 2016,RT @ATT: Welcome to the team! @taylorswift13 https://t.co/4h86nLYuLo https://t.co/gAHOi7fPrZ,Positive,84.3125,general,general,,Twitter
Dallas6,Corporate,32.8740567,-96.771404,9100 N Central Expressway Suite 105,75231,Mon Oct 24 13:16:29 +0000 2016,RT @ATT: Welcome to the team! @taylorswift13 https://t.co/4h86nLYuLo https://t.co/gAHOi7fPrZ,Positive,84.3125,general,general,,Twitter
Dallas6,Corporate,32.8740567,-96.771404,9100 N Central Expressway Suite 105,75231,Mon Oct 24 13:15:15 +0000 2016,#ATT CEO Randall Stephenson confident Time Warner merger will get past regulators https://t.co/16x5x51ksj #DFW #Tech,Positive,89.1523,general,general,,Twitter
Dallas6,Corporate,32.8740567,-96.771404,9100 N Central Expressway Suite 105,75231,Mon Oct 24 13:10:14 +0000 2016,RT @melissa_repko: AT&amp;T's quarterly results give hints on urgency behind Time Warner deal. https://t.co/C7bG16Q5sP,Positive,69.1587,general,general,,Twitter
Dallas6,Corporate,32.8740567,-96.771404,9100 N Central Expressway Suite 105,75231,Mon Oct 24 13:00:32 +0000 2016,AT&amp;T will acquire Time Warner for $85.4B in content play | Macworld https://t.co/l0dPH8O5IF,Positive,75.3447,general,general,,Twitter
Dallas6,Corporate,32.8740567,-96.771404,9100 N Central Expressway Suite 105,75231,Mon Oct 24 12:56:09 +0000 2016,@dohertyjf @DamonGochneaur @PPCKirk as a former t-mobile customer I could never get coverage inside buildings. Eventually switched to att,Negative,84.4355,general,general,,Twitter
Dallas6,Corporate,32.8740567,-96.771404,9100 N Central Expressway Suite 105,75231,Mon Oct 24 12:54:37 +0000 2016,RT @ATT: Get a sweet deal on the new iPhone 7 when you switch to AT&amp;T and have DIRECTV. https://t.co/TQVeUkmeZ6 https://t.co/zfZmNpe8AP,Positive,98.0584,directv,general,,Twitter
Dallas6,Corporate,32.8740567,-96.771404,9100 N Central Expressway Suite 105,75231,Mon Oct 24 12:54:11 +0000 2016,AT&amp;T CEO Randall Stephenson confident Time Warner merger will get past regulators:  https://t.co/RO9nlYU1rT,Positive,89.1523,general,general,,Twitter
Dallas6,Corporate,32.8740567,-96.771404,9100 N Central Expressway Suite 105,75231,Mon Oct 24 12:47:09 +0000 2016,If the @blakeshelton and @adamlevine bromance didn't exist…😲💔 #AlternateScaryEnding #TheVoice https://t.co/m85NuKj4cJ,Negative,74.9319,general,general,,Twitter
Dallas6,Corporate,32.8740567,-96.771404,9100 N Central Expressway Suite 105,75231,Mon Oct 24 12:41:54 +0000 2016,RT @ATT: Welcome to the team! @taylorswift13 https://t.co/4h86nLYuLo https://t.co/gAHOi7fPrZ,Positive,84.3125,general,general,,Twitter
Dallas6,Corporate,32.8740567,-96.771404,9100 N Central Expressway Suite 105,75231,Mon Oct 24 12:41:14 +0000 2016,RT @ATT: Welcome to the team! @taylorswift13 https://t.co/4h86nLYuLo https://t.co/gAHOi7fPrZ,Positive,84.3125,general,general,,Twitter
Dallas6,Corporate,32.8740567,-96.771404,9100 N Central Expressway Suite 105,75231,Mon Oct 24 12:36:06 +0000 2016,RT @dallasnews: AT&amp;T's quarterly results give hints on urgency behind Time Warner deal https://t.co/zdffIY4Gfa | @Conor_Shine https://t.co/…,Positive,69.1587,general,general,,Twitter
Dallas6,Corporate,32.8740567,-96.771404,9100 N Central Expressway Suite 105,75231,Mon Oct 24 12:35:19 +0000 2016,"#AT_T, #Time_Warner unveil massive $85 billion #merger with zero benefit for #consumers https://t.co/l0fG2IHWWS… https://t.co/1XUiUoKKPL",Negative,72.3587,general,general,,Twitter
Dallas6,Corporate,32.8740567,-96.771404,9100 N Central Expressway Suite 105,75231,Mon Oct 24 12:32:34 +0000 2016,"RT @DMNBiz: How the AT&amp;T-Time Warner deal changes the TV, mobile landscapes https://t.co/r8vR9j26fH | @Conor_Shine https://t.co/wKkVSeIClY",Positive,74.8338,general,general,,Twitter
Dallas6,Corporate,32.8740567,-96.771404,9100 N Central Expressway Suite 105,75231,Mon Oct 24 12:29:35 +0000 2016,"@ATTCares I just deleted both the ESPN app and WatchESPN app, and I got this. #notcool https://t.co/vnioR48eql",Neutral,54.4735,general,general,,Twitter
Dallas6,Corporate,32.8740567,-96.771404,9100 N Central Expressway Suite 105,75231,Mon Oct 24 12:29:28 +0000 2016,Get caught up on the weekend's news on AT&amp;T and Time Warner: https://t.co/n8u8eFTAHO @dallasnews @DMNBiz,Positive,69.9825,general,general,,Twitter
Dallas6,Corporate,32.8740567,-96.771404,9100 N Central Expressway Suite 105,75231,Mon Oct 24 12:26:52 +0000 2016,Bernie Sanders: Obama “Should Kill” AT&amp;T-Time Warner Deal | Deadline https://t.co/Ae7kYLqa7V,Positive,70.4496,general,general,,Twitter
Dallas6,Corporate,32.8740567,-96.771404,9100 N Central Expressway Suite 105,75231,Mon Oct 24 12:25:53 +0000 2016,"Trump, Clinton weigh in on AT&amp;T, Time Warner merger: Trump said he'll block it; Clinton said she has concerns. https://t.co/Mk3P0chIcL",Positive,72.4704,general,general,,Twitter
Dallas6,Corporate,32.8740567,-96.771404,9100 N Central Expressway Suite 105,75231,Mon Oct 24 12:21:07 +0000 2016,"Speak now: Why critics want the $108 billion marriage of AT&amp;T, Time Warner to fail. https://t.co/Mk3P0chIcL",Neutral,50.4577,general,general,,Twitter
Dallas6,Corporate,32.8740567,-96.771404,9100 N Central Expressway Suite 105,75231,Mon Oct 24 12:18:24 +0000 2016,RT @ATT: Welcome to the team! @taylorswift13 https://t.co/4h86nLYuLo https://t.co/gAHOi7fPrZ,Positive,84.3125,general,general,,Twitter
Dallas6,Corporate,32.8740567,-96.771404,9100 N Central Expressway Suite 105,75231,Mon Oct 24 12:16:26 +0000 2016,"@ATT's Stephenson: Nature of Time Warner deal different than anything we've ever done. A ""vertical integration."" https://t.co/51BRxIchHN",Positive,76.0251,general,general,,Twitter
Dallas6,Corporate,32.8740567,-96.771404,9100 N Central Expressway Suite 105,75231,Mon Oct 24 12:16:25 +0000 2016,AT&amp;T's quarterly results give hints on urgency behind Time Warner deal https://t.co/zdffIY4Gfa | @Conor_Shine https://t.co/OfexXWZ31F,Positive,69.1587,general,general,,Twitter
Dallas6,Corporate,32.8740567,-96.771404,9100 N Central Expressway Suite 105,75231,Mon Oct 24 12:14:57 +0000 2016,AT&amp;T's quarterly results give hints on urgency behind Time Warner deal. https://t.co/C7bG16Q5sP,Positive,69.1587,general,general,,Twitter
Dallas6,Corporate,32.8740567,-96.771404,9100 N Central Expressway Suite 105,75231,Mon Oct 24 12:10:35 +0000 2016,Swift Opposition to Resurrection of AT&amp;T Giant - The New York Times https://t.co/ZNLknFsgV4,Positive,86.4489,general,general,,Twitter
Dallas6,Corporate,32.8740567,-96.771404,9100 N Central Expressway Suite 105,75231,Mon Oct 24 12:06:40 +0000 2016,"How the AT&amp;T-Time Warner deal changes the TV, mobile landscapes https://t.co/r8vR9j26fH | @Conor_Shine https://t.co/wKkVSeIClY",Positive,74.8338,general,general,,Twitter
Dallas6,Corporate,32.8740567,-96.771404,9100 N Central Expressway Suite 105,75231,Mon Oct 24 12:03:22 +0000 2016,RT @ATT: Welcome to the team! @taylorswift13 https://t.co/4h86nLYuLo https://t.co/gAHOi7fPrZ,Positive,84.3125,general,general,,Twitter
Dallas6,Corporate,32.8740567,-96.771404,9100 N Central Expressway Suite 105,75231,Mon Oct 24 11:56:45 +0000 2016,"Time Warner, AT&amp;T CEOs on $85 billion merger https://t.co/PI8HphhyP9",Positive,63.9246,general,general,,Twitter
Dallas6,Corporate,32.8740567,-96.771404,9100 N Central Expressway Suite 105,75231,Mon Oct 24 11:49:43 +0000 2016,"Double the men, double the funny! Tune in to @CBS for the debut of #ManWithAPlan starting at 8/7c, followed by… https://t.co/5ggF3t6qtX",Positive,85.2141,general,general,,Twitter
Dallas6,Corporate,32.8740567,-96.771404,9100 N Central Expressway Suite 105,75231,Mon Oct 24 11:45:45 +0000 2016,#NationalFoodDay has us like...🍢 🍗 🍅. Celebrate with @RevRunWisdom's Kabob recipe: https://t.co/ghgN1AEUfM… https://t.co/5M7HExQFFS,Neutral,59.6369,general,general,,Twitter
Dallas6,Corporate,32.8740567,-96.771404,9100 N Central Expressway Suite 105,75231,Mon Oct 24 11:44:46 +0000 2016,"RT @dallasnews: Trump gets litigious, AT&amp;T gets bigger, @TomiLahren wins bigly: Your weekend news digest https://t.co/tjOy7OJCri https://t.…",Negative,66.2200,general,general,,Twitter
Dallas6,Corporate,32.8740567,-96.771404,9100 N Central Expressway Suite 105,75231,Mon Oct 24 11:39:08 +0000 2016,RT @ATT: Welcome to the team! @taylorswift13 https://t.co/4h86nLYuLo https://t.co/gAHOi7fPrZ,Positive,84.3125,general,general,,Twitter
Dallas6,Corporate,32.8740567,-96.771404,9100 N Central Expressway Suite 105,75231,Mon Oct 24 11:37:49 +0000 2016,RT @ATTBusinessCare: Not sure where to start when sharing a bigtincan from AT&amp;T story? Learn how at https://t.co/rRv9IpNopm https://t.co/cw…,Negative,99.4049,general,general,,Twitter
Dallas6,Corporate,32.8740567,-96.771404,9100 N Central Expressway Suite 105,75231,Mon Oct 24 11:36:53 +0000 2016,RT @ATT: Welcome to the team! @taylorswift13 https://t.co/4h86nLYuLo https://t.co/gAHOi7fPrZ,Positive,84.3125,general,general,,Twitter
Dallas6,Corporate,32.8740567,-96.771404,9100 N Central Expressway Suite 105,75231,Mon Oct 24 11:09:48 +0000 2016,RT @ATT: Welcome to the team! @taylorswift13 https://t.co/4h86nLYuLo https://t.co/gAHOi7fPrZ,Positive,84.3125,general,general,,Twitter
Dallas6,Corporate,32.8740567,-96.771404,9100 N Central Expressway Suite 105,75231,Mon Oct 24 11:05:30 +0000 2016,RT @ATT: Get a sweet deal on the new iPhone 7 when you switch to AT&amp;T and have DIRECTV. https://t.co/TQVeUkmeZ6 https://t.co/zfZmNpe8AP,Positive,98.0584,directv,general,,Twitter
Dallas6,Corporate,32.8740567,-96.771404,9100 N Central Expressway Suite 105,75231,Mon Oct 24 11:00:02 +0000 2016,Not sure where to start when sharing a bigtincan from AT&amp;T story? Learn how at https://t.co/rRv9IpNopm https://t.co/cwwirYxwcp,Negative,99.4049,general,general,,Twitter
Dallas6,Corporate,32.8740567,-96.771404,9100 N Central Expressway Suite 105,75231,Mon Oct 24 10:56:18 +0000 2016,RT @ATT: Get a sweet deal on the new iPhone 7 when you switch to AT&amp;T and have DIRECTV. https://t.co/TQVeUkmeZ6 https://t.co/zfZmNpe8AP,Positive,98.0584,directv,general,,Twitter
Dallas6,Corporate,32.8740567,-96.771404,9100 N Central Expressway Suite 105,75231,Mon Oct 24 10:36:03 +0000 2016,RT @ATT: Welcome to the team! @taylorswift13 https://t.co/4h86nLYuLo https://t.co/gAHOi7fPrZ,Positive,84.3125,general,general,,Twitter
Dallas6,Corporate,32.8740567,-96.771404,9100 N Central Expressway Suite 105,75231,Mon Oct 24 10:28:11 +0000 2016,RT @ATT: Welcome to the team! @taylorswift13 https://t.co/4h86nLYuLo https://t.co/gAHOi7fPrZ,Positive,84.3125,general,general,,Twitter
Dallas6,Corporate,32.8740567,-96.771404,9100 N Central Expressway Suite 105,75231,Mon Oct 24 10:20:43 +0000 2016,"Speak now: Why critics want the $108 billion marriage of AT&amp;T, Time Warner to fail via @dallasnews #biz  https://t.co/onzE0HAAvJ",Neutral,50.4577,general,general,,Twitter
Dallas6,Corporate,32.8740567,-96.771404,9100 N Central Expressway Suite 105,75231,Mon Oct 24 10:08:47 +0000 2016,RT @ATT: Get a sweet deal on the new iPhone 7 when you switch to AT&amp;T and have DIRECTV. https://t.co/TQVeUkmeZ6 https://t.co/zfZmNpe8AP,Positive,98.0584,directv,general,,Twitter
Dallas6,Corporate,32.8740567,-96.771404,9100 N Central Expressway Suite 105,75231,Mon Oct 24 10:06:22 +0000 2016,"""Morning Agenda: AT&amp;T and Time Warner, Behind the Curtain at Teneo"" by AMIE TSANG via NYT The New York Times https://t.co/i4I04e4s7U",Positive,94.5927,general,general,,Twitter
Dallas6,Corporate,32.8740567,-96.771404,9100 N Central Expressway Suite 105,75231,Mon Oct 24 09:55:24 +0000 2016,RT @ATT: Welcome to the team! @taylorswift13 https://t.co/4h86nLYuLo https://t.co/gAHOi7fPrZ,Positive,84.3125,general,general,,Twitter
Dallas6,Corporate,32.8740567,-96.771404,9100 N Central Expressway Suite 105,75231,Mon Oct 24 09:37:47 +0000 2016,RT @ATT: Welcome to the team! @taylorswift13 https://t.co/4h86nLYuLo https://t.co/gAHOi7fPrZ,Positive,84.3125,general,general,,Twitter
Dallas6,Corporate,32.8740567,-96.771404,9100 N Central Expressway Suite 105,75231,Mon Oct 24 08:48:23 +0000 2016,RT @ATT: Welcome to the team! @taylorswift13 https://t.co/4h86nLYuLo https://t.co/gAHOi7fPrZ,Positive,84.3125,general,general,,Twitter
Dallas6,Corporate,32.8740567,-96.771404,9100 N Central Expressway Suite 105,75231,Mon Oct 24 08:45:35 +0000 2016,RT @ATT: Welcome to the team! @taylorswift13 https://t.co/4h86nLYuLo https://t.co/gAHOi7fPrZ,Positive,84.3125,general,general,,Twitter
Dallas6,Corporate,32.8740567,-96.771404,9100 N Central Expressway Suite 105,75231,Mon Oct 24 08:19:36 +0000 2016,RT @ATT: Welcome to the team! @taylorswift13 https://t.co/4h86nLYuLo https://t.co/gAHOi7fPrZ,Positive,84.3125,general,general,,Twitter
Dallas6,Corporate,32.8740567,-96.771404,9100 N Central Expressway Suite 105,75231,Mon Oct 24 08:19:33 +0000 2016,RT @ATT: Get a sweet deal on the new iPhone 7 when you switch to AT&amp;T and have DIRECTV. https://t.co/TQVeUkmeZ6 https://t.co/zfZmNpe8AP,Positive,98.0584,directv,general,,Twitter
Dallas6,Corporate,32.8740567,-96.771404,9100 N Central Expressway Suite 105,75231,Mon Oct 24 08:09:09 +0000 2016,"RT @ATT: Mother Nature is unpredictable, so we rely on our Network Disaster Recovery team to connect you when you need it most. https://t.c…",Positive,77.2863,general,general,,Twitter
Dallas6,Corporate,32.8740567,-96.771404,9100 N Central Expressway Suite 105,75231,Mon Oct 24 08:06:48 +0000 2016,RT @ATT: The #futureofvideo is mobile and the #futureofmobile is video. Time Warner + AT&amp;T make it happen! @twxcorp https://t.co/GKx4U9TQYg,Neutral,56.0321,general,general,,Twitter
Dallas6,Corporate,32.8740567,-96.771404,9100 N Central Expressway Suite 105,75231,Mon Oct 24 07:49:16 +0000 2016,RT @ATT: The #futureofvideo is mobile and the #futureofmobile is video. Time Warner + AT&amp;T make it happen! @twxcorp https://t.co/GKx4U9TQYg,Neutral,56.0321,general,general,,Twitter
Dallas6,Corporate,32.8740567,-96.771404,9100 N Central Expressway Suite 105,75231,Mon Oct 24 07:48:55 +0000 2016,RT @ATT: Get a sweet deal on the new iPhone 7 when you switch to AT&amp;T and have DIRECTV. https://t.co/TQVeUkmeZ6 https://t.co/zfZmNpe8AP,Positive,98.0584,directv,general,,Twitter
Dallas6,Corporate,32.8740567,-96.771404,9100 N Central Expressway Suite 105,75231,Mon Oct 24 07:33:23 +0000 2016,"RT @dallasnews: Trump gets litigious, AT&amp;T gets bigger, @TomiLahren wins bigly: Your weekend news digest https://t.co/tjOy7OJCri https://t.…",Negative,66.2200,general,general,,Twitter
Dallas6,Corporate,32.8740567,-96.771404,9100 N Central Expressway Suite 105,75231,Mon Oct 24 07:20:11 +0000 2016,RT @attJOBS: Hear from Kristin how our Business Sales Leadership Development Program led to her successful career: https://t.co/aitAtDInv5…,Positive,88.5471,general,general,,Twitter
Dallas6,Corporate,32.8740567,-96.771404,9100 N Central Expressway Suite 105,75231,Mon Oct 24 07:09:44 +0000 2016,"RT @dallasnews: Trump gets litigious, AT&amp;T gets bigger, @TomiLahren wins bigly: Your weekend news digest https://t.co/tjOy7OJCri https://t.…",Negative,66.2200,general,general,,Twitter
Dallas6,Corporate,32.8740567,-96.771404,9100 N Central Expressway Suite 105,75231,Mon Oct 24 07:08:14 +0000 2016,RT @ATT: Welcome to the team! @taylorswift13 https://t.co/4h86nLYuLo https://t.co/gAHOi7fPrZ,Positive,84.3125,general,general,,Twitter
Dallas6,Corporate,32.8740567,-96.771404,9100 N Central Expressway Suite 105,75231,Mon Oct 24 06:44:12 +0000 2016,RT @ATT: The #futureofvideo is mobile and the #futureofmobile is video. Time Warner + AT&amp;T make it happen! @twxcorp https://t.co/GKx4U9TQYg,Neutral,56.0321,general,general,,Twitter
Dallas6,Corporate,32.8740567,-96.771404,9100 N Central Expressway Suite 105,75231,Mon Oct 24 06:43:19 +0000 2016,"RT @ATT: Mother Nature is unpredictable, so we rely on our Network Disaster Recovery team to connect you when you need it most. https://t.c…",Positive,77.2863,general,general,,Twitter
Dallas6,Corporate,32.8740567,-96.771404,9100 N Central Expressway Suite 105,75231,Mon Oct 24 06:43:00 +0000 2016,Did AT&amp;T Just Signal The Top? https://t.co/PSYPlfe5g0,Neutral,50.0622,general,general,,Twitter
Dallas6,Corporate,32.8740567,-96.771404,9100 N Central Expressway Suite 105,75231,Mon Oct 24 06:34:21 +0000 2016,#ATT's quarterly results give hints on urgency behind Time Warner deal https://t.co/wKS5ECE5tD #DFW,Positive,69.1587,general,general,,Twitter
Dallas6,Corporate,32.8740567,-96.771404,9100 N Central Expressway Suite 105,75231,Mon Oct 24 05:53:36 +0000 2016,RT @ATT: The #futureofvideo is mobile and the #futureofmobile is video. Time Warner + AT&amp;T make it happen! @twxcorp https://t.co/GKx4U9TQYg,Neutral,56.0321,general,general,,Twitter
Dallas6,Corporate,32.8740567,-96.771404,9100 N Central Expressway Suite 105,75231,Mon Oct 24 05:18:56 +0000 2016,"RT @dallasnews: Critics of proposed $108 billion AT&amp;T, Time Warner marriage speak out  https://t.co/w3Yu4yr5QC https://t.co/Fer8DbdTsu",Positive,82.0228,general,general,,Twitter
Dallas6,Corporate,32.8740567,-96.771404,9100 N Central Expressway Suite 105,75231,Mon Oct 24 05:06:43 +0000 2016,"RT @dallasnews: Trump gets litigious, AT&amp;T gets bigger, @TomiLahren wins bigly: Your weekend news digest https://t.co/tjOy7OJCri https://t.…",Negative,66.2200,general,general,,Twitter
Dallas6,Corporate,32.8740567,-96.771404,9100 N Central Expressway Suite 105,75231,Mon Oct 24 04:59:22 +0000 2016,"RT @ATT: Mother Nature is unpredictable, so we rely on our Network Disaster Recovery team to connect you when you need it most. https://t.c…",Positive,77.2863,general,general,,Twitter
Dallas6,Corporate,32.8740567,-96.771404,9100 N Central Expressway Suite 105,75231,Mon Oct 24 04:48:50 +0000 2016,@VZWSupport we have been customers of @ATTCares for 18 yrs and the disregard they have for our business is shameful. I am looking at options,Negative,66.1790,general,general,,Twitter
Dallas6,Corporate,32.8740567,-96.771404,9100 N Central Expressway Suite 105,75231,Mon Oct 24 04:29:04 +0000 2016,Cuban: AT&amp;T-Time Warner will create more competition https://t.co/MLdPCHy52m https://t.co/r4Pp5K9uGV,Positive,94.0090,general,general,,Twitter
Dallas6,Corporate,32.8740567,-96.771404,9100 N Central Expressway Suite 105,75231,Mon Oct 24 04:26:42 +0000 2016,"RT @DFWSmallBiz: Speak now: Why critics want the $108 billion marriage of AT&amp;T, Time Warner to fail https://t.co/oM7uIpEQrX #DFW #Tech",Neutral,50.4577,general,general,,Twitter
Dallas6,Corporate,32.8740567,-96.771404,9100 N Central Expressway Suite 105,75231,Mon Oct 24 04:17:52 +0000 2016,RT @ATT: Get a sweet deal on the new iPhone 7 when you switch to AT&amp;T and have DIRECTV. https://t.co/TQVeUkmeZ6 https://t.co/zfZmNpe8AP,Positive,98.0584,directv,general,,Twitter
Dallas6,Corporate,32.8740567,-96.771404,9100 N Central Expressway Suite 105,75231,Mon Oct 24 04:16:39 +0000 2016,@ATTCares #ATT has the worst customer service. Been told multiple stories. Customer since Cingular. Terminating and going to @VZWSupport,Negative,99.7573,general,general,,Twitter
Dallas6,Corporate,32.8740567,-96.771404,9100 N Central Expressway Suite 105,75231,Mon Oct 24 04:07:35 +0000 2016,RT @ATT: The #futureofvideo is mobile and the #futureofmobile is video. Time Warner + AT&amp;T make it happen! @twxcorp https://t.co/GKx4U9TQYg,Neutral,56.0321,general,general,,Twitter
Dallas6,Corporate,32.8740567,-96.771404,9100 N Central Expressway Suite 105,75231,Mon Oct 24 03:52:38 +0000 2016,RT @ATT: Who made you a college 🏈 fan? Share with #MadeMeAFanContest for a chance to win. Rules https://t.co/hU3I3wFn5V https://t.co/xZbxUJ…,Positive,88.9294,general,general,,Twitter
Dallas6,Corporate,32.8740567,-96.771404,9100 N Central Expressway Suite 105,75231,Mon Oct 24 03:51:51 +0000 2016,"RT @dallasnews: Trump gets litigious, AT&amp;T gets bigger, @TomiLahren wins bigly: Your weekend news digest https://t.co/tjOy7OJCri https://t.…",Negative,66.2200,general,general,,Twitter
Dallas6,Corporate,32.8740567,-96.771404,9100 N Central Expressway Suite 105,75231,Mon Oct 24 03:51:06 +0000 2016,"RT @Paul_O_Williams: AT&amp;T, Time Warner Team Up To Fight For The Future Of TV https://t.co/pMeNsiaYKa #TimeWarner #ATT",Positive,89.0251,general,general,,Twitter
Dallas6,Corporate,32.8740567,-96.771404,9100 N Central Expressway Suite 105,75231,Mon Oct 24 03:48:26 +0000 2016,"RT @Paul_O_Williams: AT&amp;T, Time Warner Team Up To Fight For The Future Of TV https://t.co/pMeNsiaYKa #TimeWarner #ATT",Positive,89.0251,general,general,,Twitter
Dallas6,Corporate,32.8740567,-96.771404,9100 N Central Expressway Suite 105,75231,Mon Oct 24 03:37:53 +0000 2016,"RT @Paul_O_Williams: AT&amp;T, Time Warner Team Up To Fight For The Future Of TV https://t.co/pMeNsiaYKa #TimeWarner #ATT",Positive,89.0251,general,general,,Twitter
Dallas6,Corporate,32.8740567,-96.771404,9100 N Central Expressway Suite 105,75231,Mon Oct 24 03:33:11 +0000 2016,RT @ATT: Get a sweet deal on the new iPhone 7 when you switch to AT&amp;T and have DIRECTV. https://t.co/TQVeUkmeZ6 https://t.co/zfZmNpe8AP,Positive,98.0584,directv,general,,Twitter
Dallas6,Corporate,32.8740567,-96.771404,9100 N Central Expressway Suite 105,75231,Mon Oct 24 03:27:37 +0000 2016,RT @ATT: Welcome to the team! @taylorswift13 https://t.co/4h86nLYuLo https://t.co/gAHOi7fPrZ,Positive,84.3125,general,general,,Twitter
Dallas6,Corporate,32.8740567,-96.771404,9100 N Central Expressway Suite 105,75231,Mon Oct 24 03:25:23 +0000 2016,@JGFoundSuccess lol I apologize at&amp;t uverse doesn't offer more sophistication for your tastes.,Neutral,61.0889,uverse,general,,Twitter
Dallas6,Corporate,32.8740567,-96.771404,9100 N Central Expressway Suite 105,75231,Mon Oct 24 03:25:06 +0000 2016,"AT&amp;T, Time Warner Team Up To Fight For The Future Of TV https://t.co/pMeNsiaYKa #TimeWarner #ATT",Positive,89.0251,general,general,,Twitter
Dallas6,Corporate,32.8740567,-96.771404,9100 N Central Expressway Suite 105,75231,Mon Oct 24 03:08:50 +0000 2016,"RT @dallasnews: Trump gets litigious, AT&amp;T gets bigger, @TomiLahren wins bigly: Your weekend news digest https://t.co/tjOy7OJCri https://t.…",Negative,66.2200,general,general,,Twitter
Dallas6,Corporate,32.8740567,-96.771404,9100 N Central Expressway Suite 105,75231,Mon Oct 24 03:04:15 +0000 2016,"RT @dallasnews: Trump gets litigious, AT&amp;T gets bigger, @TomiLahren wins bigly: Your weekend news digest https://t.co/tjOy7OJCri https://t.…",Negative,66.2200,general,general,,Twitter
Dallas6,Corporate,32.8740567,-96.771404,9100 N Central Expressway Suite 105,75231,Mon Oct 24 02:54:28 +0000 2016,"@jayrosen_nyu Bought DirecTV. Content costs a lot of $. Time Warner has great content: CNN, HBO, TBS. It's that simple.",Positive,91.7133,directv,general,,Twitter
Dallas6,Corporate,32.8740567,-96.771404,9100 N Central Expressway Suite 105,75231,Mon Oct 24 02:53:48 +0000 2016,@ts6swift Not necessarily.  We’ll be giving away lots of tickets to Taylor fans including AT&amp;T customers and special guests.,Positive,68.3177,general,general,,Twitter
Dallas6,Corporate,32.8740567,-96.771404,9100 N Central Expressway Suite 105,75231,Mon Oct 24 02:52:04 +0000 2016,"#dallas Speak now: Why critics want the $108 billion marriage of AT&amp;T, Time Warner to fail https://t.co/ATqYQAzC9B",Neutral,50.4577,general,general,,Twitter
Dallas6,Corporate,32.8740567,-96.771404,9100 N Central Expressway Suite 105,75231,Mon Oct 24 02:51:52 +0000 2016,"RT @dallasnews: Trump gets litigious, AT&amp;T gets bigger, @TomiLahren wins bigly: Your weekend news digest https://t.co/tjOy7OJCri https://t.…",Negative,66.2200,general,general,,Twitter
Dallas6,Corporate,32.8740567,-96.771404,9100 N Central Expressway Suite 105,75231,Mon Oct 24 02:49:34 +0000 2016,@DIRECTVService we already got help over the phone thanks,Positive,62.9127,directv,general,,Twitter
Dallas6,Corporate,32.8740567,-96.771404,9100 N Central Expressway Suite 105,75231,Mon Oct 24 02:32:50 +0000 2016,RT @ATT: Welcome to the team! @taylorswift13 https://t.co/4h86nLYuLo https://t.co/gAHOi7fPrZ,Positive,84.3125,general,general,,Twitter
Dallas6,Corporate,32.8740567,-96.771404,9100 N Central Expressway Suite 105,75231,Mon Oct 24 02:16:51 +0000 2016,"RT @ATT: Mother Nature is unpredictable, so we rely on our Network Disaster Recovery team to connect you when you need it most. https://t.c…",Positive,77.2863,general,general,,Twitter
Dallas6,Corporate,32.8740567,-96.771404,9100 N Central Expressway Suite 105,75231,Mon Oct 24 02:10:26 +0000 2016,@DIRECTV is there some system-wide outage? Both are receivers out at the same time.,Positive,94.3343,directv,general,,Twitter
Dallas6,Corporate,32.8740567,-96.771404,9100 N Central Expressway Suite 105,75231,Fri Oct 21 22:58:28 +0000 2016,"RT @ATT: Watch the @GreenDay @iHeartRadio Album Release Party Tonight, 9pm ET/PT on AUDIENCE. DIRECTV ch 239/U-verse ch 1114. https://t.co/…",Neutral,59.5550,directv,general,,Twitter
Dallas6,Corporate,32.8740567,-96.771404,9100 N Central Expressway Suite 105,75231,Fri Oct 21 22:50:35 +0000 2016,"RT @ATT: Some people may wait a lifetime, but you don't have to. On 11/2-3, AT&amp;T customers can buy @kelly_clarkson tix early. https://t.co/…",Neutral,60.4188,general,general,,Twitter
Dallas6,Corporate,32.8740567,-96.771404,9100 N Central Expressway Suite 105,75231,Fri Oct 21 22:48:33 +0000 2016,"RT @ATT: Some people may wait a lifetime, but you don't have to. On 11/2-3, AT&amp;T customers can buy @kelly_clarkson tix early. https://t.co/…",Neutral,60.4188,general,general,,Twitter
Dallas6,Corporate,32.8740567,-96.771404,9100 N Central Expressway Suite 105,75231,Fri Oct 21 22:46:41 +0000 2016,"RT @ATT: We want to see your #ATTRedCarpet watch party! Tweet us your plans, and tune in on @AudienceNetwork on 11/2! #CMAAwards50 https://…",Neutral,59.7095,general,general,,Twitter
Dallas6,Corporate,32.8740567,-96.771404,9100 N Central Expressway Suite 105,75231,Fri Oct 21 22:43:55 +0000 2016,"RT @ATT: Some people may wait a lifetime, but you don't have to. On 11/2-3, AT&amp;T customers can buy @kelly_clarkson tix early. https://t.co/…",Neutral,60.4188,general,general,,Twitter
Dallas6,Corporate,32.8740567,-96.771404,9100 N Central Expressway Suite 105,75231,Fri Oct 21 22:43:35 +0000 2016,"RT @ATT: Some people may wait a lifetime, but you don't have to. On 11/2-3, AT&amp;T customers can buy @kelly_clarkson tix early. https://t.co/…",Neutral,60.4188,general,general,,Twitter
Dallas6,Corporate,32.8740567,-96.771404,9100 N Central Expressway Suite 105,75231,Fri Oct 21 22:29:19 +0000 2016,"RT @ATT: Watch the @GreenDay @iHeartRadio Album Release Party Tonight, 9pm ET/PT on AUDIENCE. DIRECTV ch 239/U-verse ch 1114. https://t.co/…",Neutral,59.5550,directv,general,,Twitter
Dallas6,Corporate,32.8740567,-96.771404,9100 N Central Expressway Suite 105,75231,Fri Oct 21 22:26:27 +0000 2016,"RT @ATT: Watch the @GreenDay @iHeartRadio Album Release Party Tonight, 9pm ET/PT on AUDIENCE. DIRECTV ch 239/U-verse ch 1114. https://t.co/…",Neutral,59.5550,directv,general,,Twitter
Dallas6,Corporate,32.8740567,-96.771404,9100 N Central Expressway Suite 105,75231,Fri Oct 21 22:21:01 +0000 2016,RT @Uverse: Friday night plans? You + 🛋 + 🍿 + Liam Hemsworth. Order Independence Day: Resurgence and call it a date. https://t.co/tPqA5w8Gp…,Negative,77.9907,uverse,general,,Twitter
Dallas6,Corporate,32.8740567,-96.771404,9100 N Central Expressway Suite 105,75231,Fri Oct 21 22:03:59 +0000 2016,RT @ATT: Welcome to the team! @taylorswift13 https://t.co/4h86nLYuLo https://t.co/gAHOi7fPrZ,Positive,84.3125,general,general,,Twitter
Dallas6,Corporate,32.8740567,-96.771404,9100 N Central Expressway Suite 105,75231,Fri Oct 21 21:38:49 +0000 2016,"RT @ATT: Watch the @GreenDay @iHeartRadio Album Release Party Tonight, 9pm ET/PT on AUDIENCE. DIRECTV ch 239/U-verse ch 1114. https://t.co/…",Neutral,59.5550,directv,general,,Twitter
Dallas6,Corporate,32.8740567,-96.771404,9100 N Central Expressway Suite 105,75231,Fri Oct 21 21:37:58 +0000 2016,RT @ATT: Welcome to the team! @taylorswift13 https://t.co/4h86nLYuLo https://t.co/gAHOi7fPrZ,Positive,84.3125,general,general,,Twitter
Dallas6,Corporate,32.8740567,-96.771404,9100 N Central Expressway Suite 105,75231,Fri Oct 21 21:28:12 +0000 2016,"RT @ATT: Watch the @GreenDay @iHeartRadio Album Release Party Tonight, 9pm ET/PT on AUDIENCE. DIRECTV ch 239/U-verse ch 1114. https://t.co/…",Neutral,59.5550,directv,general,,Twitter
Dallas6,Corporate,32.8740567,-96.771404,9100 N Central Expressway Suite 105,75231,Fri Oct 21 21:10:31 +0000 2016,RT @ATT: Who made you a college 🏈 fan? Share with #MadeMeAFanContest for a chance to win. Rules https://t.co/hU3I3wFn5V https://t.co/xZbxUJ…,Positive,88.9294,general,general,,Twitter
Dallas6,Corporate,32.8740567,-96.771404,9100 N Central Expressway Suite 105,75231,Fri Oct 21 20:53:07 +0000 2016,"RT @ATT: Watch the @GreenDay @iHeartRadio Album Release Party Tonight, 9pm ET/PT on AUDIENCE. DIRECTV ch 239/U-verse ch 1114. https://t.co/…",Neutral,59.5550,directv,general,,Twitter
Dallas6,Corporate,32.8740567,-96.771404,9100 N Central Expressway Suite 105,75231,Fri Oct 21 20:39:58 +0000 2016,@ATTCares Kinda hard to do ANYTHING on the internet when the internet goes down/off/quits!  My internet just quit a few minutes ago on me.,Negative,69.7344,general,general,,Twitter
Dallas6,Corporate,32.8740567,-96.771404,9100 N Central Expressway Suite 105,75231,Fri Oct 21 20:39:12 +0000 2016,@ATT I hope you can demonstrate that @ATTCares by reading my forum link and contacting me https://t.co/78ZtbfNcuF lets talk #GreatISPsListen,Positive,71.0036,general,general,,Twitter
Dallas6,Corporate,32.8740567,-96.771404,9100 N Central Expressway Suite 105,75231,Fri Oct 21 20:36:41 +0000 2016,"RT @ATT: Watch the @GreenDay @iHeartRadio Album Release Party Tonight, 9pm ET/PT on AUDIENCE. DIRECTV ch 239/U-verse ch 1114. https://t.co/…",Neutral,59.5550,directv,general,,Twitter
Dallas6,Corporate,32.8740567,-96.771404,9100 N Central Expressway Suite 105,75231,Fri Oct 21 20:30:10 +0000 2016,RT @ATT: RT if you’ll be doing the time warp with Frank N. Furter and the gang tonight during @RockyHorrorFOX at 8/7 on @FOXTV. #RockyHorro…,Positive,65.1636,general,general,,Twitter
Dallas6,Corporate,32.8740567,-96.771404,9100 N Central Expressway Suite 105,75231,Fri Oct 21 20:24:35 +0000 2016,RT @ATT: Get a sweet deal on the new iPhone 7 when you switch to AT&amp;T and have DIRECTV. https://t.co/TQVeUkmeZ6 https://t.co/zfZmNpe8AP,Positive,98.0584,directv,general,,Twitter
Dallas6,Corporate,32.8740567,-96.771404,9100 N Central Expressway Suite 105,75231,Fri Oct 21 19:53:44 +0000 2016,RT @ATT: RT if you’ll be doing the time warp with Frank N. Furter and the gang tonight during @RockyHorrorFOX at 8/7 on @FOXTV. #RockyHorro…,Positive,65.1636,general,general,,Twitter
Dallas6,Corporate,32.8740567,-96.771404,9100 N Central Expressway Suite 105,75231,Fri Oct 21 19:45:34 +0000 2016,RT @ATT: Who made you a college 🏈 fan? Share with #MadeMeAFanContest for a chance to win. Rules https://t.co/hU3I3wFn5V https://t.co/xZbxUJ…,Positive,88.9294,general,general,,Twitter
Dallas6,Corporate,32.8740567,-96.771404,9100 N Central Expressway Suite 105,75231,Fri Oct 21 19:38:22 +0000 2016,RT @ATT: Are you ready for the revolution? Watch the @GreenDay @iHeartRadio Album Release Party now. #iHeartGreenDay https://t.co/ec2gZXKu7U,Neutral,59.0894,general,general,,Twitter
Dallas6,Corporate,32.8740567,-96.771404,9100 N Central Expressway Suite 105,75231,Fri Oct 21 19:30:37 +0000 2016,Sooooo you can’t watch @FoodNetwork on an Android TV with @ATT Uverse? Shitty.,Negative,89.8747,uverse,general,,Twitter
Dallas6,Corporate,32.8740567,-96.771404,9100 N Central Expressway Suite 105,75231,Fri Oct 21 19:26:56 +0000 2016,@ATTCares I need help finding out if my phone is payed off,Neutral,53.2586,general,general,,Twitter
Dallas6,Corporate,32.8740567,-96.771404,9100 N Central Expressway Suite 105,75231,Fri Oct 21 19:11:47 +0000 2016,"RT @ATT: We want to see your #ATTRedCarpet watch party! Tweet us your plans, and tune in on @AudienceNetwork on 11/2! #CMAAwards50 https://…",Neutral,59.7095,general,general,,Twitter
Dallas6,Corporate,32.8740567,-96.771404,9100 N Central Expressway Suite 105,75231,Fri Oct 21 18:58:55 +0000 2016,"RT @ATT: Watch the @GreenDay @iHeartRadio Album Release Party Tonight, 9pm ET/PT on AUDIENCE. DIRECTV ch 239/U-verse ch 1114. https://t.co/…",Neutral,59.5550,directv,general,,Twitter
Dallas6,Corporate,32.8740567,-96.771404,9100 N Central Expressway Suite 105,75231,Fri Oct 21 18:44:14 +0000 2016,"RT @ATT: Watch the @GreenDay @iHeartRadio Album Release Party Tonight, 9pm ET/PT on AUDIENCE. DIRECTV ch 239/U-verse ch 1114. https://t.co/…",Neutral,59.5550,directv,general,,Twitter
Dallas6,Corporate,32.8740567,-96.771404,9100 N Central Expressway Suite 105,75231,Fri Oct 21 18:43:27 +0000 2016,RT @ATT: Are you ready for the revolution? Watch the @GreenDay @iHeartRadio Album Release Party now. #iHeartGreenDay https://t.co/ec2gZXKu7U,Neutral,59.0894,general,general,,Twitter
Dallas6,Corporate,32.8740567,-96.771404,9100 N Central Expressway Suite 105,75231,Fri Oct 21 18:34:14 +0000 2016,RT @ATT: Who made you a college 🏈 fan? Share with #MadeMeAFanContest for a chance to win. Rules https://t.co/hU3I3wFn5V https://t.co/xZbxUJ…,Positive,88.9294,general,general,,Twitter
Dallas6,Corporate,32.8740567,-96.771404,9100 N Central Expressway Suite 105,75231,Fri Oct 21 17:49:56 +0000 2016,@ATTCares I filed my complaint with the @FCC here https://t.co/inVguPMnYv,Positive,70.1223,general,general,,Twitter
Dallas6,Corporate,32.8740567,-96.771404,9100 N Central Expressway Suite 105,75231,Fri Oct 21 17:49:19 +0000 2016,RT @ATT: Get a sweet deal on the new iPhone 7 when you switch to AT&amp;T and have DIRECTV. https://t.co/TQVeUkmeZ6 https://t.co/zfZmNpe8AP,Positive,98.0584,directv,general,,Twitter
Dallas6,Corporate,32.8740567,-96.771404,9100 N Central Expressway Suite 105,75231,Fri Oct 21 17:47:37 +0000 2016,"RT @ATT: Watch the @GreenDay @iHeartRadio Album Release Party Tonight, 9pm ET/PT on AUDIENCE. DIRECTV ch 239/U-verse ch 1114. https://t.co/…",Neutral,59.5550,directv,general,,Twitter
Dallas6,Corporate,32.8740567,-96.771404,9100 N Central Expressway Suite 105,75231,Fri Oct 21 17:25:42 +0000 2016,"RT @ATT: Watch the @GreenDay @iHeartRadio Album Release Party Tonight, 9pm ET/PT on AUDIENCE. DIRECTV ch 239/U-verse ch 1114. https://t.co/…",Neutral,59.5550,directv,general,,Twitter
Dallas6,Corporate,32.8740567,-96.771404,9100 N Central Expressway Suite 105,75231,Fri Oct 21 17:22:35 +0000 2016,@ATT has the worst customer service imaginable. 😡,Negative,99.7631,general,general,,Twitter
Dallas6,Corporate,32.8740567,-96.771404,9100 N Central Expressway Suite 105,75231,Fri Oct 21 17:14:02 +0000 2016,RT @ATT: Welcome to the team! @taylorswift13 https://t.co/4h86nLYuLo https://t.co/gAHOi7fPrZ,Positive,84.3125,general,general,,Twitter
Dallas6,Corporate,32.8740567,-96.771404,9100 N Central Expressway Suite 105,75231,Fri Oct 21 17:13:30 +0000 2016,RT @ATT: Are you ready for the revolution? Watch the @GreenDay @iHeartRadio Album Release Party now. #iHeartGreenDay https://t.co/ec2gZXKu7U,Neutral,59.0894,general,general,,Twitter
Dallas6,Corporate,32.8740567,-96.771404,9100 N Central Expressway Suite 105,75231,Fri Oct 21 17:12:00 +0000 2016,"RT @ATT: @marariann_ This is a special, invitation-only concert, but we’ll be giving away lots of tickets to fans and AT&amp;T customers soon.",Positive,96.9312,general,general,,Twitter
Dallas6,Corporate,32.8740567,-96.771404,9100 N Central Expressway Suite 105,75231,Fri Oct 21 17:08:39 +0000 2016,RT @ATT: Welcome to the team! @taylorswift13 https://t.co/4h86nLYuLo https://t.co/gAHOi7fPrZ,Positive,84.3125,general,general,,Twitter
Dallas6,Corporate,32.8740567,-96.771404,9100 N Central Expressway Suite 105,75231,Fri Oct 21 17:08:17 +0000 2016,RT @ATT: Who made you a college 🏈 fan? Share with #MadeMeAFanContest for a chance to win. Rules https://t.co/hU3I3wFn5V https://t.co/xZbxUJ…,Positive,88.9294,general,general,,Twitter
Dallas6,Corporate,32.8740567,-96.771404,9100 N Central Expressway Suite 105,75231,Fri Oct 21 16:39:14 +0000 2016,Went to file a formal complaint against my ISP @ATTCares to find out @FCC 's website is down https://t.co/wEqxwPSNoE :(,Positive,92.0667,general,general,,Twitter
Dallas6,Corporate,32.8740567,-96.771404,9100 N Central Expressway Suite 105,75231,Fri Oct 21 16:38:14 +0000 2016,RT @ATT: Who made you a college 🏈 fan? Share with #MadeMeAFanContest for a chance to win. Rules https://t.co/hU3I3wFn5V https://t.co/xZbxUJ…,Positive,88.9294,general,general,,Twitter
Dallas6,Corporate,32.8740567,-96.771404,9100 N Central Expressway Suite 105,75231,Fri Oct 21 16:21:51 +0000 2016,"RT @ATT: Watch the @GreenDay @iHeartRadio Album Release Party Tonight, 9pm ET/PT on AUDIENCE. DIRECTV ch 239/U-verse ch 1114. https://t.co/…",Neutral,59.5550,directv,general,,Twitter
Dallas6,Corporate,32.8740567,-96.771404,9100 N Central Expressway Suite 105,75231,Fri Oct 21 16:21:06 +0000 2016,"RT @ATT: Watch the @GreenDay @iHeartRadio Album Release Party Tonight, 9pm ET/PT on AUDIENCE. DIRECTV ch 239/U-verse ch 1114. https://t.co/…",Neutral,59.5550,directv,general,,Twitter
Dallas6,Corporate,32.8740567,-96.771404,9100 N Central Expressway Suite 105,75231,Fri Oct 21 16:10:14 +0000 2016,RT @ATT: Welcome to the team! @taylorswift13 https://t.co/4h86nLYuLo https://t.co/gAHOi7fPrZ,Positive,84.3125,general,general,,Twitter
Dallas6,Corporate,32.8740567,-96.771404,9100 N Central Expressway Suite 105,75231,Fri Oct 21 16:06:52 +0000 2016,"RT @ATT: Watch the @GreenDay @iHeartRadio Album Release Party Tonight, 9pm ET/PT on AUDIENCE. DIRECTV ch 239/U-verse ch 1114. https://t.co/…",Neutral,59.5550,directv,general,,Twitter
Dallas6,Corporate,32.8740567,-96.771404,9100 N Central Expressway Suite 105,75231,Fri Oct 21 15:58:24 +0000 2016,RT @ATT: Are you ready for the revolution? Watch the @GreenDay @iHeartRadio Album Release Party now. #iHeartGreenDay https://t.co/ec2gZXKu7U,Neutral,59.0894,general,general,,Twitter
Dallas6,Corporate,32.8740567,-96.771404,9100 N Central Expressway Suite 105,75231,Fri Oct 21 15:55:02 +0000 2016,"RT @ATT: Watch the @GreenDay @iHeartRadio Album Release Party Tonight, 9pm ET/PT on AUDIENCE. DIRECTV ch 239/U-verse ch 1114. https://t.co/…",Neutral,59.5550,directv,general,,Twitter
Dallas6,Corporate,32.8740567,-96.771404,9100 N Central Expressway Suite 105,75231,Fri Oct 21 15:43:29 +0000 2016,RT @ATT: RT if you’ll be doing the time warp with Frank N. Furter and the gang tonight during @RockyHorrorFOX at 8/7 on @FOXTV. #RockyHorro…,Positive,65.1636,general,general,,Twitter
Dallas6,Corporate,32.8740567,-96.771404,9100 N Central Expressway Suite 105,75231,Fri Oct 21 15:39:44 +0000 2016,RT @ATT: AT&amp;T #Fiber - The future of the internet is now! Starting with a 1000 Mbps connection. https://t.co/Rw8zxmVDRY,Positive,84.1944,fiber,general,,Twitter
Dallas6,Corporate,32.8740567,-96.771404,9100 N Central Expressway Suite 105,75231,Fri Oct 21 15:39:21 +0000 2016,RT @ATT: Get a sweet deal on the new iPhone 7 when you switch to AT&amp;T and have DIRECTV. https://t.co/TQVeUkmeZ6 https://t.co/zfZmNpe8AP,Positive,98.0584,directv,general,,Twitter
Dallas6,Corporate,32.8740567,-96.771404,9100 N Central Expressway Suite 105,75231,Fri Oct 21 15:29:51 +0000 2016,RT @ATT: Welcome to the team! @taylorswift13 https://t.co/4h86nLYuLo https://t.co/gAHOi7fPrZ,Positive,84.3125,general,general,,Twitter
Dallas6,Corporate,32.8740567,-96.771404,9100 N Central Expressway Suite 105,75231,Fri Oct 21 15:04:57 +0000 2016,"RT @ATT: Watch the @GreenDay @iHeartRadio Album Release Party Tonight, 9pm ET/PT on AUDIENCE. DIRECTV ch 239/U-verse ch 1114. https://t.co/…",Neutral,59.5550,directv,general,,Twitter
Dallas6,Corporate,32.8740567,-96.771404,9100 N Central Expressway Suite 105,75231,Fri Oct 21 15:04:44 +0000 2016,"RT @ATT: Watch the @GreenDay @iHeartRadio Album Release Party Tonight, 9pm ET/PT on AUDIENCE. DIRECTV ch 239/U-verse ch 1114. https://t.co/…",Neutral,59.5550,directv,general,,Twitter
Dallas6,Corporate,32.8740567,-96.771404,9100 N Central Expressway Suite 105,75231,Fri Oct 21 15:04:21 +0000 2016,"RT @ATT: Watch the @GreenDay @iHeartRadio Album Release Party Tonight, 9pm ET/PT on AUDIENCE. DIRECTV ch 239/U-verse ch 1114. https://t.co/…",Neutral,59.5550,directv,general,,Twitter
Dallas6,Corporate,32.8740567,-96.771404,9100 N Central Expressway Suite 105,75231,Fri Oct 21 14:43:46 +0000 2016,RT @ATT: Are you ready for the revolution? Watch the @GreenDay @iHeartRadio Album Release Party now. #iHeartGreenDay https://t.co/ec2gZXKu7U,Neutral,59.0894,general,general,,Twitter
Dallas6,Corporate,32.8740567,-96.771404,9100 N Central Expressway Suite 105,75231,Fri Oct 21 14:38:37 +0000 2016,"RT @ATT: Watch the @GreenDay @iHeartRadio Album Release Party Tonight, 9pm ET/PT on AUDIENCE. DIRECTV ch 239/U-verse ch 1114. https://t.co/…",Neutral,59.5550,directv,general,,Twitter
Dallas6,Corporate,32.8740567,-96.771404,9100 N Central Expressway Suite 105,75231,Fri Oct 21 14:37:45 +0000 2016,RT @ATT: Welcome to the team! @taylorswift13 https://t.co/4h86nLYuLo https://t.co/gAHOi7fPrZ,Positive,84.3125,general,general,,Twitter
Dallas6,Corporate,32.8740567,-96.771404,9100 N Central Expressway Suite 105,75231,Fri Oct 21 14:36:07 +0000 2016,RT @ATT: Are you ready for the revolution? Watch the @GreenDay @iHeartRadio Album Release Party now. #iHeartGreenDay https://t.co/ec2gZXKu7U,Neutral,59.0894,general,general,,Twitter
Dallas6,Corporate,32.8740567,-96.771404,9100 N Central Expressway Suite 105,75231,Fri Oct 21 13:39:07 +0000 2016,RT @ATT: Welcome to the team! @taylorswift13 https://t.co/4h86nLYuLo https://t.co/gAHOi7fPrZ,Positive,84.3125,general,general,,Twitter
Dallas6,Corporate,32.8740567,-96.771404,9100 N Central Expressway Suite 105,75231,Fri Oct 21 13:35:01 +0000 2016,"RT @ATT: @Beau_Walker Hey there, sorry to hear that. What happened? We'd love to help.",Negative,73.0206,general,general,,Twitter
Dallas6,Corporate,32.8740567,-96.771404,9100 N Central Expressway Suite 105,75231,Fri Oct 21 13:28:35 +0000 2016,RT @ATT: Welcome to the team! @taylorswift13 https://t.co/4h86nLYuLo https://t.co/gAHOi7fPrZ,Positive,84.3125,general,general,,Twitter
Dallas6,Corporate,32.8740567,-96.771404,9100 N Central Expressway Suite 105,75231,Fri Oct 21 13:25:08 +0000 2016,RT @ATT: Get a sweet deal on the new iPhone 7 when you switch to AT&amp;T and have DIRECTV. https://t.co/TQVeUkmeZ6 https://t.co/zfZmNpe8AP,Positive,98.0584,directv,general,,Twitter
Dallas6,Corporate,32.8740567,-96.771404,9100 N Central Expressway Suite 105,75231,Fri Oct 21 13:14:12 +0000 2016,RT @ATT: Welcome to the team! @taylorswift13 https://t.co/4h86nLYuLo https://t.co/gAHOi7fPrZ,Positive,84.3125,general,general,,Twitter
Dallas6,Corporate,32.8740567,-96.771404,9100 N Central Expressway Suite 105,75231,Fri Oct 21 11:44:12 +0000 2016,RT @ATT: Welcome to the team! @taylorswift13 https://t.co/4h86nLYuLo https://t.co/gAHOi7fPrZ,Positive,84.3125,general,general,,Twitter
Dallas6,Corporate,32.8740567,-96.771404,9100 N Central Expressway Suite 105,75231,Fri Oct 21 11:43:07 +0000 2016,RT @ATT: Welcome to the team! @taylorswift13 https://t.co/4h86nLYuLo https://t.co/gAHOi7fPrZ,Positive,84.3125,general,general,,Twitter
Dallas6,Corporate,32.8740567,-96.771404,9100 N Central Expressway Suite 105,75231,Fri Oct 21 11:28:51 +0000 2016,"@dallasnews @Hearts_Science @ATT @mitchschnurman I AGREE WITH THIS ONLINE,  BUT EVERY  ONE  NEEDS  HIGH  SPEED INTERNET NOW",Negative,63.2234,general,general,,Twitter
Dallas6,Corporate,32.8740567,-96.771404,9100 N Central Expressway Suite 105,75231,Fri Oct 21 11:06:55 +0000 2016,"Dallas-based @ATT, TimeWarner (@twxcorp) discussed a takeover in recent weeks https://t.co/oHHLVaAY0m  $twx $t https://t.co/ZDXbzw9cd9",Neutral,57.9360,general,general,,Twitter
Dallas6,Corporate,32.8740567,-96.771404,9100 N Central Expressway Suite 105,75231,Fri Oct 21 10:55:02 +0000 2016,RT @ATT: Who made you a college 🏈 fan? Share with #MadeMeAFanContest for a chance to win. Rules https://t.co/hU3I3wFn5V https://t.co/xZbxUJ…,Positive,88.9294,general,general,,Twitter
Dallas6,Corporate,32.8740567,-96.771404,9100 N Central Expressway Suite 105,75231,Fri Oct 21 10:48:38 +0000 2016,RT @ATT: Get a sweet deal on the new iPhone 7 when you switch to AT&amp;T and have DIRECTV. https://t.co/TQVeUkmeZ6 https://t.co/zfZmNpe8AP,Positive,98.0584,directv,general,,Twitter
Dallas6,Corporate,32.8740567,-96.771404,9100 N Central Expressway Suite 105,75231,Fri Oct 21 10:14:50 +0000 2016,RT @ATT: Welcome to the team! @taylorswift13 https://t.co/4h86nLYuLo https://t.co/gAHOi7fPrZ,Positive,84.3125,general,general,,Twitter
Dallas6,Corporate,32.8740567,-96.771404,9100 N Central Expressway Suite 105,75231,Fri Oct 21 10:13:50 +0000 2016,RT @ATT: Welcome to the team! @taylorswift13 https://t.co/4h86nLYuLo https://t.co/gAHOi7fPrZ,Positive,84.3125,general,general,,Twitter
Dallas6,Corporate,32.8740567,-96.771404,9100 N Central Expressway Suite 105,75231,Fri Oct 21 09:12:56 +0000 2016,RT @ATT: Who made you a college 🏈 fan? Share with #MadeMeAFanContest for a chance to win. Rules https://t.co/hU3I3wFn5V https://t.co/xZbxUJ…,Positive,88.9294,general,general,,Twitter
Dallas6,Corporate,32.8740567,-96.771404,9100 N Central Expressway Suite 105,75231,Fri Oct 21 07:44:42 +0000 2016,RT @rjohnson1911: Wow DMs but not call to resolve and offer @sprintcare ...I am disappointed...@ATTCares has already reached out to me! #sp…,Negative,71.6491,general,general,,Twitter
Dallas6,Corporate,32.8740567,-96.771404,9100 N Central Expressway Suite 105,75231,Fri Oct 21 07:19:26 +0000 2016,RT @ATT: Get a sweet deal on the new iPhone 7 when you switch to AT&amp;T and have DIRECTV. https://t.co/TQVeUkmeZ6 https://t.co/zfZmNpe8AP,Positive,98.0584,directv,general,,Twitter
Dallas6,Corporate,32.8740567,-96.771404,9100 N Central Expressway Suite 105,75231,Fri Oct 21 05:46:20 +0000 2016,RT @ATT: Welcome to the team! @taylorswift13 https://t.co/4h86nLYuLo https://t.co/gAHOi7fPrZ,Positive,84.3125,general,general,,Twitter
Dallas6,Corporate,32.8740567,-96.771404,9100 N Central Expressway Suite 105,75231,Fri Oct 21 04:54:14 +0000 2016,RT @ATT: Welcome to the team! @taylorswift13 https://t.co/4h86nLYuLo https://t.co/gAHOi7fPrZ,Positive,84.3125,general,general,,Twitter
Dallas6,Corporate,32.8740567,-96.771404,9100 N Central Expressway Suite 105,75231,Fri Oct 21 04:44:01 +0000 2016,RT @ATT: RT if you’ll be doing the time warp with Frank N. Furter and the gang tonight during @RockyHorrorFOX at 8/7 on @FOXTV. #RockyHorro…,Positive,65.1636,general,general,,Twitter
Dallas6,Corporate,32.8740567,-96.771404,9100 N Central Expressway Suite 105,75231,Fri Oct 21 04:42:11 +0000 2016,RT @ATT: Welcome to the team! @taylorswift13 https://t.co/4h86nLYuLo https://t.co/gAHOi7fPrZ,Positive,84.3125,general,general,,Twitter
Dallas6,Corporate,32.8740567,-96.771404,9100 N Central Expressway Suite 105,75231,Fri Oct 21 04:24:30 +0000 2016,RT @Uverse: RT if you're on your feet doing the time warp! It's just a jump to the left. #RockyHorror,Negative,93.2312,uverse,general,,Twitter
Dallas6,Corporate,32.8740567,-96.771404,9100 N Central Expressway Suite 105,75231,Fri Oct 21 04:18:06 +0000 2016,RT @ATT: Who made you a college 🏈 fan? Share with #MadeMeAFanContest for a chance to win. Rules https://t.co/hU3I3wFn5V https://t.co/xZbxUJ…,Positive,88.9294,general,general,,Twitter
Dallas6,Corporate,32.8740567,-96.771404,9100 N Central Expressway Suite 105,75231,Fri Oct 21 04:16:16 +0000 2016,RT @ATT: RT if you’ll be doing the time warp with Frank N. Furter and the gang tonight during @RockyHorrorFOX at 8/7 on @FOXTV. #RockyHorro…,Positive,65.1636,general,general,,Twitter
Dallas6,Corporate,32.8740567,-96.771404,9100 N Central Expressway Suite 105,75231,Fri Oct 21 04:11:14 +0000 2016,RT @ATT: Who made you a college 🏈 fan? Share with #MadeMeAFanContest for a chance to win. Rules https://t.co/hU3I3wFn5V https://t.co/xZbxUJ…,Positive,88.9294,general,general,,Twitter
Dallas6,Corporate,32.8740567,-96.771404,9100 N Central Expressway Suite 105,75231,Fri Oct 21 03:46:50 +0000 2016,RT @ATT: Get a sweet deal on the new iPhone 7 when you switch to AT&amp;T and have DIRECTV. https://t.co/TQVeUkmeZ6 https://t.co/zfZmNpe8AP,Positive,98.0584,directv,general,,Twitter
Dallas6,Corporate,32.8740567,-96.771404,9100 N Central Expressway Suite 105,75231,Fri Oct 21 03:43:53 +0000 2016,RT @ATT: RT if you’ll be doing the time warp with Frank N. Furter and the gang tonight during @RockyHorrorFOX at 8/7 on @FOXTV. #RockyHorro…,Positive,65.1636,general,general,,Twitter
Dallas6,Corporate,32.8740567,-96.771404,9100 N Central Expressway Suite 105,75231,Fri Oct 21 03:38:33 +0000 2016,RT @ATT: Welcome to the team! @taylorswift13 https://t.co/4h86nLYuLo https://t.co/gAHOi7fPrZ,Positive,84.3125,general,general,,Twitter
Dallas6,Corporate,32.8740567,-96.771404,9100 N Central Expressway Suite 105,75231,Fri Oct 21 03:38:22 +0000 2016,RT @ATT: Get a sweet deal on the new iPhone 7 when you switch to AT&amp;T and have DIRECTV. https://t.co/TQVeUkmeZ6 https://t.co/zfZmNpe8AP,Positive,98.0584,directv,general,,Twitter
Dallas6,Corporate,32.8740567,-96.771404,9100 N Central Expressway Suite 105,75231,Fri Oct 21 03:27:47 +0000 2016,RT @StephBloom: So @ATT SUCKS! I have lost signal on my TV 27 TIMES in 24 hours!!!! I WANT TO TALK TO A REAL PERSON! #help,Negative,99.2211,general,general,,Twitter
Dallas6,Corporate,32.8740567,-96.771404,9100 N Central Expressway Suite 105,75231,Fri Oct 21 03:11:10 +0000 2016,RT @Uverse: Things are getting steamy on @RockyHorrorFox and we don't hate it. #RockyHorror 😏,Negative,63.9916,uverse,general,,Twitter
Dallas6,Corporate,32.8740567,-96.771404,9100 N Central Expressway Suite 105,75231,Fri Oct 21 03:10:14 +0000 2016,RT @StephBloom: So @ATT SUCKS! I have lost signal on my TV 27 TIMES in 24 hours!!!! I WANT TO TALK TO A REAL PERSON! #help,Negative,99.2211,general,general,,Twitter
Dallas6,Corporate,32.8740567,-96.771404,9100 N Central Expressway Suite 105,75231,Fri Oct 21 02:51:03 +0000 2016,RT @ATT: RT if you’ll be doing the time warp with Frank N. Furter and the gang tonight during @RockyHorrorFOX at 8/7 on @FOXTV. #RockyHorro…,Positive,65.1636,general,general,,Twitter
Dallas6,Corporate,32.8740567,-96.771404,9100 N Central Expressway Suite 105,75231,Fri Oct 21 02:50:46 +0000 2016,RT @Uverse: Things are getting steamy on @RockyHorrorFox and we don't hate it. #RockyHorror 😏,Negative,63.9916,uverse,general,,Twitter
Dallas6,Corporate,32.8740567,-96.771404,9100 N Central Expressway Suite 105,75231,Fri Oct 21 02:45:46 +0000 2016,RT @ATT: Welcome to the team! @taylorswift13 https://t.co/4h86nLYuLo https://t.co/gAHOi7fPrZ,Positive,84.3125,general,general,,Twitter
Dallas6,Corporate,32.8740567,-96.771404,9100 N Central Expressway Suite 105,75231,Fri Oct 21 02:30:53 +0000 2016,So @ATT SUCKS! I have lost signal on my TV 27 TIMES in 24 hours!!!! I WANT TO TALK TO A REAL PERSON! #help,Negative,99.2211,general,general,,Twitter
Dallas6,Corporate,32.8740567,-96.771404,9100 N Central Expressway Suite 105,75231,Fri Oct 21 02:15:54 +0000 2016,RT @ATT: Welcome to the team! @taylorswift13 https://t.co/4h86nLYuLo https://t.co/gAHOi7fPrZ,Positive,84.3125,general,general,,Twitter
Dallas6,Corporate,32.8740567,-96.771404,9100 N Central Expressway Suite 105,75231,Fri Oct 21 02:00:12 +0000 2016,RT @ATT: RT if you’ll be doing the time warp with Frank N. Furter and the gang tonight during @RockyHorrorFOX at 8/7 on @FOXTV. #RockyHorro…,Positive,65.1636,general,general,,Twitter
Dallas6,Corporate,32.8740567,-96.771404,9100 N Central Expressway Suite 105,75231,Fri Oct 21 01:58:55 +0000 2016,RT @Uverse: Nobody puts Riff Raff in the corner on @RockyHorrorFox #RockyHorror 😡,Neutral,50.1697,uverse,general,,Twitter
Dallas6,Corporate,32.8740567,-96.771404,9100 N Central Expressway Suite 105,75231,Fri Oct 21 01:57:24 +0000 2016,RT @Uverse: Nobody puts Riff Raff in the corner on @RockyHorrorFox #RockyHorror 😡,Neutral,50.1697,uverse,general,,Twitter
Dallas6,Corporate,32.8740567,-96.771404,9100 N Central Expressway Suite 105,75231,Fri Oct 21 01:43:36 +0000 2016,RT @ATT: Who made you a college 🏈 fan? Share with #MadeMeAFanContest for a chance to win. Rules https://t.co/hU3I3wFn5V https://t.co/xZbxUJ…,Positive,88.9294,general,general,,Twitter
