Dallas12,Authorized,32.836504,-96.771185,5618 E Mockingbird Lane,75206,Wed Oct 26 21:33:11 +0000 2016,RT @ATT: Get a sweet deal on the new iPhone 7 when you switch to AT&amp;T and have DIRECTV. https://t.co/JO08KrMKj7 https://t.co/tAcB2wPVFO,Positive,98.0584,directv,general,,Twitter
Dallas12,Authorized,32.836504,-96.771185,5618 E Mockingbird Lane,75206,Wed Oct 26 21:16:48 +0000 2016,RT @ATT: Welcome to the team! @taylorswift13 https://t.co/4h86nLYuLo https://t.co/gAHOi7fPrZ,Positive,84.3125,general,general,,Twitter
Dallas12,Authorized,32.836504,-96.771185,5618 E Mockingbird Lane,75206,Wed Oct 26 21:14:44 +0000 2016,RT @Uverse: Looking for a new trainer? Check out @JillianMichaels Fit Fusion TV: https://t.co/wHpiTE8VdG https://t.co/Os2SQH8UbG,Positive,84.1424,uverse,general,,Twitter
Dallas12,Authorized,32.836504,-96.771185,5618 E Mockingbird Lane,75206,Wed Oct 26 21:00:59 +0000 2016,RT @ATT: Get a sweet deal on the new iPhone 7 when you switch to AT&amp;T and have DIRECTV. https://t.co/JO08KrMKj7 https://t.co/tAcB2wPVFO,Positive,98.0584,directv,general,,Twitter
Dallas12,Authorized,32.836504,-96.771185,5618 E Mockingbird Lane,75206,Wed Oct 26 20:50:42 +0000 2016,"@ATTCares I spent 2 hours on phone with customer service. was escalated, just for them to tell me they can only reverse $300..",Negative,99.7066,general,general,,Twitter
Dallas12,Authorized,32.836504,-96.771185,5618 E Mockingbird Lane,75206,Wed Oct 26 20:44:13 +0000 2016,RT @Uverse: Looking for a new trainer? Check out @JillianMichaels Fit Fusion TV: https://t.co/wHpiTE8VdG https://t.co/Os2SQH8UbG,Positive,84.1424,uverse,general,,Twitter
Dallas12,Authorized,32.836504,-96.771185,5618 E Mockingbird Lane,75206,Wed Oct 26 20:39:14 +0000 2016,RT @ATT: Get a sweet deal on the new iPhone 7 when you switch to AT&amp;T and have DIRECTV. https://t.co/JO08KrMKj7 https://t.co/tAcB2wPVFO,Positive,98.0584,directv,general,,Twitter
Dallas12,Authorized,32.836504,-96.771185,5618 E Mockingbird Lane,75206,Wed Oct 26 20:36:25 +0000 2016,@ATTCares yes there is. It doesn't work for me. Eventually found a way hidden deep in the bowels of the website.,Negative,99.1627,general,general,,Twitter
Dallas12,Authorized,32.836504,-96.771185,5618 E Mockingbird Lane,75206,Wed Oct 26 20:28:06 +0000 2016,RT @ATT: Welcome to the team! @taylorswift13 https://t.co/4h86nLYuLo https://t.co/gAHOi7fPrZ,Positive,84.3125,general,general,,Twitter
Dallas12,Authorized,32.836504,-96.771185,5618 E Mockingbird Lane,75206,Wed Oct 26 20:25:13 +0000 2016,RT @ATT: Who made you a college 🏈 fan? Share with #MadeMeAFanContest for a chance to win. Rules https://t.co/hU3I3wFn5V https://t.co/seJBJK…,Positive,88.9294,general,general,,Twitter
Dallas12,Authorized,32.836504,-96.771185,5618 E Mockingbird Lane,75206,Wed Oct 26 20:20:46 +0000 2016,Watch #Periscope: @Uverse is getting on my nerves paying for 24mb and this is what i get. @verizonfios help please https://t.co/UwT1v02RDl,Negative,69.6186,uverse,general,,Twitter
Dallas12,Authorized,32.836504,-96.771185,5618 E Mockingbird Lane,75206,Wed Oct 26 20:20:44 +0000 2016,"@Snowden I guess @ATT  can do this in the interest of public safety.In a perfect world, ppl can worry less.hope ppl don't wrong n cops gud.",Positive,95.3650,general,general,,Twitter
Dallas12,Authorized,32.836504,-96.771185,5618 E Mockingbird Lane,75206,Wed Oct 26 20:20:26 +0000 2016,RT @Mike_Rawlings: This is a day of celebration. Special thanks to @PGATOUR and @ATT for helping bring @attbyronnelson to Dallas. https://t…,Positive,98.3168,general,general,,Twitter
Dallas12,Authorized,32.836504,-96.771185,5618 E Mockingbird Lane,75206,Wed Oct 26 20:19:21 +0000 2016,LIVE on #Periscope: @Uverse is getting on my nerves paying for 24mbps and this is what i get. @verizonfios help ple… https://t.co/Tj3BwSUQe7,Neutral,54.9521,uverse,general,,Twitter
Dallas12,Authorized,32.836504,-96.771185,5618 E Mockingbird Lane,75206,Wed Oct 26 20:18:44 +0000 2016,RT @tonyromo: I wanna thank @DIRECTV for allowing me to show off my true self.  ;)  embarrassing is an understatement http://t.co/F0NniFESlL,Negative,85.6134,directv,general,,Twitter
Dallas12,Authorized,32.836504,-96.771185,5618 E Mockingbird Lane,75206,Wed Oct 26 20:16:41 +0000 2016,Just got off the phone with an ATT rep @ATTCares more like #attdoesntcare about my service or desires to provide no service at all.,Negative,97.9514,general,general,,Twitter
Dallas12,Authorized,32.836504,-96.771185,5618 E Mockingbird Lane,75206,Wed Oct 26 20:04:34 +0000 2016,RT @Uverse: Looking for a new trainer? Check out @JillianMichaels Fit Fusion TV: https://t.co/wHpiTE8VdG https://t.co/Os2SQH8UbG,Positive,84.1424,uverse,general,,Twitter
Dallas12,Authorized,32.836504,-96.771185,5618 E Mockingbird Lane,75206,Wed Oct 26 19:57:33 +0000 2016,RT @Uverse: Looking for a new trainer? Check out @JillianMichaels Fit Fusion TV: https://t.co/wHpiTE8VdG https://t.co/Os2SQH8UbG,Positive,84.1424,uverse,general,,Twitter
Dallas12,Authorized,32.836504,-96.771185,5618 E Mockingbird Lane,75206,Wed Oct 26 19:57:32 +0000 2016,@jakepimental99 @YaShah97 @DevinRabeyHD @ATT We only have Band 4.,Negative,70.9602,general,general,,Twitter
Dallas12,Authorized,32.836504,-96.771185,5618 E Mockingbird Lane,75206,Wed Oct 26 19:56:06 +0000 2016,@jakepimental99 @YaShah97 @DevinRabeyHD @ATT We we're lucky to get one bar of 4G.,Positive,76.8807,general,general,,Twitter
Dallas12,Authorized,32.836504,-96.771185,5618 E Mockingbird Lane,75206,Wed Oct 26 19:55:49 +0000 2016,@YaShah97 @jakepimental99 @DevinRabeyHD @ATT Saw that lol,Neutral,53.1133,general,general,,Twitter
Dallas12,Authorized,32.836504,-96.771185,5618 E Mockingbird Lane,75206,Wed Oct 26 19:54:15 +0000 2016,@YaShah97 @jakepimental99 @DevinRabeyHD @ATT lol sprints average here is 3Mbps... https://t.co/1l1OMOM3F4,Neutral,56.2921,general,general,,Twitter
Dallas12,Authorized,32.836504,-96.771185,5618 E Mockingbird Lane,75206,Wed Oct 26 19:53:57 +0000 2016,RT @Uverse: Looking for a new trainer? Check out @JillianMichaels Fit Fusion TV: https://t.co/wHpiTE8VdG https://t.co/Os2SQH8UbG,Positive,84.1424,uverse,general,,Twitter
Dallas12,Authorized,32.836504,-96.771185,5618 E Mockingbird Lane,75206,Wed Oct 26 19:52:39 +0000 2016,@YaShah97 @DevinRabeyHD @jakepimental99 @ATT It all depends on what bandwidth channels are deployed on a tower.,Neutral,51.9144,general,general,,Twitter
Dallas12,Authorized,32.836504,-96.771185,5618 E Mockingbird Lane,75206,Wed Oct 26 19:51:02 +0000 2016,@YaShah97 @DevinRabeyHD @jakepimental99 @ATT Actually T-Mobile speeds are fantastic here. Coverage is what made me switch to AT&amp;T.,Positive,95.0247,general,general,,Twitter
Dallas12,Authorized,32.836504,-96.771185,5618 E Mockingbird Lane,75206,Wed Oct 26 19:48:48 +0000 2016,@DevinRabeyHD @YaShah97 @jakepimental99 @ATT here's AT&amp;T in the middle of nowhere... literally nowhere. https://t.co/a9WaCkfgki,Negative,93.1892,general,general,,Twitter
Dallas12,Authorized,32.836504,-96.771185,5618 E Mockingbird Lane,75206,Wed Oct 26 19:47:17 +0000 2016,RT @Uverse: Looking for a new trainer? Check out @JillianMichaels Fit Fusion TV: https://t.co/wHpiTE8VdG https://t.co/Os2SQH8UbG,Positive,84.1424,uverse,general,,Twitter
Dallas12,Authorized,32.836504,-96.771185,5618 E Mockingbird Lane,75206,Wed Oct 26 19:47:02 +0000 2016,RT @Uverse: Looking for a new trainer? Check out @JillianMichaels Fit Fusion TV: https://t.co/wHpiTE8VdG https://t.co/Os2SQH8UbG,Positive,84.1424,uverse,general,,Twitter
Dallas12,Authorized,32.836504,-96.771185,5618 E Mockingbird Lane,75206,Wed Oct 26 19:45:26 +0000 2016,RT @ATT: Get a sweet deal on the new iPhone 7 when you switch to AT&amp;T and have DIRECTV. https://t.co/JO08KrMKj7 https://t.co/tAcB2wPVFO,Positive,98.0584,directv,general,,Twitter
Dallas12,Authorized,32.836504,-96.771185,5618 E Mockingbird Lane,75206,Wed Oct 26 19:43:36 +0000 2016,RT @Uverse: Looking for a new trainer? Check out @JillianMichaels Fit Fusion TV: https://t.co/wHpiTE8VdG https://t.co/Os2SQH8UbG,Positive,84.1424,uverse,general,,Twitter
Dallas12,Authorized,32.836504,-96.771185,5618 E Mockingbird Lane,75206,Wed Oct 26 19:37:36 +0000 2016,RT @ATT: Get a sweet deal on the new iPhone 7 when you switch to AT&amp;T and have DIRECTV. https://t.co/JO08KrMKj7 https://t.co/tAcB2wPVFO,Positive,98.0584,directv,general,,Twitter
Dallas12,Authorized,32.836504,-96.771185,5618 E Mockingbird Lane,75206,Wed Oct 26 19:33:55 +0000 2016,RT @Uverse: Looking for a new trainer? Check out @JillianMichaels Fit Fusion TV: https://t.co/wHpiTE8VdG https://t.co/Os2SQH8UbG,Positive,84.1424,uverse,general,,Twitter
Dallas12,Authorized,32.836504,-96.771185,5618 E Mockingbird Lane,75206,Wed Oct 26 19:33:35 +0000 2016,Stay connected with an @att GoPhone and $45 refill card #giveaway from @cutenlittle!  #ATTGoPhone #ad https://t.co/DH7sS5lv4v,Neutral,57.7773,general,general,,Twitter
Dallas12,Authorized,32.836504,-96.771185,5618 E Mockingbird Lane,75206,Wed Oct 26 19:31:41 +0000 2016,RT @Uverse: Looking for a new trainer? Check out @JillianMichaels Fit Fusion TV: https://t.co/wHpiTE8VdG https://t.co/Os2SQH8UbG,Positive,84.1424,uverse,general,,Twitter
Dallas12,Authorized,32.836504,-96.771185,5618 E Mockingbird Lane,75206,Wed Oct 26 19:20:21 +0000 2016,RT @ATT: Get a sweet deal on the new iPhone 7 when you switch to AT&amp;T and have DIRECTV. https://t.co/JO08KrMKj7 https://t.co/tAcB2wPVFO,Positive,98.0584,directv,general,,Twitter
Dallas12,Authorized,32.836504,-96.771185,5618 E Mockingbird Lane,75206,Wed Oct 26 19:14:37 +0000 2016,"@ATT i've never asked for a single bill to be reversed. I will be cancelling my service, which you've ben making $2600/year off of me...",Negative,62.5958,general,general,,Twitter
Dallas12,Authorized,32.836504,-96.771185,5618 E Mockingbird Lane,75206,Wed Oct 26 19:11:07 +0000 2016,"Ive been a customer with @ATT for years, had same cell phone number since I was 12. I pay about $220/month on average every month..",Negative,85.1877,general,general,,Twitter
Dallas12,Authorized,32.836504,-96.771185,5618 E Mockingbird Lane,75206,Wed Oct 26 19:10:12 +0000 2016,@ATT charged me $844.06 for last month's cell phone bill. I've done nothing different as far as apps/data usage... Im switching to @verizon,Negative,92.5754,general,general,,Twitter
Dallas12,Authorized,32.836504,-96.771185,5618 E Mockingbird Lane,75206,Wed Oct 26 19:08:07 +0000 2016,@ATT no one wants to talk to a virtual customer service agent! I need humans to converse with!,Negative,74.4379,general,general,,Twitter
Dallas12,Authorized,32.836504,-96.771185,5618 E Mockingbird Lane,75206,Wed Oct 26 19:07:22 +0000 2016,RT @ATT: Welcome to the team! @taylorswift13 https://t.co/4h86nLYuLo https://t.co/gAHOi7fPrZ,Positive,84.3125,general,general,,Twitter
Dallas12,Authorized,32.836504,-96.771185,5618 E Mockingbird Lane,75206,Wed Oct 26 18:59:57 +0000 2016,RT @ATT: Get a sweet deal on the new iPhone 7 when you switch to AT&amp;T and have DIRECTV. https://t.co/JO08KrMKj7 https://t.co/tAcB2wPVFO,Positive,98.0584,directv,general,,Twitter
Dallas12,Authorized,32.836504,-96.771185,5618 E Mockingbird Lane,75206,Wed Oct 26 18:53:54 +0000 2016,RT @ATT: Welcome to the team! @taylorswift13 https://t.co/4h86nLYuLo https://t.co/gAHOi7fPrZ,Positive,84.3125,general,general,,Twitter
Dallas12,Authorized,32.836504,-96.771185,5618 E Mockingbird Lane,75206,Wed Oct 26 18:52:59 +0000 2016,RT @ATT: Get a sweet deal on the new iPhone 7 when you switch to AT&amp;T and have DIRECTV. https://t.co/JO08KrMKj7 https://t.co/tAcB2wPVFO,Positive,98.0584,directv,general,,Twitter
Dallas12,Authorized,32.836504,-96.771185,5618 E Mockingbird Lane,75206,Wed Oct 26 18:47:40 +0000 2016,RT @ATT: Get a sweet deal on the new iPhone 7 when you switch to AT&amp;T and have DIRECTV. https://t.co/JO08KrMKj7 https://t.co/tAcB2wPVFO,Positive,98.0584,directv,general,,Twitter
Dallas12,Authorized,32.836504,-96.771185,5618 E Mockingbird Lane,75206,Wed Oct 26 18:44:45 +0000 2016,RT @ATT: Welcome to the team! @taylorswift13 https://t.co/4h86nLYuLo https://t.co/gAHOi7fPrZ,Positive,84.3125,general,general,,Twitter
Dallas12,Authorized,32.836504,-96.771185,5618 E Mockingbird Lane,75206,Wed Oct 26 18:38:04 +0000 2016,RT @ATT: Who made you a college 🏈 fan? Share with #MadeMeAFanContest for a chance to win. Rules https://t.co/hU3I3wFn5V https://t.co/seJBJK…,Positive,88.9294,general,general,,Twitter
Dallas12,Authorized,32.836504,-96.771185,5618 E Mockingbird Lane,75206,Wed Oct 26 18:37:54 +0000 2016,RT @ATT: Get a sweet deal on the new iPhone 7 when you switch to AT&amp;T and have DIRECTV. https://t.co/JO08KrMKj7 https://t.co/tAcB2wPVFO,Positive,98.0584,directv,general,,Twitter
Dallas12,Authorized,32.836504,-96.771185,5618 E Mockingbird Lane,75206,Wed Oct 26 18:33:54 +0000 2016,RT @ATT: Get a sweet deal on the new iPhone 7 when you switch to AT&amp;T and have DIRECTV. https://t.co/JO08KrMKj7 https://t.co/tAcB2wPVFO,Positive,98.0584,directv,general,,Twitter
Dallas12,Authorized,32.836504,-96.771185,5618 E Mockingbird Lane,75206,Wed Oct 26 18:31:35 +0000 2016,RT @ATT: Who made you a college 🏈 fan? Share with #MadeMeAFanContest for a chance to win. Rules https://t.co/hU3I3wFn5V https://t.co/seJBJK…,Positive,88.9294,general,general,,Twitter
Dallas12,Authorized,32.836504,-96.771185,5618 E Mockingbird Lane,75206,Wed Oct 26 18:29:54 +0000 2016,RT @ATT: Welcome to the team! @taylorswift13 https://t.co/4h86nLYuLo https://t.co/gAHOi7fPrZ,Positive,84.3125,general,general,,Twitter
Dallas12,Authorized,32.836504,-96.771185,5618 E Mockingbird Lane,75206,Wed Oct 26 18:24:49 +0000 2016,"RT @JarrettRush: @AnnaLDavis1 @ATT @YourAnonNews From your lips to God's ears, says the AT&amp;T C-suite.",Neutral,51.4025,general,general,,Twitter
Dallas12,Authorized,32.836504,-96.771185,5618 E Mockingbird Lane,75206,Wed Oct 26 18:23:47 +0000 2016,RT @ATT: Who made you a college 🏈 fan? Share with #MadeMeAFanContest for a chance to win. Rules https://t.co/hU3I3wFn5V https://t.co/seJBJK…,Positive,88.9294,general,general,,Twitter
Dallas12,Authorized,32.836504,-96.771185,5618 E Mockingbird Lane,75206,Wed Oct 26 18:22:06 +0000 2016,RT @Mike_Rawlings: This is a day of celebration. Special thanks to @PGATOUR and @ATT for helping bring @attbyronnelson to Dallas. https://t…,Positive,98.3168,general,general,,Twitter
Dallas12,Authorized,32.836504,-96.771185,5618 E Mockingbird Lane,75206,Wed Oct 26 18:21:31 +0000 2016,"@AnnaLDavis1 @ATT @YourAnonNews From your lips to God's ears, says the AT&amp;T C-suite.",Neutral,51.4025,general,general,,Twitter
Dallas12,Authorized,32.836504,-96.771185,5618 E Mockingbird Lane,75206,Wed Oct 26 18:17:06 +0000 2016,RT @ATT: @ts6swift Not necessarily.  We’ll be giving away lots of tickets to Taylor fans including AT&amp;T customers and special guests.,Positive,68.3177,general,general,,Twitter
Dallas12,Authorized,32.836504,-96.771185,5618 E Mockingbird Lane,75206,Wed Oct 26 18:16:47 +0000 2016,"RT @ATT: @AdalineTarver It's a special, invitation-only concert. We’ll share ticketing details later. Follow AT&amp;T + Taylor Nation for the l…",Positive,99.0894,general,general,,Twitter
Dallas12,Authorized,32.836504,-96.771185,5618 E Mockingbird Lane,75206,Wed Oct 26 18:15:58 +0000 2016,RT @ATT: Get a sweet deal on the new iPhone 7 when you switch to AT&amp;T and have DIRECTV. https://t.co/JO08KrMKj7 https://t.co/tAcB2wPVFO,Positive,98.0584,directv,general,,Twitter
Dallas12,Authorized,32.836504,-96.771185,5618 E Mockingbird Lane,75206,Wed Oct 26 18:15:22 +0000 2016,RT @ATT: Welcome to the team! @taylorswift13 https://t.co/4h86nLYuLo https://t.co/gAHOi7fPrZ,Positive,84.3125,general,general,,Twitter
Dallas12,Authorized,32.836504,-96.771185,5618 E Mockingbird Lane,75206,Wed Oct 26 18:14:41 +0000 2016,RT @HisGirlHildy: Agree @ATT's #RandallStephenson is a 'southern gentleman' like @DaveLieber says? I've heard mostly good. @JimZarroli http…,Neutral,55.5778,general,general,,Twitter
Dallas12,Authorized,32.836504,-96.771185,5618 E Mockingbird Lane,75206,Wed Oct 26 18:14:24 +0000 2016,"A #bitcoin powered server, #TimeWarner AND #Hemisphere? What's next @ATT, total world domination? #ATT… https://t.co/KqCO6E98um",Negative,69.0659,general,general,,Twitter
Dallas12,Authorized,32.836504,-96.771185,5618 E Mockingbird Lane,75206,Wed Oct 26 18:10:49 +0000 2016,RT @ATT: Welcome to the team! @taylorswift13 https://t.co/4h86nLYuLo https://t.co/gAHOi7fPrZ,Positive,84.3125,general,general,,Twitter
Dallas12,Authorized,32.836504,-96.771185,5618 E Mockingbird Lane,75206,Wed Oct 26 18:01:10 +0000 2016,RT @Mike_Rawlings: This is a day of celebration. Special thanks to @PGATOUR and @ATT for helping bring @attbyronnelson to Dallas. https://t…,Positive,98.3168,general,general,,Twitter
Dallas12,Authorized,32.836504,-96.771185,5618 E Mockingbird Lane,75206,Wed Oct 26 17:53:13 +0000 2016,RT @Mike_Rawlings: This is a day of celebration. Special thanks to @PGATOUR and @ATT for helping bring @attbyronnelson to Dallas. https://t…,Positive,98.3168,general,general,,Twitter
Dallas12,Authorized,32.836504,-96.771185,5618 E Mockingbird Lane,75206,Wed Oct 26 17:52:07 +0000 2016,RT @Mike_Rawlings: This is a day of celebration. Special thanks to @PGATOUR and @ATT for helping bring @attbyronnelson to Dallas. https://t…,Positive,98.3168,general,general,,Twitter
Dallas12,Authorized,32.836504,-96.771185,5618 E Mockingbird Lane,75206,Wed Oct 26 17:50:55 +0000 2016,RT @Mike_Rawlings: This is a day of celebration. Special thanks to @PGATOUR and @ATT for helping bring @attbyronnelson to Dallas. https://t…,Positive,98.3168,general,general,,Twitter
Dallas12,Authorized,32.836504,-96.771185,5618 E Mockingbird Lane,75206,Wed Oct 26 17:48:19 +0000 2016,RT @Mike_Rawlings: This is a day of celebration. Special thanks to @PGATOUR and @ATT for helping bring @attbyronnelson to Dallas. https://t…,Positive,98.3168,general,general,,Twitter
Dallas12,Authorized,32.836504,-96.771185,5618 E Mockingbird Lane,75206,Wed Oct 26 17:47:27 +0000 2016,This is a day of celebration. Special thanks to @PGATOUR and @ATT for helping bring @attbyronnelson to Dallas. https://t.co/46atECppNd,Positive,98.3168,general,general,,Twitter
Dallas12,Authorized,32.836504,-96.771185,5618 E Mockingbird Lane,75206,Wed Oct 26 17:21:58 +0000 2016,RT @ATT: Who made you a college 🏈 fan? Share with #MadeMeAFanContest for a chance to win. Rules https://t.co/hU3I3wFn5V https://t.co/seJBJK…,Positive,88.9294,general,general,,Twitter
Dallas12,Authorized,32.836504,-96.771185,5618 E Mockingbird Lane,75206,Wed Oct 26 17:20:20 +0000 2016,RT @ATT: Who made you a college 🏈 fan? Share with #MadeMeAFanContest for a chance to win. Rules https://t.co/hU3I3wFn5V https://t.co/seJBJK…,Positive,88.9294,general,general,,Twitter
Dallas12,Authorized,32.836504,-96.771185,5618 E Mockingbird Lane,75206,Wed Oct 26 17:20:16 +0000 2016,RT @ATT: Welcome to the team! @taylorswift13 https://t.co/4h86nLYuLo https://t.co/gAHOi7fPrZ,Positive,84.3125,general,general,,Twitter
Dallas12,Authorized,32.836504,-96.771185,5618 E Mockingbird Lane,75206,Wed Oct 26 17:01:23 +0000 2016,RT @ATT: Another reason to smile for the camera. The #LGV20 from @LGUSAMobile will be available in stores starting today. https://t.co/TILu…,Positive,86.0616,general,general,,Twitter
Dallas12,Authorized,32.836504,-96.771185,5618 E Mockingbird Lane,75206,Wed Oct 26 16:59:30 +0000 2016,"RT @ATT: Mother Nature is unpredictable, so we rely on our Network Disaster Recovery team to connect you when you need it most. https://t.c…",Positive,77.2863,general,general,,Twitter
Dallas12,Authorized,32.836504,-96.771185,5618 E Mockingbird Lane,75206,Wed Oct 26 16:57:11 +0000 2016,"RT @ATT: Some people may wait a lifetime, but you don't have to. On 11/2-3, AT&amp;T customers can buy @kelly_clarkson tix early. https://t.co/…",Neutral,60.4188,general,general,,Twitter
Dallas12,Authorized,32.836504,-96.771185,5618 E Mockingbird Lane,75206,Wed Oct 26 16:43:59 +0000 2016,RT @ATT: .@BinghamDb and @indicowie go undercover at an @MLS game…and you just have to watch the rest: https://t.co/fGvGIRRfFj https://t.co…,Negative,74.0062,general,general,,Twitter
Dallas12,Authorized,32.836504,-96.771185,5618 E Mockingbird Lane,75206,Wed Oct 26 16:43:17 +0000 2016,"RT @attJOBS: Our colleagues in Europe, the Middle East &amp; Asia are spreading the @ATT Aspire mission around the globe: https://t.co/ypGzlddr…",Positive,86.8800,general,general,,Twitter
Dallas12,Authorized,32.836504,-96.771185,5618 E Mockingbird Lane,75206,Wed Oct 26 16:39:56 +0000 2016,RT @ATT: AT&amp;T #Fiber - The future of the internet is now! Starting with a 1000 Mbps connection. https://t.co/Rw8zxmVDRY,Positive,84.1944,fiber,general,,Twitter
Dallas12,Authorized,32.836504,-96.771185,5618 E Mockingbird Lane,75206,Wed Oct 26 16:29:35 +0000 2016,RT @ATT: Who made you a college 🏈 fan? Share with #MadeMeAFanContest for a chance to win. Rules https://t.co/hU3I3wFn5V https://t.co/seJBJK…,Positive,88.9294,general,general,,Twitter
Dallas12,Authorized,32.836504,-96.771185,5618 E Mockingbird Lane,75206,Wed Oct 26 16:18:36 +0000 2016,RT @ATT: Welcome to the team! @taylorswift13 https://t.co/4h86nLYuLo https://t.co/gAHOi7fPrZ,Positive,84.3125,general,general,,Twitter
Dallas12,Authorized,32.836504,-96.771185,5618 E Mockingbird Lane,75206,Wed Oct 26 16:17:19 +0000 2016,@ATTCares I still need help - I'm just so busy and it's hard to have to take time to stop being awesome and fix y'alls negatives. Sorry,Negative,69.8788,general,general,,Twitter
Dallas12,Authorized,32.836504,-96.771185,5618 E Mockingbird Lane,75206,Wed Oct 26 16:12:20 +0000 2016,RT @ATT: Welcome to the team! @taylorswift13 https://t.co/4h86nLYuLo https://t.co/gAHOi7fPrZ,Positive,84.3125,general,general,,Twitter
Dallas12,Authorized,32.836504,-96.771185,5618 E Mockingbird Lane,75206,Wed Oct 26 16:11:51 +0000 2016,RT @ATT: Welcome to the team! @taylorswift13 https://t.co/4h86nLYuLo https://t.co/gAHOi7fPrZ,Positive,84.3125,general,general,,Twitter
Dallas12,Authorized,32.836504,-96.771185,5618 E Mockingbird Lane,75206,Wed Oct 26 16:06:53 +0000 2016,RT @ATT: Welcome to the team! @taylorswift13 https://t.co/4h86nLYuLo https://t.co/gAHOi7fPrZ,Positive,84.3125,general,general,,Twitter
Dallas12,Authorized,32.836504,-96.771185,5618 E Mockingbird Lane,75206,Wed Oct 26 15:49:41 +0000 2016,RT @ATT: Welcome to the team! @taylorswift13 https://t.co/4h86nLYuLo https://t.co/gAHOi7fPrZ,Positive,84.3125,general,general,,Twitter
Dallas12,Authorized,32.836504,-96.771185,5618 E Mockingbird Lane,75206,Wed Oct 26 15:06:29 +0000 2016,RT @ATT: Welcome to the team! @taylorswift13 https://t.co/4h86nLYuLo https://t.co/gAHOi7fPrZ,Positive,84.3125,general,general,,Twitter
Dallas12,Authorized,32.836504,-96.771185,5618 E Mockingbird Lane,75206,Wed Oct 26 14:59:50 +0000 2016,Heading to vote early with my @ATT coworker! HQ is right by a voting place. #lifeatATT https://t.co/8zchRMkDG3,Positive,80.5649,general,general,,Twitter
Dallas12,Authorized,32.836504,-96.771185,5618 E Mockingbird Lane,75206,Wed Oct 26 14:59:40 +0000 2016,Just another day in the office. @JordanSpieth joins the @ATT Aspire  Accelerator presentations showcasing innovativ… https://t.co/KO1FM9rvPd,Negative,95.6118,general,general,,Twitter
Dallas12,Authorized,32.836504,-96.771185,5618 E Mockingbird Lane,75206,Wed Oct 26 14:58:46 +0000 2016,@ATTCares like that thought never crossed my mind.,Neutral,58.1997,general,general,,Twitter
Dallas12,Authorized,32.836504,-96.771185,5618 E Mockingbird Lane,75206,Wed Oct 26 14:57:28 +0000 2016,Agree @ATT's #RandallStephenson is a 'southern gentleman' like @DaveLieber says? I've heard mostly good. @JimZarroli https://t.co/8MlQugMyQ3,Neutral,55.5778,general,general,,Twitter
Dallas12,Authorized,32.836504,-96.771185,5618 E Mockingbird Lane,75206,Wed Oct 26 14:36:30 +0000 2016,How to talk about the @ATT-@twxcorp deal like an insider https://t.co/BS8al09DpH | @Melissa_Repko https://t.co/r69KlkAmBl,Neutral,60.7870,general,general,,Twitter
Dallas12,Authorized,32.836504,-96.771185,5618 E Mockingbird Lane,75206,Wed Oct 26 14:34:17 +0000 2016,"Hey @ATT appreciate being on hold for 39 minutes now waiting to talk about my ""rewards"" I am supposed to get.",Neutral,57.4925,general,general,,Twitter
Dallas12,Authorized,32.836504,-96.771185,5618 E Mockingbird Lane,75206,Wed Oct 26 14:27:28 +0000 2016,RT @ATT: Welcome to the team! @taylorswift13 https://t.co/4h86nLYuLo https://t.co/gAHOi7fPrZ,Positive,84.3125,general,general,,Twitter
Dallas12,Authorized,32.836504,-96.771185,5618 E Mockingbird Lane,75206,Wed Oct 26 14:22:50 +0000 2016,RT @ATT: Welcome to the team! @taylorswift13 https://t.co/4h86nLYuLo https://t.co/gAHOi7fPrZ,Positive,84.3125,general,general,,Twitter
Dallas12,Authorized,32.836504,-96.771185,5618 E Mockingbird Lane,75206,Wed Oct 26 14:03:56 +0000 2016,RT @ATT: Welcome to the team! @taylorswift13 https://t.co/4h86nLYuLo https://t.co/gAHOi7fPrZ,Positive,84.3125,general,general,,Twitter
Dallas12,Authorized,32.836504,-96.771185,5618 E Mockingbird Lane,75206,Wed Oct 26 14:03:41 +0000 2016,Received my notice @Uverse will stop charging me a premium to opt out of their domestic spying/ad program.  Just in time for Time Warner/FTC,Neutral,57.2458,uverse,general,,Twitter
Dallas12,Authorized,32.836504,-96.771185,5618 E Mockingbird Lane,75206,Wed Oct 26 13:20:26 +0000 2016,This shouldn't surprise ANYONE. @att has done lots of shitty things for profit. AT&amp;T Spied on Americans For Profit https://t.co/1RY0iaghgZ,Negative,62.7926,general,general,,Twitter
Dallas12,Authorized,32.836504,-96.771185,5618 E Mockingbird Lane,75206,Wed Oct 26 12:47:18 +0000 2016,RT @ATT: Welcome to the team! @taylorswift13 https://t.co/4h86nLYuLo https://t.co/gAHOi7fPrZ,Positive,84.3125,general,general,,Twitter
Dallas12,Authorized,32.836504,-96.771185,5618 E Mockingbird Lane,75206,Wed Oct 26 12:44:19 +0000 2016,RT @ATT: Welcome to the team! @taylorswift13 https://t.co/4h86nLYuLo https://t.co/gAHOi7fPrZ,Positive,84.3125,general,general,,Twitter
Dallas12,Authorized,32.836504,-96.771185,5618 E Mockingbird Lane,75206,Wed Oct 26 12:41:54 +0000 2016,@BostonSugarBear @Lawssenhop @Snowden @ATT always a good idea to stay away from peeps on terrorist watch lists. Like journalists &amp; such. ;-),Neutral,57.6604,general,general,,Twitter
