Dallas4,Corporate,32.8685017,-96.7757012,8687 N Central Expressway Suite 2340,75225,Wed Oct 26 22:34:45 +0000 2016,RT @DallasBizNews: Been wondering what DirecTV Now will cost you? We have your answer: https://t.co/9kr2EJGUKw,Negative,68.5856,directv,general,,Twitter
Dallas4,Corporate,32.8685017,-96.7757012,8687 N Central Expressway Suite 2340,75225,Wed Oct 26 22:32:54 +0000 2016,PETITION: Stop the @ATT-@twxcorp merger! https://t.co/SygwvpZCf1 via @demandprogress #NoMoreMergers,Neutral,60.3881,general,general,,Twitter
Dallas4,Corporate,32.8685017,-96.7757012,8687 N Central Expressway Suite 2340,75225,Wed Oct 26 22:24:52 +0000 2016,DallasBizNews: Been wondering what DirecTV Now will cost you? We have your answer: https://t.co/oCIzhc911N,Negative,68.5856,directv,general,,Twitter
Dallas4,Corporate,32.8685017,-96.7757012,8687 N Central Expressway Suite 2340,75225,Wed Oct 26 22:24:42 +0000 2016,"@Fixxxer92 Thanks for bringing something this serious to our attention, Richard. We are investigating this and will take appropriate action.",Positive,89.3187,general,general,,Twitter
Dallas4,Corporate,32.8685017,-96.7757012,8687 N Central Expressway Suite 2340,75225,Wed Oct 26 22:22:01 +0000 2016,Been wondering what DirecTV Now will cost you? We have your answer: https://t.co/9kr2EJGUKw,Negative,68.5856,directv,general,,Twitter
Dallas4,Corporate,32.8685017,-96.7757012,8687 N Central Expressway Suite 2340,75225,Wed Oct 26 22:10:17 +0000 2016,RT @Uverse: Looking for a new trainer? Check out @JillianMichaels Fit Fusion TV: https://t.co/wHpiTE8VdG https://t.co/Os2SQH8UbG,Positive,84.1424,uverse,general,,Twitter
Dallas4,Corporate,32.8685017,-96.7757012,8687 N Central Expressway Suite 2340,75225,Wed Oct 26 22:10:13 +0000 2016,AT&amp;T and Ericsson demonstrate 5G network capabilities at Texas Wireless Summit https://t.co/CZZ0EDHIAj #attemployee https://t.co/BrJpGfR0nH,Neutral,50.0000,general,general,,Twitter
Dallas4,Corporate,32.8685017,-96.7757012,8687 N Central Expressway Suite 2340,75225,Wed Oct 26 22:05:59 +0000 2016,"@attbyronnelson moving to Dallas' Trinity Forest Golf Club ahead of schedule in 2018

DMN: https://t.co/kJB8bryL73… https://t.co/fdjguTB6uC",Positive,83.9594,general,general,,Twitter
Dallas4,Corporate,32.8685017,-96.7757012,8687 N Central Expressway Suite 2340,75225,Wed Oct 26 22:05:55 +0000 2016,"@ATT y'all sent me a new phone with a case and they're both broken, what the heck??!!???",Negative,85.9952,general,general,,Twitter
Dallas4,Corporate,32.8685017,-96.7757012,8687 N Central Expressway Suite 2340,75225,Wed Oct 26 22:05:46 +0000 2016,RT @ATT: Get a sweet deal on the new iPhone 7 when you switch to AT&amp;T and have DIRECTV. https://t.co/JO08KrMKj7 https://t.co/tAcB2wPVFO,Positive,98.0584,directv,general,,Twitter
Dallas4,Corporate,32.8685017,-96.7757012,8687 N Central Expressway Suite 2340,75225,Wed Oct 26 21:51:21 +0000 2016,"Sneak peek of the brand new Trinity Forest Golf Club, future host of AT&amp;T Byron Nelson (Video) https://t.co/J48DuzyUfu #Dallas",Positive,73.7262,general,general,,Twitter
Dallas4,Corporate,32.8685017,-96.7757012,8687 N Central Expressway Suite 2340,75225,Wed Oct 26 21:40:55 +0000 2016,@ATTCares i have a double bonded pair installed and not getting the service,Negative,64.2966,general,product installation,,Twitter
Dallas4,Corporate,32.8685017,-96.7757012,8687 N Central Expressway Suite 2340,75225,Wed Oct 26 21:40:29 +0000 2016,@ATTCares ive been dealing with this issue for 3 months. Tech after tech no resolution,Neutral,52.8034,general,general,,Twitter
Dallas4,Corporate,32.8685017,-96.7757012,8687 N Central Expressway Suite 2340,75225,Wed Oct 26 21:40:13 +0000 2016,"RT @dallasnews: Speak now: Why critics want the $108 billion marriage of AT&amp;T, Time Warner to fail https://t.co/cAtlH2KlsI | @krobijake htt…",Neutral,50.4577,general,general,,Twitter
Dallas4,Corporate,32.8685017,-96.7757012,8687 N Central Expressway Suite 2340,75225,Wed Oct 26 21:36:33 +0000 2016,RT @ATTBusiness: We're navigating the known threat landscape to help protect your org. See more in our new cybersecurity report: https://t.…,Positive,91.7588,general,general,,Twitter
Dallas4,Corporate,32.8685017,-96.7757012,8687 N Central Expressway Suite 2340,75225,Wed Oct 26 21:36:14 +0000 2016,RT @ATTBusiness: AT&amp;T Labs is on track to revolutionize the way #AI plays in the network…but that’s not all! More from Mazin Gilbert: https…,Positive,72.4772,general,general,,Twitter
Dallas4,Corporate,32.8685017,-96.7757012,8687 N Central Expressway Suite 2340,75225,Wed Oct 26 21:35:51 +0000 2016,RT @attJOBS: We're teaming with @BracketsForGood to launch their first nation-wide fundraising tournament. Learn more: https://t.co/IBRIhAu…,Positive,86.5420,general,general,,Twitter
Dallas4,Corporate,32.8685017,-96.7757012,8687 N Central Expressway Suite 2340,75225,Wed Oct 26 21:35:14 +0000 2016,RT @SportsDayDFW: AT&amp;T Byron Nelson moving to Dallas' Trinity Forest Golf Club ahead of schedule in 2018 https://t.co/0OcCOkkyin https://t.…,Positive,83.9594,general,general,,Twitter
Dallas4,Corporate,32.8685017,-96.7757012,8687 N Central Expressway Suite 2340,75225,Wed Oct 26 21:33:11 +0000 2016,RT @ATT: Get a sweet deal on the new iPhone 7 when you switch to AT&amp;T and have DIRECTV. https://t.co/JO08KrMKj7 https://t.co/tAcB2wPVFO,Positive,98.0584,directv,general,,Twitter
Dallas4,Corporate,32.8685017,-96.7757012,8687 N Central Expressway Suite 2340,75225,Wed Oct 26 21:26:26 +0000 2016,"RT @attJOBS: At AT&amp;T, we believe that inspiration stems from collaboration. That's why we give employees the access they need. https://t.co…",Neutral,53.7838,general,general,,Twitter
Dallas4,Corporate,32.8685017,-96.7757012,8687 N Central Expressway Suite 2340,75225,Wed Oct 26 21:20:21 +0000 2016,"DallasBizNews: Sneak peek of the brand new Trinity Forest Golf Club, future host of the Byron Nelson: https://t.co/tiLGGIRHK2",Positive,73.7262,general,general,,Twitter
Dallas4,Corporate,32.8685017,-96.7757012,8687 N Central Expressway Suite 2340,75225,Wed Oct 26 21:16:48 +0000 2016,RT @ATT: Welcome to the team! @taylorswift13 https://t.co/4h86nLYuLo https://t.co/gAHOi7fPrZ,Positive,84.3125,general,general,,Twitter
Dallas4,Corporate,32.8685017,-96.7757012,8687 N Central Expressway Suite 2340,75225,Wed Oct 26 21:15:02 +0000 2016,"Sneak peek of the brand new Trinity Forest Golf Club, future host of the Byron Nelson: https://t.co/F6LZE1tEK6",Positive,73.7262,general,general,,Twitter
Dallas4,Corporate,32.8685017,-96.7757012,8687 N Central Expressway Suite 2340,75225,Wed Oct 26 21:14:44 +0000 2016,RT @Uverse: Looking for a new trainer? Check out @JillianMichaels Fit Fusion TV: https://t.co/wHpiTE8VdG https://t.co/Os2SQH8UbG,Positive,84.1424,uverse,general,,Twitter
Dallas4,Corporate,32.8685017,-96.7757012,8687 N Central Expressway Suite 2340,75225,Wed Oct 26 21:10:27 +0000 2016,RT @SportsDayDFW: AT&amp;T Byron Nelson moving to Dallas' Trinity Forest Golf Club ahead of schedule in 2018 https://t.co/0OcCOkkyin https://t.…,Positive,83.9594,general,general,,Twitter
Dallas4,Corporate,32.8685017,-96.7757012,8687 N Central Expressway Suite 2340,75225,Wed Oct 26 21:03:11 +0000 2016,RT @Mike_Rawlings: I’m excited for Dallas-based AT&amp;T and hopeful that this merger will lead to great benefits for its employees and... http…,Positive,97.4618,general,general,,Twitter
Dallas4,Corporate,32.8685017,-96.7757012,8687 N Central Expressway Suite 2340,75225,Wed Oct 26 21:00:59 +0000 2016,RT @ATT: Get a sweet deal on the new iPhone 7 when you switch to AT&amp;T and have DIRECTV. https://t.co/JO08KrMKj7 https://t.co/tAcB2wPVFO,Positive,98.0584,directv,general,,Twitter
Dallas4,Corporate,32.8685017,-96.7757012,8687 N Central Expressway Suite 2340,75225,Wed Oct 26 20:53:24 +0000 2016,RT @attJOBS: You don't have to go back to school to continue learning. Try these tips to learn something new: https://t.co/N1AjraH8jR #Moti…,Neutral,50.1178,general,general,,Twitter
Dallas4,Corporate,32.8685017,-96.7757012,8687 N Central Expressway Suite 2340,75225,Wed Oct 26 20:50:42 +0000 2016,"@ATTCares I spent 2 hours on phone with customer service. was escalated, just for them to tell me they can only reverse $300..",Negative,99.7066,general,general,,Twitter
Dallas4,Corporate,32.8685017,-96.7757012,8687 N Central Expressway Suite 2340,75225,Wed Oct 26 20:50:42 +0000 2016,AT&amp;T Agrees to Buy Time Warner for More Than $80 Billion https://t.co/Dmyv539d7P,Positive,71.0501,general,general,,Twitter
Dallas4,Corporate,32.8685017,-96.7757012,8687 N Central Expressway Suite 2340,75225,Wed Oct 26 20:50:37 +0000 2016,RT @dallasnews: The code names and secret meetings that got the #ATTTimeWarner deal done https://t.co/zQ2Cclsaxi | @Melissa_Repko https://t…,Neutral,55.1729,general,general,,Twitter
Dallas4,Corporate,32.8685017,-96.7757012,8687 N Central Expressway Suite 2340,75225,Wed Oct 26 20:44:13 +0000 2016,RT @Uverse: Looking for a new trainer? Check out @JillianMichaels Fit Fusion TV: https://t.co/wHpiTE8VdG https://t.co/Os2SQH8UbG,Positive,84.1424,uverse,general,,Twitter
Dallas4,Corporate,32.8685017,-96.7757012,8687 N Central Expressway Suite 2340,75225,Wed Oct 26 20:42:32 +0000 2016,RT @attJOBS: We're teaming with @BracketsForGood to launch their first nation-wide fundraising tournament. Learn more: https://t.co/IBRIhAu…,Positive,86.5420,general,general,,Twitter
Dallas4,Corporate,32.8685017,-96.7757012,8687 N Central Expressway Suite 2340,75225,Wed Oct 26 20:40:39 +0000 2016,"AT&amp;T and Time-Warner Make a Bet on Innovation, But Regulators May Get in the Way https://t.co/RP8SzxnhP5 https://t.co/WhBHYYRG2A",Neutral,59.8486,general,general,,Twitter
Dallas4,Corporate,32.8685017,-96.7757012,8687 N Central Expressway Suite 2340,75225,Wed Oct 26 20:39:34 +0000 2016,RT @attJOBS: We're teaming with @BracketsForGood to launch their first nation-wide fundraising tournament. Learn more: https://t.co/IBRIhAu…,Positive,86.5420,general,general,,Twitter
Dallas4,Corporate,32.8685017,-96.7757012,8687 N Central Expressway Suite 2340,75225,Wed Oct 26 20:39:14 +0000 2016,RT @ATT: Get a sweet deal on the new iPhone 7 when you switch to AT&amp;T and have DIRECTV. https://t.co/JO08KrMKj7 https://t.co/tAcB2wPVFO,Positive,98.0584,directv,general,,Twitter
Dallas4,Corporate,32.8685017,-96.7757012,8687 N Central Expressway Suite 2340,75225,Wed Oct 26 20:36:25 +0000 2016,@ATTCares yes there is. It doesn't work for me. Eventually found a way hidden deep in the bowels of the website.,Negative,99.1627,general,general,,Twitter
Dallas4,Corporate,32.8685017,-96.7757012,8687 N Central Expressway Suite 2340,75225,Wed Oct 26 20:28:23 +0000 2016,RT @dallasnews: The code names and secret meetings that got the #ATTTimeWarner deal done https://t.co/zQ2Cclsaxi | @Melissa_Repko https://t…,Neutral,55.1729,general,general,,Twitter
Dallas4,Corporate,32.8685017,-96.7757012,8687 N Central Expressway Suite 2340,75225,Wed Oct 26 20:28:06 +0000 2016,RT @ATT: Welcome to the team! @taylorswift13 https://t.co/4h86nLYuLo https://t.co/gAHOi7fPrZ,Positive,84.3125,general,general,,Twitter
Dallas4,Corporate,32.8685017,-96.7757012,8687 N Central Expressway Suite 2340,75225,Wed Oct 26 20:27:19 +0000 2016,RT @SportsDayDFW: AT&amp;T Byron Nelson moving to Dallas' Trinity Forest Golf Club ahead of schedule in 2018 https://t.co/0OcCOkkyin https://t.…,Positive,83.9594,general,general,,Twitter
Dallas4,Corporate,32.8685017,-96.7757012,8687 N Central Expressway Suite 2340,75225,Wed Oct 26 20:25:13 +0000 2016,RT @ATT: Who made you a college 🏈 fan? Share with #MadeMeAFanContest for a chance to win. Rules https://t.co/hU3I3wFn5V https://t.co/seJBJK…,Positive,88.9294,general,general,,Twitter
Dallas4,Corporate,32.8685017,-96.7757012,8687 N Central Expressway Suite 2340,75225,Wed Oct 26 20:24:58 +0000 2016,@YaShah97 @jakepimental99 @DevinRabeyHD @verizon Yes they offer unlimited if you have DirecTV,Negative,63.6819,directv,general,,Twitter
Dallas4,Corporate,32.8685017,-96.7757012,8687 N Central Expressway Suite 2340,75225,Wed Oct 26 20:24:38 +0000 2016,DallasBizNews: RT DBJShinneman: We've updated our story pulling together all the announcements on DirecTV Now: https://t.co/FvLpxsDzs3 $T …,Positive,70.0073,directv,general,,Twitter
Dallas4,Corporate,32.8685017,-96.7757012,8687 N Central Expressway Suite 2340,75225,Wed Oct 26 20:22:26 +0000 2016,RT @DBJShinneman: We've updated our story pulling together all the announcements on DirecTV Now: https://t.co/zC1rek2sli $T @DallasBizNews,Positive,70.0073,directv,general,,Twitter
Dallas4,Corporate,32.8685017,-96.7757012,8687 N Central Expressway Suite 2340,75225,Wed Oct 26 20:20:46 +0000 2016,Watch #Periscope: @Uverse is getting on my nerves paying for 24mb and this is what i get. @verizonfios help please https://t.co/UwT1v02RDl,Negative,69.6186,uverse,general,,Twitter
Dallas4,Corporate,32.8685017,-96.7757012,8687 N Central Expressway Suite 2340,75225,Wed Oct 26 20:20:44 +0000 2016,"@Snowden I guess @ATT  can do this in the interest of public safety.In a perfect world, ppl can worry less.hope ppl don't wrong n cops gud.",Positive,95.3650,general,general,,Twitter
Dallas4,Corporate,32.8685017,-96.7757012,8687 N Central Expressway Suite 2340,75225,Wed Oct 26 20:20:26 +0000 2016,RT @Mike_Rawlings: This is a day of celebration. Special thanks to @PGATOUR and @ATT for helping bring @attbyronnelson to Dallas. https://t…,Positive,98.3168,general,general,,Twitter
Dallas4,Corporate,32.8685017,-96.7757012,8687 N Central Expressway Suite 2340,75225,Wed Oct 26 20:19:52 +0000 2016,CBS Dallas: Bernie Sanders Urges Government To Kill AT&amp;T-Time Warner Merger https://t.co/5Xi1y9p96D #dallas,Neutral,57.9177,general,general,,Twitter
Dallas4,Corporate,32.8685017,-96.7757012,8687 N Central Expressway Suite 2340,75225,Wed Oct 26 20:19:38 +0000 2016,Bernie Sanders Urges Government To Kill AT&amp;T-Time Warner Merger https://t.co/6QXXwgkKW9 #DFW,Neutral,57.9177,general,general,,Twitter
Dallas4,Corporate,32.8685017,-96.7757012,8687 N Central Expressway Suite 2340,75225,Wed Oct 26 20:19:21 +0000 2016,LIVE on #Periscope: @Uverse is getting on my nerves paying for 24mbps and this is what i get. @verizonfios help ple… https://t.co/Tj3BwSUQe7,Neutral,54.9521,uverse,general,,Twitter
Dallas4,Corporate,32.8685017,-96.7757012,8687 N Central Expressway Suite 2340,75225,Wed Oct 26 20:19:01 +0000 2016,RT @dallasnews: The code names and secret meetings that got the #ATTTimeWarner deal done https://t.co/zQ2Cclsaxi | @Melissa_Repko https://t…,Neutral,55.1729,general,general,,Twitter
Dallas4,Corporate,32.8685017,-96.7757012,8687 N Central Expressway Suite 2340,75225,Wed Oct 26 20:18:44 +0000 2016,RT @tonyromo: I wanna thank @DIRECTV for allowing me to show off my true self.  ;)  embarrassing is an understatement http://t.co/F0NniFESlL,Negative,85.6134,directv,general,,Twitter
Dallas4,Corporate,32.8685017,-96.7757012,8687 N Central Expressway Suite 2340,75225,Wed Oct 26 20:18:29 +0000 2016,Bernie Sanders Urges Government To Kill AT&amp;T-Time Warner Merger: https://t.co/fGPDiCz2oR (Getty) https://t.co/eiTCzVjsTZ,Neutral,57.9177,general,general,,Twitter
Dallas4,Corporate,32.8685017,-96.7757012,8687 N Central Expressway Suite 2340,75225,Wed Oct 26 20:17:14 +0000 2016,RT @SportsDayDFW: AT&amp;T Byron Nelson moving to Dallas' Trinity Forest Golf Club ahead of schedule in 2018 https://t.co/0OcCOkkyin https://t.…,Positive,83.9594,general,general,,Twitter
Dallas4,Corporate,32.8685017,-96.7757012,8687 N Central Expressway Suite 2340,75225,Wed Oct 26 20:16:41 +0000 2016,Just got off the phone with an ATT rep @ATTCares more like #attdoesntcare about my service or desires to provide no service at all.,Negative,97.9514,general,general,,Twitter
Dallas4,Corporate,32.8685017,-96.7757012,8687 N Central Expressway Suite 2340,75225,Wed Oct 26 20:16:21 +0000 2016,AT&amp;T and SunPower Collaborate on #SolarIoT Connectivity in the United States | AT&amp;T https://t.co/gbdRx78nwV via @sharethis,Positive,98.0593,general,general,,Twitter
Dallas4,Corporate,32.8685017,-96.7757012,8687 N Central Expressway Suite 2340,75225,Wed Oct 26 20:16:19 +0000 2016,RT @dallasnews: The code names and secret meetings that got the #ATTTimeWarner deal done https://t.co/zQ2Cclsaxi | @Melissa_Repko https://t…,Neutral,55.1729,general,general,,Twitter
Dallas4,Corporate,32.8685017,-96.7757012,8687 N Central Expressway Suite 2340,75225,Wed Oct 26 20:15:55 +0000 2016,The code names and secret meetings that got the #ATTTimeWarner deal done https://t.co/zQ2Cclsaxi | @Melissa_Repko https://t.co/jAYXvRbbwC,Neutral,55.1729,general,general,,Twitter
Dallas4,Corporate,32.8685017,-96.7757012,8687 N Central Expressway Suite 2340,75225,Wed Oct 26 20:13:57 +0000 2016,"@wxbrad Well hello to you too, Brad! We understand your need for speed, enjoy!",Positive,76.2494,general,general,,Twitter
Dallas4,Corporate,32.8685017,-96.7757012,8687 N Central Expressway Suite 2340,75225,Wed Oct 26 20:12:41 +0000 2016,"RT @ATTLatino: Bañado de sol y arena con una canción más dulce que el caramelo, comparte lo mejor de #Cuba desde tu móvil. https://t.co/e3S…",Positive,74.8936,general,general,,Twitter
Dallas4,Corporate,32.8685017,-96.7757012,8687 N Central Expressway Suite 2340,75225,Wed Oct 26 20:11:13 +0000 2016,"Sneak peek of the brand new Trinity Forest Golf Club, future host of AT&amp;T Byron Nelson https://t.co/1tup3wjClf via @DallasBizNews",Positive,73.7262,general,general,,Twitter
Dallas4,Corporate,32.8685017,-96.7757012,8687 N Central Expressway Suite 2340,75225,Wed Oct 26 20:04:34 +0000 2016,RT @Uverse: Looking for a new trainer? Check out @JillianMichaels Fit Fusion TV: https://t.co/wHpiTE8VdG https://t.co/Os2SQH8UbG,Positive,84.1424,uverse,general,,Twitter
Dallas4,Corporate,32.8685017,-96.7757012,8687 N Central Expressway Suite 2340,75225,Wed Oct 26 20:01:42 +0000 2016,"Sneak peak of the brand new Trinity Forest Golf Club, future host of AT&amp;T Byron Nelson https://t.co/t7Hv3pdtQ2",Positive,87.5201,general,general,,Twitter
Dallas4,Corporate,32.8685017,-96.7757012,8687 N Central Expressway Suite 2340,75225,Wed Oct 26 20:01:39 +0000 2016,"Sneak peak of the brand new Trinity Forest Golf Club, future host of AT&amp;T Byron Nelson: The Byron Nelson tournament… https://t.co/VUUjzlBwUB",Positive,87.5201,general,general,,Twitter
Dallas4,Corporate,32.8685017,-96.7757012,8687 N Central Expressway Suite 2340,75225,Wed Oct 26 20:01:38 +0000 2016,"Sneak peak of the brand new Trinity Forest Golf Club, future host of AT&amp;T Byron Nelson: The Byron Nelson tournament… https://t.co/ZX2hhmqDJn",Positive,87.5201,general,general,,Twitter
Dallas4,Corporate,32.8685017,-96.7757012,8687 N Central Expressway Suite 2340,75225,Wed Oct 26 20:00:26 +0000 2016,RT @SportsDayDFW: AT&amp;T Byron Nelson moving to Dallas' Trinity Forest Golf Club ahead of schedule in 2018 https://t.co/0OcCOkkyin https://t.…,Positive,83.9594,general,general,,Twitter
Dallas4,Corporate,32.8685017,-96.7757012,8687 N Central Expressway Suite 2340,75225,Wed Oct 26 19:59:06 +0000 2016,"Sneak peak of the brand new Trinity Forest Golf Club, future host of AT&amp;T Byron Nelson: The Byron Nelson tournament… https://t.co/NXgCkiL2AF",Positive,87.5201,general,general,,Twitter
Dallas4,Corporate,32.8685017,-96.7757012,8687 N Central Expressway Suite 2340,75225,Wed Oct 26 19:57:33 +0000 2016,RT @Uverse: Looking for a new trainer? Check out @JillianMichaels Fit Fusion TV: https://t.co/wHpiTE8VdG https://t.co/Os2SQH8UbG,Positive,84.1424,uverse,general,,Twitter
Dallas4,Corporate,32.8685017,-96.7757012,8687 N Central Expressway Suite 2340,75225,Wed Oct 26 19:57:32 +0000 2016,@jakepimental99 @YaShah97 @DevinRabeyHD @ATT We only have Band 4.,Negative,70.9602,general,general,,Twitter
Dallas4,Corporate,32.8685017,-96.7757012,8687 N Central Expressway Suite 2340,75225,Wed Oct 26 19:56:06 +0000 2016,@jakepimental99 @YaShah97 @DevinRabeyHD @ATT We we're lucky to get one bar of 4G.,Positive,76.8807,general,general,,Twitter
Dallas4,Corporate,32.8685017,-96.7757012,8687 N Central Expressway Suite 2340,75225,Wed Oct 26 19:55:54 +0000 2016,RT @SportsDayDFW: AT&amp;T Byron Nelson moving to Dallas' Trinity Forest Golf Club ahead of schedule in 2018 https://t.co/0OcCOkkyin https://t.…,Positive,83.9594,general,general,,Twitter
Dallas4,Corporate,32.8685017,-96.7757012,8687 N Central Expressway Suite 2340,75225,Wed Oct 26 19:55:49 +0000 2016,@YaShah97 @jakepimental99 @DevinRabeyHD @ATT Saw that lol,Neutral,53.1133,general,general,,Twitter
Dallas4,Corporate,32.8685017,-96.7757012,8687 N Central Expressway Suite 2340,75225,Wed Oct 26 19:55:40 +0000 2016,AT&amp;T Byron Nelson moving to Dallas' Trinity Forest Golf Club ahead of schedule in 2018 https://t.co/0OcCOkkyin https://t.co/gNxyBihYmQ,Positive,83.9594,general,general,,Twitter
Dallas4,Corporate,32.8685017,-96.7757012,8687 N Central Expressway Suite 2340,75225,Wed Oct 26 19:54:15 +0000 2016,@YaShah97 @jakepimental99 @DevinRabeyHD @ATT lol sprints average here is 3Mbps... https://t.co/1l1OMOM3F4,Neutral,56.2921,general,general,,Twitter
Dallas4,Corporate,32.8685017,-96.7757012,8687 N Central Expressway Suite 2340,75225,Wed Oct 26 19:53:57 +0000 2016,RT @Uverse: Looking for a new trainer? Check out @JillianMichaels Fit Fusion TV: https://t.co/wHpiTE8VdG https://t.co/Os2SQH8UbG,Positive,84.1424,uverse,general,,Twitter
Dallas4,Corporate,32.8685017,-96.7757012,8687 N Central Expressway Suite 2340,75225,Wed Oct 26 19:53:11 +0000 2016,"RT @ConnectToGood: Great read: ""Promise and Challenge in Ending America’s Dropout Epidemic"" https://t.co/PFgYU7zinq #ATTimpact #GradNation…",Positive,64.0444,general,general,,Twitter
Dallas4,Corporate,32.8685017,-96.7757012,8687 N Central Expressway Suite 2340,75225,Wed Oct 26 19:52:39 +0000 2016,@YaShah97 @DevinRabeyHD @jakepimental99 @ATT It all depends on what bandwidth channels are deployed on a tower.,Neutral,51.9144,general,general,,Twitter
Dallas4,Corporate,32.8685017,-96.7757012,8687 N Central Expressway Suite 2340,75225,Wed Oct 26 19:51:02 +0000 2016,@YaShah97 @DevinRabeyHD @jakepimental99 @ATT Actually T-Mobile speeds are fantastic here. Coverage is what made me switch to AT&amp;T.,Positive,95.0247,general,general,,Twitter
Dallas4,Corporate,32.8685017,-96.7757012,8687 N Central Expressway Suite 2340,75225,Wed Oct 26 19:48:48 +0000 2016,@DevinRabeyHD @YaShah97 @jakepimental99 @ATT here's AT&amp;T in the middle of nowhere... literally nowhere. https://t.co/a9WaCkfgki,Negative,93.1892,general,general,,Twitter
Dallas4,Corporate,32.8685017,-96.7757012,8687 N Central Expressway Suite 2340,75225,Wed Oct 26 19:47:17 +0000 2016,RT @Uverse: Looking for a new trainer? Check out @JillianMichaels Fit Fusion TV: https://t.co/wHpiTE8VdG https://t.co/Os2SQH8UbG,Positive,84.1424,uverse,general,,Twitter
Dallas4,Corporate,32.8685017,-96.7757012,8687 N Central Expressway Suite 2340,75225,Wed Oct 26 19:47:02 +0000 2016,RT @Uverse: Looking for a new trainer? Check out @JillianMichaels Fit Fusion TV: https://t.co/wHpiTE8VdG https://t.co/Os2SQH8UbG,Positive,84.1424,uverse,general,,Twitter
Dallas4,Corporate,32.8685017,-96.7757012,8687 N Central Expressway Suite 2340,75225,Wed Oct 26 19:45:26 +0000 2016,RT @ATT: Get a sweet deal on the new iPhone 7 when you switch to AT&amp;T and have DIRECTV. https://t.co/JO08KrMKj7 https://t.co/tAcB2wPVFO,Positive,98.0584,directv,general,,Twitter
Dallas4,Corporate,32.8685017,-96.7757012,8687 N Central Expressway Suite 2340,75225,Wed Oct 26 19:43:36 +0000 2016,RT @Uverse: Looking for a new trainer? Check out @JillianMichaels Fit Fusion TV: https://t.co/wHpiTE8VdG https://t.co/Os2SQH8UbG,Positive,84.1424,uverse,general,,Twitter
Dallas4,Corporate,32.8685017,-96.7757012,8687 N Central Expressway Suite 2340,75225,Wed Oct 26 19:37:36 +0000 2016,RT @ATT: Get a sweet deal on the new iPhone 7 when you switch to AT&amp;T and have DIRECTV. https://t.co/JO08KrMKj7 https://t.co/tAcB2wPVFO,Positive,98.0584,directv,general,,Twitter
Dallas4,Corporate,32.8685017,-96.7757012,8687 N Central Expressway Suite 2340,75225,Wed Oct 26 19:34:44 +0000 2016,We're teaming with @BracketsForGood to launch their first nation-wide fundraising tournament. Learn more:… https://t.co/YhL6YU3xS8,Positive,85.3460,general,general,,Twitter
Dallas4,Corporate,32.8685017,-96.7757012,8687 N Central Expressway Suite 2340,75225,Wed Oct 26 19:33:55 +0000 2016,RT @Uverse: Looking for a new trainer? Check out @JillianMichaels Fit Fusion TV: https://t.co/wHpiTE8VdG https://t.co/Os2SQH8UbG,Positive,84.1424,uverse,general,,Twitter
Dallas4,Corporate,32.8685017,-96.7757012,8687 N Central Expressway Suite 2340,75225,Wed Oct 26 19:33:35 +0000 2016,Stay connected with an @att GoPhone and $45 refill card #giveaway from @cutenlittle!  #ATTGoPhone #ad https://t.co/DH7sS5lv4v,Neutral,57.7773,general,general,,Twitter
Dallas4,Corporate,32.8685017,-96.7757012,8687 N Central Expressway Suite 2340,75225,Wed Oct 26 19:31:41 +0000 2016,RT @Uverse: Looking for a new trainer? Check out @JillianMichaels Fit Fusion TV: https://t.co/wHpiTE8VdG https://t.co/Os2SQH8UbG,Positive,84.1424,uverse,general,,Twitter
Dallas4,Corporate,32.8685017,-96.7757012,8687 N Central Expressway Suite 2340,75225,Wed Oct 26 19:26:08 +0000 2016,RT @ATTBusiness: AT&amp;T Labs is on track to revolutionize the way #AI plays in the network…but that’s not all! More from Mazin Gilbert: https…,Positive,72.4772,general,general,,Twitter
Dallas4,Corporate,32.8685017,-96.7757012,8687 N Central Expressway Suite 2340,75225,Wed Oct 26 19:20:21 +0000 2016,RT @ATT: Get a sweet deal on the new iPhone 7 when you switch to AT&amp;T and have DIRECTV. https://t.co/JO08KrMKj7 https://t.co/tAcB2wPVFO,Positive,98.0584,directv,general,,Twitter
Dallas4,Corporate,32.8685017,-96.7757012,8687 N Central Expressway Suite 2340,75225,Wed Oct 26 19:14:37 +0000 2016,"@ATT i've never asked for a single bill to be reversed. I will be cancelling my service, which you've ben making $2600/year off of me...",Negative,62.5958,general,general,,Twitter
Dallas4,Corporate,32.8685017,-96.7757012,8687 N Central Expressway Suite 2340,75225,Wed Oct 26 19:11:07 +0000 2016,"Ive been a customer with @ATT for years, had same cell phone number since I was 12. I pay about $220/month on average every month..",Negative,85.1877,general,general,,Twitter
Dallas4,Corporate,32.8685017,-96.7757012,8687 N Central Expressway Suite 2340,75225,Wed Oct 26 19:10:12 +0000 2016,@ATT charged me $844.06 for last month's cell phone bill. I've done nothing different as far as apps/data usage... Im switching to @verizon,Negative,92.5754,general,general,,Twitter
Dallas4,Corporate,32.8685017,-96.7757012,8687 N Central Expressway Suite 2340,75225,Wed Oct 26 19:08:07 +0000 2016,@ATT no one wants to talk to a virtual customer service agent! I need humans to converse with!,Negative,74.4379,general,general,,Twitter
Dallas4,Corporate,32.8685017,-96.7757012,8687 N Central Expressway Suite 2340,75225,Wed Oct 26 19:07:42 +0000 2016,"RT @ConnectToGood: Great read: ""Promise and Challenge in Ending America’s Dropout Epidemic"" https://t.co/PFgYU7zinq #ATTimpact #GradNation…",Positive,64.0444,general,general,,Twitter
Dallas4,Corporate,32.8685017,-96.7757012,8687 N Central Expressway Suite 2340,75225,Wed Oct 26 19:07:22 +0000 2016,RT @ATT: Welcome to the team! @taylorswift13 https://t.co/4h86nLYuLo https://t.co/gAHOi7fPrZ,Positive,84.3125,general,general,,Twitter
Dallas4,Corporate,32.8685017,-96.7757012,8687 N Central Expressway Suite 2340,75225,Wed Oct 26 19:01:54 +0000 2016,#bitcoin #currency AT&amp;T is Seeking a Patent for a Bitcoin-Powered Server - CoinDesk: AT&amp;T is Seeking ... https://t.co/STwxQcny1o #mining,Positive,66.4050,general,general,,Twitter
Dallas4,Corporate,32.8685017,-96.7757012,8687 N Central Expressway Suite 2340,75225,Wed Oct 26 18:59:57 +0000 2016,RT @ATT: Get a sweet deal on the new iPhone 7 when you switch to AT&amp;T and have DIRECTV. https://t.co/JO08KrMKj7 https://t.co/tAcB2wPVFO,Positive,98.0584,directv,general,,Twitter
Dallas4,Corporate,32.8685017,-96.7757012,8687 N Central Expressway Suite 2340,75225,Wed Oct 26 18:58:02 +0000 2016,We've updated our story pulling together all the announcements on DirecTV Now: https://t.co/zC1rek2sli $T @DallasBizNews,Positive,70.0073,directv,general,,Twitter
