Dallas1,Corporate,32.776664,-96.796988,"208 S Akard Street, Ste 110",75202,Fri Oct 21 00:07:55 +0000 2016,RT @ATT: RT if you’ll be doing the time warp with Frank N. Furter and the gang tonight during @RockyHorrorFOX at 8/7 on @FOXTV. #RockyHorro…,Positive,65.1636,general,general,,Twitter
Dallas1,Corporate,32.776664,-96.796988,"208 S Akard Street, Ste 110",75202,Fri Oct 21 00:06:38 +0000 2016,"Tweet along with us for this late night, double feature, picture show. Already nostalgic. #RockyHorror",Positive,88.0828,general,general,,Twitter
Dallas1,Corporate,32.776664,-96.796988,"208 S Akard Street, Ste 110",75202,Fri Oct 21 00:02:14 +0000 2016,"Rocky Horror, AT&amp;T merger rumors, Clinton emails: Your Thursday evening roundup https://t.co/JKejuhQZEy https://t.co/4CJdOZpirt",Neutral,53.0627,general,general,,Twitter
Dallas1,Corporate,32.776664,-96.796988,"208 S Akard Street, Ste 110",75202,Fri Oct 21 00:00:01 +0000 2016,Find out how to improve collaboration with employees who work remotely. https://t.co/jMqzpsXTiP https://t.co/NrELellla5,Neutral,54.4748,general,general,,Twitter
Dallas1,Corporate,32.776664,-96.796988,"208 S Akard Street, Ste 110",75202,Thu Oct 20 23:59:06 +0000 2016,"2 minutes till @RockyHorrorFOX. If you're all dressed up, send us pics throughout the night. Let's time warp again!",Negative,87.5438,general,general,,Twitter
Dallas1,Corporate,32.776664,-96.796988,"208 S Akard Street, Ste 110",75202,Thu Oct 20 23:56:07 +0000 2016,RT @ATT: Welcome to the team! @taylorswift13 https://t.co/4h86nLYuLo https://t.co/gAHOi7fPrZ,Positive,84.3125,general,general,,Twitter
Dallas1,Corporate,32.776664,-96.796988,"208 S Akard Street, Ste 110",75202,Thu Oct 20 23:40:46 +0000 2016,RT @ATT: RT if you’ll be doing the time warp with Frank N. Furter and the gang tonight during @RockyHorrorFOX at 8/7 on @FOXTV. #RockyHorro…,Positive,65.1636,general,general,,Twitter
Dallas1,Corporate,32.776664,-96.796988,"208 S Akard Street, Ste 110",75202,Thu Oct 20 23:25:49 +0000 2016,RT @Uverse: Who else is watching The #RockyHorrorPictureShowLIVE on @FOX? Tweet along as we do the ⏰ warp again. https://t.co/0Sztr7Ehil,Neutral,61.3198,uverse,general,,Twitter
Dallas1,Corporate,32.776664,-96.796988,"208 S Akard Street, Ste 110",75202,Thu Oct 20 23:22:17 +0000 2016,@DCBlueStar https://t.co/H7aVY6LsSz,Neutral,50.0000,general,general,,Twitter
Dallas1,Corporate,32.776664,-96.796988,"208 S Akard Street, Ste 110",75202,Thu Oct 20 23:20:41 +0000 2016,"@UrbanEpicurious Bev, can you DM us more details and your account/contact info? We'd love to see how we can help.",Positive,99.4586,general,general,,Twitter
Dallas1,Corporate,32.776664,-96.796988,"208 S Akard Street, Ste 110",75202,Thu Oct 20 23:18:39 +0000 2016,RT @ATT: Get a sweet deal on the new iPhone 7 when you switch to AT&amp;T and have DIRECTV. https://t.co/TQVeUkmeZ6 https://t.co/zfZmNpe8AP,Positive,98.0584,directv,general,,Twitter
Dallas1,Corporate,32.776664,-96.796988,"208 S Akard Street, Ste 110",75202,Thu Oct 20 23:06:07 +0000 2016,RT @ATT: RT if you’ll be doing the time warp with Frank N. Furter and the gang tonight during @RockyHorrorFOX at 8/7 on @FOXTV. #RockyHorro…,Positive,65.1636,general,general,,Twitter
Dallas1,Corporate,32.776664,-96.796988,"208 S Akard Street, Ste 110",75202,Thu Oct 20 23:04:43 +0000 2016,Dear @ATT I need customer service please have someone contact me. RE Cell &amp; UVerse,Negative,75.2120,uverse,general,,Twitter
Dallas1,Corporate,32.776664,-96.796988,"208 S Akard Street, Ste 110",75202,Thu Oct 20 23:04:39 +0000 2016,RT @ATT: .@BinghamDb and @indicowie go undercover at an @MLS game…and you just have to watch the rest: https://t.co/fGvGIRRfFj https://t.co…,Negative,74.0062,general,general,,Twitter
Dallas1,Corporate,32.776664,-96.796988,"208 S Akard Street, Ste 110",75202,Thu Oct 20 23:03:24 +0000 2016,"@MmDukeman Margaret, we'd love to help look into this for you. Can you DM more details and your account/contact info?",Positive,99.5080,general,general,,Twitter
Dallas1,Corporate,32.776664,-96.796988,"208 S Akard Street, Ste 110",75202,Thu Oct 20 23:02:51 +0000 2016,RT @ATT: RT if you’ll be doing the time warp with Frank N. Furter and the gang tonight during @RockyHorrorFOX at 8/7 on @FOXTV. #RockyHorro…,Positive,65.1636,general,general,,Twitter
Dallas1,Corporate,32.776664,-96.796988,"208 S Akard Street, Ste 110",75202,Thu Oct 20 23:01:41 +0000 2016,RT @ATT: Get a sweet deal on the new iPhone 7 when you switch to AT&amp;T and have DIRECTV. https://t.co/TQVeUkmeZ6 https://t.co/zfZmNpe8AP,Positive,98.0584,directv,general,,Twitter
Dallas1,Corporate,32.776664,-96.796988,"208 S Akard Street, Ste 110",75202,Thu Oct 20 23:00:43 +0000 2016,RT @ATT: RT if you’ll be doing the time warp with Frank N. Furter and the gang tonight during @RockyHorrorFOX at 8/7 on @FOXTV. #RockyHorro…,Positive,65.1636,general,general,,Twitter
Dallas1,Corporate,32.776664,-96.796988,"208 S Akard Street, Ste 110",75202,Thu Oct 20 23:00:01 +0000 2016,Who else is watching The #RockyHorrorPictureShowLIVE on @FOX? Tweet along as we do the ⏰ warp again. https://t.co/0Sztr7Ehil,Neutral,61.3198,general,general,,Twitter
Dallas1,Corporate,32.776664,-96.796988,"208 S Akard Street, Ste 110",75202,Thu Oct 20 22:55:42 +0000 2016,RT @ATT: RT if you’ll be doing the time warp with Frank N. Furter and the gang tonight during @RockyHorrorFOX at 8/7 on @FOXTV. #RockyHorro…,Positive,65.1636,general,general,,Twitter
Dallas1,Corporate,32.776664,-96.796988,"208 S Akard Street, Ste 110",75202,Thu Oct 20 22:50:42 +0000 2016,RT @ATT: RT if you’ll be doing the time warp with Frank N. Furter and the gang tonight during @RockyHorrorFOX at 8/7 on @FOXTV. #RockyHorro…,Positive,65.1636,general,general,,Twitter
Dallas1,Corporate,32.776664,-96.796988,"208 S Akard Street, Ste 110",75202,Thu Oct 20 22:39:36 +0000 2016,RT @ATT: RT if you’ll be doing the time warp with Frank N. Furter and the gang tonight during @RockyHorrorFOX at 8/7 on @FOXTV. #RockyHorro…,Positive,65.1636,general,general,,Twitter
Dallas1,Corporate,32.776664,-96.796988,"208 S Akard Street, Ste 110",75202,Thu Oct 20 22:36:05 +0000 2016,"RT @dallasnews: #BREAKING: Dallas-based @ATT, TimeWarner (@twxcorp) discussed a takeover in recent weeks https://t.co/WgKs53DzV1 $twx $t ht…",Neutral,57.9360,general,general,,Twitter
Dallas1,Corporate,32.776664,-96.796988,"208 S Akard Street, Ste 110",75202,Thu Oct 20 22:30:40 +0000 2016,RT @ATT: RT if you’ll be doing the time warp with Frank N. Furter and the gang tonight during @RockyHorrorFOX at 8/7 on @FOXTV. #RockyHorro…,Positive,65.1636,general,general,,Twitter
Dallas1,Corporate,32.776664,-96.796988,"208 S Akard Street, Ste 110",75202,Thu Oct 20 22:30:02 +0000 2016,RT if you’ll be doing the time warp with Frank N. Furter and the gang tonight during @RockyHorrorFOX at 8/7 on… https://t.co/CzSA7wmdX8,Positive,65.1636,general,general,,Twitter
Dallas1,Corporate,32.776664,-96.796988,"208 S Akard Street, Ste 110",75202,Thu Oct 20 22:13:18 +0000 2016,"RT @dallasnews: Today's top headlines: Waco biker shootout update, Rocky Horror Picture Show remake, AT&amp;T merger talks https://t.co/BWg5Y9V…",Positive,63.8240,general,general,,Twitter
Dallas1,Corporate,32.776664,-96.796988,"208 S Akard Street, Ste 110",75202,Thu Oct 20 22:06:06 +0000 2016,"RT @dallasnews: Today's top headlines: Waco biker shootout update, Rocky Horror Picture Show remake, AT&amp;T merger talks https://t.co/BWg5Y9V…",Positive,63.8240,general,general,,Twitter
Dallas1,Corporate,32.776664,-96.796988,"208 S Akard Street, Ste 110",75202,Thu Oct 20 22:04:16 +0000 2016,"RT @dallasnews: Today's top headlines: Waco biker shootout update, Rocky Horror Picture Show remake, AT&amp;T merger talks https://t.co/BWg5Y9V…",Positive,63.8240,general,general,,Twitter
Dallas1,Corporate,32.776664,-96.796988,"208 S Akard Street, Ste 110",75202,Thu Oct 20 22:03:49 +0000 2016,"Today's top headlines: Waco biker shootout update, Rocky Horror Picture Show remake, AT&amp;T merger talks… https://t.co/UMcvm1oDYe",Positive,63.8240,general,general,,Twitter
Dallas1,Corporate,32.776664,-96.796988,"208 S Akard Street, Ste 110",75202,Thu Oct 20 22:00:56 +0000 2016,RT @ATT: Welcome to the team! @taylorswift13 https://t.co/4h86nLYuLo https://t.co/gAHOi7fPrZ,Positive,84.3125,general,general,,Twitter
Dallas1,Corporate,32.776664,-96.796988,"208 S Akard Street, Ste 110",75202,Thu Oct 20 21:45:40 +0000 2016,RT @attJOBS: Last year we donated $1M to @GirlsWhoCode &amp; the future careers of women technologists everywhere! #GHC16 https://t.co/rKDF99f5…,Positive,98.7368,general,general,,Twitter
Dallas1,Corporate,32.776664,-96.796988,"208 S Akard Street, Ste 110",75202,Thu Oct 20 21:41:51 +0000 2016,"RT @ATT: #FootballEverywhere, 🍕, @SamsungMobile + @AnthonyAnderson = an epic game day! Watch the full video here: https://t.co/nEg01DkjCB h…",Neutral,51.3846,general,general,,Twitter
Dallas1,Corporate,32.776664,-96.796988,"208 S Akard Street, Ste 110",75202,Thu Oct 20 21:41:32 +0000 2016,RT @ATT: Heading to Cuba? Take your phone along for the trip + stay connected to those back home. https://t.co/euhz4Z6Zbb https://t.co/AiPS…,Neutral,50.8130,general,general,,Twitter
Dallas1,Corporate,32.776664,-96.796988,"208 S Akard Street, Ste 110",75202,Thu Oct 20 21:34:04 +0000 2016,RT @ATT: Get a sweet deal on the new iPhone 7 when you switch to AT&amp;T and have DIRECTV. https://t.co/TQVeUkmeZ6 https://t.co/zfZmNpe8AP,Positive,98.0584,directv,general,,Twitter
Dallas1,Corporate,32.776664,-96.796988,"208 S Akard Street, Ste 110",75202,Thu Oct 20 21:32:15 +0000 2016,First DIRECTV and now Time Warner. AT&amp;T is going for full control. https://t.co/izBnBXbUKI,Negative,75.1571,directv,general,,Twitter
Dallas1,Corporate,32.776664,-96.796988,"208 S Akard Street, Ste 110",75202,Thu Oct 20 21:31:29 +0000 2016,"AT&amp;amp;T, Time Warner discussed a takeover in recent weeks https://t.co/Inh53q7eP6 via @dallasnews",Positive,70.9352,general,general,,Twitter
Dallas1,Corporate,32.776664,-96.796988,"208 S Akard Street, Ste 110",75202,Thu Oct 20 21:11:27 +0000 2016,@ATT #iHeartGreenDay #iHeartContest,Neutral,50.0000,general,general,,Twitter
Dallas1,Corporate,32.776664,-96.796988,"208 S Akard Street, Ste 110",75202,Thu Oct 20 21:08:48 +0000 2016,@iHeartRadio @GreenDay @ATT #iHeartGreenDay #iHeartContest,Neutral,50.0000,general,general,,Twitter
Dallas1,Corporate,32.776664,-96.796988,"208 S Akard Street, Ste 110",75202,Thu Oct 20 21:06:42 +0000 2016,@ATTCares - Get this error when trying to activate @HBO Go on Android TV. https://t.co/kfTYirsGgW,Negative,77.6519,general,general,,Twitter
Dallas1,Corporate,32.776664,-96.796988,"208 S Akard Street, Ste 110",75202,Thu Oct 20 20:55:24 +0000 2016,"RT @dallasnews: #BREAKING: Dallas-based @ATT, TimeWarner (@twxcorp) discussed a takeover in recent weeks https://t.co/WgKs53DzV1 $twx $t ht…",Neutral,57.9360,general,general,,Twitter
Dallas1,Corporate,32.776664,-96.796988,"208 S Akard Street, Ste 110",75202,Thu Oct 20 20:39:02 +0000 2016,"RT @dallasnews: #BREAKING: Dallas-based @ATT, TimeWarner (@twxcorp) discussed a takeover in recent weeks https://t.co/WgKs53DzV1 $twx $t ht…",Neutral,57.9360,general,general,,Twitter
Dallas1,Corporate,32.776664,-96.796988,"208 S Akard Street, Ste 110",75202,Thu Oct 20 20:38:30 +0000 2016,"RT @dallasnews: #BREAKING: Dallas-based @ATT, TimeWarner (@twxcorp) discussed a takeover in recent weeks https://t.co/WgKs53DzV1 $twx $t ht…",Neutral,57.9360,general,general,,Twitter
Dallas1,Corporate,32.776664,-96.796988,"208 S Akard Street, Ste 110",75202,Thu Oct 20 20:38:25 +0000 2016,"AT&amp;T, Time Warner discussed a takeover in recent weeks https://t.co/QkGYO9mxGz #DFW",Positive,70.9352,general,general,,Twitter
Dallas1,Corporate,32.776664,-96.796988,"208 S Akard Street, Ste 110",75202,Thu Oct 20 20:38:24 +0000 2016,"RT @dallasnews: #BREAKING: Dallas-based @ATT, TimeWarner (@twxcorp) discussed a takeover in recent weeks https://t.co/WgKs53DzV1 $twx $t ht…",Neutral,57.9360,general,general,,Twitter
Dallas1,Corporate,32.776664,-96.796988,"208 S Akard Street, Ste 110",75202,Thu Oct 20 20:33:01 +0000 2016,"RT @dallasnews: #BREAKING: Dallas-based @ATT, TimeWarner (@twxcorp) discussed a takeover in recent weeks https://t.co/WgKs53DzV1 $twx $t ht…",Neutral,57.9360,general,general,,Twitter
Dallas1,Corporate,32.776664,-96.796988,"208 S Akard Street, Ste 110",75202,Thu Oct 20 20:29:09 +0000 2016,"RT @dallasnews: #BREAKING: Dallas-based @ATT, TimeWarner (@twxcorp) discussed a takeover in recent weeks https://t.co/WgKs53DzV1 $twx $t ht…",Neutral,57.9360,general,general,,Twitter
Dallas1,Corporate,32.776664,-96.796988,"208 S Akard Street, Ste 110",75202,Thu Oct 20 20:28:54 +0000 2016,"RT @dallasnews: #BREAKING: Dallas-based @ATT, TimeWarner (@twxcorp) discussed a takeover in recent weeks https://t.co/WgKs53DzV1 $twx $t ht…",Neutral,57.9360,general,general,,Twitter
Dallas1,Corporate,32.776664,-96.796988,"208 S Akard Street, Ste 110",75202,Thu Oct 20 20:27:51 +0000 2016,"#BREAKING: Dallas-based @ATT, TimeWarner (@twxcorp) discussed a takeover in recent weeks https://t.co/WgKs53DzV1… https://t.co/hbwnTVcB5g",Neutral,57.9360,general,general,,Twitter
Dallas1,Corporate,32.776664,-96.796988,"208 S Akard Street, Ste 110",75202,Thu Oct 20 20:27:48 +0000 2016,RT @attJOBS: Last year we donated $1M to @GirlsWhoCode &amp; the future careers of women technologists everywhere! #GHC16 https://t.co/rKDF99f5…,Positive,98.7368,general,general,,Twitter
Dallas1,Corporate,32.776664,-96.796988,"208 S Akard Street, Ste 110",75202,Thu Oct 20 20:27:18 +0000 2016,RT @7onashoestring: Week 2 #ItCanWait Tip: The @ItCanWait DriveMode app is a great tool for staying distraction free! #sponsor https://t.co…,Positive,94.8253,general,general,,Twitter
Dallas1,Corporate,32.776664,-96.796988,"208 S Akard Street, Ste 110",75202,Thu Oct 20 20:27:12 +0000 2016,RT @7onashoestring: Week 2 #ItCanWait Tip: The @ItCanWait DriveMode app is a great tool for staying distraction free! #sponsor https://t.co…,Positive,94.8253,general,general,,Twitter
Dallas1,Corporate,32.776664,-96.796988,"208 S Akard Street, Ste 110",75202,Thu Oct 20 20:25:49 +0000 2016,"Dallas-based @ATT, TimeWarner (@twxcorp) discussed a takeover in recent weeks https://t.co/oHHLVaAY0m $twx $t https://t.co/pUAUTV1zEH",Neutral,57.9360,general,general,,Twitter
Dallas1,Corporate,32.776664,-96.796988,"208 S Akard Street, Ste 110",75202,Thu Oct 20 20:25:41 +0000 2016,"AT&amp;T, Time Warner discussed a takeover in recent weeks https://t.co/pOFuCwvhoG #DFW #Tech",Positive,70.9352,general,general,,Twitter
Dallas1,Corporate,32.776664,-96.796988,"208 S Akard Street, Ste 110",75202,Thu Oct 20 20:22:29 +0000 2016,RT @7onashoestring: Week 2 #ItCanWait Tip: The @ItCanWait DriveMode app is a great tool for staying distraction free! #sponsor https://t.co…,Positive,94.8253,general,general,,Twitter
Dallas1,Corporate,32.776664,-96.796988,"208 S Akard Street, Ste 110",75202,Thu Oct 20 20:19:35 +0000 2016,RT @ATT: Welcome to the team! @taylorswift13 https://t.co/4h86nLYuLo https://t.co/gAHOi7fPrZ,Positive,84.3125,general,general,,Twitter
Dallas1,Corporate,32.776664,-96.796988,"208 S Akard Street, Ste 110",75202,Thu Oct 20 20:17:46 +0000 2016,RT @7onashoestring: Have you taken the 21-Day #ItCanWait Challenge yet? Join me and @ItCanWait in the pledge to save lives! #sponsor https:…,Negative,62.2821,general,general,,Twitter
Dallas1,Corporate,32.776664,-96.796988,"208 S Akard Street, Ste 110",75202,Thu Oct 20 20:15:18 +0000 2016,"Report: AT&amp;T, Time Warner discussed a takeover in recent weeks https://t.co/by7Ys7XbBO #DFW #realestate",Positive,70.9352,general,general,,Twitter
Dallas1,Corporate,32.776664,-96.796988,"208 S Akard Street, Ste 110",75202,Thu Oct 20 20:15:00 +0000 2016,Last year we donated $1M to @GirlsWhoCode &amp; the future careers of women technologists everywhere! #GHC16 https://t.co/rKDF99f5uN,Positive,98.7368,general,general,,Twitter
Dallas1,Corporate,32.776664,-96.796988,"208 S Akard Street, Ste 110",75202,Thu Oct 20 20:12:33 +0000 2016,Prelude: A Preview of Aurora 2017 at the AT&amp;T Performing Arts Center https://t.co/MHt0eOEVOd https://t.co/clS7iNK2qX,Positive,91.2919,general,general,,Twitter
Dallas1,Corporate,32.776664,-96.796988,"208 S Akard Street, Ste 110",75202,Thu Oct 20 20:10:00 +0000 2016,Week 2 #ItCanWait Tip: The @ItCanWait DriveMode app is a great tool for staying distraction free! #sponsor https://t.co/ztfJysveWv,Positive,94.8253,general,general,,Twitter
Dallas1,Corporate,32.776664,-96.796988,"208 S Akard Street, Ste 110",75202,Thu Oct 20 20:00:35 +0000 2016,"Im still stuck on this $589 UVerse bill, thats a payment on my lac!",Negative,69.7089,uverse,general,,Twitter
Dallas1,Corporate,32.776664,-96.796988,"208 S Akard Street, Ste 110",75202,Thu Oct 20 20:00:03 +0000 2016,¡Llévanos contigo a la hermosa isla de #Cuba! Aprende más: https://t.co/xoNJKCjzYg https://t.co/vK24rrCX6w,Neutral,57.7016,general,general,,Twitter
Dallas1,Corporate,32.776664,-96.796988,"208 S Akard Street, Ste 110",75202,Thu Oct 20 19:59:08 +0000 2016,RT @ATT: .@BinghamDb and @indicowie go undercover at an @MLS game…and you just have to watch the rest: https://t.co/fGvGIRRfFj https://t.co…,Negative,74.0062,general,general,,Twitter
Dallas1,Corporate,32.776664,-96.796988,"208 S Akard Street, Ste 110",75202,Thu Oct 20 19:57:03 +0000 2016,RT @kalebpask: Join a Community of Innovation With a Job at AT&amp;T https://t.co/M8cBUfBLzN via @dailymuse @caroqliu,Negative,64.3951,general,general,,Twitter
Dallas1,Corporate,32.776664,-96.796988,"208 S Akard Street, Ste 110",75202,Thu Oct 20 19:57:01 +0000 2016,Bruh they fuck up my Uverse with this fuck shit and I swear im dropping they ass https://t.co/dDjolM7ZlT,Negative,95.3785,uverse,general,,Twitter
Dallas1,Corporate,32.776664,-96.796988,"208 S Akard Street, Ste 110",75202,Thu Oct 20 19:56:58 +0000 2016,"RT @kalebpask: Listen: Life At AT&amp;T Podcast ""Vice Presidents"" - with 3 #womenofATT #LifeatATT https://t.co/lwGGwG5OnJ #attemployee https://…",Positive,82.4150,general,general,,Twitter
Dallas1,Corporate,32.776664,-96.796988,"208 S Akard Street, Ste 110",75202,Thu Oct 20 19:56:29 +0000 2016,RT @attJOBS: At the end of an interview you have a chance to make a lasting impression. Take it! Learn how: https://t.co/Fq9rgFL6f3 #Career…,Positive,95.7819,general,general,,Twitter
Dallas1,Corporate,32.776664,-96.796988,"208 S Akard Street, Ste 110",75202,Thu Oct 20 19:53:50 +0000 2016,RT @ATT: .@BinghamDb and @indicowie go undercover at an @MLS game…and you just have to watch the rest: https://t.co/fGvGIRRfFj https://t.co…,Negative,74.0062,general,general,,Twitter
Dallas1,Corporate,32.776664,-96.796988,"208 S Akard Street, Ste 110",75202,Thu Oct 20 19:42:31 +0000 2016,https://t.co/I886ACEhFx via @sharethis SO You have a bad attitude and sould not have been on TV. must be you fault not Trumps,Negative,97.1838,general,general,,Twitter
Dallas1,Corporate,32.776664,-96.796988,"208 S Akard Street, Ste 110",75202,Thu Oct 20 19:39:00 +0000 2016,RT @ATT: Who made you a college 🏈 fan? Share with #MadeMeAFanContest for a chance to win. Rules https://t.co/hU3I3wFn5V https://t.co/xZbxUJ…,Positive,88.9294,general,general,,Twitter
Dallas1,Corporate,32.776664,-96.796988,"208 S Akard Street, Ste 110",75202,Thu Oct 20 19:33:51 +0000 2016,RT @ATT: Welcome to the team! @taylorswift13 https://t.co/4h86nLYuLo https://t.co/gAHOi7fPrZ,Positive,84.3125,general,general,,Twitter
Dallas1,Corporate,32.776664,-96.796988,"208 S Akard Street, Ste 110",75202,Thu Oct 20 19:30:02 +0000 2016,Step into the shoes of our own Madeline Littrell and see what a day in the #LifeAtATT is really like:… https://t.co/Qp5xpuCaJ5,Positive,78.9124,general,general,,Twitter
Dallas1,Corporate,32.776664,-96.796988,"208 S Akard Street, Ste 110",75202,Thu Oct 20 19:22:41 +0000 2016,😃 Hey!  https://t.co/cMTQQI0fki,Neutral,60.6915,general,general,,Twitter
Dallas1,Corporate,32.776664,-96.796988,"208 S Akard Street, Ste 110",75202,Thu Oct 20 19:22:41 +0000 2016,RT @ATT: Welcome to the team! @taylorswift13 https://t.co/4h86nLYuLo https://t.co/gAHOi7fPrZ,Positive,84.3125,general,general,,Twitter
Dallas1,Corporate,32.776664,-96.796988,"208 S Akard Street, Ste 110",75202,Thu Oct 20 19:11:29 +0000 2016,RT @ATT: .@BinghamDb and @indicowie go undercover at an @MLS game…and you just have to watch the rest: https://t.co/fGvGIRRfFj https://t.co…,Negative,74.0062,general,general,,Twitter
Dallas1,Corporate,32.776664,-96.796988,"208 S Akard Street, Ste 110",75202,Thu Oct 20 18:58:07 +0000 2016,"Special Needs Trust Lawyers Irrevocable Trust Draper Utah 801-676-5506 Asset Protection Trust Att, by: Utah Estat… https://t.co/XpvFSeoaNQ",Neutral,51.4686,general,general,,Twitter
Dallas1,Corporate,32.776664,-96.796988,"208 S Akard Street, Ste 110",75202,Thu Oct 20 18:55:19 +0000 2016,"Listen: Life At AT&amp;T Podcast ""Vice Presidents"" - with 3 #womenofATT #LifeatATT https://t.co/cWQJVXjJ35 #attemployee https://t.co/pdfuZaoKBa",Positive,82.4150,general,general,,Twitter
Dallas1,Corporate,32.776664,-96.796988,"208 S Akard Street, Ste 110",75202,Thu Oct 20 18:34:11 +0000 2016,RT @ATT: Welcome to the team! @taylorswift13 https://t.co/4h86nLYuLo https://t.co/gAHOi7fPrZ,Positive,84.3125,general,general,,Twitter
Dallas1,Corporate,32.776664,-96.796988,"208 S Akard Street, Ste 110",75202,Thu Oct 20 18:07:34 +0000 2016,RT @LisannePowers: In the past people could travel but most jobs couldnt https://t.co/ZnDYPDPKEW #greatcollaborate #attemployee,Positive,69.5239,general,general,,Twitter
Dallas1,Corporate,32.776664,-96.796988,"208 S Akard Street, Ste 110",75202,Thu Oct 20 18:00:04 +0000 2016,"Reliable, safer &amp; more efficient smart grids? Yes, with #IoT, our 4G LTE network and Sentient Energy. Discover how:… https://t.co/kuw85MUWkO",Positive,89.9067,general,general,,Twitter
Dallas1,Corporate,32.776664,-96.796988,"208 S Akard Street, Ste 110",75202,Thu Oct 20 17:45:34 +0000 2016,RT @SirJamesGray: using my phone as a wifi hotspot for my mac since #ATT sucks and somehow can’t provide adequate wifi service to our home,Negative,82.6533,general,general,,Twitter
Dallas1,Corporate,32.776664,-96.796988,"208 S Akard Street, Ste 110",75202,Thu Oct 20 17:42:02 +0000 2016,@ghostbar_Dallas Att: Hotel Mgmt. Does your customer service stop and end at the lobby? https://t.co/T4wwP5SfdY,Neutral,61.0029,general,general,,Twitter
Dallas1,Corporate,32.776664,-96.796988,"208 S Akard Street, Ste 110",75202,Thu Oct 20 17:40:50 +0000 2016,@RamadaLovefield Att: Hotel Mgmt. Does your customer service stop and end at the lobby? https://t.co/T4wwP5SfdY,Neutral,61.0029,general,general,,Twitter
Dallas1,Corporate,32.776664,-96.796988,"208 S Akard Street, Ste 110",75202,Thu Oct 20 17:40:34 +0000 2016,Telework can help facilitate greater diversity by hiring regardless of location https://t.co/ZnDYPDPKEW #ucoms #attemployee,Positive,72.2046,general,general,,Twitter
Dallas1,Corporate,32.776664,-96.796988,"208 S Akard Street, Ste 110",75202,Thu Oct 20 17:40:20 +0000 2016,@ramadainndallas Att: Hotel Mgmt. Does your customer service stop and end at the lobby? https://t.co/T4wwP5SfdY,Neutral,61.0029,general,general,,Twitter
Dallas1,Corporate,32.776664,-96.796988,"208 S Akard Street, Ste 110",75202,Thu Oct 20 17:39:46 +0000 2016,@AloftDallas Att: Hotel Mgmt. Does your customer service stop and end at the lobby? https://t.co/T4wwP5SfdY,Neutral,61.0029,general,general,,Twitter
Dallas1,Corporate,32.776664,-96.796988,"208 S Akard Street, Ste 110",75202,Thu Oct 20 17:39:07 +0000 2016,@HiltonArlington Att: Hotel Mgmt. Does your customer service stop and end at the lobby? https://t.co/T4wwP5SfdY,Neutral,61.0029,general,general,,Twitter
Dallas1,Corporate,32.776664,-96.796988,"208 S Akard Street, Ste 110",75202,Thu Oct 20 17:38:24 +0000 2016,@DallasRockwall Att: Hotel Mgmt. Does your customer service stop and end at the lobby? https://t.co/T4wwP5SfdY,Neutral,61.0029,general,general,,Twitter
Dallas1,Corporate,32.776664,-96.796988,"208 S Akard Street, Ste 110",75202,Thu Oct 20 17:37:53 +0000 2016,@thejoule Att: Hotel Mgmt. Does your customer service stop and end at the lobby? https://t.co/T4wwP5SfdY,Neutral,61.0029,general,general,,Twitter
Dallas1,Corporate,32.776664,-96.796988,"208 S Akard Street, Ste 110",75202,Thu Oct 20 17:37:29 +0000 2016,@OwnersBoxDFW Att: Hotel Mgmt. Does your customer service stop and end at the lobby? https://t.co/T4wwP5SfdY,Neutral,61.0029,general,general,,Twitter
Dallas1,Corporate,32.776664,-96.796988,"208 S Akard Street, Ste 110",75202,Thu Oct 20 17:36:38 +0000 2016,@MCMEleganteDAL Att: Hotel Mgmt. Does your customer service stop and end at the lobby? https://t.co/T4wwP5SfdY,Neutral,61.0029,general,general,,Twitter
Dallas1,Corporate,32.776664,-96.796988,"208 S Akard Street, Ste 110",75202,Thu Oct 20 17:36:00 +0000 2016,@HiltonAnatole Att: Hotel Mgmt. Does your customer service stop and end at the lobby? https://t.co/T4wwP5SfdY,Neutral,61.0029,general,general,,Twitter
Dallas1,Corporate,32.776664,-96.796988,"208 S Akard Street, Ste 110",75202,Thu Oct 20 17:35:20 +0000 2016,@NYLODallasSouth Att: Hotel Mgmt. Does your customer service stop and end at the lobby? https://t.co/T4wwP5SfdY,Neutral,61.0029,general,general,,Twitter
Dallas1,Corporate,32.776664,-96.796988,"208 S Akard Street, Ste 110",75202,Thu Oct 20 17:32:48 +0000 2016,@TheStoneleigh Att: Hotel Mgmt. Does your customer service stop and end at the lobby? https://t.co/T4wwP5SfdY,Neutral,61.0029,general,general,,Twitter
Dallas1,Corporate,32.776664,-96.796988,"208 S Akard Street, Ste 110",75202,Thu Oct 20 17:32:19 +0000 2016,@rc_kris Hi Kris. We don't like to hear that! Please DM us your contact and account info.,Negative,69.8699,general,general,,Twitter
Dallas1,Corporate,32.776664,-96.796988,"208 S Akard Street, Ste 110",75202,Thu Oct 20 17:31:45 +0000 2016,@FairmontDallas  Att: Hotel Mgmt. Does your customer service stop and end at the lobby? https://t.co/T4wwP5SfdY,Neutral,61.0029,general,general,,Twitter
Dallas1,Corporate,32.776664,-96.796988,"208 S Akard Street, Ste 110",75202,Thu Oct 20 17:30:04 +0000 2016,.@BinghamDb and @indicowie go undercover at an @MLS game…and you just have to watch the rest:… https://t.co/UBXN3eI0EZ,Neutral,62.0606,general,general,,Twitter
Dallas1,Corporate,32.776664,-96.796988,"208 S Akard Street, Ste 110",75202,Thu Oct 20 17:21:54 +0000 2016,RT @ATT: Welcome to the team! @taylorswift13 https://t.co/4h86nLYuLo https://t.co/gAHOi7fPrZ,Positive,84.3125,general,general,,Twitter
Dallas1,Corporate,32.776664,-96.796988,"208 S Akard Street, Ste 110",75202,Thu Oct 20 17:05:12 +0000 2016,"Special Needs Trust Lawyers Irrevocable Trust Draper Utah 801-676-5506 Asset Protection Trust Att, by: Utah Estat… https://t.co/2alhGuwilc",Neutral,51.4686,general,general,,Twitter
