Dallas13,Authorized,32.845283,-96.787396,6417 Hillcrest Ave,75205,Sat Oct 22 16:05:36 +0000 2016,@JasonWhitely @ATT @nytimes Didn't spectrum just do that? My TWC bill now says Spectrum... But my bldg is now set up for ATT fiber...?,Negative,70.7072,fiber,general,,Twitter
Dallas13,Authorized,32.845283,-96.787396,6417 Hillcrest Ave,75205,Sat Oct 22 16:05:34 +0000 2016,New report: AT&amp;T has $85 billion deal in 'principle' to buy Time Warner | https://t.co/sZn5fIP3L0 @krobijake https://t.co/SyHyODOWkt,Positive,80.2440,general,general,,Twitter
Dallas13,Authorized,32.845283,-96.787396,6417 Hillcrest Ave,75205,Sat Oct 22 15:58:00 +0000 2016,@ATTCares like ffs maybe @att should be a bit more transparent,Negative,64.5847,general,general,,Twitter
Dallas13,Authorized,32.845283,-96.787396,6417 Hillcrest Ave,75205,Sat Oct 22 15:57:40 +0000 2016,"@ATTCares UNFORTUNATELY that doesn't list what the late fees are, when they occur, or anything more specific than BAD THINGS HAPPEN",Negative,99.7098,general,general,,Twitter
Dallas13,Authorized,32.845283,-96.787396,6417 Hillcrest Ave,75205,Sat Oct 22 15:55:32 +0000 2016,"@rboney Rebecca- we're so excited for you, we're doing the happy dance! Enjoy your service &amp; let us know if you nee… https://t.co/7eeKL5ux5K",Neutral,51.5509,general,general,,Twitter
Dallas13,Authorized,32.845283,-96.787396,6417 Hillcrest Ave,75205,Sat Oct 22 15:55:16 +0000 2016,Why AT&amp;T's pursuit of Time Warner makes sense: ‘It takes an elephant to eat an elephant’ https://t.co/BCohguAkfA |… https://t.co/3RBrTcUtk5,Negative,63.7114,general,general,,Twitter
Dallas13,Authorized,32.845283,-96.787396,6417 Hillcrest Ave,75205,Sat Oct 22 15:53:18 +0000 2016,New report: #ATT has $85 billion deal in 'principle' to buy Time Warner https://t.co/nEmqM4qxRL #DFW #realestate,Positive,80.2440,general,general,,Twitter
Dallas13,Authorized,32.845283,-96.787396,6417 Hillcrest Ave,75205,Sat Oct 22 15:53:15 +0000 2016,New report: #ATT has $85 billion deal in 'principle' to buy Time Warner https://t.co/7FpUGOVmQ9 #DFW #Tech,Positive,80.2440,general,general,,Twitter
Dallas13,Authorized,32.845283,-96.787396,6417 Hillcrest Ave,75205,Sat Oct 22 15:51:08 +0000 2016,"RT @ATT: Watch the @GreenDay @iHeartRadio Album Release Party Tonight, 9pm ET/PT on AUDIENCE. DIRECTV ch 239/U-verse ch 1114. https://t.co/…",Neutral,59.5550,directv,general,,Twitter
Dallas13,Authorized,32.845283,-96.787396,6417 Hillcrest Ave,75205,Sat Oct 22 15:49:39 +0000 2016,AT&amp;T Can't Admit That Google Fiber is Forcing it to Compete https://t.co/8LFUJSSp0f,Neutral,60.1629,fiber,general,,Twitter
Dallas13,Authorized,32.845283,-96.787396,6417 Hillcrest Ave,75205,Sat Oct 22 15:40:40 +0000 2016,"RT @ATT: Watch the @GreenDay @iHeartRadio Album Release Party Tonight, 9pm ET/PT on AUDIENCE. DIRECTV ch 239/U-verse ch 1114. https://t.co/…",Neutral,59.5550,directv,general,,Twitter
Dallas13,Authorized,32.845283,-96.787396,6417 Hillcrest Ave,75205,Sat Oct 22 15:38:11 +0000 2016,@ATTCares yeah I will I only get paid once a month,Negative,73.6241,general,general,,Twitter
Dallas13,Authorized,32.845283,-96.787396,6417 Hillcrest Ave,75205,Sat Oct 22 15:35:45 +0000 2016,"RT @ATT: Watch the @GreenDay @iHeartRadio Album Release Party Tonight, 9pm ET/PT on AUDIENCE. DIRECTV ch 239/U-verse ch 1114. https://t.co/…",Neutral,59.5550,directv,general,,Twitter
Dallas13,Authorized,32.845283,-96.787396,6417 Hillcrest Ave,75205,Sat Oct 22 15:31:34 +0000 2016,"RT @ATT: Hey, Bears! @ATT + @TOMS are coming to game day this week to share their story &amp; #CelebrateGood with fans. Stop by! https://t.co/M…",Positive,88.1188,general,general,,Twitter
Dallas13,Authorized,32.845283,-96.787396,6417 Hillcrest Ave,75205,Sat Oct 22 15:30:48 +0000 2016,"RT @ATT: Watch the @GreenDay @iHeartRadio Album Release Party Tonight, 9pm ET/PT on AUDIENCE. DIRECTV ch 239/U-verse ch 1114. https://t.co/…",Neutral,59.5550,directv,general,,Twitter
Dallas13,Authorized,32.845283,-96.787396,6417 Hillcrest Ave,75205,Sat Oct 22 15:20:55 +0000 2016,RT @ATT: Welcome to the team! @taylorswift13 https://t.co/4h86nLYuLo https://t.co/gAHOi7fPrZ,Positive,84.3125,general,general,,Twitter
Dallas13,Authorized,32.845283,-96.787396,6417 Hillcrest Ave,75205,Sat Oct 22 15:19:21 +0000 2016,"RT @ATT: Watch the @GreenDay @iHeartRadio Album Release Party Tonight, 9pm ET/PT on AUDIENCE. DIRECTV ch 239/U-verse ch 1114. https://t.co/…",Neutral,59.5550,directv,general,,Twitter
Dallas13,Authorized,32.845283,-96.787396,6417 Hillcrest Ave,75205,Sat Oct 22 15:14:45 +0000 2016,RT @ATT: Welcome to the team! @taylorswift13 https://t.co/4h86nLYuLo https://t.co/gAHOi7fPrZ,Positive,84.3125,general,general,,Twitter
Dallas13,Authorized,32.845283,-96.787396,6417 Hillcrest Ave,75205,Sat Oct 22 15:05:49 +0000 2016,RT @ATT: Welcome to the team! @taylorswift13 https://t.co/4h86nLYuLo https://t.co/gAHOi7fPrZ,Positive,84.3125,general,general,,Twitter
Dallas13,Authorized,32.845283,-96.787396,6417 Hillcrest Ave,75205,Sat Oct 22 15:00:54 +0000 2016,"RT @ATT: Hey, Bears! @ATT + @TOMS are coming to game day this week to share their story &amp; #CelebrateGood with fans. Stop by! https://t.co/M…",Positive,88.1188,general,general,,Twitter
Dallas13,Authorized,32.845283,-96.787396,6417 Hillcrest Ave,75205,Sat Oct 22 14:54:39 +0000 2016,"Oops, I forgot to pay my @ATT bill last month.",Negative,68.6860,general,general,,Twitter
Dallas13,Authorized,32.845283,-96.787396,6417 Hillcrest Ave,75205,Sat Oct 22 14:49:32 +0000 2016,RT @ATT: Welcome to the team! @taylorswift13 https://t.co/4h86nLYuLo https://t.co/gAHOi7fPrZ,Positive,84.3125,general,general,,Twitter
Dallas13,Authorized,32.845283,-96.787396,6417 Hillcrest Ave,75205,Sat Oct 22 14:27:15 +0000 2016,"RT @ATT: Watch the @GreenDay @iHeartRadio Album Release Party Tonight, 9pm ET/PT on AUDIENCE. DIRECTV ch 239/U-verse ch 1114. https://t.co/…",Neutral,59.5550,directv,general,,Twitter
Dallas13,Authorized,32.845283,-96.787396,6417 Hillcrest Ave,75205,Sat Oct 22 14:26:22 +0000 2016,RT @ATT: Welcome to the team! @taylorswift13 https://t.co/4h86nLYuLo https://t.co/gAHOi7fPrZ,Positive,84.3125,general,general,,Twitter
Dallas13,Authorized,32.845283,-96.787396,6417 Hillcrest Ave,75205,Sat Oct 22 14:25:46 +0000 2016,"RT @Mail4Felicia: Going on FOUR days without @ATT wireless service, can't get @ATTCares to respond to my latest msg. #ATTCommunity #Custome…",Negative,67.4027,general,general,,Twitter
Dallas13,Authorized,32.845283,-96.787396,6417 Hillcrest Ave,75205,Sat Oct 22 14:21:38 +0000 2016,@_Reflection5H Not necessarily. We’ll be giving away lots of tickets to Taylor fans including AT&amp;T customers &amp; special guests.,Positive,68.3177,general,general,,Twitter
Dallas13,Authorized,32.845283,-96.787396,6417 Hillcrest Ave,75205,Sat Oct 22 14:13:42 +0000 2016,RT @ATT: Welcome to the team! @taylorswift13 https://t.co/4h86nLYuLo https://t.co/gAHOi7fPrZ,Positive,84.3125,general,general,,Twitter
Dallas13,Authorized,32.845283,-96.787396,6417 Hillcrest Ave,75205,Sat Oct 22 14:08:41 +0000 2016,@ATTCares Thanks for shout out/offer of help.  Tech office now open.  Maybe update your website that tech support is not open for biz 24/7?,Positive,69.9655,general,general,,Twitter
Dallas13,Authorized,32.845283,-96.787396,6417 Hillcrest Ave,75205,Sat Oct 22 13:59:17 +0000 2016,RT @ATT: Welcome to the team! @taylorswift13 https://t.co/4h86nLYuLo https://t.co/gAHOi7fPrZ,Positive,84.3125,general,general,,Twitter
Dallas13,Authorized,32.845283,-96.787396,6417 Hillcrest Ave,75205,Sat Oct 22 13:53:34 +0000 2016,RT @ATT: Welcome to the team! @taylorswift13 https://t.co/4h86nLYuLo https://t.co/gAHOi7fPrZ,Positive,84.3125,general,general,,Twitter
Dallas13,Authorized,32.845283,-96.787396,6417 Hillcrest Ave,75205,Sat Oct 22 13:49:02 +0000 2016,"RT @ATT: Watch the @GreenDay @iHeartRadio Album Release Party Tonight, 9pm ET/PT on AUDIENCE. DIRECTV ch 239/U-verse ch 1114. https://t.co/…",Neutral,59.5550,directv,general,,Twitter
Dallas13,Authorized,32.845283,-96.787396,6417 Hillcrest Ave,75205,Sat Oct 22 13:45:19 +0000 2016,"RT @ATT: Watch the @GreenDay @iHeartRadio Album Release Party Tonight, 9pm ET/PT on AUDIENCE. DIRECTV ch 239/U-verse ch 1114. https://t.co/…",Neutral,59.5550,directv,general,,Twitter
Dallas13,Authorized,32.845283,-96.787396,6417 Hillcrest Ave,75205,Sat Oct 22 13:44:54 +0000 2016,"RT @ATT: Watch the @GreenDay @iHeartRadio Album Release Party Tonight, 9pm ET/PT on AUDIENCE. DIRECTV ch 239/U-verse ch 1114. https://t.co/…",Neutral,59.5550,directv,general,,Twitter
Dallas13,Authorized,32.845283,-96.787396,6417 Hillcrest Ave,75205,Sat Oct 22 13:39:55 +0000 2016,RT @ATT: Get a sweet deal on the new iPhone 7 when you switch to AT&amp;T and have DIRECTV. https://t.co/TQVeUkmeZ6 https://t.co/zfZmNpe8AP,Positive,98.0584,directv,general,,Twitter
Dallas13,Authorized,32.845283,-96.787396,6417 Hillcrest Ave,75205,Sat Oct 22 13:31:02 +0000 2016,Telework meetings allow for less driving for hours or dealing with airports https://t.co/ZnDYPDPKEW #greatcollaborate #attemployee,Neutral,58.5271,general,general,,Twitter
Dallas13,Authorized,32.845283,-96.787396,6417 Hillcrest Ave,75205,Sat Oct 22 13:27:30 +0000 2016,"RT @ATT: Watch the @GreenDay @iHeartRadio Album Release Party Tonight, 9pm ET/PT on AUDIENCE. DIRECTV ch 239/U-verse ch 1114. https://t.co/…",Neutral,59.5550,directv,general,,Twitter
Dallas13,Authorized,32.845283,-96.787396,6417 Hillcrest Ave,75205,Sat Oct 22 13:26:42 +0000 2016,RT @ATT: Welcome to the team! @taylorswift13 https://t.co/4h86nLYuLo https://t.co/gAHOi7fPrZ,Positive,84.3125,general,general,,Twitter
Dallas13,Authorized,32.845283,-96.787396,6417 Hillcrest Ave,75205,Sat Oct 22 13:21:03 +0000 2016,RT @ATT: Welcome to the team! @taylorswift13 https://t.co/4h86nLYuLo https://t.co/gAHOi7fPrZ,Positive,84.3125,general,general,,Twitter
Dallas13,Authorized,32.845283,-96.787396,6417 Hillcrest Ave,75205,Sat Oct 22 13:16:50 +0000 2016,"RT @ATT: Watch the @GreenDay @iHeartRadio Album Release Party Tonight, 9pm ET/PT on AUDIENCE. DIRECTV ch 239/U-verse ch 1114. https://t.co/…",Neutral,59.5550,directv,general,,Twitter
Dallas13,Authorized,32.845283,-96.787396,6417 Hillcrest Ave,75205,Sat Oct 22 13:00:02 +0000 2016,"RT @ATT: Watch the @GreenDay @iHeartRadio Album Release Party Tonight, 9pm ET/PT on AUDIENCE. DIRECTV ch 239/U-verse ch 1114. https://t.co/…",Neutral,59.5550,directv,general,,Twitter
Dallas13,Authorized,32.845283,-96.787396,6417 Hillcrest Ave,75205,Sat Oct 22 12:55:31 +0000 2016,"RT @ATT: Watch the @GreenDay @iHeartRadio Album Release Party Tonight, 9pm ET/PT on AUDIENCE. DIRECTV ch 239/U-verse ch 1114. https://t.co/…",Neutral,59.5550,directv,general,,Twitter
Dallas13,Authorized,32.845283,-96.787396,6417 Hillcrest Ave,75205,Sat Oct 22 12:53:15 +0000 2016,AT&amp;T in advanced talks to buy Time Warner: report https://t.co/tbkOot4qXN,Positive,78.3541,general,general,,Twitter
Dallas13,Authorized,32.845283,-96.787396,6417 Hillcrest Ave,75205,Sat Oct 22 12:37:39 +0000 2016,RT @attJOBS: Share what you love about technology with our customers. Now Hiring throughout the Bay Area! https://t.co/ig3a1FgKS4 https://t…,Positive,90.2608,general,general,,Twitter
Dallas13,Authorized,32.845283,-96.787396,6417 Hillcrest Ave,75205,Sat Oct 22 12:28:45 +0000 2016,RT @ATTBusiness: Let us help you fend off cyberattacks. Sign up to receive our #ATTCyberInsights report to craft the right plan: https://t.…,Positive,88.5573,general,general,,Twitter
Dallas13,Authorized,32.845283,-96.787396,6417 Hillcrest Ave,75205,Sat Oct 22 12:28:31 +0000 2016,RT @ATTBusiness: Business-ready is one thing; cybersecurity readiness is another. Access info you need to help defend your data: https://t.…,Neutral,52.8854,general,general,,Twitter
Dallas13,Authorized,32.845283,-96.787396,6417 Hillcrest Ave,75205,Sat Oct 22 12:16:23 +0000 2016,They are just screaming to be labeled a monopoly &amp; broken up like ATT - Can you say anti trust? #Wikileaks #MAGA… https://t.co/QePY4gopo7,Negative,95.1380,general,general,,Twitter
Dallas13,Authorized,32.845283,-96.787396,6417 Hillcrest Ave,75205,Sat Oct 22 11:55:01 +0000 2016,RT @ATT: Welcome to the team! @taylorswift13 https://t.co/4h86nLYuLo https://t.co/gAHOi7fPrZ,Positive,84.3125,general,general,,Twitter
Dallas13,Authorized,32.845283,-96.787396,6417 Hillcrest Ave,75205,Sat Oct 22 11:39:34 +0000 2016,RT @ATT: Welcome to the team! @taylorswift13 https://t.co/4h86nLYuLo https://t.co/gAHOi7fPrZ,Positive,84.3125,general,general,,Twitter
Dallas13,Authorized,32.845283,-96.787396,6417 Hillcrest Ave,75205,Sat Oct 22 11:38:53 +0000 2016,RT @ATT: Welcome to the team! @taylorswift13 https://t.co/4h86nLYuLo https://t.co/gAHOi7fPrZ,Positive,84.3125,general,general,,Twitter
Dallas13,Authorized,32.845283,-96.787396,6417 Hillcrest Ave,75205,Sat Oct 22 11:25:18 +0000 2016,"RT @ATT: Watch the @GreenDay @iHeartRadio Album Release Party Tonight, 9pm ET/PT on AUDIENCE. DIRECTV ch 239/U-verse ch 1114. https://t.co/…",Neutral,59.5550,directv,general,,Twitter
Dallas13,Authorized,32.845283,-96.787396,6417 Hillcrest Ave,75205,Sat Oct 22 11:11:13 +0000 2016,"RT @ATT: Some people may wait a lifetime, but you don't have to. On 11/2-3, AT&amp;T customers can buy @kelly_clarkson tix early. https://t.co/…",Neutral,60.4188,general,general,,Twitter
Dallas13,Authorized,32.845283,-96.787396,6417 Hillcrest Ave,75205,Sat Oct 22 11:10:17 +0000 2016,RT @ATT: Welcome to the team! @taylorswift13 https://t.co/4h86nLYuLo https://t.co/gAHOi7fPrZ,Positive,84.3125,general,general,,Twitter
Dallas13,Authorized,32.845283,-96.787396,6417 Hillcrest Ave,75205,Sat Oct 22 10:32:04 +0000 2016,RT @ATT: Welcome to the team! @taylorswift13 https://t.co/4h86nLYuLo https://t.co/gAHOi7fPrZ,Positive,84.3125,general,general,,Twitter
Dallas13,Authorized,32.845283,-96.787396,6417 Hillcrest Ave,75205,Sat Oct 22 10:09:24 +0000 2016,"RT @ATT: Watch the @GreenDay @iHeartRadio Album Release Party Tonight, 9pm ET/PT on AUDIENCE. DIRECTV ch 239/U-verse ch 1114. https://t.co/…",Neutral,59.5550,directv,general,,Twitter
Dallas13,Authorized,32.845283,-96.787396,6417 Hillcrest Ave,75205,Sat Oct 22 09:31:15 +0000 2016,RT @ATT: Welcome to the team! @taylorswift13 https://t.co/4h86nLYuLo https://t.co/gAHOi7fPrZ,Positive,84.3125,general,general,,Twitter
Dallas13,Authorized,32.845283,-96.787396,6417 Hillcrest Ave,75205,Sat Oct 22 09:20:26 +0000 2016,RT @ATT: Welcome to the team! @taylorswift13 https://t.co/4h86nLYuLo https://t.co/gAHOi7fPrZ,Positive,84.3125,general,general,,Twitter
Dallas13,Authorized,32.845283,-96.787396,6417 Hillcrest Ave,75205,Sat Oct 22 09:16:31 +0000 2016,RT @ATT: Welcome to the team! @taylorswift13 https://t.co/4h86nLYuLo https://t.co/gAHOi7fPrZ,Positive,84.3125,general,general,,Twitter
Dallas13,Authorized,32.845283,-96.787396,6417 Hillcrest Ave,75205,Sat Oct 22 08:56:14 +0000 2016,RT @ATT: Welcome to the team! @taylorswift13 https://t.co/4h86nLYuLo https://t.co/gAHOi7fPrZ,Positive,84.3125,general,general,,Twitter
Dallas13,Authorized,32.845283,-96.787396,6417 Hillcrest Ave,75205,Sat Oct 22 08:31:46 +0000 2016,RT @ATT: Welcome to the team! @taylorswift13 https://t.co/4h86nLYuLo https://t.co/gAHOi7fPrZ,Positive,84.3125,general,general,,Twitter
Dallas13,Authorized,32.845283,-96.787396,6417 Hillcrest Ave,75205,Sat Oct 22 08:30:02 +0000 2016,RT @ATT: Welcome to the team! @taylorswift13 https://t.co/4h86nLYuLo https://t.co/gAHOi7fPrZ,Positive,84.3125,general,general,,Twitter
Dallas13,Authorized,32.845283,-96.787396,6417 Hillcrest Ave,75205,Sat Oct 22 08:04:41 +0000 2016,"RT @ATT: Watch the @GreenDay @iHeartRadio Album Release Party Tonight, 9pm ET/PT on AUDIENCE. DIRECTV ch 239/U-verse ch 1114. https://t.co/…",Neutral,59.5550,directv,general,,Twitter
Dallas13,Authorized,32.845283,-96.787396,6417 Hillcrest Ave,75205,Sat Oct 22 07:50:05 +0000 2016,RT @ATT: Welcome to the team! @taylorswift13 https://t.co/4h86nLYuLo https://t.co/gAHOi7fPrZ,Positive,84.3125,general,general,,Twitter
Dallas13,Authorized,32.845283,-96.787396,6417 Hillcrest Ave,75205,Sat Oct 22 07:40:44 +0000 2016,"RT @ATT: Watch the @GreenDay @iHeartRadio Album Release Party Tonight, 9pm ET/PT on AUDIENCE. DIRECTV ch 239/U-verse ch 1114. https://t.co/…",Neutral,59.5550,directv,general,,Twitter
Dallas13,Authorized,32.845283,-96.787396,6417 Hillcrest Ave,75205,Sat Oct 22 07:34:56 +0000 2016,RT @ATT: Welcome to the team! @taylorswift13 https://t.co/4h86nLYuLo https://t.co/gAHOi7fPrZ,Positive,84.3125,general,general,,Twitter
Dallas13,Authorized,32.845283,-96.787396,6417 Hillcrest Ave,75205,Sat Oct 22 07:28:37 +0000 2016,RT @ATT: Welcome to the team! @taylorswift13 https://t.co/4h86nLYuLo https://t.co/gAHOi7fPrZ,Positive,84.3125,general,general,,Twitter
Dallas13,Authorized,32.845283,-96.787396,6417 Hillcrest Ave,75205,Sat Oct 22 06:42:08 +0000 2016,RT @ATT: Welcome to the team! @taylorswift13 https://t.co/4h86nLYuLo https://t.co/gAHOi7fPrZ,Positive,84.3125,general,general,,Twitter
Dallas13,Authorized,32.845283,-96.787396,6417 Hillcrest Ave,75205,Sat Oct 22 06:23:20 +0000 2016,RT @ATTBusiness: Business-ready is one thing; cybersecurity readiness is another. Access info you need to help defend your data: https://t.…,Neutral,52.8854,general,general,,Twitter
Dallas13,Authorized,32.845283,-96.787396,6417 Hillcrest Ave,75205,Sat Oct 22 06:23:12 +0000 2016,"RT @ATTBusiness: Recently granted his 200th patent, Dale Malik shares his secrets for converting new ideas into a reality: https://t.co/5Zw…",Positive,95.0608,general,general,,Twitter
Dallas13,Authorized,32.845283,-96.787396,6417 Hillcrest Ave,75205,Sat Oct 22 05:51:03 +0000 2016,RT @ATT: Welcome to the team! @taylorswift13 https://t.co/4h86nLYuLo https://t.co/gAHOi7fPrZ,Positive,84.3125,general,general,,Twitter
Dallas13,Authorized,32.845283,-96.787396,6417 Hillcrest Ave,75205,Sat Oct 22 05:47:52 +0000 2016,"RT @ATT: Watch the @GreenDay @iHeartRadio Album Release Party Tonight, 9pm ET/PT on AUDIENCE. DIRECTV ch 239/U-verse ch 1114. https://t.co/…",Neutral,59.5550,directv,general,,Twitter
Dallas13,Authorized,32.845283,-96.787396,6417 Hillcrest Ave,75205,Sat Oct 22 05:04:57 +0000 2016,"RT @ATT: Watch the @GreenDay @iHeartRadio Album Release Party Tonight, 9pm ET/PT on AUDIENCE. DIRECTV ch 239/U-verse ch 1114. https://t.co/…",Neutral,59.5550,directv,general,,Twitter
Dallas13,Authorized,32.845283,-96.787396,6417 Hillcrest Ave,75205,Sat Oct 22 04:58:57 +0000 2016,"RT @ATT: Watch the @GreenDay @iHeartRadio Album Release Party Tonight, 9pm ET/PT on AUDIENCE. DIRECTV ch 239/U-verse ch 1114. https://t.co/…",Neutral,59.5550,directv,general,,Twitter
Dallas13,Authorized,32.845283,-96.787396,6417 Hillcrest Ave,75205,Sat Oct 22 04:37:08 +0000 2016,RT @Uverse: 💋 the ❄️ goodbye 👋 + catch #IceAge Collision Course OnDemand. https://t.co/jzwn0xrX8j https://t.co/WVs9FZcuTm,Positive,65.5676,uverse,general,,Twitter
Dallas13,Authorized,32.845283,-96.787396,6417 Hillcrest Ave,75205,Sat Oct 22 04:25:09 +0000 2016,Why #ATT's pursuit of Time Warner makes sense: ‘It takes an elephant to eat an elephant’ https://t.co/dgP5AIFf5o #DFW #realestate,Negative,63.7114,general,general,,Twitter
Dallas13,Authorized,32.845283,-96.787396,6417 Hillcrest Ave,75205,Sat Oct 22 04:24:51 +0000 2016,"RT @ATT: Watch the @GreenDay @iHeartRadio Album Release Party Tonight, 9pm ET/PT on AUDIENCE. DIRECTV ch 239/U-verse ch 1114. https://t.co/…",Neutral,59.5550,directv,general,,Twitter
Dallas13,Authorized,32.845283,-96.787396,6417 Hillcrest Ave,75205,Sat Oct 22 04:20:13 +0000 2016,"@ATTCares usual customer service. NOT! Tech Support says its open 24/7 but elec voice says ""that office is closed"" #goodbye #toughluck",Positive,75.7544,general,general,,Twitter
Dallas13,Authorized,32.845283,-96.787396,6417 Hillcrest Ave,75205,Sat Oct 22 04:06:03 +0000 2016,RT @ATT: Welcome to the team! @taylorswift13 https://t.co/4h86nLYuLo https://t.co/gAHOi7fPrZ,Positive,84.3125,general,general,,Twitter
Dallas13,Authorized,32.845283,-96.787396,6417 Hillcrest Ave,75205,Sat Oct 22 03:58:41 +0000 2016,@ATT our internet hasn't been working all day - what's the deal #dallas!!,Neutral,50.3138,general,general,,Twitter
Dallas13,Authorized,32.845283,-96.787396,6417 Hillcrest Ave,75205,Sat Oct 22 03:56:42 +0000 2016,"RT @ATT: Watch the @GreenDay @iHeartRadio Album Release Party Tonight, 9pm ET/PT on AUDIENCE. DIRECTV ch 239/U-verse ch 1114. https://t.co/…",Neutral,59.5550,directv,general,,Twitter
Dallas13,Authorized,32.845283,-96.787396,6417 Hillcrest Ave,75205,Sat Oct 22 03:51:05 +0000 2016,RT @ATT: Welcome to the team! @taylorswift13 https://t.co/4h86nLYuLo https://t.co/gAHOi7fPrZ,Positive,84.3125,general,general,,Twitter
Dallas13,Authorized,32.845283,-96.787396,6417 Hillcrest Ave,75205,Sat Oct 22 03:45:00 +0000 2016,"RT @ATT: Watch the @GreenDay @iHeartRadio Album Release Party Tonight, 9pm ET/PT on AUDIENCE. DIRECTV ch 239/U-verse ch 1114. https://t.co/…",Neutral,59.5550,directv,general,,Twitter
Dallas13,Authorized,32.845283,-96.787396,6417 Hillcrest Ave,75205,Sat Oct 22 03:42:55 +0000 2016,RT @ATT: Welcome to the team! @taylorswift13 https://t.co/4h86nLYuLo https://t.co/gAHOi7fPrZ,Positive,84.3125,general,general,,Twitter
Dallas13,Authorized,32.845283,-96.787396,6417 Hillcrest Ave,75205,Sat Oct 22 03:37:04 +0000 2016,"RT @ATT: Some people may wait a lifetime, but you don't have to. On 11/2-3, AT&amp;T customers can buy @kelly_clarkson tix early. https://t.co/…",Neutral,60.4188,general,general,,Twitter
Dallas13,Authorized,32.845283,-96.787396,6417 Hillcrest Ave,75205,Sat Oct 22 03:25:35 +0000 2016,"RT @ATT: Watch the @GreenDay @iHeartRadio Album Release Party Tonight, 9pm ET/PT on AUDIENCE. DIRECTV ch 239/U-verse ch 1114. https://t.co/…",Neutral,59.5550,directv,general,,Twitter
Dallas13,Authorized,32.845283,-96.787396,6417 Hillcrest Ave,75205,Sat Oct 22 03:22:15 +0000 2016,There reason traditional journalism is dead is because consumers demand content entertainment. https://t.co/Mr1JEJmszC,Neutral,55.7666,general,general,,Twitter
Dallas13,Authorized,32.845283,-96.787396,6417 Hillcrest Ave,75205,Sat Oct 22 03:20:36 +0000 2016,RT @DougMagditch: What’s different about 5G than previous “G’s”? https://t.co/XlcCCSdote #attemployee https://t.co/ateRpmwCPC,Positive,62.7362,general,general,,Twitter
Dallas13,Authorized,32.845283,-96.787396,6417 Hillcrest Ave,75205,Sat Oct 22 03:17:51 +0000 2016,RT @ATTBusiness: Business-ready is one thing; cybersecurity readiness is another. Access info you need to help defend your data: https://t.…,Neutral,52.8854,general,general,,Twitter
Dallas13,Authorized,32.845283,-96.787396,6417 Hillcrest Ave,75205,Sat Oct 22 03:17:26 +0000 2016,"RT @ATT: Some people may wait a lifetime, but you don't have to. On 11/2-3, AT&amp;T customers can buy @kelly_clarkson tix early. https://t.co/…",Neutral,60.4188,general,general,,Twitter
Dallas13,Authorized,32.845283,-96.787396,6417 Hillcrest Ave,75205,Sat Oct 22 03:16:56 +0000 2016,RT @ktgonkt: When all the aunties of the family come together for thanksgiving dinner https://t.co/Y5YCJkHn4n,Positive,93.0346,general,general,,Twitter
Dallas13,Authorized,32.845283,-96.787396,6417 Hillcrest Ave,75205,Sat Oct 22 03:15:07 +0000 2016,RT @ATT: Welcome to the team! @taylorswift13 https://t.co/4h86nLYuLo https://t.co/gAHOi7fPrZ,Positive,84.3125,general,general,,Twitter
Dallas13,Authorized,32.845283,-96.787396,6417 Hillcrest Ave,75205,Sat Oct 22 03:13:08 +0000 2016,"RT @ATT: Watch the @GreenDay @iHeartRadio Album Release Party Tonight, 9pm ET/PT on AUDIENCE. DIRECTV ch 239/U-verse ch 1114. https://t.co/…",Neutral,59.5550,directv,general,,Twitter
Dallas13,Authorized,32.845283,-96.787396,6417 Hillcrest Ave,75205,Sat Oct 22 03:12:49 +0000 2016,"RT @ATT: Watch the @GreenDay @iHeartRadio Album Release Party Tonight, 9pm ET/PT on AUDIENCE. DIRECTV ch 239/U-verse ch 1114. https://t.co/…",Neutral,59.5550,directv,general,,Twitter
Dallas13,Authorized,32.845283,-96.787396,6417 Hillcrest Ave,75205,Sat Oct 22 03:12:01 +0000 2016,RT @ATTBusiness: Let us help you fend off cyberattacks. Sign up to receive our #ATTCyberInsights report to craft the right plan: https://t.…,Positive,88.5573,general,general,,Twitter
Dallas13,Authorized,32.845283,-96.787396,6417 Hillcrest Ave,75205,Sat Oct 22 03:11:37 +0000 2016,@SopanDeb Imagine what a Trump presidency would look like with the ATT/Time Warner marriage.  Goodbye competition and hello HIGHER PRICES.,Neutral,60.7029,general,general,,Twitter
Dallas13,Authorized,32.845283,-96.787396,6417 Hillcrest Ave,75205,Sat Oct 22 03:11:09 +0000 2016,RT @ATTBusiness: Business-ready is one thing; cybersecurity readiness is another. Access info you need to help defend your data: https://t.…,Neutral,52.8854,general,general,,Twitter
Dallas13,Authorized,32.845283,-96.787396,6417 Hillcrest Ave,75205,Sat Oct 22 03:05:05 +0000 2016,RT @ATT: Welcome to the team! @taylorswift13 https://t.co/4h86nLYuLo https://t.co/gAHOi7fPrZ,Positive,84.3125,general,general,,Twitter
Dallas13,Authorized,32.845283,-96.787396,6417 Hillcrest Ave,75205,Sat Oct 22 03:02:51 +0000 2016,RT @ATT: Welcome to the team! @taylorswift13 https://t.co/4h86nLYuLo https://t.co/gAHOi7fPrZ,Positive,84.3125,general,general,,Twitter
Dallas13,Authorized,32.845283,-96.787396,6417 Hillcrest Ave,75205,Sat Oct 22 03:02:03 +0000 2016,I'm watching Munyar Rhazy https://t.co/B4vf2ETIAF via @sharethis,Negative,65.2630,general,general,,Twitter
Dallas13,Authorized,32.845283,-96.787396,6417 Hillcrest Ave,75205,Sat Oct 22 03:01:10 +0000 2016,Why #ATT's pursuit of Time Warner makes sense: ‘It takes an elephant to eat an elephant’ https://t.co/0Bnw3LMJ5A #DFW,Negative,63.7114,general,general,,Twitter
