Dallas12,Authorized,32.836504,-96.771185,5618 E Mockingbird Lane,75206,Wed Oct 19 05:47:28 +0000 2016,RT @ATT: AT&amp;T #Fiber - The future of the internet is now! Starting with a 1000 Mbps connection. https://t.co/gptqILMHmT,Positive,84.1944,fiber,general,,Twitter
Dallas12,Authorized,32.836504,-96.771185,5618 E Mockingbird Lane,75206,Wed Oct 19 04:16:09 +0000 2016,RT @ATT: AT&amp;T #Fiber - The future of the internet is now! Starting with a 1000 Mbps connection. https://t.co/Rw8zxmVDRY,Positive,84.1944,fiber,general,,Twitter
Dallas12,Authorized,32.836504,-96.771185,5618 E Mockingbird Lane,75206,Wed Oct 19 03:51:07 +0000 2016,"@ATTCares they chose to fill a full 16:9 screen when original film is 2.40:1, changing original vision. Who makes these choices?",Negative,77.1329,general,general,,Twitter
Dallas12,Authorized,32.836504,-96.771185,5618 E Mockingbird Lane,75206,Wed Oct 19 03:44:08 +0000 2016,RT @ATT: AT&amp;T #Fiber - The future of the internet is now! Starting with a 1000 Mbps connection. https://t.co/ELBHHMfflF,Positive,84.1944,fiber,general,,Twitter
Dallas12,Authorized,32.836504,-96.771185,5618 E Mockingbird Lane,75206,Wed Oct 19 03:43:38 +0000 2016,"@ATTCares Ondemand movie being played. TV is set correct. The problem is distributor/broadcaster choices, not hardware on my end.",Negative,96.6084,general,general,,Twitter
Dallas12,Authorized,32.836504,-96.771185,5618 E Mockingbird Lane,75206,Wed Oct 19 03:21:54 +0000 2016,@ATTCares the arts district,Neutral,50.0000,general,general,,Twitter
Dallas12,Authorized,32.836504,-96.771185,5618 E Mockingbird Lane,75206,Wed Oct 19 03:10:09 +0000 2016,RT @EJHolland247: 👎🏻👎🏻👎🏻 Team @ATT  https://t.co/sbavZ9EPEX,Neutral,59.8378,general,general,,Twitter
Dallas12,Authorized,32.836504,-96.771185,5618 E Mockingbird Lane,75206,Wed Oct 19 03:09:25 +0000 2016,👎🏻👎🏻👎🏻 Team @ATT  https://t.co/sbavZ9EPEX,Neutral,59.8378,general,general,,Twitter
Dallas12,Authorized,32.836504,-96.771185,5618 E Mockingbird Lane,75206,Wed Oct 19 02:48:25 +0000 2016,"Dear @ATT and @Uverse, please stop center crop. If a movie was shot in 2.35:1 it should be broadcasted that way. I want my money back.",Negative,100.0000,uverse,general,,Twitter
Dallas12,Authorized,32.836504,-96.771185,5618 E Mockingbird Lane,75206,Wed Oct 19 02:42:44 +0000 2016,@ATTCares I'm steaming #nextflix but it's all of sudden figured out the probs. We're good for now. Thanks for responding.  :),Negative,97.8558,general,general,,Twitter
Dallas12,Authorized,32.836504,-96.771185,5618 E Mockingbird Lane,75206,Wed Oct 19 02:36:03 +0000 2016,RT @ATT: Welcome to the team! @taylorswift13 https://t.co/4h86nLYuLo https://t.co/gAHOi7fPrZ,Positive,84.3125,general,general,,Twitter
Dallas12,Authorized,32.836504,-96.771185,5618 E Mockingbird Lane,75206,Wed Oct 19 02:26:08 +0000 2016,"Gotta love that one bar, @ATTCares. https://t.co/IduQedlep6",Positive,89.1947,general,general,,Twitter
Dallas12,Authorized,32.836504,-96.771185,5618 E Mockingbird Lane,75206,Wed Oct 19 02:22:04 +0000 2016,@ATTCares the past 3 weeks or so maybe more. This is unacceptable.,Neutral,56.6896,general,general,,Twitter
Dallas12,Authorized,32.836504,-96.771185,5618 E Mockingbird Lane,75206,Wed Oct 19 02:22:02 +0000 2016,@ATTCares doing the same thing. Now it seems like the DVR has stopped working as well. This is beyond annoying. We've had a tech here for,Negative,99.6111,general,general,,Twitter
Dallas12,Authorized,32.836504,-96.771185,5618 E Mockingbird Lane,75206,Wed Oct 19 02:22:01 +0000 2016,"@ATTCares the service cuts out about 5-10 times per hour. We've had techs come out and move the wap, out in new hardware, rewire, and still",Positive,76.1157,general,general,,Twitter
Dallas12,Authorized,32.836504,-96.771185,5618 E Mockingbird Lane,75206,Wed Oct 19 02:20:42 +0000 2016,RT @ATT: Heading to Cuba? Take your phone along for the trip + stay connected to those back home. https://t.co/euhz4Z6Zbb https://t.co/AiPS…,Neutral,50.8130,general,general,,Twitter
Dallas12,Authorized,32.836504,-96.771185,5618 E Mockingbird Lane,75206,Wed Oct 19 02:15:28 +0000 2016,RT @ATT: Welcome to the team! @taylorswift13 https://t.co/4h86nLYuLo https://t.co/gAHOi7fPrZ,Positive,84.3125,general,general,,Twitter
Dallas12,Authorized,32.836504,-96.771185,5618 E Mockingbird Lane,75206,Wed Oct 19 02:07:42 +0000 2016,RT @ATT: Welcome to the team! @taylorswift13 https://t.co/4h86nLYuLo https://t.co/gAHOi7fPrZ,Positive,84.3125,general,general,,Twitter
Dallas12,Authorized,32.836504,-96.771185,5618 E Mockingbird Lane,75206,Wed Oct 19 02:06:06 +0000 2016,RT @ATT: Welcome to the team! @taylorswift13 https://t.co/4h86nLYuLo https://t.co/gAHOi7fPrZ,Positive,84.3125,general,general,,Twitter
Dallas12,Authorized,32.836504,-96.771185,5618 E Mockingbird Lane,75206,Wed Oct 19 02:03:39 +0000 2016,RT @ATT: Welcome to the team! @taylorswift13 https://t.co/4h86nLYuLo https://t.co/gAHOi7fPrZ,Positive,84.3125,general,general,,Twitter
Dallas12,Authorized,32.836504,-96.771185,5618 E Mockingbird Lane,75206,Wed Oct 19 02:01:20 +0000 2016,Dear @Uverse I'm having all sorts of probs right now. Broadband mainly. But #Spectrum has moved into town. Hmm...how should I choose.,Neutral,56.1672,uverse,general,,Twitter
Dallas12,Authorized,32.836504,-96.771185,5618 E Mockingbird Lane,75206,Wed Oct 19 01:57:36 +0000 2016,"RT @ATT: @trenni We're blushing, Trenni! Thank you. 😊 #ATTLove https://t.co/HG7mV71mOU",Neutral,59.5127,general,general,,Twitter
Dallas12,Authorized,32.836504,-96.771185,5618 E Mockingbird Lane,75206,Wed Oct 19 01:31:51 +0000 2016,RT @ATT: Welcome to the team! @taylorswift13 https://t.co/4h86nLYuLo https://t.co/gAHOi7fPrZ,Positive,84.3125,general,general,,Twitter
Dallas12,Authorized,32.836504,-96.771185,5618 E Mockingbird Lane,75206,Wed Oct 19 01:21:40 +0000 2016,@Uverse is your wifi down in Dallas?,Neutral,57.0977,uverse,general,,Twitter
Dallas12,Authorized,32.836504,-96.771185,5618 E Mockingbird Lane,75206,Wed Oct 19 01:21:20 +0000 2016,@ATTCares nothing. Is this going to be our whole second year of the contract? I'm ready to switch.,Negative,75.8654,general,general,,Twitter
Dallas12,Authorized,32.836504,-96.771185,5618 E Mockingbird Lane,75206,Wed Oct 19 01:21:19 +0000 2016,@ATTCares why does your service suck so much? I see this screen more than the actual TV.  Numerous repair men have… https://t.co/j0ehOZUeUG,Negative,93.3233,general,general,,Twitter
Dallas12,Authorized,32.836504,-96.771185,5618 E Mockingbird Lane,75206,Wed Oct 19 01:16:50 +0000 2016,RT @ATT: Welcome to the team! @taylorswift13 https://t.co/4h86nLYuLo https://t.co/gAHOi7fPrZ,Positive,84.3125,general,general,,Twitter
Dallas12,Authorized,32.836504,-96.771185,5618 E Mockingbird Lane,75206,Wed Oct 19 01:15:54 +0000 2016,RT @JordanSpieth: .@NotahBegay3 with the birdie for Team @ATT at the #SpiethShootout https://t.co/ssL2vULkxd,Positive,67.0439,general,general,,Twitter
Dallas12,Authorized,32.836504,-96.771185,5618 E Mockingbird Lane,75206,Wed Oct 19 01:03:53 +0000 2016,RT @JordanSpieth: Here’s your chance to win my @ATT golf bag on the cover of this month's @GolfDigest: https://t.co/G0S6fDyThW https://t.co…,Negative,99.4135,general,general,,Twitter
Dallas12,Authorized,32.836504,-96.771185,5618 E Mockingbird Lane,75206,Wed Oct 19 01:00:39 +0000 2016,RT @ATT: Welcome to the team! @taylorswift13 https://t.co/4h86nLYuLo https://t.co/gAHOi7fPrZ,Positive,84.3125,general,general,,Twitter
Dallas12,Authorized,32.836504,-96.771185,5618 E Mockingbird Lane,75206,Wed Oct 19 00:38:25 +0000 2016,RT @ATT: Welcome to the team! @taylorswift13 https://t.co/4h86nLYuLo https://t.co/gAHOi7fPrZ,Positive,84.3125,general,general,,Twitter
Dallas12,Authorized,32.836504,-96.771185,5618 E Mockingbird Lane,75206,Wed Oct 19 00:23:31 +0000 2016,How come tmobile has the iphones to deliver and @ATT @ATTCares doesn't?,Negative,79.6816,general,general,,Twitter
Dallas12,Authorized,32.836504,-96.771185,5618 E Mockingbird Lane,75206,Wed Oct 19 00:21:19 +0000 2016,RT @ATT: Welcome to the team! @taylorswift13 https://t.co/4h86nLYuLo https://t.co/gAHOi7fPrZ,Positive,84.3125,general,general,,Twitter
Dallas12,Authorized,32.836504,-96.771185,5618 E Mockingbird Lane,75206,Wed Oct 19 00:06:15 +0000 2016,RT @ATT: AT&amp;T #Fiber - The future of the internet is now! Starting with a 1000 Mbps connection. https://t.co/ELBHHMfflF,Positive,84.1944,fiber,general,,Twitter
Dallas12,Authorized,32.836504,-96.771185,5618 E Mockingbird Lane,75206,Wed Oct 19 00:05:09 +0000 2016,RT @JordanSpieth: .@NotahBegay3 with the birdie for Team @ATT at the #SpiethShootout https://t.co/ssL2vULkxd,Positive,67.0439,general,general,,Twitter
Dallas12,Authorized,32.836504,-96.771185,5618 E Mockingbird Lane,75206,Wed Oct 19 00:01:44 +0000 2016,RT @ATT: Welcome to the team! @taylorswift13 https://t.co/4h86nLYuLo https://t.co/gAHOi7fPrZ,Positive,84.3125,general,general,,Twitter
Dallas12,Authorized,32.836504,-96.771185,5618 E Mockingbird Lane,75206,Tue Oct 18 23:56:26 +0000 2016,RT @ATT: AT&amp;T #Fiber - The future of the internet is now! Starting with a 1000 Mbps connection. https://t.co/gptqILMHmT,Positive,84.1944,fiber,general,,Twitter
