Dallas2,Corporate,32.8111091,-96.8092962,3329 Oak Lawn Avenue,75219,Tue Oct 25 11:07:38 +0000 2016,"Early voting records, rising #healthcare costs, #ATT merger updates: Your Tuesday morning #news… https://t.co/VB5Nw3sGwF #DFW #realestate",Negative,78.3493,general,general,,Twitter
Dallas2,Corporate,32.8111091,-96.8092962,3329 Oak Lawn Avenue,75219,Tue Oct 25 11:01:53 +0000 2016,"RT @dallasnews: #EarlyVoting records, rising health care costs, AT&amp;T merger updates: Your Tuesday morning news roundup | https://t.co/qEnxI…",Negative,63.9145,general,general,,Twitter
Dallas2,Corporate,32.8111091,-96.8092962,3329 Oak Lawn Avenue,75219,Tue Oct 25 11:01:15 +0000 2016,"#EarlyVoting records, rising health care costs, AT&amp;T merger updates: Your Tuesday morning news roundup |… https://t.co/sC7d5rKUbh",Negative,63.9145,general,general,,Twitter
Dallas2,Corporate,32.8111091,-96.8092962,3329 Oak Lawn Avenue,75219,Tue Oct 25 10:48:21 +0000 2016,.@nytimes Major #entertainment companies margins are eroding - struggling to find new ways to reach customers. https://t.co/E5GMMLIvpA,Positive,78.3848,general,general,,Twitter
Dallas2,Corporate,32.8111091,-96.8092962,3329 Oak Lawn Avenue,75219,Tue Oct 25 10:46:24 +0000 2016,What the AT https://t.co/u1XAUeyhPI,Neutral,57.0478,general,general,,Twitter
Dallas2,Corporate,32.8111091,-96.8092962,3329 Oak Lawn Avenue,75219,Tue Oct 25 10:29:50 +0000 2016,RT @attJOBS: Our new #SanFrancisco flagship store is restored and ready for the future with our latest technology. Take a look: https://t.c…,Positive,96.3812,general,store experience,,Twitter
Dallas2,Corporate,32.8111091,-96.8092962,3329 Oak Lawn Avenue,75219,Tue Oct 25 10:28:08 +0000 2016,RT @attJOBS: You don't have to go back to school to continue learning. Try these tips to learn something new: https://t.co/N1AjraH8jR #Moti…,Neutral,50.1178,general,general,,Twitter
Dallas2,Corporate,32.8111091,-96.8092962,3329 Oak Lawn Avenue,75219,Tue Oct 25 10:23:13 +0000 2016,RT @ATT: The #futureofvideo is mobile and the #futureofmobile is video. Time Warner + AT&amp;T make it happen! @twxcorp https://t.co/GKx4U9TQYg,Neutral,56.0321,general,general,,Twitter
Dallas2,Corporate,32.8111091,-96.8092962,3329 Oak Lawn Avenue,75219,Tue Oct 25 10:21:14 +0000 2016,"""Morning Agenda: A New Media Order, Crisis Echos, MetLife Disputes Its Status"" by AMIE TSANG via NYT The New York … https://t.co/vsPz9VuVcJ",Positive,96.2596,general,general,,Twitter
Dallas2,Corporate,32.8111091,-96.8092962,3329 Oak Lawn Avenue,75219,Tue Oct 25 10:17:10 +0000 2016,"RT @dmn_cowboys: No playoff games at AT&amp;T Stadium the first 3 rounds, but The Star may host postseason games the first 5 rounds  https://t.…",Positive,64.6555,general,general,,Twitter
Dallas2,Corporate,32.8111091,-96.8092962,3329 Oak Lawn Avenue,75219,Tue Oct 25 10:14:17 +0000 2016,"RT @bodyrecruit: @WomenOfATT_ERG 
AT&amp;T Hiring Sales Executive Field Sales #Des Peres, MO. Spread the word about the good #LifeAtATT. https:…",Negative,77.6346,general,general,,Twitter
Dallas2,Corporate,32.8111091,-96.8092962,3329 Oak Lawn Avenue,75219,Tue Oct 25 10:10:39 +0000 2016,RT @RickTweetTweet: AT&amp;T Employees Break Records for Stop Hunger Now #ATTimpact https://t.co/f7k0rq100P #attemployee https://t.co/pUbfsZkOYe,Positive,72.3983,general,general,,Twitter
Dallas2,Corporate,32.8111091,-96.8092962,3329 Oak Lawn Avenue,75219,Tue Oct 25 09:47:21 +0000 2016,RT @ATTBusiness: #IoT makes reaching into this vending machine like reaching into a garden. Check it out: https://t.co/1Dk54D1pvz #National…,Positive,86.5104,general,general,,Twitter
Dallas2,Corporate,32.8111091,-96.8092962,3329 Oak Lawn Avenue,75219,Tue Oct 25 09:29:32 +0000 2016,RT @ATT: Welcome to the team! @taylorswift13 https://t.co/4h86nLYuLo https://t.co/gAHOi7fPrZ,Positive,84.3125,general,general,,Twitter
Dallas2,Corporate,32.8111091,-96.8092962,3329 Oak Lawn Avenue,75219,Tue Oct 25 08:57:40 +0000 2016,RT @ATT: Welcome to the team! @taylorswift13 https://t.co/4h86nLYuLo https://t.co/gAHOi7fPrZ,Positive,84.3125,general,general,,Twitter
Dallas2,Corporate,32.8111091,-96.8092962,3329 Oak Lawn Avenue,75219,Tue Oct 25 08:54:06 +0000 2016,RT @ATT: Welcome to the team! @taylorswift13 https://t.co/4h86nLYuLo https://t.co/gAHOi7fPrZ,Positive,84.3125,general,general,,Twitter
Dallas2,Corporate,32.8111091,-96.8092962,3329 Oak Lawn Avenue,75219,Tue Oct 25 08:53:21 +0000 2016,RT @ATT: Welcome to the team! @taylorswift13 https://t.co/4h86nLYuLo https://t.co/gAHOi7fPrZ,Positive,84.3125,general,general,,Twitter
Dallas2,Corporate,32.8111091,-96.8092962,3329 Oak Lawn Avenue,75219,Tue Oct 25 08:50:16 +0000 2016,RT @ATT: Welcome to the team! @taylorswift13 https://t.co/4h86nLYuLo https://t.co/gAHOi7fPrZ,Positive,84.3125,general,general,,Twitter
Dallas2,Corporate,32.8111091,-96.8092962,3329 Oak Lawn Avenue,75219,Tue Oct 25 08:41:45 +0000 2016,"@Ask_Spectrum good, because I hate ATT Cable and Internet.
I'm happy you bought TWC and now you can make it better!",Negative,91.1391,general,general,,Twitter
Dallas2,Corporate,32.8111091,-96.8092962,3329 Oak Lawn Avenue,75219,Tue Oct 25 07:31:33 +0000 2016,Look at this goddamn chart - The Verge https://t.co/63CmwDA7SN,Neutral,53.7954,general,general,,Twitter
Dallas2,Corporate,32.8111091,-96.8092962,3329 Oak Lawn Avenue,75219,Tue Oct 25 07:20:42 +0000 2016,RT @ATT: Get a sweet deal on the new iPhone 7 when you switch to AT&amp;T and have DIRECTV. https://t.co/TQVeUkmeZ6 https://t.co/zfZmNpe8AP,Positive,98.0584,directv,general,,Twitter
Dallas2,Corporate,32.8111091,-96.8092962,3329 Oak Lawn Avenue,75219,Tue Oct 25 07:11:49 +0000 2016,RT @ATT: Get a sweet deal on the new iPhone 7 when you switch to AT&amp;T and have DIRECTV. https://t.co/TQVeUkmeZ6 https://t.co/zfZmNpe8AP,Positive,98.0584,directv,general,,Twitter
Dallas2,Corporate,32.8111091,-96.8092962,3329 Oak Lawn Avenue,75219,Tue Oct 25 07:11:29 +0000 2016,RT @ATT: Another reason to smile for the camera. The #LGV20 from @LGUSAMobile will be available in stores starting today. https://t.co/TILu…,Positive,86.0616,general,general,,Twitter
Dallas2,Corporate,32.8111091,-96.8092962,3329 Oak Lawn Avenue,75219,Tue Oct 25 06:48:32 +0000 2016,"RT @dmn_cowboys: No playoff games at AT&amp;T Stadium the first 3 rounds, but The Star may host postseason games the first 5 rounds  https://t.…",Positive,64.6555,general,general,,Twitter
Dallas2,Corporate,32.8111091,-96.8092962,3329 Oak Lawn Avenue,75219,Tue Oct 25 06:48:11 +0000 2016,RT @ATT: Welcome to the team! @taylorswift13 https://t.co/4h86nLYuLo https://t.co/gAHOi7fPrZ,Positive,84.3125,general,general,,Twitter
Dallas2,Corporate,32.8111091,-96.8092962,3329 Oak Lawn Avenue,75219,Tue Oct 25 06:25:47 +0000 2016,RT @ATT: Welcome to the team! @taylorswift13 https://t.co/4h86nLYuLo https://t.co/gAHOi7fPrZ,Positive,84.3125,general,general,,Twitter
Dallas2,Corporate,32.8111091,-96.8092962,3329 Oak Lawn Avenue,75219,Tue Oct 25 06:20:06 +0000 2016,RT @ATT: Welcome to the team! @taylorswift13 https://t.co/4h86nLYuLo https://t.co/gAHOi7fPrZ,Positive,84.3125,general,general,,Twitter
Dallas2,Corporate,32.8111091,-96.8092962,3329 Oak Lawn Avenue,75219,Tue Oct 25 06:16:28 +0000 2016,RT @ATT: Welcome to the team! @taylorswift13 https://t.co/4h86nLYuLo https://t.co/gAHOi7fPrZ,Positive,84.3125,general,general,,Twitter
Dallas2,Corporate,32.8111091,-96.8092962,3329 Oak Lawn Avenue,75219,Tue Oct 25 06:12:12 +0000 2016,RT @ATT: Welcome to the team! @taylorswift13 https://t.co/4h86nLYuLo https://t.co/gAHOi7fPrZ,Positive,84.3125,general,general,,Twitter
Dallas2,Corporate,32.8111091,-96.8092962,3329 Oak Lawn Avenue,75219,Tue Oct 25 06:10:15 +0000 2016,Netflix’s Reed Hastings believes AT&amp;T Time Warner merger could be good for consumers https://t.co/oM6Y3qrqKZ https://t.co/Cm0q7RXBuI,Negative,69.3597,general,general,,Twitter
Dallas2,Corporate,32.8111091,-96.8092962,3329 Oak Lawn Avenue,75219,Tue Oct 25 05:59:23 +0000 2016,Swift Opposition to Resurrection of AT&amp;T Giant - The New York Times https://t.co/icO0gx1a4e,Positive,86.4489,general,general,,Twitter
Dallas2,Corporate,32.8111091,-96.8092962,3329 Oak Lawn Avenue,75219,Tue Oct 25 05:40:48 +0000 2016,RT @ATT: Welcome to the team! @taylorswift13 https://t.co/4h86nLYuLo https://t.co/gAHOi7fPrZ,Positive,84.3125,general,general,,Twitter
Dallas2,Corporate,32.8111091,-96.8092962,3329 Oak Lawn Avenue,75219,Tue Oct 25 05:39:26 +0000 2016,Netflix’s Reed Hastings believes AT&amp;T Time Warner merger could be good for consumers https://t.co/vvUXTN4VJl,Negative,69.3597,general,general,,Twitter
Dallas2,Corporate,32.8111091,-96.8092962,3329 Oak Lawn Avenue,75219,Tue Oct 25 05:16:10 +0000 2016,"RT @ATT: We’ve invented something so simple, you never saw it coming. https://t.co/BGiXAhWIcU https://t.co/mtFsW0A3Dd",Neutral,53.2210,general,general,,Twitter
Dallas2,Corporate,32.8111091,-96.8092962,3329 Oak Lawn Avenue,75219,Tue Oct 25 05:13:03 +0000 2016,Why does my wifi not work @ATT,Negative,94.8507,general,general,,Twitter
Dallas2,Corporate,32.8111091,-96.8092962,3329 Oak Lawn Avenue,75219,Tue Oct 25 05:11:53 +0000 2016,"RT @ATT: @JenSwirsky Thanks for the shout out, Jen! We will make sure to share the #ATTLove ❤️ https://t.co/uUV9AnWu93",Positive,91.0505,general,general,,Twitter
Dallas2,Corporate,32.8111091,-96.8092962,3329 Oak Lawn Avenue,75219,Tue Oct 25 05:09:52 +0000 2016,RT @ATT: Welcome to the team! @taylorswift13 https://t.co/4h86nLYuLo https://t.co/gAHOi7fPrZ,Positive,84.3125,general,general,,Twitter
Dallas2,Corporate,32.8111091,-96.8092962,3329 Oak Lawn Avenue,75219,Tue Oct 25 04:54:33 +0000 2016,RT @ATT: Get a sweet deal on the new iPhone 7 when you switch to AT&amp;T and have DIRECTV. https://t.co/TQVeUkmeZ6 https://t.co/zfZmNpe8AP,Positive,98.0584,directv,general,,Twitter
Dallas2,Corporate,32.8111091,-96.8092962,3329 Oak Lawn Avenue,75219,Tue Oct 25 04:46:18 +0000 2016,@ATT customer service may be the death of me tonight. I might actually die before they get my wifi to work on my computer 😑,Negative,99.2606,general,general,,Twitter
Dallas2,Corporate,32.8111091,-96.8092962,3329 Oak Lawn Avenue,75219,Tue Oct 25 04:45:31 +0000 2016,RT @ATTBusiness: Business-ready is one thing; cybersecurity readiness is another. Access info you need to help defend your data: https://t.…,Neutral,52.8854,general,general,,Twitter
Dallas2,Corporate,32.8111091,-96.8092962,3329 Oak Lawn Avenue,75219,Tue Oct 25 04:12:10 +0000 2016,"No playoff games at AT&amp;T Stadium the first 3 rounds, but The Star may host postseason games the first 5 rounds  https://t.co/ZjUcRZLiqY",Positive,64.6555,general,general,,Twitter
Dallas2,Corporate,32.8111091,-96.8092962,3329 Oak Lawn Avenue,75219,Tue Oct 25 04:05:19 +0000 2016,RT @ATT: Welcome to the team! @taylorswift13 https://t.co/4h86nLYuLo https://t.co/gAHOi7fPrZ,Positive,84.3125,general,general,,Twitter
Dallas2,Corporate,32.8111091,-96.8092962,3329 Oak Lawn Avenue,75219,Tue Oct 25 04:04:42 +0000 2016,RT @ATT: Welcome to the team! @taylorswift13 https://t.co/4h86nLYuLo https://t.co/gAHOi7fPrZ,Positive,84.3125,general,general,,Twitter
Dallas2,Corporate,32.8111091,-96.8092962,3329 Oak Lawn Avenue,75219,Tue Oct 25 04:02:08 +0000 2016,RT @ATT: Welcome to the team! @taylorswift13 https://t.co/4h86nLYuLo https://t.co/gAHOi7fPrZ,Positive,84.3125,general,general,,Twitter
Dallas2,Corporate,32.8111091,-96.8092962,3329 Oak Lawn Avenue,75219,Tue Oct 25 03:46:30 +0000 2016,"@JenSwirsky Thanks for the shout out, Jen! We will make sure to share the #ATTLove ❤️ https://t.co/uUV9AnWu93",Positive,91.0505,general,general,,Twitter
Dallas2,Corporate,32.8111091,-96.8092962,3329 Oak Lawn Avenue,75219,Tue Oct 25 03:44:01 +0000 2016,"Check your DMs, Rick https://t.co/Y1gHGcEQVq",Neutral,54.1291,general,general,,Twitter
Dallas2,Corporate,32.8111091,-96.8092962,3329 Oak Lawn Avenue,75219,Tue Oct 25 03:35:03 +0000 2016,RT @ATT: Welcome to the team! @taylorswift13 https://t.co/4h86nLYuLo https://t.co/gAHOi7fPrZ,Positive,84.3125,general,general,,Twitter
Dallas2,Corporate,32.8111091,-96.8092962,3329 Oak Lawn Avenue,75219,Tue Oct 25 03:22:03 +0000 2016,"@Cassiiidy____ Hi, could you please send us a DM with more details and your account info? Thank you.",Positive,88.1719,general,general,,Twitter
Dallas2,Corporate,32.8111091,-96.8092962,3329 Oak Lawn Avenue,75219,Tue Oct 25 03:19:49 +0000 2016,"RT @dallasnews: .@CNN, @HBO and more: A look at the brands @ATT inherits in its Time Warner deal https://t.co/nVGFN5muR4 | @paul_o_donnell…",Positive,96.3719,general,general,,Twitter
Dallas2,Corporate,32.8111091,-96.8092962,3329 Oak Lawn Avenue,75219,Tue Oct 25 03:12:36 +0000 2016,RT @ATT: Get a sweet deal on the new iPhone 7 when you switch to AT&amp;T and have DIRECTV. https://t.co/TQVeUkmeZ6 https://t.co/zfZmNpe8AP,Positive,98.0584,directv,general,,Twitter
Dallas2,Corporate,32.8111091,-96.8092962,3329 Oak Lawn Avenue,75219,Tue Oct 25 03:09:57 +0000 2016,"RT @DMNBiz: Speak now: Why critics want the $108 billion marriage of AT&amp;T, Time Warner to fail https://t.co/KckQ3FG5S7 | @krobijake https:/…",Neutral,50.4577,general,general,,Twitter
Dallas2,Corporate,32.8111091,-96.8092962,3329 Oak Lawn Avenue,75219,Tue Oct 25 03:09:52 +0000 2016,RT @ATT: Welcome to the team! @taylorswift13 https://t.co/4h86nLYuLo https://t.co/gAHOi7fPrZ,Positive,84.3125,general,general,,Twitter
Dallas2,Corporate,32.8111091,-96.8092962,3329 Oak Lawn Avenue,75219,Tue Oct 25 03:05:48 +0000 2016,RT @ATT: Another reason to smile for the camera. The #LGV20 from @LGUSAMobile will be available in stores starting today. https://t.co/TILu…,Positive,86.0616,general,general,,Twitter
Dallas2,Corporate,32.8111091,-96.8092962,3329 Oak Lawn Avenue,75219,Tue Oct 25 03:05:34 +0000 2016,"Speak now: Why critics want the $108 billion marriage of AT&amp;T, Time Warner to fail https://t.co/KckQ3FG5S7 |… https://t.co/uSrUuUORM1",Neutral,50.4577,general,general,,Twitter
Dallas2,Corporate,32.8111091,-96.8092962,3329 Oak Lawn Avenue,75219,Tue Oct 25 02:57:49 +0000 2016,"AT&amp;T-TimeWarner, Comcast-NBCU, Disney-ESPN, 21st Century Fox, CBS all to affect the future. @SMUSportMgt #sportsbiz  https://t.co/Hxp1bs9v3o",Positive,97.8365,general,general,,Twitter
Dallas2,Corporate,32.8111091,-96.8092962,3329 Oak Lawn Avenue,75219,Tue Oct 25 02:57:18 +0000 2016,"@ATTCares my order hadn't been cancelled to begin with. Really frustrating, especially the number of times I've been hung up on -4-",Negative,93.7218,general,general,,Twitter
Dallas2,Corporate,32.8111091,-96.8092962,3329 Oak Lawn Avenue,75219,Tue Oct 25 02:56:31 +0000 2016,@ATTCares cancelled only to get a confirmation email from directtv letting me know my order was processed. Called them &amp; found out -3-,Neutral,54.7724,general,general,,Twitter
Dallas2,Corporate,32.8111091,-96.8092962,3329 Oak Lawn Avenue,75219,Tue Oct 25 02:55:46 +0000 2016,@ATTCares I'm not able to have att/directtv. I've called numerous times and have gotten the run around. I was told earlier it was -2-,Negative,93.2431,general,general,,Twitter
Dallas2,Corporate,32.8111091,-96.8092962,3329 Oak Lawn Avenue,75219,Tue Oct 25 02:55:08 +0000 2016,@ATTCares I called earlier today to have directtv and internet installed by you guys at my new apartment. Found out after moving in that -1-,Positive,94.9060,general,product installation,,Twitter
Dallas2,Corporate,32.8111091,-96.8092962,3329 Oak Lawn Avenue,75219,Tue Oct 25 02:49:50 +0000 2016,RT @ATTBusiness: Maximize taste + minimize waste w/ #IoT! See how @ndustrialio preserves the nation’s food supply:  https://t.co/mKztl4Nw9n…,Negative,92.8679,general,general,,Twitter
Dallas2,Corporate,32.8111091,-96.8092962,3329 Oak Lawn Avenue,75219,Tue Oct 25 02:49:28 +0000 2016,RT @ATTBusiness: Maximize taste + minimize waste w/ #IoT! See how @ndustrialio preserves the nation’s food supply:  https://t.co/mKztl4Nw9n…,Negative,92.8679,general,general,,Twitter
Dallas2,Corporate,32.8111091,-96.8092962,3329 Oak Lawn Avenue,75219,Tue Oct 25 02:45:40 +0000 2016,"Dear @ATT: If I'm calling to cancel a service, I don't need to be transferred to a retention department.",Negative,98.7261,general,general,,Twitter
Dallas2,Corporate,32.8111091,-96.8092962,3329 Oak Lawn Avenue,75219,Tue Oct 25 02:42:33 +0000 2016,@AndyDTID @ATT that's messed up and they need to find a way to compensate you #badservice,Negative,80.3930,general,general,,Twitter
Dallas2,Corporate,32.8111091,-96.8092962,3329 Oak Lawn Avenue,75219,Tue Oct 25 02:37:40 +0000 2016,"No, Time Warner Cable isn't part of @ATT merger and here's why https://t.co/TZXzNjG2cF | @melissa_repko https://t.co/q4fqP9AQ1t",Positive,67.4004,general,general,,Twitter
Dallas2,Corporate,32.8111091,-96.8092962,3329 Oak Lawn Avenue,75219,Tue Oct 25 02:36:01 +0000 2016,"RT @dallasnews: .@CNN, @HBO and more: A look at the brands @ATT inherits in its Time Warner deal https://t.co/nVGFN5muR4 | @paul_o_donnell…",Positive,96.3719,general,general,,Twitter
Dallas2,Corporate,32.8111091,-96.8092962,3329 Oak Lawn Avenue,75219,Tue Oct 25 02:27:56 +0000 2016,RT @ATT: Get a sweet deal on the new iPhone 7 when you switch to AT&amp;T and have DIRECTV. https://t.co/TQVeUkmeZ6 https://t.co/zfZmNpe8AP,Positive,98.0584,directv,general,,Twitter
Dallas2,Corporate,32.8111091,-96.8092962,3329 Oak Lawn Avenue,75219,Tue Oct 25 02:25:14 +0000 2016,@ATTCares finally got through all steps. Still not working g,Negative,66.8217,general,general,,Twitter
Dallas2,Corporate,32.8111091,-96.8092962,3329 Oak Lawn Avenue,75219,Tue Oct 25 02:24:56 +0000 2016,"@ATTCares trying but just keep getting a spinning wheel and ""preparing",Negative,71.5957,general,general,,Twitter
Dallas2,Corporate,32.8111091,-96.8092962,3329 Oak Lawn Avenue,75219,Tue Oct 25 02:21:30 +0000 2016,RT @ATT: Welcome to the team! @taylorswift13 https://t.co/4h86nLYuLo https://t.co/gAHOi7fPrZ,Positive,84.3125,general,general,,Twitter
Dallas2,Corporate,32.8111091,-96.8092962,3329 Oak Lawn Avenue,75219,Tue Oct 25 02:20:16 +0000 2016,RT @ATT: Welcome to the team! @taylorswift13 https://t.co/4h86nLYuLo https://t.co/gAHOi7fPrZ,Positive,84.3125,general,general,,Twitter
Dallas2,Corporate,32.8111091,-96.8092962,3329 Oak Lawn Avenue,75219,Tue Oct 25 02:19:01 +0000 2016,"RT @dallasnews: .@CNN, @HBO and more: A look at the brands @ATT inherits in its Time Warner deal https://t.co/nVGFN5muR4 | @paul_o_donnell…",Positive,96.3719,general,general,,Twitter
Dallas2,Corporate,32.8111091,-96.8092962,3329 Oak Lawn Avenue,75219,Tue Oct 25 02:18:04 +0000 2016,".@CNN, @HBO and more: A look at the brands @ATT inherits in its Time Warner deal https://t.co/nVGFN5muR4 |… https://t.co/5BByE6S7xA",Positive,96.3719,general,general,,Twitter
Dallas2,Corporate,32.8111091,-96.8092962,3329 Oak Lawn Avenue,75219,Tue Oct 25 02:12:28 +0000 2016,"@bestmvno i have a iphone6 which is compatible with @TotalWireless . If i switch now from att, will by device be locked to cdma or unlocked?",Negative,95.2528,general,general,,Twitter
Dallas2,Corporate,32.8111091,-96.8092962,3329 Oak Lawn Avenue,75219,Tue Oct 25 02:08:47 +0000 2016,RT @ATT: Welcome to the team! @taylorswift13 https://t.co/4h86nLYuLo https://t.co/gAHOi7fPrZ,Positive,84.3125,general,general,,Twitter
Dallas2,Corporate,32.8111091,-96.8092962,3329 Oak Lawn Avenue,75219,Tue Oct 25 02:06:40 +0000 2016,RT @ATT: The #futureofvideo is mobile and the #futureofmobile is video. Time Warner + AT&amp;T make it happen! @twxcorp https://t.co/GKx4U9TQYg,Neutral,56.0321,general,general,,Twitter
Dallas2,Corporate,32.8111091,-96.8092962,3329 Oak Lawn Avenue,75219,Tue Oct 25 02:02:05 +0000 2016,"@ATTCares no, no error code. I've tried rebooting and plug/unplugging",Negative,95.7689,general,general,,Twitter
Dallas2,Corporate,32.8111091,-96.8092962,3329 Oak Lawn Avenue,75219,Tue Oct 25 02:00:38 +0000 2016,RT @attJOBS: See what #LifeAtATT is like for the women of AT&amp;T: https://t.co/9rguQ7QaFV https://t.co/xsQ0cX6Inq,Neutral,53.9175,general,general,,Twitter
Dallas2,Corporate,32.8111091,-96.8092962,3329 Oak Lawn Avenue,75219,Tue Oct 25 02:00:09 +0000 2016,"""AT&amp;T-Time Warner Deal Is a Strike in the Dark"" by FARHAD MANJOO via NYT https://t.co/ly9goIeTJh https://t.co/2NK6xWPSFd",Positive,78.2583,general,general,,Twitter
Dallas2,Corporate,32.8111091,-96.8092962,3329 Oak Lawn Avenue,75219,Tue Oct 25 02:00:01 +0000 2016,Learn how to start using AT&amp;T Business Messenger for iPhone https://t.co/V9JIzwBSqC https://t.co/pS0xrKsgKm,Neutral,57.2515,general,general,,Twitter
Dallas2,Corporate,32.8111091,-96.8092962,3329 Oak Lawn Avenue,75219,Tue Oct 25 01:59:33 +0000 2016,".@att the power has been out for 8 hours now, can we get a hotel reservation for this lack of service?",Neutral,50.9944,general,general,,Twitter
Dallas2,Corporate,32.8111091,-96.8092962,3329 Oak Lawn Avenue,75219,Tue Oct 25 01:56:20 +0000 2016,"""AT&amp;T-Time Warner Deal Is a Strike in the Dark"" via @nytimes https://t.co/Ys2leUx4XH https://t.co/Zi84sBZczE",Positive,77.2419,general,general,,Twitter
Dallas2,Corporate,32.8111091,-96.8092962,3329 Oak Lawn Avenue,75219,Tue Oct 25 01:53:26 +0000 2016,RT @ATT: Welcome to the team! @taylorswift13 https://t.co/4h86nLYuLo https://t.co/gAHOi7fPrZ,Positive,84.3125,general,general,,Twitter
Dallas2,Corporate,32.8111091,-96.8092962,3329 Oak Lawn Avenue,75219,Tue Oct 25 01:51:18 +0000 2016,AT&amp;T Employees Break Records for Stop Hunger Now #ATTimpact https://t.co/f7k0rq100P #attemployee https://t.co/pUbfsZkOYe,Positive,72.3983,general,general,,Twitter
Dallas2,Corporate,32.8111091,-96.8092962,3329 Oak Lawn Avenue,75219,Tue Oct 25 01:51:13 +0000 2016,RT @ATTBusiness: #IoT makes reaching into this vending machine like reaching into a garden. Check it out: https://t.co/1Dk54D1pvz #National…,Positive,86.5104,general,general,,Twitter
Dallas2,Corporate,32.8111091,-96.8092962,3329 Oak Lawn Avenue,75219,Tue Oct 25 01:47:13 +0000 2016,RT @ATT: Another reason to smile for the camera. The #LGV20 from @LGUSAMobile will be available in stores starting today. https://t.co/TILu…,Positive,86.0616,general,general,,Twitter
Dallas2,Corporate,32.8111091,-96.8092962,3329 Oak Lawn Avenue,75219,Tue Oct 25 01:43:40 +0000 2016,When the @Uverse has been in and out all day. And it's finally just stopped all together. 🙄😒😤,Positive,76.5676,uverse,general,,Twitter
Dallas2,Corporate,32.8111091,-96.8092962,3329 Oak Lawn Avenue,75219,Tue Oct 25 01:43:07 +0000 2016,RT @ATT: Welcome to the team! @taylorswift13 https://t.co/4h86nLYuLo https://t.co/gAHOi7fPrZ,Positive,84.3125,general,general,,Twitter
Dallas2,Corporate,32.8111091,-96.8092962,3329 Oak Lawn Avenue,75219,Tue Oct 25 01:41:22 +0000 2016,"RT @bodyrecruit: @WomenOfATT_ERG 
AT&amp;T Hiring Sales Executive Field Sales #Des Peres, MO. Spread the word about the good #LifeAtATT. https:…",Negative,77.6346,general,general,,Twitter
Dallas2,Corporate,32.8111091,-96.8092962,3329 Oak Lawn Avenue,75219,Tue Oct 25 01:39:11 +0000 2016,"RT @ATTLatino: Bañado de sol y arena con una canción más dulce que el caramelo, comparte lo mejor de #Cuba desde tu móvil. https://t.co/e3S…",Positive,74.8936,general,general,,Twitter
Dallas2,Corporate,32.8111091,-96.8092962,3329 Oak Lawn Avenue,75219,Tue Oct 25 01:35:39 +0000 2016,.@ATT CEO Randall Stephenson confident @twxcorp merger will get past regulators https://t.co/D8PCh3orgV… https://t.co/a3F1MJApkp,Positive,82.2634,general,general,,Twitter
Dallas2,Corporate,32.8111091,-96.8092962,3329 Oak Lawn Avenue,75219,Tue Oct 25 01:33:14 +0000 2016,Why AT&amp;T’s CEO should think twice before going through with the Time Warner deal https://t.co/aymKIn8Knf #TrueDat,Neutral,56.5021,general,general,,Twitter
Dallas2,Corporate,32.8111091,-96.8092962,3329 Oak Lawn Avenue,75219,Tue Oct 25 01:31:30 +0000 2016,RT @ATT: Welcome to the team! @taylorswift13 https://t.co/4h86nLYuLo https://t.co/gAHOi7fPrZ,Positive,84.3125,general,general,,Twitter
Dallas2,Corporate,32.8111091,-96.8092962,3329 Oak Lawn Avenue,75219,Tue Oct 25 01:26:00 +0000 2016,RT @ATT: Welcome to the team! @taylorswift13 https://t.co/4h86nLYuLo https://t.co/gAHOi7fPrZ,Positive,84.3125,general,general,,Twitter
Dallas2,Corporate,32.8111091,-96.8092962,3329 Oak Lawn Avenue,75219,Tue Oct 25 01:25:40 +0000 2016,RT @attJOBS: Our new #SanFrancisco flagship store is restored and ready for the future with our latest technology. Take a look: https://t.c…,Positive,96.3812,general,store experience,,Twitter
Dallas2,Corporate,32.8111091,-96.8092962,3329 Oak Lawn Avenue,75219,Tue Oct 25 01:21:43 +0000 2016,RT @dallasnews: Stadium Club is almost half a football field long. Can Cowboys fans fill it when teams isn't playing? | https://t.co/UU393U…,Neutral,50.7182,general,general,,Twitter
Dallas2,Corporate,32.8111091,-96.8092962,3329 Oak Lawn Avenue,75219,Tue Oct 25 01:20:16 +0000 2016,"AT&amp;T research shows most businesses suffer from preventable cyberattacks, not new or unknown threats… https://t.co/g0ACBM4Rfm",Negative,76.2478,general,general,,Twitter
Dallas2,Corporate,32.8111091,-96.8092962,3329 Oak Lawn Avenue,75219,Tue Oct 25 01:17:35 +0000 2016,RT @dallasnews: Stadium Club is almost half a football field long. Can Cowboys fans fill it when teams isn't playing? | https://t.co/UU393U…,Neutral,50.7182,general,general,,Twitter
Dallas2,Corporate,32.8111091,-96.8092962,3329 Oak Lawn Avenue,75219,Tue Oct 25 01:16:58 +0000 2016,Stadium Club is almost half a football field long. Can Cowboys fans fill it when teams isn't playing? |… https://t.co/gPWspIrWXt,Neutral,50.7182,general,general,,Twitter
Dallas2,Corporate,32.8111091,-96.8092962,3329 Oak Lawn Avenue,75219,Tue Oct 25 00:59:14 +0000 2016,RT @ATT: Welcome to the team! @taylorswift13 https://t.co/4h86nLYuLo https://t.co/gAHOi7fPrZ,Positive,84.3125,general,general,,Twitter
