Dallas7,Corporate,32.8957338,-96.8079243,5959 Royal Lane,75230,Mon Oct 24 21:12:31 +0000 2016,RT @ATT: Welcome to the team! @taylorswift13 https://t.co/4h86nLYuLo https://t.co/gAHOi7fPrZ,Positive,84.3125,general,general,,Twitter
Dallas7,Corporate,32.8957338,-96.8079243,5959 Royal Lane,75230,Mon Oct 24 21:08:43 +0000 2016,RT @ATT: Welcome to the team! @taylorswift13 https://t.co/4h86nLYuLo https://t.co/gAHOi7fPrZ,Positive,84.3125,general,general,,Twitter
Dallas7,Corporate,32.8957338,-96.8079243,5959 Royal Lane,75230,Mon Oct 24 20:54:33 +0000 2016,"I called @DIRECTV to make account changes and it sounds like a party in the background. People cheering and screaming, heh",Negative,99.8107,directv,general,,Twitter
Dallas7,Corporate,32.8957338,-96.8079243,5959 Royal Lane,75230,Mon Oct 24 20:53:00 +0000 2016,RT @ATTBusiness: SDN + #AI is like peanut butter + jelly. Find out why it's a perfect combination: https://t.co/OrfatAuWXA https://t.co/51x…,Positive,91.9239,general,general,,Twitter
Dallas7,Corporate,32.8957338,-96.8079243,5959 Royal Lane,75230,Mon Oct 24 20:49:50 +0000 2016,RT @ATT: The #futureofvideo is mobile and the #futureofmobile is video. Time Warner + AT&amp;T make it happen! @twxcorp https://t.co/GKx4U9TQYg,Neutral,56.0321,general,general,,Twitter
Dallas7,Corporate,32.8957338,-96.8079243,5959 Royal Lane,75230,Mon Oct 24 20:48:38 +0000 2016,The millennial angle to the AT&amp;T-Time Warner deal: Media companies are under pressure to stay rel... https://t.co/MDxHvmjtPt by @Digiday,Positive,65.5769,general,general,,Twitter
Dallas7,Corporate,32.8957338,-96.8079243,5959 Royal Lane,75230,Mon Oct 24 20:48:12 +0000 2016,RT @ATT: Welcome to the team! @taylorswift13 https://t.co/4h86nLYuLo https://t.co/gAHOi7fPrZ,Positive,84.3125,general,general,,Twitter
Dallas7,Corporate,32.8957338,-96.8079243,5959 Royal Lane,75230,Mon Oct 24 20:41:33 +0000 2016,RT @ATT: Another reason to smile for the camera. The #LGV20 from @LGUSAMobile will be available in stores starting today. https://t.co/TILu…,Positive,86.0616,general,general,,Twitter
Dallas7,Corporate,32.8957338,-96.8079243,5959 Royal Lane,75230,Mon Oct 24 20:36:14 +0000 2016,RT @ATT: Another reason to smile for the camera. The #LGV20 from @LGUSAMobile will be available in stores starting today. https://t.co/TILu…,Positive,86.0616,general,general,,Twitter
Dallas7,Corporate,32.8957338,-96.8079243,5959 Royal Lane,75230,Mon Oct 24 20:36:11 +0000 2016,Treasure trove: Here's the brand powerhouse #ATT inherits in Time Warner deal https://t.co/9dZOA1bVTJ #DFW #Tech,Positive,84.1948,general,general,,Twitter
Dallas7,Corporate,32.8957338,-96.8079243,5959 Royal Lane,75230,Mon Oct 24 20:32:45 +0000 2016,RT @ATT: The #futureofvideo is mobile and the #futureofmobile is video. Time Warner + AT&amp;T make it happen! @twxcorp https://t.co/GKx4U9TQYg,Neutral,56.0321,general,general,,Twitter
Dallas7,Corporate,32.8957338,-96.8079243,5959 Royal Lane,75230,Mon Oct 24 20:30:12 +0000 2016,Bernie Sanders: Obama Administration “Should Kill” The AT&amp;T-Time Warner Deal: “Higher Prices &amp; Fewer Choices” - https://t.co/NOdp3TtNic,Positive,70.4496,general,general,,Twitter
Dallas7,Corporate,32.8957338,-96.8079243,5959 Royal Lane,75230,Mon Oct 24 20:29:03 +0000 2016,RT @ATT: Welcome to the team! @taylorswift13 https://t.co/4h86nLYuLo https://t.co/gAHOi7fPrZ,Positive,84.3125,general,general,,Twitter
Dallas7,Corporate,32.8957338,-96.8079243,5959 Royal Lane,75230,Mon Oct 24 20:28:25 +0000 2016,RT @theresambates: Quiz: How much do you really know about dogs? #PuppyLove https://t.co/aOJYoykatq #attemployee https://t.co/TLMTpKFLtd,Neutral,57.9290,general,general,,Twitter
Dallas7,Corporate,32.8957338,-96.8079243,5959 Royal Lane,75230,Mon Oct 24 20:23:54 +0000 2016,"RT @ATT: Mother Nature is unpredictable, so we rely on our Network Disaster Recovery team to connect you when you need it most. https://t.c…",Positive,77.2863,general,general,,Twitter
Dallas7,Corporate,32.8957338,-96.8079243,5959 Royal Lane,75230,Mon Oct 24 20:20:47 +0000 2016,RT @ATT: Another reason to smile for the camera. The #LGV20 from @LGUSAMobile will be available in stores starting today. https://t.co/TILu…,Positive,86.0616,general,general,,Twitter
Dallas7,Corporate,32.8957338,-96.8079243,5959 Royal Lane,75230,Mon Oct 24 20:17:23 +0000 2016,"RT @DMNBiz: No, Time Warner Cable isn't part of @ATT merger and here's why https://t.co/TZXzNjG2cF | @melissa_repko https://t.co/uLEyqcImUB",Positive,67.4004,general,general,,Twitter
Dallas7,Corporate,32.8957338,-96.8079243,5959 Royal Lane,75230,Mon Oct 24 20:14:27 +0000 2016,RT @ATT: Another reason to smile for the camera. The #LGV20 from @LGUSAMobile will be available in stores starting today. https://t.co/TILu…,Positive,86.0616,general,general,,Twitter
Dallas7,Corporate,32.8957338,-96.8079243,5959 Royal Lane,75230,Mon Oct 24 20:14:09 +0000 2016,RT @ATT: Another reason to smile for the camera. The #LGV20 from @LGUSAMobile will be available in stores starting today. https://t.co/TILu…,Positive,86.0616,general,general,,Twitter
Dallas7,Corporate,32.8957338,-96.8079243,5959 Royal Lane,75230,Mon Oct 24 20:13:22 +0000 2016,RT @ATT: Another reason to smile for the camera. The #LGV20 from @LGUSAMobile will be available in stores starting today. https://t.co/TILu…,Positive,86.0616,general,general,,Twitter
Dallas7,Corporate,32.8957338,-96.8079243,5959 Royal Lane,75230,Mon Oct 24 20:13:12 +0000 2016,RT @ATT: Welcome to the team! @taylorswift13 https://t.co/4h86nLYuLo https://t.co/gAHOi7fPrZ,Positive,84.3125,general,general,,Twitter
Dallas7,Corporate,32.8957338,-96.8079243,5959 Royal Lane,75230,Mon Oct 24 20:12:58 +0000 2016,RT @ATT: Another reason to smile for the camera. The #LGV20 from @LGUSAMobile will be available in stores starting today. https://t.co/TILu…,Positive,86.0616,general,general,,Twitter
Dallas7,Corporate,32.8957338,-96.8079243,5959 Royal Lane,75230,Mon Oct 24 20:10:08 +0000 2016,"AT&amp;T’s internet-only DirecTV service launches in November
https://t.co/WcKIq8lFzz",Positive,76.6609,directv,general,,Twitter
Dallas7,Corporate,32.8957338,-96.8079243,5959 Royal Lane,75230,Mon Oct 24 20:06:06 +0000 2016,"RT @DMNBiz: No, Time Warner Cable isn't part of @ATT merger and here's why https://t.co/TZXzNjG2cF | @melissa_repko https://t.co/uLEyqcImUB",Positive,67.4004,general,general,,Twitter
Dallas7,Corporate,32.8957338,-96.8079243,5959 Royal Lane,75230,Mon Oct 24 20:05:17 +0000 2016,AT&amp;T's Time Warner Deal Comes at a Huge Cost via @FortuneMagazine https://t.co/kGOhtsj2BK,Positive,66.8396,general,general,,Twitter
Dallas7,Corporate,32.8957338,-96.8079243,5959 Royal Lane,75230,Mon Oct 24 20:03:21 +0000 2016,RT @ATT: Welcome to the team! @taylorswift13 https://t.co/4h86nLYuLo https://t.co/gAHOi7fPrZ,Positive,84.3125,general,general,,Twitter
Dallas7,Corporate,32.8957338,-96.8079243,5959 Royal Lane,75230,Mon Oct 24 20:02:52 +0000 2016,RT @ATT: Welcome to the team! @taylorswift13 https://t.co/4h86nLYuLo https://t.co/gAHOi7fPrZ,Positive,84.3125,general,general,,Twitter
Dallas7,Corporate,32.8957338,-96.8079243,5959 Royal Lane,75230,Mon Oct 24 20:01:55 +0000 2016,RT @ATT: Get a sweet deal on the new iPhone 7 when you switch to AT&amp;T and have DIRECTV. https://t.co/TQVeUkmeZ6 https://t.co/zfZmNpe8AP,Positive,98.0584,directv,general,,Twitter
Dallas7,Corporate,32.8957338,-96.8079243,5959 Royal Lane,75230,Mon Oct 24 19:53:49 +0000 2016,"RT @DMNBiz: No, Time Warner Cable isn't part of @ATT merger and here's why https://t.co/TZXzNjG2cF | @melissa_repko https://t.co/uLEyqcImUB",Positive,67.4004,general,general,,Twitter
Dallas7,Corporate,32.8957338,-96.8079243,5959 Royal Lane,75230,Mon Oct 24 19:50:26 +0000 2016,RT @ATT: The #futureofvideo is mobile and the #futureofmobile is video. Time Warner + AT&amp;T make it happen! @twxcorp https://t.co/GKx4U9TQYg,Neutral,56.0321,general,general,,Twitter
Dallas7,Corporate,32.8957338,-96.8079243,5959 Royal Lane,75230,Mon Oct 24 19:50:22 +0000 2016,AT&amp;T's Time Warner Deal Comes at a Huge Cost via Fortune https://t.co/kGOhts1rda https://t.co/7xxP5MpbPH,Positive,66.8396,general,general,,Twitter
Dallas7,Corporate,32.8957338,-96.8079243,5959 Royal Lane,75230,Mon Oct 24 19:50:17 +0000 2016,Look at this goddamn chart https://t.co/m5VUgxnAyS @scottia https://t.co/cJKsAv8Hf1,Neutral,53.7954,general,general,,Twitter
Dallas7,Corporate,32.8957338,-96.8079243,5959 Royal Lane,75230,Mon Oct 24 19:50:06 +0000 2016,RT @RickTweetTweet: Breaking News!!! AT&amp;T to Acquire Time Warner! My family just got bigger! #LifeAtATT  #TimeWarner https://t.co/RUAJa5ciO…,Positive,81.6545,general,general,,Twitter
Dallas7,Corporate,32.8957338,-96.8079243,5959 Royal Lane,75230,Mon Oct 24 19:47:39 +0000 2016,RT @ATT: Welcome to the team! @taylorswift13 https://t.co/4h86nLYuLo https://t.co/gAHOi7fPrZ,Positive,84.3125,general,general,,Twitter
Dallas7,Corporate,32.8957338,-96.8079243,5959 Royal Lane,75230,Mon Oct 24 19:46:47 +0000 2016,@melissa_repko TMO kicked butt this quarter so you can see that both VER and ATT losing and making moves with TW and Yahoo,Positive,70.0086,general,general,,Twitter
Dallas7,Corporate,32.8957338,-96.8079243,5959 Royal Lane,75230,Mon Oct 24 19:44:24 +0000 2016,RT @attJOBS: Last year we donated $1M to @GirlsWhoCode &amp; the future careers of women technologists everywhere! #GHC16 https://t.co/rKDF99f5…,Positive,98.7368,general,general,,Twitter
Dallas7,Corporate,32.8957338,-96.8079243,5959 Royal Lane,75230,Mon Oct 24 19:44:20 +0000 2016,RT @ATT: Welcome to the team! @taylorswift13 https://t.co/4h86nLYuLo https://t.co/gAHOi7fPrZ,Positive,84.3125,general,general,,Twitter
Dallas7,Corporate,32.8957338,-96.8079243,5959 Royal Lane,75230,Mon Oct 24 19:43:02 +0000 2016,AT&amp;T to Purchase Time Warner for $85.4B: Here’s What You Need to Know https://t.co/daj32dYNdV https://t.co/cZ9H4BTdNO,Positive,64.7270,general,general,,Twitter
Dallas7,Corporate,32.8957338,-96.8079243,5959 Royal Lane,75230,Mon Oct 24 19:38:33 +0000 2016,"RT @DMNBiz: No, Time Warner Cable isn't part of @ATT merger and here's why https://t.co/TZXzNjG2cF | @melissa_repko https://t.co/uLEyqcImUB",Positive,67.4004,general,general,,Twitter
Dallas7,Corporate,32.8957338,-96.8079243,5959 Royal Lane,75230,Mon Oct 24 19:37:48 +0000 2016,"RT @DMNBiz: No, Time Warner Cable isn't part of @ATT merger and here's why https://t.co/TZXzNjG2cF | @melissa_repko https://t.co/uLEyqcImUB",Positive,67.4004,general,general,,Twitter
Dallas7,Corporate,32.8957338,-96.8079243,5959 Royal Lane,75230,Mon Oct 24 19:37:06 +0000 2016,"No, Time Warner Cable isn't part of @ATT merger and here's why https://t.co/TZXzNjG2cF | @melissa_repko https://t.co/uLEyqcImUB",Positive,67.4004,general,general,,Twitter
Dallas7,Corporate,32.8957338,-96.8079243,5959 Royal Lane,75230,Mon Oct 24 19:36:13 +0000 2016,RT @ATT: Welcome to the team! @taylorswift13 https://t.co/4h86nLYuLo https://t.co/gAHOi7fPrZ,Positive,84.3125,general,general,,Twitter
Dallas7,Corporate,32.8957338,-96.8079243,5959 Royal Lane,75230,Mon Oct 24 19:28:07 +0000 2016,RT @ATTBusiness: #IoT makes reaching into this vending machine like reaching into a garden. Check it out: https://t.co/1Dk54D1pvz #National…,Positive,86.5104,general,general,,Twitter
Dallas7,Corporate,32.8957338,-96.8079243,5959 Royal Lane,75230,Mon Oct 24 19:24:59 +0000 2016,Quiz: How much do you really know about dogs? #PuppyLove https://t.co/aOJYoykatq #attemployee https://t.co/TLMTpKFLtd,Neutral,57.9290,general,general,,Twitter
Dallas7,Corporate,32.8957338,-96.8079243,5959 Royal Lane,75230,Mon Oct 24 19:19:54 +0000 2016,RT @dallasnews: .@ATT CEO Randall Stephenson confident @twxcorp merger will get past regulators https://t.co/2Re2eGzanm #atttimewarner | @M…,Positive,82.2634,general,general,,Twitter
Dallas7,Corporate,32.8957338,-96.8079243,5959 Royal Lane,75230,Mon Oct 24 19:18:24 +0000 2016,RT @ATTBusiness: #IoT makes reaching into this vending machine like reaching into a garden. Check it out: https://t.co/1Dk54D1pvz #National…,Positive,86.5104,general,general,,Twitter
Dallas7,Corporate,32.8957338,-96.8079243,5959 Royal Lane,75230,Mon Oct 24 19:17:28 +0000 2016,RT @ATTBusiness: #IoT makes reaching into this vending machine like reaching into a garden. Check it out: https://t.co/1Dk54D1pvz #National…,Positive,86.5104,general,general,,Twitter
Dallas7,Corporate,32.8957338,-96.8079243,5959 Royal Lane,75230,Mon Oct 24 19:17:25 +0000 2016,RT @ATT: Welcome to the team! @taylorswift13 https://t.co/4h86nLYuLo https://t.co/gAHOi7fPrZ,Positive,84.3125,general,general,,Twitter
Dallas7,Corporate,32.8957338,-96.8079243,5959 Royal Lane,75230,Mon Oct 24 19:16:38 +0000 2016,.@ATT CEO Randall Stephenson confident @twxcorp merger will get past regulators https://t.co/2Re2eGzanm… https://t.co/uFJtIpUZdN,Positive,82.2634,general,general,,Twitter
Dallas7,Corporate,32.8957338,-96.8079243,5959 Royal Lane,75230,Mon Oct 24 19:14:42 +0000 2016,RT @ATTLatino: Puertorriqueña. Inspiradora. Luchadora. @DeniseBidot habla sobre su pasión por romper estereotipos. https://t.co/PBiBGpnolH…,Neutral,50.0000,general,general,,Twitter
Dallas7,Corporate,32.8957338,-96.8079243,5959 Royal Lane,75230,Mon Oct 24 19:14:09 +0000 2016,In 231 gms under Stoops prior to TT @OU_Football opp had converted 10+ 3rd downs 12 times (max-13). Only 9 gms of 20 3rd down att. #Sooners,Positive,71.7875,general,general,,Twitter
Dallas7,Corporate,32.8957338,-96.8079243,5959 Royal Lane,75230,Mon Oct 24 19:13:25 +0000 2016,RT @ATT: Another reason to smile for the camera. The #LGV20 from @LGUSAMobile will be available in stores starting today. https://t.co/TILu…,Positive,86.0616,general,general,,Twitter
Dallas7,Corporate,32.8957338,-96.8079243,5959 Royal Lane,75230,Mon Oct 24 19:11:21 +0000 2016,RT @ATTBusiness: Cybersecurity preparedness starts w/ a strong incident response plan. Get info to help shield your org from attack: https:…,Positive,89.9643,general,general,,Twitter
Dallas7,Corporate,32.8957338,-96.8079243,5959 Royal Lane,75230,Mon Oct 24 19:11:07 +0000 2016,RT @ATT: Another reason to smile for the camera. The #LGV20 from @LGUSAMobile will be available in stores starting today. https://t.co/TILu…,Positive,86.0616,general,general,,Twitter
Dallas7,Corporate,32.8957338,-96.8079243,5959 Royal Lane,75230,Mon Oct 24 19:09:53 +0000 2016,@russellbrandom @reckless ATT has fiber,Neutral,52.9381,fiber,general,,Twitter
Dallas7,Corporate,32.8957338,-96.8079243,5959 Royal Lane,75230,Mon Oct 24 19:05:50 +0000 2016,"Stephenson: AT&amp;T, Time Warner Deal ‘Defining the Future of Media’: Randall Stephenson, CEO of Dallas-based AT&amp;T,… https://t.co/jQHLTbHMUI",Positive,96.0453,general,general,,Twitter
Dallas7,Corporate,32.8957338,-96.8079243,5959 Royal Lane,75230,Mon Oct 24 19:05:34 +0000 2016,@ATT and @twxcorp merger could mean great packages for DirectTV Now and Uverse consumers.,Neutral,57.2378,uverse,general,,Twitter
Dallas7,Corporate,32.8957338,-96.8079243,5959 Royal Lane,75230,Mon Oct 24 19:02:54 +0000 2016,"Stephenson: AT&amp;T, Time Warner Deal ‘Defining the Future of Media’ https://t.co/ib6qJ894zy",Positive,89.4181,general,general,,Twitter
Dallas7,Corporate,32.8957338,-96.8079243,5959 Royal Lane,75230,Mon Oct 24 19:02:52 +0000 2016,"Stephenson: AT&amp;T, Time Warner Deal ‘Defining the Future of Media’: Randall Stephenson, CEO of Dallas-based AT&amp;T,… https://t.co/GSmyHPYooJ",Positive,96.0453,general,general,,Twitter
Dallas7,Corporate,32.8957338,-96.8079243,5959 Royal Lane,75230,Mon Oct 24 19:02:47 +0000 2016,"Stephenson: AT&amp;T, Time Warner Deal ‘Defining the Future of Media’: Randall Stephenson, CEO of Dallas-based AT&amp;T,… https://t.co/7ERuP7FJwt",Positive,96.0453,general,general,,Twitter
Dallas7,Corporate,32.8957338,-96.8079243,5959 Royal Lane,75230,Mon Oct 24 19:02:45 +0000 2016,"Stephenson: AT&amp;T, Time Warner Deal ‘Defining the Future of Media’: Randall Stephenson, CEO of Dallas-based AT&amp;T,… https://t.co/wzKzuJlJav",Positive,96.0453,general,general,,Twitter
Dallas7,Corporate,32.8957338,-96.8079243,5959 Royal Lane,75230,Mon Oct 24 19:00:05 +0000 2016,#IoT makes reaching into this vending machine like reaching into a garden. Check it out: https://t.co/1Dk54D1pvz… https://t.co/HsycbxAwFE,Positive,86.5104,general,general,,Twitter
Dallas7,Corporate,32.8957338,-96.8079243,5959 Royal Lane,75230,Mon Oct 24 18:59:09 +0000 2016,"Don't expect a change in viewpoint for CNN, AT&amp;T chief says https://t.co/oYaURY2xEH | @agarre https://t.co/SMyURjsDIF",Neutral,55.5436,general,general,,Twitter
Dallas7,Corporate,32.8957338,-96.8079243,5959 Royal Lane,75230,Mon Oct 24 18:49:36 +0000 2016,RT @ATT: The #futureofvideo is mobile and the #futureofmobile is video. Time Warner + AT&amp;T make it happen! @twxcorp https://t.co/GKx4U9TQYg,Neutral,56.0321,general,general,,Twitter
Dallas7,Corporate,32.8957338,-96.8079243,5959 Royal Lane,75230,Mon Oct 24 18:48:08 +0000 2016,RT @attJOBS: Last year we donated $1M to @GirlsWhoCode &amp; the future careers of women technologists everywhere! #GHC16 https://t.co/rKDF99f5…,Positive,98.7368,general,general,,Twitter
Dallas7,Corporate,32.8957338,-96.8079243,5959 Royal Lane,75230,Mon Oct 24 18:47:38 +0000 2016,"RT @attJOBS: In honor of #LGBTHistoryMonth, we're recapping the ways we've supported the LGBT community throughout the years: https://t.co/…",Positive,95.0619,general,general,,Twitter
Dallas7,Corporate,32.8957338,-96.8079243,5959 Royal Lane,75230,Mon Oct 24 18:47:15 +0000 2016,RT @attJOBS: Hear from Kristin how our Business Sales Leadership Development Program led to her successful career: https://t.co/aitAtDInv5…,Positive,88.5471,general,general,,Twitter
Dallas7,Corporate,32.8957338,-96.8079243,5959 Royal Lane,75230,Mon Oct 24 18:47:09 +0000 2016,RT @attJOBS: We're helping connect youth to their first jobs by signing on to the White House's First Job Compact. Learn more: https://t.co…,Positive,91.9056,general,general,,Twitter
Dallas7,Corporate,32.8957338,-96.8079243,5959 Royal Lane,75230,Mon Oct 24 18:46:52 +0000 2016,RT @attJOBS: You don't have to go back to school to continue learning. Try these tips to learn something new: https://t.co/N1AjraH8jR #Moti…,Neutral,50.1178,general,general,,Twitter
Dallas7,Corporate,32.8957338,-96.8079243,5959 Royal Lane,75230,Mon Oct 24 18:46:21 +0000 2016,"The AT&amp;T-Time Warner deal would be a disaster for the public interest
https://t.co/kWGduN79mQ",Negative,79.6254,general,general,,Twitter
Dallas7,Corporate,32.8957338,-96.8079243,5959 Royal Lane,75230,Mon Oct 24 18:46:15 +0000 2016,The new AT&amp;T could control the path from the cable box to your phone https://t.co/Tm27liJ2Et @scottia https://t.co/g0dJBP88hq,Neutral,50.8876,general,general,,Twitter
Dallas7,Corporate,32.8957338,-96.8079243,5959 Royal Lane,75230,Mon Oct 24 18:39:22 +0000 2016,@sixdolla We love your need for speed! Enjoy your AT&amp;T Fiber. 😊,Positive,72.9664,fiber,general,,Twitter
Dallas7,Corporate,32.8957338,-96.8079243,5959 Royal Lane,75230,Mon Oct 24 18:32:00 +0000 2016,RT @ATT: Another reason to smile for the camera. The #LGV20 from @LGUSAMobile will be available in stores starting today. https://t.co/TILu…,Positive,86.0616,general,general,,Twitter
Dallas7,Corporate,32.8957338,-96.8079243,5959 Royal Lane,75230,Mon Oct 24 18:30:29 +0000 2016,RT @ATT: The #futureofvideo is mobile and the #futureofmobile is video. Time Warner + AT&amp;T make it happen! @twxcorp https://t.co/GKx4U9TQYg,Neutral,56.0321,general,general,,Twitter
Dallas7,Corporate,32.8957338,-96.8079243,5959 Royal Lane,75230,Mon Oct 24 18:30:15 +0000 2016,For those interested in the consumer side: I'm jumping on @wfaachannel8 at about 4:15 this afternoon to talk @ATT,Positive,74.9951,general,general,,Twitter
Dallas7,Corporate,32.8957338,-96.8079243,5959 Royal Lane,75230,Mon Oct 24 18:23:19 +0000 2016,"RT @ATTLatino: No importa si estas apoyando el American League o el National League, cada noche es un home run con @DIRECTV #WatchingLaTele…",Neutral,58.1591,directv,general,,Twitter
Dallas7,Corporate,32.8957338,-96.8079243,5959 Royal Lane,75230,Mon Oct 24 18:18:51 +0000 2016,"RT @dallasnews: Trump gets litigious, AT&amp;T gets bigger, @TomiLahren wins bigly: Your weekend news digest https://t.co/tjOy7OJCri https://t.…",Negative,66.2200,general,general,,Twitter
Dallas7,Corporate,32.8957338,-96.8079243,5959 Royal Lane,75230,Mon Oct 24 18:17:46 +0000 2016,RT @ATT: Another reason to smile for the camera. The #LGV20 from @LGUSAMobile will be available in stores starting today. https://t.co/TILu…,Positive,86.0616,general,general,,Twitter
Dallas7,Corporate,32.8957338,-96.8079243,5959 Royal Lane,75230,Mon Oct 24 18:17:00 +0000 2016,AT&amp;T's internet-only DirecTV service launches in November - You don't have to sit on pins and needles wondering... https://t.co/WgpI63DbPK,Neutral,60.2458,directv,general,,Twitter
Dallas7,Corporate,32.8957338,-96.8079243,5959 Royal Lane,75230,Mon Oct 24 18:16:50 +0000 2016,"This tweet is overdue, but thanks @ATTCares @Uverse for the great #customerservice! Your team identified the issue and made things right!",Positive,95.6582,uverse,general,,Twitter
Dallas7,Corporate,32.8957338,-96.8079243,5959 Royal Lane,75230,Mon Oct 24 18:13:18 +0000 2016,RT @ATT: Welcome to the team! @taylorswift13 https://t.co/4h86nLYuLo https://t.co/gAHOi7fPrZ,Positive,84.3125,general,general,,Twitter
Dallas7,Corporate,32.8957338,-96.8079243,5959 Royal Lane,75230,Mon Oct 24 18:11:17 +0000 2016,RT @ATT: Another reason to smile for the camera. The #LGV20 from @LGUSAMobile will be available in stores starting today. https://t.co/TILu…,Positive,86.0616,general,general,,Twitter
Dallas7,Corporate,32.8957338,-96.8079243,5959 Royal Lane,75230,Mon Oct 24 18:10:31 +0000 2016,Another reason to smile for the camera. The #LGV20 from @LGUSAMobile will be available in stores starting today.… https://t.co/yIaoUnLMTw,Positive,69.5135,general,general,,Twitter
Dallas7,Corporate,32.8957338,-96.8079243,5959 Royal Lane,75230,Mon Oct 24 18:08:03 +0000 2016,"AT&amp;T acquisition of Time Warner could present content, advertising opportunities https://t.co/QffmxVB9X1",Negative,67.4883,general,general,,Twitter
Dallas7,Corporate,32.8957338,-96.8079243,5959 Royal Lane,75230,Mon Oct 24 18:05:30 +0000 2016,@JillCowan @ATT @dallasnews can't worry about things. Just have to shake it off!,Negative,82.3236,general,general,,Twitter
Dallas7,Corporate,32.8957338,-96.8079243,5959 Royal Lane,75230,Mon Oct 24 18:00:04 +0000 2016,"No importa si estas apoyando el American League o el National League, cada noche es un home run con @DIRECTV… https://t.co/hnJthAv0cB",Neutral,58.1591,directv,general,,Twitter
Dallas7,Corporate,32.8957338,-96.8079243,5959 Royal Lane,75230,Mon Oct 24 17:52:56 +0000 2016,AT&amp;T debuts Cuba roaming https://t.co/oFIQzht2IP #attemployee https://t.co/C0GaQLrnUu,Neutral,50.0000,general,general,,Twitter
Dallas7,Corporate,32.8957338,-96.8079243,5959 Royal Lane,75230,Mon Oct 24 17:52:11 +0000 2016,"@TheNETwork_Natl 
AT&amp;T Hiring Sales Executive Field Sales #Des Peres, MO. Spread the word about the good #LifeAtATT… https://t.co/lBdq02UVpC",Negative,77.6346,general,general,,Twitter
Dallas7,Corporate,32.8957338,-96.8079243,5959 Royal Lane,75230,Mon Oct 24 17:51:54 +0000 2016,"""AT&amp;T and Time Warner Seek to Mollify Deal’s Critics"" by LESLIE PICKER via NYT The New York Times https://t.co/oCf1Nn0dei",Positive,97.2203,general,general,,Twitter
Dallas7,Corporate,32.8957338,-96.8079243,5959 Royal Lane,75230,Mon Oct 24 17:51:07 +0000 2016,"@WomenOfATT_ERG 
AT&amp;T Hiring Sales Executive Field Sales #Des Peres, MO. Spread the word about the good #LifeAtATT.… https://t.co/4az2gLQRQc",Negative,77.6346,general,general,,Twitter
Dallas7,Corporate,32.8957338,-96.8079243,5959 Royal Lane,75230,Mon Oct 24 17:50:50 +0000 2016,"RT @ATTBusiness: Your org faces cyberthreats at every turn, but you're not alone. Be #cyberaware with our new cybersecurity report: https:/…",Neutral,52.3309,general,general,,Twitter
Dallas7,Corporate,32.8957338,-96.8079243,5959 Royal Lane,75230,Mon Oct 24 17:50:23 +0000 2016,RT @RickTweetTweet: Breaking News!!! AT&amp;T to Acquire Time Warner! My family just got bigger! #LifeAtATT  #TimeWarner https://t.co/RUAJa5ciO…,Positive,81.6545,general,general,,Twitter
Dallas7,Corporate,32.8957338,-96.8079243,5959 Royal Lane,75230,Mon Oct 24 17:49:30 +0000 2016,RT @ATTBusiness: SDN + #AI is like peanut butter + jelly. Find out why it's a perfect combination: https://t.co/OrfatAuWXA https://t.co/51x…,Positive,91.9239,general,general,,Twitter
Dallas7,Corporate,32.8957338,-96.8079243,5959 Royal Lane,75230,Mon Oct 24 17:49:10 +0000 2016,"@LEAGUEatATT 
AT&amp;T Hiring Sales Executive Field Sales #Des Peres, MO. Spread the word about the good #LifeAtATT.… https://t.co/rerVQkHtFI",Negative,77.6346,general,general,,Twitter
Dallas7,Corporate,32.8957338,-96.8079243,5959 Royal Lane,75230,Mon Oct 24 17:47:34 +0000 2016,"@jilliangaier @CNN most likely that  will get more subscribers due to @att's vast userbase. Other than that, probably nothing will change.",Negative,82.3574,general,general,,Twitter
Dallas7,Corporate,32.8957338,-96.8079243,5959 Royal Lane,75230,Mon Oct 24 17:43:59 +0000 2016,RT @ATTBusiness: SDN + #AI is like peanut butter + jelly. Find out why it's a perfect combination: https://t.co/OrfatAuWXA https://t.co/51x…,Positive,91.9239,general,general,,Twitter
Dallas7,Corporate,32.8957338,-96.8079243,5959 Royal Lane,75230,Mon Oct 24 17:40:45 +0000 2016,RT @ATTBusiness: SDN + #AI is like peanut butter + jelly. Find out why it's a perfect combination: https://t.co/OrfatAuWXA https://t.co/51x…,Positive,91.9239,general,general,,Twitter
Dallas7,Corporate,32.8957338,-96.8079243,5959 Royal Lane,75230,Mon Oct 24 17:40:36 +0000 2016,They expect constant connection  mobility  and innovation https://t.co/nrmXqjKfQV #mobile #attemployee,Neutral,54.6944,general,general,,Twitter
Dallas7,Corporate,32.8957338,-96.8079243,5959 Royal Lane,75230,Mon Oct 24 17:39:47 +0000 2016,"RT @ATT: @joeharris_stl I'm glad we were able to turn that around, Joe! https://t.co/pAJKrKvqHc",Neutral,61.1784,general,general,,Twitter
