Dallas1,Corporate,32.776664,-96.796988,"208 S Akard Street, Ste 110",75202,Wed Oct 26 17:02:21 +0000 2016,RT @ATTBusinessCare: Learn how to add a text messaging user to your pdvConnect from AT&amp;T account https://t.co/Aqu7w2lJjK https://t.co/BUzKt…,Neutral,50.6903,general,general,,Twitter
Dallas1,Corporate,32.776664,-96.796988,"208 S Akard Street, Ste 110",75202,Wed Oct 26 17:02:12 +0000 2016,RT @ATTBusinessCare: Take a look at our tutorial for info on how to change your bigtincan from AT&amp;T password https://t.co/DMWuWr4MbE https:…,Positive,70.7019,general,general,,Twitter
Dallas1,Corporate,32.776664,-96.796988,"208 S Akard Street, Ste 110",75202,Wed Oct 26 17:01:44 +0000 2016,RT @ATTBusinessCare: Learn how to start using AT&amp;T Business Messenger for iPhone https://t.co/V9JIzwBSqC https://t.co/pS0xrKsgKm,Neutral,57.2515,general,general,,Twitter
Dallas1,Corporate,32.776664,-96.796988,"208 S Akard Street, Ste 110",75202,Wed Oct 26 17:01:39 +0000 2016,RT @attJOBS: Our new #SanFrancisco flagship store is restored and ready for the future with our latest technology. Take a look: https://t.c…,Positive,96.3812,general,store experience,,Twitter
Dallas1,Corporate,32.776664,-96.796988,"208 S Akard Street, Ste 110",75202,Wed Oct 26 17:01:23 +0000 2016,RT @ATT: Another reason to smile for the camera. The #LGV20 from @LGUSAMobile will be available in stores starting today. https://t.co/TILu…,Positive,86.0616,general,general,,Twitter
Dallas1,Corporate,32.776664,-96.796988,"208 S Akard Street, Ste 110",75202,Wed Oct 26 17:01:19 +0000 2016,RT @attJOBS: Join us on Periscope for an inside look at how we’re changing the face of retail with our new Flagship store in #SanFrancisco.…,Positive,87.4696,general,store experience,,Twitter
Dallas1,Corporate,32.776664,-96.796988,"208 S Akard Street, Ste 110",75202,Wed Oct 26 17:01:15 +0000 2016,"RT @ATTBusinessCare: User Manuals, Setup Wizards, Tutorials &amp; more for devices: AT&amp;T has you covered! https://t.co/e8atNd7Wta https://t.co/…",Neutral,54.0904,general,general,,Twitter
Dallas1,Corporate,32.776664,-96.796988,"208 S Akard Street, Ste 110",75202,Wed Oct 26 17:00:51 +0000 2016,RT @attJOBS: LIVE on #Periscope: Inside Look: San Francisco Retail Flagship https://t.co/DzufEXDgMz,Positive,74.4842,general,general,,Twitter
Dallas1,Corporate,32.776664,-96.796988,"208 S Akard Street, Ste 110",75202,Wed Oct 26 17:00:18 +0000 2016,RT @ATTBusiness: What's faster than a @RedBullRacing car at full speed? Data exchange at full throttle. https://t.co/2J1yGHly8i,Negative,70.3213,general,general,,Twitter
Dallas1,Corporate,32.776664,-96.796988,"208 S Akard Street, Ste 110",75202,Wed Oct 26 16:59:44 +0000 2016,RT @attJOBS: Need a break? We're playing cornhole at our booth. Stop by booth 1447 and show us your skills! #GHC16 #ATTatGHC16 https://t.co…,Neutral,55.5526,general,general,,Twitter
Dallas1,Corporate,32.776664,-96.796988,"208 S Akard Street, Ste 110",75202,Wed Oct 26 16:59:30 +0000 2016,"RT @ATT: Mother Nature is unpredictable, so we rely on our Network Disaster Recovery team to connect you when you need it most. https://t.c…",Positive,77.2863,general,general,,Twitter
Dallas1,Corporate,32.776664,-96.796988,"208 S Akard Street, Ste 110",75202,Wed Oct 26 16:58:53 +0000 2016,RT @ATTBusinessCare: Not sure how to secure a downloaded bigtincan from AT&amp;T story? Learn how at  https://t.co/7ufY2CaOux https://t.co/Gv2S…,Neutral,55.1584,general,general,,Twitter
Dallas1,Corporate,32.776664,-96.796988,"208 S Akard Street, Ste 110",75202,Wed Oct 26 16:58:39 +0000 2016,"RT @ATTBusiness: They start their engines, we start the data flow. Taking Red Bull Racing to the next level at the US Grand Prix. https://t…",Positive,77.6574,general,general,,Twitter
Dallas1,Corporate,32.776664,-96.796988,"208 S Akard Street, Ste 110",75202,Wed Oct 26 16:57:11 +0000 2016,"RT @ATT: Some people may wait a lifetime, but you don't have to. On 11/2-3, AT&amp;T customers can buy @kelly_clarkson tix early. https://t.co/…",Neutral,60.4188,general,general,,Twitter
Dallas1,Corporate,32.776664,-96.796988,"208 S Akard Street, Ste 110",75202,Wed Oct 26 16:56:54 +0000 2016,"RT @attJOBS: In honor of #LGBTHistoryMonth, we're recapping the ways we've supported the LGBT community throughout the years: https://t.co/…",Positive,95.0619,general,general,,Twitter
Dallas1,Corporate,32.776664,-96.796988,"208 S Akard Street, Ste 110",75202,Wed Oct 26 16:56:39 +0000 2016,RT @attJOBS: #Women working is darn straight! Stop by our booth &amp; see what we have to offer women working in tech! #ATTatGHC16 #GHC16 https…,Neutral,53.3757,general,general,,Twitter
Dallas1,Corporate,32.776664,-96.796988,"208 S Akard Street, Ste 110",75202,Wed Oct 26 16:56:22 +0000 2016,RT @attJOBS: Our recruiters are standing by to answer your questions from 12-1pm CST. Just #AskATTJobs! https://t.co/wfrxMlr4RO,Neutral,52.0047,general,general,,Twitter
Dallas1,Corporate,32.776664,-96.796988,"208 S Akard Street, Ste 110",75202,Wed Oct 26 16:56:13 +0000 2016,RT @attJOBS: Curious why our employees love #LifeAtATT? Take a look: https://t.co/B7CTVa4b41 #GHC16 #ATTatGHC16 https://t.co/Var5AH1eWP,Positive,70.8393,general,general,,Twitter
Dallas1,Corporate,32.776664,-96.796988,"208 S Akard Street, Ste 110",75202,Wed Oct 26 16:56:09 +0000 2016,RT @ATTBusinessCare: Find out how to improve collaboration with employees who work remotely. https://t.co/jMqzpsXTiP https://t.co/NrELellla5,Neutral,54.4748,general,general,,Twitter
Dallas1,Corporate,32.776664,-96.796988,"208 S Akard Street, Ste 110",75202,Wed Oct 26 16:50:29 +0000 2016,Friedman &amp; Hayek's graves spin as $ATT CEO claims his $85B $TWX merger funded by debt won't affect prices… https://t.co/MloNkxgm5x,Neutral,60.5734,general,general,,Twitter
Dallas1,Corporate,32.776664,-96.796988,"208 S Akard Street, Ste 110",75202,Wed Oct 26 16:45:29 +0000 2016,AT&amp;T Secret Spy Program Unveiled: Project Hemisphere https://t.co/xrJgp0Z6e8,Neutral,54.8547,general,general,,Twitter
Dallas1,Corporate,32.776664,-96.796988,"208 S Akard Street, Ste 110",75202,Wed Oct 26 16:43:59 +0000 2016,RT @ATT: .@BinghamDb and @indicowie go undercover at an @MLS game…and you just have to watch the rest: https://t.co/fGvGIRRfFj https://t.co…,Negative,74.0062,general,general,,Twitter
Dallas1,Corporate,32.776664,-96.796988,"208 S Akard Street, Ste 110",75202,Wed Oct 26 16:43:54 +0000 2016,RT @attJOBS: You don't have to go back to school to continue learning. Try these tips to learn something new: https://t.co/N1AjraH8jR #Moti…,Neutral,50.1178,general,general,,Twitter
Dallas1,Corporate,32.776664,-96.796988,"208 S Akard Street, Ste 110",75202,Wed Oct 26 16:43:48 +0000 2016,RT @ATTBusinessCare: Not sure where to start when sharing a bigtincan from AT&amp;T story? Learn how at https://t.co/rRv9IpNopm https://t.co/cw…,Negative,99.4049,general,general,,Twitter
Dallas1,Corporate,32.776664,-96.796988,"208 S Akard Street, Ste 110",75202,Wed Oct 26 16:43:38 +0000 2016,RT @attJOBS: We're helping connect youth to their first jobs by signing on to the White House's First Job Compact. Learn more: https://t.co…,Positive,91.9056,general,general,,Twitter
Dallas1,Corporate,32.776664,-96.796988,"208 S Akard Street, Ste 110",75202,Wed Oct 26 16:43:17 +0000 2016,"RT @attJOBS: Our colleagues in Europe, the Middle East &amp; Asia are spreading the @ATT Aspire mission around the globe: https://t.co/ypGzlddr…",Positive,86.8800,general,general,,Twitter
Dallas1,Corporate,32.776664,-96.796988,"208 S Akard Street, Ste 110",75202,Wed Oct 26 16:42:56 +0000 2016,"Interesting-How #ATT, #TimeWarner #merger could impact #Dallas footprint https://t.co/FOrClxl8eV @DallasBizNews #media #content",Positive,63.3045,general,general,,Twitter
Dallas1,Corporate,32.776664,-96.796988,"208 S Akard Street, Ste 110",75202,Wed Oct 26 16:38:38 +0000 2016,"@RealAsKENbe Hi there, we wanted to clarify - Time Warner Cable is owned by Charter Communications which is separate from Time Warner Inc.",Neutral,60.1074,general,general,,Twitter
Dallas1,Corporate,32.776664,-96.796988,"208 S Akard Street, Ste 110",75202,Wed Oct 26 16:37:07 +0000 2016,"@Tony_Five_O Hi Tony, we wanted to clarify - Time Warner Cable is owned by Charter Communications which is separate from Time Warner Inc.",Positive,63.4368,general,general,,Twitter
Dallas1,Corporate,32.776664,-96.796988,"208 S Akard Street, Ste 110",75202,Wed Oct 26 16:34:32 +0000 2016,"RT @attJOBS: At AT&amp;T, we believe that inspiration stems from collaboration. That's why we give employees the access they need. https://t.co…",Neutral,53.7838,general,general,,Twitter
Dallas1,Corporate,32.776664,-96.796988,"208 S Akard Street, Ste 110",75202,Wed Oct 26 16:29:35 +0000 2016,RT @ATT: Who made you a college 🏈 fan? Share with #MadeMeAFanContest for a chance to win. Rules https://t.co/hU3I3wFn5V https://t.co/seJBJK…,Positive,88.9294,general,general,,Twitter
Dallas1,Corporate,32.776664,-96.796988,"208 S Akard Street, Ste 110",75202,Wed Oct 26 16:27:11 +0000 2016,"RT @SportsDayHS: Due to conflicts, no #txhsfb at AT&amp;T Stadium for the first 3 rounds 😭
…but now we have The Star.
Details: https://t.co/UxR…",Positive,78.7116,general,general,,Twitter
Dallas1,Corporate,32.776664,-96.796988,"208 S Akard Street, Ste 110",75202,Wed Oct 26 16:21:15 +0000 2016,The code names and secret meetings that got the #ATT-Time Warner deal done https://t.co/TotfnMDncL #DFW,Positive,66.8408,general,general,,Twitter
Dallas1,Corporate,32.776664,-96.796988,"208 S Akard Street, Ste 110",75202,Wed Oct 26 16:20:01 +0000 2016,Jordan Spieth to help unveil new home for AT&amp;T Byron Nelson - https://t.co/586TyKd3B3 via https://t.co/IR4kIJxJZ4,Positive,94.4302,general,general,,Twitter
Dallas1,Corporate,32.776664,-96.796988,"208 S Akard Street, Ste 110",75202,Wed Oct 26 16:18:36 +0000 2016,RT @ATT: Welcome to the team! @taylorswift13 https://t.co/4h86nLYuLo https://t.co/gAHOi7fPrZ,Positive,84.3125,general,general,,Twitter
Dallas1,Corporate,32.776664,-96.796988,"208 S Akard Street, Ste 110",75202,Wed Oct 26 16:17:55 +0000 2016,RT @MattManero: ATT:  WOMEN IN SALES:  I want you to get 2 things FREE.  #1.  A copy of my audio book THE GRIT.  #2.  My webinar wit…https:…,Negative,71.5177,general,general,,Twitter
Dallas1,Corporate,32.776664,-96.796988,"208 S Akard Street, Ste 110",75202,Wed Oct 26 16:17:19 +0000 2016,@ATTCares I still need help - I'm just so busy and it's hard to have to take time to stop being awesome and fix y'alls negatives. Sorry,Negative,69.8788,general,general,,Twitter
Dallas1,Corporate,32.776664,-96.796988,"208 S Akard Street, Ste 110",75202,Wed Oct 26 16:13:45 +0000 2016,The code names and secret meetings that got the #ATT-Time Warner deal done https://t.co/PU33R0uwMC #DFW #realestate,Positive,66.8408,general,general,,Twitter
Dallas1,Corporate,32.776664,-96.796988,"208 S Akard Street, Ste 110",75202,Wed Oct 26 16:13:43 +0000 2016,The code names and secret meetings that got the #ATT-Time Warner deal done https://t.co/3rhzsaMiJF #DFW #Tech,Positive,66.8408,general,general,,Twitter
Dallas1,Corporate,32.776664,-96.796988,"208 S Akard Street, Ste 110",75202,Wed Oct 26 16:12:20 +0000 2016,RT @ATT: Welcome to the team! @taylorswift13 https://t.co/4h86nLYuLo https://t.co/gAHOi7fPrZ,Positive,84.3125,general,general,,Twitter
Dallas1,Corporate,32.776664,-96.796988,"208 S Akard Street, Ste 110",75202,Wed Oct 26 16:11:51 +0000 2016,RT @ATT: Welcome to the team! @taylorswift13 https://t.co/4h86nLYuLo https://t.co/gAHOi7fPrZ,Positive,84.3125,general,general,,Twitter
Dallas1,Corporate,32.776664,-96.796988,"208 S Akard Street, Ste 110",75202,Wed Oct 26 16:10:36 +0000 2016,RT @ATTBusiness: We're navigating the known threat landscape to help protect your org. See more in our new cybersecurity report: https://t.…,Positive,91.7588,general,general,,Twitter
Dallas1,Corporate,32.776664,-96.796988,"208 S Akard Street, Ste 110",75202,Wed Oct 26 16:06:53 +0000 2016,RT @ATT: Welcome to the team! @taylorswift13 https://t.co/4h86nLYuLo https://t.co/gAHOi7fPrZ,Positive,84.3125,general,general,,Twitter
Dallas1,Corporate,32.776664,-96.796988,"208 S Akard Street, Ste 110",75202,Wed Oct 26 16:03:02 +0000 2016,RT @ATTBusiness: We're navigating the known threat landscape to help protect your org. See more in our new cybersecurity report: https://t.…,Positive,91.7588,general,general,,Twitter
Dallas1,Corporate,32.776664,-96.796988,"208 S Akard Street, Ste 110",75202,Wed Oct 26 16:00:06 +0000 2016,We're navigating the known threat landscape to help protect your org. See more in our new cybersecurity report:… https://t.co/EsVluyh88U,Positive,91.7588,general,general,,Twitter
Dallas1,Corporate,32.776664,-96.796988,"208 S Akard Street, Ste 110",75202,Wed Oct 26 15:59:10 +0000 2016,Uh oh! What will Los Colinas do now for fun? #ByronNelson https://t.co/J7Qpk8ODky,Negative,88.3158,general,general,,Twitter
Dallas1,Corporate,32.776664,-96.796988,"208 S Akard Street, Ste 110",75202,Wed Oct 26 15:49:41 +0000 2016,RT @ATT: Welcome to the team! @taylorswift13 https://t.co/4h86nLYuLo https://t.co/gAHOi7fPrZ,Positive,84.3125,general,general,,Twitter
Dallas1,Corporate,32.776664,-96.796988,"208 S Akard Street, Ste 110",75202,Wed Oct 26 15:40:36 +0000 2016,"""AT&amp;T wants to own the content that is distributed. Rather than start from scratch, it wants to buy Time Warner f... https://t.co/Le6ufCFJAI",Negative,95.4087,general,general,,Twitter
Dallas1,Corporate,32.776664,-96.796988,"208 S Akard Street, Ste 110",75202,Wed Oct 26 15:06:29 +0000 2016,RT @ATT: Welcome to the team! @taylorswift13 https://t.co/4h86nLYuLo https://t.co/gAHOi7fPrZ,Positive,84.3125,general,general,,Twitter
Dallas1,Corporate,32.776664,-96.796988,"208 S Akard Street, Ste 110",75202,Wed Oct 26 15:00:26 +0000 2016,New #IoT Security Guidelines from the Dept of Homeland Security https://t.co/v8cqO8ioHn #attemployee https://t.co/iDBsFJGg1Y,Neutral,60.0528,general,general,,Twitter
Dallas1,Corporate,32.776664,-96.796988,"208 S Akard Street, Ste 110",75202,Wed Oct 26 14:59:50 +0000 2016,Heading to vote early with my @ATT coworker! HQ is right by a voting place. #lifeatATT https://t.co/8zchRMkDG3,Positive,80.5649,general,general,,Twitter
Dallas1,Corporate,32.776664,-96.796988,"208 S Akard Street, Ste 110",75202,Wed Oct 26 14:59:40 +0000 2016,Just another day in the office. @JordanSpieth joins the @ATT Aspire  Accelerator presentations showcasing innovativ… https://t.co/KO1FM9rvPd,Negative,95.6118,general,general,,Twitter
Dallas1,Corporate,32.776664,-96.796988,"208 S Akard Street, Ste 110",75202,Wed Oct 26 14:58:46 +0000 2016,@ATTCares like that thought never crossed my mind.,Neutral,58.1997,general,general,,Twitter
Dallas1,Corporate,32.776664,-96.796988,"208 S Akard Street, Ste 110",75202,Wed Oct 26 14:57:28 +0000 2016,Agree @ATT's #RandallStephenson is a 'southern gentleman' like @DaveLieber says? I've heard mostly good. @JimZarroli https://t.co/8MlQugMyQ3,Neutral,55.5778,general,general,,Twitter
Dallas1,Corporate,32.776664,-96.796988,"208 S Akard Street, Ste 110",75202,Wed Oct 26 14:36:30 +0000 2016,How to talk about the @ATT-@twxcorp deal like an insider https://t.co/BS8al09DpH | @Melissa_Repko https://t.co/r69KlkAmBl,Neutral,60.7870,general,general,,Twitter
Dallas1,Corporate,32.776664,-96.796988,"208 S Akard Street, Ste 110",75202,Wed Oct 26 14:34:17 +0000 2016,"Hey @ATT appreciate being on hold for 39 minutes now waiting to talk about my ""rewards"" I am supposed to get.",Neutral,57.4925,general,general,,Twitter
Dallas1,Corporate,32.776664,-96.796988,"208 S Akard Street, Ste 110",75202,Wed Oct 26 14:27:28 +0000 2016,RT @ATT: Welcome to the team! @taylorswift13 https://t.co/4h86nLYuLo https://t.co/gAHOi7fPrZ,Positive,84.3125,general,general,,Twitter
Dallas1,Corporate,32.776664,-96.796988,"208 S Akard Street, Ste 110",75202,Wed Oct 26 14:26:50 +0000 2016,"RT @attJOBS: At AT&amp;T, we believe that inspiration stems from collaboration. That's why we give employees the access they need. https://t.co…",Neutral,53.7838,general,general,,Twitter
Dallas1,Corporate,32.776664,-96.796988,"208 S Akard Street, Ste 110",75202,Wed Oct 26 14:23:29 +0000 2016,"RT @NerdButler: AT&amp;T Undercuts Cable TV With $35 Internet Streaming Service | WIRED
https://t.co/4FOS0tODt6 https://t.co/9L0r6PzMqe",Neutral,51.3085,general,general,,Twitter
Dallas1,Corporate,32.776664,-96.796988,"208 S Akard Street, Ste 110",75202,Wed Oct 26 14:22:50 +0000 2016,RT @ATT: Welcome to the team! @taylorswift13 https://t.co/4h86nLYuLo https://t.co/gAHOi7fPrZ,Positive,84.3125,general,general,,Twitter
Dallas1,Corporate,32.776664,-96.796988,"208 S Akard Street, Ste 110",75202,Wed Oct 26 14:19:42 +0000 2016,"RT @paul_o_donnell: Lots of reader interest in this story yesterday. #topreadoftheday
https://t.co/RwZMZvtM1I via @dallasnews",Negative,66.2305,general,general,,Twitter
Dallas1,Corporate,32.776664,-96.796988,"208 S Akard Street, Ste 110",75202,Wed Oct 26 14:18:04 +0000 2016,"AT&amp;T Undercuts Cable TV With $35 Internet Streaming Service | WIRED
https://t.co/4FOS0tODt6 https://t.co/9L0r6PzMqe",Neutral,51.3085,general,general,,Twitter
Dallas1,Corporate,32.776664,-96.796988,"208 S Akard Street, Ste 110",75202,Wed Oct 26 14:04:59 +0000 2016,@capritwotimes Oh no! That's not what we like to hear. Please DM us your account information so we can look into this for you.,Negative,88.7150,general,general,,Twitter
Dallas1,Corporate,32.776664,-96.796988,"208 S Akard Street, Ste 110",75202,Wed Oct 26 14:03:56 +0000 2016,RT @ATT: Welcome to the team! @taylorswift13 https://t.co/4h86nLYuLo https://t.co/gAHOi7fPrZ,Positive,84.3125,general,general,,Twitter
Dallas1,Corporate,32.776664,-96.796988,"208 S Akard Street, Ste 110",75202,Wed Oct 26 14:03:41 +0000 2016,Received my notice @Uverse will stop charging me a premium to opt out of their domestic spying/ad program.  Just in time for Time Warner/FTC,Neutral,57.2458,uverse,general,,Twitter
Dallas1,Corporate,32.776664,-96.796988,"208 S Akard Street, Ste 110",75202,Wed Oct 26 14:02:37 +0000 2016,RT @ATTBusiness: Watch how to protect your business from evolving threats. Get our report to learn more: https://t.co/8Ixmpp7esC #ATTCyberC…,Positive,65.3603,general,general,,Twitter
Dallas1,Corporate,32.776664,-96.796988,"208 S Akard Street, Ste 110",75202,Wed Oct 26 14:00:56 +0000 2016,What’s different about 5G than previous “G’s”? https://t.co/AxI4gm6JdB #attemployee https://t.co/2F1KDK93ak,Positive,62.7362,general,general,,Twitter
Dallas1,Corporate,32.776664,-96.796988,"208 S Akard Street, Ste 110",75202,Wed Oct 26 14:00:02 +0000 2016,Looking for a new trainer? Check out @JillianMichaels Fit Fusion TV: https://t.co/wHpiTE8VdG https://t.co/Os2SQH8UbG,Positive,84.1424,general,general,,Twitter
Dallas1,Corporate,32.776664,-96.796988,"208 S Akard Street, Ste 110",75202,Wed Oct 26 13:57:02 +0000 2016,Documents show AT&amp;T secretly sells customer data to law enforcement https://t.co/NHOKuMEq8l,Positive,68.9552,general,general,,Twitter
Dallas1,Corporate,32.776664,-96.796988,"208 S Akard Street, Ste 110",75202,Wed Oct 26 13:49:27 +0000 2016,RT @ATTBusinessCare: Learn how to add a text messaging user to your pdvConnect from AT&amp;T account https://t.co/Aqu7w2lJjK https://t.co/BUzKt…,Neutral,50.6903,general,general,,Twitter
Dallas1,Corporate,32.776664,-96.796988,"208 S Akard Street, Ste 110",75202,Wed Oct 26 13:48:18 +0000 2016,RT @ATTBusinessCare: See how to change your status in AT&amp;T Business Messenger for iPhone at https://t.co/0f5VB7upGe,Positive,63.2139,general,general,,Twitter
Dallas1,Corporate,32.776664,-96.796988,"208 S Akard Street, Ste 110",75202,Wed Oct 26 13:48:04 +0000 2016,"RT @bodyrecruit: @TheNETwork_Natl 
AT&amp;T Hiring Sales Executive Field Sales #Des Peres, MO. Spread the word about the good #LifeAtATT. https…",Negative,77.6346,general,general,,Twitter
Dallas1,Corporate,32.776664,-96.796988,"208 S Akard Street, Ste 110",75202,Wed Oct 26 13:47:22 +0000 2016,RT @ATTBusiness: Watch how to protect your business from evolving threats. Get our report to learn more: https://t.co/8Ixmpp7esC #ATTCyberC…,Positive,65.3603,general,general,,Twitter
Dallas1,Corporate,32.776664,-96.796988,"208 S Akard Street, Ste 110",75202,Wed Oct 26 13:44:39 +0000 2016,RT @kheinlein: AT&amp;T CEO Stephenson finally reveals price point for DirecTV Now https://t.co/VcroyovOhz via @DallasBizNews #attemployee,Positive,71.2174,directv,general,,Twitter
Dallas1,Corporate,32.776664,-96.796988,"208 S Akard Street, Ste 110",75202,Wed Oct 26 13:42:50 +0000 2016,"RT @attJOBS: With the power to shape new accessibility tech (like a speech-to-text hearing aid), #InclusionWorks at AT&amp;T. https://t.co/P4aq…",Positive,84.8995,general,general,,Twitter
Dallas1,Corporate,32.776664,-96.796988,"208 S Akard Street, Ste 110",75202,Wed Oct 26 13:37:46 +0000 2016,"RT @paul_o_donnell: Lots of reader interest in this story yesterday. #topreadoftheday
https://t.co/RwZMZvtM1I via @dallasnews",Negative,66.2305,general,general,,Twitter
Dallas1,Corporate,32.776664,-96.796988,"208 S Akard Street, Ste 110",75202,Wed Oct 26 13:37:26 +0000 2016,"Lots of reader interest in this story yesterday. #topreadoftheday
https://t.co/RwZMZvtM1I via @dallasnews",Negative,66.2305,general,general,,Twitter
Dallas1,Corporate,32.776664,-96.796988,"208 S Akard Street, Ste 110",75202,Wed Oct 26 13:31:32 +0000 2016,3/4 millennials say that access to technology makes them more effective at work https://t.co/nrmXqjKfQV #cloud #attemployee,Negative,82.4642,general,general,,Twitter
Dallas1,Corporate,32.776664,-96.796988,"208 S Akard Street, Ste 110",75202,Wed Oct 26 13:31:27 +0000 2016,AT&amp;T Offers Online Service for $35 a Month in Test of a La Carte TV | https://t.co/bGxkLYsEvZ #marketing #advertis… https://t.co/i2McDsg0Kh,Positive,84.3571,general,general,,Twitter
Dallas1,Corporate,32.776664,-96.796988,"208 S Akard Street, Ste 110",75202,Wed Oct 26 13:20:26 +0000 2016,This shouldn't surprise ANYONE. @att has done lots of shitty things for profit. AT&amp;T Spied on Americans For Profit https://t.co/1RY0iaghgZ,Negative,62.7926,general,general,,Twitter
Dallas1,Corporate,32.776664,-96.796988,"208 S Akard Street, Ste 110",75202,Wed Oct 26 13:20:17 +0000 2016,AT&amp;T CEO Stephenson finally reveals price point for DirecTV Now https://t.co/VcroyovOhz via @DallasBizNews #attemployee,Positive,71.2174,directv,general,,Twitter
Dallas1,Corporate,32.776664,-96.796988,"208 S Akard Street, Ste 110",75202,Wed Oct 26 12:51:04 +0000 2016,"RT @SportsDayHS: Due to conflicts, no #txhsfb at AT&amp;T Stadium for the first 3 rounds 😭
…but now we have The Star.
Details: https://t.co/UxR…",Positive,78.7116,general,general,,Twitter
Dallas1,Corporate,32.776664,-96.796988,"208 S Akard Street, Ste 110",75202,Wed Oct 26 12:47:18 +0000 2016,RT @ATT: Welcome to the team! @taylorswift13 https://t.co/4h86nLYuLo https://t.co/gAHOi7fPrZ,Positive,84.3125,general,general,,Twitter
Dallas1,Corporate,32.776664,-96.796988,"208 S Akard Street, Ste 110",75202,Wed Oct 26 12:44:19 +0000 2016,RT @ATT: Welcome to the team! @taylorswift13 https://t.co/4h86nLYuLo https://t.co/gAHOi7fPrZ,Positive,84.3125,general,general,,Twitter
Dallas1,Corporate,32.776664,-96.796988,"208 S Akard Street, Ste 110",75202,Wed Oct 26 12:41:54 +0000 2016,@BostonSugarBear @Lawssenhop @Snowden @ATT always a good idea to stay away from peeps on terrorist watch lists. Like journalists &amp; such. ;-),Neutral,57.6604,general,general,,Twitter
Dallas1,Corporate,32.776664,-96.796988,"208 S Akard Street, Ste 110",75202,Wed Oct 26 12:40:18 +0000 2016,RT @ATT: Welcome to the team! @taylorswift13 https://t.co/4h86nLYuLo https://t.co/gAHOi7fPrZ,Positive,84.3125,general,general,,Twitter
Dallas1,Corporate,32.776664,-96.796988,"208 S Akard Street, Ste 110",75202,Wed Oct 26 12:35:58 +0000 2016,RT @ATT: Welcome to the team! @taylorswift13 https://t.co/4h86nLYuLo https://t.co/gAHOi7fPrZ,Positive,84.3125,general,general,,Twitter
Dallas1,Corporate,32.776664,-96.796988,"208 S Akard Street, Ste 110",75202,Wed Oct 26 12:19:28 +0000 2016,@ana60nda @BostonSugarBear @LordVoltimus @Snowden @ATT it's a clear violation of the 4th amendment. Search/seizure w/out probable cause.,Neutral,53.2556,general,general,,Twitter
Dallas1,Corporate,32.776664,-96.796988,"208 S Akard Street, Ste 110",75202,Wed Oct 26 12:15:28 +0000 2016,@ATT can someone call me asap... Immediately,Negative,73.1906,general,general,,Twitter
Dallas1,Corporate,32.776664,-96.796988,"208 S Akard Street, Ste 110",75202,Wed Oct 26 12:14:49 +0000 2016,RT @DMNBiz: Hear our @MitchSchnurman discuss the AT&amp;T-Time Warner merger on Tuesday's @TexasStandard via #soundcloud https://t.co/4gIyBaQPkE,Positive,69.1171,general,general,,Twitter
Dallas1,Corporate,32.776664,-96.796988,"208 S Akard Street, Ste 110",75202,Wed Oct 26 12:06:08 +0000 2016,RT @Uverse: It’s showtime! Pump up #NationalPumpkinDay with Beetlejuice to get in the #Halloween spirit: https://t.co/WDktnIfl3g 🎃 https://…,Negative,72.3721,uverse,general,,Twitter
Dallas1,Corporate,32.776664,-96.796988,"208 S Akard Street, Ste 110",75202,Wed Oct 26 12:05:39 +0000 2016,The Latin America assets of @ATT could figure more prominently after Time Warner deal https://t.co/Op4NIxIxGZ |… https://t.co/jVYaRUGK5g,Positive,74.4417,general,general,,Twitter
Dallas1,Corporate,32.776664,-96.796988,"208 S Akard Street, Ste 110",75202,Wed Oct 26 12:02:14 +0000 2016,RT @ATT: The #futureofvideo is mobile and the #futureofmobile is video. Time Warner + AT&amp;T make it happen! @twxcorp https://t.co/GKx4U9TQYg,Neutral,56.0321,general,general,,Twitter
Dallas1,Corporate,32.776664,-96.796988,"208 S Akard Street, Ste 110",75202,Wed Oct 26 12:01:35 +0000 2016,"RT @attJOBS: At AT&amp;T, we believe that inspiration stems from collaboration. That's why we give employees the access they need. https://t.co…",Neutral,53.7838,general,general,,Twitter
Dallas1,Corporate,32.776664,-96.796988,"208 S Akard Street, Ste 110",75202,Wed Oct 26 12:00:45 +0000 2016,It’s showtime! Pump up #NationalPumpkinDay with Beetlejuice to get in the #Halloween spirit:… https://t.co/orCyGpFIaw,Negative,81.8018,general,general,,Twitter
Dallas1,Corporate,32.776664,-96.796988,"208 S Akard Street, Ste 110",75202,Wed Oct 26 12:00:01 +0000 2016,Learn how to add a text messaging user to your pdvConnect from AT&amp;T account https://t.co/Aqu7w2lJjK https://t.co/BUzKtN9fwM,Neutral,50.6903,general,general,,Twitter
Dallas1,Corporate,32.776664,-96.796988,"208 S Akard Street, Ste 110",75202,Wed Oct 26 11:47:44 +0000 2016,RT @ATTBusiness: Watch how to protect your business from evolving threats. Get our report to learn more: https://t.co/8Ixmpp7esC #ATTCyberC…,Positive,65.3603,general,general,,Twitter
Dallas1,Corporate,32.776664,-96.796988,"208 S Akard Street, Ste 110",75202,Wed Oct 26 11:37:57 +0000 2016,"RT @SportsDayHS: Due to conflicts, no #txhsfb at AT&amp;T Stadium for the first 3 rounds 😭
…but now we have The Star.
Details: https://t.co/UxR…",Positive,78.7116,general,general,,Twitter
Dallas1,Corporate,32.776664,-96.796988,"208 S Akard Street, Ste 110",75202,Wed Oct 26 11:21:24 +0000 2016,Hear our @MitchSchnurman discuss the AT&amp;T-Time Warner merger on Tuesday's @TexasStandard via #soundcloud https://t.co/4gIyBaQPkE,Positive,69.1171,general,general,,Twitter
