Dallas17,Authorized,32.739229,-96.682466,1530 S Buckner Blvd,75217,Wed Oct 26 21:33:11 +0000 2016,RT @ATT: Get a sweet deal on the new iPhone 7 when you switch to AT&amp;T and have DIRECTV. https://t.co/JO08KrMKj7 https://t.co/tAcB2wPVFO,Positive,98.0584,directv,general,,Twitter
Dallas17,Authorized,32.739229,-96.682466,1530 S Buckner Blvd,75217,Wed Oct 26 21:26:26 +0000 2016,"RT @attJOBS: At AT&amp;T, we believe that inspiration stems from collaboration. That's why we give employees the access they need. https://t.co…",Neutral,53.7838,general,general,,Twitter
Dallas17,Authorized,32.739229,-96.682466,1530 S Buckner Blvd,75217,Wed Oct 26 21:20:21 +0000 2016,"DallasBizNews: Sneak peek of the brand new Trinity Forest Golf Club, future host of the Byron Nelson: https://t.co/tiLGGIRHK2",Positive,73.7262,general,general,,Twitter
Dallas17,Authorized,32.739229,-96.682466,1530 S Buckner Blvd,75217,Wed Oct 26 21:16:48 +0000 2016,RT @ATT: Welcome to the team! @taylorswift13 https://t.co/4h86nLYuLo https://t.co/gAHOi7fPrZ,Positive,84.3125,general,general,,Twitter
Dallas17,Authorized,32.739229,-96.682466,1530 S Buckner Blvd,75217,Wed Oct 26 21:15:02 +0000 2016,"Sneak peek of the brand new Trinity Forest Golf Club, future host of the Byron Nelson: https://t.co/F6LZE1tEK6",Positive,73.7262,general,general,,Twitter
Dallas17,Authorized,32.739229,-96.682466,1530 S Buckner Blvd,75217,Wed Oct 26 21:14:44 +0000 2016,RT @Uverse: Looking for a new trainer? Check out @JillianMichaels Fit Fusion TV: https://t.co/wHpiTE8VdG https://t.co/Os2SQH8UbG,Positive,84.1424,uverse,general,,Twitter
Dallas17,Authorized,32.739229,-96.682466,1530 S Buckner Blvd,75217,Wed Oct 26 21:10:27 +0000 2016,RT @SportsDayDFW: AT&amp;T Byron Nelson moving to Dallas' Trinity Forest Golf Club ahead of schedule in 2018 https://t.co/0OcCOkkyin https://t.…,Positive,83.9594,general,general,,Twitter
Dallas17,Authorized,32.739229,-96.682466,1530 S Buckner Blvd,75217,Wed Oct 26 21:03:11 +0000 2016,RT @Mike_Rawlings: I’m excited for Dallas-based AT&amp;T and hopeful that this merger will lead to great benefits for its employees and... http…,Positive,97.4618,general,general,,Twitter
Dallas17,Authorized,32.739229,-96.682466,1530 S Buckner Blvd,75217,Wed Oct 26 21:00:59 +0000 2016,RT @ATT: Get a sweet deal on the new iPhone 7 when you switch to AT&amp;T and have DIRECTV. https://t.co/JO08KrMKj7 https://t.co/tAcB2wPVFO,Positive,98.0584,directv,general,,Twitter
Dallas17,Authorized,32.739229,-96.682466,1530 S Buckner Blvd,75217,Wed Oct 26 20:53:24 +0000 2016,RT @attJOBS: You don't have to go back to school to continue learning. Try these tips to learn something new: https://t.co/N1AjraH8jR #Moti…,Neutral,50.1178,general,general,,Twitter
Dallas17,Authorized,32.739229,-96.682466,1530 S Buckner Blvd,75217,Wed Oct 26 20:50:42 +0000 2016,"@ATTCares I spent 2 hours on phone with customer service. was escalated, just for them to tell me they can only reverse $300..",Negative,99.7066,general,general,,Twitter
Dallas17,Authorized,32.739229,-96.682466,1530 S Buckner Blvd,75217,Wed Oct 26 20:50:42 +0000 2016,AT&amp;T Agrees to Buy Time Warner for More Than $80 Billion https://t.co/Dmyv539d7P,Positive,71.0501,general,general,,Twitter
Dallas17,Authorized,32.739229,-96.682466,1530 S Buckner Blvd,75217,Wed Oct 26 20:50:37 +0000 2016,RT @dallasnews: The code names and secret meetings that got the #ATTTimeWarner deal done https://t.co/zQ2Cclsaxi | @Melissa_Repko https://t…,Neutral,55.1729,general,general,,Twitter
Dallas17,Authorized,32.739229,-96.682466,1530 S Buckner Blvd,75217,Wed Oct 26 20:44:13 +0000 2016,RT @Uverse: Looking for a new trainer? Check out @JillianMichaels Fit Fusion TV: https://t.co/wHpiTE8VdG https://t.co/Os2SQH8UbG,Positive,84.1424,uverse,general,,Twitter
Dallas17,Authorized,32.739229,-96.682466,1530 S Buckner Blvd,75217,Wed Oct 26 20:42:32 +0000 2016,RT @attJOBS: We're teaming with @BracketsForGood to launch their first nation-wide fundraising tournament. Learn more: https://t.co/IBRIhAu…,Positive,86.5420,general,general,,Twitter
Dallas17,Authorized,32.739229,-96.682466,1530 S Buckner Blvd,75217,Wed Oct 26 20:40:39 +0000 2016,"AT&amp;T and Time-Warner Make a Bet on Innovation, But Regulators May Get in the Way https://t.co/RP8SzxnhP5 https://t.co/WhBHYYRG2A",Neutral,59.8486,general,general,,Twitter
Dallas17,Authorized,32.739229,-96.682466,1530 S Buckner Blvd,75217,Wed Oct 26 20:39:34 +0000 2016,RT @attJOBS: We're teaming with @BracketsForGood to launch their first nation-wide fundraising tournament. Learn more: https://t.co/IBRIhAu…,Positive,86.5420,general,general,,Twitter
Dallas17,Authorized,32.739229,-96.682466,1530 S Buckner Blvd,75217,Wed Oct 26 20:39:14 +0000 2016,RT @ATT: Get a sweet deal on the new iPhone 7 when you switch to AT&amp;T and have DIRECTV. https://t.co/JO08KrMKj7 https://t.co/tAcB2wPVFO,Positive,98.0584,directv,general,,Twitter
Dallas17,Authorized,32.739229,-96.682466,1530 S Buckner Blvd,75217,Wed Oct 26 20:36:25 +0000 2016,@ATTCares yes there is. It doesn't work for me. Eventually found a way hidden deep in the bowels of the website.,Negative,99.1627,general,general,,Twitter
Dallas17,Authorized,32.739229,-96.682466,1530 S Buckner Blvd,75217,Wed Oct 26 20:28:23 +0000 2016,RT @dallasnews: The code names and secret meetings that got the #ATTTimeWarner deal done https://t.co/zQ2Cclsaxi | @Melissa_Repko https://t…,Neutral,55.1729,general,general,,Twitter
Dallas17,Authorized,32.739229,-96.682466,1530 S Buckner Blvd,75217,Wed Oct 26 20:28:06 +0000 2016,RT @ATT: Welcome to the team! @taylorswift13 https://t.co/4h86nLYuLo https://t.co/gAHOi7fPrZ,Positive,84.3125,general,general,,Twitter
Dallas17,Authorized,32.739229,-96.682466,1530 S Buckner Blvd,75217,Wed Oct 26 20:27:19 +0000 2016,RT @SportsDayDFW: AT&amp;T Byron Nelson moving to Dallas' Trinity Forest Golf Club ahead of schedule in 2018 https://t.co/0OcCOkkyin https://t.…,Positive,83.9594,general,general,,Twitter
Dallas17,Authorized,32.739229,-96.682466,1530 S Buckner Blvd,75217,Wed Oct 26 20:25:13 +0000 2016,RT @ATT: Who made you a college 🏈 fan? Share with #MadeMeAFanContest for a chance to win. Rules https://t.co/hU3I3wFn5V https://t.co/seJBJK…,Positive,88.9294,general,general,,Twitter
Dallas17,Authorized,32.739229,-96.682466,1530 S Buckner Blvd,75217,Wed Oct 26 20:24:58 +0000 2016,@YaShah97 @jakepimental99 @DevinRabeyHD @verizon Yes they offer unlimited if you have DirecTV,Negative,63.6819,directv,general,,Twitter
Dallas17,Authorized,32.739229,-96.682466,1530 S Buckner Blvd,75217,Wed Oct 26 20:24:38 +0000 2016,DallasBizNews: RT DBJShinneman: We've updated our story pulling together all the announcements on DirecTV Now: https://t.co/FvLpxsDzs3 $T …,Positive,70.0073,directv,general,,Twitter
Dallas17,Authorized,32.739229,-96.682466,1530 S Buckner Blvd,75217,Wed Oct 26 20:22:26 +0000 2016,RT @DBJShinneman: We've updated our story pulling together all the announcements on DirecTV Now: https://t.co/zC1rek2sli $T @DallasBizNews,Positive,70.0073,directv,general,,Twitter
Dallas17,Authorized,32.739229,-96.682466,1530 S Buckner Blvd,75217,Wed Oct 26 20:20:46 +0000 2016,Watch #Periscope: @Uverse is getting on my nerves paying for 24mb and this is what i get. @verizonfios help please https://t.co/UwT1v02RDl,Negative,69.6186,uverse,general,,Twitter
Dallas17,Authorized,32.739229,-96.682466,1530 S Buckner Blvd,75217,Wed Oct 26 20:20:44 +0000 2016,"@Snowden I guess @ATT  can do this in the interest of public safety.In a perfect world, ppl can worry less.hope ppl don't wrong n cops gud.",Positive,95.3650,general,general,,Twitter
Dallas17,Authorized,32.739229,-96.682466,1530 S Buckner Blvd,75217,Wed Oct 26 20:20:26 +0000 2016,RT @Mike_Rawlings: This is a day of celebration. Special thanks to @PGATOUR and @ATT for helping bring @attbyronnelson to Dallas. https://t…,Positive,98.3168,general,general,,Twitter
Dallas17,Authorized,32.739229,-96.682466,1530 S Buckner Blvd,75217,Wed Oct 26 20:19:52 +0000 2016,CBS Dallas: Bernie Sanders Urges Government To Kill AT&amp;T-Time Warner Merger https://t.co/5Xi1y9p96D #dallas,Neutral,57.9177,general,general,,Twitter
Dallas17,Authorized,32.739229,-96.682466,1530 S Buckner Blvd,75217,Wed Oct 26 20:19:38 +0000 2016,Bernie Sanders Urges Government To Kill AT&amp;T-Time Warner Merger https://t.co/6QXXwgkKW9 #DFW,Neutral,57.9177,general,general,,Twitter
Dallas17,Authorized,32.739229,-96.682466,1530 S Buckner Blvd,75217,Wed Oct 26 20:19:21 +0000 2016,LIVE on #Periscope: @Uverse is getting on my nerves paying for 24mbps and this is what i get. @verizonfios help ple… https://t.co/Tj3BwSUQe7,Neutral,54.9521,uverse,general,,Twitter
Dallas17,Authorized,32.739229,-96.682466,1530 S Buckner Blvd,75217,Wed Oct 26 20:19:01 +0000 2016,RT @dallasnews: The code names and secret meetings that got the #ATTTimeWarner deal done https://t.co/zQ2Cclsaxi | @Melissa_Repko https://t…,Neutral,55.1729,general,general,,Twitter
Dallas17,Authorized,32.739229,-96.682466,1530 S Buckner Blvd,75217,Wed Oct 26 20:18:44 +0000 2016,RT @tonyromo: I wanna thank @DIRECTV for allowing me to show off my true self.  ;)  embarrassing is an understatement http://t.co/F0NniFESlL,Negative,85.6134,directv,general,,Twitter
Dallas17,Authorized,32.739229,-96.682466,1530 S Buckner Blvd,75217,Wed Oct 26 20:18:29 +0000 2016,Bernie Sanders Urges Government To Kill AT&amp;T-Time Warner Merger: https://t.co/fGPDiCz2oR (Getty) https://t.co/eiTCzVjsTZ,Neutral,57.9177,general,general,,Twitter
Dallas17,Authorized,32.739229,-96.682466,1530 S Buckner Blvd,75217,Wed Oct 26 20:17:14 +0000 2016,RT @SportsDayDFW: AT&amp;T Byron Nelson moving to Dallas' Trinity Forest Golf Club ahead of schedule in 2018 https://t.co/0OcCOkkyin https://t.…,Positive,83.9594,general,general,,Twitter
Dallas17,Authorized,32.739229,-96.682466,1530 S Buckner Blvd,75217,Wed Oct 26 20:16:41 +0000 2016,Just got off the phone with an ATT rep @ATTCares more like #attdoesntcare about my service or desires to provide no service at all.,Negative,97.9514,general,general,,Twitter
Dallas17,Authorized,32.739229,-96.682466,1530 S Buckner Blvd,75217,Wed Oct 26 20:16:21 +0000 2016,AT&amp;T and SunPower Collaborate on #SolarIoT Connectivity in the United States | AT&amp;T https://t.co/gbdRx78nwV via @sharethis,Positive,98.0593,general,general,,Twitter
Dallas17,Authorized,32.739229,-96.682466,1530 S Buckner Blvd,75217,Wed Oct 26 20:16:19 +0000 2016,RT @dallasnews: The code names and secret meetings that got the #ATTTimeWarner deal done https://t.co/zQ2Cclsaxi | @Melissa_Repko https://t…,Neutral,55.1729,general,general,,Twitter
Dallas17,Authorized,32.739229,-96.682466,1530 S Buckner Blvd,75217,Wed Oct 26 20:15:55 +0000 2016,The code names and secret meetings that got the #ATTTimeWarner deal done https://t.co/zQ2Cclsaxi | @Melissa_Repko https://t.co/jAYXvRbbwC,Neutral,55.1729,general,general,,Twitter
Dallas17,Authorized,32.739229,-96.682466,1530 S Buckner Blvd,75217,Wed Oct 26 20:13:57 +0000 2016,"@wxbrad Well hello to you too, Brad! We understand your need for speed, enjoy!",Positive,76.2494,general,general,,Twitter
Dallas17,Authorized,32.739229,-96.682466,1530 S Buckner Blvd,75217,Wed Oct 26 20:12:41 +0000 2016,"RT @ATTLatino: Bañado de sol y arena con una canción más dulce que el caramelo, comparte lo mejor de #Cuba desde tu móvil. https://t.co/e3S…",Positive,74.8936,general,general,,Twitter
Dallas17,Authorized,32.739229,-96.682466,1530 S Buckner Blvd,75217,Wed Oct 26 20:11:13 +0000 2016,"Sneak peek of the brand new Trinity Forest Golf Club, future host of AT&amp;T Byron Nelson https://t.co/1tup3wjClf via @DallasBizNews",Positive,73.7262,general,general,,Twitter
Dallas17,Authorized,32.739229,-96.682466,1530 S Buckner Blvd,75217,Wed Oct 26 20:04:34 +0000 2016,RT @Uverse: Looking for a new trainer? Check out @JillianMichaels Fit Fusion TV: https://t.co/wHpiTE8VdG https://t.co/Os2SQH8UbG,Positive,84.1424,uverse,general,,Twitter
Dallas17,Authorized,32.739229,-96.682466,1530 S Buckner Blvd,75217,Wed Oct 26 20:01:42 +0000 2016,"Sneak peak of the brand new Trinity Forest Golf Club, future host of AT&amp;T Byron Nelson https://t.co/t7Hv3pdtQ2",Positive,87.5201,general,general,,Twitter
Dallas17,Authorized,32.739229,-96.682466,1530 S Buckner Blvd,75217,Wed Oct 26 20:01:39 +0000 2016,"Sneak peak of the brand new Trinity Forest Golf Club, future host of AT&amp;T Byron Nelson: The Byron Nelson tournament… https://t.co/VUUjzlBwUB",Positive,87.5201,general,general,,Twitter
Dallas17,Authorized,32.739229,-96.682466,1530 S Buckner Blvd,75217,Wed Oct 26 20:01:38 +0000 2016,"Sneak peak of the brand new Trinity Forest Golf Club, future host of AT&amp;T Byron Nelson: The Byron Nelson tournament… https://t.co/ZX2hhmqDJn",Positive,87.5201,general,general,,Twitter
Dallas17,Authorized,32.739229,-96.682466,1530 S Buckner Blvd,75217,Wed Oct 26 20:00:26 +0000 2016,RT @SportsDayDFW: AT&amp;T Byron Nelson moving to Dallas' Trinity Forest Golf Club ahead of schedule in 2018 https://t.co/0OcCOkkyin https://t.…,Positive,83.9594,general,general,,Twitter
Dallas17,Authorized,32.739229,-96.682466,1530 S Buckner Blvd,75217,Wed Oct 26 19:59:06 +0000 2016,"Sneak peak of the brand new Trinity Forest Golf Club, future host of AT&amp;T Byron Nelson: The Byron Nelson tournament… https://t.co/NXgCkiL2AF",Positive,87.5201,general,general,,Twitter
Dallas17,Authorized,32.739229,-96.682466,1530 S Buckner Blvd,75217,Wed Oct 26 19:57:33 +0000 2016,RT @Uverse: Looking for a new trainer? Check out @JillianMichaels Fit Fusion TV: https://t.co/wHpiTE8VdG https://t.co/Os2SQH8UbG,Positive,84.1424,uverse,general,,Twitter
Dallas17,Authorized,32.739229,-96.682466,1530 S Buckner Blvd,75217,Wed Oct 26 19:57:32 +0000 2016,@jakepimental99 @YaShah97 @DevinRabeyHD @ATT We only have Band 4.,Negative,70.9602,general,general,,Twitter
Dallas17,Authorized,32.739229,-96.682466,1530 S Buckner Blvd,75217,Wed Oct 26 19:56:06 +0000 2016,@jakepimental99 @YaShah97 @DevinRabeyHD @ATT We we're lucky to get one bar of 4G.,Positive,76.8807,general,general,,Twitter
Dallas17,Authorized,32.739229,-96.682466,1530 S Buckner Blvd,75217,Wed Oct 26 19:55:54 +0000 2016,RT @SportsDayDFW: AT&amp;T Byron Nelson moving to Dallas' Trinity Forest Golf Club ahead of schedule in 2018 https://t.co/0OcCOkkyin https://t.…,Positive,83.9594,general,general,,Twitter
Dallas17,Authorized,32.739229,-96.682466,1530 S Buckner Blvd,75217,Wed Oct 26 19:55:49 +0000 2016,@YaShah97 @jakepimental99 @DevinRabeyHD @ATT Saw that lol,Neutral,53.1133,general,general,,Twitter
Dallas17,Authorized,32.739229,-96.682466,1530 S Buckner Blvd,75217,Wed Oct 26 19:55:40 +0000 2016,AT&amp;T Byron Nelson moving to Dallas' Trinity Forest Golf Club ahead of schedule in 2018 https://t.co/0OcCOkkyin https://t.co/gNxyBihYmQ,Positive,83.9594,general,general,,Twitter
Dallas17,Authorized,32.739229,-96.682466,1530 S Buckner Blvd,75217,Wed Oct 26 19:54:15 +0000 2016,@YaShah97 @jakepimental99 @DevinRabeyHD @ATT lol sprints average here is 3Mbps... https://t.co/1l1OMOM3F4,Neutral,56.2921,general,general,,Twitter
Dallas17,Authorized,32.739229,-96.682466,1530 S Buckner Blvd,75217,Wed Oct 26 19:53:57 +0000 2016,RT @Uverse: Looking for a new trainer? Check out @JillianMichaels Fit Fusion TV: https://t.co/wHpiTE8VdG https://t.co/Os2SQH8UbG,Positive,84.1424,uverse,general,,Twitter
Dallas17,Authorized,32.739229,-96.682466,1530 S Buckner Blvd,75217,Wed Oct 26 19:53:11 +0000 2016,"RT @ConnectToGood: Great read: ""Promise and Challenge in Ending America’s Dropout Epidemic"" https://t.co/PFgYU7zinq #ATTimpact #GradNation…",Positive,64.0444,general,general,,Twitter
Dallas17,Authorized,32.739229,-96.682466,1530 S Buckner Blvd,75217,Wed Oct 26 19:52:39 +0000 2016,@YaShah97 @DevinRabeyHD @jakepimental99 @ATT It all depends on what bandwidth channels are deployed on a tower.,Neutral,51.9144,general,general,,Twitter
Dallas17,Authorized,32.739229,-96.682466,1530 S Buckner Blvd,75217,Wed Oct 26 19:51:02 +0000 2016,@YaShah97 @DevinRabeyHD @jakepimental99 @ATT Actually T-Mobile speeds are fantastic here. Coverage is what made me switch to AT&amp;T.,Positive,95.0247,general,general,,Twitter
Dallas17,Authorized,32.739229,-96.682466,1530 S Buckner Blvd,75217,Wed Oct 26 19:48:48 +0000 2016,@DevinRabeyHD @YaShah97 @jakepimental99 @ATT here's AT&amp;T in the middle of nowhere... literally nowhere. https://t.co/a9WaCkfgki,Negative,93.1892,general,general,,Twitter
Dallas17,Authorized,32.739229,-96.682466,1530 S Buckner Blvd,75217,Wed Oct 26 19:47:17 +0000 2016,RT @Uverse: Looking for a new trainer? Check out @JillianMichaels Fit Fusion TV: https://t.co/wHpiTE8VdG https://t.co/Os2SQH8UbG,Positive,84.1424,uverse,general,,Twitter
Dallas17,Authorized,32.739229,-96.682466,1530 S Buckner Blvd,75217,Wed Oct 26 19:47:02 +0000 2016,RT @Uverse: Looking for a new trainer? Check out @JillianMichaels Fit Fusion TV: https://t.co/wHpiTE8VdG https://t.co/Os2SQH8UbG,Positive,84.1424,uverse,general,,Twitter
Dallas17,Authorized,32.739229,-96.682466,1530 S Buckner Blvd,75217,Wed Oct 26 19:45:26 +0000 2016,RT @ATT: Get a sweet deal on the new iPhone 7 when you switch to AT&amp;T and have DIRECTV. https://t.co/JO08KrMKj7 https://t.co/tAcB2wPVFO,Positive,98.0584,directv,general,,Twitter
Dallas17,Authorized,32.739229,-96.682466,1530 S Buckner Blvd,75217,Wed Oct 26 19:43:36 +0000 2016,RT @Uverse: Looking for a new trainer? Check out @JillianMichaels Fit Fusion TV: https://t.co/wHpiTE8VdG https://t.co/Os2SQH8UbG,Positive,84.1424,uverse,general,,Twitter
Dallas17,Authorized,32.739229,-96.682466,1530 S Buckner Blvd,75217,Wed Oct 26 19:37:36 +0000 2016,RT @ATT: Get a sweet deal on the new iPhone 7 when you switch to AT&amp;T and have DIRECTV. https://t.co/JO08KrMKj7 https://t.co/tAcB2wPVFO,Positive,98.0584,directv,general,,Twitter
Dallas17,Authorized,32.739229,-96.682466,1530 S Buckner Blvd,75217,Wed Oct 26 19:34:44 +0000 2016,We're teaming with @BracketsForGood to launch their first nation-wide fundraising tournament. Learn more:… https://t.co/YhL6YU3xS8,Positive,85.3460,general,general,,Twitter
Dallas17,Authorized,32.739229,-96.682466,1530 S Buckner Blvd,75217,Wed Oct 26 19:33:55 +0000 2016,RT @Uverse: Looking for a new trainer? Check out @JillianMichaels Fit Fusion TV: https://t.co/wHpiTE8VdG https://t.co/Os2SQH8UbG,Positive,84.1424,uverse,general,,Twitter
Dallas17,Authorized,32.739229,-96.682466,1530 S Buckner Blvd,75217,Wed Oct 26 19:33:35 +0000 2016,Stay connected with an @att GoPhone and $45 refill card #giveaway from @cutenlittle!  #ATTGoPhone #ad https://t.co/DH7sS5lv4v,Neutral,57.7773,general,general,,Twitter
Dallas17,Authorized,32.739229,-96.682466,1530 S Buckner Blvd,75217,Wed Oct 26 19:31:41 +0000 2016,RT @Uverse: Looking for a new trainer? Check out @JillianMichaels Fit Fusion TV: https://t.co/wHpiTE8VdG https://t.co/Os2SQH8UbG,Positive,84.1424,uverse,general,,Twitter
Dallas17,Authorized,32.739229,-96.682466,1530 S Buckner Blvd,75217,Wed Oct 26 19:26:08 +0000 2016,RT @ATTBusiness: AT&amp;T Labs is on track to revolutionize the way #AI plays in the network…but that’s not all! More from Mazin Gilbert: https…,Positive,72.4772,general,general,,Twitter
Dallas17,Authorized,32.739229,-96.682466,1530 S Buckner Blvd,75217,Wed Oct 26 19:20:21 +0000 2016,RT @ATT: Get a sweet deal on the new iPhone 7 when you switch to AT&amp;T and have DIRECTV. https://t.co/JO08KrMKj7 https://t.co/tAcB2wPVFO,Positive,98.0584,directv,general,,Twitter
Dallas17,Authorized,32.739229,-96.682466,1530 S Buckner Blvd,75217,Wed Oct 26 19:14:37 +0000 2016,"@ATT i've never asked for a single bill to be reversed. I will be cancelling my service, which you've ben making $2600/year off of me...",Negative,62.5958,general,general,,Twitter
Dallas17,Authorized,32.739229,-96.682466,1530 S Buckner Blvd,75217,Wed Oct 26 19:11:07 +0000 2016,"Ive been a customer with @ATT for years, had same cell phone number since I was 12. I pay about $220/month on average every month..",Negative,85.1877,general,general,,Twitter
Dallas17,Authorized,32.739229,-96.682466,1530 S Buckner Blvd,75217,Wed Oct 26 19:10:12 +0000 2016,@ATT charged me $844.06 for last month's cell phone bill. I've done nothing different as far as apps/data usage... Im switching to @verizon,Negative,92.5754,general,general,,Twitter
Dallas17,Authorized,32.739229,-96.682466,1530 S Buckner Blvd,75217,Wed Oct 26 19:08:07 +0000 2016,@ATT no one wants to talk to a virtual customer service agent! I need humans to converse with!,Negative,74.4379,general,general,,Twitter
Dallas17,Authorized,32.739229,-96.682466,1530 S Buckner Blvd,75217,Wed Oct 26 19:07:42 +0000 2016,"RT @ConnectToGood: Great read: ""Promise and Challenge in Ending America’s Dropout Epidemic"" https://t.co/PFgYU7zinq #ATTimpact #GradNation…",Positive,64.0444,general,general,,Twitter
Dallas17,Authorized,32.739229,-96.682466,1530 S Buckner Blvd,75217,Wed Oct 26 19:07:22 +0000 2016,RT @ATT: Welcome to the team! @taylorswift13 https://t.co/4h86nLYuLo https://t.co/gAHOi7fPrZ,Positive,84.3125,general,general,,Twitter
Dallas17,Authorized,32.739229,-96.682466,1530 S Buckner Blvd,75217,Wed Oct 26 19:01:54 +0000 2016,#bitcoin #currency AT&amp;T is Seeking a Patent for a Bitcoin-Powered Server - CoinDesk: AT&amp;T is Seeking ... https://t.co/STwxQcny1o #mining,Positive,66.4050,general,general,,Twitter
Dallas17,Authorized,32.739229,-96.682466,1530 S Buckner Blvd,75217,Wed Oct 26 18:59:57 +0000 2016,RT @ATT: Get a sweet deal on the new iPhone 7 when you switch to AT&amp;T and have DIRECTV. https://t.co/JO08KrMKj7 https://t.co/tAcB2wPVFO,Positive,98.0584,directv,general,,Twitter
Dallas17,Authorized,32.739229,-96.682466,1530 S Buckner Blvd,75217,Wed Oct 26 18:58:02 +0000 2016,We've updated our story pulling together all the announcements on DirecTV Now: https://t.co/zC1rek2sli $T @DallasBizNews,Positive,70.0073,directv,general,,Twitter
Dallas17,Authorized,32.739229,-96.682466,1530 S Buckner Blvd,75217,Wed Oct 26 18:53:54 +0000 2016,RT @ATT: Welcome to the team! @taylorswift13 https://t.co/4h86nLYuLo https://t.co/gAHOi7fPrZ,Positive,84.3125,general,general,,Twitter
Dallas17,Authorized,32.739229,-96.682466,1530 S Buckner Blvd,75217,Wed Oct 26 18:52:59 +0000 2016,RT @ATT: Get a sweet deal on the new iPhone 7 when you switch to AT&amp;T and have DIRECTV. https://t.co/JO08KrMKj7 https://t.co/tAcB2wPVFO,Positive,98.0584,directv,general,,Twitter
Dallas17,Authorized,32.739229,-96.682466,1530 S Buckner Blvd,75217,Wed Oct 26 18:49:40 +0000 2016,"""AT&amp;T Could Find a Lesson in Comcast’s Media Merger"" by JENNIFER SABA via NYT The New York Times https://t.co/34zNt64zd6",Positive,89.6025,general,general,,Twitter
Dallas17,Authorized,32.739229,-96.682466,1530 S Buckner Blvd,75217,Wed Oct 26 18:47:40 +0000 2016,RT @ATT: Get a sweet deal on the new iPhone 7 when you switch to AT&amp;T and have DIRECTV. https://t.co/JO08KrMKj7 https://t.co/tAcB2wPVFO,Positive,98.0584,directv,general,,Twitter
Dallas17,Authorized,32.739229,-96.682466,1530 S Buckner Blvd,75217,Wed Oct 26 18:44:45 +0000 2016,RT @ATT: Welcome to the team! @taylorswift13 https://t.co/4h86nLYuLo https://t.co/gAHOi7fPrZ,Positive,84.3125,general,general,,Twitter
Dallas17,Authorized,32.739229,-96.682466,1530 S Buckner Blvd,75217,Wed Oct 26 18:38:04 +0000 2016,RT @ATT: Who made you a college 🏈 fan? Share with #MadeMeAFanContest for a chance to win. Rules https://t.co/hU3I3wFn5V https://t.co/seJBJK…,Positive,88.9294,general,general,,Twitter
Dallas17,Authorized,32.739229,-96.682466,1530 S Buckner Blvd,75217,Wed Oct 26 18:37:54 +0000 2016,RT @ATT: Get a sweet deal on the new iPhone 7 when you switch to AT&amp;T and have DIRECTV. https://t.co/JO08KrMKj7 https://t.co/tAcB2wPVFO,Positive,98.0584,directv,general,,Twitter
Dallas17,Authorized,32.739229,-96.682466,1530 S Buckner Blvd,75217,Wed Oct 26 18:37:05 +0000 2016,The code names and secret meetings that got the #ATTTimeWarner deal done https://t.co/fOeive0ZXV | @Melissa_Repko https://t.co/HanjJxfLxT,Neutral,55.1729,general,general,,Twitter
Dallas17,Authorized,32.739229,-96.682466,1530 S Buckner Blvd,75217,Wed Oct 26 18:36:50 +0000 2016,The code names and secret meetings that got the AT&amp;T-Time Warner deal done https://t.co/ITNDc47QnK,Positive,66.8408,general,general,,Twitter
Dallas17,Authorized,32.739229,-96.682466,1530 S Buckner Blvd,75217,Wed Oct 26 18:33:54 +0000 2016,RT @ATT: Get a sweet deal on the new iPhone 7 when you switch to AT&amp;T and have DIRECTV. https://t.co/JO08KrMKj7 https://t.co/tAcB2wPVFO,Positive,98.0584,directv,general,,Twitter
Dallas17,Authorized,32.739229,-96.682466,1530 S Buckner Blvd,75217,Wed Oct 26 18:31:35 +0000 2016,RT @ATT: Who made you a college 🏈 fan? Share with #MadeMeAFanContest for a chance to win. Rules https://t.co/hU3I3wFn5V https://t.co/seJBJK…,Positive,88.9294,general,general,,Twitter
Dallas17,Authorized,32.739229,-96.682466,1530 S Buckner Blvd,75217,Wed Oct 26 18:30:58 +0000 2016,RT @ATTBusiness: AT&amp;T Labs is on track to revolutionize the way #AI plays in the network…but that’s not all! More from Mazin Gilbert: https…,Positive,72.4772,general,general,,Twitter
Dallas17,Authorized,32.739229,-96.682466,1530 S Buckner Blvd,75217,Wed Oct 26 18:30:02 +0000 2016,AT&amp;T Labs is on track to revolutionize the way #AI plays in the network…but that’s not all! More from Mazin Gilbert… https://t.co/sLa1dPKUcI,Positive,72.4772,general,general,,Twitter
Dallas17,Authorized,32.739229,-96.682466,1530 S Buckner Blvd,75217,Wed Oct 26 18:29:54 +0000 2016,RT @ATT: Welcome to the team! @taylorswift13 https://t.co/4h86nLYuLo https://t.co/gAHOi7fPrZ,Positive,84.3125,general,general,,Twitter
Dallas17,Authorized,32.739229,-96.682466,1530 S Buckner Blvd,75217,Wed Oct 26 18:29:52 +0000 2016,AT&amp;T Byron Nelson To Move In 2018 - DFWsportsonline https://t.co/81Rx5BEEVn via @dfwsportsonline,Neutral,50.0000,general,general,,Twitter
Dallas17,Authorized,32.739229,-96.682466,1530 S Buckner Blvd,75217,Wed Oct 26 18:24:49 +0000 2016,"RT @JarrettRush: @AnnaLDavis1 @ATT @YourAnonNews From your lips to God's ears, says the AT&amp;T C-suite.",Neutral,51.4025,general,general,,Twitter
Dallas17,Authorized,32.739229,-96.682466,1530 S Buckner Blvd,75217,Wed Oct 26 18:23:47 +0000 2016,RT @ATT: Who made you a college 🏈 fan? Share with #MadeMeAFanContest for a chance to win. Rules https://t.co/hU3I3wFn5V https://t.co/seJBJK…,Positive,88.9294,general,general,,Twitter
Dallas17,Authorized,32.739229,-96.682466,1530 S Buckner Blvd,75217,Wed Oct 26 18:22:06 +0000 2016,RT @Mike_Rawlings: This is a day of celebration. Special thanks to @PGATOUR and @ATT for helping bring @attbyronnelson to Dallas. https://t…,Positive,98.3168,general,general,,Twitter
Dallas17,Authorized,32.739229,-96.682466,1530 S Buckner Blvd,75217,Tue Oct 25 18:03:46 +0000 2016,@Uverse I hope you guys realize people have to work from home and the internet these days is as important as air. Fix your shitty internet,Positive,79.7968,uverse,general,,Twitter
Dallas17,Authorized,32.739229,-96.682466,1530 S Buckner Blvd,75217,Tue Oct 25 18:01:48 +0000 2016,With the insane number of problems Ive had with @Uverse they should be switching me to giga power for free #worstinternetever #uverse,Negative,91.0185,uverse,general,,Twitter
Dallas17,Authorized,32.739229,-96.682466,1530 S Buckner Blvd,75217,Tue Oct 25 17:59:58 +0000 2016,RT @ATT: Welcome to the team! @taylorswift13 https://t.co/4h86nLYuLo https://t.co/gAHOi7fPrZ,Positive,84.3125,general,general,,Twitter
Dallas17,Authorized,32.739229,-96.682466,1530 S Buckner Blvd,75217,Tue Oct 25 17:59:20 +0000 2016,Seriously if you live in DFW don't get @Uverse their customer service sucks and they have no sense of urgency #at&amp;tuverse #uverse,Positive,83.7068,uverse,general,,Twitter
Dallas17,Authorized,32.739229,-96.682466,1530 S Buckner Blvd,75217,Tue Oct 25 17:58:32 +0000 2016,I used to think @Uverse was more reliable than TWC but Ive never had a worse experience with my internet problems than Ive had with att,Negative,98.1290,uverse,store experience,,Twitter
Dallas17,Authorized,32.739229,-96.682466,1530 S Buckner Blvd,75217,Tue Oct 25 17:57:18 +0000 2016,RT @ATT: Welcome to the team! @taylorswift13 https://t.co/4h86nLYuLo https://t.co/gAHOi7fPrZ,Positive,84.3125,general,general,,Twitter
Dallas17,Authorized,32.739229,-96.682466,1530 S Buckner Blvd,75217,Tue Oct 25 17:50:21 +0000 2016,"RT @dallasnews: Can @ATT and @twxcorp avoid a left-brain, right-brain culture clash? https://t.co/yHdZP2gthZ | @MitchSchnurman https://t.co…",Negative,72.6224,general,general,,Twitter
Dallas17,Authorized,32.739229,-96.682466,1530 S Buckner Blvd,75217,Tue Oct 25 17:48:13 +0000 2016,@ATTCares still not working :(,Negative,67.3297,general,general,,Twitter
Dallas17,Authorized,32.739229,-96.682466,1530 S Buckner Blvd,75217,Tue Oct 25 17:45:11 +0000 2016,damn s/o @ATT for spying on Americans for profit AND providing shit internet,Positive,62.3777,general,general,,Twitter
Dallas17,Authorized,32.739229,-96.682466,1530 S Buckner Blvd,75217,Tue Oct 25 17:31:02 +0000 2016,RT @ATT: Another reason to smile for the camera. The #LGV20 from @LGUSAMobile will be available in stores starting today. https://t.co/TILu…,Positive,86.0616,general,general,,Twitter
Dallas17,Authorized,32.739229,-96.682466,1530 S Buckner Blvd,75217,Tue Oct 25 17:11:34 +0000 2016,RT @ATT: Another reason to smile for the camera. The #LGV20 from @LGUSAMobile will be available in stores starting today. https://t.co/TILu…,Positive,86.0616,general,general,,Twitter
Dallas17,Authorized,32.739229,-96.682466,1530 S Buckner Blvd,75217,Tue Oct 25 16:51:29 +0000 2016,RT @ATT: Get a sweet deal on the new iPhone 7 when you switch to AT&amp;T and have DIRECTV. https://t.co/TQVeUkmeZ6 https://t.co/zfZmNpe8AP,Positive,98.0584,directv,general,,Twitter
Dallas17,Authorized,32.739229,-96.682466,1530 S Buckner Blvd,75217,Tue Oct 25 16:48:24 +0000 2016,"When you work from home and the Wifi is down 🙃

And they can't come to fix it until tomorrow night... @ATTCares",Positive,71.8248,general,general,,Twitter
Dallas17,Authorized,32.739229,-96.682466,1530 S Buckner Blvd,75217,Tue Oct 25 16:46:43 +0000 2016,@DIRECTV Im having problems with my box and all i keep getting is fucked up customer service. ..,Negative,89.1618,directv,general,,Twitter
Dallas17,Authorized,32.739229,-96.682466,1530 S Buckner Blvd,75217,Tue Oct 25 16:40:17 +0000 2016,RT @ATT: Welcome to the team! @taylorswift13 https://t.co/4h86nLYuLo https://t.co/gAHOi7fPrZ,Positive,84.3125,general,general,,Twitter
Dallas17,Authorized,32.739229,-96.682466,1530 S Buckner Blvd,75217,Tue Oct 25 16:27:36 +0000 2016,@ATTCares what details? Look at the picture and take in how stupid it is.,Negative,97.7462,general,general,,Twitter
Dallas17,Authorized,32.739229,-96.682466,1530 S Buckner Blvd,75217,Tue Oct 25 16:24:56 +0000 2016,RT @ATT: Another reason to smile for the camera. The #LGV20 from @LGUSAMobile will be available in stores starting today. https://t.co/TILu…,Positive,86.0616,general,general,,Twitter
Dallas17,Authorized,32.739229,-96.682466,1530 S Buckner Blvd,75217,Tue Oct 25 16:19:17 +0000 2016,"Hey @ATTCares if Uverse service is out in my neighborhood, can I get a discount on my extra mobile data usage?",Negative,65.7704,uverse,general,,Twitter
Dallas17,Authorized,32.739229,-96.682466,1530 S Buckner Blvd,75217,Tue Oct 25 16:18:27 +0000 2016,RT @ATT: Get a sweet deal on the new iPhone 7 when you switch to AT&amp;T and have DIRECTV. https://t.co/TQVeUkmeZ6 https://t.co/zfZmNpe8AP,Positive,98.0584,directv,general,,Twitter
Dallas17,Authorized,32.739229,-96.682466,1530 S Buckner Blvd,75217,Tue Oct 25 16:17:34 +0000 2016,"RT @dallasnews: Can @ATT and @twxcorp avoid a left-brain, right-brain culture clash? https://t.co/yHdZP2gthZ | @MitchSchnurman https://t.co…",Negative,72.6224,general,general,,Twitter
Dallas17,Authorized,32.739229,-96.682466,1530 S Buckner Blvd,75217,Tue Oct 25 16:16:44 +0000 2016,"Can @ATT and @twxcorp avoid a left-brain, right-brain culture clash? https://t.co/yHdZP2gthZ | @MitchSchnurman https://t.co/7NGS7Iampy",Negative,72.6224,general,general,,Twitter
Dallas17,Authorized,32.739229,-96.682466,1530 S Buckner Blvd,75217,Tue Oct 25 16:08:34 +0000 2016,RT @ATT: Welcome to the team! @taylorswift13 https://t.co/4h86nLYuLo https://t.co/gAHOi7fPrZ,Positive,84.3125,general,general,,Twitter
Dallas17,Authorized,32.739229,-96.682466,1530 S Buckner Blvd,75217,Tue Oct 25 15:51:46 +0000 2016,RT @ATT: Welcome to the team! @taylorswift13 https://t.co/4h86nLYuLo https://t.co/gAHOi7fPrZ,Positive,84.3125,general,general,,Twitter
Dallas17,Authorized,32.739229,-96.682466,1530 S Buckner Blvd,75217,Tue Oct 25 15:49:38 +0000 2016,RT @ATT: Welcome to the team! @taylorswift13 https://t.co/4h86nLYuLo https://t.co/gAHOi7fPrZ,Positive,84.3125,general,general,,Twitter
Dallas17,Authorized,32.739229,-96.682466,1530 S Buckner Blvd,75217,Tue Oct 25 15:30:33 +0000 2016,RT @Uverse: Which Halloween character hairstyle has you like 💇? 🎃,Neutral,54.9406,uverse,general,,Twitter
Dallas17,Authorized,32.739229,-96.682466,1530 S Buckner Blvd,75217,Tue Oct 25 15:25:40 +0000 2016,RT @ATT: Welcome to the team! @taylorswift13 https://t.co/4h86nLYuLo https://t.co/gAHOi7fPrZ,Positive,84.3125,general,general,,Twitter
Dallas17,Authorized,32.739229,-96.682466,1530 S Buckner Blvd,75217,Tue Oct 25 15:21:06 +0000 2016,RT @ATT: Welcome to the team! @taylorswift13 https://t.co/4h86nLYuLo https://t.co/gAHOi7fPrZ,Positive,84.3125,general,general,,Twitter
Dallas17,Authorized,32.739229,-96.682466,1530 S Buckner Blvd,75217,Tue Oct 25 15:00:20 +0000 2016,Thanks @ATTCares Miguel for fixing the situation 💯✔,Positive,71.7946,general,general,,Twitter
Dallas17,Authorized,32.739229,-96.682466,1530 S Buckner Blvd,75217,Tue Oct 25 14:23:51 +0000 2016,"@ATTCares The link to stop you sending me marketing emails does not work, Fix it.",Negative,96.5157,general,general,,Twitter
Dallas17,Authorized,32.739229,-96.682466,1530 S Buckner Blvd,75217,Tue Oct 25 14:14:16 +0000 2016,RT @ATT: The #futureofvideo is mobile and the #futureofmobile is video. Time Warner + AT&amp;T make it happen! @twxcorp https://t.co/GKx4U9TQYg,Neutral,56.0321,general,general,,Twitter
Dallas17,Authorized,32.739229,-96.682466,1530 S Buckner Blvd,75217,Tue Oct 25 14:13:21 +0000 2016,RT @dallasnews: How have Texas lawmakers reacted to @ATT's megamerger? Mostly with silence | https://t.co/kyNP8BfpgC @tombenning https://t.…,Neutral,53.7855,general,general,,Twitter
Dallas17,Authorized,32.739229,-96.682466,1530 S Buckner Blvd,75217,Tue Oct 25 14:05:14 +0000 2016,How have Texas lawmakers reacted to @ATT's megamerger? Mostly with silence | https://t.co/e1F0k2g03S @tombenning https://t.co/0wdgOw6iIM,Neutral,53.7855,general,general,,Twitter
Dallas17,Authorized,32.739229,-96.682466,1530 S Buckner Blvd,75217,Tue Oct 25 14:00:44 +0000 2016,"RT @dallasnews: .@CNN, @HBO and more: A look at the brands @ATT inherits in its Time Warner deal https://t.co/nVGFN5muR4 | @paul_o_donnell…",Positive,96.3719,general,general,,Twitter
Dallas17,Authorized,32.739229,-96.682466,1530 S Buckner Blvd,75217,Tue Oct 25 13:55:56 +0000 2016,"A month ago Wife &amp; I signed up for Time Warner Cable, which is now spectrum, which is now being bought by @ATT? This is so confusing.",Negative,96.4608,general,general,,Twitter
Dallas17,Authorized,32.739229,-96.682466,1530 S Buckner Blvd,75217,Tue Oct 25 13:42:48 +0000 2016,@ATTCares ok hold plz,Neutral,61.2795,general,general,,Twitter
Dallas17,Authorized,32.739229,-96.682466,1530 S Buckner Blvd,75217,Tue Oct 25 13:35:16 +0000 2016,"Can @ATT and @twxcorp avoid a left-brain, right-brain culture clash? https://t.co/on1Vg17AJu | @MitchSchnurman https://t.co/Y7U5uTSi6C",Negative,72.6224,general,general,,Twitter
Dallas17,Authorized,32.739229,-96.682466,1530 S Buckner Blvd,75217,Tue Oct 25 13:34:57 +0000 2016,RT @ATT: Welcome to the team! @taylorswift13 https://t.co/4h86nLYuLo https://t.co/gAHOi7fPrZ,Positive,84.3125,general,general,,Twitter
Dallas17,Authorized,32.739229,-96.682466,1530 S Buckner Blvd,75217,Tue Oct 25 13:32:00 +0000 2016,@ATTCares yes,Neutral,50.0000,general,general,,Twitter
Dallas17,Authorized,32.739229,-96.682466,1530 S Buckner Blvd,75217,Tue Oct 25 13:28:23 +0000 2016,RT @ATT: Welcome to the team! @taylorswift13 https://t.co/4h86nLYuLo https://t.co/gAHOi7fPrZ,Positive,84.3125,general,general,,Twitter
Dallas17,Authorized,32.739229,-96.682466,1530 S Buckner Blvd,75217,Tue Oct 25 13:10:08 +0000 2016,@ATTCares uverse,Neutral,50.0000,uverse,general,,Twitter
Dallas17,Authorized,32.739229,-96.682466,1530 S Buckner Blvd,75217,Tue Oct 25 13:03:00 +0000 2016,"RT @ATT: @AdalineTarver It's a special, invitation-only concert. We’ll share ticketing details later. Follow AT&amp;T + Taylor Nation for the l…",Positive,99.0894,general,general,,Twitter
Dallas17,Authorized,32.739229,-96.682466,1530 S Buckner Blvd,75217,Tue Oct 25 12:54:12 +0000 2016,RT @ATT: Welcome to the team! @taylorswift13 https://t.co/4h86nLYuLo https://t.co/gAHOi7fPrZ,Positive,84.3125,general,general,,Twitter
Dallas17,Authorized,32.739229,-96.682466,1530 S Buckner Blvd,75217,Tue Oct 25 12:51:22 +0000 2016,RT @ATT: Welcome to the team! @taylorswift13 https://t.co/4h86nLYuLo https://t.co/gAHOi7fPrZ,Positive,84.3125,general,general,,Twitter
Dallas17,Authorized,32.739229,-96.682466,1530 S Buckner Blvd,75217,Tue Oct 25 12:41:21 +0000 2016,RT @ATT: Another reason to smile for the camera. The #LGV20 from @LGUSAMobile will be available in stores starting today. https://t.co/TILu…,Positive,86.0616,general,general,,Twitter
Dallas17,Authorized,32.739229,-96.682466,1530 S Buckner Blvd,75217,Tue Oct 25 12:36:54 +0000 2016,@ATTCares check the DM,Neutral,50.0000,general,general,,Twitter
Dallas17,Authorized,32.739229,-96.682466,1530 S Buckner Blvd,75217,Tue Oct 25 12:29:50 +0000 2016,RT @dallasnews: How have Texas lawmakers reacted to @ATT's megamerger? Mostly with silence | https://t.co/kyNP8BfpgC @tombenning https://t.…,Neutral,53.7855,general,general,,Twitter
Dallas17,Authorized,32.739229,-96.682466,1530 S Buckner Blvd,75217,Tue Oct 25 12:25:53 +0000 2016,RT @dallasnews: .@ATT CEO Randall Stephenson confident @twxcorp merger will get past regulators https://t.co/2Re2eGzanm #atttimewarner | @M…,Positive,82.2634,general,general,,Twitter
Dallas17,Authorized,32.739229,-96.682466,1530 S Buckner Blvd,75217,Tue Oct 25 12:25:39 +0000 2016,It seems like every month my bill gets higher for no reason with @ATT smh taking time out my work day to resolve it every month smh,Negative,99.9524,general,general,,Twitter
Dallas17,Authorized,32.739229,-96.682466,1530 S Buckner Blvd,75217,Tue Oct 25 12:24:47 +0000 2016,RT @dallasnews: How have Texas lawmakers reacted to @ATT's megamerger? Mostly with silence | https://t.co/kyNP8BfpgC @tombenning https://t.…,Neutral,53.7855,general,general,,Twitter
Dallas17,Authorized,32.739229,-96.682466,1530 S Buckner Blvd,75217,Tue Oct 25 12:24:25 +0000 2016,RT @dallasnews: How have Texas lawmakers reacted to @ATT's megamerger? Mostly with silence | https://t.co/kyNP8BfpgC @tombenning https://t.…,Neutral,53.7855,general,general,,Twitter
Dallas17,Authorized,32.739229,-96.682466,1530 S Buckner Blvd,75217,Tue Oct 25 12:22:42 +0000 2016,RT @dallasnews: How have Texas lawmakers reacted to @ATT's megamerger? Mostly with silence | https://t.co/kyNP8BfpgC @tombenning https://t.…,Neutral,53.7855,general,general,,Twitter
Dallas17,Authorized,32.739229,-96.682466,1530 S Buckner Blvd,75217,Tue Oct 25 12:22:32 +0000 2016,RT @dallasnews: How have Texas lawmakers reacted to @ATT's megamerger? Mostly with silence | https://t.co/kyNP8BfpgC @tombenning https://t.…,Neutral,53.7855,general,general,,Twitter
Dallas17,Authorized,32.739229,-96.682466,1530 S Buckner Blvd,75217,Tue Oct 25 12:21:49 +0000 2016,How have Texas lawmakers reacted to @ATT's megamerger? Mostly with silence | https://t.co/kyNP8BfpgC @tombenning https://t.co/Y6ujgjT3FM,Neutral,53.7855,general,general,,Twitter
Dallas17,Authorized,32.739229,-96.682466,1530 S Buckner Blvd,75217,Tue Oct 25 12:14:45 +0000 2016,"RT @DMNBiz: .@CNN, .@HBO and more: A look at the brands .@ATT inherits in its Time Warner deal https://t.co/dhOhNjd68C | @paul_o_donnell ht…",Positive,96.3719,general,general,,Twitter
Dallas17,Authorized,32.739229,-96.682466,1530 S Buckner Blvd,75217,Tue Oct 25 12:05:51 +0000 2016,".@CNN, .@HBO and more: A look at the brands .@ATT inherits in its Time Warner deal https://t.co/dhOhNjd68C |… https://t.co/nkWx7Vwp2x",Positive,96.3719,general,general,,Twitter
Dallas17,Authorized,32.739229,-96.682466,1530 S Buckner Blvd,75217,Tue Oct 25 11:35:49 +0000 2016,RT @ATT: Welcome to the team! @taylorswift13 https://t.co/4h86nLYuLo https://t.co/gAHOi7fPrZ,Positive,84.3125,general,general,,Twitter
Dallas17,Authorized,32.739229,-96.682466,1530 S Buckner Blvd,75217,Tue Oct 25 11:08:25 +0000 2016,"Don't expect a change in viewpoint for @CNN, @ATT chief says https://t.co/oYaURY2xEH | @agarre https://t.co/TWUkvBhIvM",Neutral,55.5436,general,general,,Twitter
Dallas17,Authorized,32.739229,-96.682466,1530 S Buckner Blvd,75217,Tue Oct 25 10:23:13 +0000 2016,RT @ATT: The #futureofvideo is mobile and the #futureofmobile is video. Time Warner + AT&amp;T make it happen! @twxcorp https://t.co/GKx4U9TQYg,Neutral,56.0321,general,general,,Twitter
Dallas17,Authorized,32.739229,-96.682466,1530 S Buckner Blvd,75217,Tue Oct 25 09:29:32 +0000 2016,RT @ATT: Welcome to the team! @taylorswift13 https://t.co/4h86nLYuLo https://t.co/gAHOi7fPrZ,Positive,84.3125,general,general,,Twitter
Dallas17,Authorized,32.739229,-96.682466,1530 S Buckner Blvd,75217,Tue Oct 25 08:57:40 +0000 2016,RT @ATT: Welcome to the team! @taylorswift13 https://t.co/4h86nLYuLo https://t.co/gAHOi7fPrZ,Positive,84.3125,general,general,,Twitter
Dallas17,Authorized,32.739229,-96.682466,1530 S Buckner Blvd,75217,Tue Oct 25 08:54:06 +0000 2016,RT @ATT: Welcome to the team! @taylorswift13 https://t.co/4h86nLYuLo https://t.co/gAHOi7fPrZ,Positive,84.3125,general,general,,Twitter
Dallas17,Authorized,32.739229,-96.682466,1530 S Buckner Blvd,75217,Tue Oct 25 08:53:21 +0000 2016,RT @ATT: Welcome to the team! @taylorswift13 https://t.co/4h86nLYuLo https://t.co/gAHOi7fPrZ,Positive,84.3125,general,general,,Twitter
Dallas17,Authorized,32.739229,-96.682466,1530 S Buckner Blvd,75217,Tue Oct 25 08:50:16 +0000 2016,RT @ATT: Welcome to the team! @taylorswift13 https://t.co/4h86nLYuLo https://t.co/gAHOi7fPrZ,Positive,84.3125,general,general,,Twitter
Dallas17,Authorized,32.739229,-96.682466,1530 S Buckner Blvd,75217,Tue Oct 25 07:20:42 +0000 2016,RT @ATT: Get a sweet deal on the new iPhone 7 when you switch to AT&amp;T and have DIRECTV. https://t.co/TQVeUkmeZ6 https://t.co/zfZmNpe8AP,Positive,98.0584,directv,general,,Twitter
Dallas17,Authorized,32.739229,-96.682466,1530 S Buckner Blvd,75217,Tue Oct 25 07:11:49 +0000 2016,RT @ATT: Get a sweet deal on the new iPhone 7 when you switch to AT&amp;T and have DIRECTV. https://t.co/TQVeUkmeZ6 https://t.co/zfZmNpe8AP,Positive,98.0584,directv,general,,Twitter
Dallas17,Authorized,32.739229,-96.682466,1530 S Buckner Blvd,75217,Tue Oct 25 07:11:29 +0000 2016,RT @ATT: Another reason to smile for the camera. The #LGV20 from @LGUSAMobile will be available in stores starting today. https://t.co/TILu…,Positive,86.0616,general,general,,Twitter
Dallas17,Authorized,32.739229,-96.682466,1530 S Buckner Blvd,75217,Tue Oct 25 06:48:11 +0000 2016,RT @ATT: Welcome to the team! @taylorswift13 https://t.co/4h86nLYuLo https://t.co/gAHOi7fPrZ,Positive,84.3125,general,general,,Twitter
Dallas17,Authorized,32.739229,-96.682466,1530 S Buckner Blvd,75217,Tue Oct 25 06:25:47 +0000 2016,RT @ATT: Welcome to the team! @taylorswift13 https://t.co/4h86nLYuLo https://t.co/gAHOi7fPrZ,Positive,84.3125,general,general,,Twitter
Dallas17,Authorized,32.739229,-96.682466,1530 S Buckner Blvd,75217,Tue Oct 25 06:20:06 +0000 2016,RT @ATT: Welcome to the team! @taylorswift13 https://t.co/4h86nLYuLo https://t.co/gAHOi7fPrZ,Positive,84.3125,general,general,,Twitter
Dallas17,Authorized,32.739229,-96.682466,1530 S Buckner Blvd,75217,Tue Oct 25 06:16:28 +0000 2016,RT @ATT: Welcome to the team! @taylorswift13 https://t.co/4h86nLYuLo https://t.co/gAHOi7fPrZ,Positive,84.3125,general,general,,Twitter
Dallas17,Authorized,32.739229,-96.682466,1530 S Buckner Blvd,75217,Tue Oct 25 06:12:12 +0000 2016,RT @ATT: Welcome to the team! @taylorswift13 https://t.co/4h86nLYuLo https://t.co/gAHOi7fPrZ,Positive,84.3125,general,general,,Twitter
Dallas17,Authorized,32.739229,-96.682466,1530 S Buckner Blvd,75217,Tue Oct 25 05:40:48 +0000 2016,RT @ATT: Welcome to the team! @taylorswift13 https://t.co/4h86nLYuLo https://t.co/gAHOi7fPrZ,Positive,84.3125,general,general,,Twitter
Dallas17,Authorized,32.739229,-96.682466,1530 S Buckner Blvd,75217,Tue Oct 25 05:16:10 +0000 2016,"RT @ATT: We’ve invented something so simple, you never saw it coming. https://t.co/BGiXAhWIcU https://t.co/mtFsW0A3Dd",Neutral,53.2210,general,general,,Twitter
Dallas17,Authorized,32.739229,-96.682466,1530 S Buckner Blvd,75217,Tue Oct 25 05:13:03 +0000 2016,Why does my wifi not work @ATT,Negative,94.8507,general,general,,Twitter
Dallas17,Authorized,32.739229,-96.682466,1530 S Buckner Blvd,75217,Tue Oct 25 05:11:53 +0000 2016,"RT @ATT: @JenSwirsky Thanks for the shout out, Jen! We will make sure to share the #ATTLove ❤️ https://t.co/uUV9AnWu93",Positive,91.0505,general,general,,Twitter
Dallas17,Authorized,32.739229,-96.682466,1530 S Buckner Blvd,75217,Tue Oct 25 05:09:52 +0000 2016,RT @ATT: Welcome to the team! @taylorswift13 https://t.co/4h86nLYuLo https://t.co/gAHOi7fPrZ,Positive,84.3125,general,general,,Twitter
Dallas17,Authorized,32.739229,-96.682466,1530 S Buckner Blvd,75217,Tue Oct 25 04:54:33 +0000 2016,RT @ATT: Get a sweet deal on the new iPhone 7 when you switch to AT&amp;T and have DIRECTV. https://t.co/TQVeUkmeZ6 https://t.co/zfZmNpe8AP,Positive,98.0584,directv,general,,Twitter
Dallas17,Authorized,32.739229,-96.682466,1530 S Buckner Blvd,75217,Tue Oct 25 04:46:18 +0000 2016,@ATT customer service may be the death of me tonight. I might actually die before they get my wifi to work on my computer 😑,Negative,99.2606,general,general,,Twitter
Dallas17,Authorized,32.739229,-96.682466,1530 S Buckner Blvd,75217,Tue Oct 25 04:08:35 +0000 2016,RT @ATT: @cyntitiswift We’re creating an amazing venue in Houston for this show.  Stay tuned for more details. Follow AT&amp;T &amp; Taylor Nation.,Positive,99.4878,general,general,,Twitter
Dallas17,Authorized,32.739229,-96.682466,1530 S Buckner Blvd,75217,Tue Oct 25 04:08:33 +0000 2016,"RT @ATT: New @ThomasRhett date has been added in Baltimore! AT&amp;T customers can purchase priority pre-sale tix 10/18-10/20.
https://t.co/vM8…",Positive,83.6028,general,general,,Twitter
Dallas17,Authorized,32.739229,-96.682466,1530 S Buckner Blvd,75217,Tue Oct 25 04:05:19 +0000 2016,RT @ATT: Welcome to the team! @taylorswift13 https://t.co/4h86nLYuLo https://t.co/gAHOi7fPrZ,Positive,84.3125,general,general,,Twitter
Dallas17,Authorized,32.739229,-96.682466,1530 S Buckner Blvd,75217,Tue Oct 25 04:04:42 +0000 2016,RT @ATT: Welcome to the team! @taylorswift13 https://t.co/4h86nLYuLo https://t.co/gAHOi7fPrZ,Positive,84.3125,general,general,,Twitter
Dallas17,Authorized,32.739229,-96.682466,1530 S Buckner Blvd,75217,Tue Oct 25 04:02:08 +0000 2016,RT @ATT: Welcome to the team! @taylorswift13 https://t.co/4h86nLYuLo https://t.co/gAHOi7fPrZ,Positive,84.3125,general,general,,Twitter
Dallas17,Authorized,32.739229,-96.682466,1530 S Buckner Blvd,75217,Tue Oct 25 03:35:03 +0000 2016,RT @ATT: Welcome to the team! @taylorswift13 https://t.co/4h86nLYuLo https://t.co/gAHOi7fPrZ,Positive,84.3125,general,general,,Twitter
Dallas17,Authorized,32.739229,-96.682466,1530 S Buckner Blvd,75217,Tue Oct 25 03:19:49 +0000 2016,"RT @dallasnews: .@CNN, @HBO and more: A look at the brands @ATT inherits in its Time Warner deal https://t.co/nVGFN5muR4 | @paul_o_donnell…",Positive,96.3719,general,general,,Twitter
Dallas17,Authorized,32.739229,-96.682466,1530 S Buckner Blvd,75217,Tue Oct 25 03:12:36 +0000 2016,RT @ATT: Get a sweet deal on the new iPhone 7 when you switch to AT&amp;T and have DIRECTV. https://t.co/TQVeUkmeZ6 https://t.co/zfZmNpe8AP,Positive,98.0584,directv,general,,Twitter
Dallas17,Authorized,32.739229,-96.682466,1530 S Buckner Blvd,75217,Tue Oct 25 03:09:52 +0000 2016,RT @ATT: Welcome to the team! @taylorswift13 https://t.co/4h86nLYuLo https://t.co/gAHOi7fPrZ,Positive,84.3125,general,general,,Twitter
Dallas17,Authorized,32.739229,-96.682466,1530 S Buckner Blvd,75217,Tue Oct 25 03:05:48 +0000 2016,RT @ATT: Another reason to smile for the camera. The #LGV20 from @LGUSAMobile will be available in stores starting today. https://t.co/TILu…,Positive,86.0616,general,general,,Twitter
Dallas17,Authorized,32.739229,-96.682466,1530 S Buckner Blvd,75217,Tue Oct 25 02:57:18 +0000 2016,"@ATTCares my order hadn't been cancelled to begin with. Really frustrating, especially the number of times I've been hung up on -4-",Negative,93.7218,general,general,,Twitter
Dallas17,Authorized,32.739229,-96.682466,1530 S Buckner Blvd,75217,Tue Oct 25 02:56:31 +0000 2016,@ATTCares cancelled only to get a confirmation email from directtv letting me know my order was processed. Called them &amp; found out -3-,Neutral,54.7724,general,general,,Twitter
Dallas17,Authorized,32.739229,-96.682466,1530 S Buckner Blvd,75217,Tue Oct 25 02:55:46 +0000 2016,@ATTCares I'm not able to have att/directtv. I've called numerous times and have gotten the run around. I was told earlier it was -2-,Negative,93.2431,general,general,,Twitter
Dallas17,Authorized,32.739229,-96.682466,1530 S Buckner Blvd,75217,Tue Oct 25 02:55:08 +0000 2016,@ATTCares I called earlier today to have directtv and internet installed by you guys at my new apartment. Found out after moving in that -1-,Positive,94.9060,general,product installation,,Twitter
Dallas17,Authorized,32.739229,-96.682466,1530 S Buckner Blvd,75217,Tue Oct 25 02:45:40 +0000 2016,"Dear @ATT: If I'm calling to cancel a service, I don't need to be transferred to a retention department.",Negative,98.7261,general,general,,Twitter
Dallas17,Authorized,32.739229,-96.682466,1530 S Buckner Blvd,75217,Tue Oct 25 02:42:33 +0000 2016,@AndyDTID @ATT that's messed up and they need to find a way to compensate you #badservice,Negative,80.3930,general,general,,Twitter
Dallas17,Authorized,32.739229,-96.682466,1530 S Buckner Blvd,75217,Tue Oct 25 02:37:40 +0000 2016,"No, Time Warner Cable isn't part of @ATT merger and here's why https://t.co/TZXzNjG2cF | @melissa_repko https://t.co/q4fqP9AQ1t",Positive,67.4004,general,general,,Twitter
Dallas17,Authorized,32.739229,-96.682466,1530 S Buckner Blvd,75217,Tue Oct 25 02:36:01 +0000 2016,"RT @dallasnews: .@CNN, @HBO and more: A look at the brands @ATT inherits in its Time Warner deal https://t.co/nVGFN5muR4 | @paul_o_donnell…",Positive,96.3719,general,general,,Twitter
Dallas17,Authorized,32.739229,-96.682466,1530 S Buckner Blvd,75217,Tue Oct 25 02:27:56 +0000 2016,RT @ATT: Get a sweet deal on the new iPhone 7 when you switch to AT&amp;T and have DIRECTV. https://t.co/TQVeUkmeZ6 https://t.co/zfZmNpe8AP,Positive,98.0584,directv,general,,Twitter
Dallas17,Authorized,32.739229,-96.682466,1530 S Buckner Blvd,75217,Tue Oct 25 02:25:14 +0000 2016,@ATTCares finally got through all steps. Still not working g,Negative,66.8217,general,general,,Twitter
Dallas17,Authorized,32.739229,-96.682466,1530 S Buckner Blvd,75217,Tue Oct 25 02:24:56 +0000 2016,"@ATTCares trying but just keep getting a spinning wheel and ""preparing",Negative,71.5957,general,general,,Twitter
