Dallas16,Authorized,32.865482,-96.805688,5960 W Northwest Hwy,75225,Mon Oct 24 00:51:50 +0000 2016,RT @ATT: Welcome to the team! @taylorswift13 https://t.co/4h86nLYuLo https://t.co/gAHOi7fPrZ,Positive,84.3125,general,general,,Twitter
Dallas16,Authorized,32.865482,-96.805688,5960 W Northwest Hwy,75225,Mon Oct 24 00:46:05 +0000 2016,RT @ATT: Welcome to the team! @taylorswift13 https://t.co/4h86nLYuLo https://t.co/gAHOi7fPrZ,Positive,84.3125,general,general,,Twitter
Dallas16,Authorized,32.865482,-96.805688,5960 W Northwest Hwy,75225,Mon Oct 24 00:45:56 +0000 2016,"RT @PhilipTKingston: Why do I suddenly feel so good about @BCBSAssociation? Hint, hint, @ATT @DtownDallasInc https://t.co/dEwVDTELlT",Negative,86.4626,general,general,,Twitter
Dallas16,Authorized,32.865482,-96.805688,5960 W Northwest Hwy,75225,Mon Oct 24 00:38:59 +0000 2016,My latest @hotairblog looks at the fact both @realDonaldTrump &amp; @timkaine have issues w/ATT-Warner merger. https://t.co/mJ8mhzmJny,Positive,75.9224,general,general,,Twitter
Dallas16,Authorized,32.865482,-96.805688,5960 W Northwest Hwy,75225,Mon Oct 24 00:37:09 +0000 2016,"RT @ATT: Mother Nature is unpredictable, so we rely on our Network Disaster Recovery team to connect you when you need it most. https://t.c…",Positive,77.2863,general,general,,Twitter
Dallas16,Authorized,32.865482,-96.805688,5960 W Northwest Hwy,75225,Mon Oct 24 00:35:58 +0000 2016,"RT @dallasnews: Trump gets litigious, AT&amp;T gets bigger, @TomiLahren wins bigly: Your weekend news digest https://t.co/tjOy7OJCri https://t.…",Negative,66.2200,general,general,,Twitter
Dallas16,Authorized,32.865482,-96.805688,5960 W Northwest Hwy,75225,Mon Oct 24 00:34:21 +0000 2016,Happy x1000 TY @DeloitteUS &amp; @JasonWDowning. You rock #socent in Big D. Will @ATT #GiveACheck &amp; #OneUpThat @UnitedWayDallas @UWGroundFloor?,Positive,72.2727,general,general,,Twitter
Dallas16,Authorized,32.865482,-96.805688,5960 W Northwest Hwy,75225,Mon Oct 24 00:33:41 +0000 2016,"RT @dallasnews: Trump gets litigious, AT&amp;T gets bigger, @TomiLahren wins bigly: Your weekend news digest https://t.co/tjOy7OJCri https://t.…",Negative,66.2200,general,general,,Twitter
Dallas16,Authorized,32.865482,-96.805688,5960 W Northwest Hwy,75225,Mon Oct 24 00:31:10 +0000 2016,"Critics of $108 billion AT&amp;T, Time Warner marriage speak out https://t.co/uJtGGni9kR #DFW",Positive,82.0228,general,general,,Twitter
Dallas16,Authorized,32.865482,-96.805688,5960 W Northwest Hwy,75225,Mon Oct 24 00:22:19 +0000 2016,"Traders weigh media stocks on Time Warner, AT&amp;T deal chatter: The ""Fast Money"" traders debated what AT&amp;T's po... https://t.co/re5JLDrRgZ",Positive,70.4942,general,general,,Twitter
Dallas16,Authorized,32.865482,-96.805688,5960 W Northwest Hwy,75225,Mon Oct 24 00:20:41 +0000 2016,RT @attJOBS: We're helping connect youth to their first jobs by signing on to the White House's First Job Compact. Learn more: https://t.co…,Positive,91.9056,general,general,,Twitter
Dallas16,Authorized,32.865482,-96.805688,5960 W Northwest Hwy,75225,Mon Oct 24 00:19:54 +0000 2016,"RT @ATT: Mother Nature is unpredictable, so we rely on our Network Disaster Recovery team to connect you when you need it most. https://t.c…",Positive,77.2863,general,general,,Twitter
Dallas16,Authorized,32.865482,-96.805688,5960 W Northwest Hwy,75225,Mon Oct 24 00:18:55 +0000 2016,RT @tomthuang: AT&amp;T's quarterly results give hints on urgency behind Time Warner deal https://t.co/5QuMfjirr8 via @dallasnews,Positive,69.1587,general,general,,Twitter
Dallas16,Authorized,32.865482,-96.805688,5960 W Northwest Hwy,75225,Mon Oct 24 00:18:45 +0000 2016,"RT @dallasnews: Trump gets litigious, AT&amp;T gets bigger, @TomiLahren wins bigly: Your weekend news digest https://t.co/tjOy7OJCri https://t.…",Negative,66.2200,general,general,,Twitter
Dallas16,Authorized,32.865482,-96.805688,5960 W Northwest Hwy,75225,Mon Oct 24 00:16:33 +0000 2016,AT&amp;T's quarterly results give hints on urgency behind Time Warner deal https://t.co/5QuMfjirr8 via @dallasnews,Positive,69.1587,general,general,,Twitter
Dallas16,Authorized,32.865482,-96.805688,5960 W Northwest Hwy,75225,Mon Oct 24 00:10:23 +0000 2016,HAPPY to have @DeloitteUS as a #OneUpThat sponsor. Their support will change lives forever! @ATT can you #OneUpThat… https://t.co/mBGIi8KXoD,Positive,98.0349,general,general,,Twitter
Dallas16,Authorized,32.865482,-96.805688,5960 W Northwest Hwy,75225,Mon Oct 24 00:07:45 +0000 2016,RT @ATT: The #futureofvideo is mobile and the #futureofmobile is video. Time Warner + AT&amp;T make it happen! @twxcorp https://t.co/GKx4U9TQYg,Neutral,56.0321,general,general,,Twitter
Dallas16,Authorized,32.865482,-96.805688,5960 W Northwest Hwy,75225,Mon Oct 24 00:07:25 +0000 2016,RT @ATT: The #futureofvideo is mobile and the #futureofmobile is video. Time Warner + AT&amp;T make it happen! @twxcorp https://t.co/GKx4U9TQYg,Neutral,56.0321,general,general,,Twitter
Dallas16,Authorized,32.865482,-96.805688,5960 W Northwest Hwy,75225,Mon Oct 24 00:05:47 +0000 2016,RT @ATT: The #futureofvideo is mobile and the #futureofmobile is video. Time Warner + AT&amp;T make it happen! @twxcorp https://t.co/GKx4U9TQYg,Neutral,56.0321,general,general,,Twitter
Dallas16,Authorized,32.865482,-96.805688,5960 W Northwest Hwy,75225,Mon Oct 24 00:03:03 +0000 2016,Dallas Business News AT&amp;T's quarterly results give hints on urgency behind Time Warner deal https://t.co/1FDuD1zQzp,Positive,75.1778,general,general,,Twitter
Dallas16,Authorized,32.865482,-96.805688,5960 W Northwest Hwy,75225,Sun Oct 23 23:53:22 +0000 2016,RT @ATT: The #futureofvideo is mobile and the #futureofmobile is video. Time Warner + AT&amp;T make it happen! @twxcorp https://t.co/GKx4U9TQYg,Neutral,56.0321,general,general,,Twitter
Dallas16,Authorized,32.865482,-96.805688,5960 W Northwest Hwy,75225,Sun Oct 23 23:52:10 +0000 2016,"RT @ATT: Mother Nature is unpredictable, so we rely on our Network Disaster Recovery team to connect you when you need it most. https://t.c…",Positive,77.2863,general,general,,Twitter
Dallas16,Authorized,32.865482,-96.805688,5960 W Northwest Hwy,75225,Sun Oct 23 23:49:52 +0000 2016,"RT @dallasnews: New media agency @Hearts_Science lands @ATT, opens shop in Dallas and plans to employ 100 people https://t.co/f5bPR9R5EQ @m…",Neutral,56.5613,general,general,,Twitter
Dallas16,Authorized,32.865482,-96.805688,5960 W Northwest Hwy,75225,Sun Oct 23 23:46:09 +0000 2016,"""To Secure a Mega-Merger, AT&amp;T Plans to Shoulder Mega-Debt"" by LESLIE PICKER via NYT The New York Times https://t.co/6jdDhbiFNd",Positive,95.1780,general,general,,Twitter
Dallas16,Authorized,32.865482,-96.805688,5960 W Northwest Hwy,75225,Sun Oct 23 23:38:53 +0000 2016,RT @ATT: The #futureofvideo is mobile and the #futureofmobile is video. Time Warner + AT&amp;T make it happen! @twxcorp https://t.co/GKx4U9TQYg,Neutral,56.0321,general,general,,Twitter
Dallas16,Authorized,32.865482,-96.805688,5960 W Northwest Hwy,75225,Sun Oct 23 23:33:09 +0000 2016,RT @ATT: The #futureofvideo is mobile and the #futureofmobile is video. Time Warner + AT&amp;T make it happen! @twxcorp https://t.co/GKx4U9TQYg,Neutral,56.0321,general,general,,Twitter
Dallas16,Authorized,32.865482,-96.805688,5960 W Northwest Hwy,75225,Sun Oct 23 23:27:43 +0000 2016,"@TwoBitWhackJob with @DIRECTV and #NFLSundayTicket, I can choose how I want to finish. 😏",Negative,83.6334,directv,general,,Twitter
Dallas16,Authorized,32.865482,-96.805688,5960 W Northwest Hwy,75225,Sun Oct 23 23:23:49 +0000 2016,"RT @dallasnews: Trump gets litigious, AT&amp;T gets bigger, @TomiLahren wins bigly: Your weekend news digest https://t.co/tjOy7OJCri https://t.…",Negative,66.2200,general,general,,Twitter
Dallas16,Authorized,32.865482,-96.805688,5960 W Northwest Hwy,75225,Sun Oct 23 23:23:26 +0000 2016,RT @ATT: Welcome to the team! @taylorswift13 https://t.co/4h86nLYuLo https://t.co/gAHOi7fPrZ,Positive,84.3125,general,general,,Twitter
Dallas16,Authorized,32.865482,-96.805688,5960 W Northwest Hwy,75225,Sun Oct 23 23:22:37 +0000 2016,RT @dallasnews: AT&amp;T's quarterly results give hints on urgency behind Time Warner deal  https://t.co/9FoLKn9M4E https://t.co/GuOfVi4Vty,Positive,69.1587,general,general,,Twitter
Dallas16,Authorized,32.865482,-96.805688,5960 W Northwest Hwy,75225,Sun Oct 23 23:17:22 +0000 2016,RT @ATT: Welcome to the team! @taylorswift13 https://t.co/4h86nLYuLo https://t.co/gAHOi7fPrZ,Positive,84.3125,general,general,,Twitter
Dallas16,Authorized,32.865482,-96.805688,5960 W Northwest Hwy,75225,Sun Oct 23 23:13:16 +0000 2016,"AT&amp;T to Purchase Time Warner for $85.4B: Here’s What You Need to Know: In its goal to become a media giant, AT&amp;T… https://t.co/7Rz6ffMbwm",Positive,89.6079,general,general,,Twitter
Dallas16,Authorized,32.865482,-96.805688,5960 W Northwest Hwy,75225,Sun Oct 23 23:13:04 +0000 2016,RT @ATTBusiness: Cybersecurity preparedness starts w/ a strong incident response plan. Get info to help shield your org from attack: https:…,Positive,89.9643,general,general,,Twitter
Dallas16,Authorized,32.865482,-96.805688,5960 W Northwest Hwy,75225,Sun Oct 23 23:09:49 +0000 2016,RT @dallasnews: AT&amp;T's quarterly results give hints on urgency behind Time Warner deal  https://t.co/9FoLKn9M4E https://t.co/GuOfVi4Vty,Positive,69.1587,general,general,,Twitter
Dallas16,Authorized,32.865482,-96.805688,5960 W Northwest Hwy,75225,Sun Oct 23 23:09:20 +0000 2016,RT @dallasnews: AT&amp;T's quarterly results give hints on urgency behind Time Warner deal  https://t.co/9FoLKn9M4E https://t.co/GuOfVi4Vty,Positive,69.1587,general,general,,Twitter
Dallas16,Authorized,32.865482,-96.805688,5960 W Northwest Hwy,75225,Sun Oct 23 23:07:17 +0000 2016,"AT&amp;T to Purchase Time Warner for $85.4B: Here’s What You Need to Know: In its goal to become a media giant, AT&amp;T… https://t.co/Y9VCVeXAI8",Positive,89.6079,general,general,,Twitter
Dallas16,Authorized,32.865482,-96.805688,5960 W Northwest Hwy,75225,Sun Oct 23 23:07:15 +0000 2016,"AT&amp;T to Purchase Time Warner for $85.4B: Here’s What You Need to Know: In its goal to become a media giant, AT&amp;T… https://t.co/6Vj9sz0Jz6",Positive,89.6079,general,general,,Twitter
Dallas16,Authorized,32.865482,-96.805688,5960 W Northwest Hwy,75225,Sun Oct 23 23:07:09 +0000 2016,AT&amp;T to Purchase Time Warner for $85.4B: Here’s What You Need to Know https://t.co/I96KswhXnw,Positive,64.7270,general,general,,Twitter
Dallas16,Authorized,32.865482,-96.805688,5960 W Northwest Hwy,75225,Sun Oct 23 23:07:06 +0000 2016,"AT&amp;T to Purchase Time Warner for $85.4B: Here’s What You Need to Know: In its goal to become a media giant, AT&amp;T… https://t.co/oK8yYBvoEO",Positive,89.6079,general,general,,Twitter
Dallas16,Authorized,32.865482,-96.805688,5960 W Northwest Hwy,75225,Sun Oct 23 23:03:10 +0000 2016,AT&amp;T's quarterly results give hints on urgency behind Time Warner deal  https://t.co/9FoLKn9M4E https://t.co/GuOfVi4Vty,Positive,69.1587,general,general,,Twitter
Dallas16,Authorized,32.865482,-96.805688,5960 W Northwest Hwy,75225,Sun Oct 23 23:01:18 +0000 2016,RT @irvrealestate: AT&amp;T to Purchase Time Warner for $85.4B: Here’s What You Need to Know https://t.co/UaEs6GVqHH #Tech_Startups,Positive,64.7270,general,general,,Twitter
Dallas16,Authorized,32.865482,-96.805688,5960 W Northwest Hwy,75225,Sun Oct 23 23:01:17 +0000 2016,Planning a #familyvacation soon? Here are 5 #travel apps and gadgets you will love! https://t.co/4QGytoJr8q,Positive,99.5101,general,general,,Twitter
Dallas16,Authorized,32.865482,-96.805688,5960 W Northwest Hwy,75225,Sun Oct 23 23:00:04 +0000 2016,Who will survive in the new world? Find out on tonight's Season 7 premiere of @WalkingDead_AMC at 9/8c. #TWD https://t.co/nztIUgki6P,Positive,99.8837,general,general,,Twitter
Dallas16,Authorized,32.865482,-96.805688,5960 W Northwest Hwy,75225,Sun Oct 23 22:59:57 +0000 2016,AT&amp;T's quarterly results give hints on urgency behind Time Warner deal:  https://t.co/RDzHeMmeUA,Positive,69.1587,general,general,,Twitter
Dallas16,Authorized,32.865482,-96.805688,5960 W Northwest Hwy,75225,Sun Oct 23 22:55:13 +0000 2016,RT @ATT: Welcome to the team! @taylorswift13 https://t.co/4h86nLYuLo https://t.co/gAHOi7fPrZ,Positive,84.3125,general,general,,Twitter
Dallas16,Authorized,32.865482,-96.805688,5960 W Northwest Hwy,75225,Sun Oct 23 22:54:53 +0000 2016,RT @ATT: The #futureofvideo is mobile and the #futureofmobile is video. Time Warner + AT&amp;T make it happen! @twxcorp https://t.co/GKx4U9TQYg,Neutral,56.0321,general,general,,Twitter
Dallas16,Authorized,32.865482,-96.805688,5960 W Northwest Hwy,75225,Sun Oct 23 22:53:06 +0000 2016,RT @ATT: The #futureofvideo is mobile and the #futureofmobile is video. Time Warner + AT&amp;T make it happen! @twxcorp https://t.co/GKx4U9TQYg,Neutral,56.0321,general,general,,Twitter
Dallas16,Authorized,32.865482,-96.805688,5960 W Northwest Hwy,75225,Sun Oct 23 22:52:57 +0000 2016,"AT&amp;T to Purchase Time Warner for $85.4B: Here’s What You Need to Know: In its goal to become a media giant, AT&amp;T… https://t.co/yG1mzZbfHH",Positive,89.6079,general,general,,Twitter
Dallas16,Authorized,32.865482,-96.805688,5960 W Northwest Hwy,75225,Sun Oct 23 22:51:48 +0000 2016,RT @irvrealestate: AT&amp;T to Purchase Time Warner for $85.4B: Here’s What You Need to Know https://t.co/UaEs6GVqHH #Tech_Startups,Positive,64.7270,general,general,,Twitter
Dallas16,Authorized,32.865482,-96.805688,5960 W Northwest Hwy,75225,Sun Oct 23 22:51:38 +0000 2016,RT @DFWSmallBiz: #ATT's quarterly results give hints on urgency behind Time Warner deal https://t.co/QolTzZMFr5 #DFW #Tech,Positive,69.1587,general,general,,Twitter
Dallas16,Authorized,32.865482,-96.805688,5960 W Northwest Hwy,75225,Sun Oct 23 22:51:04 +0000 2016,AT&amp;T to Purchase Time Warner for $85.4B: Here’s What You Need to Know https://t.co/UaEs6GVqHH #Tech_Startups,Positive,64.7270,general,general,,Twitter
Dallas16,Authorized,32.865482,-96.805688,5960 W Northwest Hwy,75225,Sun Oct 23 22:50:57 +0000 2016,#ATT's quarterly results give hints on urgency behind Time Warner deal https://t.co/QolTzZMFr5 #DFW #Tech,Positive,69.1587,general,general,,Twitter
Dallas16,Authorized,32.865482,-96.805688,5960 W Northwest Hwy,75225,Sun Oct 23 22:50:56 +0000 2016,#ATT's quarterly results give hints on urgency behind Time Warner deal https://t.co/eZe4bl14Kv #DFW #realestate,Positive,69.1587,general,general,,Twitter
Dallas16,Authorized,32.865482,-96.805688,5960 W Northwest Hwy,75225,Sun Oct 23 22:46:16 +0000 2016,"RT @DanielleDigest: .@ATT to Purchase @TWC for $85.4B: Here’s What You Need to Know
https://t.co/8wSSbVNUVK https://t.co/AhyTPE6l1T",Neutral,50.8741,general,general,,Twitter
Dallas16,Authorized,32.865482,-96.805688,5960 W Northwest Hwy,75225,Sun Oct 23 22:45:46 +0000 2016,RT @ATTBusiness: Cybersecurity preparedness starts w/ a strong incident response plan. Get info to help shield your org from attack: https:…,Positive,89.9643,general,general,,Twitter
Dallas16,Authorized,32.865482,-96.805688,5960 W Northwest Hwy,75225,Sun Oct 23 22:43:38 +0000 2016,".@ATT to Purchase @TWC for $85.4B: Here’s What You Need to Know
https://t.co/8wSSbVNUVK https://t.co/AhyTPE6l1T",Neutral,50.8741,general,general,,Twitter
Dallas16,Authorized,32.865482,-96.805688,5960 W Northwest Hwy,75225,Sun Oct 23 22:42:41 +0000 2016,"RT @ATT: Mother Nature is unpredictable, so we rely on our Network Disaster Recovery team to connect you when you need it most. https://t.c…",Positive,77.2863,general,general,,Twitter
Dallas16,Authorized,32.865482,-96.805688,5960 W Northwest Hwy,75225,Sun Oct 23 22:36:42 +0000 2016,@ATTCares It's 2016.  How about a digital optical audio port on the wireless genie.,Negative,75.0438,general,general,,Twitter
Dallas16,Authorized,32.865482,-96.805688,5960 W Northwest Hwy,75225,Sun Oct 23 22:29:32 +0000 2016,"RT @dallasnews: Trump gets litigious, AT&amp;T gets bigger, @TomiLahren wins bigly: Your weekend news digest https://t.co/tjOy7OJCri https://t.…",Negative,66.2200,general,general,,Twitter
Dallas16,Authorized,32.865482,-96.805688,5960 W Northwest Hwy,75225,Sun Oct 23 22:26:35 +0000 2016,RT @ATT: The #futureofvideo is mobile and the #futureofmobile is video. Time Warner + AT&amp;T make it happen! @twxcorp https://t.co/GKx4U9TQYg,Neutral,56.0321,general,general,,Twitter
Dallas16,Authorized,32.865482,-96.805688,5960 W Northwest Hwy,75225,Sun Oct 23 22:23:56 +0000 2016,Hey @ATTCares Instead of spending all your allowance on TWC How about a wireless box that has a decent audio connection? @DIRECTVService,Negative,99.1728,directv,general,,Twitter
Dallas16,Authorized,32.865482,-96.805688,5960 W Northwest Hwy,75225,Sun Oct 23 22:22:35 +0000 2016,"RT @dallasnews: Trump gets litigious, AT&amp;T gets bigger, @TomiLahren wins bigly: Your weekend news digest https://t.co/tjOy7OJCri https://t.…",Negative,66.2200,general,general,,Twitter
Dallas16,Authorized,32.865482,-96.805688,5960 W Northwest Hwy,75225,Sun Oct 23 22:22:19 +0000 2016,"RT @ATT: Mother Nature is unpredictable, so we rely on our Network Disaster Recovery team to connect you when you need it most. https://t.c…",Positive,77.2863,general,general,,Twitter
Dallas16,Authorized,32.865482,-96.805688,5960 W Northwest Hwy,75225,Sun Oct 23 22:13:03 +0000 2016,"RT @dallasnews: Trump gets litigious, AT&amp;T gets bigger, @TomiLahren wins bigly: Your weekend news digest https://t.co/tjOy7OJCri https://t.…",Negative,66.2200,general,general,,Twitter
Dallas16,Authorized,32.865482,-96.805688,5960 W Northwest Hwy,75225,Sun Oct 23 22:11:56 +0000 2016,RT @ATT: Welcome to the team! @taylorswift13 https://t.co/4h86nLYuLo https://t.co/gAHOi7fPrZ,Positive,84.3125,general,general,,Twitter
Dallas16,Authorized,32.865482,-96.805688,5960 W Northwest Hwy,75225,Sun Oct 23 22:08:20 +0000 2016,"RT @ATT: Mother Nature is unpredictable, so we rely on our Network Disaster Recovery team to connect you when you need it most. https://t.c…",Positive,77.2863,general,general,,Twitter
Dallas16,Authorized,32.865482,-96.805688,5960 W Northwest Hwy,75225,Sun Oct 23 22:08:06 +0000 2016,RT @ATT: Welcome to the team! @taylorswift13 https://t.co/4h86nLYuLo https://t.co/gAHOi7fPrZ,Positive,84.3125,general,general,,Twitter
Dallas16,Authorized,32.865482,-96.805688,5960 W Northwest Hwy,75225,Sun Oct 23 22:07:05 +0000 2016,"RT @dallasnews: Trump gets litigious, AT&amp;T gets bigger, @TomiLahren wins bigly: Your weekend news digest https://t.co/tjOy7OJCri https://t.…",Negative,66.2200,general,general,,Twitter
Dallas16,Authorized,32.865482,-96.805688,5960 W Northwest Hwy,75225,Sun Oct 23 22:06:51 +0000 2016,RT @ATT: The #futureofvideo is mobile and the #futureofmobile is video. Time Warner + AT&amp;T make it happen! @twxcorp https://t.co/GKx4U9TQYg,Neutral,56.0321,general,general,,Twitter
Dallas16,Authorized,32.865482,-96.805688,5960 W Northwest Hwy,75225,Sun Oct 23 22:01:31 +0000 2016,AT&amp;T CEO pledges journalistic independence for CNN https://t.co/OEG9LsIR12,Neutral,50.0000,general,general,,Twitter
Dallas16,Authorized,32.865482,-96.805688,5960 W Northwest Hwy,75225,Sun Oct 23 21:56:10 +0000 2016,"RT @dallasnews: Trump gets litigious, AT&amp;T gets bigger, @TomiLahren wins bigly: Your weekend news digest https://t.co/tjOy7OJCri https://t.…",Negative,66.2200,general,general,,Twitter
Dallas16,Authorized,32.865482,-96.805688,5960 W Northwest Hwy,75225,Sun Oct 23 21:52:45 +0000 2016,"RT @dallasnews: Trump gets litigious, AT&amp;T gets bigger, @TomiLahren wins bigly: Your weekend news digest https://t.co/tjOy7OJCri https://t.…",Negative,66.2200,general,general,,Twitter
Dallas16,Authorized,32.865482,-96.805688,5960 W Northwest Hwy,75225,Sun Oct 23 21:51:36 +0000 2016,RT @ATT: The #futureofvideo is mobile and the #futureofmobile is video. Time Warner + AT&amp;T make it happen! @twxcorp https://t.co/GKx4U9TQYg,Neutral,56.0321,general,general,,Twitter
Dallas16,Authorized,32.865482,-96.805688,5960 W Northwest Hwy,75225,Sun Oct 23 21:50:45 +0000 2016,"RT @dallasnews: Trump gets litigious, AT&amp;T gets bigger, @TomiLahren wins bigly: Your weekend news digest https://t.co/tjOy7OJCri https://t.…",Negative,66.2200,general,general,,Twitter
Dallas16,Authorized,32.865482,-96.805688,5960 W Northwest Hwy,75225,Sun Oct 23 21:46:59 +0000 2016,"RT @dallasnews: Trump gets litigious, AT&amp;T gets bigger, @TomiLahren wins bigly: Your weekend news digest https://t.co/tjOy7OJCri https://t.…",Negative,66.2200,general,general,,Twitter
Dallas16,Authorized,32.865482,-96.805688,5960 W Northwest Hwy,75225,Sun Oct 23 21:39:12 +0000 2016,RT @ATT: The #futureofvideo is mobile and the #futureofmobile is video. Time Warner + AT&amp;T make it happen! @twxcorp https://t.co/GKx4U9TQYg,Neutral,56.0321,general,general,,Twitter
Dallas16,Authorized,32.865482,-96.805688,5960 W Northwest Hwy,75225,Sun Oct 23 21:37:35 +0000 2016,"RT @ATT: Mother Nature is unpredictable, so we rely on our Network Disaster Recovery team to connect you when you need it most. https://t.c…",Positive,77.2863,general,general,,Twitter
Dallas16,Authorized,32.865482,-96.805688,5960 W Northwest Hwy,75225,Sun Oct 23 21:35:49 +0000 2016,RT @ATT: Welcome to the team! @taylorswift13 https://t.co/4h86nLYuLo https://t.co/gAHOi7fPrZ,Positive,84.3125,general,general,,Twitter
Dallas16,Authorized,32.865482,-96.805688,5960 W Northwest Hwy,75225,Sun Oct 23 21:33:10 +0000 2016,RT @ATT: Welcome to the team! @taylorswift13 https://t.co/4h86nLYuLo https://t.co/gAHOi7fPrZ,Positive,84.3125,general,general,,Twitter
Dallas16,Authorized,32.865482,-96.805688,5960 W Northwest Hwy,75225,Sun Oct 23 21:33:07 +0000 2016,RT @attJOBS: Hear from Kristin how our Business Sales Leadership Development Program led to her successful career: https://t.co/aitAtDInv5…,Positive,88.5471,general,general,,Twitter
Dallas16,Authorized,32.865482,-96.805688,5960 W Northwest Hwy,75225,Sun Oct 23 21:29:50 +0000 2016,"RT @ATT: Mother Nature is unpredictable, so we rely on our Network Disaster Recovery team to connect you when you need it most. https://t.c…",Positive,77.2863,general,general,,Twitter
Dallas16,Authorized,32.865482,-96.805688,5960 W Northwest Hwy,75225,Sun Oct 23 21:26:54 +0000 2016,"RT @dallasnews: Trump gets litigious, AT&amp;T gets bigger, @TomiLahren wins bigly: Your weekend news digest https://t.co/tjOy7OJCri https://t.…",Negative,66.2200,general,general,,Twitter
Dallas16,Authorized,32.865482,-96.805688,5960 W Northwest Hwy,75225,Sun Oct 23 21:21:34 +0000 2016,"@pandadeer Yea, a lot of people have cut the cord in general for that reason. If you have a friend with DirecTV though you can probably",Negative,68.8912,directv,general,,Twitter
Dallas16,Authorized,32.865482,-96.805688,5960 W Northwest Hwy,75225,Sun Oct 23 21:17:07 +0000 2016,"RT @attJOBS: Our colleagues in Europe, the Middle East &amp; Asia are spreading the @ATT Aspire mission around the globe: https://t.co/ypGzlddr…",Positive,86.8800,general,general,,Twitter
Dallas16,Authorized,32.865482,-96.805688,5960 W Northwest Hwy,75225,Sun Oct 23 21:16:57 +0000 2016,RT @RickTweetTweet: Breaking News!!! AT&amp;T to Acquire Time Warner! My family just got bigger! #LifeAtATT  #TimeWarner https://t.co/RUAJa5ciO…,Positive,81.6545,general,general,,Twitter
Dallas16,Authorized,32.865482,-96.805688,5960 W Northwest Hwy,75225,Sun Oct 23 21:09:39 +0000 2016,RT @ATT: Get a sweet deal on the new iPhone 7 when you switch to AT&amp;T and have DIRECTV. https://t.co/TQVeUkmeZ6 https://t.co/zfZmNpe8AP,Positive,98.0584,directv,general,,Twitter
Dallas16,Authorized,32.865482,-96.805688,5960 W Northwest Hwy,75225,Sun Oct 23 21:06:11 +0000 2016,"RT @dallasnews: Trump gets litigious, AT&amp;T gets bigger, @TomiLahren wins bigly: Your weekend news digest https://t.co/tjOy7OJCri https://t.…",Negative,66.2200,general,general,,Twitter
Dallas16,Authorized,32.865482,-96.805688,5960 W Northwest Hwy,75225,Sun Oct 23 21:04:44 +0000 2016,RT @ATT: The #futureofvideo is mobile and the #futureofmobile is video. Time Warner + AT&amp;T make it happen! @twxcorp https://t.co/GKx4U9TQYg,Neutral,56.0321,general,general,,Twitter
Dallas16,Authorized,32.865482,-96.805688,5960 W Northwest Hwy,75225,Sun Oct 23 21:03:36 +0000 2016,RT @ATT: Welcome to the team! @taylorswift13 https://t.co/4h86nLYuLo https://t.co/gAHOi7fPrZ,Positive,84.3125,general,general,,Twitter
Dallas16,Authorized,32.865482,-96.805688,5960 W Northwest Hwy,75225,Sun Oct 23 20:59:06 +0000 2016,RT @ATT: The #futureofvideo is mobile and the #futureofmobile is video. Time Warner + AT&amp;T make it happen! @twxcorp https://t.co/GKx4U9TQYg,Neutral,56.0321,general,general,,Twitter
Dallas16,Authorized,32.865482,-96.805688,5960 W Northwest Hwy,75225,Sun Oct 23 20:56:36 +0000 2016,RT @ATT: Welcome to the team! @taylorswift13 https://t.co/4h86nLYuLo https://t.co/gAHOi7fPrZ,Positive,84.3125,general,general,,Twitter
Dallas16,Authorized,32.865482,-96.805688,5960 W Northwest Hwy,75225,Sun Oct 23 20:56:02 +0000 2016,"RT @dallasnews: Trump gets litigious, AT&amp;T gets bigger, @TomiLahren wins bigly: Your weekend news digest https://t.co/tjOy7OJCri https://t.…",Negative,66.2200,general,general,,Twitter
Dallas16,Authorized,32.865482,-96.805688,5960 W Northwest Hwy,75225,Sun Oct 23 20:55:56 +0000 2016,"RT @ATT: Mother Nature is unpredictable, so we rely on our Network Disaster Recovery team to connect you when you need it most. https://t.c…",Positive,77.2863,general,general,,Twitter
Dallas16,Authorized,32.865482,-96.805688,5960 W Northwest Hwy,75225,Sun Oct 23 20:55:40 +0000 2016,RT @ATT: Welcome to the team! @taylorswift13 https://t.co/4h86nLYuLo https://t.co/gAHOi7fPrZ,Positive,84.3125,general,general,,Twitter
Dallas16,Authorized,32.865482,-96.805688,5960 W Northwest Hwy,75225,Sun Oct 23 20:54:24 +0000 2016,"RT @ATT: Mother Nature is unpredictable, so we rely on our Network Disaster Recovery team to connect you when you need it most. https://t.c…",Positive,77.2863,general,general,,Twitter
Dallas16,Authorized,32.865482,-96.805688,5960 W Northwest Hwy,75225,Sun Oct 23 20:53:00 +0000 2016,"Mother Nature is unpredictable, so we rely on our Network Disaster Recovery team to connect you when you need it mo… https://t.co/cZ6v6MCjzG",Positive,74.2092,general,general,,Twitter
Dallas16,Authorized,32.865482,-96.805688,5960 W Northwest Hwy,75225,Sun Oct 23 20:42:39 +0000 2016,"And @Uverse &gt; @GetSpectrum/@TWC - Customer service has been top notch, I'm paying the same for so much more content and features.",Positive,91.2467,uverse,general,,Twitter
Dallas16,Authorized,32.865482,-96.805688,5960 W Northwest Hwy,75225,Sun Oct 23 20:37:50 +0000 2016,"Not the @dallasnews I remember. Seriously folks, who cares about the ATT merger. We want @SMU on the front page! #PonyUpTempo",Neutral,55.0459,general,general,,Twitter
Dallas16,Authorized,32.865482,-96.805688,5960 W Northwest Hwy,75225,Sun Oct 23 20:30:27 +0000 2016,RT @ATT: The #futureofvideo is mobile and the #futureofmobile is video. Time Warner + AT&amp;T make it happen! @twxcorp https://t.co/GKx4U9TQYg,Neutral,56.0321,general,general,,Twitter
Dallas16,Authorized,32.865482,-96.805688,5960 W Northwest Hwy,75225,Fri Oct 21 00:22:53 +0000 2016,RT @Uverse: RT if you're on your feet doing the time warp! It's just a jump to the left. #RockyHorror,Negative,93.2312,uverse,general,,Twitter
Dallas16,Authorized,32.865482,-96.805688,5960 W Northwest Hwy,75225,Fri Oct 21 00:10:34 +0000 2016,RT @Uverse: Oh Brad! #RockyHorror https://t.co/tqNGljYdMU,Neutral,60.9928,uverse,general,,Twitter
Dallas16,Authorized,32.865482,-96.805688,5960 W Northwest Hwy,75225,Fri Oct 21 00:07:55 +0000 2016,RT @ATT: RT if you’ll be doing the time warp with Frank N. Furter and the gang tonight during @RockyHorrorFOX at 8/7 on @FOXTV. #RockyHorro…,Positive,65.1636,general,general,,Twitter
Dallas16,Authorized,32.865482,-96.805688,5960 W Northwest Hwy,75225,Fri Oct 21 00:02:58 +0000 2016,RT @ATT: AT&amp;T #Fiber - The future of the internet is now! Starting with a 1000 Mbps connection. https://t.co/Rw8zxmVDRY,Positive,84.1944,fiber,general,,Twitter
Dallas16,Authorized,32.865482,-96.805688,5960 W Northwest Hwy,75225,Fri Oct 21 00:01:34 +0000 2016,RT @ATT: AT&amp;T #Fiber - The future of the internet is now! Starting with a 1000 Mbps connection. https://t.co/Rw8zxmVDRY,Positive,84.1944,fiber,general,,Twitter
Dallas16,Authorized,32.865482,-96.805688,5960 W Northwest Hwy,75225,Thu Oct 20 23:56:07 +0000 2016,RT @ATT: Welcome to the team! @taylorswift13 https://t.co/4h86nLYuLo https://t.co/gAHOi7fPrZ,Positive,84.3125,general,general,,Twitter
Dallas16,Authorized,32.865482,-96.805688,5960 W Northwest Hwy,75225,Thu Oct 20 23:40:46 +0000 2016,RT @ATT: RT if you’ll be doing the time warp with Frank N. Furter and the gang tonight during @RockyHorrorFOX at 8/7 on @FOXTV. #RockyHorro…,Positive,65.1636,general,general,,Twitter
Dallas16,Authorized,32.865482,-96.805688,5960 W Northwest Hwy,75225,Thu Oct 20 23:25:49 +0000 2016,RT @Uverse: Who else is watching The #RockyHorrorPictureShowLIVE on @FOX? Tweet along as we do the ⏰ warp again. https://t.co/0Sztr7Ehil,Neutral,61.3198,uverse,general,,Twitter
Dallas16,Authorized,32.865482,-96.805688,5960 W Northwest Hwy,75225,Thu Oct 20 23:18:39 +0000 2016,RT @ATT: Get a sweet deal on the new iPhone 7 when you switch to AT&amp;T and have DIRECTV. https://t.co/TQVeUkmeZ6 https://t.co/zfZmNpe8AP,Positive,98.0584,directv,general,,Twitter
Dallas16,Authorized,32.865482,-96.805688,5960 W Northwest Hwy,75225,Thu Oct 20 23:06:07 +0000 2016,RT @ATT: RT if you’ll be doing the time warp with Frank N. Furter and the gang tonight during @RockyHorrorFOX at 8/7 on @FOXTV. #RockyHorro…,Positive,65.1636,general,general,,Twitter
Dallas16,Authorized,32.865482,-96.805688,5960 W Northwest Hwy,75225,Thu Oct 20 23:04:43 +0000 2016,Dear @ATT I need customer service please have someone contact me. RE Cell &amp; UVerse,Negative,75.2120,uverse,general,,Twitter
Dallas16,Authorized,32.865482,-96.805688,5960 W Northwest Hwy,75225,Thu Oct 20 23:04:39 +0000 2016,RT @ATT: .@BinghamDb and @indicowie go undercover at an @MLS game…and you just have to watch the rest: https://t.co/fGvGIRRfFj https://t.co…,Negative,74.0062,general,general,,Twitter
Dallas16,Authorized,32.865482,-96.805688,5960 W Northwest Hwy,75225,Thu Oct 20 23:02:51 +0000 2016,RT @ATT: RT if you’ll be doing the time warp with Frank N. Furter and the gang tonight during @RockyHorrorFOX at 8/7 on @FOXTV. #RockyHorro…,Positive,65.1636,general,general,,Twitter
Dallas16,Authorized,32.865482,-96.805688,5960 W Northwest Hwy,75225,Thu Oct 20 23:01:41 +0000 2016,RT @ATT: Get a sweet deal on the new iPhone 7 when you switch to AT&amp;T and have DIRECTV. https://t.co/TQVeUkmeZ6 https://t.co/zfZmNpe8AP,Positive,98.0584,directv,general,,Twitter
Dallas16,Authorized,32.865482,-96.805688,5960 W Northwest Hwy,75225,Thu Oct 20 23:00:43 +0000 2016,RT @ATT: RT if you’ll be doing the time warp with Frank N. Furter and the gang tonight during @RockyHorrorFOX at 8/7 on @FOXTV. #RockyHorro…,Positive,65.1636,general,general,,Twitter
Dallas16,Authorized,32.865482,-96.805688,5960 W Northwest Hwy,75225,Thu Oct 20 22:55:42 +0000 2016,RT @ATT: RT if you’ll be doing the time warp with Frank N. Furter and the gang tonight during @RockyHorrorFOX at 8/7 on @FOXTV. #RockyHorro…,Positive,65.1636,general,general,,Twitter
Dallas16,Authorized,32.865482,-96.805688,5960 W Northwest Hwy,75225,Thu Oct 20 22:50:42 +0000 2016,RT @ATT: RT if you’ll be doing the time warp with Frank N. Furter and the gang tonight during @RockyHorrorFOX at 8/7 on @FOXTV. #RockyHorro…,Positive,65.1636,general,general,,Twitter
Dallas16,Authorized,32.865482,-96.805688,5960 W Northwest Hwy,75225,Thu Oct 20 22:39:36 +0000 2016,RT @ATT: RT if you’ll be doing the time warp with Frank N. Furter and the gang tonight during @RockyHorrorFOX at 8/7 on @FOXTV. #RockyHorro…,Positive,65.1636,general,general,,Twitter
Dallas16,Authorized,32.865482,-96.805688,5960 W Northwest Hwy,75225,Thu Oct 20 22:36:05 +0000 2016,"RT @dallasnews: #BREAKING: Dallas-based @ATT, TimeWarner (@twxcorp) discussed a takeover in recent weeks https://t.co/WgKs53DzV1 $twx $t ht…",Neutral,57.9360,general,general,,Twitter
Dallas16,Authorized,32.865482,-96.805688,5960 W Northwest Hwy,75225,Thu Oct 20 22:30:40 +0000 2016,RT @ATT: RT if you’ll be doing the time warp with Frank N. Furter and the gang tonight during @RockyHorrorFOX at 8/7 on @FOXTV. #RockyHorro…,Positive,65.1636,general,general,,Twitter
Dallas16,Authorized,32.865482,-96.805688,5960 W Northwest Hwy,75225,Thu Oct 20 22:00:56 +0000 2016,RT @ATT: Welcome to the team! @taylorswift13 https://t.co/4h86nLYuLo https://t.co/gAHOi7fPrZ,Positive,84.3125,general,general,,Twitter
Dallas16,Authorized,32.865482,-96.805688,5960 W Northwest Hwy,75225,Thu Oct 20 21:53:02 +0000 2016,"RT @ATT: See how you can get up to $650 in credits with AT&amp;T.
https://t.co/qJML2cmv5a",Negative,62.5517,general,general,,Twitter
Dallas16,Authorized,32.865482,-96.805688,5960 W Northwest Hwy,75225,Thu Oct 20 21:41:51 +0000 2016,"RT @ATT: #FootballEverywhere, 🍕, @SamsungMobile + @AnthonyAnderson = an epic game day! Watch the full video here: https://t.co/nEg01DkjCB h…",Neutral,51.3846,general,general,,Twitter
Dallas16,Authorized,32.865482,-96.805688,5960 W Northwest Hwy,75225,Thu Oct 20 21:41:32 +0000 2016,RT @ATT: Heading to Cuba? Take your phone along for the trip + stay connected to those back home. https://t.co/euhz4Z6Zbb https://t.co/AiPS…,Neutral,50.8130,general,general,,Twitter
Dallas16,Authorized,32.865482,-96.805688,5960 W Northwest Hwy,75225,Thu Oct 20 21:34:04 +0000 2016,RT @ATT: Get a sweet deal on the new iPhone 7 when you switch to AT&amp;T and have DIRECTV. https://t.co/TQVeUkmeZ6 https://t.co/zfZmNpe8AP,Positive,98.0584,directv,general,,Twitter
Dallas16,Authorized,32.865482,-96.805688,5960 W Northwest Hwy,75225,Thu Oct 20 21:11:27 +0000 2016,@ATT #iHeartGreenDay #iHeartContest,Neutral,50.0000,general,general,,Twitter
Dallas16,Authorized,32.865482,-96.805688,5960 W Northwest Hwy,75225,Thu Oct 20 21:08:48 +0000 2016,@iHeartRadio @GreenDay @ATT #iHeartGreenDay #iHeartContest,Neutral,50.0000,general,general,,Twitter
Dallas16,Authorized,32.865482,-96.805688,5960 W Northwest Hwy,75225,Thu Oct 20 21:06:42 +0000 2016,@ATTCares - Get this error when trying to activate @HBO Go on Android TV. https://t.co/kfTYirsGgW,Negative,77.6519,general,general,,Twitter
Dallas16,Authorized,32.865482,-96.805688,5960 W Northwest Hwy,75225,Thu Oct 20 20:55:24 +0000 2016,"RT @dallasnews: #BREAKING: Dallas-based @ATT, TimeWarner (@twxcorp) discussed a takeover in recent weeks https://t.co/WgKs53DzV1 $twx $t ht…",Neutral,57.9360,general,general,,Twitter
Dallas16,Authorized,32.865482,-96.805688,5960 W Northwest Hwy,75225,Thu Oct 20 20:39:02 +0000 2016,"RT @dallasnews: #BREAKING: Dallas-based @ATT, TimeWarner (@twxcorp) discussed a takeover in recent weeks https://t.co/WgKs53DzV1 $twx $t ht…",Neutral,57.9360,general,general,,Twitter
Dallas16,Authorized,32.865482,-96.805688,5960 W Northwest Hwy,75225,Thu Oct 20 20:38:30 +0000 2016,"RT @dallasnews: #BREAKING: Dallas-based @ATT, TimeWarner (@twxcorp) discussed a takeover in recent weeks https://t.co/WgKs53DzV1 $twx $t ht…",Neutral,57.9360,general,general,,Twitter
Dallas16,Authorized,32.865482,-96.805688,5960 W Northwest Hwy,75225,Thu Oct 20 20:38:24 +0000 2016,"RT @dallasnews: #BREAKING: Dallas-based @ATT, TimeWarner (@twxcorp) discussed a takeover in recent weeks https://t.co/WgKs53DzV1 $twx $t ht…",Neutral,57.9360,general,general,,Twitter
Dallas16,Authorized,32.865482,-96.805688,5960 W Northwest Hwy,75225,Thu Oct 20 20:33:01 +0000 2016,"RT @dallasnews: #BREAKING: Dallas-based @ATT, TimeWarner (@twxcorp) discussed a takeover in recent weeks https://t.co/WgKs53DzV1 $twx $t ht…",Neutral,57.9360,general,general,,Twitter
Dallas16,Authorized,32.865482,-96.805688,5960 W Northwest Hwy,75225,Thu Oct 20 20:29:09 +0000 2016,"RT @dallasnews: #BREAKING: Dallas-based @ATT, TimeWarner (@twxcorp) discussed a takeover in recent weeks https://t.co/WgKs53DzV1 $twx $t ht…",Neutral,57.9360,general,general,,Twitter
Dallas16,Authorized,32.865482,-96.805688,5960 W Northwest Hwy,75225,Thu Oct 20 20:28:54 +0000 2016,"RT @dallasnews: #BREAKING: Dallas-based @ATT, TimeWarner (@twxcorp) discussed a takeover in recent weeks https://t.co/WgKs53DzV1 $twx $t ht…",Neutral,57.9360,general,general,,Twitter
Dallas16,Authorized,32.865482,-96.805688,5960 W Northwest Hwy,75225,Thu Oct 20 20:27:51 +0000 2016,"#BREAKING: Dallas-based @ATT, TimeWarner (@twxcorp) discussed a takeover in recent weeks https://t.co/WgKs53DzV1… https://t.co/hbwnTVcB5g",Neutral,57.9360,general,general,,Twitter
Dallas16,Authorized,32.865482,-96.805688,5960 W Northwest Hwy,75225,Thu Oct 20 20:25:49 +0000 2016,"Dallas-based @ATT, TimeWarner (@twxcorp) discussed a takeover in recent weeks https://t.co/oHHLVaAY0m $twx $t https://t.co/pUAUTV1zEH",Neutral,57.9360,general,general,,Twitter
Dallas16,Authorized,32.865482,-96.805688,5960 W Northwest Hwy,75225,Thu Oct 20 20:19:35 +0000 2016,RT @ATT: Welcome to the team! @taylorswift13 https://t.co/4h86nLYuLo https://t.co/gAHOi7fPrZ,Positive,84.3125,general,general,,Twitter
Dallas16,Authorized,32.865482,-96.805688,5960 W Northwest Hwy,75225,Thu Oct 20 20:19:32 +0000 2016,RT @ATT: AT&amp;T #Fiber - The future of the internet is now! Starting with a 1000 Mbps connection. https://t.co/gptqILMHmT,Positive,84.1944,fiber,general,,Twitter
Dallas16,Authorized,32.865482,-96.805688,5960 W Northwest Hwy,75225,Thu Oct 20 20:19:12 +0000 2016,RT @ATT: AT&amp;T #Fiber - The future of the internet is now! Starting with a 1000 Mbps connection. https://t.co/ELBHHMfflF,Positive,84.1944,fiber,general,,Twitter
Dallas16,Authorized,32.865482,-96.805688,5960 W Northwest Hwy,75225,Thu Oct 20 19:59:08 +0000 2016,RT @ATT: .@BinghamDb and @indicowie go undercover at an @MLS game…and you just have to watch the rest: https://t.co/fGvGIRRfFj https://t.co…,Negative,74.0062,general,general,,Twitter
Dallas16,Authorized,32.865482,-96.805688,5960 W Northwest Hwy,75225,Thu Oct 20 19:53:50 +0000 2016,RT @ATT: .@BinghamDb and @indicowie go undercover at an @MLS game…and you just have to watch the rest: https://t.co/fGvGIRRfFj https://t.co…,Negative,74.0062,general,general,,Twitter
Dallas16,Authorized,32.865482,-96.805688,5960 W Northwest Hwy,75225,Thu Oct 20 19:40:05 +0000 2016,RT @ATT: AT&amp;T #Fiber - The future of the internet is now! Starting with a 1000 Mbps connection. https://t.co/gptqILMHmT,Positive,84.1944,fiber,general,,Twitter
Dallas16,Authorized,32.865482,-96.805688,5960 W Northwest Hwy,75225,Thu Oct 20 19:39:00 +0000 2016,RT @ATT: Who made you a college 🏈 fan? Share with #MadeMeAFanContest for a chance to win. Rules https://t.co/hU3I3wFn5V https://t.co/xZbxUJ…,Positive,88.9294,general,general,,Twitter
Dallas16,Authorized,32.865482,-96.805688,5960 W Northwest Hwy,75225,Thu Oct 20 19:35:00 +0000 2016,RT @ATT: AT&amp;T #Fiber - The future of the internet is now! Starting with a 1000 Mbps connection. https://t.co/gptqILMHmT,Positive,84.1944,fiber,general,,Twitter
Dallas16,Authorized,32.865482,-96.805688,5960 W Northwest Hwy,75225,Thu Oct 20 19:33:51 +0000 2016,RT @ATT: Welcome to the team! @taylorswift13 https://t.co/4h86nLYuLo https://t.co/gAHOi7fPrZ,Positive,84.3125,general,general,,Twitter
Dallas16,Authorized,32.865482,-96.805688,5960 W Northwest Hwy,75225,Thu Oct 20 19:22:41 +0000 2016,RT @ATT: Welcome to the team! @taylorswift13 https://t.co/4h86nLYuLo https://t.co/gAHOi7fPrZ,Positive,84.3125,general,general,,Twitter
Dallas16,Authorized,32.865482,-96.805688,5960 W Northwest Hwy,75225,Thu Oct 20 19:11:29 +0000 2016,RT @ATT: .@BinghamDb and @indicowie go undercover at an @MLS game…and you just have to watch the rest: https://t.co/fGvGIRRfFj https://t.co…,Negative,74.0062,general,general,,Twitter
Dallas16,Authorized,32.865482,-96.805688,5960 W Northwest Hwy,75225,Thu Oct 20 18:41:06 +0000 2016,RT @ATT: Are you ready for the revolution? Watch the @GreenDay @iHeartRadio Album Release Party now. #iHeartGreenDay https://t.co/ec2gZXKu7U,Neutral,59.0894,general,general,,Twitter
Dallas16,Authorized,32.865482,-96.805688,5960 W Northwest Hwy,75225,Thu Oct 20 18:34:11 +0000 2016,RT @ATT: Welcome to the team! @taylorswift13 https://t.co/4h86nLYuLo https://t.co/gAHOi7fPrZ,Positive,84.3125,general,general,,Twitter
Dallas16,Authorized,32.865482,-96.805688,5960 W Northwest Hwy,75225,Thu Oct 20 18:10:21 +0000 2016,RT @ATT: AT&amp;T #Fiber - The future of the internet is now! Starting with a 1000 Mbps connection. https://t.co/Rw8zxmVDRY,Positive,84.1944,fiber,general,,Twitter
Dallas16,Authorized,32.865482,-96.805688,5960 W Northwest Hwy,75225,Thu Oct 20 17:21:54 +0000 2016,RT @ATT: Welcome to the team! @taylorswift13 https://t.co/4h86nLYuLo https://t.co/gAHOi7fPrZ,Positive,84.3125,general,general,,Twitter
Dallas16,Authorized,32.865482,-96.805688,5960 W Northwest Hwy,75225,Thu Oct 20 17:15:06 +0000 2016,RT @ATT: AT&amp;T #Fiber - The future of the internet is now! Starting with a 1000 Mbps connection. https://t.co/gptqILMHmT,Positive,84.1944,fiber,general,,Twitter
Dallas16,Authorized,32.865482,-96.805688,5960 W Northwest Hwy,75225,Thu Oct 20 16:56:45 +0000 2016,RT @ATT: @tayIorhq We’ll be giving away lots of tickets to fans and AT&amp;T customers soon. We’ll share details later.,Positive,90.0816,general,general,,Twitter
Dallas16,Authorized,32.865482,-96.805688,5960 W Northwest Hwy,75225,Thu Oct 20 16:40:01 +0000 2016,RT @ATT: Welcome to the team! @taylorswift13 https://t.co/4h86nLYuLo https://t.co/gAHOi7fPrZ,Positive,84.3125,general,general,,Twitter
Dallas16,Authorized,32.865482,-96.805688,5960 W Northwest Hwy,75225,Thu Oct 20 16:31:47 +0000 2016,.@TWC and .@att :  If you add any channel/partnership with #TrumpTVN I will cancel my service &amp; convince everyone I know to do likewise,Negative,86.4104,general,general,,Twitter
Dallas16,Authorized,32.865482,-96.805688,5960 W Northwest Hwy,75225,Thu Oct 20 16:28:14 +0000 2016,"200 patents during Dale's career @ATT. Thanks to him, I just used my phone to set my @DIRECTV DVR for @insecurehbo! 
https://t.co/4pQWCjnAfn",Positive,79.7305,directv,general,,Twitter
Dallas16,Authorized,32.865482,-96.805688,5960 W Northwest Hwy,75225,Thu Oct 20 15:55:06 +0000 2016,RT @ATT: Welcome to the team! @taylorswift13 https://t.co/4h86nLYuLo https://t.co/gAHOi7fPrZ,Positive,84.3125,general,general,,Twitter
Dallas16,Authorized,32.865482,-96.805688,5960 W Northwest Hwy,75225,Thu Oct 20 15:54:17 +0000 2016,RT @ATT: Who made you a college 🏈 fan? Share with #MadeMeAFanContest for a chance to win. Rules https://t.co/hU3I3wFn5V https://t.co/xZbxUJ…,Positive,88.9294,general,general,,Twitter
Dallas16,Authorized,32.865482,-96.805688,5960 W Northwest Hwy,75225,Thu Oct 20 15:36:20 +0000 2016,RT @ATT: Get a sweet deal on the new iPhone 7 when you switch to AT&amp;T and have DIRECTV. https://t.co/TQVeUkmeZ6 https://t.co/zfZmNpe8AP,Positive,98.0584,directv,general,,Twitter
Dallas16,Authorized,32.865482,-96.805688,5960 W Northwest Hwy,75225,Thu Oct 20 15:23:45 +0000 2016,RT @ATT: Get a sweet deal on the new iPhone 7 when you switch to AT&amp;T and have DIRECTV. https://t.co/TQVeUkmeZ6 https://t.co/zfZmNpe8AP,Positive,98.0584,directv,general,,Twitter
Dallas16,Authorized,32.865482,-96.805688,5960 W Northwest Hwy,75225,Thu Oct 20 15:23:28 +0000 2016,RT @ATT: AT&amp;T #Fiber - The future of the internet is now! Starting with a 1000 Mbps connection. https://t.co/oZ1julCt3F,Positive,84.1944,fiber,general,,Twitter
Dallas16,Authorized,32.865482,-96.805688,5960 W Northwest Hwy,75225,Thu Oct 20 15:10:07 +0000 2016,RT @ATT: Who made you a college 🏈 fan? Share with #MadeMeAFanContest for a chance to win. Rules https://t.co/hU3I3wFn5V https://t.co/xZbxUJ…,Positive,88.9294,general,general,,Twitter
Dallas16,Authorized,32.865482,-96.805688,5960 W Northwest Hwy,75225,Thu Oct 20 15:09:56 +0000 2016,"@JohnSmiith_WD @ATT Sadly, that seems to be the trend. The price is going to have to drop considerably for me to consider gigapower.",Negative,95.7697,general,general,,Twitter
Dallas16,Authorized,32.865482,-96.805688,5960 W Northwest Hwy,75225,Thu Oct 20 15:08:57 +0000 2016,RT @ATT: AT&amp;T #Fiber - The future of the internet is now! Starting with a 1000 Mbps connection. https://t.co/oZ1julCt3F,Positive,84.1944,fiber,general,,Twitter
Dallas16,Authorized,32.865482,-96.805688,5960 W Northwest Hwy,75225,Thu Oct 20 15:06:37 +0000 2016,"Macs are cheaper for businesses, and even IBM says so https://t.co/HAy58slizz via @Recode #ATT @att",Negative,87.3886,general,general,,Twitter
Dallas16,Authorized,32.865482,-96.805688,5960 W Northwest Hwy,75225,Thu Oct 20 15:05:58 +0000 2016,RT @ATT: Who made you a college 🏈 fan? Share with #MadeMeAFanContest for a chance to win. Rules https://t.co/hU3I3wFn5V https://t.co/xZbxUJ…,Positive,88.9294,general,general,,Twitter
Dallas16,Authorized,32.865482,-96.805688,5960 W Northwest Hwy,75225,Thu Oct 20 14:52:34 +0000 2016,"@DIRECTV @DIRECTVSports @DIRECTVService Where is NBA League Pass? It's usually available in preseason, regular season starts in 5 days!",Positive,82.2735,directv,general,,Twitter
Dallas16,Authorized,32.865482,-96.805688,5960 W Northwest Hwy,75225,Thu Oct 20 14:17:40 +0000 2016,RT @ATT: Heading to Cuba? Take your phone along for the trip + stay connected to those back home. https://t.co/euhz4Z6Zbb https://t.co/AiPS…,Neutral,50.8130,general,general,,Twitter
Dallas16,Authorized,32.865482,-96.805688,5960 W Northwest Hwy,75225,Thu Oct 20 14:17:05 +0000 2016,RT @ATT: Welcome to the team! @taylorswift13 https://t.co/4h86nLYuLo https://t.co/gAHOi7fPrZ,Positive,84.3125,general,general,,Twitter
Dallas16,Authorized,32.865482,-96.805688,5960 W Northwest Hwy,75225,Thu Oct 20 14:12:19 +0000 2016,RT @ATT: Welcome to the team! @taylorswift13 https://t.co/4h86nLYuLo https://t.co/gAHOi7fPrZ,Positive,84.3125,general,general,,Twitter
Dallas16,Authorized,32.865482,-96.805688,5960 W Northwest Hwy,75225,Thu Oct 20 14:12:10 +0000 2016,.@ATT Executive Shares Experience with #Marketing Students at @udallascob@UofDallas https://t.co/rg4EdIcla4 https://t.co/SNPagCOect,Positive,71.6012,general,store experience,,Twitter
Dallas16,Authorized,32.865482,-96.805688,5960 W Northwest Hwy,75225,Thu Oct 20 14:03:30 +0000 2016,RT @ATT: Get a sweet deal on the new iPhone 7 when you switch to AT&amp;T and have DIRECTV. https://t.co/TQVeUkmeZ6 https://t.co/zfZmNpe8AP,Positive,98.0584,directv,general,,Twitter
Dallas16,Authorized,32.865482,-96.805688,5960 W Northwest Hwy,75225,Thu Oct 20 14:00:58 +0000 2016,RT @ATT: Welcome to the team! @taylorswift13 https://t.co/4h86nLYuLo https://t.co/gAHOi7fPrZ,Positive,84.3125,general,general,,Twitter
Dallas16,Authorized,32.865482,-96.805688,5960 W Northwest Hwy,75225,Thu Oct 20 13:52:11 +0000 2016,"@danmacyDC Hi Dan, we're on it! Our Care team will be reaching out for more details. Look for a message from @ATTCares. Make sure to follow!",Positive,86.9706,general,general,,Twitter
Dallas16,Authorized,32.865482,-96.805688,5960 W Northwest Hwy,75225,Thu Oct 20 13:46:55 +0000 2016,RT @ATT: AT&amp;T #Fiber - The future of the internet is now! Starting with a 1000 Mbps connection. https://t.co/ELBHHMfflF,Positive,84.1944,fiber,general,,Twitter
Dallas16,Authorized,32.865482,-96.805688,5960 W Northwest Hwy,75225,Thu Oct 20 13:37:56 +0000 2016,RT @ATT: Welcome to the team! @taylorswift13 https://t.co/4h86nLYuLo https://t.co/gAHOi7fPrZ,Positive,84.3125,general,general,,Twitter
Dallas16,Authorized,32.865482,-96.805688,5960 W Northwest Hwy,75225,Thu Oct 20 13:30:03 +0000 2016,RT @ATT: @tayIorhq We’ll be giving away lots of tickets to fans and AT&amp;T customers soon. We’ll share details later.,Positive,90.0816,general,general,,Twitter
Dallas16,Authorized,32.865482,-96.805688,5960 W Northwest Hwy,75225,Thu Oct 20 13:27:52 +0000 2016,RT @ATT: Welcome to the team! @taylorswift13 https://t.co/4h86nLYuLo https://t.co/gAHOi7fPrZ,Positive,84.3125,general,general,,Twitter
Dallas16,Authorized,32.865482,-96.805688,5960 W Northwest Hwy,75225,Thu Oct 20 13:16:01 +0000 2016,"RT @ATT: Before you vote, grab the remote and tune into the final #debatenight at 8/7c. #UNLVPresDebate https://t.co/afLxTSZMLW",Neutral,51.1513,general,general,,Twitter
Dallas16,Authorized,32.865482,-96.805688,5960 W Northwest Hwy,75225,Thu Oct 20 12:37:38 +0000 2016,RT @ATT: Welcome to the team! @taylorswift13 https://t.co/4h86nLYuLo https://t.co/gAHOi7fPrZ,Positive,84.3125,general,general,,Twitter
Dallas16,Authorized,32.865482,-96.805688,5960 W Northwest Hwy,75225,Thu Oct 20 12:20:48 +0000 2016,RT @ATT: Welcome to the team! @taylorswift13 https://t.co/4h86nLYuLo https://t.co/gAHOi7fPrZ,Positive,84.3125,general,general,,Twitter
Dallas16,Authorized,32.865482,-96.805688,5960 W Northwest Hwy,75225,Thu Oct 20 11:28:01 +0000 2016,RT @ATT: Get a sweet deal on the new iPhone 7 when you switch to AT&amp;T and have DIRECTV. https://t.co/TQVeUkmeZ6 https://t.co/zfZmNpe8AP,Positive,98.0584,directv,general,,Twitter
Dallas16,Authorized,32.865482,-96.805688,5960 W Northwest Hwy,75225,Thu Oct 20 11:21:16 +0000 2016,RT @ATT: Welcome to the team! @taylorswift13 https://t.co/4h86nLYuLo https://t.co/gAHOi7fPrZ,Positive,84.3125,general,general,,Twitter
Dallas16,Authorized,32.865482,-96.805688,5960 W Northwest Hwy,75225,Thu Oct 20 10:32:03 +0000 2016,RT @ATT: Get a sweet deal on the new iPhone 7 when you switch to AT&amp;T and have DIRECTV. https://t.co/TQVeUkmeZ6 https://t.co/zfZmNpe8AP,Positive,98.0584,directv,general,,Twitter
Dallas16,Authorized,32.865482,-96.805688,5960 W Northwest Hwy,75225,Thu Oct 20 08:51:29 +0000 2016,RT @ATT: Welcome to the team! @taylorswift13 https://t.co/4h86nLYuLo https://t.co/gAHOi7fPrZ,Positive,84.3125,general,general,,Twitter
Dallas16,Authorized,32.865482,-96.805688,5960 W Northwest Hwy,75225,Thu Oct 20 08:43:52 +0000 2016,RT @ATT: Welcome to the team! @taylorswift13 https://t.co/4h86nLYuLo https://t.co/gAHOi7fPrZ,Positive,84.3125,general,general,,Twitter
Dallas16,Authorized,32.865482,-96.805688,5960 W Northwest Hwy,75225,Thu Oct 20 07:47:56 +0000 2016,RT @ATT: Welcome to the team! @taylorswift13 https://t.co/4h86nLYuLo https://t.co/gAHOi7fPrZ,Positive,84.3125,general,general,,Twitter
Dallas16,Authorized,32.865482,-96.805688,5960 W Northwest Hwy,75225,Thu Oct 20 07:44:01 +0000 2016,RT @ATT: Welcome to the team! @taylorswift13 https://t.co/4h86nLYuLo https://t.co/gAHOi7fPrZ,Positive,84.3125,general,general,,Twitter
Dallas16,Authorized,32.865482,-96.805688,5960 W Northwest Hwy,75225,Thu Oct 20 07:21:02 +0000 2016,RT @ATT: AT&amp;T #Fiber - The future of the internet is now! Starting with a 1000 Mbps connection. https://t.co/X97RSubcjw,Positive,84.1944,fiber,general,,Twitter
Dallas16,Authorized,32.865482,-96.805688,5960 W Northwest Hwy,75225,Thu Oct 20 07:10:16 +0000 2016,RT @ATT: Welcome to the team! @taylorswift13 https://t.co/4h86nLYuLo https://t.co/gAHOi7fPrZ,Positive,84.3125,general,general,,Twitter
Dallas16,Authorized,32.865482,-96.805688,5960 W Northwest Hwy,75225,Thu Oct 20 07:04:56 +0000 2016,RT @ATT: AT&amp;T #Fiber - The future of the internet is now! Starting with a 1000 Mbps connection. https://t.co/oZ1julCt3F,Positive,84.1944,fiber,general,,Twitter
Dallas16,Authorized,32.865482,-96.805688,5960 W Northwest Hwy,75225,Thu Oct 20 06:43:36 +0000 2016,RT @ATT: Get a sweet deal on the new iPhone 7 when you switch to AT&amp;T and have DIRECTV. https://t.co/TQVeUkmeZ6 https://t.co/zfZmNpe8AP,Positive,98.0584,directv,general,,Twitter
Dallas16,Authorized,32.865482,-96.805688,5960 W Northwest Hwy,75225,Thu Oct 20 06:16:08 +0000 2016,. @ATTCares fool people by giving unrealistic dates and the same phones are delivered world wide by other https://t.co/usTgcMIK7F?,Neutral,52.2796,general,general,,Twitter
Dallas16,Authorized,32.865482,-96.805688,5960 W Northwest Hwy,75225,Thu Oct 20 06:11:49 +0000 2016,Is there any chance that you thiefs will give me any of the money i paid when I ordered my phone @ATTCares ?,Negative,99.9942,general,general,,Twitter
Dallas16,Authorized,32.865482,-96.805688,5960 W Northwest Hwy,75225,Thu Oct 20 06:11:00 +0000 2016,I think its time to move on to @TMobile from @ATT Go fuck yourself @ATTCares,Positive,64.3220,general,general,,Twitter
Dallas16,Authorized,32.865482,-96.805688,5960 W Northwest Hwy,75225,Thu Oct 20 06:09:20 +0000 2016,"Hey @ATTCares , do you think you can fucking give me an estimate for my iphone 7 plus .. being almost a month since I ordered.",Negative,63.8599,general,general,,Twitter
Dallas16,Authorized,32.865482,-96.805688,5960 W Northwest Hwy,75225,Thu Oct 20 06:08:32 +0000 2016,RT @ATT: Get a sweet deal on the new iPhone 7 when you switch to AT&amp;T and have DIRECTV. https://t.co/TQVeUkmeZ6 https://t.co/zfZmNpe8AP,Positive,98.0584,directv,general,,Twitter
Dallas16,Authorized,32.865482,-96.805688,5960 W Northwest Hwy,75225,Thu Oct 20 06:02:35 +0000 2016,RT @ATT: Welcome to the team! @taylorswift13 https://t.co/4h86nLYuLo https://t.co/gAHOi7fPrZ,Positive,84.3125,general,general,,Twitter
