Dallas9,Corporate,33.009892,-96.709061,701 N Central Expy,75075,Wed Oct 26 20:28:06 +0000 2016,RT @ATT: Welcome to the team! @taylorswift13 https://t.co/4h86nLYuLo https://t.co/gAHOi7fPrZ,Positive,84.3125,general,general,,Twitter
Dallas9,Corporate,33.009892,-96.709061,701 N Central Expy,75075,Wed Oct 26 20:27:19 +0000 2016,RT @SportsDayDFW: AT&amp;T Byron Nelson moving to Dallas' Trinity Forest Golf Club ahead of schedule in 2018 https://t.co/0OcCOkkyin https://t.…,Positive,83.9594,general,general,,Twitter
Dallas9,Corporate,33.009892,-96.709061,701 N Central Expy,75075,Wed Oct 26 20:25:13 +0000 2016,RT @ATT: Who made you a college 🏈 fan? Share with #MadeMeAFanContest for a chance to win. Rules https://t.co/hU3I3wFn5V https://t.co/seJBJK…,Positive,88.9294,general,general,,Twitter
Dallas9,Corporate,33.009892,-96.709061,701 N Central Expy,75075,Wed Oct 26 20:24:58 +0000 2016,@YaShah97 @jakepimental99 @DevinRabeyHD @verizon Yes they offer unlimited if you have DirecTV,Negative,63.6819,directv,general,,Twitter
Dallas9,Corporate,33.009892,-96.709061,701 N Central Expy,75075,Wed Oct 26 20:24:38 +0000 2016,DallasBizNews: RT DBJShinneman: We've updated our story pulling together all the announcements on DirecTV Now: https://t.co/FvLpxsDzs3 $T …,Positive,70.0073,directv,general,,Twitter
Dallas9,Corporate,33.009892,-96.709061,701 N Central Expy,75075,Wed Oct 26 20:22:26 +0000 2016,RT @DBJShinneman: We've updated our story pulling together all the announcements on DirecTV Now: https://t.co/zC1rek2sli $T @DallasBizNews,Positive,70.0073,directv,general,,Twitter
Dallas9,Corporate,33.009892,-96.709061,701 N Central Expy,75075,Wed Oct 26 20:20:46 +0000 2016,Watch #Periscope: @Uverse is getting on my nerves paying for 24mb and this is what i get. @verizonfios help please https://t.co/UwT1v02RDl,Negative,69.6186,uverse,general,,Twitter
Dallas9,Corporate,33.009892,-96.709061,701 N Central Expy,75075,Wed Oct 26 20:20:44 +0000 2016,"@Snowden I guess @ATT  can do this in the interest of public safety.In a perfect world, ppl can worry less.hope ppl don't wrong n cops gud.",Positive,95.3650,general,general,,Twitter
Dallas9,Corporate,33.009892,-96.709061,701 N Central Expy,75075,Wed Oct 26 20:20:26 +0000 2016,RT @Mike_Rawlings: This is a day of celebration. Special thanks to @PGATOUR and @ATT for helping bring @attbyronnelson to Dallas. https://t…,Positive,98.3168,general,general,,Twitter
Dallas9,Corporate,33.009892,-96.709061,701 N Central Expy,75075,Wed Oct 26 20:19:52 +0000 2016,CBS Dallas: Bernie Sanders Urges Government To Kill AT&amp;T-Time Warner Merger https://t.co/5Xi1y9p96D #dallas,Neutral,57.9177,general,general,,Twitter
Dallas9,Corporate,33.009892,-96.709061,701 N Central Expy,75075,Wed Oct 26 20:19:38 +0000 2016,Bernie Sanders Urges Government To Kill AT&amp;T-Time Warner Merger https://t.co/6QXXwgkKW9 #DFW,Neutral,57.9177,general,general,,Twitter
Dallas9,Corporate,33.009892,-96.709061,701 N Central Expy,75075,Wed Oct 26 20:19:21 +0000 2016,LIVE on #Periscope: @Uverse is getting on my nerves paying for 24mbps and this is what i get. @verizonfios help ple… https://t.co/Tj3BwSUQe7,Neutral,54.9521,uverse,general,,Twitter
Dallas9,Corporate,33.009892,-96.709061,701 N Central Expy,75075,Wed Oct 26 20:19:01 +0000 2016,RT @dallasnews: The code names and secret meetings that got the #ATTTimeWarner deal done https://t.co/zQ2Cclsaxi | @Melissa_Repko https://t…,Neutral,55.1729,general,general,,Twitter
Dallas9,Corporate,33.009892,-96.709061,701 N Central Expy,75075,Wed Oct 26 20:18:44 +0000 2016,RT @tonyromo: I wanna thank @DIRECTV for allowing me to show off my true self.  ;)  embarrassing is an understatement http://t.co/F0NniFESlL,Negative,85.6134,directv,general,,Twitter
Dallas9,Corporate,33.009892,-96.709061,701 N Central Expy,75075,Wed Oct 26 20:18:29 +0000 2016,Bernie Sanders Urges Government To Kill AT&amp;T-Time Warner Merger: https://t.co/fGPDiCz2oR (Getty) https://t.co/eiTCzVjsTZ,Neutral,57.9177,general,general,,Twitter
Dallas9,Corporate,33.009892,-96.709061,701 N Central Expy,75075,Wed Oct 26 20:17:14 +0000 2016,RT @SportsDayDFW: AT&amp;T Byron Nelson moving to Dallas' Trinity Forest Golf Club ahead of schedule in 2018 https://t.co/0OcCOkkyin https://t.…,Positive,83.9594,general,general,,Twitter
Dallas9,Corporate,33.009892,-96.709061,701 N Central Expy,75075,Wed Oct 26 20:16:41 +0000 2016,Just got off the phone with an ATT rep @ATTCares more like #attdoesntcare about my service or desires to provide no service at all.,Negative,97.9514,general,general,,Twitter
Dallas9,Corporate,33.009892,-96.709061,701 N Central Expy,75075,Wed Oct 26 20:16:21 +0000 2016,AT&amp;T and SunPower Collaborate on #SolarIoT Connectivity in the United States | AT&amp;T https://t.co/gbdRx78nwV via @sharethis,Positive,98.0593,general,general,,Twitter
Dallas9,Corporate,33.009892,-96.709061,701 N Central Expy,75075,Wed Oct 26 20:16:19 +0000 2016,RT @dallasnews: The code names and secret meetings that got the #ATTTimeWarner deal done https://t.co/zQ2Cclsaxi | @Melissa_Repko https://t…,Neutral,55.1729,general,general,,Twitter
Dallas9,Corporate,33.009892,-96.709061,701 N Central Expy,75075,Wed Oct 26 20:15:55 +0000 2016,The code names and secret meetings that got the #ATTTimeWarner deal done https://t.co/zQ2Cclsaxi | @Melissa_Repko https://t.co/jAYXvRbbwC,Neutral,55.1729,general,general,,Twitter
Dallas9,Corporate,33.009892,-96.709061,701 N Central Expy,75075,Wed Oct 26 20:13:57 +0000 2016,"@wxbrad Well hello to you too, Brad! We understand your need for speed, enjoy!",Positive,76.2494,general,general,,Twitter
Dallas9,Corporate,33.009892,-96.709061,701 N Central Expy,75075,Wed Oct 26 20:12:41 +0000 2016,"RT @ATTLatino: Bañado de sol y arena con una canción más dulce que el caramelo, comparte lo mejor de #Cuba desde tu móvil. https://t.co/e3S…",Positive,74.8936,general,general,,Twitter
Dallas9,Corporate,33.009892,-96.709061,701 N Central Expy,75075,Wed Oct 26 20:11:13 +0000 2016,"Sneak peek of the brand new Trinity Forest Golf Club, future host of AT&amp;T Byron Nelson https://t.co/1tup3wjClf via @DallasBizNews",Positive,73.7262,general,general,,Twitter
Dallas9,Corporate,33.009892,-96.709061,701 N Central Expy,75075,Wed Oct 26 20:04:34 +0000 2016,RT @Uverse: Looking for a new trainer? Check out @JillianMichaels Fit Fusion TV: https://t.co/wHpiTE8VdG https://t.co/Os2SQH8UbG,Positive,84.1424,uverse,general,,Twitter
Dallas9,Corporate,33.009892,-96.709061,701 N Central Expy,75075,Wed Oct 26 20:01:42 +0000 2016,"Sneak peak of the brand new Trinity Forest Golf Club, future host of AT&amp;T Byron Nelson https://t.co/t7Hv3pdtQ2",Positive,87.5201,general,general,,Twitter
Dallas9,Corporate,33.009892,-96.709061,701 N Central Expy,75075,Wed Oct 26 20:01:39 +0000 2016,"Sneak peak of the brand new Trinity Forest Golf Club, future host of AT&amp;T Byron Nelson: The Byron Nelson tournament… https://t.co/VUUjzlBwUB",Positive,87.5201,general,general,,Twitter
Dallas9,Corporate,33.009892,-96.709061,701 N Central Expy,75075,Wed Oct 26 20:01:38 +0000 2016,"Sneak peak of the brand new Trinity Forest Golf Club, future host of AT&amp;T Byron Nelson: The Byron Nelson tournament… https://t.co/ZX2hhmqDJn",Positive,87.5201,general,general,,Twitter
Dallas9,Corporate,33.009892,-96.709061,701 N Central Expy,75075,Wed Oct 26 20:00:26 +0000 2016,RT @SportsDayDFW: AT&amp;T Byron Nelson moving to Dallas' Trinity Forest Golf Club ahead of schedule in 2018 https://t.co/0OcCOkkyin https://t.…,Positive,83.9594,general,general,,Twitter
Dallas9,Corporate,33.009892,-96.709061,701 N Central Expy,75075,Wed Oct 26 19:59:06 +0000 2016,"Sneak peak of the brand new Trinity Forest Golf Club, future host of AT&amp;T Byron Nelson: The Byron Nelson tournament… https://t.co/NXgCkiL2AF",Positive,87.5201,general,general,,Twitter
Dallas9,Corporate,33.009892,-96.709061,701 N Central Expy,75075,Wed Oct 26 19:57:33 +0000 2016,RT @Uverse: Looking for a new trainer? Check out @JillianMichaels Fit Fusion TV: https://t.co/wHpiTE8VdG https://t.co/Os2SQH8UbG,Positive,84.1424,uverse,general,,Twitter
Dallas9,Corporate,33.009892,-96.709061,701 N Central Expy,75075,Wed Oct 26 19:57:32 +0000 2016,@jakepimental99 @YaShah97 @DevinRabeyHD @ATT We only have Band 4.,Negative,70.9602,general,general,,Twitter
Dallas9,Corporate,33.009892,-96.709061,701 N Central Expy,75075,Wed Oct 26 19:56:06 +0000 2016,@jakepimental99 @YaShah97 @DevinRabeyHD @ATT We we're lucky to get one bar of 4G.,Positive,76.8807,general,general,,Twitter
Dallas9,Corporate,33.009892,-96.709061,701 N Central Expy,75075,Wed Oct 26 19:55:54 +0000 2016,RT @SportsDayDFW: AT&amp;T Byron Nelson moving to Dallas' Trinity Forest Golf Club ahead of schedule in 2018 https://t.co/0OcCOkkyin https://t.…,Positive,83.9594,general,general,,Twitter
Dallas9,Corporate,33.009892,-96.709061,701 N Central Expy,75075,Wed Oct 26 19:55:49 +0000 2016,@YaShah97 @jakepimental99 @DevinRabeyHD @ATT Saw that lol,Neutral,53.1133,general,general,,Twitter
Dallas9,Corporate,33.009892,-96.709061,701 N Central Expy,75075,Wed Oct 26 19:55:40 +0000 2016,AT&amp;T Byron Nelson moving to Dallas' Trinity Forest Golf Club ahead of schedule in 2018 https://t.co/0OcCOkkyin https://t.co/gNxyBihYmQ,Positive,83.9594,general,general,,Twitter
Dallas9,Corporate,33.009892,-96.709061,701 N Central Expy,75075,Wed Oct 26 19:54:15 +0000 2016,@YaShah97 @jakepimental99 @DevinRabeyHD @ATT lol sprints average here is 3Mbps... https://t.co/1l1OMOM3F4,Neutral,56.2921,general,general,,Twitter
Dallas9,Corporate,33.009892,-96.709061,701 N Central Expy,75075,Wed Oct 26 19:53:57 +0000 2016,RT @Uverse: Looking for a new trainer? Check out @JillianMichaels Fit Fusion TV: https://t.co/wHpiTE8VdG https://t.co/Os2SQH8UbG,Positive,84.1424,uverse,general,,Twitter
Dallas9,Corporate,33.009892,-96.709061,701 N Central Expy,75075,Wed Oct 26 19:53:11 +0000 2016,"RT @ConnectToGood: Great read: ""Promise and Challenge in Ending America’s Dropout Epidemic"" https://t.co/PFgYU7zinq #ATTimpact #GradNation…",Positive,64.0444,general,general,,Twitter
Dallas9,Corporate,33.009892,-96.709061,701 N Central Expy,75075,Wed Oct 26 19:52:39 +0000 2016,@YaShah97 @DevinRabeyHD @jakepimental99 @ATT It all depends on what bandwidth channels are deployed on a tower.,Neutral,51.9144,general,general,,Twitter
Dallas9,Corporate,33.009892,-96.709061,701 N Central Expy,75075,Wed Oct 26 19:51:02 +0000 2016,@YaShah97 @DevinRabeyHD @jakepimental99 @ATT Actually T-Mobile speeds are fantastic here. Coverage is what made me switch to AT&amp;T.,Positive,95.0247,general,general,,Twitter
Dallas9,Corporate,33.009892,-96.709061,701 N Central Expy,75075,Wed Oct 26 19:48:48 +0000 2016,@DevinRabeyHD @YaShah97 @jakepimental99 @ATT here's AT&amp;T in the middle of nowhere... literally nowhere. https://t.co/a9WaCkfgki,Negative,93.1892,general,general,,Twitter
Dallas9,Corporate,33.009892,-96.709061,701 N Central Expy,75075,Wed Oct 26 19:47:17 +0000 2016,RT @Uverse: Looking for a new trainer? Check out @JillianMichaels Fit Fusion TV: https://t.co/wHpiTE8VdG https://t.co/Os2SQH8UbG,Positive,84.1424,uverse,general,,Twitter
Dallas9,Corporate,33.009892,-96.709061,701 N Central Expy,75075,Wed Oct 26 19:47:02 +0000 2016,RT @Uverse: Looking for a new trainer? Check out @JillianMichaels Fit Fusion TV: https://t.co/wHpiTE8VdG https://t.co/Os2SQH8UbG,Positive,84.1424,uverse,general,,Twitter
Dallas9,Corporate,33.009892,-96.709061,701 N Central Expy,75075,Wed Oct 26 19:45:26 +0000 2016,RT @ATT: Get a sweet deal on the new iPhone 7 when you switch to AT&amp;T and have DIRECTV. https://t.co/JO08KrMKj7 https://t.co/tAcB2wPVFO,Positive,98.0584,directv,general,,Twitter
Dallas9,Corporate,33.009892,-96.709061,701 N Central Expy,75075,Wed Oct 26 19:43:36 +0000 2016,RT @Uverse: Looking for a new trainer? Check out @JillianMichaels Fit Fusion TV: https://t.co/wHpiTE8VdG https://t.co/Os2SQH8UbG,Positive,84.1424,uverse,general,,Twitter
Dallas9,Corporate,33.009892,-96.709061,701 N Central Expy,75075,Wed Oct 26 19:37:36 +0000 2016,RT @ATT: Get a sweet deal on the new iPhone 7 when you switch to AT&amp;T and have DIRECTV. https://t.co/JO08KrMKj7 https://t.co/tAcB2wPVFO,Positive,98.0584,directv,general,,Twitter
Dallas9,Corporate,33.009892,-96.709061,701 N Central Expy,75075,Wed Oct 26 19:34:44 +0000 2016,We're teaming with @BracketsForGood to launch their first nation-wide fundraising tournament. Learn more:… https://t.co/YhL6YU3xS8,Positive,85.3460,general,general,,Twitter
Dallas9,Corporate,33.009892,-96.709061,701 N Central Expy,75075,Wed Oct 26 19:33:55 +0000 2016,RT @Uverse: Looking for a new trainer? Check out @JillianMichaels Fit Fusion TV: https://t.co/wHpiTE8VdG https://t.co/Os2SQH8UbG,Positive,84.1424,uverse,general,,Twitter
Dallas9,Corporate,33.009892,-96.709061,701 N Central Expy,75075,Wed Oct 26 19:33:35 +0000 2016,Stay connected with an @att GoPhone and $45 refill card #giveaway from @cutenlittle!  #ATTGoPhone #ad https://t.co/DH7sS5lv4v,Neutral,57.7773,general,general,,Twitter
Dallas9,Corporate,33.009892,-96.709061,701 N Central Expy,75075,Wed Oct 26 19:31:41 +0000 2016,RT @Uverse: Looking for a new trainer? Check out @JillianMichaels Fit Fusion TV: https://t.co/wHpiTE8VdG https://t.co/Os2SQH8UbG,Positive,84.1424,uverse,general,,Twitter
Dallas9,Corporate,33.009892,-96.709061,701 N Central Expy,75075,Wed Oct 26 19:26:08 +0000 2016,RT @ATTBusiness: AT&amp;T Labs is on track to revolutionize the way #AI plays in the network…but that’s not all! More from Mazin Gilbert: https…,Positive,72.4772,general,general,,Twitter
Dallas9,Corporate,33.009892,-96.709061,701 N Central Expy,75075,Wed Oct 26 19:20:21 +0000 2016,RT @ATT: Get a sweet deal on the new iPhone 7 when you switch to AT&amp;T and have DIRECTV. https://t.co/JO08KrMKj7 https://t.co/tAcB2wPVFO,Positive,98.0584,directv,general,,Twitter
Dallas9,Corporate,33.009892,-96.709061,701 N Central Expy,75075,Wed Oct 26 19:14:37 +0000 2016,"@ATT i've never asked for a single bill to be reversed. I will be cancelling my service, which you've ben making $2600/year off of me...",Negative,62.5958,general,general,,Twitter
Dallas9,Corporate,33.009892,-96.709061,701 N Central Expy,75075,Wed Oct 26 19:11:07 +0000 2016,"Ive been a customer with @ATT for years, had same cell phone number since I was 12. I pay about $220/month on average every month..",Negative,85.1877,general,general,,Twitter
Dallas9,Corporate,33.009892,-96.709061,701 N Central Expy,75075,Wed Oct 26 19:10:12 +0000 2016,@ATT charged me $844.06 for last month's cell phone bill. I've done nothing different as far as apps/data usage... Im switching to @verizon,Negative,92.5754,general,general,,Twitter
Dallas9,Corporate,33.009892,-96.709061,701 N Central Expy,75075,Wed Oct 26 19:08:07 +0000 2016,@ATT no one wants to talk to a virtual customer service agent! I need humans to converse with!,Negative,74.4379,general,general,,Twitter
Dallas9,Corporate,33.009892,-96.709061,701 N Central Expy,75075,Wed Oct 26 19:07:42 +0000 2016,"RT @ConnectToGood: Great read: ""Promise and Challenge in Ending America’s Dropout Epidemic"" https://t.co/PFgYU7zinq #ATTimpact #GradNation…",Positive,64.0444,general,general,,Twitter
Dallas9,Corporate,33.009892,-96.709061,701 N Central Expy,75075,Wed Oct 26 19:07:22 +0000 2016,RT @ATT: Welcome to the team! @taylorswift13 https://t.co/4h86nLYuLo https://t.co/gAHOi7fPrZ,Positive,84.3125,general,general,,Twitter
Dallas9,Corporate,33.009892,-96.709061,701 N Central Expy,75075,Wed Oct 26 19:01:54 +0000 2016,#bitcoin #currency AT&amp;T is Seeking a Patent for a Bitcoin-Powered Server - CoinDesk: AT&amp;T is Seeking ... https://t.co/STwxQcny1o #mining,Positive,66.4050,general,general,,Twitter
Dallas9,Corporate,33.009892,-96.709061,701 N Central Expy,75075,Wed Oct 26 18:59:57 +0000 2016,RT @ATT: Get a sweet deal on the new iPhone 7 when you switch to AT&amp;T and have DIRECTV. https://t.co/JO08KrMKj7 https://t.co/tAcB2wPVFO,Positive,98.0584,directv,general,,Twitter
Dallas9,Corporate,33.009892,-96.709061,701 N Central Expy,75075,Wed Oct 26 18:58:02 +0000 2016,We've updated our story pulling together all the announcements on DirecTV Now: https://t.co/zC1rek2sli $T @DallasBizNews,Positive,70.0073,directv,general,,Twitter
Dallas9,Corporate,33.009892,-96.709061,701 N Central Expy,75075,Wed Oct 26 18:53:54 +0000 2016,RT @ATT: Welcome to the team! @taylorswift13 https://t.co/4h86nLYuLo https://t.co/gAHOi7fPrZ,Positive,84.3125,general,general,,Twitter
Dallas9,Corporate,33.009892,-96.709061,701 N Central Expy,75075,Wed Oct 26 18:52:59 +0000 2016,RT @ATT: Get a sweet deal on the new iPhone 7 when you switch to AT&amp;T and have DIRECTV. https://t.co/JO08KrMKj7 https://t.co/tAcB2wPVFO,Positive,98.0584,directv,general,,Twitter
Dallas9,Corporate,33.009892,-96.709061,701 N Central Expy,75075,Wed Oct 26 18:49:40 +0000 2016,"""AT&amp;T Could Find a Lesson in Comcast’s Media Merger"" by JENNIFER SABA via NYT The New York Times https://t.co/34zNt64zd6",Positive,89.6025,general,general,,Twitter
Dallas9,Corporate,33.009892,-96.709061,701 N Central Expy,75075,Wed Oct 26 18:47:40 +0000 2016,RT @ATT: Get a sweet deal on the new iPhone 7 when you switch to AT&amp;T and have DIRECTV. https://t.co/JO08KrMKj7 https://t.co/tAcB2wPVFO,Positive,98.0584,directv,general,,Twitter
Dallas9,Corporate,33.009892,-96.709061,701 N Central Expy,75075,Wed Oct 26 18:44:45 +0000 2016,RT @ATT: Welcome to the team! @taylorswift13 https://t.co/4h86nLYuLo https://t.co/gAHOi7fPrZ,Positive,84.3125,general,general,,Twitter
Dallas9,Corporate,33.009892,-96.709061,701 N Central Expy,75075,Wed Oct 26 18:38:04 +0000 2016,RT @ATT: Who made you a college 🏈 fan? Share with #MadeMeAFanContest for a chance to win. Rules https://t.co/hU3I3wFn5V https://t.co/seJBJK…,Positive,88.9294,general,general,,Twitter
Dallas9,Corporate,33.009892,-96.709061,701 N Central Expy,75075,Wed Oct 26 18:37:54 +0000 2016,RT @ATT: Get a sweet deal on the new iPhone 7 when you switch to AT&amp;T and have DIRECTV. https://t.co/JO08KrMKj7 https://t.co/tAcB2wPVFO,Positive,98.0584,directv,general,,Twitter
Dallas9,Corporate,33.009892,-96.709061,701 N Central Expy,75075,Wed Oct 26 18:37:05 +0000 2016,The code names and secret meetings that got the #ATTTimeWarner deal done https://t.co/fOeive0ZXV | @Melissa_Repko https://t.co/HanjJxfLxT,Neutral,55.1729,general,general,,Twitter
Dallas9,Corporate,33.009892,-96.709061,701 N Central Expy,75075,Wed Oct 26 18:36:50 +0000 2016,The code names and secret meetings that got the AT&amp;T-Time Warner deal done https://t.co/ITNDc47QnK,Positive,66.8408,general,general,,Twitter
Dallas9,Corporate,33.009892,-96.709061,701 N Central Expy,75075,Wed Oct 26 18:33:54 +0000 2016,RT @ATT: Get a sweet deal on the new iPhone 7 when you switch to AT&amp;T and have DIRECTV. https://t.co/JO08KrMKj7 https://t.co/tAcB2wPVFO,Positive,98.0584,directv,general,,Twitter
Dallas9,Corporate,33.009892,-96.709061,701 N Central Expy,75075,Wed Oct 26 18:31:35 +0000 2016,RT @ATT: Who made you a college 🏈 fan? Share with #MadeMeAFanContest for a chance to win. Rules https://t.co/hU3I3wFn5V https://t.co/seJBJK…,Positive,88.9294,general,general,,Twitter
Dallas9,Corporate,33.009892,-96.709061,701 N Central Expy,75075,Wed Oct 26 18:30:58 +0000 2016,RT @ATTBusiness: AT&amp;T Labs is on track to revolutionize the way #AI plays in the network…but that’s not all! More from Mazin Gilbert: https…,Positive,72.4772,general,general,,Twitter
Dallas9,Corporate,33.009892,-96.709061,701 N Central Expy,75075,Wed Oct 26 18:30:02 +0000 2016,AT&amp;T Labs is on track to revolutionize the way #AI plays in the network…but that’s not all! More from Mazin Gilbert… https://t.co/sLa1dPKUcI,Positive,72.4772,general,general,,Twitter
Dallas9,Corporate,33.009892,-96.709061,701 N Central Expy,75075,Wed Oct 26 18:29:54 +0000 2016,RT @ATT: Welcome to the team! @taylorswift13 https://t.co/4h86nLYuLo https://t.co/gAHOi7fPrZ,Positive,84.3125,general,general,,Twitter
Dallas9,Corporate,33.009892,-96.709061,701 N Central Expy,75075,Wed Oct 26 18:29:52 +0000 2016,AT&amp;T Byron Nelson To Move In 2018 - DFWsportsonline https://t.co/81Rx5BEEVn via @dfwsportsonline,Neutral,50.0000,general,general,,Twitter
Dallas9,Corporate,33.009892,-96.709061,701 N Central Expy,75075,Wed Oct 26 18:24:49 +0000 2016,"RT @JarrettRush: @AnnaLDavis1 @ATT @YourAnonNews From your lips to God's ears, says the AT&amp;T C-suite.",Neutral,51.4025,general,general,,Twitter
Dallas9,Corporate,33.009892,-96.709061,701 N Central Expy,75075,Wed Oct 26 18:23:47 +0000 2016,RT @ATT: Who made you a college 🏈 fan? Share with #MadeMeAFanContest for a chance to win. Rules https://t.co/hU3I3wFn5V https://t.co/seJBJK…,Positive,88.9294,general,general,,Twitter
Dallas9,Corporate,33.009892,-96.709061,701 N Central Expy,75075,Wed Oct 26 18:22:06 +0000 2016,RT @Mike_Rawlings: This is a day of celebration. Special thanks to @PGATOUR and @ATT for helping bring @attbyronnelson to Dallas. https://t…,Positive,98.3168,general,general,,Twitter
Dallas9,Corporate,33.009892,-96.709061,701 N Central Expy,75075,Wed Oct 26 18:21:31 +0000 2016,"@AnnaLDavis1 @ATT @YourAnonNews From your lips to God's ears, says the AT&amp;T C-suite.",Neutral,51.4025,general,general,,Twitter
Dallas9,Corporate,33.009892,-96.709061,701 N Central Expy,75075,Wed Oct 26 18:21:30 +0000 2016,"RT @DMNBiz: 100 channels, no dish: AT&amp;T announces launch of DirecTV Now for $35 a month | https://t.co/Yz34WUGhMz @melissa_repko https://t.…",Negative,63.4802,directv,general,,Twitter
Dallas9,Corporate,33.009892,-96.709061,701 N Central Expy,75075,Wed Oct 26 18:15:58 +0000 2016,RT @ATT: Get a sweet deal on the new iPhone 7 when you switch to AT&amp;T and have DIRECTV. https://t.co/JO08KrMKj7 https://t.co/tAcB2wPVFO,Positive,98.0584,directv,general,,Twitter
Dallas9,Corporate,33.009892,-96.709061,701 N Central Expy,75075,Wed Oct 26 18:15:22 +0000 2016,RT @ATT: Welcome to the team! @taylorswift13 https://t.co/4h86nLYuLo https://t.co/gAHOi7fPrZ,Positive,84.3125,general,general,,Twitter
Dallas9,Corporate,33.009892,-96.709061,701 N Central Expy,75075,Wed Oct 26 18:14:41 +0000 2016,RT @HisGirlHildy: Agree @ATT's #RandallStephenson is a 'southern gentleman' like @DaveLieber says? I've heard mostly good. @JimZarroli http…,Neutral,55.5778,general,general,,Twitter
Dallas9,Corporate,33.009892,-96.709061,701 N Central Expy,75075,Wed Oct 26 18:14:24 +0000 2016,"A #bitcoin powered server, #TimeWarner AND #Hemisphere? What's next @ATT, total world domination? #ATT… https://t.co/KqCO6E98um",Negative,69.0659,general,general,,Twitter
Dallas9,Corporate,33.009892,-96.709061,701 N Central Expy,75075,Wed Oct 26 18:10:49 +0000 2016,RT @ATT: Welcome to the team! @taylorswift13 https://t.co/4h86nLYuLo https://t.co/gAHOi7fPrZ,Positive,84.3125,general,general,,Twitter
Dallas9,Corporate,33.009892,-96.709061,701 N Central Expy,75075,Wed Oct 26 18:06:31 +0000 2016,"@rgcasti Rodrigo, we don't like to see that! Can you DM us your contact info and more details on the location? We'll alert the right team.",Positive,66.0060,general,general,,Twitter
Dallas9,Corporate,33.009892,-96.709061,701 N Central Expy,75075,Wed Oct 26 18:05:14 +0000 2016,"100 channels, no dish: AT&amp;T announces launch of DirecTV Now for $35 a month | https://t.co/Yz34WUGhMz @melissa_repko https://t.co/ltVlmwj9Rr",Negative,63.4802,directv,general,,Twitter
Dallas9,Corporate,33.009892,-96.709061,701 N Central Expy,75075,Wed Oct 26 18:02:59 +0000 2016,RT @DBJShinneman: Stephenson said some new stuff about DirecTV Now and Time Warner this morning https://t.co/fgq2QFh1dC $T @DallasBizNews,Neutral,57.2049,directv,general,,Twitter
Dallas9,Corporate,33.009892,-96.709061,701 N Central Expy,75075,Wed Oct 26 18:01:10 +0000 2016,RT @Mike_Rawlings: This is a day of celebration. Special thanks to @PGATOUR and @ATT for helping bring @attbyronnelson to Dallas. https://t…,Positive,98.3168,general,general,,Twitter
Dallas9,Corporate,33.009892,-96.709061,701 N Central Expy,75075,Wed Oct 26 17:53:13 +0000 2016,RT @Mike_Rawlings: This is a day of celebration. Special thanks to @PGATOUR and @ATT for helping bring @attbyronnelson to Dallas. https://t…,Positive,98.3168,general,general,,Twitter
Dallas9,Corporate,33.009892,-96.709061,701 N Central Expy,75075,Wed Oct 26 17:52:07 +0000 2016,RT @Mike_Rawlings: This is a day of celebration. Special thanks to @PGATOUR and @ATT for helping bring @attbyronnelson to Dallas. https://t…,Positive,98.3168,general,general,,Twitter
Dallas9,Corporate,33.009892,-96.709061,701 N Central Expy,75075,Wed Oct 26 17:50:55 +0000 2016,RT @Mike_Rawlings: This is a day of celebration. Special thanks to @PGATOUR and @ATT for helping bring @attbyronnelson to Dallas. https://t…,Positive,98.3168,general,general,,Twitter
Dallas9,Corporate,33.009892,-96.709061,701 N Central Expy,75075,Wed Oct 26 17:48:19 +0000 2016,RT @Mike_Rawlings: This is a day of celebration. Special thanks to @PGATOUR and @ATT for helping bring @attbyronnelson to Dallas. https://t…,Positive,98.3168,general,general,,Twitter
Dallas9,Corporate,33.009892,-96.709061,701 N Central Expy,75075,Wed Oct 26 17:47:27 +0000 2016,This is a day of celebration. Special thanks to @PGATOUR and @ATT for helping bring @attbyronnelson to Dallas. https://t.co/46atECppNd,Positive,98.3168,general,general,,Twitter
Dallas9,Corporate,33.009892,-96.709061,701 N Central Expy,75075,Wed Oct 26 17:40:43 +0000 2016,Overwhelmingly  millennials prefer collaborative work environments https://t.co/nrmXqjKfQV #ucoms #attemployee,Neutral,56.4763,general,general,,Twitter
Dallas9,Corporate,33.009892,-96.709061,701 N Central Expy,75075,Wed Oct 26 17:36:03 +0000 2016,RT @BillNicholsDMN: Jordan Spieth to headline announcement of AT&amp;T Byron Nelson's early move to Trinity Forest in 2018 https://t.co/MKP4cN9…,Neutral,55.6884,general,general,,Twitter
Dallas9,Corporate,33.009892,-96.709061,701 N Central Expy,75075,Wed Oct 26 17:35:57 +0000 2016,Time Warner moving to Hudson Yards despite deal with AT&amp;T https://t.co/SC0hPlpJ42 #quicktimebuyer,Positive,96.7364,general,general,,Twitter
Dallas9,Corporate,33.009892,-96.709061,701 N Central Expy,75075,Wed Oct 26 17:35:02 +0000 2016,"AT&amp;T is getting into the streaming, cord-cutting game by offering over 100 channels for $35 a month. Thoughts? https://t.co/ilDvGD7NGz",Neutral,53.1080,general,general,,Twitter
