Dallas3,Corporate,32.8293128,-96.8272358,5616 Lemmon Ave,75209,Sat Oct 22 23:05:58 +0000 2016,"ICYMI: Dallas-based @ATT, TimeWarner (@twxcorp) discussed a takeover in recent weeks https://t.co/oHHLVaAY0m  $twx… https://t.co/1oj8FUdp2S",Neutral,57.9360,general,general,,Twitter
Dallas3,Corporate,32.8293128,-96.8272358,5616 Lemmon Ave,75209,Sat Oct 22 23:03:19 +0000 2016,RT @john_verdes: 5 line port from ATT at Brightstar on Illinois ave! #SprintSaysThanks https://t.co/5EjbWOWkY8,Positive,73.9466,general,general,,Twitter
Dallas3,Corporate,32.8293128,-96.8272358,5616 Lemmon Ave,75209,Sat Oct 22 23:01:36 +0000 2016,"RT @ATT: Watch the @GreenDay @iHeartRadio Album Release Party Tonight, 9pm ET/PT on AUDIENCE. DIRECTV ch 239/U-verse ch 1114. https://t.co/…",Neutral,59.5550,directv,general,,Twitter
Dallas3,Corporate,32.8293128,-96.8272358,5616 Lemmon Ave,75209,Sat Oct 22 22:59:36 +0000 2016,"RT @theblaze: Report: AT&amp;T wants to buy Time Warner in $80 billion mega-deal
https://t.co/QEDAC95J1T https://t.co/ChTnEiekcu",Positive,63.9246,general,general,,Twitter
Dallas3,Corporate,32.8293128,-96.8272358,5616 Lemmon Ave,75209,Sat Oct 22 22:55:34 +0000 2016,AT&amp;T to buy Time Warner for $86 billion https://t.co/1SJCFgrTFx #bigdata #AI #Watson https://t.co/KFcttuHAXR,Positive,63.9246,general,general,,Twitter
Dallas3,Corporate,32.8293128,-96.8272358,5616 Lemmon Ave,75209,Sat Oct 22 22:46:49 +0000 2016,AT&amp;T Has Reached a Deal to Acquire Time Warner. Now What? https://t.co/D76VuBULw1,Positive,72.8812,general,general,,Twitter
Dallas3,Corporate,32.8293128,-96.8272358,5616 Lemmon Ave,75209,Sat Oct 22 22:30:35 +0000 2016,RT @john_verdes: 5 line port from ATT at Brightstar on Illinois ave! #SprintSaysThanks https://t.co/5EjbWOWkY8,Positive,73.9466,general,general,,Twitter
Dallas3,Corporate,32.8293128,-96.8272358,5616 Lemmon Ave,75209,Sat Oct 22 22:27:00 +0000 2016,"RT @ATT: Watch the @GreenDay @iHeartRadio Album Release Party Tonight, 9pm ET/PT on AUDIENCE. DIRECTV ch 239/U-verse ch 1114. https://t.co/…",Neutral,59.5550,directv,general,,Twitter
Dallas3,Corporate,32.8293128,-96.8272358,5616 Lemmon Ave,75209,Sat Oct 22 22:20:05 +0000 2016,AT&amp;T strikes blockbuster deal to buy Time Warner for more than $80 billion https://t.co/BbBQMUALyo,Positive,87.3015,general,general,,Twitter
Dallas3,Corporate,32.8293128,-96.8272358,5616 Lemmon Ave,75209,Sat Oct 22 22:19:09 +0000 2016,RT @ATT: Welcome to the team! @taylorswift13 https://t.co/4h86nLYuLo https://t.co/gAHOi7fPrZ,Positive,84.3125,general,general,,Twitter
Dallas3,Corporate,32.8293128,-96.8272358,5616 Lemmon Ave,75209,Sat Oct 22 22:15:53 +0000 2016,RT @ATT: Get a sweet deal on the new iPhone 7 when you switch to AT&amp;T and have DIRECTV. https://t.co/TQVeUkmeZ6 https://t.co/zfZmNpe8AP,Positive,98.0584,directv,general,,Twitter
Dallas3,Corporate,32.8293128,-96.8272358,5616 Lemmon Ave,75209,Sat Oct 22 22:15:15 +0000 2016,@launchany @fields @ATT how likely is this to be approved,Negative,72.2143,general,general,,Twitter
Dallas3,Corporate,32.8293128,-96.8272358,5616 Lemmon Ave,75209,Sat Oct 22 22:06:09 +0000 2016,"AT&amp;T Wants To Buy Time Warner, Sources Say https://t.co/g0vcp8RuSd https://t.co/Zi1qhakwoZ",Neutral,59.3427,general,general,,Twitter
Dallas3,Corporate,32.8293128,-96.8272358,5616 Lemmon Ave,75209,Sat Oct 22 22:03:17 +0000 2016,AT&amp;T agrees to buy Time Warner for $80 billion https://t.co/wJ3JNUnO2z,Positive,63.9246,general,general,,Twitter
Dallas3,Corporate,32.8293128,-96.8272358,5616 Lemmon Ave,75209,Sat Oct 22 22:02:23 +0000 2016,AT&amp;T Can't Admit That Google Fiber is Forcing it to Compete https://t.co/15AMlLaziC,Neutral,60.1629,fiber,general,,Twitter
Dallas3,Corporate,32.8293128,-96.8272358,5616 Lemmon Ave,75209,Sat Oct 22 22:00:25 +0000 2016,I hope this is NOT TRUE! I've had nothing but ISSUES with ATT! https://t.co/9ygfgRBXF2,Negative,91.4952,general,general,,Twitter
Dallas3,Corporate,32.8293128,-96.8272358,5616 Lemmon Ave,75209,Sat Oct 22 22:00:08 +0000 2016,A#T&amp;T agrees to buy Time Warner for $80 billion https://t.co/g0r0qSRNCb #Dallas,Positive,63.9246,general,general,,Twitter
Dallas3,Corporate,32.8293128,-96.8272358,5616 Lemmon Ave,75209,Sat Oct 22 22:00:08 +0000 2016,"AT&amp;T agrees to buy Time Warner for $80 billion: AT&amp;T Inc. has a deal to buy Time Warner Inc. for about $80 billion,… https://t.co/nQOZfGW4G9",Positive,70.1793,general,general,,Twitter
Dallas3,Corporate,32.8293128,-96.8272358,5616 Lemmon Ave,75209,Sat Oct 22 22:00:04 +0000 2016,"AT&amp;T agrees to buy Time Warner for $80 billion: AT&amp;T Inc. has a deal to buy Time Warner Inc. for about $80 billion,… https://t.co/YZLqQZCUWW",Positive,70.1793,general,general,,Twitter
Dallas3,Corporate,32.8293128,-96.8272358,5616 Lemmon Ave,75209,Sat Oct 22 22:00:03 +0000 2016,"AT&amp;T agrees to buy Time Warner for $80 billion: AT&amp;T Inc. has a deal to buy Time Warner Inc. for about $80 billion,… https://t.co/lg1OzcMy2E",Positive,70.1793,general,general,,Twitter
Dallas3,Corporate,32.8293128,-96.8272358,5616 Lemmon Ave,75209,Sat Oct 22 21:58:05 +0000 2016,AT&amp;T agrees to buy Time Warner for $80 billion: AT&amp;T Inc. has a deal to buy Time Warner Inc. for about $80 bi... https://t.co/sVczxMRErP,Positive,70.1793,general,general,,Twitter
Dallas3,Corporate,32.8293128,-96.8272358,5616 Lemmon Ave,75209,Sat Oct 22 21:56:18 +0000 2016,RT @HomaBashNBC5: Lots of questions arise as @WSJ reports that @ATT has agreed to buy Time Warner for upwards of $80 BILLION. Service costs…,Negative,71.4268,general,general,,Twitter
Dallas3,Corporate,32.8293128,-96.8272358,5616 Lemmon Ave,75209,Sat Oct 22 21:53:03 +0000 2016,"RT @dallasnews: Updated: Report says AT&amp;T, Time Warner boards meeting today to approve $80 billion deal https://t.co/ESCmoMhXLr | @krobijak…",Positive,93.0729,general,general,,Twitter
Dallas3,Corporate,32.8293128,-96.8272358,5616 Lemmon Ave,75209,Sat Oct 22 21:42:35 +0000 2016,"RT @ATT: Watch the @GreenDay @iHeartRadio Album Release Party Tonight, 9pm ET/PT on AUDIENCE. DIRECTV ch 239/U-verse ch 1114. https://t.co/…",Neutral,59.5550,directv,general,,Twitter
Dallas3,Corporate,32.8293128,-96.8272358,5616 Lemmon Ave,75209,Sat Oct 22 21:41:00 +0000 2016,"Our colleagues in Europe, the Middle East &amp; Asia are spreading the @ATT Aspire mission around the globe:… https://t.co/4XzfCsG2t7",Positive,71.5311,general,general,,Twitter
Dallas3,Corporate,32.8293128,-96.8272358,5616 Lemmon Ave,75209,Sat Oct 22 21:36:44 +0000 2016,"RT @ATT: Watch the @GreenDay @iHeartRadio Album Release Party Tonight, 9pm ET/PT on AUDIENCE. DIRECTV ch 239/U-verse ch 1114. https://t.co/…",Neutral,59.5550,directv,general,,Twitter
Dallas3,Corporate,32.8293128,-96.8272358,5616 Lemmon Ave,75209,Sat Oct 22 21:32:47 +0000 2016,"RT @theblaze: Report: AT&amp;T wants to buy Time Warner in $80 billion mega-deal
https://t.co/QEDAC95J1T https://t.co/ChTnEiekcu",Positive,63.9246,general,general,,Twitter
Dallas3,Corporate,32.8293128,-96.8272358,5616 Lemmon Ave,75209,Sat Oct 22 21:30:02 +0000 2016,RT @ATT: Welcome to the team! @taylorswift13 https://t.co/4h86nLYuLo https://t.co/gAHOi7fPrZ,Positive,84.3125,general,general,,Twitter
Dallas3,Corporate,32.8293128,-96.8272358,5616 Lemmon Ave,75209,Sat Oct 22 21:29:58 +0000 2016,@attJOBS   so proud of my buddie Daniel!  AT&amp;T supports Individuals with Disabilities  #beCounted Disability Heroes of AT&amp;T  Life@ATT,Positive,92.8283,general,general,,Twitter
Dallas3,Corporate,32.8293128,-96.8272358,5616 Lemmon Ave,75209,Sat Oct 22 21:26:16 +0000 2016,"RT @ATT: Watch the @GreenDay @iHeartRadio Album Release Party Tonight, 9pm ET/PT on AUDIENCE. DIRECTV ch 239/U-verse ch 1114. https://t.co/…",Neutral,59.5550,directv,general,,Twitter
Dallas3,Corporate,32.8293128,-96.8272358,5616 Lemmon Ave,75209,Sat Oct 22 21:21:05 +0000 2016,RT @attJOBS: Congrats to our own Daniel Solcher for being awarded Employee of the Year from Careers &amp; the disABLED: https://t.co/1WQo73ExZj…,Positive,97.3299,general,general,,Twitter
Dallas3,Corporate,32.8293128,-96.8272358,5616 Lemmon Ave,75209,Sat Oct 22 21:19:19 +0000 2016,And Trump says he will block the biggest deal for Dallas based AT&amp;T. https://t.co/5s8rqsiOOJ,Neutral,50.0445,general,general,,Twitter
Dallas3,Corporate,32.8293128,-96.8272358,5616 Lemmon Ave,75209,Sat Oct 22 21:18:17 +0000 2016,"RT @attJOBS: To all of you out there who help us step up, #HappyNationalBossDay! https://t.co/hgBREvB3ud https://t.co/fxoi064RG8",Positive,93.4948,general,general,,Twitter
Dallas3,Corporate,32.8293128,-96.8272358,5616 Lemmon Ave,75209,Sat Oct 22 21:13:16 +0000 2016,Donald Trump says he would block #ATT-Time Warner merger if elected https://t.co/gmfuMRjSNu #DFW,Positive,73.6044,general,general,,Twitter
Dallas3,Corporate,32.8293128,-96.8272358,5616 Lemmon Ave,75209,Sat Oct 22 21:12:47 +0000 2016,RT @JMDmultimedia: No way this goes well for consumers … #TimeWarner #ATT https://t.co/HiDiZ8DOnZ,Positive,71.1443,general,general,,Twitter
Dallas3,Corporate,32.8293128,-96.8272358,5616 Lemmon Ave,75209,Sat Oct 22 21:07:56 +0000 2016,No way this goes well for consumers … #TimeWarner #ATT https://t.co/HiDiZ8DOnZ,Positive,71.1443,general,general,,Twitter
Dallas3,Corporate,32.8293128,-96.8272358,5616 Lemmon Ave,75209,Sat Oct 22 21:04:39 +0000 2016,RT @DMNBiz: Stadium Club is almost half a football field long. Can Cowboys fans fill it when teams isn't playing? | https://t.co/BmFzkykjit…,Neutral,50.7182,general,general,,Twitter
Dallas3,Corporate,32.8293128,-96.8272358,5616 Lemmon Ave,75209,Sat Oct 22 21:03:12 +0000 2016,Donald Trump says he would block #ATT-Time Warner merger if elected https://t.co/fqel5wAwZt #DFW #Tech,Positive,73.6044,general,general,,Twitter
Dallas3,Corporate,32.8293128,-96.8272358,5616 Lemmon Ave,75209,Sat Oct 22 21:01:09 +0000 2016,RT @john_verdes: 5 line port from ATT at Brightstar on Illinois ave! #SprintSaysThanks https://t.co/5EjbWOWkY8,Positive,73.9466,general,general,,Twitter
Dallas3,Corporate,32.8293128,-96.8272358,5616 Lemmon Ave,75209,Sat Oct 22 20:57:01 +0000 2016,RT @BriMalandro: this is gross bc @ATT is actually trash in each and every way possible https://t.co/kD2jnR7zXZ,Negative,73.5656,general,general,,Twitter
Dallas3,Corporate,32.8293128,-96.8272358,5616 Lemmon Ave,75209,Sat Oct 22 20:54:32 +0000 2016,5 line port from ATT at Brightstar on Illinois ave! #SprintSaysThanks https://t.co/5EjbWOWkY8,Positive,73.9466,general,general,,Twitter
Dallas3,Corporate,32.8293128,-96.8272358,5616 Lemmon Ave,75209,Sat Oct 22 20:52:06 +0000 2016,"AT&amp;T, Time Warner reportedly strike buyout deal     - CNET: The telecommunications giant has reached an agree... https://t.co/N4iH7kQnsI",Positive,68.0475,general,general,,Twitter
Dallas3,Corporate,32.8293128,-96.8272358,5616 Lemmon Ave,75209,Sat Oct 22 20:47:22 +0000 2016,RT @HomaBashNBC5: Lots of questions arise as @WSJ reports that @ATT has agreed to buy Time Warner for upwards of $80 BILLION. Service costs…,Negative,71.4268,general,general,,Twitter
Dallas3,Corporate,32.8293128,-96.8272358,5616 Lemmon Ave,75209,Sat Oct 22 20:45:34 +0000 2016,"RT @ATT: Watch the @GreenDay @iHeartRadio Album Release Party Tonight, 9pm ET/PT on AUDIENCE. DIRECTV ch 239/U-verse ch 1114. https://t.co/…",Neutral,59.5550,directv,general,,Twitter
Dallas3,Corporate,32.8293128,-96.8272358,5616 Lemmon Ave,75209,Sat Oct 22 20:43:26 +0000 2016,"RT @theblaze: Report: AT&amp;T wants to buy Time Warner in $80 billion mega-deal
https://t.co/QEDAC95J1T https://t.co/ChTnEiekcu",Positive,63.9246,general,general,,Twitter
Dallas3,Corporate,32.8293128,-96.8272358,5616 Lemmon Ave,75209,Sat Oct 22 20:42:07 +0000 2016,AT&amp;T-Time Warner mega-deal is near https://t.co/VPUehiWx0Y,Neutral,62.0891,general,general,,Twitter
Dallas3,Corporate,32.8293128,-96.8272358,5616 Lemmon Ave,75209,Sat Oct 22 20:39:11 +0000 2016,"RT @ATT: Watch the @GreenDay @iHeartRadio Album Release Party Tonight, 9pm ET/PT on AUDIENCE. DIRECTV ch 239/U-verse ch 1114. https://t.co/…",Neutral,59.5550,directv,general,,Twitter
Dallas3,Corporate,32.8293128,-96.8272358,5616 Lemmon Ave,75209,Sat Oct 22 20:36:40 +0000 2016,RT @ATT: Welcome to the team! @taylorswift13 https://t.co/4h86nLYuLo https://t.co/gAHOi7fPrZ,Positive,84.3125,general,general,,Twitter
Dallas3,Corporate,32.8293128,-96.8272358,5616 Lemmon Ave,75209,Sat Oct 22 20:34:31 +0000 2016,AT&amp;T to buy Time Warner for more than $80 billion.  https://t.co/CUZaB6snvz,Positive,71.0501,general,general,,Twitter
Dallas3,Corporate,32.8293128,-96.8272358,5616 Lemmon Ave,75209,Sat Oct 22 20:32:53 +0000 2016,RT @BriMalandro: this is gross bc @ATT is actually trash in each and every way possible https://t.co/kD2jnR7zXZ,Negative,73.5656,general,general,,Twitter
Dallas3,Corporate,32.8293128,-96.8272358,5616 Lemmon Ave,75209,Sat Oct 22 20:31:14 +0000 2016,this is gross bc @ATT is actually trash in each and every way possible https://t.co/kD2jnR7zXZ,Negative,73.5656,general,general,,Twitter
Dallas3,Corporate,32.8293128,-96.8272358,5616 Lemmon Ave,75209,Sat Oct 22 20:27:20 +0000 2016,RT @wfaachannel8: AT&amp;T agrees to buy Time Warner for more than $80B https://t.co/9LtV0RAUgV https://t.co/zqmbwnbOeo,Positive,71.0501,general,general,,Twitter
Dallas3,Corporate,32.8293128,-96.8272358,5616 Lemmon Ave,75209,Sat Oct 22 20:24:26 +0000 2016,"RT @dallasnews: Updated: Report says AT&amp;T, Time Warner boards meeting today to approve $80 billion deal https://t.co/ESCmoMhXLr | @krobijak…",Positive,93.0729,general,general,,Twitter
Dallas3,Corporate,32.8293128,-96.8272358,5616 Lemmon Ave,75209,Sat Oct 22 20:24:14 +0000 2016,RT @wfaachannel8: AT&amp;T agrees to buy Time Warner https://t.co/ovK4kZyTE4,Positive,63.9246,general,general,,Twitter
Dallas3,Corporate,32.8293128,-96.8272358,5616 Lemmon Ave,75209,Sat Oct 22 20:22:33 +0000 2016,RT @wfaachannel8: AT&amp;T agrees to buy Time Warner for more than $80B https://t.co/9LtV0RAUgV https://t.co/zqmbwnbOeo,Positive,71.0501,general,general,,Twitter
Dallas3,Corporate,32.8293128,-96.8272358,5616 Lemmon Ave,75209,Sat Oct 22 20:20:51 +0000 2016,RT @DMNBiz: Stadium Club is almost half a football field long. Can Cowboys fans fill it when teams isn't playing? | https://t.co/BmFzkykjit…,Neutral,50.7182,general,general,,Twitter
Dallas3,Corporate,32.8293128,-96.8272358,5616 Lemmon Ave,75209,Sat Oct 22 20:20:23 +0000 2016,Stadium Club is almost half a football field long. Can Cowboys fans fill it when teams isn't playing? |… https://t.co/XfXJHXSsDS,Neutral,50.7182,general,general,,Twitter
Dallas3,Corporate,32.8293128,-96.8272358,5616 Lemmon Ave,75209,Sat Oct 22 20:19:20 +0000 2016,"RT @ATT: Watch the @GreenDay @iHeartRadio Album Release Party Tonight, 9pm ET/PT on AUDIENCE. DIRECTV ch 239/U-verse ch 1114. https://t.co/…",Neutral,59.5550,directv,general,,Twitter
Dallas3,Corporate,32.8293128,-96.8272358,5616 Lemmon Ave,75209,Sat Oct 22 20:18:45 +0000 2016,RT @wfaachannel8: AT&amp;T agrees to buy Time Warner https://t.co/ovK4kZyTE4,Positive,63.9246,general,general,,Twitter
Dallas3,Corporate,32.8293128,-96.8272358,5616 Lemmon Ave,75209,Sat Oct 22 20:17:49 +0000 2016,AT&amp;T Agrees to Buy Time Warner for More Than $80 Billion  https://t.co/v9yQYny789,Positive,71.0501,general,general,,Twitter
Dallas3,Corporate,32.8293128,-96.8272358,5616 Lemmon Ave,75209,Sat Oct 22 20:15:11 +0000 2016,"RT @theblaze: Report: AT&amp;T wants to buy Time Warner in $80 billion mega-deal
https://t.co/QEDAC95J1T https://t.co/ChTnEiekcu",Positive,63.9246,general,general,,Twitter
Dallas3,Corporate,32.8293128,-96.8272358,5616 Lemmon Ave,75209,Sat Oct 22 20:14:33 +0000 2016,"@SteampunkMuppet Living in apts, there aren't other options. They only allow ATT and TWC. Looking forward to buying a little more now :/",Negative,73.0517,general,general,,Twitter
Dallas3,Corporate,32.8293128,-96.8272358,5616 Lemmon Ave,75209,Sat Oct 22 20:11:37 +0000 2016,Trump would reject deal between AT&amp;T and Time Warner https://t.co/dJpkqPZwUX,Positive,74.9801,general,general,,Twitter
Dallas3,Corporate,32.8293128,-96.8272358,5616 Lemmon Ave,75209,Sat Oct 22 20:00:01 +0000 2016,Famoso por sus coches clásicos y ritmo salsero – ahora puedes compartir a la cultura #Cubana desde tu móvil:… https://t.co/u6FCV67I4K,Neutral,50.0000,general,general,,Twitter
Dallas3,Corporate,32.8293128,-96.8272358,5616 Lemmon Ave,75209,Sat Oct 22 19:59:47 +0000 2016,RT @wfaachannel8: AT&amp;T agrees to buy Time Warner https://t.co/ovK4kZyTE4,Positive,63.9246,general,general,,Twitter
Dallas3,Corporate,32.8293128,-96.8272358,5616 Lemmon Ave,75209,Sat Oct 22 19:59:07 +0000 2016,RT @wfaachannel8: AT&amp;T agrees to buy Time Warner https://t.co/ovK4kZyTE4,Positive,63.9246,general,general,,Twitter
Dallas3,Corporate,32.8293128,-96.8272358,5616 Lemmon Ave,75209,Sat Oct 22 19:59:06 +0000 2016,AT&amp;T Reaches Blockbuster Deal to Buy Time Warner  https://t.co/pdNiSpXF7Z,Positive,72.0624,general,general,,Twitter
Dallas3,Corporate,32.8293128,-96.8272358,5616 Lemmon Ave,75209,Sat Oct 22 19:58:49 +0000 2016,"RT @dallasnews: Updated: Report says AT&amp;T, Time Warner boards meeting today to approve $80 billion deal https://t.co/ESCmoMhXLr | @krobijak…",Positive,93.0729,general,general,,Twitter
Dallas3,Corporate,32.8293128,-96.8272358,5616 Lemmon Ave,75209,Sat Oct 22 19:58:42 +0000 2016,RT @wfaachannel8: AT&amp;T agrees to buy Time Warner https://t.co/ovK4kZyTE4,Positive,63.9246,general,general,,Twitter
Dallas3,Corporate,32.8293128,-96.8272358,5616 Lemmon Ave,75209,Sat Oct 22 19:58:16 +0000 2016,RT @wfaachannel8: AT&amp;T agrees to buy Time Warner https://t.co/ovK4kZyTE4,Positive,63.9246,general,general,,Twitter
Dallas3,Corporate,32.8293128,-96.8272358,5616 Lemmon Ave,75209,Sat Oct 22 19:57:46 +0000 2016,AT&amp;T agrees to buy Time Warner https://t.co/R91iNRj1QW,Positive,63.9246,general,general,,Twitter
Dallas3,Corporate,32.8293128,-96.8272358,5616 Lemmon Ave,75209,Sat Oct 22 19:57:45 +0000 2016,AT&amp;T agrees to buy Time Warner https://t.co/ovK4kZyTE4,Positive,63.9246,general,general,,Twitter
Dallas3,Corporate,32.8293128,-96.8272358,5616 Lemmon Ave,75209,Sat Oct 22 19:56:32 +0000 2016,"https://t.co/15Vzs83eHM
 Via #CNNMoneyStream",Neutral,50.0000,general,general,,Twitter
Dallas3,Corporate,32.8293128,-96.8272358,5616 Lemmon Ave,75209,Sat Oct 22 19:56:31 +0000 2016,"Updated: Report says AT&amp;T, Time Warner boards meeting today to approve $80 billion deal https://t.co/ESCmoMhXLr |… https://t.co/1cdH1trwCc",Positive,93.0729,general,general,,Twitter
Dallas3,Corporate,32.8293128,-96.8272358,5616 Lemmon Ave,75209,Sat Oct 22 19:51:51 +0000 2016,"RT @theblaze: Report: AT&amp;T wants to buy Time Warner in $80 billion mega-deal
https://t.co/QEDAC95J1T https://t.co/ChTnEiekcu",Positive,63.9246,general,general,,Twitter
Dallas3,Corporate,32.8293128,-96.8272358,5616 Lemmon Ave,75209,Sat Oct 22 19:51:48 +0000 2016,AT https://t.co/hlEAt5NARk,Neutral,50.0000,general,general,,Twitter
Dallas3,Corporate,32.8293128,-96.8272358,5616 Lemmon Ave,75209,Sat Oct 22 19:49:35 +0000 2016,"RT @theblaze: Report: AT&amp;T wants to buy Time Warner in $80 billion mega-deal
https://t.co/QEDAC95J1T https://t.co/ChTnEiekcu",Positive,63.9246,general,general,,Twitter
Dallas3,Corporate,32.8293128,-96.8272358,5616 Lemmon Ave,75209,Sat Oct 22 19:49:13 +0000 2016,RT @ATT: Welcome to the team! @taylorswift13 https://t.co/4h86nLYuLo https://t.co/gAHOi7fPrZ,Positive,84.3125,general,general,,Twitter
Dallas3,Corporate,32.8293128,-96.8272358,5616 Lemmon Ave,75209,Sat Oct 22 19:48:51 +0000 2016,"RT @theblaze: Report: AT&amp;T wants to buy Time Warner in $80 billion mega-deal
https://t.co/QEDAC95J1T https://t.co/ChTnEiekcu",Positive,63.9246,general,general,,Twitter
Dallas3,Corporate,32.8293128,-96.8272358,5616 Lemmon Ave,75209,Sat Oct 22 19:48:39 +0000 2016,"RT @theblaze: Report: AT&amp;T wants to buy Time Warner in $80 billion mega-deal
https://t.co/QEDAC95J1T https://t.co/ChTnEiekcu",Positive,63.9246,general,general,,Twitter
Dallas3,Corporate,32.8293128,-96.8272358,5616 Lemmon Ave,75209,Sat Oct 22 19:47:35 +0000 2016,RT @dallasnews: Report: AT&amp;T-Time Warner merger getting closer as boards meet today to approve $80 billion deal https://t.co/E6Ev3HDFfu htt…,Positive,93.1322,general,general,,Twitter
Dallas3,Corporate,32.8293128,-96.8272358,5616 Lemmon Ave,75209,Sat Oct 22 19:43:43 +0000 2016,Donald Trump says he would block AT&amp;amp;T-Time Warner merger if elected https://t.co/kh0N8cocJx via @dallasnews,Positive,73.6044,general,general,,Twitter
Dallas3,Corporate,32.8293128,-96.8272358,5616 Lemmon Ave,75209,Sat Oct 22 19:42:37 +0000 2016,"RT @theblaze: Report: AT&amp;T wants to buy Time Warner in $80 billion mega-deal
https://t.co/QEDAC95J1T https://t.co/ChTnEiekcu",Positive,63.9246,general,general,,Twitter
Dallas3,Corporate,32.8293128,-96.8272358,5616 Lemmon Ave,75209,Sat Oct 22 19:42:32 +0000 2016,RT @dallasnews: Report: AT&amp;T-Time Warner merger getting closer as boards meet today to approve $80 billion deal https://t.co/E6Ev3HDFfu htt…,Positive,93.1322,general,general,,Twitter
Dallas3,Corporate,32.8293128,-96.8272358,5616 Lemmon Ave,75209,Sat Oct 22 19:42:22 +0000 2016,"AT&amp;T Preps ""Media Colossus"" with Time Warner at Customers' Expense - https://t.co/9ighRaF0Xx",Positive,65.1229,general,general,,Twitter
Dallas3,Corporate,32.8293128,-96.8272358,5616 Lemmon Ave,75209,Sat Oct 22 19:41:36 +0000 2016,Report: AT&amp;T-Time Warner merger getting closer as boards meet today to approve $80 billion deal… https://t.co/jhLow5p0ud,Positive,90.3061,general,general,,Twitter
Dallas3,Corporate,32.8293128,-96.8272358,5616 Lemmon Ave,75209,Sat Oct 22 19:41:28 +0000 2016,"RT @theblaze: Report: AT&amp;T wants to buy Time Warner in $80 billion mega-deal
https://t.co/QEDAC95J1T https://t.co/ChTnEiekcu",Positive,63.9246,general,general,,Twitter
Dallas3,Corporate,32.8293128,-96.8272358,5616 Lemmon Ave,75209,Sat Oct 22 19:41:11 +0000 2016,"RT @theblaze: Report: AT&amp;T wants to buy Time Warner in $80 billion mega-deal
https://t.co/QEDAC95J1T https://t.co/ChTnEiekcu",Positive,63.9246,general,general,,Twitter
Dallas3,Corporate,32.8293128,-96.8272358,5616 Lemmon Ave,75209,Sat Oct 22 19:40:34 +0000 2016,AT&amp;T Agrees to Buy Time Warner for More Than $80 Billion - https://t.co/0pzW2ZR24l https://t.co/rdbwVLsnwk,Positive,71.0501,general,general,,Twitter
Dallas3,Corporate,32.8293128,-96.8272358,5616 Lemmon Ave,75209,Sat Oct 22 19:40:24 +0000 2016,"RT @theblaze: Report: AT&amp;T wants to buy Time Warner in $80 billion mega-deal
https://t.co/QEDAC95J1T https://t.co/ChTnEiekcu",Positive,63.9246,general,general,,Twitter
Dallas3,Corporate,32.8293128,-96.8272358,5616 Lemmon Ave,75209,Sat Oct 22 19:40:19 +0000 2016,"RT @theblaze: Report: AT&amp;T wants to buy Time Warner in $80 billion mega-deal
https://t.co/QEDAC95J1T https://t.co/ChTnEiekcu",Positive,63.9246,general,general,,Twitter
Dallas3,Corporate,32.8293128,-96.8272358,5616 Lemmon Ave,75209,Sat Oct 22 19:40:19 +0000 2016,"RT @dallasnews: Updated: Report says AT&amp;T, Time Warner boards meeting today to approve $80 billion deal https://t.co/ESCmoMhXLr | @krobijak…",Positive,93.0729,general,general,,Twitter
Dallas3,Corporate,32.8293128,-96.8272358,5616 Lemmon Ave,75209,Sat Oct 22 19:40:03 +0000 2016,"Report: AT&amp;T wants to buy Time Warner in $80 billion mega-deal
https://t.co/QEDAC95J1T https://t.co/ChTnEiekcu",Positive,63.9246,general,general,,Twitter
Dallas3,Corporate,32.8293128,-96.8272358,5616 Lemmon Ave,75209,Sat Oct 22 19:38:02 +0000 2016,RT @ATT: Welcome to the team! @taylorswift13 https://t.co/4h86nLYuLo https://t.co/gAHOi7fPrZ,Positive,84.3125,general,general,,Twitter
Dallas3,Corporate,32.8293128,-96.8272358,5616 Lemmon Ave,75209,Sat Oct 22 19:37:57 +0000 2016,"RT @dallasnews: Updated: Report says AT&amp;T, Time Warner boards meeting today to approve $80 billion deal https://t.co/ESCmoMhXLr | @krobijak…",Positive,93.0729,general,general,,Twitter
Dallas3,Corporate,32.8293128,-96.8272358,5616 Lemmon Ave,75209,Sat Oct 22 19:37:14 +0000 2016,"RT @dallasnews: Updated: Report says AT&amp;T, Time Warner boards meeting today to approve $80 billion deal https://t.co/ESCmoMhXLr | @krobijak…",Positive,93.0729,general,general,,Twitter
Dallas3,Corporate,32.8293128,-96.8272358,5616 Lemmon Ave,75209,Sat Oct 22 19:36:49 +0000 2016,"Updated: Report says AT&amp;T, Time Warner boards meeting today to approve $80 billion deal https://t.co/ESCmoMhXLr |… https://t.co/nqT5Ml7Dcu",Positive,93.0729,general,general,,Twitter
Dallas3,Corporate,32.8293128,-96.8272358,5616 Lemmon Ave,75209,Sat Oct 22 19:36:23 +0000 2016,When your blankity-blank cable goes out right before kickoff #TAMUvsBAMA #GigEm @ATT,Neutral,53.6983,general,general,,Twitter
Dallas3,Corporate,32.8293128,-96.8272358,5616 Lemmon Ave,75209,Sat Oct 22 19:31:50 +0000 2016,Why AT&amp;T Buying Time Warner Makes Sense via @forbes https://t.co/QaDOWw1pG8,Neutral,59.3925,general,general,,Twitter
