Dallas12,Authorized,32.836504,-96.771185,5618 E Mockingbird Lane,75206,Sun Oct 23 01:59:53 +0000 2016,RT @ATT: The #futureofvideo is mobile and the #futureofmobile is video. Time Warner + AT&amp;T make it happen! @twxcorp https://t.co/GKx4U9TQYg,Neutral,56.0321,general,general,,Twitter
Dallas12,Authorized,32.836504,-96.771185,5618 E Mockingbird Lane,75206,Sun Oct 23 01:58:15 +0000 2016,RT @ATT: Welcome to the team! @taylorswift13 https://t.co/4h86nLYuLo https://t.co/gAHOi7fPrZ,Positive,84.3125,general,general,,Twitter
Dallas12,Authorized,32.836504,-96.771185,5618 E Mockingbird Lane,75206,Sun Oct 23 01:49:47 +0000 2016,"RT @ATT: Watch the @GreenDay @iHeartRadio Album Release Party Tonight, 9pm ET/PT on AUDIENCE. DIRECTV ch 239/U-verse ch 1114. https://t.co/…",Neutral,59.5550,directv,general,,Twitter
Dallas12,Authorized,32.836504,-96.771185,5618 E Mockingbird Lane,75206,Sun Oct 23 01:48:02 +0000 2016,RT @ATT: Get a sweet deal on the new iPhone 7 when you switch to AT&amp;T and have DIRECTV. https://t.co/TQVeUkmeZ6 https://t.co/zfZmNpe8AP,Positive,98.0584,directv,general,,Twitter
Dallas12,Authorized,32.836504,-96.771185,5618 E Mockingbird Lane,75206,Sun Oct 23 01:47:38 +0000 2016,"RT @ATT: Watch the @GreenDay @iHeartRadio Album Release Party Tonight, 9pm ET/PT on AUDIENCE. DIRECTV ch 239/U-verse ch 1114. https://t.co/…",Neutral,59.5550,directv,general,,Twitter
Dallas12,Authorized,32.836504,-96.771185,5618 E Mockingbird Lane,75206,Sun Oct 23 01:44:20 +0000 2016,RT @ATT: The #futureofvideo is mobile and the #futureofmobile is video. Time Warner + AT&amp;T make it happen! @twxcorp https://t.co/GKx4U9TQYg,Neutral,56.0321,general,general,,Twitter
Dallas12,Authorized,32.836504,-96.771185,5618 E Mockingbird Lane,75206,Sun Oct 23 01:43:31 +0000 2016,RT @ATT: Are you ready for the revolution? Watch the @GreenDay @iHeartRadio Album Release Party now. #iHeartGreenDay https://t.co/ec2gZXKu7U,Neutral,59.0894,general,general,,Twitter
Dallas12,Authorized,32.836504,-96.771185,5618 E Mockingbird Lane,75206,Sun Oct 23 01:42:44 +0000 2016,RT @ATT: The #futureofvideo is mobile and the #futureofmobile is video. Time Warner + AT&amp;T make it happen! @twxcorp https://t.co/GKx4U9TQYg,Neutral,56.0321,general,general,,Twitter
Dallas12,Authorized,32.836504,-96.771185,5618 E Mockingbird Lane,75206,Sun Oct 23 01:40:43 +0000 2016,"RT @ATT: Watch the @GreenDay @iHeartRadio Album Release Party Tonight, 9pm ET/PT on AUDIENCE. DIRECTV ch 239/U-verse ch 1114. https://t.co/…",Neutral,59.5550,directv,general,,Twitter
Dallas12,Authorized,32.836504,-96.771185,5618 E Mockingbird Lane,75206,Sun Oct 23 01:40:13 +0000 2016,RT @ATT: The #futureofvideo is mobile and the #futureofmobile is video. Time Warner + AT&amp;T make it happen! @twxcorp https://t.co/GKx4U9TQYg,Neutral,56.0321,general,general,,Twitter
Dallas12,Authorized,32.836504,-96.771185,5618 E Mockingbird Lane,75206,Sun Oct 23 01:39:39 +0000 2016,RT @ATT: The #futureofvideo is mobile and the #futureofmobile is video. Time Warner + AT&amp;T make it happen! @twxcorp https://t.co/GKx4U9TQYg,Neutral,56.0321,general,general,,Twitter
Dallas12,Authorized,32.836504,-96.771185,5618 E Mockingbird Lane,75206,Sun Oct 23 01:36:51 +0000 2016,RT @ATT: The #futureofvideo is mobile and the #futureofmobile is video. Time Warner + AT&amp;T make it happen! @twxcorp https://t.co/GKx4U9TQYg,Neutral,56.0321,general,general,,Twitter
Dallas12,Authorized,32.836504,-96.771185,5618 E Mockingbird Lane,75206,Sun Oct 23 01:36:16 +0000 2016,RT @ATT: The #futureofvideo is mobile and the #futureofmobile is video. Time Warner + AT&amp;T make it happen! @twxcorp https://t.co/GKx4U9TQYg,Neutral,56.0321,general,general,,Twitter
Dallas12,Authorized,32.836504,-96.771185,5618 E Mockingbird Lane,75206,Sun Oct 23 01:36:01 +0000 2016,RT @ATT: The #futureofvideo is mobile and the #futureofmobile is video. Time Warner + AT&amp;T make it happen! @twxcorp https://t.co/GKx4U9TQYg,Neutral,56.0321,general,general,,Twitter
Dallas12,Authorized,32.836504,-96.771185,5618 E Mockingbird Lane,75206,Sun Oct 23 01:32:37 +0000 2016,"RT @ATT: Watch the @GreenDay @iHeartRadio Album Release Party Tonight, 9pm ET/PT on AUDIENCE. DIRECTV ch 239/U-verse ch 1114. https://t.co/…",Neutral,59.5550,directv,general,,Twitter
Dallas12,Authorized,32.836504,-96.771185,5618 E Mockingbird Lane,75206,Sun Oct 23 01:32:04 +0000 2016,"RT @ATT: Some people may wait a lifetime, but you don't have to. On 11/2-3, AT&amp;T customers can buy @kelly_clarkson tix early. https://t.co/…",Neutral,60.4188,general,general,,Twitter
Dallas12,Authorized,32.836504,-96.771185,5618 E Mockingbird Lane,75206,Sun Oct 23 01:30:43 +0000 2016,RT @ATT: The #futureofvideo is mobile and the #futureofmobile is video. Time Warner + AT&amp;T make it happen! @twxcorp https://t.co/GKx4U9TQYg,Neutral,56.0321,general,general,,Twitter
Dallas12,Authorized,32.836504,-96.771185,5618 E Mockingbird Lane,75206,Sun Oct 23 01:29:37 +0000 2016,RT @ATT: The #futureofvideo is mobile and the #futureofmobile is video. Time Warner + AT&amp;T make it happen! @twxcorp https://t.co/GKx4U9TQYg,Neutral,56.0321,general,general,,Twitter
Dallas12,Authorized,32.836504,-96.771185,5618 E Mockingbird Lane,75206,Sun Oct 23 01:29:00 +0000 2016,RT @ATT: The #futureofvideo is mobile and the #futureofmobile is video. Time Warner + AT&amp;T make it happen! @twxcorp https://t.co/GKx4U9TQYg,Neutral,56.0321,general,general,,Twitter
Dallas12,Authorized,32.836504,-96.771185,5618 E Mockingbird Lane,75206,Sun Oct 23 01:25:08 +0000 2016,RT @ATT: Welcome to the team! @taylorswift13 https://t.co/4h86nLYuLo https://t.co/gAHOi7fPrZ,Positive,84.3125,general,general,,Twitter
Dallas12,Authorized,32.836504,-96.771185,5618 E Mockingbird Lane,75206,Sun Oct 23 01:24:04 +0000 2016,"RT @ATT: @EliteTravelGal Enjoy your new gear, Stacy! 😍 https://t.co/GodmaxF4Xq",Positive,67.4207,general,general,,Twitter
Dallas12,Authorized,32.836504,-96.771185,5618 E Mockingbird Lane,75206,Sun Oct 23 01:18:48 +0000 2016,RT @ATT: The #futureofvideo is mobile and the #futureofmobile is video. Time Warner + AT&amp;T make it happen! @twxcorp https://t.co/GKx4U9TQYg,Neutral,56.0321,general,general,,Twitter
Dallas12,Authorized,32.836504,-96.771185,5618 E Mockingbird Lane,75206,Sun Oct 23 01:16:01 +0000 2016,RT @ATT: The #futureofvideo is mobile and the #futureofmobile is video. Time Warner + AT&amp;T make it happen! @twxcorp https://t.co/GKx4U9TQYg,Neutral,56.0321,general,general,,Twitter
Dallas12,Authorized,32.836504,-96.771185,5618 E Mockingbird Lane,75206,Sun Oct 23 01:15:50 +0000 2016,RT @ATT: The #futureofvideo is mobile and the #futureofmobile is video. Time Warner + AT&amp;T make it happen! @twxcorp https://t.co/GKx4U9TQYg,Neutral,56.0321,general,general,,Twitter
Dallas12,Authorized,32.836504,-96.771185,5618 E Mockingbird Lane,75206,Sun Oct 23 01:11:07 +0000 2016,RT @ATT: Welcome to the team! @taylorswift13 https://t.co/4h86nLYuLo https://t.co/gAHOi7fPrZ,Positive,84.3125,general,general,,Twitter
Dallas12,Authorized,32.836504,-96.771185,5618 E Mockingbird Lane,75206,Sun Oct 23 01:09:18 +0000 2016,",@ATT statement re: deal to purchase Time Warner https://t.co/0qE8E6LSSZ",Positive,86.5707,general,general,,Twitter
Dallas12,Authorized,32.836504,-96.771185,5618 E Mockingbird Lane,75206,Sun Oct 23 01:08:20 +0000 2016,RT @ATT: The #futureofvideo is mobile and the #futureofmobile is video. Time Warner + AT&amp;T make it happen! @twxcorp https://t.co/GKx4U9TQYg,Neutral,56.0321,general,general,,Twitter
Dallas12,Authorized,32.836504,-96.771185,5618 E Mockingbird Lane,75206,Sun Oct 23 01:05:18 +0000 2016,"RT @ATT: Some people may wait a lifetime, but you don't have to. On 11/2-3, AT&amp;T customers can buy @kelly_clarkson tix early. https://t.co/…",Neutral,60.4188,general,general,,Twitter
Dallas12,Authorized,32.836504,-96.771185,5618 E Mockingbird Lane,75206,Sun Oct 23 01:04:54 +0000 2016,RT @ATT: The #futureofvideo is mobile and the #futureofmobile is video. Time Warner + AT&amp;T make it happen! @twxcorp https://t.co/GKx4U9TQYg,Neutral,56.0321,general,general,,Twitter
Dallas12,Authorized,32.836504,-96.771185,5618 E Mockingbird Lane,75206,Sun Oct 23 01:02:15 +0000 2016,RT @ATT: The #futureofvideo is mobile and the #futureofmobile is video. Time Warner + AT&amp;T make it happen! @twxcorp https://t.co/GKx4U9TQYg,Neutral,56.0321,general,general,,Twitter
Dallas12,Authorized,32.836504,-96.771185,5618 E Mockingbird Lane,75206,Sun Oct 23 01:01:22 +0000 2016,RT @ATT: The #futureofvideo is mobile and the #futureofmobile is video. Time Warner + AT&amp;T make it happen! @twxcorp https://t.co/GKx4U9TQYg,Neutral,56.0321,general,general,,Twitter
Dallas12,Authorized,32.836504,-96.771185,5618 E Mockingbird Lane,75206,Sun Oct 23 00:59:33 +0000 2016,RT @ATT: The #futureofvideo is mobile and the #futureofmobile is video. Time Warner + AT&amp;T make it happen! @twxcorp https://t.co/GKx4U9TQYg,Neutral,56.0321,general,general,,Twitter
Dallas12,Authorized,32.836504,-96.771185,5618 E Mockingbird Lane,75206,Sun Oct 23 00:59:29 +0000 2016,RT @ATT: Welcome to the team! @taylorswift13 https://t.co/4h86nLYuLo https://t.co/gAHOi7fPrZ,Positive,84.3125,general,general,,Twitter
Dallas12,Authorized,32.836504,-96.771185,5618 E Mockingbird Lane,75206,Sun Oct 23 00:58:43 +0000 2016,RT @ATT: Welcome to the team! @taylorswift13 https://t.co/4h86nLYuLo https://t.co/gAHOi7fPrZ,Positive,84.3125,general,general,,Twitter
Dallas12,Authorized,32.836504,-96.771185,5618 E Mockingbird Lane,75206,Sun Oct 23 00:56:51 +0000 2016,RT @ATT: The #futureofvideo is mobile and the #futureofmobile is video. Time Warner + AT&amp;T make it happen! @twxcorp https://t.co/GKx4U9TQYg,Neutral,56.0321,general,general,,Twitter
Dallas12,Authorized,32.836504,-96.771185,5618 E Mockingbird Lane,75206,Sun Oct 23 00:54:46 +0000 2016,RT @ATT: The #futureofvideo is mobile and the #futureofmobile is video. Time Warner + AT&amp;T make it happen! @twxcorp https://t.co/GKx4U9TQYg,Neutral,56.0321,general,general,,Twitter
Dallas12,Authorized,32.836504,-96.771185,5618 E Mockingbird Lane,75206,Sun Oct 23 00:54:38 +0000 2016,RT @ATT: Welcome to the team! @taylorswift13 https://t.co/4h86nLYuLo https://t.co/gAHOi7fPrZ,Positive,84.3125,general,general,,Twitter
Dallas12,Authorized,32.836504,-96.771185,5618 E Mockingbird Lane,75206,Sun Oct 23 00:52:09 +0000 2016,RT @ATT: The #futureofvideo is mobile and the #futureofmobile is video. Time Warner + AT&amp;T make it happen! @twxcorp https://t.co/GKx4U9TQYg,Neutral,56.0321,general,general,,Twitter
Dallas12,Authorized,32.836504,-96.771185,5618 E Mockingbird Lane,75206,Sun Oct 23 00:51:33 +0000 2016,RT @ATT: The #futureofvideo is mobile and the #futureofmobile is video. Time Warner + AT&amp;T make it happen! @twxcorp https://t.co/GKx4U9TQYg,Neutral,56.0321,general,general,,Twitter
Dallas12,Authorized,32.836504,-96.771185,5618 E Mockingbird Lane,75206,Sun Oct 23 00:51:32 +0000 2016,RT @ATT: The #futureofvideo is mobile and the #futureofmobile is video. Time Warner + AT&amp;T make it happen! @twxcorp https://t.co/GKx4U9TQYg,Neutral,56.0321,general,general,,Twitter
Dallas12,Authorized,32.836504,-96.771185,5618 E Mockingbird Lane,75206,Sun Oct 23 00:50:26 +0000 2016,RT @ATT: Welcome to the team! @taylorswift13 https://t.co/4h86nLYuLo https://t.co/gAHOi7fPrZ,Positive,84.3125,general,general,,Twitter
Dallas12,Authorized,32.836504,-96.771185,5618 E Mockingbird Lane,75206,Sun Oct 23 00:50:15 +0000 2016,RT @ATT: The #futureofvideo is mobile and the #futureofmobile is video. Time Warner + AT&amp;T make it happen! @twxcorp https://t.co/GKx4U9TQYg,Neutral,56.0321,general,general,,Twitter
Dallas12,Authorized,32.836504,-96.771185,5618 E Mockingbird Lane,75206,Sun Oct 23 00:49:17 +0000 2016,RT @ATT: The #futureofvideo is mobile and the #futureofmobile is video. Time Warner + AT&amp;T make it happen! @twxcorp https://t.co/GKx4U9TQYg,Neutral,56.0321,general,general,,Twitter
Dallas12,Authorized,32.836504,-96.771185,5618 E Mockingbird Lane,75206,Sun Oct 23 00:47:24 +0000 2016,RT @ATT: The #futureofvideo is mobile and the #futureofmobile is video. Time Warner + AT&amp;T make it happen! @twxcorp https://t.co/GKx4U9TQYg,Neutral,56.0321,general,general,,Twitter
Dallas12,Authorized,32.836504,-96.771185,5618 E Mockingbird Lane,75206,Sun Oct 23 00:47:06 +0000 2016,"RT @ATT: Watch the @GreenDay @iHeartRadio Album Release Party Tonight, 9pm ET/PT on AUDIENCE. DIRECTV ch 239/U-verse ch 1114. https://t.co/…",Neutral,59.5550,directv,general,,Twitter
Dallas12,Authorized,32.836504,-96.771185,5618 E Mockingbird Lane,75206,Sun Oct 23 00:45:59 +0000 2016,RT @ATT: Welcome to the team! @taylorswift13 https://t.co/4h86nLYuLo https://t.co/gAHOi7fPrZ,Positive,84.3125,general,general,,Twitter
Dallas12,Authorized,32.836504,-96.771185,5618 E Mockingbird Lane,75206,Sun Oct 23 00:45:41 +0000 2016,RT @ATT: The #futureofvideo is mobile and the #futureofmobile is video. Time Warner + AT&amp;T make it happen! @twxcorp https://t.co/GKx4U9TQYg,Neutral,56.0321,general,general,,Twitter
Dallas12,Authorized,32.836504,-96.771185,5618 E Mockingbird Lane,75206,Sun Oct 23 00:44:46 +0000 2016,RT @ATT: The #futureofvideo is mobile and the #futureofmobile is video. Time Warner + AT&amp;T make it happen! @twxcorp https://t.co/GKx4U9TQYg,Neutral,56.0321,general,general,,Twitter
Dallas12,Authorized,32.836504,-96.771185,5618 E Mockingbird Lane,75206,Sun Oct 23 00:44:36 +0000 2016,RT @ATT: The #futureofvideo is mobile and the #futureofmobile is video. Time Warner + AT&amp;T make it happen! @twxcorp https://t.co/GKx4U9TQYg,Neutral,56.0321,general,general,,Twitter
Dallas12,Authorized,32.836504,-96.771185,5618 E Mockingbird Lane,75206,Sun Oct 23 00:44:29 +0000 2016,"RT @ATT: Some people may wait a lifetime, but you don't have to. On 11/2-3, AT&amp;T customers can buy @kelly_clarkson tix early. https://t.co/…",Neutral,60.4188,general,general,,Twitter
Dallas12,Authorized,32.836504,-96.771185,5618 E Mockingbird Lane,75206,Sun Oct 23 00:43:29 +0000 2016,"RT @ATT: @EliteTravelGal Enjoy your new gear, Stacy! 😍 https://t.co/GodmaxF4Xq",Positive,67.4207,general,general,,Twitter
Dallas12,Authorized,32.836504,-96.771185,5618 E Mockingbird Lane,75206,Sun Oct 23 00:40:27 +0000 2016,RT @ATT: The #futureofvideo is mobile and the #futureofmobile is video. Time Warner + AT&amp;T make it happen! @twxcorp https://t.co/GKx4U9TQYg,Neutral,56.0321,general,general,,Twitter
Dallas12,Authorized,32.836504,-96.771185,5618 E Mockingbird Lane,75206,Sun Oct 23 00:38:54 +0000 2016,"RT @ATT: Watch the @GreenDay @iHeartRadio Album Release Party Tonight, 9pm ET/PT on AUDIENCE. DIRECTV ch 239/U-verse ch 1114. https://t.co/…",Neutral,59.5550,directv,general,,Twitter
Dallas12,Authorized,32.836504,-96.771185,5618 E Mockingbird Lane,75206,Sun Oct 23 00:37:12 +0000 2016,RT @ATT: The #futureofvideo is mobile and the #futureofmobile is video. Time Warner + AT&amp;T make it happen! @twxcorp https://t.co/GKx4U9TQYg,Neutral,56.0321,general,general,,Twitter
Dallas12,Authorized,32.836504,-96.771185,5618 E Mockingbird Lane,75206,Sun Oct 23 00:36:52 +0000 2016,RT @ATT: The #futureofvideo is mobile and the #futureofmobile is video. Time Warner + AT&amp;T make it happen! @twxcorp https://t.co/GKx4U9TQYg,Neutral,56.0321,general,general,,Twitter
Dallas12,Authorized,32.836504,-96.771185,5618 E Mockingbird Lane,75206,Sun Oct 23 00:36:27 +0000 2016,RT @ATT: The #futureofvideo is mobile and the #futureofmobile is video. Time Warner + AT&amp;T make it happen! @twxcorp https://t.co/GKx4U9TQYg,Neutral,56.0321,general,general,,Twitter
Dallas12,Authorized,32.836504,-96.771185,5618 E Mockingbird Lane,75206,Sun Oct 23 00:35:25 +0000 2016,RT @ATT: The #futureofvideo is mobile and the #futureofmobile is video. Time Warner + AT&amp;T make it happen! @twxcorp https://t.co/GKx4U9TQYg,Neutral,56.0321,general,general,,Twitter
Dallas12,Authorized,32.836504,-96.771185,5618 E Mockingbird Lane,75206,Sun Oct 23 00:34:54 +0000 2016,RT @ATT: Welcome to the team! @taylorswift13 https://t.co/4h86nLYuLo https://t.co/gAHOi7fPrZ,Positive,84.3125,general,general,,Twitter
Dallas12,Authorized,32.836504,-96.771185,5618 E Mockingbird Lane,75206,Sun Oct 23 00:33:58 +0000 2016,RT @ATT: The #futureofvideo is mobile and the #futureofmobile is video. Time Warner + AT&amp;T make it happen! @twxcorp https://t.co/GKx4U9TQYg,Neutral,56.0321,general,general,,Twitter
Dallas12,Authorized,32.836504,-96.771185,5618 E Mockingbird Lane,75206,Sun Oct 23 00:31:48 +0000 2016,RT @ATT: The #futureofvideo is mobile and the #futureofmobile is video. Time Warner + AT&amp;T make it happen! @twxcorp https://t.co/GKx4U9TQYg,Neutral,56.0321,general,general,,Twitter
Dallas12,Authorized,32.836504,-96.771185,5618 E Mockingbird Lane,75206,Sun Oct 23 00:31:09 +0000 2016,RT @ATT: The #futureofvideo is mobile and the #futureofmobile is video. Time Warner + AT&amp;T make it happen! @twxcorp https://t.co/GKx4U9TQYg,Neutral,56.0321,general,general,,Twitter
Dallas12,Authorized,32.836504,-96.771185,5618 E Mockingbird Lane,75206,Sun Oct 23 00:30:29 +0000 2016,RT @ATT: Welcome to the team! @taylorswift13 https://t.co/4h86nLYuLo https://t.co/gAHOi7fPrZ,Positive,84.3125,general,general,,Twitter
Dallas12,Authorized,32.836504,-96.771185,5618 E Mockingbird Lane,75206,Sun Oct 23 00:28:40 +0000 2016,RT @ATT: The #futureofvideo is mobile and the #futureofmobile is video. Time Warner + AT&amp;T make it happen! @twxcorp https://t.co/GKx4U9TQYg,Neutral,56.0321,general,general,,Twitter
Dallas12,Authorized,32.836504,-96.771185,5618 E Mockingbird Lane,75206,Sun Oct 23 00:28:34 +0000 2016,RT @ATT: Get a sweet deal on the new iPhone 7 when you switch to AT&amp;T and have DIRECTV. https://t.co/TQVeUkmeZ6 https://t.co/zfZmNpe8AP,Positive,98.0584,directv,general,,Twitter
Dallas12,Authorized,32.836504,-96.771185,5618 E Mockingbird Lane,75206,Sun Oct 23 00:27:17 +0000 2016,RT @ATT: The #futureofvideo is mobile and the #futureofmobile is video. Time Warner + AT&amp;T make it happen! @twxcorp https://t.co/GKx4U9TQYg,Neutral,56.0321,general,general,,Twitter
Dallas12,Authorized,32.836504,-96.771185,5618 E Mockingbird Lane,75206,Sun Oct 23 00:26:33 +0000 2016,RT @KRLD: #BREAKING: Dallas-based @ATT buys HBO and CNN owner Time Warner for $85.4 billion. https://t.co/S5BXdXVGVB,Positive,79.5091,general,general,,Twitter
Dallas12,Authorized,32.836504,-96.771185,5618 E Mockingbird Lane,75206,Sun Oct 23 00:25:28 +0000 2016,RT @ATT: The #futureofvideo is mobile and the #futureofmobile is video. Time Warner + AT&amp;T make it happen! @twxcorp https://t.co/GKx4U9TQYg,Neutral,56.0321,general,general,,Twitter
Dallas12,Authorized,32.836504,-96.771185,5618 E Mockingbird Lane,75206,Sun Oct 23 00:24:28 +0000 2016,RT @ATT: The #futureofvideo is mobile and the #futureofmobile is video. Time Warner + AT&amp;T make it happen! @twxcorp https://t.co/GKx4U9TQYg,Neutral,56.0321,general,general,,Twitter
Dallas12,Authorized,32.836504,-96.771185,5618 E Mockingbird Lane,75206,Sun Oct 23 00:24:25 +0000 2016,RT @ATT: The #futureofvideo is mobile and the #futureofmobile is video. Time Warner + AT&amp;T make it happen! @twxcorp https://t.co/GKx4U9TQYg,Neutral,56.0321,general,general,,Twitter
Dallas12,Authorized,32.836504,-96.771185,5618 E Mockingbird Lane,75206,Sun Oct 23 00:24:14 +0000 2016,RT @ATT: The #futureofvideo is mobile and the #futureofmobile is video. Time Warner + AT&amp;T make it happen! @twxcorp https://t.co/GKx4U9TQYg,Neutral,56.0321,general,general,,Twitter
Dallas12,Authorized,32.836504,-96.771185,5618 E Mockingbird Lane,75206,Sun Oct 23 00:23:41 +0000 2016,RT @ATT: The #futureofvideo is mobile and the #futureofmobile is video. Time Warner + AT&amp;T make it happen! @twxcorp https://t.co/GKx4U9TQYg,Neutral,56.0321,general,general,,Twitter
Dallas12,Authorized,32.836504,-96.771185,5618 E Mockingbird Lane,75206,Sun Oct 23 00:23:30 +0000 2016,#BREAKING: Dallas-based @ATT buys HBO and CNN owner Time Warner for $85.4 billion. https://t.co/S5BXdXVGVB,Positive,79.5091,general,general,,Twitter
Dallas12,Authorized,32.836504,-96.771185,5618 E Mockingbird Lane,75206,Sun Oct 23 00:23:22 +0000 2016,RT @ATT: Welcome to the team! @taylorswift13 https://t.co/4h86nLYuLo https://t.co/gAHOi7fPrZ,Positive,84.3125,general,general,,Twitter
Dallas12,Authorized,32.836504,-96.771185,5618 E Mockingbird Lane,75206,Sun Oct 23 00:23:21 +0000 2016,RT @ATT: The #futureofvideo is mobile and the #futureofmobile is video. Time Warner + AT&amp;T make it happen! @twxcorp https://t.co/GKx4U9TQYg,Neutral,56.0321,general,general,,Twitter
Dallas12,Authorized,32.836504,-96.771185,5618 E Mockingbird Lane,75206,Sun Oct 23 00:23:15 +0000 2016,RT @ATT: The #futureofvideo is mobile and the #futureofmobile is video. Time Warner + AT&amp;T make it happen! @twxcorp https://t.co/GKx4U9TQYg,Neutral,56.0321,general,general,,Twitter
Dallas12,Authorized,32.836504,-96.771185,5618 E Mockingbird Lane,75206,Sun Oct 23 00:22:36 +0000 2016,When Yahoo is worth maybe $3b and a company which can't even show up to your house on the right day is worth $85b g… https://t.co/obFMAf9fV5,Negative,98.2815,general,general,,Twitter
Dallas12,Authorized,32.836504,-96.771185,5618 E Mockingbird Lane,75206,Sun Oct 23 00:22:02 +0000 2016,RT @ATT: The #futureofvideo is mobile and the #futureofmobile is video. Time Warner + AT&amp;T make it happen! @twxcorp https://t.co/GKx4U9TQYg,Neutral,56.0321,general,general,,Twitter
Dallas12,Authorized,32.836504,-96.771185,5618 E Mockingbird Lane,75206,Sun Oct 23 00:21:56 +0000 2016,RT @ATT: The #futureofvideo is mobile and the #futureofmobile is video. Time Warner + AT&amp;T make it happen! @twxcorp https://t.co/GKx4U9TQYg,Neutral,56.0321,general,general,,Twitter
Dallas12,Authorized,32.836504,-96.771185,5618 E Mockingbird Lane,75206,Sun Oct 23 00:20:38 +0000 2016,RT @ATT: The #futureofvideo is mobile and the #futureofmobile is video. Time Warner + AT&amp;T make it happen! @twxcorp https://t.co/GKx4U9TQYg,Neutral,56.0321,general,general,,Twitter
Dallas12,Authorized,32.836504,-96.771185,5618 E Mockingbird Lane,75206,Sun Oct 23 00:20:32 +0000 2016,RT @ATT: The #futureofvideo is mobile and the #futureofmobile is video. Time Warner + AT&amp;T make it happen! @twxcorp https://t.co/GKx4U9TQYg,Neutral,56.0321,general,general,,Twitter
Dallas12,Authorized,32.836504,-96.771185,5618 E Mockingbird Lane,75206,Sun Oct 23 00:20:06 +0000 2016,RT @ATT: The #futureofvideo is mobile and the #futureofmobile is video. Time Warner + AT&amp;T make it happen! @twxcorp https://t.co/GKx4U9TQYg,Neutral,56.0321,general,general,,Twitter
Dallas12,Authorized,32.836504,-96.771185,5618 E Mockingbird Lane,75206,Sun Oct 23 00:19:38 +0000 2016,RT @ATT: The #futureofvideo is mobile and the #futureofmobile is video. Time Warner + AT&amp;T make it happen! @twxcorp https://t.co/GKx4U9TQYg,Neutral,56.0321,general,general,,Twitter
Dallas12,Authorized,32.836504,-96.771185,5618 E Mockingbird Lane,75206,Sun Oct 23 00:19:38 +0000 2016,RT @ATT: The #futureofvideo is mobile and the #futureofmobile is video. Time Warner + AT&amp;T make it happen! @twxcorp https://t.co/GKx4U9TQYg,Neutral,56.0321,general,general,,Twitter
Dallas12,Authorized,32.836504,-96.771185,5618 E Mockingbird Lane,75206,Sun Oct 23 00:19:30 +0000 2016,RT @ATT: The #futureofvideo is mobile and the #futureofmobile is video. Time Warner + AT&amp;T make it happen! @twxcorp https://t.co/GKx4U9TQYg,Neutral,56.0321,general,general,,Twitter
Dallas12,Authorized,32.836504,-96.771185,5618 E Mockingbird Lane,75206,Sun Oct 23 00:19:21 +0000 2016,RT @ATT: The #futureofvideo is mobile and the #futureofmobile is video. Time Warner + AT&amp;T make it happen! @twxcorp https://t.co/GKx4U9TQYg,Neutral,56.0321,general,general,,Twitter
Dallas12,Authorized,32.836504,-96.771185,5618 E Mockingbird Lane,75206,Sun Oct 23 00:19:21 +0000 2016,RT @ATT: The #futureofvideo is mobile and the #futureofmobile is video. Time Warner + AT&amp;T make it happen! @twxcorp https://t.co/GKx4U9TQYg,Neutral,56.0321,general,general,,Twitter
Dallas12,Authorized,32.836504,-96.771185,5618 E Mockingbird Lane,75206,Sun Oct 23 00:18:48 +0000 2016,RT @ATT: Welcome to the team! @taylorswift13 https://t.co/4h86nLYuLo https://t.co/gAHOi7fPrZ,Positive,84.3125,general,general,,Twitter
Dallas12,Authorized,32.836504,-96.771185,5618 E Mockingbird Lane,75206,Sun Oct 23 00:18:00 +0000 2016,RT @ATT: The #futureofvideo is mobile and the #futureofmobile is video. Time Warner + AT&amp;T make it happen! @twxcorp https://t.co/GKx4U9TQYg,Neutral,56.0321,general,general,,Twitter
Dallas12,Authorized,32.836504,-96.771185,5618 E Mockingbird Lane,75206,Sun Oct 23 00:18:00 +0000 2016,RT @ATT: The #futureofvideo is mobile and the #futureofmobile is video. Time Warner + AT&amp;T make it happen! @twxcorp https://t.co/GKx4U9TQYg,Neutral,56.0321,general,general,,Twitter
Dallas12,Authorized,32.836504,-96.771185,5618 E Mockingbird Lane,75206,Sun Oct 23 00:17:35 +0000 2016,RT @ATT: The #futureofvideo is mobile and the #futureofmobile is video. Time Warner + AT&amp;T make it happen! @twxcorp https://t.co/GKx4U9TQYg,Neutral,56.0321,general,general,,Twitter
Dallas12,Authorized,32.836504,-96.771185,5618 E Mockingbird Lane,75206,Sun Oct 23 00:17:25 +0000 2016,RT @ATT: The #futureofvideo is mobile and the #futureofmobile is video. Time Warner + AT&amp;T make it happen! @twxcorp https://t.co/GKx4U9TQYg,Neutral,56.0321,general,general,,Twitter
Dallas12,Authorized,32.836504,-96.771185,5618 E Mockingbird Lane,75206,Sun Oct 23 00:16:59 +0000 2016,RT @ATT: The #futureofvideo is mobile and the #futureofmobile is video. Time Warner + AT&amp;T make it happen! @twxcorp https://t.co/GKx4U9TQYg,Neutral,56.0321,general,general,,Twitter
Dallas12,Authorized,32.836504,-96.771185,5618 E Mockingbird Lane,75206,Sun Oct 23 00:16:31 +0000 2016,RT @ATT: The #futureofvideo is mobile and the #futureofmobile is video. Time Warner + AT&amp;T make it happen! @twxcorp https://t.co/GKx4U9TQYg,Neutral,56.0321,general,general,,Twitter
Dallas12,Authorized,32.836504,-96.771185,5618 E Mockingbird Lane,75206,Sun Oct 23 00:16:04 +0000 2016,RT @ATT: The #futureofvideo is mobile and the #futureofmobile is video. Time Warner + AT&amp;T make it happen! @twxcorp https://t.co/GKx4U9TQYg,Neutral,56.0321,general,general,,Twitter
Dallas12,Authorized,32.836504,-96.771185,5618 E Mockingbird Lane,75206,Sun Oct 23 00:15:51 +0000 2016,RT @ATT: The #futureofvideo is mobile and the #futureofmobile is video. Time Warner + AT&amp;T make it happen! @twxcorp https://t.co/GKx4U9TQYg,Neutral,56.0321,general,general,,Twitter
Dallas12,Authorized,32.836504,-96.771185,5618 E Mockingbird Lane,75206,Sun Oct 23 00:15:43 +0000 2016,RT @ATT: The #futureofvideo is mobile and the #futureofmobile is video. Time Warner + AT&amp;T make it happen! @twxcorp https://t.co/GKx4U9TQYg,Neutral,56.0321,general,general,,Twitter
Dallas12,Authorized,32.836504,-96.771185,5618 E Mockingbird Lane,75206,Sun Oct 23 00:15:41 +0000 2016,RT @ATT: The #futureofvideo is mobile and the #futureofmobile is video. Time Warner + AT&amp;T make it happen! @twxcorp https://t.co/GKx4U9TQYg,Neutral,56.0321,general,general,,Twitter
Dallas12,Authorized,32.836504,-96.771185,5618 E Mockingbird Lane,75206,Sun Oct 23 00:15:34 +0000 2016,RT @ATT: The #futureofvideo is mobile and the #futureofmobile is video. Time Warner + AT&amp;T make it happen! @twxcorp https://t.co/GKx4U9TQYg,Neutral,56.0321,general,general,,Twitter
