Dallas5,Corporate,32.8342578,-96.7045404,1152 North Buckner Blvd,75218,Thu Oct 20 20:27:51 +0000 2016,"#BREAKING: Dallas-based @ATT, TimeWarner (@twxcorp) discussed a takeover in recent weeks https://t.co/WgKs53DzV1… https://t.co/hbwnTVcB5g",Neutral,57.9360,general,general,,Twitter
Dallas5,Corporate,32.8342578,-96.7045404,1152 North Buckner Blvd,75218,Thu Oct 20 20:27:48 +0000 2016,RT @attJOBS: Last year we donated $1M to @GirlsWhoCode &amp; the future careers of women technologists everywhere! #GHC16 https://t.co/rKDF99f5…,Positive,98.7368,general,general,,Twitter
Dallas5,Corporate,32.8342578,-96.7045404,1152 North Buckner Blvd,75218,Thu Oct 20 20:27:18 +0000 2016,RT @7onashoestring: Week 2 #ItCanWait Tip: The @ItCanWait DriveMode app is a great tool for staying distraction free! #sponsor https://t.co…,Positive,94.8253,general,general,,Twitter
Dallas5,Corporate,32.8342578,-96.7045404,1152 North Buckner Blvd,75218,Thu Oct 20 20:27:12 +0000 2016,RT @7onashoestring: Week 2 #ItCanWait Tip: The @ItCanWait DriveMode app is a great tool for staying distraction free! #sponsor https://t.co…,Positive,94.8253,general,general,,Twitter
Dallas5,Corporate,32.8342578,-96.7045404,1152 North Buckner Blvd,75218,Thu Oct 20 20:25:49 +0000 2016,"Dallas-based @ATT, TimeWarner (@twxcorp) discussed a takeover in recent weeks https://t.co/oHHLVaAY0m $twx $t https://t.co/pUAUTV1zEH",Neutral,57.9360,general,general,,Twitter
Dallas5,Corporate,32.8342578,-96.7045404,1152 North Buckner Blvd,75218,Thu Oct 20 20:25:41 +0000 2016,"AT&amp;T, Time Warner discussed a takeover in recent weeks https://t.co/pOFuCwvhoG #DFW #Tech",Positive,70.9352,general,general,,Twitter
Dallas5,Corporate,32.8342578,-96.7045404,1152 North Buckner Blvd,75218,Thu Oct 20 20:22:29 +0000 2016,RT @7onashoestring: Week 2 #ItCanWait Tip: The @ItCanWait DriveMode app is a great tool for staying distraction free! #sponsor https://t.co…,Positive,94.8253,general,general,,Twitter
Dallas5,Corporate,32.8342578,-96.7045404,1152 North Buckner Blvd,75218,Thu Oct 20 20:19:35 +0000 2016,RT @ATT: Welcome to the team! @taylorswift13 https://t.co/4h86nLYuLo https://t.co/gAHOi7fPrZ,Positive,84.3125,general,general,,Twitter
Dallas5,Corporate,32.8342578,-96.7045404,1152 North Buckner Blvd,75218,Thu Oct 20 20:17:46 +0000 2016,RT @7onashoestring: Have you taken the 21-Day #ItCanWait Challenge yet? Join me and @ItCanWait in the pledge to save lives! #sponsor https:…,Negative,62.2821,general,general,,Twitter
Dallas5,Corporate,32.8342578,-96.7045404,1152 North Buckner Blvd,75218,Thu Oct 20 20:15:18 +0000 2016,"Report: AT&amp;T, Time Warner discussed a takeover in recent weeks https://t.co/by7Ys7XbBO #DFW #realestate",Positive,70.9352,general,general,,Twitter
Dallas5,Corporate,32.8342578,-96.7045404,1152 North Buckner Blvd,75218,Thu Oct 20 20:15:00 +0000 2016,Last year we donated $1M to @GirlsWhoCode &amp; the future careers of women technologists everywhere! #GHC16 https://t.co/rKDF99f5uN,Positive,98.7368,general,general,,Twitter
Dallas5,Corporate,32.8342578,-96.7045404,1152 North Buckner Blvd,75218,Thu Oct 20 20:12:33 +0000 2016,Prelude: A Preview of Aurora 2017 at the AT&amp;T Performing Arts Center https://t.co/MHt0eOEVOd https://t.co/clS7iNK2qX,Positive,91.2919,general,general,,Twitter
Dallas5,Corporate,32.8342578,-96.7045404,1152 North Buckner Blvd,75218,Thu Oct 20 20:10:00 +0000 2016,Week 2 #ItCanWait Tip: The @ItCanWait DriveMode app is a great tool for staying distraction free! #sponsor https://t.co/ztfJysveWv,Positive,94.8253,general,general,,Twitter
Dallas5,Corporate,32.8342578,-96.7045404,1152 North Buckner Blvd,75218,Thu Oct 20 20:00:35 +0000 2016,"Im still stuck on this $589 UVerse bill, thats a payment on my lac!",Negative,69.7089,uverse,general,,Twitter
Dallas5,Corporate,32.8342578,-96.7045404,1152 North Buckner Blvd,75218,Thu Oct 20 20:00:03 +0000 2016,¡Llévanos contigo a la hermosa isla de #Cuba! Aprende más: https://t.co/xoNJKCjzYg https://t.co/vK24rrCX6w,Neutral,57.7016,general,general,,Twitter
Dallas5,Corporate,32.8342578,-96.7045404,1152 North Buckner Blvd,75218,Thu Oct 20 19:59:08 +0000 2016,RT @ATT: .@BinghamDb and @indicowie go undercover at an @MLS game…and you just have to watch the rest: https://t.co/fGvGIRRfFj https://t.co…,Negative,74.0062,general,general,,Twitter
Dallas5,Corporate,32.8342578,-96.7045404,1152 North Buckner Blvd,75218,Thu Oct 20 19:57:03 +0000 2016,RT @kalebpask: Join a Community of Innovation With a Job at AT&amp;T https://t.co/M8cBUfBLzN via @dailymuse @caroqliu,Negative,64.3951,general,general,,Twitter
Dallas5,Corporate,32.8342578,-96.7045404,1152 North Buckner Blvd,75218,Thu Oct 20 19:57:01 +0000 2016,Bruh they fuck up my Uverse with this fuck shit and I swear im dropping they ass https://t.co/dDjolM7ZlT,Negative,95.3785,uverse,general,,Twitter
Dallas5,Corporate,32.8342578,-96.7045404,1152 North Buckner Blvd,75218,Thu Oct 20 19:56:58 +0000 2016,"RT @kalebpask: Listen: Life At AT&amp;T Podcast ""Vice Presidents"" - with 3 #womenofATT #LifeatATT https://t.co/lwGGwG5OnJ #attemployee https://…",Positive,82.4150,general,general,,Twitter
Dallas5,Corporate,32.8342578,-96.7045404,1152 North Buckner Blvd,75218,Thu Oct 20 19:56:29 +0000 2016,RT @attJOBS: At the end of an interview you have a chance to make a lasting impression. Take it! Learn how: https://t.co/Fq9rgFL6f3 #Career…,Positive,95.7819,general,general,,Twitter
Dallas5,Corporate,32.8342578,-96.7045404,1152 North Buckner Blvd,75218,Thu Oct 20 19:53:50 +0000 2016,RT @ATT: .@BinghamDb and @indicowie go undercover at an @MLS game…and you just have to watch the rest: https://t.co/fGvGIRRfFj https://t.co…,Negative,74.0062,general,general,,Twitter
Dallas5,Corporate,32.8342578,-96.7045404,1152 North Buckner Blvd,75218,Thu Oct 20 19:42:31 +0000 2016,https://t.co/I886ACEhFx via @sharethis SO You have a bad attitude and sould not have been on TV. must be you fault not Trumps,Negative,97.1838,general,general,,Twitter
Dallas5,Corporate,32.8342578,-96.7045404,1152 North Buckner Blvd,75218,Thu Oct 20 19:39:00 +0000 2016,RT @ATT: Who made you a college 🏈 fan? Share with #MadeMeAFanContest for a chance to win. Rules https://t.co/hU3I3wFn5V https://t.co/xZbxUJ…,Positive,88.9294,general,general,,Twitter
Dallas5,Corporate,32.8342578,-96.7045404,1152 North Buckner Blvd,75218,Thu Oct 20 19:33:51 +0000 2016,RT @ATT: Welcome to the team! @taylorswift13 https://t.co/4h86nLYuLo https://t.co/gAHOi7fPrZ,Positive,84.3125,general,general,,Twitter
Dallas5,Corporate,32.8342578,-96.7045404,1152 North Buckner Blvd,75218,Thu Oct 20 19:30:02 +0000 2016,Step into the shoes of our own Madeline Littrell and see what a day in the #LifeAtATT is really like:… https://t.co/Qp5xpuCaJ5,Positive,78.9124,general,general,,Twitter
Dallas5,Corporate,32.8342578,-96.7045404,1152 North Buckner Blvd,75218,Thu Oct 20 19:22:41 +0000 2016,😃 Hey!  https://t.co/cMTQQI0fki,Neutral,60.6915,general,general,,Twitter
Dallas5,Corporate,32.8342578,-96.7045404,1152 North Buckner Blvd,75218,Thu Oct 20 19:22:41 +0000 2016,RT @ATT: Welcome to the team! @taylorswift13 https://t.co/4h86nLYuLo https://t.co/gAHOi7fPrZ,Positive,84.3125,general,general,,Twitter
Dallas5,Corporate,32.8342578,-96.7045404,1152 North Buckner Blvd,75218,Thu Oct 20 19:11:29 +0000 2016,RT @ATT: .@BinghamDb and @indicowie go undercover at an @MLS game…and you just have to watch the rest: https://t.co/fGvGIRRfFj https://t.co…,Negative,74.0062,general,general,,Twitter
Dallas5,Corporate,32.8342578,-96.7045404,1152 North Buckner Blvd,75218,Thu Oct 20 18:58:07 +0000 2016,"Special Needs Trust Lawyers Irrevocable Trust Draper Utah 801-676-5506 Asset Protection Trust Att, by: Utah Estat… https://t.co/XpvFSeoaNQ",Neutral,51.4686,general,general,,Twitter
Dallas5,Corporate,32.8342578,-96.7045404,1152 North Buckner Blvd,75218,Thu Oct 20 18:55:19 +0000 2016,"Listen: Life At AT&amp;T Podcast ""Vice Presidents"" - with 3 #womenofATT #LifeatATT https://t.co/cWQJVXjJ35 #attemployee https://t.co/pdfuZaoKBa",Positive,82.4150,general,general,,Twitter
Dallas5,Corporate,32.8342578,-96.7045404,1152 North Buckner Blvd,75218,Thu Oct 20 18:34:11 +0000 2016,RT @ATT: Welcome to the team! @taylorswift13 https://t.co/4h86nLYuLo https://t.co/gAHOi7fPrZ,Positive,84.3125,general,general,,Twitter
Dallas5,Corporate,32.8342578,-96.7045404,1152 North Buckner Blvd,75218,Thu Oct 20 18:07:34 +0000 2016,RT @LisannePowers: In the past people could travel but most jobs couldnt https://t.co/ZnDYPDPKEW #greatcollaborate #attemployee,Positive,69.5239,general,general,,Twitter
Dallas5,Corporate,32.8342578,-96.7045404,1152 North Buckner Blvd,75218,Thu Oct 20 18:00:04 +0000 2016,"Reliable, safer &amp; more efficient smart grids? Yes, with #IoT, our 4G LTE network and Sentient Energy. Discover how:… https://t.co/kuw85MUWkO",Positive,89.9067,general,general,,Twitter
Dallas5,Corporate,32.8342578,-96.7045404,1152 North Buckner Blvd,75218,Thu Oct 20 17:45:34 +0000 2016,RT @SirJamesGray: using my phone as a wifi hotspot for my mac since #ATT sucks and somehow can’t provide adequate wifi service to our home,Negative,82.6533,general,general,,Twitter
Dallas5,Corporate,32.8342578,-96.7045404,1152 North Buckner Blvd,75218,Thu Oct 20 17:42:02 +0000 2016,@ghostbar_Dallas Att: Hotel Mgmt. Does your customer service stop and end at the lobby? https://t.co/T4wwP5SfdY,Neutral,61.0029,general,general,,Twitter
Dallas5,Corporate,32.8342578,-96.7045404,1152 North Buckner Blvd,75218,Thu Oct 20 17:40:50 +0000 2016,@RamadaLovefield Att: Hotel Mgmt. Does your customer service stop and end at the lobby? https://t.co/T4wwP5SfdY,Neutral,61.0029,general,general,,Twitter
Dallas5,Corporate,32.8342578,-96.7045404,1152 North Buckner Blvd,75218,Thu Oct 20 17:40:34 +0000 2016,Telework can help facilitate greater diversity by hiring regardless of location https://t.co/ZnDYPDPKEW #ucoms #attemployee,Positive,72.2046,general,general,,Twitter
Dallas5,Corporate,32.8342578,-96.7045404,1152 North Buckner Blvd,75218,Thu Oct 20 17:40:20 +0000 2016,@ramadainndallas Att: Hotel Mgmt. Does your customer service stop and end at the lobby? https://t.co/T4wwP5SfdY,Neutral,61.0029,general,general,,Twitter
Dallas5,Corporate,32.8342578,-96.7045404,1152 North Buckner Blvd,75218,Thu Oct 20 17:39:46 +0000 2016,@AloftDallas Att: Hotel Mgmt. Does your customer service stop and end at the lobby? https://t.co/T4wwP5SfdY,Neutral,61.0029,general,general,,Twitter
Dallas5,Corporate,32.8342578,-96.7045404,1152 North Buckner Blvd,75218,Thu Oct 20 17:39:07 +0000 2016,@HiltonArlington Att: Hotel Mgmt. Does your customer service stop and end at the lobby? https://t.co/T4wwP5SfdY,Neutral,61.0029,general,general,,Twitter
Dallas5,Corporate,32.8342578,-96.7045404,1152 North Buckner Blvd,75218,Thu Oct 20 17:38:24 +0000 2016,@DallasRockwall Att: Hotel Mgmt. Does your customer service stop and end at the lobby? https://t.co/T4wwP5SfdY,Neutral,61.0029,general,general,,Twitter
Dallas5,Corporate,32.8342578,-96.7045404,1152 North Buckner Blvd,75218,Thu Oct 20 17:37:53 +0000 2016,@thejoule Att: Hotel Mgmt. Does your customer service stop and end at the lobby? https://t.co/T4wwP5SfdY,Neutral,61.0029,general,general,,Twitter
Dallas5,Corporate,32.8342578,-96.7045404,1152 North Buckner Blvd,75218,Thu Oct 20 17:37:29 +0000 2016,@OwnersBoxDFW Att: Hotel Mgmt. Does your customer service stop and end at the lobby? https://t.co/T4wwP5SfdY,Neutral,61.0029,general,general,,Twitter
Dallas5,Corporate,32.8342578,-96.7045404,1152 North Buckner Blvd,75218,Thu Oct 20 17:36:38 +0000 2016,@MCMEleganteDAL Att: Hotel Mgmt. Does your customer service stop and end at the lobby? https://t.co/T4wwP5SfdY,Neutral,61.0029,general,general,,Twitter
Dallas5,Corporate,32.8342578,-96.7045404,1152 North Buckner Blvd,75218,Thu Oct 20 17:36:00 +0000 2016,@HiltonAnatole Att: Hotel Mgmt. Does your customer service stop and end at the lobby? https://t.co/T4wwP5SfdY,Neutral,61.0029,general,general,,Twitter
Dallas5,Corporate,32.8342578,-96.7045404,1152 North Buckner Blvd,75218,Thu Oct 20 17:35:20 +0000 2016,@NYLODallasSouth Att: Hotel Mgmt. Does your customer service stop and end at the lobby? https://t.co/T4wwP5SfdY,Neutral,61.0029,general,general,,Twitter
Dallas5,Corporate,32.8342578,-96.7045404,1152 North Buckner Blvd,75218,Thu Oct 20 17:32:48 +0000 2016,@TheStoneleigh Att: Hotel Mgmt. Does your customer service stop and end at the lobby? https://t.co/T4wwP5SfdY,Neutral,61.0029,general,general,,Twitter
Dallas5,Corporate,32.8342578,-96.7045404,1152 North Buckner Blvd,75218,Thu Oct 20 17:32:19 +0000 2016,@rc_kris Hi Kris. We don't like to hear that! Please DM us your contact and account info.,Negative,69.8699,general,general,,Twitter
Dallas5,Corporate,32.8342578,-96.7045404,1152 North Buckner Blvd,75218,Thu Oct 20 17:31:45 +0000 2016,@FairmontDallas  Att: Hotel Mgmt. Does your customer service stop and end at the lobby? https://t.co/T4wwP5SfdY,Neutral,61.0029,general,general,,Twitter
Dallas5,Corporate,32.8342578,-96.7045404,1152 North Buckner Blvd,75218,Thu Oct 20 17:30:04 +0000 2016,.@BinghamDb and @indicowie go undercover at an @MLS game…and you just have to watch the rest:… https://t.co/UBXN3eI0EZ,Neutral,62.0606,general,general,,Twitter
Dallas5,Corporate,32.8342578,-96.7045404,1152 North Buckner Blvd,75218,Thu Oct 20 17:21:54 +0000 2016,RT @ATT: Welcome to the team! @taylorswift13 https://t.co/4h86nLYuLo https://t.co/gAHOi7fPrZ,Positive,84.3125,general,general,,Twitter
Dallas5,Corporate,32.8342578,-96.7045404,1152 North Buckner Blvd,75218,Thu Oct 20 17:05:12 +0000 2016,"Special Needs Trust Lawyers Irrevocable Trust Draper Utah 801-676-5506 Asset Protection Trust Att, by: Utah Estat… https://t.co/2alhGuwilc",Neutral,51.4686,general,general,,Twitter
Dallas5,Corporate,32.8342578,-96.7045404,1152 North Buckner Blvd,75218,Thu Oct 20 16:58:12 +0000 2016,RT @ATTBusiness: Let us help you fend off cyberattacks. Sign up to receive our #ATTCyberInsights report to craft the right plan: https://t.…,Positive,88.5573,general,general,,Twitter
Dallas5,Corporate,32.8342578,-96.7045404,1152 North Buckner Blvd,75218,Thu Oct 20 16:50:00 +0000 2016,"DFW: Win Tickets To ‘Luke Bryan’ Saturday, October 22nd At AT&amp;T Stadium https://t.co/JuQwaAzzX3",Positive,77.4137,general,general,,Twitter
Dallas5,Corporate,32.8342578,-96.7045404,1152 North Buckner Blvd,75218,Thu Oct 20 16:50:00 +0000 2016,"DFW: Win Tickets To ‘Luke Bryan’ Saturday, October 22nd At AT&amp;T Stadium https://t.co/wntCQ0qQgB",Positive,77.4137,general,general,,Twitter
Dallas5,Corporate,32.8342578,-96.7045404,1152 North Buckner Blvd,75218,Thu Oct 20 16:40:01 +0000 2016,RT @ATT: Welcome to the team! @taylorswift13 https://t.co/4h86nLYuLo https://t.co/gAHOi7fPrZ,Positive,84.3125,general,general,,Twitter
Dallas5,Corporate,32.8342578,-96.7045404,1152 North Buckner Blvd,75218,Thu Oct 20 16:35:01 +0000 2016,Visit us at career fair booth 1201 to learn about our technology development program: https://t.co/RpP7quJNKu https://t.co/4kVKnBuc8T,Positive,83.3224,general,general,,Twitter
Dallas5,Corporate,32.8342578,-96.7045404,1152 North Buckner Blvd,75218,Thu Oct 20 16:31:47 +0000 2016,.@TWC and .@att :  If you add any channel/partnership with #TrumpTVN I will cancel my service &amp; convince everyone I know to do likewise,Negative,86.4104,general,general,,Twitter
Dallas5,Corporate,32.8342578,-96.7045404,1152 North Buckner Blvd,75218,Thu Oct 20 16:28:14 +0000 2016,"200 patents during Dale's career @ATT. Thanks to him, I just used my phone to set my @DIRECTV DVR for @insecurehbo! 
https://t.co/4pQWCjnAfn",Positive,79.7305,directv,general,,Twitter
Dallas5,Corporate,32.8342578,-96.7045404,1152 North Buckner Blvd,75218,Thu Oct 20 16:23:43 +0000 2016,"Fox and CBS, you might recall, are the big holdups remaining for DirecTV Now",Neutral,55.5513,directv,general,,Twitter
Dallas5,Corporate,32.8342578,-96.7045404,1152 North Buckner Blvd,75218,Thu Oct 20 16:17:01 +0000 2016,AT&amp;T Selling Internet of Things Data Plans (T) - Investopedia https://t.co/aibRIxI1KK https://t.co/pbpK4WFIRq,Neutral,50.0000,general,general,,Twitter
Dallas5,Corporate,32.8342578,-96.7045404,1152 North Buckner Blvd,75218,Thu Oct 20 16:07:10 +0000 2016,@jimhoff7 You are a potential winner of AT&amp;T Pebble Beach sweeps. If you live in CT or MA respond w/your email &amp; phone number w/in 24 hrs.,Positive,98.9926,general,general,,Twitter
Dallas5,Corporate,32.8342578,-96.7045404,1152 North Buckner Blvd,75218,Thu Oct 20 16:03:13 +0000 2016,RT @7onashoestring: Have you downloaded the @ItCanWait DriveMode app? It's a perfect tool for the 21-Day #ItCanWait Challenge! #sponsor htt…,Positive,90.9772,general,general,,Twitter
Dallas5,Corporate,32.8342578,-96.7045404,1152 North Buckner Blvd,75218,Thu Oct 20 16:00:35 +0000 2016,RT @attJOBS: Share what you love about technology with our customers. Now Hiring throughout the Bay Area! https://t.co/ig3a1FgKS4 https://t…,Positive,90.2608,general,general,,Twitter
Dallas5,Corporate,32.8342578,-96.7045404,1152 North Buckner Blvd,75218,Thu Oct 20 16:00:32 +0000 2016,"Women in Tech Q&amp;A: Kay Kapoor - President, AT&amp;T Global Business-Public Sector https://t.co/4ZvFqNsU3a #attemployee https://t.co/vsvoyBQ2OB",Neutral,50.0000,general,general,,Twitter
Dallas5,Corporate,32.8342578,-96.7045404,1152 North Buckner Blvd,75218,Thu Oct 20 15:59:37 +0000 2016,RT @7onashoestring: Have you downloaded the @ItCanWait DriveMode app? It's a perfect tool for the 21-Day #ItCanWait Challenge! #sponsor htt…,Positive,90.9772,general,general,,Twitter
Dallas5,Corporate,32.8342578,-96.7045404,1152 North Buckner Blvd,75218,Thu Oct 20 15:56:42 +0000 2016,"@JoeFalinski Should be fine, Joe! Have a great time, we hope you get that perfect picture for the most likes ever!… https://t.co/JUhe8383yC",Positive,99.5231,general,general,,Twitter
Dallas5,Corporate,32.8342578,-96.7045404,1152 North Buckner Blvd,75218,Thu Oct 20 15:55:06 +0000 2016,RT @ATT: Welcome to the team! @taylorswift13 https://t.co/4h86nLYuLo https://t.co/gAHOi7fPrZ,Positive,84.3125,general,general,,Twitter
Dallas5,Corporate,32.8342578,-96.7045404,1152 North Buckner Blvd,75218,Thu Oct 20 15:54:17 +0000 2016,RT @ATT: Who made you a college 🏈 fan? Share with #MadeMeAFanContest for a chance to win. Rules https://t.co/hU3I3wFn5V https://t.co/xZbxUJ…,Positive,88.9294,general,general,,Twitter
Dallas5,Corporate,32.8342578,-96.7045404,1152 North Buckner Blvd,75218,Thu Oct 20 15:51:34 +0000 2016,RT @7onashoestring: Have you downloaded the @ItCanWait DriveMode app? It's a perfect tool for the 21-Day #ItCanWait Challenge! #sponsor htt…,Positive,90.9772,general,general,,Twitter
Dallas5,Corporate,32.8342578,-96.7045404,1152 North Buckner Blvd,75218,Thu Oct 20 15:50:47 +0000 2016,RT @7onashoestring: Have you downloaded the @ItCanWait DriveMode app? It's a perfect tool for the 21-Day #ItCanWait Challenge! #sponsor htt…,Positive,90.9772,general,general,,Twitter
Dallas5,Corporate,32.8342578,-96.7045404,1152 North Buckner Blvd,75218,Thu Oct 20 15:49:03 +0000 2016,Have you downloaded the @ItCanWait DriveMode app? It's a perfect tool for the 21-Day #ItCanWait Challenge! #sponsor https://t.co/ztfJysveWv,Positive,90.9772,general,general,,Twitter
Dallas5,Corporate,32.8342578,-96.7045404,1152 North Buckner Blvd,75218,Thu Oct 20 15:36:20 +0000 2016,RT @ATT: Get a sweet deal on the new iPhone 7 when you switch to AT&amp;T and have DIRECTV. https://t.co/TQVeUkmeZ6 https://t.co/zfZmNpe8AP,Positive,98.0584,directv,general,,Twitter
Dallas5,Corporate,32.8342578,-96.7045404,1152 North Buckner Blvd,75218,Thu Oct 20 15:23:45 +0000 2016,RT @ATT: Get a sweet deal on the new iPhone 7 when you switch to AT&amp;T and have DIRECTV. https://t.co/TQVeUkmeZ6 https://t.co/zfZmNpe8AP,Positive,98.0584,directv,general,,Twitter
Dallas5,Corporate,32.8342578,-96.7045404,1152 North Buckner Blvd,75218,Thu Oct 20 15:10:07 +0000 2016,RT @ATT: Who made you a college 🏈 fan? Share with #MadeMeAFanContest for a chance to win. Rules https://t.co/hU3I3wFn5V https://t.co/xZbxUJ…,Positive,88.9294,general,general,,Twitter
Dallas5,Corporate,32.8342578,-96.7045404,1152 North Buckner Blvd,75218,Thu Oct 20 15:09:56 +0000 2016,"@JohnSmiith_WD @ATT Sadly, that seems to be the trend. The price is going to have to drop considerably for me to consider gigapower.",Negative,95.7697,general,general,,Twitter
Dallas5,Corporate,32.8342578,-96.7045404,1152 North Buckner Blvd,75218,Thu Oct 20 15:06:37 +0000 2016,"Macs are cheaper for businesses, and even IBM says so https://t.co/HAy58slizz via @Recode #ATT @att",Negative,87.3886,general,general,,Twitter
Dallas5,Corporate,32.8342578,-96.7045404,1152 North Buckner Blvd,75218,Thu Oct 20 15:05:58 +0000 2016,RT @ATT: Who made you a college 🏈 fan? Share with #MadeMeAFanContest for a chance to win. Rules https://t.co/hU3I3wFn5V https://t.co/xZbxUJ…,Positive,88.9294,general,general,,Twitter
Dallas5,Corporate,32.8342578,-96.7045404,1152 North Buckner Blvd,75218,Thu Oct 20 14:52:34 +0000 2016,"@DIRECTV @DIRECTVSports @DIRECTVService Where is NBA League Pass? It's usually available in preseason, regular season starts in 5 days!",Positive,82.2735,directv,general,,Twitter
Dallas5,Corporate,32.8342578,-96.7045404,1152 North Buckner Blvd,75218,Thu Oct 20 14:48:59 +0000 2016,RT @JohnNordberg: A day in the life of an AT&amp;T PR maven with @MaddieLittrell #LifeatATT https://t.co/tCY2KB9iMW #attemployee https://t.co/e…,Positive,96.2833,general,general,,Twitter
Dallas5,Corporate,32.8342578,-96.7045404,1152 North Buckner Blvd,75218,Thu Oct 20 14:43:40 +0000 2016,See you there! (Tickets still available!) https://t.co/WcQhpDdGvr,Neutral,54.6024,general,general,,Twitter
Dallas5,Corporate,32.8342578,-96.7045404,1152 North Buckner Blvd,75218,Thu Oct 20 14:30:52 +0000 2016,"New IoT #Security Guidelines | AT&amp;T Networking Exchange Blog https://t.co/nhvJwCnsjF, #IoT,#employee",Neutral,58.3314,general,general,,Twitter
Dallas5,Corporate,32.8342578,-96.7045404,1152 North Buckner Blvd,75218,Thu Oct 20 14:28:39 +0000 2016,The 2000 contested Presidential election https://t.co/q1Hw64NrYN,Neutral,50.0000,general,general,,Twitter
Dallas5,Corporate,32.8342578,-96.7045404,1152 North Buckner Blvd,75218,Thu Oct 20 14:17:40 +0000 2016,RT @ATT: Heading to Cuba? Take your phone along for the trip + stay connected to those back home. https://t.co/euhz4Z6Zbb https://t.co/AiPS…,Neutral,50.8130,general,general,,Twitter
Dallas5,Corporate,32.8342578,-96.7045404,1152 North Buckner Blvd,75218,Thu Oct 20 14:17:05 +0000 2016,RT @ATT: Welcome to the team! @taylorswift13 https://t.co/4h86nLYuLo https://t.co/gAHOi7fPrZ,Positive,84.3125,general,general,,Twitter
Dallas5,Corporate,32.8342578,-96.7045404,1152 North Buckner Blvd,75218,Thu Oct 20 14:12:19 +0000 2016,RT @ATT: Welcome to the team! @taylorswift13 https://t.co/4h86nLYuLo https://t.co/gAHOi7fPrZ,Positive,84.3125,general,general,,Twitter
Dallas5,Corporate,32.8342578,-96.7045404,1152 North Buckner Blvd,75218,Thu Oct 20 14:12:10 +0000 2016,.@ATT Executive Shares Experience with #Marketing Students at @udallascob@UofDallas https://t.co/rg4EdIcla4 https://t.co/SNPagCOect,Positive,71.6012,general,store experience,,Twitter
Dallas5,Corporate,32.8342578,-96.7045404,1152 North Buckner Blvd,75218,Thu Oct 20 14:03:30 +0000 2016,RT @ATT: Get a sweet deal on the new iPhone 7 when you switch to AT&amp;T and have DIRECTV. https://t.co/TQVeUkmeZ6 https://t.co/zfZmNpe8AP,Positive,98.0584,directv,general,,Twitter
Dallas5,Corporate,32.8342578,-96.7045404,1152 North Buckner Blvd,75218,Thu Oct 20 14:00:58 +0000 2016,RT @ATT: Welcome to the team! @taylorswift13 https://t.co/4h86nLYuLo https://t.co/gAHOi7fPrZ,Positive,84.3125,general,general,,Twitter
Dallas5,Corporate,32.8342578,-96.7045404,1152 North Buckner Blvd,75218,Thu Oct 20 14:00:18 +0000 2016,"@hammackgeo we love your soccer passion! Follow and DM us, we have something for you! #SoccerEverywhere",Positive,92.6825,general,general,,Twitter
Dallas5,Corporate,32.8342578,-96.7045404,1152 North Buckner Blvd,75218,Thu Oct 20 13:52:11 +0000 2016,"@danmacyDC Hi Dan, we're on it! Our Care team will be reaching out for more details. Look for a message from @ATTCares. Make sure to follow!",Positive,86.9706,general,general,,Twitter
Dallas5,Corporate,32.8342578,-96.7045404,1152 North Buckner Blvd,75218,Thu Oct 20 13:38:28 +0000 2016,RT @ATTLatino: Puertorriqueña. Inspiradora. Luchadora. @DeniseBidot habla sobre su pasión por romper estereotipos. https://t.co/PBiBGpnolH…,Neutral,50.0000,general,general,,Twitter
Dallas5,Corporate,32.8342578,-96.7045404,1152 North Buckner Blvd,75218,Thu Oct 20 13:37:56 +0000 2016,RT @ATT: Welcome to the team! @taylorswift13 https://t.co/4h86nLYuLo https://t.co/gAHOi7fPrZ,Positive,84.3125,general,general,,Twitter
Dallas5,Corporate,32.8342578,-96.7045404,1152 North Buckner Blvd,75218,Thu Oct 20 13:31:30 +0000 2016,2010 US Census - telework is on the rise  95%  workers working some at home https://t.co/ZnDYPDPKEW #cloud #attemployee,Positive,94.6935,general,general,,Twitter
Dallas5,Corporate,32.8342578,-96.7045404,1152 North Buckner Blvd,75218,Thu Oct 20 13:27:52 +0000 2016,RT @ATT: Welcome to the team! @taylorswift13 https://t.co/4h86nLYuLo https://t.co/gAHOi7fPrZ,Positive,84.3125,general,general,,Twitter
Dallas5,Corporate,32.8342578,-96.7045404,1152 North Buckner Blvd,75218,Thu Oct 20 13:17:00 +0000 2016,RT @ATTBusinessCare: Want to create a BYOD policy that meets your business needs? 5 guidelines here. https://t.co/ZSa2VsM740 https://t.co/3…,Neutral,60.0520,general,general,,Twitter
Dallas5,Corporate,32.8342578,-96.7045404,1152 North Buckner Blvd,75218,Thu Oct 20 13:16:37 +0000 2016,RT @ATTBusinessCare: See how to add files to a folder in Box from AT&amp;T at t https://t.co/11FyOL95sf https://t.co/rdtvxhAjTM,Neutral,56.9414,general,general,,Twitter
Dallas5,Corporate,32.8342578,-96.7045404,1152 North Buckner Blvd,75218,Thu Oct 20 13:16:01 +0000 2016,"RT @ATT: Before you vote, grab the remote and tune into the final #debatenight at 8/7c. #UNLVPresDebate https://t.co/afLxTSZMLW",Neutral,51.1513,general,general,,Twitter
Dallas5,Corporate,32.8342578,-96.7045404,1152 North Buckner Blvd,75218,Thu Oct 20 13:05:35 +0000 2016,RT @kalebpask: Join a Community of Innovation With a Job at AT&amp;T https://t.co/M8cBUfBLzN via @dailymuse @caroqliu,Negative,64.3951,general,general,,Twitter
