Dallas7,Corporate,32.8957338,-96.8079243,5959 Royal Lane,75230,Sun Oct 23 03:50:03 +0000 2016,RT @ATT: The #futureofvideo is mobile and the #futureofmobile is video. Time Warner + AT&amp;T make it happen! @twxcorp https://t.co/GKx4U9TQYg,Neutral,56.0321,general,general,,Twitter
Dallas7,Corporate,32.8957338,-96.8079243,5959 Royal Lane,75230,Sun Oct 23 03:48:09 +0000 2016,"@ATT @Uverse since I pay for U450, why can't I watch programs on WatchEspn?!?!",Negative,73.2950,uverse,general,,Twitter
Dallas7,Corporate,32.8957338,-96.8079243,5959 Royal Lane,75230,Sun Oct 23 03:46:35 +0000 2016,RT @RickTweetTweet: Breaking News!!! AT&amp;T to Acquire Time Warner! My family just got bigger! #LifeAtATT  #TimeWarner https://t.co/RUAJa5ciO…,Positive,81.6545,general,general,,Twitter
Dallas7,Corporate,32.8957338,-96.8079243,5959 Royal Lane,75230,Sun Oct 23 03:44:06 +0000 2016,RT @sarastraley: AT&amp;T strikes 'perfect match' deal with Time Warner in blockbuster $85B marriage https://t.co/QUdmDnkYgS,Positive,94.0385,general,general,,Twitter
Dallas7,Corporate,32.8957338,-96.8079243,5959 Royal Lane,75230,Sun Oct 23 03:33:02 +0000 2016,.@ATT soon to become the next media giant.  https://t.co/uOZoJMpL26,Positive,76.8926,general,general,,Twitter
Dallas7,Corporate,32.8957338,-96.8079243,5959 Royal Lane,75230,Sun Oct 23 03:28:23 +0000 2016,AT&amp;T strikes 'perfect match' deal with Time Warner in blockbuster $85B marriage https://t.co/QUdmDnkYgS,Positive,94.0385,general,general,,Twitter
Dallas7,Corporate,32.8957338,-96.8079243,5959 Royal Lane,75230,Sun Oct 23 03:17:58 +0000 2016,RT @ATT: The #futureofvideo is mobile and the #futureofmobile is video. Time Warner + AT&amp;T make it happen! @twxcorp https://t.co/GKx4U9TQYg,Neutral,56.0321,general,general,,Twitter
Dallas7,Corporate,32.8957338,-96.8079243,5959 Royal Lane,75230,Sun Oct 23 03:17:09 +0000 2016,"Even by Texas standards, #ATT deal is huge. Take a look at how recent deals stack up https://t.co/XCN7EGXUD1 #DFW",Positive,94.2225,general,general,,Twitter
Dallas7,Corporate,32.8957338,-96.8079243,5959 Royal Lane,75230,Sun Oct 23 03:15:58 +0000 2016,AT&amp;T agrees to buy Time Warner for $85 billion https://t.co/QLv2qFUweN via @HuffPostBiz,Positive,63.9246,general,general,,Twitter
Dallas7,Corporate,32.8957338,-96.8079243,5959 Royal Lane,75230,Sun Oct 23 03:14:08 +0000 2016,"How the #ATT-Time Warner deal changes the TV, mobile landscapes https://t.co/5mfdSixviI #DFW #Tech",Positive,74.8338,general,general,,Twitter
Dallas7,Corporate,32.8957338,-96.8079243,5959 Royal Lane,75230,Sun Oct 23 03:12:01 +0000 2016,RT @ATT: The #futureofvideo is mobile and the #futureofmobile is video. Time Warner + AT&amp;T make it happen! @twxcorp https://t.co/GKx4U9TQYg,Neutral,56.0321,general,general,,Twitter
Dallas7,Corporate,32.8957338,-96.8079243,5959 Royal Lane,75230,Sun Oct 23 03:10:01 +0000 2016,RT @ATT: The #futureofvideo is mobile and the #futureofmobile is video. Time Warner + AT&amp;T make it happen! @twxcorp https://t.co/GKx4U9TQYg,Neutral,56.0321,general,general,,Twitter
Dallas7,Corporate,32.8957338,-96.8079243,5959 Royal Lane,75230,Sun Oct 23 03:09:37 +0000 2016,RT @ATT: The #futureofvideo is mobile and the #futureofmobile is video. Time Warner + AT&amp;T make it happen! @twxcorp https://t.co/GKx4U9TQYg,Neutral,56.0321,general,general,,Twitter
Dallas7,Corporate,32.8957338,-96.8079243,5959 Royal Lane,75230,Sun Oct 23 03:06:55 +0000 2016,RT @wfaachannel8: AT&amp;T agrees to buy Time Warner for more than $80B https://t.co/9LtV0RAUgV https://t.co/zqmbwnbOeo,Positive,71.0501,general,general,,Twitter
Dallas7,Corporate,32.8957338,-96.8079243,5959 Royal Lane,75230,Sun Oct 23 03:06:12 +0000 2016,RT @ATT: The #futureofvideo is mobile and the #futureofmobile is video. Time Warner + AT&amp;T make it happen! @twxcorp https://t.co/GKx4U9TQYg,Neutral,56.0321,general,general,,Twitter
Dallas7,Corporate,32.8957338,-96.8079243,5959 Royal Lane,75230,Sun Oct 23 03:06:11 +0000 2016,RT @ATT: Welcome to the team! @taylorswift13 https://t.co/4h86nLYuLo https://t.co/gAHOi7fPrZ,Positive,84.3125,general,general,,Twitter
Dallas7,Corporate,32.8957338,-96.8079243,5959 Royal Lane,75230,Sun Oct 23 03:02:47 +0000 2016,#AT_T Is Buying #Time_Warner Because the Future is #Google https://t.co/GfAi7MTK7Z @scottia https://t.co/qjLjYFmaax,Neutral,61.4124,general,general,,Twitter
Dallas7,Corporate,32.8957338,-96.8079243,5959 Royal Lane,75230,Sun Oct 23 03:01:47 +0000 2016,RT @ATT: Welcome to the team! @taylorswift13 https://t.co/4h86nLYuLo https://t.co/gAHOi7fPrZ,Positive,84.3125,general,general,,Twitter
Dallas7,Corporate,32.8957338,-96.8079243,5959 Royal Lane,75230,Sun Oct 23 03:01:07 +0000 2016,RT @ATT: The #futureofvideo is mobile and the #futureofmobile is video. Time Warner + AT&amp;T make it happen! @twxcorp https://t.co/GKx4U9TQYg,Neutral,56.0321,general,general,,Twitter
Dallas7,Corporate,32.8957338,-96.8079243,5959 Royal Lane,75230,Sun Oct 23 02:59:18 +0000 2016,RT @ATT: The #futureofvideo is mobile and the #futureofmobile is video. Time Warner + AT&amp;T make it happen! @twxcorp https://t.co/GKx4U9TQYg,Neutral,56.0321,general,general,,Twitter
Dallas7,Corporate,32.8957338,-96.8079243,5959 Royal Lane,75230,Sun Oct 23 02:56:30 +0000 2016,"""Who’s Behind the Deal Between AT&amp;T and Time Warner"" by MICHAEL J. de la MERCED via NYT The New York Times https://t.co/hvkgghzzDa",Positive,94.6290,general,general,,Twitter
Dallas7,Corporate,32.8957338,-96.8079243,5959 Royal Lane,75230,Sun Oct 23 02:56:17 +0000 2016,RT @ATT: The #futureofvideo is mobile and the #futureofmobile is video. Time Warner + AT&amp;T make it happen! @twxcorp https://t.co/GKx4U9TQYg,Neutral,56.0321,general,general,,Twitter
Dallas7,Corporate,32.8957338,-96.8079243,5959 Royal Lane,75230,Sun Oct 23 02:55:59 +0000 2016,RT @ATT: The #futureofvideo is mobile and the #futureofmobile is video. Time Warner + AT&amp;T make it happen! @twxcorp https://t.co/GKx4U9TQYg,Neutral,56.0321,general,general,,Twitter
Dallas7,Corporate,32.8957338,-96.8079243,5959 Royal Lane,75230,Sun Oct 23 02:55:34 +0000 2016,RT @ATT: Welcome to the team! @taylorswift13 https://t.co/4h86nLYuLo https://t.co/gAHOi7fPrZ,Positive,84.3125,general,general,,Twitter
Dallas7,Corporate,32.8957338,-96.8079243,5959 Royal Lane,75230,Sun Oct 23 02:55:04 +0000 2016,RT @john_verdes: 5 line port from ATT at Brightstar on Illinois ave! #SprintSaysThanks https://t.co/5EjbWOWkY8,Positive,73.9466,general,general,,Twitter
Dallas7,Corporate,32.8957338,-96.8079243,5959 Royal Lane,75230,Sun Oct 23 02:54:19 +0000 2016,RT @ATT: Welcome to the team! @taylorswift13 https://t.co/4h86nLYuLo https://t.co/gAHOi7fPrZ,Positive,84.3125,general,general,,Twitter
Dallas7,Corporate,32.8957338,-96.8079243,5959 Royal Lane,75230,Sun Oct 23 02:52:26 +0000 2016,RT @ATT: Welcome to the team! @taylorswift13 https://t.co/4h86nLYuLo https://t.co/gAHOi7fPrZ,Positive,84.3125,general,general,,Twitter
Dallas7,Corporate,32.8957338,-96.8079243,5959 Royal Lane,75230,Sun Oct 23 02:52:20 +0000 2016,Well there you have it! AT&amp;T Acquiring Time Warner! #groundbreaking #LifeatAtt https://t.co/vq88RO7mGq,Positive,63.2755,general,general,,Twitter
Dallas7,Corporate,32.8957338,-96.8079243,5959 Royal Lane,75230,Sun Oct 23 02:52:13 +0000 2016,"?MONOPOLY? /// AT&amp;T Buying HBO and CNN Owner Time Warner for $85.4 Billion - ABC News
https://t.co/mZCDEdsw4q

Shared via Bing search
https:",Positive,96.5886,general,general,,Twitter
Dallas7,Corporate,32.8957338,-96.8079243,5959 Royal Lane,75230,Sun Oct 23 02:52:05 +0000 2016,RT @ATT: The #futureofvideo is mobile and the #futureofmobile is video. Time Warner + AT&amp;T make it happen! @twxcorp https://t.co/GKx4U9TQYg,Neutral,56.0321,general,general,,Twitter
Dallas7,Corporate,32.8957338,-96.8079243,5959 Royal Lane,75230,Sun Oct 23 02:49:44 +0000 2016,AT&amp;T agrees to buy Time Warner for $80 billion https://t.co/fIjKt53ZOS via @DallasBizNews,Positive,63.9246,general,general,,Twitter
Dallas7,Corporate,32.8957338,-96.8079243,5959 Royal Lane,75230,Sun Oct 23 02:48:55 +0000 2016,RT @ATT: The #futureofvideo is mobile and the #futureofmobile is video. Time Warner + AT&amp;T make it happen! @twxcorp https://t.co/GKx4U9TQYg,Neutral,56.0321,general,general,,Twitter
Dallas7,Corporate,32.8957338,-96.8079243,5959 Royal Lane,75230,Sun Oct 23 02:48:14 +0000 2016,"RT @ATT: Watch the @GreenDay @iHeartRadio Album Release Party Tonight, 9pm ET/PT on AUDIENCE. DIRECTV ch 239/U-verse ch 1114. https://t.co/…",Neutral,59.5550,directv,general,,Twitter
Dallas7,Corporate,32.8957338,-96.8079243,5959 Royal Lane,75230,Sun Oct 23 02:48:05 +0000 2016,RT @ATT: The #futureofvideo is mobile and the #futureofmobile is video. Time Warner + AT&amp;T make it happen! @twxcorp https://t.co/GKx4U9TQYg,Neutral,56.0321,general,general,,Twitter
Dallas7,Corporate,32.8957338,-96.8079243,5959 Royal Lane,75230,Sun Oct 23 02:47:17 +0000 2016,RT @ATT: Welcome to the team! @taylorswift13 https://t.co/4h86nLYuLo https://t.co/gAHOi7fPrZ,Positive,84.3125,general,general,,Twitter
Dallas7,Corporate,32.8957338,-96.8079243,5959 Royal Lane,75230,Sun Oct 23 02:46:53 +0000 2016,RT @ATT: The #futureofvideo is mobile and the #futureofmobile is video. Time Warner + AT&amp;T make it happen! @twxcorp https://t.co/GKx4U9TQYg,Neutral,56.0321,general,general,,Twitter
Dallas7,Corporate,32.8957338,-96.8079243,5959 Royal Lane,75230,Sun Oct 23 02:46:51 +0000 2016,RT @ATT: Welcome to the team! @taylorswift13 https://t.co/4h86nLYuLo https://t.co/gAHOi7fPrZ,Positive,84.3125,general,general,,Twitter
Dallas7,Corporate,32.8957338,-96.8079243,5959 Royal Lane,75230,Sun Oct 23 02:46:11 +0000 2016,RT @ATT: The #futureofvideo is mobile and the #futureofmobile is video. Time Warner + AT&amp;T make it happen! @twxcorp https://t.co/GKx4U9TQYg,Neutral,56.0321,general,general,,Twitter
Dallas7,Corporate,32.8957338,-96.8079243,5959 Royal Lane,75230,Sun Oct 23 02:46:06 +0000 2016,#ATT-#TimeWarner #merger couldn't possibly receive a legal go-ahead from the @FTC and @FCC?? https://t.co/m48yLsjbxV #ConsumerChoice?,Negative,70.3005,general,general,,Twitter
Dallas7,Corporate,32.8957338,-96.8079243,5959 Royal Lane,75230,Sun Oct 23 02:44:47 +0000 2016,RT @ATT: The #futureofvideo is mobile and the #futureofmobile is video. Time Warner + AT&amp;T make it happen! @twxcorp https://t.co/GKx4U9TQYg,Neutral,56.0321,general,general,,Twitter
Dallas7,Corporate,32.8957338,-96.8079243,5959 Royal Lane,75230,Sun Oct 23 02:41:53 +0000 2016,RT @ATT: The #futureofvideo is mobile and the #futureofmobile is video. Time Warner + AT&amp;T make it happen! @twxcorp https://t.co/GKx4U9TQYg,Neutral,56.0321,general,general,,Twitter
Dallas7,Corporate,32.8957338,-96.8079243,5959 Royal Lane,75230,Sun Oct 23 02:41:26 +0000 2016,"AT&amp;T to buy HBO, CNN, and the rest of Time Warner for more than $80 billion  https://t.co/aYXmIS0or5 The Wall Street Journal reports that …",Negative,74.1750,general,general,,Twitter
Dallas7,Corporate,32.8957338,-96.8079243,5959 Royal Lane,75230,Sun Oct 23 02:38:12 +0000 2016,RT @ATT: The #futureofvideo is mobile and the #futureofmobile is video. Time Warner + AT&amp;T make it happen! @twxcorp https://t.co/GKx4U9TQYg,Neutral,56.0321,general,general,,Twitter
Dallas7,Corporate,32.8957338,-96.8079243,5959 Royal Lane,75230,Sun Oct 23 02:37:27 +0000 2016,RT @ATT: The #futureofvideo is mobile and the #futureofmobile is video. Time Warner + AT&amp;T make it happen! @twxcorp https://t.co/GKx4U9TQYg,Neutral,56.0321,general,general,,Twitter
Dallas7,Corporate,32.8957338,-96.8079243,5959 Royal Lane,75230,Sun Oct 23 02:34:03 +0000 2016,RT @ATT: The #futureofvideo is mobile and the #futureofmobile is video. Time Warner + AT&amp;T make it happen! @twxcorp https://t.co/GKx4U9TQYg,Neutral,56.0321,general,general,,Twitter
Dallas7,Corporate,32.8957338,-96.8079243,5959 Royal Lane,75230,Sun Oct 23 02:34:02 +0000 2016,RT @ATT: The #futureofvideo is mobile and the #futureofmobile is video. Time Warner + AT&amp;T make it happen! @twxcorp https://t.co/GKx4U9TQYg,Neutral,56.0321,general,general,,Twitter
Dallas7,Corporate,32.8957338,-96.8079243,5959 Royal Lane,75230,Sun Oct 23 02:33:24 +0000 2016,RT @ATT: The #futureofvideo is mobile and the #futureofmobile is video. Time Warner + AT&amp;T make it happen! @twxcorp https://t.co/GKx4U9TQYg,Neutral,56.0321,general,general,,Twitter
Dallas7,Corporate,32.8957338,-96.8079243,5959 Royal Lane,75230,Sun Oct 23 02:33:20 +0000 2016,AT&amp;T Is Buying Time Warner Because the Future is Google https://t.co/RoVpCxHG5f,Positive,73.8228,general,general,,Twitter
Dallas7,Corporate,32.8957338,-96.8079243,5959 Royal Lane,75230,Sun Oct 23 02:33:12 +0000 2016,RT @ATT: The #futureofvideo is mobile and the #futureofmobile is video. Time Warner + AT&amp;T make it happen! @twxcorp https://t.co/GKx4U9TQYg,Neutral,56.0321,general,general,,Twitter
Dallas7,Corporate,32.8957338,-96.8079243,5959 Royal Lane,75230,Sun Oct 23 02:33:07 +0000 2016,AT&amp;T Is Buying Time Warner Because the Future is Google https://t.co/8a9ecnsEYI,Positive,73.8228,general,general,,Twitter
Dallas7,Corporate,32.8957338,-96.8079243,5959 Royal Lane,75230,Sun Oct 23 02:33:04 +0000 2016,RT @ATT: The #futureofvideo is mobile and the #futureofmobile is video. Time Warner + AT&amp;T make it happen! @twxcorp https://t.co/GKx4U9TQYg,Neutral,56.0321,general,general,,Twitter
Dallas7,Corporate,32.8957338,-96.8079243,5959 Royal Lane,75230,Sun Oct 23 02:33:00 +0000 2016,AT&amp;T Sings A Song To Video Lovers With Time Warner Deal | https://t.co/Wo1rOXNpTH,Positive,85.3649,general,general,,Twitter
Dallas7,Corporate,32.8957338,-96.8079243,5959 Royal Lane,75230,Sun Oct 23 02:32:23 +0000 2016,RT @ATT: The #futureofvideo is mobile and the #futureofmobile is video. Time Warner + AT&amp;T make it happen! @twxcorp https://t.co/GKx4U9TQYg,Neutral,56.0321,general,general,,Twitter
Dallas7,Corporate,32.8957338,-96.8079243,5959 Royal Lane,75230,Sun Oct 23 02:30:37 +0000 2016,Haven't we already broken up a couple of @ATT #monopolies?  Heres to the death of competition and the rise of all our prices. #atttimewarner,Positive,97.0666,general,general,,Twitter
Dallas7,Corporate,32.8957338,-96.8079243,5959 Royal Lane,75230,Sun Oct 23 02:30:11 +0000 2016,RT @ATT: The #futureofvideo is mobile and the #futureofmobile is video. Time Warner + AT&amp;T make it happen! @twxcorp https://t.co/GKx4U9TQYg,Neutral,56.0321,general,general,,Twitter
Dallas7,Corporate,32.8957338,-96.8079243,5959 Royal Lane,75230,Sun Oct 23 02:26:02 +0000 2016,"First Direct TV, now Time Warner...can't get away from AT&amp;T. https://t.co/dDXhDJdtpL",Negative,64.5483,general,general,,Twitter
Dallas7,Corporate,32.8957338,-96.8079243,5959 Royal Lane,75230,Sun Oct 23 02:22:44 +0000 2016,RT @RickTweetTweet: Breaking News!!! AT&amp;T to Acquire Time Warner! My family just got bigger! #LifeAtATT  #TimeWarner https://t.co/RUAJa5ciO…,Positive,81.6545,general,general,,Twitter
Dallas7,Corporate,32.8957338,-96.8079243,5959 Royal Lane,75230,Sun Oct 23 02:22:00 +0000 2016,RT @ATT: The #futureofvideo is mobile and the #futureofmobile is video. Time Warner + AT&amp;T make it happen! @twxcorp https://t.co/GKx4U9TQYg,Neutral,56.0321,general,general,,Twitter
Dallas7,Corporate,32.8957338,-96.8079243,5959 Royal Lane,75230,Sun Oct 23 02:21:46 +0000 2016,RT @ATT: The #futureofvideo is mobile and the #futureofmobile is video. Time Warner + AT&amp;T make it happen! @twxcorp https://t.co/GKx4U9TQYg,Neutral,56.0321,general,general,,Twitter
Dallas7,Corporate,32.8957338,-96.8079243,5959 Royal Lane,75230,Sun Oct 23 02:20:38 +0000 2016,RT @ATT: Get a sweet deal on the new iPhone 7 when you switch to AT&amp;T and have DIRECTV. https://t.co/TQVeUkmeZ6 https://t.co/zfZmNpe8AP,Positive,98.0584,directv,general,,Twitter
Dallas7,Corporate,32.8957338,-96.8079243,5959 Royal Lane,75230,Sun Oct 23 02:20:23 +0000 2016,RT @ATT: The #futureofvideo is mobile and the #futureofmobile is video. Time Warner + AT&amp;T make it happen! @twxcorp https://t.co/GKx4U9TQYg,Neutral,56.0321,general,general,,Twitter
Dallas7,Corporate,32.8957338,-96.8079243,5959 Royal Lane,75230,Sun Oct 23 02:19:59 +0000 2016,RT @ATT: Welcome to the team! @taylorswift13 https://t.co/4h86nLYuLo https://t.co/gAHOi7fPrZ,Positive,84.3125,general,general,,Twitter
Dallas7,Corporate,32.8957338,-96.8079243,5959 Royal Lane,75230,Sun Oct 23 02:19:20 +0000 2016,"RT @dallasnews: How the AT&amp;T-Time Warner deal changes the TV, mobile landscapes  https://t.co/HpzPe0TrMK https://t.co/CInU9m0uZJ",Positive,74.8338,general,general,,Twitter
Dallas7,Corporate,32.8957338,-96.8079243,5959 Royal Lane,75230,Sun Oct 23 02:18:52 +0000 2016,RT @ATT: Welcome to the team! @taylorswift13 https://t.co/4h86nLYuLo https://t.co/gAHOi7fPrZ,Positive,84.3125,general,general,,Twitter
Dallas7,Corporate,32.8957338,-96.8079243,5959 Royal Lane,75230,Sun Oct 23 02:16:37 +0000 2016,"RT @ATT: Watch the @GreenDay @iHeartRadio Album Release Party Tonight, 9pm ET/PT on AUDIENCE. DIRECTV ch 239/U-verse ch 1114. https://t.co/…",Neutral,59.5550,directv,general,,Twitter
Dallas7,Corporate,32.8957338,-96.8079243,5959 Royal Lane,75230,Sun Oct 23 02:15:26 +0000 2016,RT @ATT: Get a sweet deal on the new iPhone 7 when you switch to AT&amp;T and have DIRECTV. https://t.co/TQVeUkmeZ6 https://t.co/zfZmNpe8AP,Positive,98.0584,directv,general,,Twitter
Dallas7,Corporate,32.8957338,-96.8079243,5959 Royal Lane,75230,Sun Oct 23 02:14:40 +0000 2016,RT @ATT: Get a sweet deal on the new iPhone 7 when you switch to AT&amp;T and have DIRECTV. https://t.co/TQVeUkmeZ6 https://t.co/zfZmNpe8AP,Positive,98.0584,directv,general,,Twitter
Dallas7,Corporate,32.8957338,-96.8079243,5959 Royal Lane,75230,Sun Oct 23 02:13:17 +0000 2016,RT @ATT: Welcome to the team! @taylorswift13 https://t.co/4h86nLYuLo https://t.co/gAHOi7fPrZ,Positive,84.3125,general,general,,Twitter
Dallas7,Corporate,32.8957338,-96.8079243,5959 Royal Lane,75230,Sun Oct 23 02:13:13 +0000 2016,"Can #ATT and Time Warner avoid a left-brain, right-brain culture clash? https://t.co/mONOuCH8Al #DFW #Tech",Neutral,59.9518,general,general,,Twitter
Dallas7,Corporate,32.8957338,-96.8079243,5959 Royal Lane,75230,Sun Oct 23 02:11:38 +0000 2016,RT @ATT: The #futureofvideo is mobile and the #futureofmobile is video. Time Warner + AT&amp;T make it happen! @twxcorp https://t.co/GKx4U9TQYg,Neutral,56.0321,general,general,,Twitter
Dallas7,Corporate,32.8957338,-96.8079243,5959 Royal Lane,75230,Sun Oct 23 02:11:04 +0000 2016,"AT&amp;T to buy HBO, CNN, and the rest of Time Warner for more than $80 billion https://t.co/WzXW0mHC3D",Negative,74.1750,general,general,,Twitter
Dallas7,Corporate,32.8957338,-96.8079243,5959 Royal Lane,75230,Sun Oct 23 02:10:34 +0000 2016,RT @ATT: The #futureofvideo is mobile and the #futureofmobile is video. Time Warner + AT&amp;T make it happen! @twxcorp https://t.co/GKx4U9TQYg,Neutral,56.0321,general,general,,Twitter
Dallas7,Corporate,32.8957338,-96.8079243,5959 Royal Lane,75230,Sun Oct 23 02:09:21 +0000 2016,RT @ATT: The #futureofvideo is mobile and the #futureofmobile is video. Time Warner + AT&amp;T make it happen! @twxcorp https://t.co/GKx4U9TQYg,Neutral,56.0321,general,general,,Twitter
Dallas7,Corporate,32.8957338,-96.8079243,5959 Royal Lane,75230,Sun Oct 23 02:08:16 +0000 2016,RT @ATT: The #futureofvideo is mobile and the #futureofmobile is video. Time Warner + AT&amp;T make it happen! @twxcorp https://t.co/GKx4U9TQYg,Neutral,56.0321,general,general,,Twitter
Dallas7,Corporate,32.8957338,-96.8079243,5959 Royal Lane,75230,Sun Oct 23 02:06:39 +0000 2016,RT @ATT: Welcome to the team! @taylorswift13 https://t.co/4h86nLYuLo https://t.co/gAHOi7fPrZ,Positive,84.3125,general,general,,Twitter
Dallas7,Corporate,32.8957338,-96.8079243,5959 Royal Lane,75230,Sun Oct 23 02:05:23 +0000 2016,RT @ATT: The #futureofvideo is mobile and the #futureofmobile is video. Time Warner + AT&amp;T make it happen! @twxcorp https://t.co/GKx4U9TQYg,Neutral,56.0321,general,general,,Twitter
Dallas7,Corporate,32.8957338,-96.8079243,5959 Royal Lane,75230,Sun Oct 23 02:04:53 +0000 2016,RT @ATT: The #futureofvideo is mobile and the #futureofmobile is video. Time Warner + AT&amp;T make it happen! @twxcorp https://t.co/GKx4U9TQYg,Neutral,56.0321,general,general,,Twitter
Dallas7,Corporate,32.8957338,-96.8079243,5959 Royal Lane,75230,Sun Oct 23 02:04:18 +0000 2016,RT @ATT: The #futureofvideo is mobile and the #futureofmobile is video. Time Warner + AT&amp;T make it happen! @twxcorp https://t.co/GKx4U9TQYg,Neutral,56.0321,general,general,,Twitter
Dallas7,Corporate,32.8957338,-96.8079243,5959 Royal Lane,75230,Sun Oct 23 02:03:25 +0000 2016,RT @DougMagditch: It's official: AT&amp;T to Acquire Time Warner ... I'm so excited for the future of our company! https://t.co/soDLs4C87o #att…,Positive,85.1831,general,general,,Twitter
Dallas7,Corporate,32.8957338,-96.8079243,5959 Royal Lane,75230,Sun Oct 23 02:02:15 +0000 2016,RT @ATT: The #futureofvideo is mobile and the #futureofmobile is video. Time Warner + AT&amp;T make it happen! @twxcorp https://t.co/GKx4U9TQYg,Neutral,56.0321,general,general,,Twitter
Dallas7,Corporate,32.8957338,-96.8079243,5959 Royal Lane,75230,Sun Oct 23 01:59:53 +0000 2016,RT @ATT: The #futureofvideo is mobile and the #futureofmobile is video. Time Warner + AT&amp;T make it happen! @twxcorp https://t.co/GKx4U9TQYg,Neutral,56.0321,general,general,,Twitter
Dallas7,Corporate,32.8957338,-96.8079243,5959 Royal Lane,75230,Sun Oct 23 01:58:15 +0000 2016,RT @ATT: Welcome to the team! @taylorswift13 https://t.co/4h86nLYuLo https://t.co/gAHOi7fPrZ,Positive,84.3125,general,general,,Twitter
Dallas7,Corporate,32.8957338,-96.8079243,5959 Royal Lane,75230,Sun Oct 23 01:53:06 +0000 2016,"ATT out here playing monopoly, while everyone else is playing Hungry Hippos.",Negative,68.6916,general,general,,Twitter
Dallas7,Corporate,32.8957338,-96.8079243,5959 Royal Lane,75230,Sun Oct 23 01:51:59 +0000 2016,RT @RickTweetTweet: Breaking News!!! AT&amp;T to Acquire Time Warner! My family just got bigger! #LifeAtATT  #TimeWarner https://t.co/RUAJa5ciO…,Positive,81.6545,general,general,,Twitter
Dallas7,Corporate,32.8957338,-96.8079243,5959 Royal Lane,75230,Sun Oct 23 01:49:47 +0000 2016,"RT @ATT: Watch the @GreenDay @iHeartRadio Album Release Party Tonight, 9pm ET/PT on AUDIENCE. DIRECTV ch 239/U-verse ch 1114. https://t.co/…",Neutral,59.5550,directv,general,,Twitter
Dallas7,Corporate,32.8957338,-96.8079243,5959 Royal Lane,75230,Sun Oct 23 01:49:42 +0000 2016,RT @dallasnews: Donald Trump says he would block AT&amp;T-Time Warner merger if elected  https://t.co/XmCbKogRWi https://t.co/30j3wwnrTl,Positive,73.6044,general,general,,Twitter
Dallas7,Corporate,32.8957338,-96.8079243,5959 Royal Lane,75230,Sun Oct 23 01:48:02 +0000 2016,RT @ATT: Get a sweet deal on the new iPhone 7 when you switch to AT&amp;T and have DIRECTV. https://t.co/TQVeUkmeZ6 https://t.co/zfZmNpe8AP,Positive,98.0584,directv,general,,Twitter
Dallas7,Corporate,32.8957338,-96.8079243,5959 Royal Lane,75230,Sun Oct 23 01:47:38 +0000 2016,"RT @ATT: Watch the @GreenDay @iHeartRadio Album Release Party Tonight, 9pm ET/PT on AUDIENCE. DIRECTV ch 239/U-verse ch 1114. https://t.co/…",Neutral,59.5550,directv,general,,Twitter
Dallas7,Corporate,32.8957338,-96.8079243,5959 Royal Lane,75230,Sun Oct 23 01:44:20 +0000 2016,RT @ATT: The #futureofvideo is mobile and the #futureofmobile is video. Time Warner + AT&amp;T make it happen! @twxcorp https://t.co/GKx4U9TQYg,Neutral,56.0321,general,general,,Twitter
Dallas7,Corporate,32.8957338,-96.8079243,5959 Royal Lane,75230,Sun Oct 23 01:42:44 +0000 2016,RT @ATT: The #futureofvideo is mobile and the #futureofmobile is video. Time Warner + AT&amp;T make it happen! @twxcorp https://t.co/GKx4U9TQYg,Neutral,56.0321,general,general,,Twitter
Dallas7,Corporate,32.8957338,-96.8079243,5959 Royal Lane,75230,Sun Oct 23 01:42:15 +0000 2016,RT @RickTweetTweet: Breaking News!!! AT&amp;T to Acquire Time Warner! My family just got bigger! #LifeAtATT  #TimeWarner https://t.co/RUAJa5ciO…,Positive,81.6545,general,general,,Twitter
Dallas7,Corporate,32.8957338,-96.8079243,5959 Royal Lane,75230,Sun Oct 23 01:41:41 +0000 2016,"RT @dallasnews: How the AT&amp;T-Time Warner deal changes the TV, mobile landscapes  https://t.co/tmdg7lCBj2 https://t.co/GXCgTSCj0J",Positive,74.8338,general,general,,Twitter
Dallas7,Corporate,32.8957338,-96.8079243,5959 Royal Lane,75230,Sun Oct 23 01:40:43 +0000 2016,"RT @ATT: Watch the @GreenDay @iHeartRadio Album Release Party Tonight, 9pm ET/PT on AUDIENCE. DIRECTV ch 239/U-verse ch 1114. https://t.co/…",Neutral,59.5550,directv,general,,Twitter
Dallas7,Corporate,32.8957338,-96.8079243,5959 Royal Lane,75230,Sun Oct 23 01:40:13 +0000 2016,RT @ATT: The #futureofvideo is mobile and the #futureofmobile is video. Time Warner + AT&amp;T make it happen! @twxcorp https://t.co/GKx4U9TQYg,Neutral,56.0321,general,general,,Twitter
Dallas7,Corporate,32.8957338,-96.8079243,5959 Royal Lane,75230,Sun Oct 23 01:39:39 +0000 2016,RT @ATT: The #futureofvideo is mobile and the #futureofmobile is video. Time Warner + AT&amp;T make it happen! @twxcorp https://t.co/GKx4U9TQYg,Neutral,56.0321,general,general,,Twitter
Dallas7,Corporate,32.8957338,-96.8079243,5959 Royal Lane,75230,Sun Oct 23 01:39:28 +0000 2016,"RT @dallasnews: Commentary: Can AT&amp;T and Time Warner avoid a left-brain, right-brain culture clash? | @MitchSchnur  https://t.co/gq05uvRnUA…",Neutral,59.9518,general,general,,Twitter
Dallas7,Corporate,32.8957338,-96.8079243,5959 Royal Lane,75230,Sun Oct 23 01:39:13 +0000 2016,"RT @dallasnews: Commentary: Can AT&amp;T and Time Warner avoid a left-brain, right-brain culture clash? | @MitchSchnur  https://t.co/gq05uvRnUA…",Neutral,59.9518,general,general,,Twitter
Dallas7,Corporate,32.8957338,-96.8079243,5959 Royal Lane,75230,Sun Oct 23 01:39:07 +0000 2016,"RT @dallasnews: Commentary: Can AT&amp;T and Time Warner avoid a left-brain, right-brain culture clash? | @MitchSchnur  https://t.co/gq05uvRnUA…",Neutral,59.9518,general,general,,Twitter
Dallas7,Corporate,32.8957338,-96.8079243,5959 Royal Lane,75230,Sun Oct 23 01:38:39 +0000 2016,"If @TomWheelerFCC has any spine left, he should block ATT and Time Warner. Or at least have ATT fire all of their current executives.",Negative,99.2425,general,general,,Twitter
