Dallas14,Authorized,32.853358,-96.817694,5567 W Lovers Ln,75209,Sun Oct 23 17:11:00 +0000 2016,AT&amp;T GoesFrom 'Dumb Pipe'To Media Giant With $85 Billion Time Warner Deal | https://t.co/IrXqRRB1Lg,Positive,65.0680,general,general,,Twitter
Dallas14,Authorized,32.853358,-96.817694,5567 W Lovers Ln,75209,Sun Oct 23 17:10:35 +0000 2016,"AT&amp;T, Time Warner deal faces tough regulatory fight https://t.co/qA57KvYdMQ #tech",Positive,80.0443,general,general,,Twitter
Dallas14,Authorized,32.853358,-96.817694,5567 W Lovers Ln,75209,Sun Oct 23 17:10:14 +0000 2016,"AT&amp;T’s new streaming service, DirecTV Now, just got a lot more interesting  https://t.co/lEKDuMcl71",Neutral,55.2401,directv,general,,Twitter
Dallas14,Authorized,32.853358,-96.817694,5567 W Lovers Ln,75209,Sun Oct 23 17:09:56 +0000 2016,"RT @dallasnews: Trump gets litigious, AT&amp;T gets bigger, @TomiLahren wins bigly: Your weekend news digest https://t.co/tjOy7OJCri https://t.…",Negative,66.2200,general,general,,Twitter
Dallas14,Authorized,32.853358,-96.817694,5567 W Lovers Ln,75209,Sun Oct 23 17:09:41 +0000 2016,"RT @dallasnews: Trump gets litigious, AT&amp;T gets bigger, @TomiLahren wins bigly: Your weekend news digest https://t.co/tjOy7OJCri https://t.…",Negative,66.2200,general,general,,Twitter
Dallas14,Authorized,32.853358,-96.817694,5567 W Lovers Ln,75209,Sun Oct 23 17:09:39 +0000 2016,RT @ATT: The #futureofvideo is mobile and the #futureofmobile is video. Time Warner + AT&amp;T make it happen! @twxcorp https://t.co/GKx4U9TQYg,Neutral,56.0321,general,general,,Twitter
Dallas14,Authorized,32.853358,-96.817694,5567 W Lovers Ln,75209,Sun Oct 23 17:08:59 +0000 2016,There goes my excellent internet service. @ATT is horrible: AT&amp;T seeks to buy Time Warner for nearly $86bn - https://t.co/muPvqHM10M,Negative,80.9172,general,general,,Twitter
Dallas14,Authorized,32.853358,-96.817694,5567 W Lovers Ln,75209,Sun Oct 23 17:07:32 +0000 2016,RT @RickTweetTweet: Breaking News!!! AT&amp;T to Acquire Time Warner! My family just got bigger! #LifeAtATT  #TimeWarner https://t.co/RUAJa5ciO…,Positive,81.6545,general,general,,Twitter
Dallas14,Authorized,32.853358,-96.817694,5567 W Lovers Ln,75209,Sun Oct 23 17:07:19 +0000 2016,RT @ATT: The #futureofvideo is mobile and the #futureofmobile is video. Time Warner + AT&amp;T make it happen! @twxcorp https://t.co/GKx4U9TQYg,Neutral,56.0321,general,general,,Twitter
Dallas14,Authorized,32.853358,-96.817694,5567 W Lovers Ln,75209,Sun Oct 23 17:06:57 +0000 2016,"RT @dallasnews: Trump gets litigious, AT&amp;T gets bigger, @TomiLahren wins bigly: Your weekend news digest https://t.co/tjOy7OJCri https://t.…",Negative,66.2200,general,general,,Twitter
Dallas14,Authorized,32.853358,-96.817694,5567 W Lovers Ln,75209,Sun Oct 23 17:02:03 +0000 2016,"RT @dallasnews: Trump gets litigious, AT&amp;T gets bigger, @TomiLahren wins bigly: Your weekend news digest https://t.co/tjOy7OJCri https://t.…",Negative,66.2200,general,general,,Twitter
Dallas14,Authorized,32.853358,-96.817694,5567 W Lovers Ln,75209,Sun Oct 23 17:01:38 +0000 2016,RT @ATT: The #futureofvideo is mobile and the #futureofmobile is video. Time Warner + AT&amp;T make it happen! @twxcorp https://t.co/GKx4U9TQYg,Neutral,56.0321,general,general,,Twitter
Dallas14,Authorized,32.853358,-96.817694,5567 W Lovers Ln,75209,Sun Oct 23 17:00:15 +0000 2016,RT @ATT: Welcome to the team! @taylorswift13 https://t.co/4h86nLYuLo https://t.co/gAHOi7fPrZ,Positive,84.3125,general,general,,Twitter
Dallas14,Authorized,32.853358,-96.817694,5567 W Lovers Ln,75209,Sun Oct 23 16:59:45 +0000 2016,"RT @dallasnews: Trump gets litigious, AT&amp;T gets bigger, @TomiLahren wins bigly: Your weekend news digest https://t.co/tjOy7OJCri https://t.…",Negative,66.2200,general,general,,Twitter
Dallas14,Authorized,32.853358,-96.817694,5567 W Lovers Ln,75209,Sun Oct 23 16:59:44 +0000 2016,"RT @dallasnews: Trump gets litigious, AT&amp;T gets bigger, @TomiLahren wins bigly: Your weekend news digest https://t.co/tjOy7OJCri https://t.…",Negative,66.2200,general,general,,Twitter
Dallas14,Authorized,32.853358,-96.817694,5567 W Lovers Ln,75209,Sun Oct 23 16:59:02 +0000 2016,"Wow, somebody getting paid. AT&amp;T acquires Time Warner in media mega-deal.  https://t.co/x78JpZuUvS",Negative,87.3362,general,general,,Twitter
Dallas14,Authorized,32.853358,-96.817694,5567 W Lovers Ln,75209,Sun Oct 23 16:58:55 +0000 2016,RT @Mike_Rawlings: I’m excited for Dallas-based AT&amp;T and hopeful that this merger will lead to great benefits for its employees and... http…,Positive,97.4618,general,general,,Twitter
Dallas14,Authorized,32.853358,-96.817694,5567 W Lovers Ln,75209,Sun Oct 23 16:56:30 +0000 2016,"RT @dallasnews: Trump gets litigious, AT&amp;T gets bigger, @TomiLahren wins bigly: Your weekend news digest https://t.co/tjOy7OJCri https://t.…",Negative,66.2200,general,general,,Twitter
Dallas14,Authorized,32.853358,-96.817694,5567 W Lovers Ln,75209,Sun Oct 23 16:56:02 +0000 2016,"Japan suicide bomber, Trump's lawsuits, AT&amp;T buys Time Warner: Your weekend digest https://t.co/aK2SH2gwwB https://t.co/i7PpzTDzDr",Neutral,61.0331,general,general,,Twitter
Dallas14,Authorized,32.853358,-96.817694,5567 W Lovers Ln,75209,Sun Oct 23 16:54:20 +0000 2016,When you read a #googlesurvey about a @ATT store and you know who the customer is talking about specifically… https://t.co/kLBxNJxHp2,Negative,67.5726,general,store experience,,Twitter
Dallas14,Authorized,32.853358,-96.817694,5567 W Lovers Ln,75209,Sun Oct 23 16:54:19 +0000 2016,RT @dallasnews: Luke Bryan shimmies and shines during 'Kill the Lights' tour at AT&amp;T Stadium on Saturday https://t.co/OltIElsT2s,Positive,92.9046,general,general,,Twitter
Dallas14,Authorized,32.853358,-96.817694,5567 W Lovers Ln,75209,Sun Oct 23 16:54:00 +0000 2016,"RT @dallasnews: Trump gets litigious, AT&amp;T gets bigger, @TomiLahren wins bigly: Your weekend news digest https://t.co/tjOy7OJCri https://t.…",Negative,66.2200,general,general,,Twitter
Dallas14,Authorized,32.853358,-96.817694,5567 W Lovers Ln,75209,Sun Oct 23 16:52:35 +0000 2016,"RT @dallasnews: Trump gets litigious, AT&amp;T gets bigger, @TomiLahren wins bigly: Your weekend news digest https://t.co/tjOy7OJCri https://t.…",Negative,66.2200,general,general,,Twitter
Dallas14,Authorized,32.853358,-96.817694,5567 W Lovers Ln,75209,Sun Oct 23 16:51:52 +0000 2016,"RT @dallasnews: Trump gets litigious, AT&amp;T gets bigger, @TomiLahren wins bigly: Your weekend news digest https://t.co/tjOy7OJCri https://t.…",Negative,66.2200,general,general,,Twitter
Dallas14,Authorized,32.853358,-96.817694,5567 W Lovers Ln,75209,Sun Oct 23 16:51:12 +0000 2016,RT @ATT: Who made you a college 🏈 fan? Share with #MadeMeAFanContest for a chance to win. Rules https://t.co/hU3I3wFn5V https://t.co/xZbxUJ…,Positive,88.9294,general,general,,Twitter
Dallas14,Authorized,32.853358,-96.817694,5567 W Lovers Ln,75209,Sun Oct 23 16:50:57 +0000 2016,"RT @dallasnews: Trump gets litigious, AT&amp;T gets bigger, @TomiLahren wins bigly: Your weekend news digest https://t.co/tjOy7OJCri https://t.…",Negative,66.2200,general,general,,Twitter
Dallas14,Authorized,32.853358,-96.817694,5567 W Lovers Ln,75209,Sun Oct 23 16:50:22 +0000 2016,Luke Bryan shimmies and shines during 'Kill the Lights' tour at AT&amp;T Stadium on Saturday https://t.co/OltIElsT2s,Positive,92.9046,general,general,,Twitter
Dallas14,Authorized,32.853358,-96.817694,5567 W Lovers Ln,75209,Sun Oct 23 16:46:31 +0000 2016,RT @ATT: Get a sweet deal on the new iPhone 7 when you switch to AT&amp;T and have DIRECTV. https://t.co/TQVeUkmeZ6 https://t.co/zfZmNpe8AP,Positive,98.0584,directv,general,,Twitter
Dallas14,Authorized,32.853358,-96.817694,5567 W Lovers Ln,75209,Sun Oct 23 16:46:30 +0000 2016,RT @ATT: Welcome to the team! @taylorswift13 https://t.co/4h86nLYuLo https://t.co/gAHOi7fPrZ,Positive,84.3125,general,general,,Twitter
Dallas14,Authorized,32.853358,-96.817694,5567 W Lovers Ln,75209,Sun Oct 23 16:46:22 +0000 2016,"RT @dallasnews: Trump gets litigious, AT&amp;T gets bigger, @TomiLahren wins bigly: Your weekend news digest https://t.co/tjOy7OJCri https://t.…",Negative,66.2200,general,general,,Twitter
Dallas14,Authorized,32.853358,-96.817694,5567 W Lovers Ln,75209,Sun Oct 23 16:45:58 +0000 2016,Wall Street has stepped up with $40 billion to help AT https://t.co/gH8fJziIq9 via @clusterstock,Positive,66.1667,general,general,,Twitter
Dallas14,Authorized,32.853358,-96.817694,5567 W Lovers Ln,75209,Sun Oct 23 16:45:34 +0000 2016,RT @ATT: The #futureofvideo is mobile and the #futureofmobile is video. Time Warner + AT&amp;T make it happen! @twxcorp https://t.co/GKx4U9TQYg,Neutral,56.0321,general,general,,Twitter
Dallas14,Authorized,32.853358,-96.817694,5567 W Lovers Ln,75209,Sun Oct 23 16:45:09 +0000 2016,RT @ATT: The #futureofvideo is mobile and the #futureofmobile is video. Time Warner + AT&amp;T make it happen! @twxcorp https://t.co/GKx4U9TQYg,Neutral,56.0321,general,general,,Twitter
Dallas14,Authorized,32.853358,-96.817694,5567 W Lovers Ln,75209,Sun Oct 23 16:44:56 +0000 2016,Does AT&amp;T have a mission statement for sports? https://t.co/eQVxa7eq2i,Neutral,61.3012,general,general,,Twitter
Dallas14,Authorized,32.853358,-96.817694,5567 W Lovers Ln,75209,Sun Oct 23 16:44:10 +0000 2016,"RT @dallasnews: Trump gets litigious, AT&amp;T gets bigger, @TomiLahren wins bigly: Your weekend news digest https://t.co/tjOy7OJCri https://t.…",Negative,66.2200,general,general,,Twitter
Dallas14,Authorized,32.853358,-96.817694,5567 W Lovers Ln,75209,Sun Oct 23 16:44:03 +0000 2016,"RT @dallasnews: Trump gets litigious, AT&amp;T gets bigger, @TomiLahren wins bigly: Your weekend news digest https://t.co/tjOy7OJCri https://t.…",Negative,66.2200,general,general,,Twitter
Dallas14,Authorized,32.853358,-96.817694,5567 W Lovers Ln,75209,Sun Oct 23 16:43:21 +0000 2016,"RT @dallasnews: Trump gets litigious, AT&amp;T gets bigger, @TomiLahren wins bigly: Your weekend news digest https://t.co/tjOy7OJCri https://t.…",Negative,66.2200,general,general,,Twitter
Dallas14,Authorized,32.853358,-96.817694,5567 W Lovers Ln,75209,Sun Oct 23 16:43:02 +0000 2016,"RT @DFWSmallBiz: Trump gets litigious, #ATT gets bigger, Tomi Lahren wins bigly: Your weekend digest https://t.co/kqlGayGHLj #DFW #realesta…",Negative,66.2200,general,general,,Twitter
Dallas14,Authorized,32.853358,-96.817694,5567 W Lovers Ln,75209,Sun Oct 23 16:41:12 +0000 2016,Breaking down the AT&amp;T-Time Warner mega-deal https://t.co/pmLiaiZvpL,Neutral,51.9207,general,general,,Twitter
Dallas14,Authorized,32.853358,-96.817694,5567 W Lovers Ln,75209,Sun Oct 23 16:40:49 +0000 2016,"RT @dallasnews: Trump gets litigious, AT&amp;T gets bigger, @TomiLahren wins bigly: Your weekend news digest https://t.co/tjOy7OJCri https://t.…",Negative,66.2200,general,general,,Twitter
Dallas14,Authorized,32.853358,-96.817694,5567 W Lovers Ln,75209,Sun Oct 23 16:40:17 +0000 2016,RT @ATT: The #futureofvideo is mobile and the #futureofmobile is video. Time Warner + AT&amp;T make it happen! @twxcorp https://t.co/GKx4U9TQYg,Neutral,56.0321,general,general,,Twitter
Dallas14,Authorized,32.853358,-96.817694,5567 W Lovers Ln,75209,Sun Oct 23 16:40:14 +0000 2016,RT @MarieRB: AT&amp;T Agrees to Buy Time Warner for More Than $80 Billion - https://t.co/0pzW2ZR24l https://t.co/rdbwVLsnwk,Positive,71.0501,general,general,,Twitter
Dallas14,Authorized,32.853358,-96.817694,5567 W Lovers Ln,75209,Sun Oct 23 16:38:22 +0000 2016,"RT @dallasnews: Updated: Report says AT&amp;T, Time Warner boards meeting today to approve $80 billion deal https://t.co/ESCmoMhXLr | @krobijak…",Positive,93.0729,general,general,,Twitter
Dallas14,Authorized,32.853358,-96.817694,5567 W Lovers Ln,75209,Sun Oct 23 16:38:04 +0000 2016,RT @ATT: The #futureofvideo is mobile and the #futureofmobile is video. Time Warner + AT&amp;T make it happen! @twxcorp https://t.co/GKx4U9TQYg,Neutral,56.0321,general,general,,Twitter
Dallas14,Authorized,32.853358,-96.817694,5567 W Lovers Ln,75209,Sun Oct 23 16:37:44 +0000 2016,"RT @DFWSmallBiz: Trump gets litigious, #ATT gets bigger, Tomi Lahren wins bigly: Your weekend digest https://t.co/kqlGayGHLj #DFW #realesta…",Negative,66.2200,general,general,,Twitter
Dallas14,Authorized,32.853358,-96.817694,5567 W Lovers Ln,75209,Sun Oct 23 16:37:22 +0000 2016,"Trump gets litigious, #ATT gets bigger, Tomi Lahren wins bigly: Your weekend digest https://t.co/kqlGayGHLj #DFW #realestate",Negative,66.2200,general,general,,Twitter
Dallas14,Authorized,32.853358,-96.817694,5567 W Lovers Ln,75209,Sun Oct 23 16:36:25 +0000 2016,"RT @dallasnews: Trump gets litigious, AT&amp;T gets bigger, @TomiLahren wins bigly: Your weekend news digest https://t.co/tjOy7OJCri https://t.…",Negative,66.2200,general,general,,Twitter
Dallas14,Authorized,32.853358,-96.817694,5567 W Lovers Ln,75209,Sun Oct 23 16:36:05 +0000 2016,"AT&amp;T, Time Warner deal faces tough regulatory fight https://t.co/bOMToGvwrI",Positive,80.0443,general,general,,Twitter
Dallas14,Authorized,32.853358,-96.817694,5567 W Lovers Ln,75209,Sun Oct 23 16:36:04 +0000 2016,AT&amp;T to buy Time Warner https://t.co/Ub0tCMxcTc,Positive,63.9246,general,general,,Twitter
Dallas14,Authorized,32.853358,-96.817694,5567 W Lovers Ln,75209,Sun Oct 23 16:35:46 +0000 2016,"RT @dallasnews: Trump gets litigious, AT&amp;T gets bigger, @TomiLahren wins bigly: Your weekend news digest https://t.co/tjOy7OJCri https://t.…",Negative,66.2200,general,general,,Twitter
Dallas14,Authorized,32.853358,-96.817694,5567 W Lovers Ln,75209,Sun Oct 23 16:35:08 +0000 2016,"RT @dallasnews: Trump gets litigious, AT&amp;T gets bigger, @TomiLahren wins bigly: Your weekend news digest https://t.co/tjOy7OJCri https://t.…",Negative,66.2200,general,general,,Twitter
Dallas14,Authorized,32.853358,-96.817694,5567 W Lovers Ln,75209,Sun Oct 23 16:34:41 +0000 2016,"RT @dallasnews: Trump gets litigious, AT&amp;T gets bigger, @TomiLahren wins bigly: Your weekend news digest https://t.co/tjOy7OJCri https://t.…",Negative,66.2200,general,general,,Twitter
Dallas14,Authorized,32.853358,-96.817694,5567 W Lovers Ln,75209,Sun Oct 23 16:34:27 +0000 2016,"RT @dallasnews: Trump gets litigious, AT&amp;T gets bigger, @TomiLahren wins bigly: Your weekend news digest https://t.co/tjOy7OJCri https://t.…",Negative,66.2200,general,general,,Twitter
Dallas14,Authorized,32.853358,-96.817694,5567 W Lovers Ln,75209,Sun Oct 23 16:34:20 +0000 2016,RT @ATT: The #futureofvideo is mobile and the #futureofmobile is video. Time Warner + AT&amp;T make it happen! @twxcorp https://t.co/GKx4U9TQYg,Neutral,56.0321,general,general,,Twitter
Dallas14,Authorized,32.853358,-96.817694,5567 W Lovers Ln,75209,Sun Oct 23 16:33:09 +0000 2016,"RT @dallasnews: Trump gets litigious, AT&amp;T gets bigger, @TomiLahren wins bigly: Your weekend news digest https://t.co/tjOy7OJCri https://t.…",Negative,66.2200,general,general,,Twitter
Dallas14,Authorized,32.853358,-96.817694,5567 W Lovers Ln,75209,Sun Oct 23 16:33:04 +0000 2016,"RT @sgoldstein: Done deal: AT&amp;T, Time Warner boards approve deal valued at $108.7 billion https://t.co/u24ADetxu0 via @dallasnews",Positive,72.0624,general,general,,Twitter
Dallas14,Authorized,32.853358,-96.817694,5567 W Lovers Ln,75209,Sun Oct 23 16:32:11 +0000 2016,"RT @dallasnews: Trump gets litigious, AT&amp;T gets bigger, @TomiLahren wins bigly: Your weekend news digest https://t.co/tjOy7OJCri https://t.…",Negative,66.2200,general,general,,Twitter
Dallas14,Authorized,32.853358,-96.817694,5567 W Lovers Ln,75209,Sun Oct 23 16:32:08 +0000 2016,Have mercy (in my Uncle Jesse voice)! @LukeBryanOnline shimmies and shines during #killthelightstour at @ATTStadium… https://t.co/4dZgefReqk,Positive,72.8784,general,general,,Twitter
Dallas14,Authorized,32.853358,-96.817694,5567 W Lovers Ln,75209,Sun Oct 23 16:30:55 +0000 2016,"RT @dallasnews: Trump gets litigious, AT&amp;T gets bigger, @TomiLahren wins bigly: Your weekend news digest https://t.co/tjOy7OJCri https://t.…",Negative,66.2200,general,general,,Twitter
Dallas14,Authorized,32.853358,-96.817694,5567 W Lovers Ln,75209,Sun Oct 23 16:30:31 +0000 2016,"RT @dallasnews: Trump gets litigious, AT&amp;T gets bigger, @TomiLahren wins bigly: Your weekend news digest https://t.co/tjOy7OJCri https://t.…",Negative,66.2200,general,general,,Twitter
Dallas14,Authorized,32.853358,-96.817694,5567 W Lovers Ln,75209,Sun Oct 23 16:30:11 +0000 2016,RT @ATT: The #futureofvideo is mobile and the #futureofmobile is video. Time Warner + AT&amp;T make it happen! @twxcorp https://t.co/GKx4U9TQYg,Neutral,56.0321,general,general,,Twitter
Dallas14,Authorized,32.853358,-96.817694,5567 W Lovers Ln,75209,Sun Oct 23 16:27:56 +0000 2016,RT @Mike_Rawlings: I’m excited for Dallas-based AT&amp;T and hopeful that this merger will lead to great benefits for its employees and... http…,Positive,97.4618,general,general,,Twitter
Dallas14,Authorized,32.853358,-96.817694,5567 W Lovers Ln,75209,Sun Oct 23 16:27:37 +0000 2016,RT @ATT: The #futureofvideo is mobile and the #futureofmobile is video. Time Warner + AT&amp;T make it happen! @twxcorp https://t.co/GKx4U9TQYg,Neutral,56.0321,general,general,,Twitter
Dallas14,Authorized,32.853358,-96.817694,5567 W Lovers Ln,75209,Sun Oct 23 16:26:39 +0000 2016,RT @Mike_Rawlings: I’m excited for Dallas-based AT&amp;T and hopeful that this merger will lead to great benefits for its employees and... http…,Positive,97.4618,general,general,,Twitter
Dallas14,Authorized,32.853358,-96.817694,5567 W Lovers Ln,75209,Sun Oct 23 16:26:29 +0000 2016,"Honey, let me tell you! I kinda wish I could empty my notebook on this one. https://t.co/Iu5P940Eed",Negative,99.9684,general,general,,Twitter
Dallas14,Authorized,32.853358,-96.817694,5567 W Lovers Ln,75209,Sun Oct 23 16:25:52 +0000 2016,RT @ATT: Welcome to the team! @taylorswift13 https://t.co/4h86nLYuLo https://t.co/gAHOi7fPrZ,Positive,84.3125,general,general,,Twitter
Dallas14,Authorized,32.853358,-96.817694,5567 W Lovers Ln,75209,Sun Oct 23 16:25:25 +0000 2016,"Oooo, whee! @LukeBryanOnline shimmies and shines during #killthelightstour at @ATTStadium on Saturday | @guidelive https://t.co/uJyShvxkL8",Positive,79.2539,general,general,,Twitter
Dallas14,Authorized,32.853358,-96.817694,5567 W Lovers Ln,75209,Sun Oct 23 16:23:03 +0000 2016,RT @ATT: The #futureofvideo is mobile and the #futureofmobile is video. Time Warner + AT&amp;T make it happen! @twxcorp https://t.co/GKx4U9TQYg,Neutral,56.0321,general,general,,Twitter
Dallas14,Authorized,32.853358,-96.817694,5567 W Lovers Ln,75209,Sun Oct 23 16:23:02 +0000 2016,RT @ATT: The #futureofvideo is mobile and the #futureofmobile is video. Time Warner + AT&amp;T make it happen! @twxcorp https://t.co/GKx4U9TQYg,Neutral,56.0321,general,general,,Twitter
Dallas14,Authorized,32.853358,-96.817694,5567 W Lovers Ln,75209,Sun Oct 23 16:22:32 +0000 2016,RT @ATT: Welcome to the team! @taylorswift13 https://t.co/4h86nLYuLo https://t.co/gAHOi7fPrZ,Positive,84.3125,general,general,,Twitter
Dallas14,Authorized,32.853358,-96.817694,5567 W Lovers Ln,75209,Sun Oct 23 16:20:52 +0000 2016,RT @ATT: The #futureofvideo is mobile and the #futureofmobile is video. Time Warner + AT&amp;T make it happen! @twxcorp https://t.co/GKx4U9TQYg,Neutral,56.0321,general,general,,Twitter
Dallas14,Authorized,32.853358,-96.817694,5567 W Lovers Ln,75209,Sun Oct 23 16:19:53 +0000 2016,@unilateralOptio We are now following you. Could you please try again? Thank you.,Positive,63.7787,general,general,,Twitter
Dallas14,Authorized,32.853358,-96.817694,5567 W Lovers Ln,75209,Sun Oct 23 16:19:51 +0000 2016,RT @ATT: The #futureofvideo is mobile and the #futureofmobile is video. Time Warner + AT&amp;T make it happen! @twxcorp https://t.co/GKx4U9TQYg,Neutral,56.0321,general,general,,Twitter
Dallas14,Authorized,32.853358,-96.817694,5567 W Lovers Ln,75209,Sun Oct 23 16:16:23 +0000 2016,RT @ATT: Welcome to the team! @taylorswift13 https://t.co/4h86nLYuLo https://t.co/gAHOi7fPrZ,Positive,84.3125,general,general,,Twitter
Dallas14,Authorized,32.853358,-96.817694,5567 W Lovers Ln,75209,Sun Oct 23 16:13:11 +0000 2016,"Donald Trump Plans to Break up AT&amp;T, Time Warner Deal: ‘Too Much Concentration of Power’ https://t.co/JQSDdpys9L https://t.co/CP1QOlm9It",Positive,94.0891,general,general,,Twitter
Dallas14,Authorized,32.853358,-96.817694,5567 W Lovers Ln,75209,Sun Oct 23 16:11:52 +0000 2016,RT @ATT: The #futureofvideo is mobile and the #futureofmobile is video. Time Warner + AT&amp;T make it happen! @twxcorp https://t.co/GKx4U9TQYg,Neutral,56.0321,general,general,,Twitter
Dallas14,Authorized,32.853358,-96.817694,5567 W Lovers Ln,75209,Sun Oct 23 16:09:13 +0000 2016,"AT&amp;T to pay $85 billion for Time Warner, create telecom-media giant Industry https://t.co/nrKXvALGyy",Neutral,54.8401,general,general,,Twitter
Dallas14,Authorized,32.853358,-96.817694,5567 W Lovers Ln,75209,Sun Oct 23 16:05:22 +0000 2016,RT @ATT: The #futureofvideo is mobile and the #futureofmobile is video. Time Warner + AT&amp;T make it happen! @twxcorp https://t.co/GKx4U9TQYg,Neutral,56.0321,general,general,,Twitter
Dallas14,Authorized,32.853358,-96.817694,5567 W Lovers Ln,75209,Sun Oct 23 16:04:58 +0000 2016,RT @Mike_Rawlings: I’m excited for Dallas-based AT&amp;T and hopeful that this merger will lead to great benefits for its employees and... http…,Positive,97.4618,general,general,,Twitter
Dallas14,Authorized,32.853358,-96.817694,5567 W Lovers Ln,75209,Sun Oct 23 16:02:57 +0000 2016,RT @ATT: The #futureofvideo is mobile and the #futureofmobile is video. Time Warner + AT&amp;T make it happen! @twxcorp https://t.co/GKx4U9TQYg,Neutral,56.0321,general,general,,Twitter
Dallas14,Authorized,32.853358,-96.817694,5567 W Lovers Ln,75209,Sun Oct 23 16:02:47 +0000 2016,RT @ATT: Who made you a college 🏈 fan? Share with #MadeMeAFanContest for a chance to win. Rules https://t.co/hU3I3wFn5V https://t.co/xZbxUJ…,Positive,88.9294,general,general,,Twitter
Dallas14,Authorized,32.853358,-96.817694,5567 W Lovers Ln,75209,Sun Oct 23 16:02:18 +0000 2016,"AT&amp;T’s new streaming service, DirecTV Now, just got a lot more interesting https://t.co/9X03nPhNCv https://t.co/66JZM6K437",Neutral,55.2401,directv,general,,Twitter
Dallas14,Authorized,32.853358,-96.817694,5567 W Lovers Ln,75209,Sun Oct 23 15:57:43 +0000 2016,RT @Mike_Rawlings: I’m excited for Dallas-based AT&amp;T and hopeful that this merger will lead to great benefits for its employees and... http…,Positive,97.4618,general,general,,Twitter
Dallas14,Authorized,32.853358,-96.817694,5567 W Lovers Ln,75209,Sun Oct 23 15:56:44 +0000 2016,RT @ATT: The #futureofvideo is mobile and the #futureofmobile is video. Time Warner + AT&amp;T make it happen! @twxcorp https://t.co/GKx4U9TQYg,Neutral,56.0321,general,general,,Twitter
Dallas14,Authorized,32.853358,-96.817694,5567 W Lovers Ln,75209,Sun Oct 23 15:54:54 +0000 2016,RT @ATT: The #futureofvideo is mobile and the #futureofmobile is video. Time Warner + AT&amp;T make it happen! @twxcorp https://t.co/GKx4U9TQYg,Neutral,56.0321,general,general,,Twitter
Dallas14,Authorized,32.853358,-96.817694,5567 W Lovers Ln,75209,Sun Oct 23 15:53:01 +0000 2016,AgShowcase: Companies are experimenting with new uses for #drones: ATT adapting for #inspection … https://t.co/UQy1QLH1sz,Positive,68.2172,general,general,,Twitter
Dallas14,Authorized,32.853358,-96.817694,5567 W Lovers Ln,75209,Sun Oct 23 15:49:57 +0000 2016,RT @ATT: The #futureofvideo is mobile and the #futureofmobile is video. Time Warner + AT&amp;T make it happen! @twxcorp https://t.co/GKx4U9TQYg,Neutral,56.0321,general,general,,Twitter
Dallas14,Authorized,32.853358,-96.817694,5567 W Lovers Ln,75209,Sun Oct 23 15:44:07 +0000 2016,"RT @videofest: AT&amp;T to buy HBO, CNN, and the rest of Time Warner for more than $80 billion https://t.co/WzXW0mHC3D",Negative,74.1750,general,general,,Twitter
Dallas14,Authorized,32.853358,-96.817694,5567 W Lovers Ln,75209,Sun Oct 23 15:43:32 +0000 2016,Amazing opportunity for both companies as AT&amp;T Agrees to Buy Time Warner for $85.4 Billion https://t.co/WfJL2ptW70 #attemployee,Positive,97.4946,general,general,,Twitter
Dallas14,Authorized,32.853358,-96.817694,5567 W Lovers Ln,75209,Sun Oct 23 15:42:49 +0000 2016,@KeithSmithNBA @colezwicker @DIRECTV Ridiculous. In years past it was available for renewal in September.,Positive,76.4746,directv,general,,Twitter
Dallas14,Authorized,32.853358,-96.817694,5567 W Lovers Ln,75209,Sun Oct 23 15:41:47 +0000 2016,RT @ATT: Welcome to the team! @taylorswift13 https://t.co/4h86nLYuLo https://t.co/gAHOi7fPrZ,Positive,84.3125,general,general,,Twitter
Dallas14,Authorized,32.853358,-96.817694,5567 W Lovers Ln,75209,Sun Oct 23 15:40:53 +0000 2016,@KeithSmithNBA @colezwicker @DIRECTV What did you find out?,Negative,72.4843,directv,general,,Twitter
Dallas14,Authorized,32.853358,-96.817694,5567 W Lovers Ln,75209,Sun Oct 23 15:37:56 +0000 2016,RT @ATT: Who made you a college 🏈 fan? Share with #MadeMeAFanContest for a chance to win. Rules https://t.co/hU3I3wFn5V https://t.co/xZbxUJ…,Positive,88.9294,general,general,,Twitter
Dallas14,Authorized,32.853358,-96.817694,5567 W Lovers Ln,75209,Sun Oct 23 15:37:14 +0000 2016,RT @Mike_Rawlings: I’m excited for Dallas-based AT&amp;T and hopeful that this merger will lead to great benefits for its employees and... http…,Positive,97.4618,general,general,,Twitter
Dallas14,Authorized,32.853358,-96.817694,5567 W Lovers Ln,75209,Sun Oct 23 15:36:14 +0000 2016,RT @RickTweetTweet: Breaking News!!! AT&amp;T to Acquire Time Warner! My family just got bigger! #LifeAtATT  #TimeWarner https://t.co/RUAJa5ciO…,Positive,81.6545,general,general,,Twitter
Dallas14,Authorized,32.853358,-96.817694,5567 W Lovers Ln,75209,Sun Oct 23 15:35:36 +0000 2016,LIVE on #Periscope: Praise and worship service pt.2 https://t.co/RhoyvG21YW,Neutral,60.9749,general,general,,Twitter
Dallas14,Authorized,32.853358,-96.817694,5567 W Lovers Ln,75209,Sun Oct 23 15:32:49 +0000 2016,"AT&amp;T’s new streaming service, DirecTV Now, just got a lot more interesting https://t.co/PDIo5IhaM8",Neutral,55.2401,directv,general,,Twitter
Dallas14,Authorized,32.853358,-96.817694,5567 W Lovers Ln,75209,Sun Oct 23 15:31:40 +0000 2016,RT @ATT: The #futureofvideo is mobile and the #futureofmobile is video. Time Warner + AT&amp;T make it happen! @twxcorp https://t.co/GKx4U9TQYg,Neutral,56.0321,general,general,,Twitter
Dallas14,Authorized,32.853358,-96.817694,5567 W Lovers Ln,75209,Sun Oct 23 15:26:39 +0000 2016,"Trump gets litigious, #ATT gets bigger, Tomi Lahren wins bigly: Your weekend digest https://t.co/FftP9HwG81 #DFW",Negative,66.2200,general,general,,Twitter
