Dallas5,Corporate,32.8342578,-96.7045404,1152 North Buckner Blvd,75218,Mon Oct 24 18:48:08 +0000 2016,RT @attJOBS: Last year we donated $1M to @GirlsWhoCode &amp; the future careers of women technologists everywhere! #GHC16 https://t.co/rKDF99f5…,Positive,98.7368,general,general,,Twitter
Dallas5,Corporate,32.8342578,-96.7045404,1152 North Buckner Blvd,75218,Mon Oct 24 18:47:38 +0000 2016,"RT @attJOBS: In honor of #LGBTHistoryMonth, we're recapping the ways we've supported the LGBT community throughout the years: https://t.co/…",Positive,95.0619,general,general,,Twitter
Dallas5,Corporate,32.8342578,-96.7045404,1152 North Buckner Blvd,75218,Mon Oct 24 18:47:15 +0000 2016,RT @attJOBS: Hear from Kristin how our Business Sales Leadership Development Program led to her successful career: https://t.co/aitAtDInv5…,Positive,88.5471,general,general,,Twitter
Dallas5,Corporate,32.8342578,-96.7045404,1152 North Buckner Blvd,75218,Mon Oct 24 18:47:09 +0000 2016,RT @attJOBS: We're helping connect youth to their first jobs by signing on to the White House's First Job Compact. Learn more: https://t.co…,Positive,91.9056,general,general,,Twitter
Dallas5,Corporate,32.8342578,-96.7045404,1152 North Buckner Blvd,75218,Mon Oct 24 18:46:52 +0000 2016,RT @attJOBS: You don't have to go back to school to continue learning. Try these tips to learn something new: https://t.co/N1AjraH8jR #Moti…,Neutral,50.1178,general,general,,Twitter
Dallas5,Corporate,32.8342578,-96.7045404,1152 North Buckner Blvd,75218,Mon Oct 24 18:39:22 +0000 2016,@sixdolla We love your need for speed! Enjoy your AT&amp;T Fiber. 😊,Positive,72.9664,fiber,general,,Twitter
Dallas5,Corporate,32.8342578,-96.7045404,1152 North Buckner Blvd,75218,Mon Oct 24 18:32:00 +0000 2016,RT @ATT: Another reason to smile for the camera. The #LGV20 from @LGUSAMobile will be available in stores starting today. https://t.co/TILu…,Positive,86.0616,general,general,,Twitter
Dallas5,Corporate,32.8342578,-96.7045404,1152 North Buckner Blvd,75218,Mon Oct 24 18:30:29 +0000 2016,RT @ATT: The #futureofvideo is mobile and the #futureofmobile is video. Time Warner + AT&amp;T make it happen! @twxcorp https://t.co/GKx4U9TQYg,Neutral,56.0321,general,general,,Twitter
Dallas5,Corporate,32.8342578,-96.7045404,1152 North Buckner Blvd,75218,Mon Oct 24 18:30:15 +0000 2016,For those interested in the consumer side: I'm jumping on @wfaachannel8 at about 4:15 this afternoon to talk @ATT,Positive,74.9951,general,general,,Twitter
Dallas5,Corporate,32.8342578,-96.7045404,1152 North Buckner Blvd,75218,Mon Oct 24 18:23:19 +0000 2016,"RT @ATTLatino: No importa si estas apoyando el American League o el National League, cada noche es un home run con @DIRECTV #WatchingLaTele…",Neutral,58.1591,directv,general,,Twitter
Dallas5,Corporate,32.8342578,-96.7045404,1152 North Buckner Blvd,75218,Mon Oct 24 18:18:51 +0000 2016,"RT @dallasnews: Trump gets litigious, AT&amp;T gets bigger, @TomiLahren wins bigly: Your weekend news digest https://t.co/tjOy7OJCri https://t.…",Negative,66.2200,general,general,,Twitter
Dallas5,Corporate,32.8342578,-96.7045404,1152 North Buckner Blvd,75218,Mon Oct 24 18:17:46 +0000 2016,RT @ATT: Another reason to smile for the camera. The #LGV20 from @LGUSAMobile will be available in stores starting today. https://t.co/TILu…,Positive,86.0616,general,general,,Twitter
Dallas5,Corporate,32.8342578,-96.7045404,1152 North Buckner Blvd,75218,Mon Oct 24 18:17:00 +0000 2016,AT&amp;T's internet-only DirecTV service launches in November - You don't have to sit on pins and needles wondering... https://t.co/WgpI63DbPK,Neutral,60.2458,directv,general,,Twitter
Dallas5,Corporate,32.8342578,-96.7045404,1152 North Buckner Blvd,75218,Mon Oct 24 18:13:18 +0000 2016,RT @ATT: Welcome to the team! @taylorswift13 https://t.co/4h86nLYuLo https://t.co/gAHOi7fPrZ,Positive,84.3125,general,general,,Twitter
Dallas5,Corporate,32.8342578,-96.7045404,1152 North Buckner Blvd,75218,Mon Oct 24 18:11:17 +0000 2016,RT @ATT: Another reason to smile for the camera. The #LGV20 from @LGUSAMobile will be available in stores starting today. https://t.co/TILu…,Positive,86.0616,general,general,,Twitter
Dallas5,Corporate,32.8342578,-96.7045404,1152 North Buckner Blvd,75218,Mon Oct 24 18:10:31 +0000 2016,Another reason to smile for the camera. The #LGV20 from @LGUSAMobile will be available in stores starting today.… https://t.co/yIaoUnLMTw,Positive,69.5135,general,general,,Twitter
Dallas5,Corporate,32.8342578,-96.7045404,1152 North Buckner Blvd,75218,Mon Oct 24 18:08:03 +0000 2016,"AT&amp;T acquisition of Time Warner could present content, advertising opportunities https://t.co/QffmxVB9X1",Negative,67.4883,general,general,,Twitter
Dallas5,Corporate,32.8342578,-96.7045404,1152 North Buckner Blvd,75218,Mon Oct 24 18:05:30 +0000 2016,@JillCowan @ATT @dallasnews can't worry about things. Just have to shake it off!,Negative,82.3236,general,general,,Twitter
Dallas5,Corporate,32.8342578,-96.7045404,1152 North Buckner Blvd,75218,Mon Oct 24 18:00:04 +0000 2016,"No importa si estas apoyando el American League o el National League, cada noche es un home run con @DIRECTV… https://t.co/hnJthAv0cB",Neutral,58.1591,directv,general,,Twitter
Dallas5,Corporate,32.8342578,-96.7045404,1152 North Buckner Blvd,75218,Mon Oct 24 17:52:56 +0000 2016,AT&amp;T debuts Cuba roaming https://t.co/oFIQzht2IP #attemployee https://t.co/C0GaQLrnUu,Neutral,50.0000,general,general,,Twitter
Dallas5,Corporate,32.8342578,-96.7045404,1152 North Buckner Blvd,75218,Mon Oct 24 17:52:11 +0000 2016,"@TheNETwork_Natl 
AT&amp;T Hiring Sales Executive Field Sales #Des Peres, MO. Spread the word about the good #LifeAtATT… https://t.co/lBdq02UVpC",Negative,77.6346,general,general,,Twitter
Dallas5,Corporate,32.8342578,-96.7045404,1152 North Buckner Blvd,75218,Mon Oct 24 17:51:54 +0000 2016,"""AT&amp;T and Time Warner Seek to Mollify Deal’s Critics"" by LESLIE PICKER via NYT The New York Times https://t.co/oCf1Nn0dei",Positive,97.2203,general,general,,Twitter
Dallas5,Corporate,32.8342578,-96.7045404,1152 North Buckner Blvd,75218,Mon Oct 24 17:51:07 +0000 2016,"@WomenOfATT_ERG 
AT&amp;T Hiring Sales Executive Field Sales #Des Peres, MO. Spread the word about the good #LifeAtATT.… https://t.co/4az2gLQRQc",Negative,77.6346,general,general,,Twitter
Dallas5,Corporate,32.8342578,-96.7045404,1152 North Buckner Blvd,75218,Mon Oct 24 17:50:50 +0000 2016,"RT @ATTBusiness: Your org faces cyberthreats at every turn, but you're not alone. Be #cyberaware with our new cybersecurity report: https:/…",Neutral,52.3309,general,general,,Twitter
Dallas5,Corporate,32.8342578,-96.7045404,1152 North Buckner Blvd,75218,Mon Oct 24 17:50:23 +0000 2016,RT @RickTweetTweet: Breaking News!!! AT&amp;T to Acquire Time Warner! My family just got bigger! #LifeAtATT  #TimeWarner https://t.co/RUAJa5ciO…,Positive,81.6545,general,general,,Twitter
Dallas5,Corporate,32.8342578,-96.7045404,1152 North Buckner Blvd,75218,Mon Oct 24 17:49:30 +0000 2016,RT @ATTBusiness: SDN + #AI is like peanut butter + jelly. Find out why it's a perfect combination: https://t.co/OrfatAuWXA https://t.co/51x…,Positive,91.9239,general,general,,Twitter
Dallas5,Corporate,32.8342578,-96.7045404,1152 North Buckner Blvd,75218,Mon Oct 24 17:49:10 +0000 2016,"@LEAGUEatATT 
AT&amp;T Hiring Sales Executive Field Sales #Des Peres, MO. Spread the word about the good #LifeAtATT.… https://t.co/rerVQkHtFI",Negative,77.6346,general,general,,Twitter
Dallas5,Corporate,32.8342578,-96.7045404,1152 North Buckner Blvd,75218,Mon Oct 24 17:47:34 +0000 2016,"@jilliangaier @CNN most likely that  will get more subscribers due to @att's vast userbase. Other than that, probably nothing will change.",Negative,82.3574,general,general,,Twitter
Dallas5,Corporate,32.8342578,-96.7045404,1152 North Buckner Blvd,75218,Mon Oct 24 17:43:59 +0000 2016,RT @ATTBusiness: SDN + #AI is like peanut butter + jelly. Find out why it's a perfect combination: https://t.co/OrfatAuWXA https://t.co/51x…,Positive,91.9239,general,general,,Twitter
Dallas5,Corporate,32.8342578,-96.7045404,1152 North Buckner Blvd,75218,Mon Oct 24 17:40:45 +0000 2016,RT @ATTBusiness: SDN + #AI is like peanut butter + jelly. Find out why it's a perfect combination: https://t.co/OrfatAuWXA https://t.co/51x…,Positive,91.9239,general,general,,Twitter
Dallas5,Corporate,32.8342578,-96.7045404,1152 North Buckner Blvd,75218,Mon Oct 24 17:40:36 +0000 2016,They expect constant connection  mobility  and innovation https://t.co/nrmXqjKfQV #mobile #attemployee,Neutral,54.6944,general,general,,Twitter
Dallas5,Corporate,32.8342578,-96.7045404,1152 North Buckner Blvd,75218,Mon Oct 24 17:39:47 +0000 2016,"RT @ATT: @joeharris_stl I'm glad we were able to turn that around, Joe! https://t.co/pAJKrKvqHc",Neutral,61.1784,general,general,,Twitter
Dallas5,Corporate,32.8342578,-96.7045404,1152 North Buckner Blvd,75218,Mon Oct 24 17:36:57 +0000 2016,RT @DallasInnovates: .@att CEO says $86B deal for @twxcorp would hasten #innovation https://t.co/gOr9K1V9AA https://t.co/1rV7isJMP2,Neutral,54.5202,general,general,,Twitter
Dallas5,Corporate,32.8342578,-96.7045404,1152 North Buckner Blvd,75218,Mon Oct 24 17:35:36 +0000 2016,RT @ATT: Welcome to the team! @taylorswift13 https://t.co/4h86nLYuLo https://t.co/gAHOi7fPrZ,Positive,84.3125,general,general,,Twitter
Dallas5,Corporate,32.8342578,-96.7045404,1152 North Buckner Blvd,75218,Mon Oct 24 17:32:15 +0000 2016,❤️Companies that show their support for their Admins! #dallasadminawards @trunkclub @SouthwestAir @OmniDallas @jcpenney @DallasStars @ATT,Positive,70.8359,general,general,,Twitter
Dallas5,Corporate,32.8342578,-96.7045404,1152 North Buckner Blvd,75218,Mon Oct 24 17:30:36 +0000 2016,RT @DallasInnovates: .@att CEO says $86B deal for @twxcorp would hasten #innovation https://t.co/gOr9K1V9AA https://t.co/1rV7isJMP2,Neutral,54.5202,general,general,,Twitter
Dallas5,Corporate,32.8342578,-96.7045404,1152 North Buckner Blvd,75218,Mon Oct 24 17:30:36 +0000 2016,@ATT CEO Randall Stephenson confident Time Warner merger will get past regulators https://t.co/QhFBlHyiUe via @dallasnews,Positive,89.1523,general,general,,Twitter
Dallas5,Corporate,32.8342578,-96.7045404,1152 North Buckner Blvd,75218,Mon Oct 24 17:30:06 +0000 2016,SDN + #AI is like peanut butter + jelly. Find out why it's a perfect combination: https://t.co/OrfatAuWXA https://t.co/51x4mQFmuW,Positive,91.9239,general,general,,Twitter
Dallas5,Corporate,32.8342578,-96.7045404,1152 North Buckner Blvd,75218,Mon Oct 24 17:28:03 +0000 2016,RT @DallasInnovates: .@att CEO says $86B deal for @twxcorp would hasten #innovation https://t.co/gOr9K1V9AA https://t.co/1rV7isJMP2,Neutral,54.5202,general,general,,Twitter
Dallas5,Corporate,32.8342578,-96.7045404,1152 North Buckner Blvd,75218,Mon Oct 24 17:27:59 +0000 2016,RT @ATT: The #futureofvideo is mobile and the #futureofmobile is video. Time Warner + AT&amp;T make it happen! @twxcorp https://t.co/GKx4U9TQYg,Neutral,56.0321,general,general,,Twitter
Dallas5,Corporate,32.8342578,-96.7045404,1152 North Buckner Blvd,75218,Mon Oct 24 17:26:13 +0000 2016,"If merger deal fails, #ATT and Time Warner would pay big https://t.co/WXwONzftnl #DFW #Tech",Negative,69.8554,general,general,,Twitter
Dallas5,Corporate,32.8342578,-96.7045404,1152 North Buckner Blvd,75218,Mon Oct 24 17:24:20 +0000 2016,.@att CEO says $86B deal for @twxcorp would hasten #innovation https://t.co/gOr9K1V9AA https://t.co/1rV7isJMP2,Neutral,54.5202,general,general,,Twitter
Dallas5,Corporate,32.8342578,-96.7045404,1152 North Buckner Blvd,75218,Mon Oct 24 17:17:40 +0000 2016,"RT @ATT: #FootballEverywhere, 🍕, @SamsungMobile + @AnthonyAnderson = an epic game day! Watch the full video here: https://t.co/nEg01DkjCB h…",Neutral,51.3846,general,general,,Twitter
Dallas5,Corporate,32.8342578,-96.7045404,1152 North Buckner Blvd,75218,Mon Oct 24 17:17:05 +0000 2016,AT&amp;T to buy Time Warner in media mega-deal https://t.co/7X75Grd1Jz #TimeWarner #att #technology https://t.co/Ol0F1gvPLT,Positive,63.9246,general,general,,Twitter
Dallas5,Corporate,32.8342578,-96.7045404,1152 North Buckner Blvd,75218,Mon Oct 24 17:14:20 +0000 2016,https://t.co/49ZLMR0tIl https://t.co/jtYjC9k8cc,Neutral,50.0000,general,general,,Twitter
Dallas5,Corporate,32.8342578,-96.7045404,1152 North Buckner Blvd,75218,Mon Oct 24 17:12:20 +0000 2016,My iphone needs to hurry up and get here! 😩 @ATT,Neutral,54.2078,general,general,,Twitter
Dallas5,Corporate,32.8342578,-96.7045404,1152 North Buckner Blvd,75218,Mon Oct 24 17:12:00 +0000 2016,.@ATT CEO Randall Stephenson confident @twxcorp merger will get past regulators https://t.co/D8PCh3orgV… https://t.co/QR9Diiio3T,Positive,82.2634,general,general,,Twitter
Dallas5,Corporate,32.8342578,-96.7045404,1152 North Buckner Blvd,75218,Mon Oct 24 17:07:14 +0000 2016,RT @ATT: The #futureofvideo is mobile and the #futureofmobile is video. Time Warner + AT&amp;T make it happen! @twxcorp https://t.co/GKx4U9TQYg,Neutral,56.0321,general,general,,Twitter
Dallas5,Corporate,32.8342578,-96.7045404,1152 North Buckner Blvd,75218,Mon Oct 24 17:05:32 +0000 2016,Eight days left to get your 13 Nights of Halloween fix in! https://t.co/QsyOmB8p5Z #attemployee https://t.co/T61XmSss10,Neutral,61.3897,general,general,,Twitter
Dallas5,Corporate,32.8342578,-96.7045404,1152 North Buckner Blvd,75218,Mon Oct 24 17:05:04 +0000 2016,AT&amp;T to purchase Time Warner in $85.4B deal https://t.co/MuJzjFpak9,Positive,72.0624,general,general,,Twitter
Dallas5,Corporate,32.8342578,-96.7045404,1152 North Buckner Blvd,75218,Mon Oct 24 17:04:37 +0000 2016,Eight days left to get your 13 Nights of Halloween fix in! https://t.co/41sK1B3Gbq #attemployee https://t.co/1vO5mCXVad,Neutral,61.3897,general,general,,Twitter
Dallas5,Corporate,32.8342578,-96.7045404,1152 North Buckner Blvd,75218,Mon Oct 24 17:01:21 +0000 2016,"@stltoday 
Ready to live the good #LifeAtATT? #Hiring #Sales Executive #Field Sales #DesPeres, #SaintLouis, MO… https://t.co/KIQgZju94o",Positive,84.7736,general,general,,Twitter
Dallas5,Corporate,32.8342578,-96.7045404,1152 North Buckner Blvd,75218,Mon Oct 24 17:01:07 +0000 2016,RT @ATT: Get a sweet deal on the new iPhone 7 when you switch to AT&amp;T and have DIRECTV. https://t.co/TQVeUkmeZ6 https://t.co/zfZmNpe8AP,Positive,98.0584,directv,general,,Twitter
Dallas5,Corporate,32.8342578,-96.7045404,1152 North Buckner Blvd,75218,Mon Oct 24 17:00:19 +0000 2016,"RT @ATT: Before you vote, grab the remote and tune into the final #debatenight at 8/7c. #UNLVPresDebate https://t.co/afLxTSZMLW",Neutral,51.1513,general,general,,Twitter
Dallas5,Corporate,32.8342578,-96.7045404,1152 North Buckner Blvd,75218,Mon Oct 24 16:59:20 +0000 2016,RT @ATT: Welcome to the team! @taylorswift13 https://t.co/4h86nLYuLo https://t.co/gAHOi7fPrZ,Positive,84.3125,general,general,,Twitter
Dallas5,Corporate,32.8342578,-96.7045404,1152 North Buckner Blvd,75218,Mon Oct 24 16:57:43 +0000 2016,RT @melissa_repko: Hold on a sec: Time Warner Cable isn't part of AT&amp;T deal https://t.co/Pe32eNKepR,Positive,72.7515,general,general,,Twitter
Dallas5,Corporate,32.8342578,-96.7045404,1152 North Buckner Blvd,75218,Mon Oct 24 16:57:09 +0000 2016,RT @melissa_repko: Hold on a sec: Time Warner Cable isn't part of AT&amp;T deal https://t.co/Pe32eNKepR,Positive,72.7515,general,general,,Twitter
Dallas5,Corporate,32.8342578,-96.7045404,1152 North Buckner Blvd,75218,Mon Oct 24 16:55:44 +0000 2016,"@Y98 
Live the good #LifeAtATT. Now #Hiring #Sales Executive #Field Sales #Des
Peres, MO  https://t.co/bO52BqCzlS https://t.co/1vLKbr6p3X",Positive,74.6947,general,general,,Twitter
Dallas5,Corporate,32.8342578,-96.7045404,1152 North Buckner Blvd,75218,Mon Oct 24 16:54:07 +0000 2016,"@KPLR11 
Get in on the good #LifeAtATT!. #Hiring #Sales Executive #Field Sales #Des
Peres, MO… https://t.co/dC2spvZm8Z",Neutral,61.3343,general,general,,Twitter
Dallas5,Corporate,32.8342578,-96.7045404,1152 North Buckner Blvd,75218,Mon Oct 24 16:54:02 +0000 2016,RT @ATT: The #futureofvideo is mobile and the #futureofmobile is video. Time Warner + AT&amp;T make it happen! @twxcorp https://t.co/GKx4U9TQYg,Neutral,56.0321,general,general,,Twitter
Dallas5,Corporate,32.8342578,-96.7045404,1152 North Buckner Blvd,75218,Mon Oct 24 16:53:40 +0000 2016,Hold on a sec: Time Warner Cable isn't part of AT&amp;T deal https://t.co/Pe32eNKepR,Positive,72.7515,general,general,,Twitter
Dallas5,Corporate,32.8342578,-96.7045404,1152 North Buckner Blvd,75218,Mon Oct 24 16:53:09 +0000 2016,RT @ATT: The #futureofvideo is mobile and the #futureofmobile is video. Time Warner + AT&amp;T make it happen! @twxcorp https://t.co/GKx4U9TQYg,Neutral,56.0321,general,general,,Twitter
Dallas5,Corporate,32.8342578,-96.7045404,1152 North Buckner Blvd,75218,Mon Oct 24 16:50:30 +0000 2016,"@tmj_stl_jobs 
Create unlimited earning potential!  AT&amp;T #Hiring #Sales Executive #Field Sales #Des Peres, MO… https://t.co/jnXXgIF1rk",Negative,63.4022,general,general,,Twitter
Dallas5,Corporate,32.8342578,-96.7045404,1152 North Buckner Blvd,75218,Mon Oct 24 16:48:51 +0000 2016,"@stlpublicradio 
Create unlimited earning potential! AT&amp;T #Hiring #Sales Executive #Field Sales #Des
Peres, MO… https://t.co/nj0F8nXWF9",Negative,63.4022,general,general,,Twitter
Dallas5,Corporate,32.8342578,-96.7045404,1152 North Buckner Blvd,75218,Mon Oct 24 16:48:07 +0000 2016,"Stephenson: AT&amp;T, Time Warner Deal ‘Defining the Future of Media’ https://t.co/4sUdiCV56t #Business #Tech_Startups",Positive,89.4181,general,general,,Twitter
Dallas5,Corporate,32.8342578,-96.7045404,1152 North Buckner Blvd,75218,Mon Oct 24 16:45:06 +0000 2016,"RT @dallasnews: Trump gets litigious, AT&amp;T gets bigger, @TomiLahren wins bigly: Your weekend news digest https://t.co/tjOy7OJCri https://t.…",Negative,66.2200,general,general,,Twitter
Dallas5,Corporate,32.8342578,-96.7045404,1152 North Buckner Blvd,75218,Mon Oct 24 16:40:55 +0000 2016,"RT @dallasnews: Trump gets litigious, AT&amp;T gets bigger, @TomiLahren wins bigly: Your weekend news digest https://t.co/tjOy7OJCri https://t.…",Negative,66.2200,general,general,,Twitter
Dallas5,Corporate,32.8342578,-96.7045404,1152 North Buckner Blvd,75218,Mon Oct 24 16:31:11 +0000 2016,RT @attJOBS: Hear from Kristin how our Business Sales Leadership Development Program led to her successful career: https://t.co/aitAtDInv5…,Positive,88.5471,general,general,,Twitter
Dallas5,Corporate,32.8342578,-96.7045404,1152 North Buckner Blvd,75218,Mon Oct 24 16:31:08 +0000 2016,RT @attJOBS: We're helping connect youth to their first jobs by signing on to the White House's First Job Compact. Learn more: https://t.co…,Positive,91.9056,general,general,,Twitter
Dallas5,Corporate,32.8342578,-96.7045404,1152 North Buckner Blvd,75218,Mon Oct 24 16:29:54 +0000 2016,"RT @DanielleDigest: Stephenson: @ATT, @twxcorp Deal ‘Defining the Future of Media’
https://t.co/r1nu4O8kO4 https://t.co/64Lz26A1zN",Positive,82.6653,general,general,,Twitter
Dallas5,Corporate,32.8342578,-96.7045404,1152 North Buckner Blvd,75218,Mon Oct 24 16:29:49 +0000 2016,"Stephenson: @ATT, @twxcorp Deal ‘Defining the Future of Media’
https://t.co/r1nu4O8kO4 https://t.co/64Lz26A1zN",Positive,82.6653,general,general,,Twitter
Dallas5,Corporate,32.8342578,-96.7045404,1152 North Buckner Blvd,75218,Mon Oct 24 16:29:11 +0000 2016,"Stephenson: AT&amp;T, Time Warner Deal ‘Defining the Future of Media’: Randall Stephenson, CEO of Dallas-based AT&amp;T,… https://t.co/rmmus4EMdn",Positive,96.0453,general,general,,Twitter
Dallas5,Corporate,32.8342578,-96.7045404,1152 North Buckner Blvd,75218,Mon Oct 24 16:24:52 +0000 2016,"RT @ATTBusiness: Your org faces cyberthreats at every turn, but you're not alone. Be #cyberaware with our new cybersecurity report: https:/…",Neutral,52.3309,general,general,,Twitter
Dallas5,Corporate,32.8342578,-96.7045404,1152 North Buckner Blvd,75218,Mon Oct 24 16:23:11 +0000 2016,Hold on a sec: Time Warner Cable isn't part of #ATT deal https://t.co/3ZznGU0dq7 #DFW #Tech,Neutral,57.9407,general,general,,Twitter
Dallas5,Corporate,32.8342578,-96.7045404,1152 North Buckner Blvd,75218,Mon Oct 24 16:21:08 +0000 2016,Hold on a sec: Time Warner Cable isn't part of AT&amp;T deal  | Technology | Dallas News https://t.co/Rhi8yhuotL https://t.co/wuPxaglGQw,Positive,72.7515,general,general,,Twitter
Dallas5,Corporate,32.8342578,-96.7045404,1152 North Buckner Blvd,75218,Mon Oct 24 16:17:16 +0000 2016,"RT @ATTBusiness: Your org faces cyberthreats at every turn, but you're not alone. Be #cyberaware with our new cybersecurity report: https:/…",Neutral,52.3309,general,general,,Twitter
Dallas5,Corporate,32.8342578,-96.7045404,1152 North Buckner Blvd,75218,Mon Oct 24 16:16:40 +0000 2016,@pvanblaricom Hi Parker. DIRECTV customers get a free week of NBA League Pass from Oct. 25 to Nov. 1. Read more: https://t.co/u0RQjvWSfP,Negative,87.2783,directv,general,,Twitter
Dallas5,Corporate,32.8342578,-96.7045404,1152 North Buckner Blvd,75218,Mon Oct 24 16:16:09 +0000 2016,"RT @melissa_repko: New marketing agency lands AT&amp;T, opens shop in Dallas and plans to employ 100 people. https://t.co/KTALGnMJl9 via @dalla…",Neutral,56.5613,general,general,,Twitter
Dallas5,Corporate,32.8342578,-96.7045404,1152 North Buckner Blvd,75218,Mon Oct 24 16:10:57 +0000 2016,"RT @ATTBusiness: Hope you learned something new at today’s #ChatSTC. If you want to learn more, register for our free #ATTcyberconf: https:…",Negative,85.7941,general,general,,Twitter
Dallas5,Corporate,32.8342578,-96.7045404,1152 North Buckner Blvd,75218,Mon Oct 24 16:09:59 +0000 2016,"RT @ATTBusiness: Your org faces cyberthreats at every turn, but you're not alone. Be #cyberaware with our new cybersecurity report: https:/…",Neutral,52.3309,general,general,,Twitter
Dallas5,Corporate,32.8342578,-96.7045404,1152 North Buckner Blvd,75218,Mon Oct 24 16:06:53 +0000 2016,@MadManMando75 You can view open jobs in Mexico here: https://t.co/osCZvCuxv6,Neutral,59.2172,general,general,,Twitter
Dallas5,Corporate,32.8342578,-96.7045404,1152 North Buckner Blvd,75218,Mon Oct 24 16:05:56 +0000 2016,@tiffaj11 We’ve got a great technical support team who will be happy to help. Reach them at https://t.co/MyRbN5TaXo,Positive,98.7441,general,general,,Twitter
Dallas5,Corporate,32.8342578,-96.7045404,1152 North Buckner Blvd,75218,Mon Oct 24 16:03:12 +0000 2016,Why AT&amp;T's pursuit of Time Warner makes sense https://t.co/IuyFrdwTYB https://t.co/IMi1V838PX,Negative,62.3504,general,general,,Twitter
Dallas5,Corporate,32.8342578,-96.7045404,1152 North Buckner Blvd,75218,Mon Oct 24 16:00:18 +0000 2016,RT @ATT: Welcome to the team! @taylorswift13 https://t.co/4h86nLYuLo https://t.co/gAHOi7fPrZ,Positive,84.3125,general,general,,Twitter
Dallas5,Corporate,32.8342578,-96.7045404,1152 North Buckner Blvd,75218,Mon Oct 24 16:00:07 +0000 2016,"Your org faces cyberthreats at every turn, but you're not alone. Be #cyberaware with our new cybersecurity report:… https://t.co/IOoYXEaWhT",Neutral,52.3309,general,general,,Twitter
Dallas5,Corporate,32.8342578,-96.7045404,1152 North Buckner Blvd,75218,Mon Oct 24 16:00:02 +0000 2016,"User Manuals, Setup Wizards, Tutorials &amp; more for devices: AT&amp;T has you covered! https://t.co/e8atNd7Wta https://t.co/YWvbyTvK4n",Neutral,54.0904,general,general,,Twitter
Dallas5,Corporate,32.8342578,-96.7045404,1152 North Buckner Blvd,75218,Mon Oct 24 15:59:10 +0000 2016,Why Wall Street doesn't like the AT&amp;T - Time Warner deal https://t.co/VGbsOzLkMW,Neutral,58.0588,general,general,,Twitter
Dallas5,Corporate,32.8342578,-96.7045404,1152 North Buckner Blvd,75218,Mon Oct 24 15:58:46 +0000 2016,"ICYMI: @ATT to Purchase @twxcorp for $85.4B: Here’s What You Need to Know
https://t.co/8wSSbVNUVK… https://t.co/tuuiKCCE9F",Neutral,50.8741,general,general,,Twitter
Dallas5,Corporate,32.8342578,-96.7045404,1152 North Buckner Blvd,75218,Mon Oct 24 15:57:13 +0000 2016,RT @DMagazine: Here's what you need to know about AT&amp;T's purchase of Time Warner: https://t.co/0YVTVxC3Gy https://t.co/fYoG57a3d1,Negative,72.6812,general,general,,Twitter
Dallas5,Corporate,32.8342578,-96.7045404,1152 North Buckner Blvd,75218,Mon Oct 24 15:57:06 +0000 2016,If my phone don't come in this week me and att scwobbin rt,Negative,76.2909,general,general,,Twitter
Dallas5,Corporate,32.8342578,-96.7045404,1152 North Buckner Blvd,75218,Mon Oct 24 15:55:00 +0000 2016,RT @Mike_Rawlings: I’m excited for Dallas-based AT&amp;T and hopeful that this merger will lead to great benefits for its employees and... http…,Positive,97.4618,general,general,,Twitter
Dallas5,Corporate,32.8342578,-96.7045404,1152 North Buckner Blvd,75218,Mon Oct 24 15:54:41 +0000 2016,RT @ATT: Welcome to the team! @taylorswift13 https://t.co/4h86nLYuLo https://t.co/gAHOi7fPrZ,Positive,84.3125,general,general,,Twitter
Dallas5,Corporate,32.8342578,-96.7045404,1152 North Buckner Blvd,75218,Mon Oct 24 15:51:42 +0000 2016,RT @ATT: Welcome to the team! @taylorswift13 https://t.co/4h86nLYuLo https://t.co/gAHOi7fPrZ,Positive,84.3125,general,general,,Twitter
Dallas5,Corporate,32.8342578,-96.7045404,1152 North Buckner Blvd,75218,Mon Oct 24 15:50:00 +0000 2016,The merger ATT &amp; Time Warner is all about the content an library Time Warner has,Positive,89.8913,general,general,,Twitter
Dallas5,Corporate,32.8342578,-96.7045404,1152 North Buckner Blvd,75218,Mon Oct 24 15:46:11 +0000 2016,"RT @dallasnews: Luke Bryan at @ATTStadium: Love bro country or don't, this was a good show: https://t.co/koMLtcV1th https://t.co/5C0KpkZvsj",Positive,94.7263,general,general,,Twitter
Dallas5,Corporate,32.8342578,-96.7045404,1152 North Buckner Blvd,75218,Mon Oct 24 15:45:01 +0000 2016,Here's what you need to know about AT&amp;T's purchase of Time Warner: https://t.co/0YVTVxC3Gy https://t.co/fYoG57a3d1,Negative,72.6812,general,general,,Twitter
Dallas5,Corporate,32.8342578,-96.7045404,1152 North Buckner Blvd,75218,Mon Oct 24 15:43:27 +0000 2016,Hold on a sec: Time Warner Cable isn't part of #ATT deal https://t.co/H3PJxKq3pf #DFW,Neutral,57.9407,general,general,,Twitter
Dallas5,Corporate,32.8342578,-96.7045404,1152 North Buckner Blvd,75218,Mon Oct 24 15:41:20 +0000 2016,RT @ATT: The #futureofvideo is mobile and the #futureofmobile is video. Time Warner + AT&amp;T make it happen! @twxcorp https://t.co/GKx4U9TQYg,Neutral,56.0321,general,general,,Twitter
Dallas5,Corporate,32.8342578,-96.7045404,1152 North Buckner Blvd,75218,Mon Oct 24 15:40:25 +0000 2016,"RT @dallasnews: How the AT&amp;T-Time Warner deal changes the TV, mobile landscapes https://t.co/63yM9yIFXS | @Conor_Shine https://t.co/dEDE5Jj…",Positive,74.8338,general,general,,Twitter
Dallas5,Corporate,32.8342578,-96.7045404,1152 North Buckner Blvd,75218,Fri Oct 21 22:26:27 +0000 2016,"RT @ATT: Watch the @GreenDay @iHeartRadio Album Release Party Tonight, 9pm ET/PT on AUDIENCE. DIRECTV ch 239/U-verse ch 1114. https://t.co/…",Neutral,59.5550,directv,general,,Twitter
Dallas5,Corporate,32.8342578,-96.7045404,1152 North Buckner Blvd,75218,Fri Oct 21 22:21:01 +0000 2016,RT @Uverse: Friday night plans? You + 🛋 + 🍿 + Liam Hemsworth. Order Independence Day: Resurgence and call it a date. https://t.co/tPqA5w8Gp…,Negative,77.9907,uverse,general,,Twitter
Dallas5,Corporate,32.8342578,-96.7045404,1152 North Buckner Blvd,75218,Fri Oct 21 22:03:59 +0000 2016,RT @ATT: Welcome to the team! @taylorswift13 https://t.co/4h86nLYuLo https://t.co/gAHOi7fPrZ,Positive,84.3125,general,general,,Twitter
Dallas5,Corporate,32.8342578,-96.7045404,1152 North Buckner Blvd,75218,Fri Oct 21 21:38:49 +0000 2016,"RT @ATT: Watch the @GreenDay @iHeartRadio Album Release Party Tonight, 9pm ET/PT on AUDIENCE. DIRECTV ch 239/U-verse ch 1114. https://t.co/…",Neutral,59.5550,directv,general,,Twitter
Dallas5,Corporate,32.8342578,-96.7045404,1152 North Buckner Blvd,75218,Fri Oct 21 21:37:58 +0000 2016,RT @ATT: Welcome to the team! @taylorswift13 https://t.co/4h86nLYuLo https://t.co/gAHOi7fPrZ,Positive,84.3125,general,general,,Twitter
Dallas5,Corporate,32.8342578,-96.7045404,1152 North Buckner Blvd,75218,Fri Oct 21 21:28:12 +0000 2016,"RT @ATT: Watch the @GreenDay @iHeartRadio Album Release Party Tonight, 9pm ET/PT on AUDIENCE. DIRECTV ch 239/U-verse ch 1114. https://t.co/…",Neutral,59.5550,directv,general,,Twitter
Dallas5,Corporate,32.8342578,-96.7045404,1152 North Buckner Blvd,75218,Fri Oct 21 21:10:31 +0000 2016,RT @ATT: Who made you a college 🏈 fan? Share with #MadeMeAFanContest for a chance to win. Rules https://t.co/hU3I3wFn5V https://t.co/xZbxUJ…,Positive,88.9294,general,general,,Twitter
Dallas5,Corporate,32.8342578,-96.7045404,1152 North Buckner Blvd,75218,Fri Oct 21 20:53:07 +0000 2016,"RT @ATT: Watch the @GreenDay @iHeartRadio Album Release Party Tonight, 9pm ET/PT on AUDIENCE. DIRECTV ch 239/U-verse ch 1114. https://t.co/…",Neutral,59.5550,directv,general,,Twitter
Dallas5,Corporate,32.8342578,-96.7045404,1152 North Buckner Blvd,75218,Fri Oct 21 20:39:58 +0000 2016,@ATTCares Kinda hard to do ANYTHING on the internet when the internet goes down/off/quits!  My internet just quit a few minutes ago on me.,Negative,69.7344,general,general,,Twitter
Dallas5,Corporate,32.8342578,-96.7045404,1152 North Buckner Blvd,75218,Fri Oct 21 20:39:12 +0000 2016,@ATT I hope you can demonstrate that @ATTCares by reading my forum link and contacting me https://t.co/78ZtbfNcuF lets talk #GreatISPsListen,Positive,71.0036,general,general,,Twitter
Dallas5,Corporate,32.8342578,-96.7045404,1152 North Buckner Blvd,75218,Fri Oct 21 20:36:41 +0000 2016,"RT @ATT: Watch the @GreenDay @iHeartRadio Album Release Party Tonight, 9pm ET/PT on AUDIENCE. DIRECTV ch 239/U-verse ch 1114. https://t.co/…",Neutral,59.5550,directv,general,,Twitter
Dallas5,Corporate,32.8342578,-96.7045404,1152 North Buckner Blvd,75218,Fri Oct 21 20:30:10 +0000 2016,RT @ATT: RT if you’ll be doing the time warp with Frank N. Furter and the gang tonight during @RockyHorrorFOX at 8/7 on @FOXTV. #RockyHorro…,Positive,65.1636,general,general,,Twitter
Dallas5,Corporate,32.8342578,-96.7045404,1152 North Buckner Blvd,75218,Fri Oct 21 20:24:35 +0000 2016,RT @ATT: Get a sweet deal on the new iPhone 7 when you switch to AT&amp;T and have DIRECTV. https://t.co/TQVeUkmeZ6 https://t.co/zfZmNpe8AP,Positive,98.0584,directv,general,,Twitter
Dallas5,Corporate,32.8342578,-96.7045404,1152 North Buckner Blvd,75218,Fri Oct 21 19:53:44 +0000 2016,RT @ATT: RT if you’ll be doing the time warp with Frank N. Furter and the gang tonight during @RockyHorrorFOX at 8/7 on @FOXTV. #RockyHorro…,Positive,65.1636,general,general,,Twitter
Dallas5,Corporate,32.8342578,-96.7045404,1152 North Buckner Blvd,75218,Fri Oct 21 19:45:34 +0000 2016,RT @ATT: Who made you a college 🏈 fan? Share with #MadeMeAFanContest for a chance to win. Rules https://t.co/hU3I3wFn5V https://t.co/xZbxUJ…,Positive,88.9294,general,general,,Twitter
Dallas5,Corporate,32.8342578,-96.7045404,1152 North Buckner Blvd,75218,Fri Oct 21 19:38:22 +0000 2016,RT @ATT: Are you ready for the revolution? Watch the @GreenDay @iHeartRadio Album Release Party now. #iHeartGreenDay https://t.co/ec2gZXKu7U,Neutral,59.0894,general,general,,Twitter
Dallas5,Corporate,32.8342578,-96.7045404,1152 North Buckner Blvd,75218,Fri Oct 21 19:30:37 +0000 2016,Sooooo you can’t watch @FoodNetwork on an Android TV with @ATT Uverse? Shitty.,Negative,89.8747,uverse,general,,Twitter
Dallas5,Corporate,32.8342578,-96.7045404,1152 North Buckner Blvd,75218,Fri Oct 21 19:11:47 +0000 2016,"RT @ATT: We want to see your #ATTRedCarpet watch party! Tweet us your plans, and tune in on @AudienceNetwork on 11/2! #CMAAwards50 https://…",Neutral,59.7095,general,general,,Twitter
Dallas5,Corporate,32.8342578,-96.7045404,1152 North Buckner Blvd,75218,Fri Oct 21 18:58:55 +0000 2016,"RT @ATT: Watch the @GreenDay @iHeartRadio Album Release Party Tonight, 9pm ET/PT on AUDIENCE. DIRECTV ch 239/U-verse ch 1114. https://t.co/…",Neutral,59.5550,directv,general,,Twitter
Dallas5,Corporate,32.8342578,-96.7045404,1152 North Buckner Blvd,75218,Fri Oct 21 18:44:14 +0000 2016,"RT @ATT: Watch the @GreenDay @iHeartRadio Album Release Party Tonight, 9pm ET/PT on AUDIENCE. DIRECTV ch 239/U-verse ch 1114. https://t.co/…",Neutral,59.5550,directv,general,,Twitter
Dallas5,Corporate,32.8342578,-96.7045404,1152 North Buckner Blvd,75218,Fri Oct 21 18:43:27 +0000 2016,RT @ATT: Are you ready for the revolution? Watch the @GreenDay @iHeartRadio Album Release Party now. #iHeartGreenDay https://t.co/ec2gZXKu7U,Neutral,59.0894,general,general,,Twitter
Dallas5,Corporate,32.8342578,-96.7045404,1152 North Buckner Blvd,75218,Fri Oct 21 18:34:14 +0000 2016,RT @ATT: Who made you a college 🏈 fan? Share with #MadeMeAFanContest for a chance to win. Rules https://t.co/hU3I3wFn5V https://t.co/xZbxUJ…,Positive,88.9294,general,general,,Twitter
Dallas5,Corporate,32.8342578,-96.7045404,1152 North Buckner Blvd,75218,Fri Oct 21 17:49:56 +0000 2016,@ATTCares I filed my complaint with the @FCC here https://t.co/inVguPMnYv,Positive,70.1223,general,general,,Twitter
Dallas5,Corporate,32.8342578,-96.7045404,1152 North Buckner Blvd,75218,Fri Oct 21 17:49:19 +0000 2016,RT @ATT: Get a sweet deal on the new iPhone 7 when you switch to AT&amp;T and have DIRECTV. https://t.co/TQVeUkmeZ6 https://t.co/zfZmNpe8AP,Positive,98.0584,directv,general,,Twitter
Dallas5,Corporate,32.8342578,-96.7045404,1152 North Buckner Blvd,75218,Fri Oct 21 17:47:37 +0000 2016,"RT @ATT: Watch the @GreenDay @iHeartRadio Album Release Party Tonight, 9pm ET/PT on AUDIENCE. DIRECTV ch 239/U-verse ch 1114. https://t.co/…",Neutral,59.5550,directv,general,,Twitter
Dallas5,Corporate,32.8342578,-96.7045404,1152 North Buckner Blvd,75218,Fri Oct 21 17:25:42 +0000 2016,"RT @ATT: Watch the @GreenDay @iHeartRadio Album Release Party Tonight, 9pm ET/PT on AUDIENCE. DIRECTV ch 239/U-verse ch 1114. https://t.co/…",Neutral,59.5550,directv,general,,Twitter
Dallas5,Corporate,32.8342578,-96.7045404,1152 North Buckner Blvd,75218,Fri Oct 21 17:22:35 +0000 2016,@ATT has the worst customer service imaginable. 😡,Negative,99.7631,general,general,,Twitter
Dallas5,Corporate,32.8342578,-96.7045404,1152 North Buckner Blvd,75218,Fri Oct 21 17:14:02 +0000 2016,RT @ATT: Welcome to the team! @taylorswift13 https://t.co/4h86nLYuLo https://t.co/gAHOi7fPrZ,Positive,84.3125,general,general,,Twitter
Dallas5,Corporate,32.8342578,-96.7045404,1152 North Buckner Blvd,75218,Fri Oct 21 17:13:30 +0000 2016,RT @ATT: Are you ready for the revolution? Watch the @GreenDay @iHeartRadio Album Release Party now. #iHeartGreenDay https://t.co/ec2gZXKu7U,Neutral,59.0894,general,general,,Twitter
Dallas5,Corporate,32.8342578,-96.7045404,1152 North Buckner Blvd,75218,Fri Oct 21 17:12:00 +0000 2016,"RT @ATT: @marariann_ This is a special, invitation-only concert, but we’ll be giving away lots of tickets to fans and AT&amp;T customers soon.",Positive,96.9312,general,general,,Twitter
Dallas5,Corporate,32.8342578,-96.7045404,1152 North Buckner Blvd,75218,Fri Oct 21 17:08:39 +0000 2016,RT @ATT: Welcome to the team! @taylorswift13 https://t.co/4h86nLYuLo https://t.co/gAHOi7fPrZ,Positive,84.3125,general,general,,Twitter
Dallas5,Corporate,32.8342578,-96.7045404,1152 North Buckner Blvd,75218,Fri Oct 21 17:08:17 +0000 2016,RT @ATT: Who made you a college 🏈 fan? Share with #MadeMeAFanContest for a chance to win. Rules https://t.co/hU3I3wFn5V https://t.co/xZbxUJ…,Positive,88.9294,general,general,,Twitter
Dallas5,Corporate,32.8342578,-96.7045404,1152 North Buckner Blvd,75218,Fri Oct 21 16:39:14 +0000 2016,Went to file a formal complaint against my ISP @ATTCares to find out @FCC 's website is down https://t.co/wEqxwPSNoE :(,Positive,92.0667,general,general,,Twitter
Dallas5,Corporate,32.8342578,-96.7045404,1152 North Buckner Blvd,75218,Fri Oct 21 16:38:14 +0000 2016,RT @ATT: Who made you a college 🏈 fan? Share with #MadeMeAFanContest for a chance to win. Rules https://t.co/hU3I3wFn5V https://t.co/xZbxUJ…,Positive,88.9294,general,general,,Twitter
Dallas5,Corporate,32.8342578,-96.7045404,1152 North Buckner Blvd,75218,Fri Oct 21 16:21:51 +0000 2016,"RT @ATT: Watch the @GreenDay @iHeartRadio Album Release Party Tonight, 9pm ET/PT on AUDIENCE. DIRECTV ch 239/U-verse ch 1114. https://t.co/…",Neutral,59.5550,directv,general,,Twitter
Dallas5,Corporate,32.8342578,-96.7045404,1152 North Buckner Blvd,75218,Fri Oct 21 16:21:06 +0000 2016,"RT @ATT: Watch the @GreenDay @iHeartRadio Album Release Party Tonight, 9pm ET/PT on AUDIENCE. DIRECTV ch 239/U-verse ch 1114. https://t.co/…",Neutral,59.5550,directv,general,,Twitter
Dallas5,Corporate,32.8342578,-96.7045404,1152 North Buckner Blvd,75218,Fri Oct 21 16:10:14 +0000 2016,RT @ATT: Welcome to the team! @taylorswift13 https://t.co/4h86nLYuLo https://t.co/gAHOi7fPrZ,Positive,84.3125,general,general,,Twitter
Dallas5,Corporate,32.8342578,-96.7045404,1152 North Buckner Blvd,75218,Fri Oct 21 16:06:52 +0000 2016,"RT @ATT: Watch the @GreenDay @iHeartRadio Album Release Party Tonight, 9pm ET/PT on AUDIENCE. DIRECTV ch 239/U-verse ch 1114. https://t.co/…",Neutral,59.5550,directv,general,,Twitter
Dallas5,Corporate,32.8342578,-96.7045404,1152 North Buckner Blvd,75218,Fri Oct 21 15:58:24 +0000 2016,RT @ATT: Are you ready for the revolution? Watch the @GreenDay @iHeartRadio Album Release Party now. #iHeartGreenDay https://t.co/ec2gZXKu7U,Neutral,59.0894,general,general,,Twitter
Dallas5,Corporate,32.8342578,-96.7045404,1152 North Buckner Blvd,75218,Fri Oct 21 15:55:02 +0000 2016,"RT @ATT: Watch the @GreenDay @iHeartRadio Album Release Party Tonight, 9pm ET/PT on AUDIENCE. DIRECTV ch 239/U-verse ch 1114. https://t.co/…",Neutral,59.5550,directv,general,,Twitter
Dallas5,Corporate,32.8342578,-96.7045404,1152 North Buckner Blvd,75218,Fri Oct 21 15:43:29 +0000 2016,RT @ATT: RT if you’ll be doing the time warp with Frank N. Furter and the gang tonight during @RockyHorrorFOX at 8/7 on @FOXTV. #RockyHorro…,Positive,65.1636,general,general,,Twitter
Dallas5,Corporate,32.8342578,-96.7045404,1152 North Buckner Blvd,75218,Fri Oct 21 15:39:44 +0000 2016,RT @ATT: AT&amp;T #Fiber - The future of the internet is now! Starting with a 1000 Mbps connection. https://t.co/Rw8zxmVDRY,Positive,84.1944,fiber,general,,Twitter
Dallas5,Corporate,32.8342578,-96.7045404,1152 North Buckner Blvd,75218,Fri Oct 21 15:39:21 +0000 2016,RT @ATT: Get a sweet deal on the new iPhone 7 when you switch to AT&amp;T and have DIRECTV. https://t.co/TQVeUkmeZ6 https://t.co/zfZmNpe8AP,Positive,98.0584,directv,general,,Twitter
Dallas5,Corporate,32.8342578,-96.7045404,1152 North Buckner Blvd,75218,Fri Oct 21 15:29:51 +0000 2016,RT @ATT: Welcome to the team! @taylorswift13 https://t.co/4h86nLYuLo https://t.co/gAHOi7fPrZ,Positive,84.3125,general,general,,Twitter
Dallas5,Corporate,32.8342578,-96.7045404,1152 North Buckner Blvd,75218,Fri Oct 21 15:04:57 +0000 2016,"RT @ATT: Watch the @GreenDay @iHeartRadio Album Release Party Tonight, 9pm ET/PT on AUDIENCE. DIRECTV ch 239/U-verse ch 1114. https://t.co/…",Neutral,59.5550,directv,general,,Twitter
Dallas5,Corporate,32.8342578,-96.7045404,1152 North Buckner Blvd,75218,Fri Oct 21 15:04:44 +0000 2016,"RT @ATT: Watch the @GreenDay @iHeartRadio Album Release Party Tonight, 9pm ET/PT on AUDIENCE. DIRECTV ch 239/U-verse ch 1114. https://t.co/…",Neutral,59.5550,directv,general,,Twitter
Dallas5,Corporate,32.8342578,-96.7045404,1152 North Buckner Blvd,75218,Fri Oct 21 15:04:21 +0000 2016,"RT @ATT: Watch the @GreenDay @iHeartRadio Album Release Party Tonight, 9pm ET/PT on AUDIENCE. DIRECTV ch 239/U-verse ch 1114. https://t.co/…",Neutral,59.5550,directv,general,,Twitter
Dallas5,Corporate,32.8342578,-96.7045404,1152 North Buckner Blvd,75218,Fri Oct 21 14:43:46 +0000 2016,RT @ATT: Are you ready for the revolution? Watch the @GreenDay @iHeartRadio Album Release Party now. #iHeartGreenDay https://t.co/ec2gZXKu7U,Neutral,59.0894,general,general,,Twitter
Dallas5,Corporate,32.8342578,-96.7045404,1152 North Buckner Blvd,75218,Fri Oct 21 14:38:37 +0000 2016,"RT @ATT: Watch the @GreenDay @iHeartRadio Album Release Party Tonight, 9pm ET/PT on AUDIENCE. DIRECTV ch 239/U-verse ch 1114. https://t.co/…",Neutral,59.5550,directv,general,,Twitter
Dallas5,Corporate,32.8342578,-96.7045404,1152 North Buckner Blvd,75218,Fri Oct 21 14:37:45 +0000 2016,RT @ATT: Welcome to the team! @taylorswift13 https://t.co/4h86nLYuLo https://t.co/gAHOi7fPrZ,Positive,84.3125,general,general,,Twitter
Dallas5,Corporate,32.8342578,-96.7045404,1152 North Buckner Blvd,75218,Fri Oct 21 14:36:07 +0000 2016,RT @ATT: Are you ready for the revolution? Watch the @GreenDay @iHeartRadio Album Release Party now. #iHeartGreenDay https://t.co/ec2gZXKu7U,Neutral,59.0894,general,general,,Twitter
Dallas5,Corporate,32.8342578,-96.7045404,1152 North Buckner Blvd,75218,Fri Oct 21 13:39:07 +0000 2016,RT @ATT: Welcome to the team! @taylorswift13 https://t.co/4h86nLYuLo https://t.co/gAHOi7fPrZ,Positive,84.3125,general,general,,Twitter
Dallas5,Corporate,32.8342578,-96.7045404,1152 North Buckner Blvd,75218,Fri Oct 21 13:35:01 +0000 2016,"RT @ATT: @Beau_Walker Hey there, sorry to hear that. What happened? We'd love to help.",Negative,73.0206,general,general,,Twitter
Dallas5,Corporate,32.8342578,-96.7045404,1152 North Buckner Blvd,75218,Fri Oct 21 13:28:35 +0000 2016,RT @ATT: Welcome to the team! @taylorswift13 https://t.co/4h86nLYuLo https://t.co/gAHOi7fPrZ,Positive,84.3125,general,general,,Twitter
Dallas5,Corporate,32.8342578,-96.7045404,1152 North Buckner Blvd,75218,Fri Oct 21 13:25:08 +0000 2016,RT @ATT: Get a sweet deal on the new iPhone 7 when you switch to AT&amp;T and have DIRECTV. https://t.co/TQVeUkmeZ6 https://t.co/zfZmNpe8AP,Positive,98.0584,directv,general,,Twitter
Dallas5,Corporate,32.8342578,-96.7045404,1152 North Buckner Blvd,75218,Fri Oct 21 13:14:12 +0000 2016,RT @ATT: Welcome to the team! @taylorswift13 https://t.co/4h86nLYuLo https://t.co/gAHOi7fPrZ,Positive,84.3125,general,general,,Twitter
Dallas5,Corporate,32.8342578,-96.7045404,1152 North Buckner Blvd,75218,Fri Oct 21 11:44:12 +0000 2016,RT @ATT: Welcome to the team! @taylorswift13 https://t.co/4h86nLYuLo https://t.co/gAHOi7fPrZ,Positive,84.3125,general,general,,Twitter
Dallas5,Corporate,32.8342578,-96.7045404,1152 North Buckner Blvd,75218,Fri Oct 21 11:43:07 +0000 2016,RT @ATT: Welcome to the team! @taylorswift13 https://t.co/4h86nLYuLo https://t.co/gAHOi7fPrZ,Positive,84.3125,general,general,,Twitter
Dallas5,Corporate,32.8342578,-96.7045404,1152 North Buckner Blvd,75218,Fri Oct 21 11:28:51 +0000 2016,"@dallasnews @Hearts_Science @ATT @mitchschnurman I AGREE WITH THIS ONLINE,  BUT EVERY  ONE  NEEDS  HIGH  SPEED INTERNET NOW",Negative,63.2234,general,general,,Twitter
Dallas5,Corporate,32.8342578,-96.7045404,1152 North Buckner Blvd,75218,Fri Oct 21 11:06:55 +0000 2016,"Dallas-based @ATT, TimeWarner (@twxcorp) discussed a takeover in recent weeks https://t.co/oHHLVaAY0m  $twx $t https://t.co/ZDXbzw9cd9",Neutral,57.9360,general,general,,Twitter
Dallas5,Corporate,32.8342578,-96.7045404,1152 North Buckner Blvd,75218,Fri Oct 21 10:55:02 +0000 2016,RT @ATT: Who made you a college 🏈 fan? Share with #MadeMeAFanContest for a chance to win. Rules https://t.co/hU3I3wFn5V https://t.co/xZbxUJ…,Positive,88.9294,general,general,,Twitter
Dallas5,Corporate,32.8342578,-96.7045404,1152 North Buckner Blvd,75218,Fri Oct 21 10:48:38 +0000 2016,RT @ATT: Get a sweet deal on the new iPhone 7 when you switch to AT&amp;T and have DIRECTV. https://t.co/TQVeUkmeZ6 https://t.co/zfZmNpe8AP,Positive,98.0584,directv,general,,Twitter
Dallas5,Corporate,32.8342578,-96.7045404,1152 North Buckner Blvd,75218,Fri Oct 21 10:14:50 +0000 2016,RT @ATT: Welcome to the team! @taylorswift13 https://t.co/4h86nLYuLo https://t.co/gAHOi7fPrZ,Positive,84.3125,general,general,,Twitter
Dallas5,Corporate,32.8342578,-96.7045404,1152 North Buckner Blvd,75218,Fri Oct 21 10:13:50 +0000 2016,RT @ATT: Welcome to the team! @taylorswift13 https://t.co/4h86nLYuLo https://t.co/gAHOi7fPrZ,Positive,84.3125,general,general,,Twitter
Dallas5,Corporate,32.8342578,-96.7045404,1152 North Buckner Blvd,75218,Fri Oct 21 09:12:56 +0000 2016,RT @ATT: Who made you a college 🏈 fan? Share with #MadeMeAFanContest for a chance to win. Rules https://t.co/hU3I3wFn5V https://t.co/xZbxUJ…,Positive,88.9294,general,general,,Twitter
Dallas5,Corporate,32.8342578,-96.7045404,1152 North Buckner Blvd,75218,Fri Oct 21 07:44:42 +0000 2016,RT @rjohnson1911: Wow DMs but not call to resolve and offer @sprintcare ...I am disappointed...@ATTCares has already reached out to me! #sp…,Negative,71.6491,general,general,,Twitter
Dallas5,Corporate,32.8342578,-96.7045404,1152 North Buckner Blvd,75218,Fri Oct 21 07:19:26 +0000 2016,RT @ATT: Get a sweet deal on the new iPhone 7 when you switch to AT&amp;T and have DIRECTV. https://t.co/TQVeUkmeZ6 https://t.co/zfZmNpe8AP,Positive,98.0584,directv,general,,Twitter
Dallas5,Corporate,32.8342578,-96.7045404,1152 North Buckner Blvd,75218,Fri Oct 21 05:46:20 +0000 2016,RT @ATT: Welcome to the team! @taylorswift13 https://t.co/4h86nLYuLo https://t.co/gAHOi7fPrZ,Positive,84.3125,general,general,,Twitter
Dallas5,Corporate,32.8342578,-96.7045404,1152 North Buckner Blvd,75218,Fri Oct 21 04:54:14 +0000 2016,RT @ATT: Welcome to the team! @taylorswift13 https://t.co/4h86nLYuLo https://t.co/gAHOi7fPrZ,Positive,84.3125,general,general,,Twitter
Dallas5,Corporate,32.8342578,-96.7045404,1152 North Buckner Blvd,75218,Fri Oct 21 04:44:01 +0000 2016,RT @ATT: RT if you’ll be doing the time warp with Frank N. Furter and the gang tonight during @RockyHorrorFOX at 8/7 on @FOXTV. #RockyHorro…,Positive,65.1636,general,general,,Twitter
Dallas5,Corporate,32.8342578,-96.7045404,1152 North Buckner Blvd,75218,Fri Oct 21 04:42:11 +0000 2016,RT @ATT: Welcome to the team! @taylorswift13 https://t.co/4h86nLYuLo https://t.co/gAHOi7fPrZ,Positive,84.3125,general,general,,Twitter
Dallas5,Corporate,32.8342578,-96.7045404,1152 North Buckner Blvd,75218,Fri Oct 21 04:24:30 +0000 2016,RT @Uverse: RT if you're on your feet doing the time warp! It's just a jump to the left. #RockyHorror,Negative,93.2312,uverse,general,,Twitter
Dallas5,Corporate,32.8342578,-96.7045404,1152 North Buckner Blvd,75218,Fri Oct 21 04:18:06 +0000 2016,RT @ATT: Who made you a college 🏈 fan? Share with #MadeMeAFanContest for a chance to win. Rules https://t.co/hU3I3wFn5V https://t.co/xZbxUJ…,Positive,88.9294,general,general,,Twitter
Dallas5,Corporate,32.8342578,-96.7045404,1152 North Buckner Blvd,75218,Fri Oct 21 04:16:16 +0000 2016,RT @ATT: RT if you’ll be doing the time warp with Frank N. Furter and the gang tonight during @RockyHorrorFOX at 8/7 on @FOXTV. #RockyHorro…,Positive,65.1636,general,general,,Twitter
Dallas5,Corporate,32.8342578,-96.7045404,1152 North Buckner Blvd,75218,Fri Oct 21 04:11:14 +0000 2016,RT @ATT: Who made you a college 🏈 fan? Share with #MadeMeAFanContest for a chance to win. Rules https://t.co/hU3I3wFn5V https://t.co/xZbxUJ…,Positive,88.9294,general,general,,Twitter
Dallas5,Corporate,32.8342578,-96.7045404,1152 North Buckner Blvd,75218,Fri Oct 21 03:46:50 +0000 2016,RT @ATT: Get a sweet deal on the new iPhone 7 when you switch to AT&amp;T and have DIRECTV. https://t.co/TQVeUkmeZ6 https://t.co/zfZmNpe8AP,Positive,98.0584,directv,general,,Twitter
Dallas5,Corporate,32.8342578,-96.7045404,1152 North Buckner Blvd,75218,Fri Oct 21 03:43:53 +0000 2016,RT @ATT: RT if you’ll be doing the time warp with Frank N. Furter and the gang tonight during @RockyHorrorFOX at 8/7 on @FOXTV. #RockyHorro…,Positive,65.1636,general,general,,Twitter
Dallas5,Corporate,32.8342578,-96.7045404,1152 North Buckner Blvd,75218,Fri Oct 21 03:38:33 +0000 2016,RT @ATT: Welcome to the team! @taylorswift13 https://t.co/4h86nLYuLo https://t.co/gAHOi7fPrZ,Positive,84.3125,general,general,,Twitter
Dallas5,Corporate,32.8342578,-96.7045404,1152 North Buckner Blvd,75218,Fri Oct 21 03:38:22 +0000 2016,RT @ATT: Get a sweet deal on the new iPhone 7 when you switch to AT&amp;T and have DIRECTV. https://t.co/TQVeUkmeZ6 https://t.co/zfZmNpe8AP,Positive,98.0584,directv,general,,Twitter
Dallas5,Corporate,32.8342578,-96.7045404,1152 North Buckner Blvd,75218,Fri Oct 21 03:27:47 +0000 2016,RT @StephBloom: So @ATT SUCKS! I have lost signal on my TV 27 TIMES in 24 hours!!!! I WANT TO TALK TO A REAL PERSON! #help,Negative,99.2211,general,general,,Twitter
Dallas5,Corporate,32.8342578,-96.7045404,1152 North Buckner Blvd,75218,Fri Oct 21 03:11:10 +0000 2016,RT @Uverse: Things are getting steamy on @RockyHorrorFox and we don't hate it. #RockyHorror 😏,Negative,63.9916,uverse,general,,Twitter
Dallas5,Corporate,32.8342578,-96.7045404,1152 North Buckner Blvd,75218,Fri Oct 21 03:10:14 +0000 2016,RT @StephBloom: So @ATT SUCKS! I have lost signal on my TV 27 TIMES in 24 hours!!!! I WANT TO TALK TO A REAL PERSON! #help,Negative,99.2211,general,general,,Twitter
Dallas5,Corporate,32.8342578,-96.7045404,1152 North Buckner Blvd,75218,Fri Oct 21 02:51:03 +0000 2016,RT @ATT: RT if you’ll be doing the time warp with Frank N. Furter and the gang tonight during @RockyHorrorFOX at 8/7 on @FOXTV. #RockyHorro…,Positive,65.1636,general,general,,Twitter
Dallas5,Corporate,32.8342578,-96.7045404,1152 North Buckner Blvd,75218,Fri Oct 21 02:50:46 +0000 2016,RT @Uverse: Things are getting steamy on @RockyHorrorFox and we don't hate it. #RockyHorror 😏,Negative,63.9916,uverse,general,,Twitter
Dallas5,Corporate,32.8342578,-96.7045404,1152 North Buckner Blvd,75218,Fri Oct 21 02:45:46 +0000 2016,RT @ATT: Welcome to the team! @taylorswift13 https://t.co/4h86nLYuLo https://t.co/gAHOi7fPrZ,Positive,84.3125,general,general,,Twitter
Dallas5,Corporate,32.8342578,-96.7045404,1152 North Buckner Blvd,75218,Fri Oct 21 02:30:53 +0000 2016,So @ATT SUCKS! I have lost signal on my TV 27 TIMES in 24 hours!!!! I WANT TO TALK TO A REAL PERSON! #help,Negative,99.2211,general,general,,Twitter
Dallas5,Corporate,32.8342578,-96.7045404,1152 North Buckner Blvd,75218,Fri Oct 21 02:15:54 +0000 2016,RT @ATT: Welcome to the team! @taylorswift13 https://t.co/4h86nLYuLo https://t.co/gAHOi7fPrZ,Positive,84.3125,general,general,,Twitter
Dallas5,Corporate,32.8342578,-96.7045404,1152 North Buckner Blvd,75218,Fri Oct 21 02:00:12 +0000 2016,RT @ATT: RT if you’ll be doing the time warp with Frank N. Furter and the gang tonight during @RockyHorrorFOX at 8/7 on @FOXTV. #RockyHorro…,Positive,65.1636,general,general,,Twitter
Dallas5,Corporate,32.8342578,-96.7045404,1152 North Buckner Blvd,75218,Fri Oct 21 01:58:55 +0000 2016,RT @Uverse: Nobody puts Riff Raff in the corner on @RockyHorrorFox #RockyHorror 😡,Neutral,50.1697,uverse,general,,Twitter
Dallas5,Corporate,32.8342578,-96.7045404,1152 North Buckner Blvd,75218,Fri Oct 21 01:57:24 +0000 2016,RT @Uverse: Nobody puts Riff Raff in the corner on @RockyHorrorFox #RockyHorror 😡,Neutral,50.1697,uverse,general,,Twitter
Dallas5,Corporate,32.8342578,-96.7045404,1152 North Buckner Blvd,75218,Fri Oct 21 01:43:36 +0000 2016,RT @ATT: Who made you a college 🏈 fan? Share with #MadeMeAFanContest for a chance to win. Rules https://t.co/hU3I3wFn5V https://t.co/xZbxUJ…,Positive,88.9294,general,general,,Twitter
Dallas5,Corporate,32.8342578,-96.7045404,1152 North Buckner Blvd,75218,Fri Oct 21 01:41:23 +0000 2016,RT @ATT: Get a sweet deal on the new iPhone 7 when you switch to AT&amp;T and have DIRECTV. https://t.co/TQVeUkmeZ6 https://t.co/zfZmNpe8AP,Positive,98.0584,directv,general,,Twitter
Dallas5,Corporate,32.8342578,-96.7045404,1152 North Buckner Blvd,75218,Fri Oct 21 01:38:40 +0000 2016,RT @Uverse: Brad sure does look good in 👠👠 #RockyHorror 😉,Negative,68.3793,uverse,general,,Twitter
Dallas5,Corporate,32.8342578,-96.7045404,1152 North Buckner Blvd,75218,Fri Oct 21 01:31:32 +0000 2016,RT @ATT: Welcome to the team! @taylorswift13 https://t.co/4h86nLYuLo https://t.co/gAHOi7fPrZ,Positive,84.3125,general,general,,Twitter
Dallas5,Corporate,32.8342578,-96.7045404,1152 North Buckner Blvd,75218,Fri Oct 21 01:30:15 +0000 2016,RT @Uverse: Things are getting steamy on @RockyHorrorFox and we don't hate it. #RockyHorror 😏,Negative,63.9916,uverse,general,,Twitter
Dallas5,Corporate,32.8342578,-96.7045404,1152 North Buckner Blvd,75218,Fri Oct 21 01:28:42 +0000 2016,RT @Uverse: Who else is watching The #RockyHorrorPictureShowLIVE on @FOX? Tweet along as we do the ⏰ warp again. https://t.co/0Sztr7Ehil,Neutral,61.3198,uverse,general,,Twitter
Dallas5,Corporate,32.8342578,-96.7045404,1152 North Buckner Blvd,75218,Fri Oct 21 01:22:06 +0000 2016,@MelEarl372 @ATT @TMobile Oh interesting. I've had a decent experience @verizon but I'm listening. 👂🏻👂🏻,Negative,95.7705,general,store experience,,Twitter
Dallas5,Corporate,32.8342578,-96.7045404,1152 North Buckner Blvd,75218,Fri Oct 21 01:17:26 +0000 2016,RT @Uverse: Things are getting steamy on @RockyHorrorFox and we don't hate it. #RockyHorror 😏,Negative,63.9916,uverse,general,,Twitter
Dallas5,Corporate,32.8342578,-96.7045404,1152 North Buckner Blvd,75218,Fri Oct 21 01:13:37 +0000 2016,RT @Uverse: Sing it Janet! 🎵Touch A Touch A Touch A Touch Me🎵👅 #RockyHorror,Positive,67.0383,uverse,general,,Twitter
