Dallas2,Corporate,32.8111091,-96.8092962,3329 Oak Lawn Avenue,75219,Tue Oct 25 16:25:12 +0000 2016,The new AT&amp;T could control the path from the cable box to your phone https://t.co/cCSmTmGWfJ // Interesting deal..… https://t.co/yG2a53AHJJ,Neutral,50.8876,general,general,,Twitter
Dallas2,Corporate,32.8111091,-96.8092962,3329 Oak Lawn Avenue,75219,Tue Oct 25 16:25:00 +0000 2016,What to make of an AT&amp;T and Time Warner merger https://t.co/GS89pWNIJu https://t.co/xsnOAOF6sF,Positive,62.5970,general,general,,Twitter
Dallas2,Corporate,32.8111091,-96.8092962,3329 Oak Lawn Avenue,75219,Tue Oct 25 16:24:56 +0000 2016,RT @ATT: Another reason to smile for the camera. The #LGV20 from @LGUSAMobile will be available in stores starting today. https://t.co/TILu…,Positive,86.0616,general,general,,Twitter
Dallas2,Corporate,32.8111091,-96.8092962,3329 Oak Lawn Avenue,75219,Tue Oct 25 16:23:48 +0000 2016,"@JMar_lewis We love your soccer passion! Follow and DM us, we have something for you #SoccerEverywhere",Positive,92.6825,general,general,,Twitter
Dallas2,Corporate,32.8111091,-96.8092962,3329 Oak Lawn Avenue,75219,Tue Oct 25 16:20:29 +0000 2016,"""AT&amp;T Set to Lobby for Merger With Deep Pockets and a Big Network"" via @nytimes https://t.co/Gx1AiAutKf https://t.co/5tRMdWeqfw",Positive,71.4059,general,general,,Twitter
Dallas2,Corporate,32.8111091,-96.8092962,3329 Oak Lawn Avenue,75219,Tue Oct 25 16:19:17 +0000 2016,"Hey @ATTCares if Uverse service is out in my neighborhood, can I get a discount on my extra mobile data usage?",Negative,65.7704,uverse,general,,Twitter
Dallas2,Corporate,32.8111091,-96.8092962,3329 Oak Lawn Avenue,75219,Tue Oct 25 16:18:27 +0000 2016,RT @ATT: Get a sweet deal on the new iPhone 7 when you switch to AT&amp;T and have DIRECTV. https://t.co/TQVeUkmeZ6 https://t.co/zfZmNpe8AP,Positive,98.0584,directv,general,,Twitter
Dallas2,Corporate,32.8111091,-96.8092962,3329 Oak Lawn Avenue,75219,Tue Oct 25 16:17:34 +0000 2016,"RT @dallasnews: Can @ATT and @twxcorp avoid a left-brain, right-brain culture clash? https://t.co/yHdZP2gthZ | @MitchSchnurman https://t.co…",Negative,72.6224,general,general,,Twitter
Dallas2,Corporate,32.8111091,-96.8092962,3329 Oak Lawn Avenue,75219,Tue Oct 25 16:16:44 +0000 2016,"Can @ATT and @twxcorp avoid a left-brain, right-brain culture clash? https://t.co/yHdZP2gthZ | @MitchSchnurman https://t.co/7NGS7Iampy",Negative,72.6224,general,general,,Twitter
Dallas2,Corporate,32.8111091,-96.8092962,3329 Oak Lawn Avenue,75219,Tue Oct 25 16:15:35 +0000 2016,"Me: If I pay you every month, will you give me internet? 
ATT: yep
Me:wifi is down
ATT: We'll fix it. For a fee.
Me: but I already pay you",Negative,97.2873,general,general,,Twitter
Dallas2,Corporate,32.8111091,-96.8092962,3329 Oak Lawn Avenue,75219,Tue Oct 25 16:15:34 +0000 2016,"""AT&amp;T Set to Lobby for Merger With Deep Pockets and a Big Network"" by CECILIA KANG and ERI… https://t.co/ghFQggHyyr https://t.co/VZKXs8yAU8",Positive,72.5904,general,general,,Twitter
Dallas2,Corporate,32.8111091,-96.8092962,3329 Oak Lawn Avenue,75219,Tue Oct 25 16:08:34 +0000 2016,RT @ATT: Welcome to the team! @taylorswift13 https://t.co/4h86nLYuLo https://t.co/gAHOi7fPrZ,Positive,84.3125,general,general,,Twitter
Dallas2,Corporate,32.8111091,-96.8092962,3329 Oak Lawn Avenue,75219,Tue Oct 25 15:58:50 +0000 2016,RT @ATTBusiness: Watch how to protect your business from evolving threats. Get our report to learn more: https://t.co/8Ixmpp7esC #ATTCyberC…,Positive,65.3603,general,general,,Twitter
Dallas2,Corporate,32.8111091,-96.8092962,3329 Oak Lawn Avenue,75219,Tue Oct 25 15:58:42 +0000 2016,Watch how to protect your business from evolving threats. Get our report to learn more: https://t.co/8Ixmpp7esC… https://t.co/Uwj6XaJ20N,Positive,65.3603,general,general,,Twitter
Dallas2,Corporate,32.8111091,-96.8092962,3329 Oak Lawn Avenue,75219,Tue Oct 25 15:51:46 +0000 2016,RT @ATT: Welcome to the team! @taylorswift13 https://t.co/4h86nLYuLo https://t.co/gAHOi7fPrZ,Positive,84.3125,general,general,,Twitter
Dallas2,Corporate,32.8111091,-96.8092962,3329 Oak Lawn Avenue,75219,Tue Oct 25 15:49:38 +0000 2016,RT @ATT: Welcome to the team! @taylorswift13 https://t.co/4h86nLYuLo https://t.co/gAHOi7fPrZ,Positive,84.3125,general,general,,Twitter
Dallas2,Corporate,32.8111091,-96.8092962,3329 Oak Lawn Avenue,75219,Tue Oct 25 15:33:42 +0000 2016,RT @ATTBusiness: Maximize taste + minimize waste w/ #IoT! See how @ndustrialio preserves the nation’s food supply:  https://t.co/mKztl4Nw9n…,Negative,92.8679,general,general,,Twitter
Dallas2,Corporate,32.8111091,-96.8092962,3329 Oak Lawn Avenue,75219,Tue Oct 25 15:33:11 +0000 2016,RT @ATTBusiness: Maximize taste + minimize waste w/ #IoT! See how @ndustrialio preserves the nation’s food supply:  https://t.co/mKztl4Nw9n…,Negative,92.8679,general,general,,Twitter
Dallas2,Corporate,32.8111091,-96.8092962,3329 Oak Lawn Avenue,75219,Tue Oct 25 15:25:40 +0000 2016,RT @ATT: Welcome to the team! @taylorswift13 https://t.co/4h86nLYuLo https://t.co/gAHOi7fPrZ,Positive,84.3125,general,general,,Twitter
Dallas2,Corporate,32.8111091,-96.8092962,3329 Oak Lawn Avenue,75219,Tue Oct 25 15:21:06 +0000 2016,RT @ATT: Welcome to the team! @taylorswift13 https://t.co/4h86nLYuLo https://t.co/gAHOi7fPrZ,Positive,84.3125,general,general,,Twitter
Dallas2,Corporate,32.8111091,-96.8092962,3329 Oak Lawn Avenue,75219,Tue Oct 25 15:18:09 +0000 2016,RT @attJOBS: Our new #SanFrancisco flagship store is restored and ready for the future with our latest technology. Take a look: https://t.c…,Positive,96.3812,general,store experience,,Twitter
Dallas2,Corporate,32.8111091,-96.8092962,3329 Oak Lawn Avenue,75219,Tue Oct 25 15:18:07 +0000 2016,"RT @FridayNghtGlory: No playoff games at AT&amp;T Stadium the first 3 rounds, but The Star may host postseason games the first 5 rounds  https:…",Positive,64.6555,general,general,,Twitter
Dallas2,Corporate,32.8111091,-96.8092962,3329 Oak Lawn Avenue,75219,Tue Oct 25 15:14:57 +0000 2016,"RT @FridayNghtGlory: No playoff games at AT&amp;T Stadium the first 3 rounds, but The Star may host postseason games the first 5 rounds  https:…",Positive,64.6555,general,general,,Twitter
Dallas2,Corporate,32.8111091,-96.8092962,3329 Oak Lawn Avenue,75219,Tue Oct 25 15:14:27 +0000 2016,RT @ConnectToGood: We're counting down to March! Join us to support charities w/ @BracketsForGood. Nonprofits apply by 10/28 https://t.co/R…,Positive,76.6917,general,general,,Twitter
Dallas2,Corporate,32.8111091,-96.8092962,3329 Oak Lawn Avenue,75219,Tue Oct 25 15:12:50 +0000 2016,An AT&amp;T-Time Warner Merger Won’t Do Jack for Consumers https://t.co/damsSKX3YL,Positive,69.6776,general,general,,Twitter
Dallas2,Corporate,32.8111091,-96.8092962,3329 Oak Lawn Avenue,75219,Tue Oct 25 15:11:58 +0000 2016,RT @KristyStaz: 5G - what does that mean to me?  Advancing Our Network with LTE and Beyond | AT&amp;T https://t.co/4hCQpWK8b5 via @sharethis,Negative,67.6822,general,general,,Twitter
Dallas2,Corporate,32.8111091,-96.8092962,3329 Oak Lawn Avenue,75219,Tue Oct 25 15:10:28 +0000 2016,RT @RickTweetTweet: AT&amp;T Employees Break Records for Stop Hunger Now #ATTimpact https://t.co/f7k0rq100P #attemployee https://t.co/pUbfsZkOYe,Positive,72.3983,general,general,,Twitter
Dallas2,Corporate,32.8111091,-96.8092962,3329 Oak Lawn Avenue,75219,Tue Oct 25 15:07:21 +0000 2016,RT @attJOBS: Our new #SanFrancisco flagship store is restored and ready for the future with our latest technology. Take a look: https://t.c…,Positive,96.3812,general,store experience,,Twitter
Dallas2,Corporate,32.8111091,-96.8092962,3329 Oak Lawn Avenue,75219,Tue Oct 25 15:00:57 +0000 2016,"AT&amp;T research shows most businesses suffer from preventable cyberattacks, not new or unknown threats… https://t.co/0mG1UUhfdQ",Negative,76.2478,general,general,,Twitter
Dallas2,Corporate,32.8111091,-96.8092962,3329 Oak Lawn Avenue,75219,Tue Oct 25 15:00:20 +0000 2016,Thanks @ATTCares Miguel for fixing the situation 💯✔,Positive,71.7946,general,general,,Twitter
Dallas2,Corporate,32.8111091,-96.8092962,3329 Oak Lawn Avenue,75219,Tue Oct 25 15:00:02 +0000 2016,No seas esa persona. Los mejores selfies son tomados fuera de la carretera. Haz la promesa visitando… https://t.co/4aJCMupw30,Neutral,55.8217,general,general,,Twitter
Dallas2,Corporate,32.8111091,-96.8092962,3329 Oak Lawn Avenue,75219,Tue Oct 25 14:52:06 +0000 2016,Republicans And Democrats Unite Against $86 Billion AT&amp;T-Time Warner Merger Deal via @forbes https://t.co/Ly9oyXV9qV,Positive,75.2646,general,general,,Twitter
Dallas2,Corporate,32.8111091,-96.8092962,3329 Oak Lawn Avenue,75219,Tue Oct 25 14:45:26 +0000 2016,RT @DougMagditch: It's official: AT&amp;T to Acquire Time Warner ... I'm so excited for the future of our company! https://t.co/soDLs4C87o #att…,Positive,85.1831,general,general,,Twitter
Dallas2,Corporate,32.8111091,-96.8092962,3329 Oak Lawn Avenue,75219,Tue Oct 25 14:34:50 +0000 2016,"RT @FridayNghtGlory: No playoff games at AT&amp;T Stadium the first 3 rounds, but The Star may host postseason games the first 5 rounds  https:…",Positive,64.6555,general,general,,Twitter
Dallas2,Corporate,32.8111091,-96.8092962,3329 Oak Lawn Avenue,75219,Tue Oct 25 14:33:10 +0000 2016,"RT @FridayNghtGlory: No playoff games at AT&amp;T Stadium the first 3 rounds, but The Star may host postseason games the first 5 rounds  https:…",Positive,64.6555,general,general,,Twitter
Dallas2,Corporate,32.8111091,-96.8092962,3329 Oak Lawn Avenue,75219,Tue Oct 25 14:27:50 +0000 2016,"RT @dallasnews: Speak now: Why critics want the $108 billion marriage of AT&amp;T, Time Warner to fail https://t.co/cAtlH2KlsI | @krobijake htt…",Neutral,50.4577,general,general,,Twitter
Dallas2,Corporate,32.8111091,-96.8092962,3329 Oak Lawn Avenue,75219,Tue Oct 25 14:23:51 +0000 2016,"@ATTCares The link to stop you sending me marketing emails does not work, Fix it.",Negative,96.5157,general,general,,Twitter
Dallas2,Corporate,32.8111091,-96.8092962,3329 Oak Lawn Avenue,75219,Tue Oct 25 14:20:22 +0000 2016,"No playoff games at AT&amp;T Stadium the first 3 rounds, but The Star may host postseason games the first 5 rounds  https://t.co/h1RNjPOn0y",Positive,64.6555,general,general,,Twitter
Dallas2,Corporate,32.8111091,-96.8092962,3329 Oak Lawn Avenue,75219,Tue Oct 25 14:18:59 +0000 2016,5G - what does that mean to me?  Advancing Our Network with LTE and Beyond | AT&amp;T https://t.co/4hCQpWK8b5 via @sharethis,Negative,67.6822,general,general,,Twitter
Dallas2,Corporate,32.8111091,-96.8092962,3329 Oak Lawn Avenue,75219,Tue Oct 25 14:15:51 +0000 2016,"RT @dallasnews: Speak now: Why critics want the $108 billion marriage of AT&amp;T, Time Warner to fail https://t.co/cAtlH2KlsI | @krobijake htt…",Neutral,50.4577,general,general,,Twitter
Dallas2,Corporate,32.8111091,-96.8092962,3329 Oak Lawn Avenue,75219,Tue Oct 25 14:15:34 +0000 2016,New #IoT Security Guidelines from the Dept of Homeland Security https://t.co/JYEzMC6yd2 #attemployee https://t.co/etAJakAaIO,Neutral,60.0528,general,general,,Twitter
Dallas2,Corporate,32.8111091,-96.8092962,3329 Oak Lawn Avenue,75219,Tue Oct 25 14:15:30 +0000 2016,"Speak now: Why critics want the $108 billion marriage of AT&amp;T, Time Warner to fail https://t.co/cAtlH2KlsI |… https://t.co/t5UmRPm6Uq",Neutral,50.4577,general,general,,Twitter
Dallas2,Corporate,32.8111091,-96.8092962,3329 Oak Lawn Avenue,75219,Tue Oct 25 14:14:16 +0000 2016,RT @ATT: The #futureofvideo is mobile and the #futureofmobile is video. Time Warner + AT&amp;T make it happen! @twxcorp https://t.co/GKx4U9TQYg,Neutral,56.0321,general,general,,Twitter
Dallas2,Corporate,32.8111091,-96.8092962,3329 Oak Lawn Avenue,75219,Tue Oct 25 14:13:57 +0000 2016,RT @attJOBS: At the end of an interview you have a chance to make a lasting impression. Take it! Learn how: https://t.co/Fq9rgFL6f3 #Career…,Positive,95.7819,general,general,,Twitter
Dallas2,Corporate,32.8111091,-96.8092962,3329 Oak Lawn Avenue,75219,Tue Oct 25 14:13:21 +0000 2016,RT @dallasnews: How have Texas lawmakers reacted to @ATT's megamerger? Mostly with silence | https://t.co/kyNP8BfpgC @tombenning https://t.…,Neutral,53.7855,general,general,,Twitter
Dallas2,Corporate,32.8111091,-96.8092962,3329 Oak Lawn Avenue,75219,Tue Oct 25 14:11:19 +0000 2016,"RT @attJOBS: With the power to shape new accessibility tech (like a speech-to-text hearing aid), #InclusionWorks at AT&amp;T. https://t.co/P4aq…",Positive,84.8995,general,general,,Twitter
Dallas2,Corporate,32.8111091,-96.8092962,3329 Oak Lawn Avenue,75219,Tue Oct 25 14:07:12 +0000 2016,What’s different about 5G than previous “G’s”? https://t.co/5SD9zNlIXA #attemployee https://t.co/DEaRs9kWN0,Positive,62.7362,general,general,,Twitter
Dallas2,Corporate,32.8111091,-96.8092962,3329 Oak Lawn Avenue,75219,Tue Oct 25 14:07:10 +0000 2016,"Get an exclusive look at ""Kill Command"" on DIRECTV https://t.co/0FgltVwB0S #attemployee https://t.co/p3rQofuG5b",Neutral,53.7501,directv,general,,Twitter
Dallas2,Corporate,32.8111091,-96.8092962,3329 Oak Lawn Avenue,75219,Tue Oct 25 14:07:07 +0000 2016,Be Determined to Live Your Dream: An interview with Oscar De La Hoya https://t.co/SANTggT5fi #attemployee https://t.co/ZaXMtqYipX,Positive,96.6562,general,general,,Twitter
Dallas2,Corporate,32.8111091,-96.8092962,3329 Oak Lawn Avenue,75219,Tue Oct 25 14:06:54 +0000 2016,AT&amp;T Customers to Get First Shot at Tickets for Upcoming Concerts https://t.co/IJtEkkSb8O #attemployee https://t.co/lZvySSUzxT,Positive,71.3321,general,general,,Twitter
Dallas2,Corporate,32.8111091,-96.8092962,3329 Oak Lawn Avenue,75219,Tue Oct 25 14:06:46 +0000 2016,AT&amp;T Reports 3rd Quarter Earnings 2016 https://t.co/IzEEH1JnW8 #attemployee https://t.co/Vp3recpEvU,Neutral,50.0000,general,general,,Twitter
Dallas2,Corporate,32.8111091,-96.8092962,3329 Oak Lawn Avenue,75219,Tue Oct 25 14:06:35 +0000 2016,"AT&amp;T research shows most businesses suffer from preventable cyberattacks, not new or unknown threats… https://t.co/Nb848sztak",Negative,76.2478,general,general,,Twitter
Dallas2,Corporate,32.8111091,-96.8092962,3329 Oak Lawn Avenue,75219,Tue Oct 25 14:06:31 +0000 2016,"When They Destroy, We Deploy: NDR 2016 by the Numbers https://t.co/LkWWqRclAF #attemployee https://t.co/EbSGDaCYlX",Negative,80.2040,general,general,,Twitter
Dallas2,Corporate,32.8111091,-96.8092962,3329 Oak Lawn Avenue,75219,Tue Oct 25 14:06:27 +0000 2016,How IoT maximizes taste and minimizes waste https://t.co/X5Ndi725kl #attemployee https://t.co/wZL5znBbgc,Negative,93.5648,general,general,,Twitter
Dallas2,Corporate,32.8111091,-96.8092962,3329 Oak Lawn Avenue,75219,Tue Oct 25 14:06:24 +0000 2016,Quiz: How much do you really know about dogs? https://t.co/5BKUvTgEuH #attemployee https://t.co/cqC3klSALI,Neutral,57.9290,general,general,,Twitter
Dallas2,Corporate,32.8111091,-96.8092962,3329 Oak Lawn Avenue,75219,Tue Oct 25 14:05:14 +0000 2016,How have Texas lawmakers reacted to @ATT's megamerger? Mostly with silence | https://t.co/e1F0k2g03S @tombenning https://t.co/0wdgOw6iIM,Neutral,53.7855,general,general,,Twitter
Dallas2,Corporate,32.8111091,-96.8092962,3329 Oak Lawn Avenue,75219,Tue Oct 25 14:00:44 +0000 2016,"RT @dallasnews: .@CNN, @HBO and more: A look at the brands @ATT inherits in its Time Warner deal https://t.co/nVGFN5muR4 | @paul_o_donnell…",Positive,96.3719,general,general,,Twitter
Dallas2,Corporate,32.8111091,-96.8092962,3329 Oak Lawn Avenue,75219,Tue Oct 25 13:55:56 +0000 2016,"A month ago Wife &amp; I signed up for Time Warner Cable, which is now spectrum, which is now being bought by @ATT? This is so confusing.",Negative,96.4608,general,general,,Twitter
Dallas2,Corporate,32.8111091,-96.8092962,3329 Oak Lawn Avenue,75219,Tue Oct 25 13:47:34 +0000 2016,DirecTV Now Coming in November | Multichannel: https://t.co/Gv4m5qnbsW #ott #video,Positive,76.6609,directv,general,,Twitter
Dallas2,Corporate,32.8111091,-96.8092962,3329 Oak Lawn Avenue,75219,Tue Oct 25 13:42:48 +0000 2016,@ATTCares ok hold plz,Neutral,61.2795,general,general,,Twitter
Dallas2,Corporate,32.8111091,-96.8092962,3329 Oak Lawn Avenue,75219,Tue Oct 25 13:35:16 +0000 2016,"Can @ATT and @twxcorp avoid a left-brain, right-brain culture clash? https://t.co/on1Vg17AJu | @MitchSchnurman https://t.co/Y7U5uTSi6C",Negative,72.6224,general,general,,Twitter
Dallas2,Corporate,32.8111091,-96.8092962,3329 Oak Lawn Avenue,75219,Tue Oct 25 13:35:11 +0000 2016,#Netflix’s #ReedHastings believes #AT&amp;T #TimeWarner merger could be good for consumers https://t.co/Qhf6Ms1IiN #MegaCorporations,Negative,80.0446,general,general,,Twitter
Dallas2,Corporate,32.8111091,-96.8092962,3329 Oak Lawn Avenue,75219,Tue Oct 25 13:34:57 +0000 2016,RT @ATT: Welcome to the team! @taylorswift13 https://t.co/4h86nLYuLo https://t.co/gAHOi7fPrZ,Positive,84.3125,general,general,,Twitter
Dallas2,Corporate,32.8111091,-96.8092962,3329 Oak Lawn Avenue,75219,Tue Oct 25 13:34:38 +0000 2016,RT @getupradiomedia: Why AT&amp;T’s CEO should think twice before going through with the Time Warner deal https://t.co/tR219ne4qG,Neutral,56.5021,general,general,,Twitter
Dallas2,Corporate,32.8111091,-96.8092962,3329 Oak Lawn Avenue,75219,Tue Oct 25 13:32:23 +0000 2016,RT @getupradiomedia: Is Time Warner the ‘crown jewel’ media asset for AT&amp;T? https://t.co/jPPtpTMQ13,Positive,63.9246,general,general,,Twitter
Dallas2,Corporate,32.8111091,-96.8092962,3329 Oak Lawn Avenue,75219,Tue Oct 25 13:32:00 +0000 2016,@ATTCares yes,Neutral,50.0000,general,general,,Twitter
Dallas2,Corporate,32.8111091,-96.8092962,3329 Oak Lawn Avenue,75219,Tue Oct 25 13:31:35 +0000 2016,Millennials are shaking up personal mobility and communications https://t.co/nrmXqjKfQV #greatcollaborate #attemployee,Positive,64.6297,general,general,,Twitter
Dallas2,Corporate,32.8111091,-96.8092962,3329 Oak Lawn Avenue,75219,Tue Oct 25 13:28:23 +0000 2016,RT @ATT: Welcome to the team! @taylorswift13 https://t.co/4h86nLYuLo https://t.co/gAHOi7fPrZ,Positive,84.3125,general,general,,Twitter
Dallas2,Corporate,32.8111091,-96.8092962,3329 Oak Lawn Avenue,75219,Tue Oct 25 13:23:41 +0000 2016,Is Time Warner the ‘crown jewel’ media asset for AT&amp;T? https://t.co/jPPtpTMQ13,Positive,63.9246,general,general,,Twitter
Dallas2,Corporate,32.8111091,-96.8092962,3329 Oak Lawn Avenue,75219,Tue Oct 25 13:19:40 +0000 2016,Why AT&amp;T’s CEO should think twice before going through with the Time Warner deal https://t.co/tR219ne4qG,Neutral,56.5021,general,general,,Twitter
Dallas2,Corporate,32.8111091,-96.8092962,3329 Oak Lawn Avenue,75219,Tue Oct 25 13:12:49 +0000 2016,"Promises, Promises From AT&amp;T, via @nytimes https://t.co/FTA5JsdPCo",Neutral,50.0000,general,general,,Twitter
Dallas2,Corporate,32.8111091,-96.8092962,3329 Oak Lawn Avenue,75219,Tue Oct 25 13:10:08 +0000 2016,@ATTCares uverse,Neutral,50.0000,uverse,general,,Twitter
Dallas2,Corporate,32.8111091,-96.8092962,3329 Oak Lawn Avenue,75219,Tue Oct 25 13:06:21 +0000 2016,"RT @attJOBS: With the power to shape new accessibility tech (like a speech-to-text hearing aid), #InclusionWorks at AT&amp;T. https://t.co/P4aq…",Positive,84.8995,general,general,,Twitter
Dallas2,Corporate,32.8111091,-96.8092962,3329 Oak Lawn Avenue,75219,Tue Oct 25 13:00:03 +0000 2016,"With the power to shape new accessibility tech (like a speech-to-text hearing aid), #InclusionWorks at AT&amp;T.… https://t.co/25hSdQLd6P",Positive,84.8995,general,general,,Twitter
Dallas2,Corporate,32.8111091,-96.8092962,3329 Oak Lawn Avenue,75219,Tue Oct 25 12:54:12 +0000 2016,RT @ATT: Welcome to the team! @taylorswift13 https://t.co/4h86nLYuLo https://t.co/gAHOi7fPrZ,Positive,84.3125,general,general,,Twitter
Dallas2,Corporate,32.8111091,-96.8092962,3329 Oak Lawn Avenue,75219,Tue Oct 25 12:51:22 +0000 2016,RT @ATT: Welcome to the team! @taylorswift13 https://t.co/4h86nLYuLo https://t.co/gAHOi7fPrZ,Positive,84.3125,general,general,,Twitter
Dallas2,Corporate,32.8111091,-96.8092962,3329 Oak Lawn Avenue,75219,Tue Oct 25 12:41:21 +0000 2016,RT @ATT: Another reason to smile for the camera. The #LGV20 from @LGUSAMobile will be available in stores starting today. https://t.co/TILu…,Positive,86.0616,general,general,,Twitter
Dallas2,Corporate,32.8111091,-96.8092962,3329 Oak Lawn Avenue,75219,Tue Oct 25 12:36:54 +0000 2016,@ATTCares check the DM,Neutral,50.0000,general,general,,Twitter
Dallas2,Corporate,32.8111091,-96.8092962,3329 Oak Lawn Avenue,75219,Tue Oct 25 12:36:09 +0000 2016,The media merger of the decade https://t.co/hOc47btetj,Neutral,61.1621,general,general,,Twitter
Dallas2,Corporate,32.8111091,-96.8092962,3329 Oak Lawn Avenue,75219,Tue Oct 25 12:34:33 +0000 2016,RT @ATTBusiness: #IoT makes reaching into this vending machine like reaching into a garden. Check it out: https://t.co/1Dk54D1pvz #National…,Positive,86.5104,general,general,,Twitter
Dallas2,Corporate,32.8111091,-96.8092962,3329 Oak Lawn Avenue,75219,Tue Oct 25 12:32:28 +0000 2016,Which Halloween character hairstyle has you like 💇? 🎃,Neutral,54.9406,general,general,,Twitter
Dallas2,Corporate,32.8111091,-96.8092962,3329 Oak Lawn Avenue,75219,Tue Oct 25 12:29:50 +0000 2016,RT @dallasnews: How have Texas lawmakers reacted to @ATT's megamerger? Mostly with silence | https://t.co/kyNP8BfpgC @tombenning https://t.…,Neutral,53.7855,general,general,,Twitter
Dallas2,Corporate,32.8111091,-96.8092962,3329 Oak Lawn Avenue,75219,Tue Oct 25 12:28:29 +0000 2016,"No, AT&amp;T-Time Warner tie-up won't ax your 'Game of Thrones'     - CNET: A megamerger joining the telecom gian... https://t.co/gsd7Y4RCEF",Neutral,50.1847,general,general,,Twitter
Dallas2,Corporate,32.8111091,-96.8092962,3329 Oak Lawn Avenue,75219,Tue Oct 25 12:25:53 +0000 2016,RT @dallasnews: .@ATT CEO Randall Stephenson confident @twxcorp merger will get past regulators https://t.co/2Re2eGzanm #atttimewarner | @M…,Positive,82.2634,general,general,,Twitter
Dallas2,Corporate,32.8111091,-96.8092962,3329 Oak Lawn Avenue,75219,Tue Oct 25 12:25:39 +0000 2016,It seems like every month my bill gets higher for no reason with @ATT smh taking time out my work day to resolve it every month smh,Negative,99.9524,general,general,,Twitter
Dallas2,Corporate,32.8111091,-96.8092962,3329 Oak Lawn Avenue,75219,Tue Oct 25 12:24:47 +0000 2016,RT @dallasnews: How have Texas lawmakers reacted to @ATT's megamerger? Mostly with silence | https://t.co/kyNP8BfpgC @tombenning https://t.…,Neutral,53.7855,general,general,,Twitter
Dallas2,Corporate,32.8111091,-96.8092962,3329 Oak Lawn Avenue,75219,Tue Oct 25 12:24:25 +0000 2016,RT @dallasnews: How have Texas lawmakers reacted to @ATT's megamerger? Mostly with silence | https://t.co/kyNP8BfpgC @tombenning https://t.…,Neutral,53.7855,general,general,,Twitter
Dallas2,Corporate,32.8111091,-96.8092962,3329 Oak Lawn Avenue,75219,Tue Oct 25 12:22:42 +0000 2016,RT @dallasnews: How have Texas lawmakers reacted to @ATT's megamerger? Mostly with silence | https://t.co/kyNP8BfpgC @tombenning https://t.…,Neutral,53.7855,general,general,,Twitter
Dallas2,Corporate,32.8111091,-96.8092962,3329 Oak Lawn Avenue,75219,Tue Oct 25 12:22:32 +0000 2016,RT @dallasnews: How have Texas lawmakers reacted to @ATT's megamerger? Mostly with silence | https://t.co/kyNP8BfpgC @tombenning https://t.…,Neutral,53.7855,general,general,,Twitter
Dallas2,Corporate,32.8111091,-96.8092962,3329 Oak Lawn Avenue,75219,Tue Oct 25 12:22:06 +0000 2016,RT @ATTBusiness: Business-ready is one thing; cybersecurity readiness is another. Access info you need to help defend your data: https://t.…,Neutral,52.8854,general,general,,Twitter
Dallas2,Corporate,32.8111091,-96.8092962,3329 Oak Lawn Avenue,75219,Tue Oct 25 12:21:49 +0000 2016,How have Texas lawmakers reacted to @ATT's megamerger? Mostly with silence | https://t.co/kyNP8BfpgC @tombenning https://t.co/Y6ujgjT3FM,Neutral,53.7855,general,general,,Twitter
Dallas2,Corporate,32.8111091,-96.8092962,3329 Oak Lawn Avenue,75219,Tue Oct 25 12:14:45 +0000 2016,"RT @DMNBiz: .@CNN, .@HBO and more: A look at the brands .@ATT inherits in its Time Warner deal https://t.co/dhOhNjd68C | @paul_o_donnell ht…",Positive,96.3719,general,general,,Twitter
Dallas2,Corporate,32.8111091,-96.8092962,3329 Oak Lawn Avenue,75219,Tue Oct 25 12:11:26 +0000 2016,"RT @bodyrecruit: @TheNETwork_Natl 
AT&amp;T Hiring Sales Executive Field Sales #Des Peres, MO. Spread the word about the good #LifeAtATT. https…",Negative,77.6346,general,general,,Twitter
Dallas2,Corporate,32.8111091,-96.8092962,3329 Oak Lawn Avenue,75219,Tue Oct 25 12:05:51 +0000 2016,".@CNN, .@HBO and more: A look at the brands .@ATT inherits in its Time Warner deal https://t.co/dhOhNjd68C |… https://t.co/nkWx7Vwp2x",Positive,96.3719,general,general,,Twitter
Dallas2,Corporate,32.8111091,-96.8092962,3329 Oak Lawn Avenue,75219,Tue Oct 25 12:00:00 +0000 2016,See how to change your status in AT&amp;T Business Messenger for iPhone at https://t.co/0f5VB7upGe,Positive,63.2139,general,general,,Twitter
Dallas2,Corporate,32.8111091,-96.8092962,3329 Oak Lawn Avenue,75219,Tue Oct 25 11:35:49 +0000 2016,RT @ATT: Welcome to the team! @taylorswift13 https://t.co/4h86nLYuLo https://t.co/gAHOi7fPrZ,Positive,84.3125,general,general,,Twitter
Dallas2,Corporate,32.8111091,-96.8092962,3329 Oak Lawn Avenue,75219,Tue Oct 25 11:23:36 +0000 2016,"Early voting records, rising health care costs, AT&amp;T merger updates: Your Tuesday morning news roundup:  https://t.co/3pq27kmR8t",Neutral,57.5819,general,general,,Twitter
Dallas2,Corporate,32.8111091,-96.8092962,3329 Oak Lawn Avenue,75219,Tue Oct 25 11:12:59 +0000 2016,"RT @dallasnews: #EarlyVoting records, rising health care costs, AT&amp;T merger updates: Your Tuesday morning news roundup | https://t.co/qEnxI…",Negative,63.9145,general,general,,Twitter
Dallas2,Corporate,32.8111091,-96.8092962,3329 Oak Lawn Avenue,75219,Tue Oct 25 11:08:25 +0000 2016,"Don't expect a change in viewpoint for @CNN, @ATT chief says https://t.co/oYaURY2xEH | @agarre https://t.co/TWUkvBhIvM",Neutral,55.5436,general,general,,Twitter
