Dallas16,Authorized,32.865482,-96.805688,5960 W Northwest Hwy,75225,Sun Oct 23 00:56:51 +0000 2016,RT @ATT: The #futureofvideo is mobile and the #futureofmobile is video. Time Warner + AT&amp;T make it happen! @twxcorp https://t.co/GKx4U9TQYg,Neutral,56.0321,general,general,,Twitter
Dallas16,Authorized,32.865482,-96.805688,5960 W Northwest Hwy,75225,Sun Oct 23 00:54:46 +0000 2016,RT @ATT: The #futureofvideo is mobile and the #futureofmobile is video. Time Warner + AT&amp;T make it happen! @twxcorp https://t.co/GKx4U9TQYg,Neutral,56.0321,general,general,,Twitter
Dallas16,Authorized,32.865482,-96.805688,5960 W Northwest Hwy,75225,Sun Oct 23 00:54:38 +0000 2016,RT @ATT: Welcome to the team! @taylorswift13 https://t.co/4h86nLYuLo https://t.co/gAHOi7fPrZ,Positive,84.3125,general,general,,Twitter
Dallas16,Authorized,32.865482,-96.805688,5960 W Northwest Hwy,75225,Sun Oct 23 00:52:09 +0000 2016,RT @ATT: The #futureofvideo is mobile and the #futureofmobile is video. Time Warner + AT&amp;T make it happen! @twxcorp https://t.co/GKx4U9TQYg,Neutral,56.0321,general,general,,Twitter
Dallas16,Authorized,32.865482,-96.805688,5960 W Northwest Hwy,75225,Sun Oct 23 00:51:33 +0000 2016,RT @ATT: The #futureofvideo is mobile and the #futureofmobile is video. Time Warner + AT&amp;T make it happen! @twxcorp https://t.co/GKx4U9TQYg,Neutral,56.0321,general,general,,Twitter
Dallas16,Authorized,32.865482,-96.805688,5960 W Northwest Hwy,75225,Sun Oct 23 00:51:32 +0000 2016,RT @ATT: The #futureofvideo is mobile and the #futureofmobile is video. Time Warner + AT&amp;T make it happen! @twxcorp https://t.co/GKx4U9TQYg,Neutral,56.0321,general,general,,Twitter
Dallas16,Authorized,32.865482,-96.805688,5960 W Northwest Hwy,75225,Sun Oct 23 00:50:26 +0000 2016,RT @ATT: Welcome to the team! @taylorswift13 https://t.co/4h86nLYuLo https://t.co/gAHOi7fPrZ,Positive,84.3125,general,general,,Twitter
Dallas16,Authorized,32.865482,-96.805688,5960 W Northwest Hwy,75225,Sun Oct 23 00:50:15 +0000 2016,RT @ATT: The #futureofvideo is mobile and the #futureofmobile is video. Time Warner + AT&amp;T make it happen! @twxcorp https://t.co/GKx4U9TQYg,Neutral,56.0321,general,general,,Twitter
Dallas16,Authorized,32.865482,-96.805688,5960 W Northwest Hwy,75225,Sun Oct 23 00:50:08 +0000 2016,RT @RickTweetTweet: Breaking News!!! AT&amp;T to Acquire Time Warner! My family just got bigger! #LifeAtATT  #TimeWarner https://t.co/RUAJa5ciO…,Positive,81.6545,general,general,,Twitter
Dallas16,Authorized,32.865482,-96.805688,5960 W Northwest Hwy,75225,Sun Oct 23 00:50:00 +0000 2016,"AT&amp;T to acquire Time Warner,  me to get one step closer to that GOT extra role I've always dreamed of.… https://t.co/WktAvl3mwb",Positive,85.3779,general,general,,Twitter
Dallas16,Authorized,32.865482,-96.805688,5960 W Northwest Hwy,75225,Sun Oct 23 00:49:37 +0000 2016,Breaking News!!! AT&amp;T to Acquire Time Warner! My family just got bigger! #LifeAtATT  #TimeWarner… https://t.co/gGz251q8H8,Positive,81.6545,general,general,,Twitter
Dallas16,Authorized,32.865482,-96.805688,5960 W Northwest Hwy,75225,Sun Oct 23 00:49:17 +0000 2016,RT @ATT: The #futureofvideo is mobile and the #futureofmobile is video. Time Warner + AT&amp;T make it happen! @twxcorp https://t.co/GKx4U9TQYg,Neutral,56.0321,general,general,,Twitter
Dallas16,Authorized,32.865482,-96.805688,5960 W Northwest Hwy,75225,Sun Oct 23 00:47:24 +0000 2016,RT @ATT: The #futureofvideo is mobile and the #futureofmobile is video. Time Warner + AT&amp;T make it happen! @twxcorp https://t.co/GKx4U9TQYg,Neutral,56.0321,general,general,,Twitter
Dallas16,Authorized,32.865482,-96.805688,5960 W Northwest Hwy,75225,Sun Oct 23 00:47:06 +0000 2016,"RT @ATT: Watch the @GreenDay @iHeartRadio Album Release Party Tonight, 9pm ET/PT on AUDIENCE. DIRECTV ch 239/U-verse ch 1114. https://t.co/…",Neutral,59.5550,directv,general,,Twitter
Dallas16,Authorized,32.865482,-96.805688,5960 W Northwest Hwy,75225,Sun Oct 23 00:46:04 +0000 2016,"AT&amp;T acquires Time Warner in media mega-deal AT&amp;T acquires Time Warner in media mega-deal
https://t.co/QcEJuJYXMY",Positive,63.9246,general,general,,Twitter
Dallas16,Authorized,32.865482,-96.805688,5960 W Northwest Hwy,75225,Sun Oct 23 00:46:04 +0000 2016,"AT&amp;T acquires Time Warner in media mega-deal AT&amp;T acquires Time Warner in media mega-deal
https://t.co/qJlcAmlLyt",Positive,63.9246,general,general,,Twitter
Dallas16,Authorized,32.865482,-96.805688,5960 W Northwest Hwy,75225,Sun Oct 23 00:45:59 +0000 2016,RT @ATT: Welcome to the team! @taylorswift13 https://t.co/4h86nLYuLo https://t.co/gAHOi7fPrZ,Positive,84.3125,general,general,,Twitter
Dallas16,Authorized,32.865482,-96.805688,5960 W Northwest Hwy,75225,Sun Oct 23 00:45:41 +0000 2016,RT @ATT: The #futureofvideo is mobile and the #futureofmobile is video. Time Warner + AT&amp;T make it happen! @twxcorp https://t.co/GKx4U9TQYg,Neutral,56.0321,general,general,,Twitter
Dallas16,Authorized,32.865482,-96.805688,5960 W Northwest Hwy,75225,Sun Oct 23 00:45:01 +0000 2016,AT&amp;T Agrees to Buy Time Warner [HBO &amp; CNN] for $85.4 Billion - https://t.co/9YUDxxn10C https://t.co/yqbOvEMsOX,Positive,63.9246,general,general,,Twitter
Dallas16,Authorized,32.865482,-96.805688,5960 W Northwest Hwy,75225,Sun Oct 23 00:44:46 +0000 2016,RT @ATT: The #futureofvideo is mobile and the #futureofmobile is video. Time Warner + AT&amp;T make it happen! @twxcorp https://t.co/GKx4U9TQYg,Neutral,56.0321,general,general,,Twitter
Dallas16,Authorized,32.865482,-96.805688,5960 W Northwest Hwy,75225,Sun Oct 23 00:44:36 +0000 2016,RT @ATT: The #futureofvideo is mobile and the #futureofmobile is video. Time Warner + AT&amp;T make it happen! @twxcorp https://t.co/GKx4U9TQYg,Neutral,56.0321,general,general,,Twitter
Dallas16,Authorized,32.865482,-96.805688,5960 W Northwest Hwy,75225,Sun Oct 23 00:44:29 +0000 2016,"RT @ATT: Some people may wait a lifetime, but you don't have to. On 11/2-3, AT&amp;T customers can buy @kelly_clarkson tix early. https://t.co/…",Neutral,60.4188,general,general,,Twitter
Dallas16,Authorized,32.865482,-96.805688,5960 W Northwest Hwy,75225,Sun Oct 23 00:43:29 +0000 2016,"RT @ATT: @EliteTravelGal Enjoy your new gear, Stacy! 😍 https://t.co/GodmaxF4Xq",Positive,67.4207,general,general,,Twitter
Dallas16,Authorized,32.865482,-96.805688,5960 W Northwest Hwy,75225,Sun Oct 23 00:42:59 +0000 2016,RT @DougMagditch: It's official: AT&amp;T to Acquire Time Warner ... I'm so excited for the future of our company! https://t.co/soDLs4C87o #att…,Positive,85.1831,general,general,,Twitter
Dallas16,Authorized,32.865482,-96.805688,5960 W Northwest Hwy,75225,Sun Oct 23 00:40:27 +0000 2016,RT @ATT: The #futureofvideo is mobile and the #futureofmobile is video. Time Warner + AT&amp;T make it happen! @twxcorp https://t.co/GKx4U9TQYg,Neutral,56.0321,general,general,,Twitter
Dallas16,Authorized,32.865482,-96.805688,5960 W Northwest Hwy,75225,Sun Oct 23 00:38:54 +0000 2016,"RT @ATT: Watch the @GreenDay @iHeartRadio Album Release Party Tonight, 9pm ET/PT on AUDIENCE. DIRECTV ch 239/U-verse ch 1114. https://t.co/…",Neutral,59.5550,directv,general,,Twitter
Dallas16,Authorized,32.865482,-96.805688,5960 W Northwest Hwy,75225,Sun Oct 23 00:37:12 +0000 2016,RT @ATT: The #futureofvideo is mobile and the #futureofmobile is video. Time Warner + AT&amp;T make it happen! @twxcorp https://t.co/GKx4U9TQYg,Neutral,56.0321,general,general,,Twitter
Dallas16,Authorized,32.865482,-96.805688,5960 W Northwest Hwy,75225,Sun Oct 23 00:36:52 +0000 2016,RT @ATT: The #futureofvideo is mobile and the #futureofmobile is video. Time Warner + AT&amp;T make it happen! @twxcorp https://t.co/GKx4U9TQYg,Neutral,56.0321,general,general,,Twitter
Dallas16,Authorized,32.865482,-96.805688,5960 W Northwest Hwy,75225,Sun Oct 23 00:36:27 +0000 2016,RT @ATT: The #futureofvideo is mobile and the #futureofmobile is video. Time Warner + AT&amp;T make it happen! @twxcorp https://t.co/GKx4U9TQYg,Neutral,56.0321,general,general,,Twitter
Dallas16,Authorized,32.865482,-96.805688,5960 W Northwest Hwy,75225,Sun Oct 23 00:36:11 +0000 2016,AT&amp;T to buy Time Warner in $85 billion media mega deal https://t.co/Ub0tCMxcTc,Positive,72.0624,general,general,,Twitter
Dallas16,Authorized,32.865482,-96.805688,5960 W Northwest Hwy,75225,Sun Oct 23 00:35:25 +0000 2016,RT @ATT: The #futureofvideo is mobile and the #futureofmobile is video. Time Warner + AT&amp;T make it happen! @twxcorp https://t.co/GKx4U9TQYg,Neutral,56.0321,general,general,,Twitter
Dallas16,Authorized,32.865482,-96.805688,5960 W Northwest Hwy,75225,Sun Oct 23 00:34:58 +0000 2016,It's official: AT&amp;T to Acquire Time Warner ... I'm so excited for the future of our company!… https://t.co/bzRWNapE9A,Positive,85.1831,general,general,,Twitter
Dallas16,Authorized,32.865482,-96.805688,5960 W Northwest Hwy,75225,Sun Oct 23 00:34:54 +0000 2016,RT @ATT: Welcome to the team! @taylorswift13 https://t.co/4h86nLYuLo https://t.co/gAHOi7fPrZ,Positive,84.3125,general,general,,Twitter
Dallas16,Authorized,32.865482,-96.805688,5960 W Northwest Hwy,75225,Sun Oct 23 00:34:03 +0000 2016,Confirmed: AT&amp;T is buying Time Warner for $85.4B in cash and shares https://t.co/PcLj0VmHhr https://t.co/FrfTawIx21,Positive,70.5633,general,general,,Twitter
Dallas16,Authorized,32.865482,-96.805688,5960 W Northwest Hwy,75225,Sun Oct 23 00:33:58 +0000 2016,RT @ATT: The #futureofvideo is mobile and the #futureofmobile is video. Time Warner + AT&amp;T make it happen! @twxcorp https://t.co/GKx4U9TQYg,Neutral,56.0321,general,general,,Twitter
Dallas16,Authorized,32.865482,-96.805688,5960 W Northwest Hwy,75225,Sun Oct 23 00:32:47 +0000 2016,"AT&amp;T to buy Time Warner for $85.4 billion - After no small amount of anticipation, it's official: AT&amp;amp;T has ... https://t.co/9dBZDWmIqH",Neutral,52.8582,general,general,,Twitter
Dallas16,Authorized,32.865482,-96.805688,5960 W Northwest Hwy,75225,Sun Oct 23 00:31:48 +0000 2016,RT @ATT: The #futureofvideo is mobile and the #futureofmobile is video. Time Warner + AT&amp;T make it happen! @twxcorp https://t.co/GKx4U9TQYg,Neutral,56.0321,general,general,,Twitter
Dallas16,Authorized,32.865482,-96.805688,5960 W Northwest Hwy,75225,Sun Oct 23 00:31:25 +0000 2016,AT&amp;T and Time Warner strike a deal via @Krobijake https://t.co/AcTpZ2m7m8 via @dallasnews,Positive,72.0624,general,general,,Twitter
Dallas16,Authorized,32.865482,-96.805688,5960 W Northwest Hwy,75225,Sun Oct 23 00:31:09 +0000 2016,RT @ATT: The #futureofvideo is mobile and the #futureofmobile is video. Time Warner + AT&amp;T make it happen! @twxcorp https://t.co/GKx4U9TQYg,Neutral,56.0321,general,general,,Twitter
Dallas16,Authorized,32.865482,-96.805688,5960 W Northwest Hwy,75225,Sun Oct 23 00:30:29 +0000 2016,RT @ATT: Welcome to the team! @taylorswift13 https://t.co/4h86nLYuLo https://t.co/gAHOi7fPrZ,Positive,84.3125,general,general,,Twitter
Dallas16,Authorized,32.865482,-96.805688,5960 W Northwest Hwy,75225,Sun Oct 23 00:29:08 +0000 2016,"#Dallas based #ATT w/ #TimeWarner largest net providers 4 #SouthDallas.  We must consider making Internet a utility.
https://t.co/ACzaANYS4Y",Negative,91.9070,general,general,,Twitter
Dallas16,Authorized,32.865482,-96.805688,5960 W Northwest Hwy,75225,Sun Oct 23 00:28:40 +0000 2016,RT @ATT: The #futureofvideo is mobile and the #futureofmobile is video. Time Warner + AT&amp;T make it happen! @twxcorp https://t.co/GKx4U9TQYg,Neutral,56.0321,general,general,,Twitter
Dallas16,Authorized,32.865482,-96.805688,5960 W Northwest Hwy,75225,Sun Oct 23 00:28:34 +0000 2016,RT @ATT: Get a sweet deal on the new iPhone 7 when you switch to AT&amp;T and have DIRECTV. https://t.co/TQVeUkmeZ6 https://t.co/zfZmNpe8AP,Positive,98.0584,directv,general,,Twitter
Dallas16,Authorized,32.865482,-96.805688,5960 W Northwest Hwy,75225,Sun Oct 23 00:27:17 +0000 2016,RT @ATT: The #futureofvideo is mobile and the #futureofmobile is video. Time Warner + AT&amp;T make it happen! @twxcorp https://t.co/GKx4U9TQYg,Neutral,56.0321,general,general,,Twitter
Dallas16,Authorized,32.865482,-96.805688,5960 W Northwest Hwy,75225,Sun Oct 23 00:26:33 +0000 2016,RT @KRLD: #BREAKING: Dallas-based @ATT buys HBO and CNN owner Time Warner for $85.4 billion. https://t.co/S5BXdXVGVB,Positive,79.5091,general,general,,Twitter
Dallas16,Authorized,32.865482,-96.805688,5960 W Northwest Hwy,75225,Sun Oct 23 00:25:28 +0000 2016,RT @ATT: The #futureofvideo is mobile and the #futureofmobile is video. Time Warner + AT&amp;T make it happen! @twxcorp https://t.co/GKx4U9TQYg,Neutral,56.0321,general,general,,Twitter
Dallas16,Authorized,32.865482,-96.805688,5960 W Northwest Hwy,75225,Sun Oct 23 00:24:28 +0000 2016,RT @ATT: The #futureofvideo is mobile and the #futureofmobile is video. Time Warner + AT&amp;T make it happen! @twxcorp https://t.co/GKx4U9TQYg,Neutral,56.0321,general,general,,Twitter
Dallas16,Authorized,32.865482,-96.805688,5960 W Northwest Hwy,75225,Sun Oct 23 00:24:25 +0000 2016,RT @ATT: The #futureofvideo is mobile and the #futureofmobile is video. Time Warner + AT&amp;T make it happen! @twxcorp https://t.co/GKx4U9TQYg,Neutral,56.0321,general,general,,Twitter
Dallas16,Authorized,32.865482,-96.805688,5960 W Northwest Hwy,75225,Sun Oct 23 00:24:14 +0000 2016,RT @ATT: The #futureofvideo is mobile and the #futureofmobile is video. Time Warner + AT&amp;T make it happen! @twxcorp https://t.co/GKx4U9TQYg,Neutral,56.0321,general,general,,Twitter
Dallas16,Authorized,32.865482,-96.805688,5960 W Northwest Hwy,75225,Sun Oct 23 00:23:56 +0000 2016,RT @FeedDallas: CBS Dallas: AT&amp;T Buying HBO And CNN Owner Time Warner For $85.4 Billion https://t.co/t1cju9DNu3 #dallas,Positive,79.5091,general,general,,Twitter
Dallas16,Authorized,32.865482,-96.805688,5960 W Northwest Hwy,75225,Sun Oct 23 00:23:41 +0000 2016,RT @ATT: The #futureofvideo is mobile and the #futureofmobile is video. Time Warner + AT&amp;T make it happen! @twxcorp https://t.co/GKx4U9TQYg,Neutral,56.0321,general,general,,Twitter
Dallas16,Authorized,32.865482,-96.805688,5960 W Northwest Hwy,75225,Sun Oct 23 00:23:30 +0000 2016,#BREAKING: Dallas-based @ATT buys HBO and CNN owner Time Warner for $85.4 billion. https://t.co/S5BXdXVGVB,Positive,79.5091,general,general,,Twitter
Dallas16,Authorized,32.865482,-96.805688,5960 W Northwest Hwy,75225,Sun Oct 23 00:23:22 +0000 2016,RT @ATT: Welcome to the team! @taylorswift13 https://t.co/4h86nLYuLo https://t.co/gAHOi7fPrZ,Positive,84.3125,general,general,,Twitter
Dallas16,Authorized,32.865482,-96.805688,5960 W Northwest Hwy,75225,Sun Oct 23 00:23:21 +0000 2016,RT @ATT: The #futureofvideo is mobile and the #futureofmobile is video. Time Warner + AT&amp;T make it happen! @twxcorp https://t.co/GKx4U9TQYg,Neutral,56.0321,general,general,,Twitter
Dallas16,Authorized,32.865482,-96.805688,5960 W Northwest Hwy,75225,Sun Oct 23 00:23:15 +0000 2016,RT @ATT: The #futureofvideo is mobile and the #futureofmobile is video. Time Warner + AT&amp;T make it happen! @twxcorp https://t.co/GKx4U9TQYg,Neutral,56.0321,general,general,,Twitter
Dallas16,Authorized,32.865482,-96.805688,5960 W Northwest Hwy,75225,Sun Oct 23 00:23:15 +0000 2016,RT @dmburrows: When Yahoo is worth maybe $3b and a company which can't even show up to your house on the right day is worth $85b good luck…,Negative,98.5085,general,general,,Twitter
Dallas16,Authorized,32.865482,-96.805688,5960 W Northwest Hwy,75225,Sun Oct 23 00:23:07 +0000 2016,CBS Dallas: AT&amp;T Buying HBO And CNN Owner Time Warner For $85.4 Billion https://t.co/t1cju9DNu3 #dallas,Positive,79.5091,general,general,,Twitter
Dallas16,Authorized,32.865482,-96.805688,5960 W Northwest Hwy,75225,Sun Oct 23 00:22:36 +0000 2016,When Yahoo is worth maybe $3b and a company which can't even show up to your house on the right day is worth $85b g… https://t.co/obFMAf9fV5,Negative,98.2815,general,general,,Twitter
Dallas16,Authorized,32.865482,-96.805688,5960 W Northwest Hwy,75225,Sun Oct 23 00:22:02 +0000 2016,RT @ATT: The #futureofvideo is mobile and the #futureofmobile is video. Time Warner + AT&amp;T make it happen! @twxcorp https://t.co/GKx4U9TQYg,Neutral,56.0321,general,general,,Twitter
Dallas16,Authorized,32.865482,-96.805688,5960 W Northwest Hwy,75225,Sun Oct 23 00:21:56 +0000 2016,RT @ATT: The #futureofvideo is mobile and the #futureofmobile is video. Time Warner + AT&amp;T make it happen! @twxcorp https://t.co/GKx4U9TQYg,Neutral,56.0321,general,general,,Twitter
Dallas16,Authorized,32.865482,-96.805688,5960 W Northwest Hwy,75225,Sun Oct 23 00:20:43 +0000 2016,"AT&amp;T to buy Time Warner for $85.4 billion - After no small amount of anticipation, it's official: AT&amp;amp;T has ... https://t.co/dAfqqxfF93",Neutral,52.8582,general,general,,Twitter
Dallas16,Authorized,32.865482,-96.805688,5960 W Northwest Hwy,75225,Sun Oct 23 00:20:38 +0000 2016,RT @ATT: The #futureofvideo is mobile and the #futureofmobile is video. Time Warner + AT&amp;T make it happen! @twxcorp https://t.co/GKx4U9TQYg,Neutral,56.0321,general,general,,Twitter
Dallas16,Authorized,32.865482,-96.805688,5960 W Northwest Hwy,75225,Sun Oct 23 00:20:32 +0000 2016,RT @ATT: The #futureofvideo is mobile and the #futureofmobile is video. Time Warner + AT&amp;T make it happen! @twxcorp https://t.co/GKx4U9TQYg,Neutral,56.0321,general,general,,Twitter
Dallas16,Authorized,32.865482,-96.805688,5960 W Northwest Hwy,75225,Sun Oct 23 00:20:20 +0000 2016,AT&amp;T Buying HBO And CNN Owner Time Warner For $85.4 Billion https://t.co/niujxGXCUA #DFW,Positive,79.5091,general,general,,Twitter
Dallas16,Authorized,32.865482,-96.805688,5960 W Northwest Hwy,75225,Sun Oct 23 00:20:06 +0000 2016,RT @ATT: The #futureofvideo is mobile and the #futureofmobile is video. Time Warner + AT&amp;T make it happen! @twxcorp https://t.co/GKx4U9TQYg,Neutral,56.0321,general,general,,Twitter
Dallas16,Authorized,32.865482,-96.805688,5960 W Northwest Hwy,75225,Sun Oct 23 00:19:38 +0000 2016,RT @ATT: The #futureofvideo is mobile and the #futureofmobile is video. Time Warner + AT&amp;T make it happen! @twxcorp https://t.co/GKx4U9TQYg,Neutral,56.0321,general,general,,Twitter
Dallas16,Authorized,32.865482,-96.805688,5960 W Northwest Hwy,75225,Sun Oct 23 00:19:38 +0000 2016,RT @ATT: The #futureofvideo is mobile and the #futureofmobile is video. Time Warner + AT&amp;T make it happen! @twxcorp https://t.co/GKx4U9TQYg,Neutral,56.0321,general,general,,Twitter
Dallas16,Authorized,32.865482,-96.805688,5960 W Northwest Hwy,75225,Sun Oct 23 00:19:30 +0000 2016,RT @ATT: The #futureofvideo is mobile and the #futureofmobile is video. Time Warner + AT&amp;T make it happen! @twxcorp https://t.co/GKx4U9TQYg,Neutral,56.0321,general,general,,Twitter
Dallas16,Authorized,32.865482,-96.805688,5960 W Northwest Hwy,75225,Sun Oct 23 00:19:21 +0000 2016,RT @ATT: The #futureofvideo is mobile and the #futureofmobile is video. Time Warner + AT&amp;T make it happen! @twxcorp https://t.co/GKx4U9TQYg,Neutral,56.0321,general,general,,Twitter
Dallas16,Authorized,32.865482,-96.805688,5960 W Northwest Hwy,75225,Sun Oct 23 00:19:21 +0000 2016,RT @ATT: The #futureofvideo is mobile and the #futureofmobile is video. Time Warner + AT&amp;T make it happen! @twxcorp https://t.co/GKx4U9TQYg,Neutral,56.0321,general,general,,Twitter
Dallas16,Authorized,32.865482,-96.805688,5960 W Northwest Hwy,75225,Sun Oct 23 00:18:48 +0000 2016,RT @ATT: Welcome to the team! @taylorswift13 https://t.co/4h86nLYuLo https://t.co/gAHOi7fPrZ,Positive,84.3125,general,general,,Twitter
Dallas16,Authorized,32.865482,-96.805688,5960 W Northwest Hwy,75225,Sun Oct 23 00:18:00 +0000 2016,RT @ATT: The #futureofvideo is mobile and the #futureofmobile is video. Time Warner + AT&amp;T make it happen! @twxcorp https://t.co/GKx4U9TQYg,Neutral,56.0321,general,general,,Twitter
Dallas16,Authorized,32.865482,-96.805688,5960 W Northwest Hwy,75225,Sun Oct 23 00:18:00 +0000 2016,RT @ATT: The #futureofvideo is mobile and the #futureofmobile is video. Time Warner + AT&amp;T make it happen! @twxcorp https://t.co/GKx4U9TQYg,Neutral,56.0321,general,general,,Twitter
Dallas16,Authorized,32.865482,-96.805688,5960 W Northwest Hwy,75225,Sun Oct 23 00:17:35 +0000 2016,RT @ATT: The #futureofvideo is mobile and the #futureofmobile is video. Time Warner + AT&amp;T make it happen! @twxcorp https://t.co/GKx4U9TQYg,Neutral,56.0321,general,general,,Twitter
Dallas16,Authorized,32.865482,-96.805688,5960 W Northwest Hwy,75225,Sun Oct 23 00:17:25 +0000 2016,RT @ATT: The #futureofvideo is mobile and the #futureofmobile is video. Time Warner + AT&amp;T make it happen! @twxcorp https://t.co/GKx4U9TQYg,Neutral,56.0321,general,general,,Twitter
Dallas16,Authorized,32.865482,-96.805688,5960 W Northwest Hwy,75225,Sun Oct 23 00:16:59 +0000 2016,RT @ATT: The #futureofvideo is mobile and the #futureofmobile is video. Time Warner + AT&amp;T make it happen! @twxcorp https://t.co/GKx4U9TQYg,Neutral,56.0321,general,general,,Twitter
Dallas16,Authorized,32.865482,-96.805688,5960 W Northwest Hwy,75225,Sun Oct 23 00:16:46 +0000 2016,AT&amp;T to buy Time Warner in media mega-deal WOAH  https://t.co/AjuXvhPzEq,Positive,63.9246,general,general,,Twitter
Dallas16,Authorized,32.865482,-96.805688,5960 W Northwest Hwy,75225,Sun Oct 23 00:16:31 +0000 2016,RT @ATT: The #futureofvideo is mobile and the #futureofmobile is video. Time Warner + AT&amp;T make it happen! @twxcorp https://t.co/GKx4U9TQYg,Neutral,56.0321,general,general,,Twitter
Dallas16,Authorized,32.865482,-96.805688,5960 W Northwest Hwy,75225,Sun Oct 23 00:16:04 +0000 2016,RT @ATT: The #futureofvideo is mobile and the #futureofmobile is video. Time Warner + AT&amp;T make it happen! @twxcorp https://t.co/GKx4U9TQYg,Neutral,56.0321,general,general,,Twitter
Dallas16,Authorized,32.865482,-96.805688,5960 W Northwest Hwy,75225,Sun Oct 23 00:15:51 +0000 2016,RT @ATT: The #futureofvideo is mobile and the #futureofmobile is video. Time Warner + AT&amp;T make it happen! @twxcorp https://t.co/GKx4U9TQYg,Neutral,56.0321,general,general,,Twitter
Dallas16,Authorized,32.865482,-96.805688,5960 W Northwest Hwy,75225,Sun Oct 23 00:15:43 +0000 2016,RT @ATT: The #futureofvideo is mobile and the #futureofmobile is video. Time Warner + AT&amp;T make it happen! @twxcorp https://t.co/GKx4U9TQYg,Neutral,56.0321,general,general,,Twitter
Dallas16,Authorized,32.865482,-96.805688,5960 W Northwest Hwy,75225,Sun Oct 23 00:15:41 +0000 2016,RT @ATT: The #futureofvideo is mobile and the #futureofmobile is video. Time Warner + AT&amp;T make it happen! @twxcorp https://t.co/GKx4U9TQYg,Neutral,56.0321,general,general,,Twitter
Dallas16,Authorized,32.865482,-96.805688,5960 W Northwest Hwy,75225,Sun Oct 23 00:15:34 +0000 2016,RT @ATT: The #futureofvideo is mobile and the #futureofmobile is video. Time Warner + AT&amp;T make it happen! @twxcorp https://t.co/GKx4U9TQYg,Neutral,56.0321,general,general,,Twitter
Dallas16,Authorized,32.865482,-96.805688,5960 W Northwest Hwy,75225,Sun Oct 23 00:15:18 +0000 2016,RT @ATT: The #futureofvideo is mobile and the #futureofmobile is video. Time Warner + AT&amp;T make it happen! @twxcorp https://t.co/GKx4U9TQYg,Neutral,56.0321,general,general,,Twitter
Dallas16,Authorized,32.865482,-96.805688,5960 W Northwest Hwy,75225,Sun Oct 23 00:15:18 +0000 2016,RT @ATT: The #futureofvideo is mobile and the #futureofmobile is video. Time Warner + AT&amp;T make it happen! @twxcorp https://t.co/GKx4U9TQYg,Neutral,56.0321,general,general,,Twitter
Dallas16,Authorized,32.865482,-96.805688,5960 W Northwest Hwy,75225,Sun Oct 23 00:15:09 +0000 2016,RT @ATT: The #futureofvideo is mobile and the #futureofmobile is video. Time Warner + AT&amp;T make it happen! @twxcorp https://t.co/GKx4U9TQYg,Neutral,56.0321,general,general,,Twitter
Dallas16,Authorized,32.865482,-96.805688,5960 W Northwest Hwy,75225,Sun Oct 23 00:15:04 +0000 2016,RT @ATT: The #futureofvideo is mobile and the #futureofmobile is video. Time Warner + AT&amp;T make it happen! @twxcorp https://t.co/GKx4U9TQYg,Neutral,56.0321,general,general,,Twitter
Dallas16,Authorized,32.865482,-96.805688,5960 W Northwest Hwy,75225,Sun Oct 23 00:14:43 +0000 2016,The #futureofvideo is mobile and the #futureofmobile is video. Time Warner + AT&amp;T make it happen! @twxcorp https://t.co/GKx4U9TQYg,Neutral,56.0321,general,general,,Twitter
Dallas16,Authorized,32.865482,-96.805688,5960 W Northwest Hwy,75225,Sun Oct 23 00:11:33 +0000 2016,AT&amp;T buys Time Warner for $85 billion https://t.co/RFdmMHP8Gy,Positive,63.9246,general,general,,Twitter
Dallas16,Authorized,32.865482,-96.805688,5960 W Northwest Hwy,75225,Sun Oct 23 00:11:24 +0000 2016,"""Regulatory Microscope Lies Ahead for AT&amp;T and Time Warner"" by LESLIE PICKER and CECILIA KANG via NYT The New York… https://t.co/71LBlPLeSl",Positive,82.9705,general,general,,Twitter
Dallas16,Authorized,32.865482,-96.805688,5960 W Northwest Hwy,75225,Sun Oct 23 00:06:38 +0000 2016,"RT @DMNBiz: New media agency @Hearts_Science lands @ATT, opens shop in Dallas and plans to employ 100 people https://t.co/DFRmKVwrSP @mitch…",Neutral,56.5613,general,general,,Twitter
Dallas16,Authorized,32.865482,-96.805688,5960 W Northwest Hwy,75225,Sun Oct 23 00:05:47 +0000 2016,"New media agency @Hearts_Science lands @ATT, opens shop in Dallas and plans to employ 100 people… https://t.co/YLnZeoEjzL",Neutral,58.3314,general,general,,Twitter
Dallas16,Authorized,32.865482,-96.805688,5960 W Northwest Hwy,75225,Sun Oct 23 00:05:04 +0000 2016,Confirmed: AT&amp;T is buying Time Warner for $85.4B in cash and shares https://t.co/xBspqZpbXD,Positive,70.5633,general,general,,Twitter
Dallas16,Authorized,32.865482,-96.805688,5960 W Northwest Hwy,75225,Sun Oct 23 00:04:10 +0000 2016,RT @DomTalksTalent: Wait for it..... https://t.co/wQPsQ0wp14,Negative,92.4300,general,general,,Twitter
Dallas16,Authorized,32.865482,-96.805688,5960 W Northwest Hwy,75225,Sun Oct 23 00:04:01 +0000 2016,"AT&amp;T to buy Time Warner for $85.4 billion - After no small amount of anticipation, it's official: AT&amp;amp;T has ... https://t.co/i5hkoffgXi",Neutral,52.8582,general,general,,Twitter
Dallas16,Authorized,32.865482,-96.805688,5960 W Northwest Hwy,75225,Sun Oct 23 00:02:50 +0000 2016,Dallas Business News Donald Trump says he would block AT&amp;T-Time Warner merger if elected https://t.co/LytPLpRcEE,Positive,79.0191,general,general,,Twitter
Dallas16,Authorized,32.865482,-96.805688,5960 W Northwest Hwy,75225,Sun Oct 23 00:01:04 +0000 2016,RT @ATT: Welcome to the team! @taylorswift13 https://t.co/4h86nLYuLo https://t.co/gAHOi7fPrZ,Positive,84.3125,general,general,,Twitter
Dallas16,Authorized,32.865482,-96.805688,5960 W Northwest Hwy,75225,Sat Oct 22 23:55:51 +0000 2016,RT @ATT: Welcome to the team! @taylorswift13 https://t.co/4h86nLYuLo https://t.co/gAHOi7fPrZ,Positive,84.3125,general,general,,Twitter
Dallas16,Authorized,32.865482,-96.805688,5960 W Northwest Hwy,75225,Sat Oct 22 23:54:47 +0000 2016,AT&amp;T clinches deal for Time Warner in the latest massive media merger https://t.co/fuAHe4X7E0,Positive,72.0624,general,general,,Twitter
