Dallas14,Authorized,32.853358,-96.817694,5567 W Lovers Ln,75209,Thu Oct 27 21:24:47 +0000 2016,@ATTCares done,Neutral,50.0000,general,general,,Twitter
Dallas14,Authorized,32.853358,-96.817694,5567 W Lovers Ln,75209,Thu Oct 27 21:21:11 +0000 2016,"RT @dallasnews: Sorry, @ATT, FCC ruling may put an end to creepy, targeted advertising plans https://t.co/LCXbQwV4we | @agarre https://t.co…",Negative,80.5907,general,general,,Twitter
Dallas14,Authorized,32.853358,-96.817694,5567 W Lovers Ln,75209,Thu Oct 27 21:16:44 +0000 2016,"RT @dallasnews: Sorry, @ATT, FCC ruling may put an end to creepy, targeted advertising plans https://t.co/LCXbQwV4we | @agarre https://t.co…",Negative,80.5907,general,general,,Twitter
Dallas14,Authorized,32.853358,-96.817694,5567 W Lovers Ln,75209,Thu Oct 27 21:15:51 +0000 2016,"RT @dallasnews: Sorry, @ATT, FCC ruling may put an end to creepy, targeted advertising plans https://t.co/LCXbQwV4we | @agarre https://t.co…",Negative,80.5907,general,general,,Twitter
Dallas14,Authorized,32.853358,-96.817694,5567 W Lovers Ln,75209,Thu Oct 27 21:15:33 +0000 2016,"Sorry, @ATT, FCC ruling may put an end to creepy, targeted advertising plans https://t.co/LCXbQwV4we | @agarre https://t.co/L2eLRqbh0g",Negative,80.5907,general,general,,Twitter
Dallas14,Authorized,32.853358,-96.817694,5567 W Lovers Ln,75209,Thu Oct 27 21:08:12 +0000 2016,"RT @DBJHoopfer: Sneak peek of the brand new Trinity Forest Golf Club, future host of AT&amp;T Byron Nelson (Video) https://t.co/slwxhkjktv via…",Positive,73.7262,general,general,,Twitter
Dallas14,Authorized,32.853358,-96.817694,5567 W Lovers Ln,75209,Thu Oct 27 21:06:28 +0000 2016,@ATTCares it doesn't help. Tried this with tech support Tuesday and today.,Negative,79.2003,general,general,,Twitter
Dallas14,Authorized,32.853358,-96.817694,5567 W Lovers Ln,75209,Thu Oct 27 21:04:00 +0000 2016,Did you miss us at #WE16 today? Not to worry – you can check out our technology development programs online: https://t.co/yirOgcrIuj,Neutral,62.2434,general,general,,Twitter
Dallas14,Authorized,32.853358,-96.817694,5567 W Lovers Ln,75209,Thu Oct 27 21:02:25 +0000 2016,"@ATTCares but today, tech support says there was an issue in my building and an tech needs to come out and fix it",Positive,94.9338,general,general,,Twitter
Dallas14,Authorized,32.853358,-96.817694,5567 W Lovers Ln,75209,Thu Oct 27 21:02:00 +0000 2016,@ATTCares finally getting tech to come out tomorrow. Techs were in my apt building Tuesday but blew me off &amp; said knew nothing about issue.,Positive,68.5100,general,general,,Twitter
Dallas14,Authorized,32.853358,-96.817694,5567 W Lovers Ln,75209,Thu Oct 27 21:01:04 +0000 2016,"@ATTCares I asked for a tech to come out Tuesday but they swore it was the modem; it wasn't. Promised next day delivery, it wasn't",Neutral,55.8363,general,general,,Twitter
Dallas14,Authorized,32.853358,-96.817694,5567 W Lovers Ln,75209,Thu Oct 27 21:00:05 +0000 2016,Our IoT Starter Kit is more than just a developer data plan. Get the tools to design and launch an #IoT device now:… https://t.co/zhnOv3cJ6P,Positive,99.2964,general,general,,Twitter
Dallas14,Authorized,32.853358,-96.817694,5567 W Lovers Ln,75209,Thu Oct 27 21:00:02 +0000 2016,#Momaholics unite! The craziness continues in the season premiere of @MomCBS at 9/8c. https://t.co/UMb4myZolA,Positive,77.1227,general,general,,Twitter
Dallas14,Authorized,32.853358,-96.817694,5567 W Lovers Ln,75209,Thu Oct 27 20:56:57 +0000 2016,@ATTCares 2 modems with no service,Negative,85.8656,general,general,,Twitter
Dallas14,Authorized,32.853358,-96.817694,5567 W Lovers Ln,75209,Thu Oct 27 20:56:31 +0000 2016,"@lpranna04 Hi Lisa, we don't like to hear that. Can you DM us your account/contact info and more details? We'd like to take a look for you.",Neutral,52.1356,general,general,,Twitter
Dallas14,Authorized,32.853358,-96.817694,5567 W Lovers Ln,75209,Thu Oct 27 20:49:42 +0000 2016,RT @ATT: Get a sweet deal on the new iPhone 7 when you switch to AT&amp;T and have DIRECTV. https://t.co/JO08KrMKj7 https://t.co/tAcB2wPVFO,Positive,98.0584,directv,general,,Twitter
Dallas14,Authorized,32.853358,-96.817694,5567 W Lovers Ln,75209,Thu Oct 27 20:48:35 +0000 2016,.@ATTCares https://t.co/OnYPz3Ghii,Neutral,50.0000,general,general,,Twitter
Dallas14,Authorized,32.853358,-96.817694,5567 W Lovers Ln,75209,Thu Oct 27 20:48:07 +0000 2016,.@Uverse your tech support service Tuesday &amp; today has been lackluster. Will definitely be looking at all options of cancelling service.,Positive,63.3988,uverse,general,,Twitter
Dallas14,Authorized,32.853358,-96.817694,5567 W Lovers Ln,75209,Thu Oct 27 20:42:10 +0000 2016,Getting a little #InspiredMobility on Social Media Sunday | AT&amp;T https://t.co/PHxRgkb8Tm https://t.co/ZFBUQlt9Hl,Positive,77.1253,general,general,,Twitter
Dallas14,Authorized,32.853358,-96.817694,5567 W Lovers Ln,75209,Thu Oct 27 20:34:26 +0000 2016,"RT @attJOBS: We have all the #interview tips you need in one list! Learn what to do before, during and after your next interview: https://t…",Negative,82.7181,general,general,,Twitter
Dallas14,Authorized,32.853358,-96.817694,5567 W Lovers Ln,75209,Thu Oct 27 20:30:06 +0000 2016,RT @ATT: Welcome to the team! @taylorswift13 https://t.co/4h86nLYuLo https://t.co/gAHOi7fPrZ,Positive,84.3125,general,general,,Twitter
Dallas14,Authorized,32.853358,-96.817694,5567 W Lovers Ln,75209,Thu Oct 27 20:29:16 +0000 2016,Sanders: ‘We must do everything possible’ to press Clinton on AT&amp;T-Time Warner https://t.co/nwyEr8yVNm,Neutral,56.7848,general,general,,Twitter
Dallas14,Authorized,32.853358,-96.817694,5567 W Lovers Ln,75209,Thu Oct 27 20:27:00 +0000 2016,RT @ATT: Welcome to the team! @taylorswift13 https://t.co/4h86nLYuLo https://t.co/gAHOi7fPrZ,Positive,84.3125,general,general,,Twitter
Dallas14,Authorized,32.853358,-96.817694,5567 W Lovers Ln,75209,Thu Oct 27 20:18:58 +0000 2016,RT @ATTBusiness: We're navigating the known threat landscape to help protect your org. See more in our new cybersecurity report: https://t.…,Positive,91.7588,general,general,,Twitter
Dallas14,Authorized,32.853358,-96.817694,5567 W Lovers Ln,75209,Thu Oct 27 20:12:53 +0000 2016,Sharing our latest data-driven report on common #cybersecurity threats. Folks are saying it's our best yet...I'll le…https://t.co/7ADqKg1XeZ,Negative,80.8750,general,general,,Twitter
Dallas14,Authorized,32.853358,-96.817694,5567 W Lovers Ln,75209,Thu Oct 27 20:07:17 +0000 2016,"Just wanted to let you know @ATTCares, I hope to switch to another provider ASAP bc of this. https://t.co/x7rUpdhaEb",Negative,77.4483,general,general,,Twitter
Dallas14,Authorized,32.853358,-96.817694,5567 W Lovers Ln,75209,Thu Oct 27 20:05:59 +0000 2016,RT @attJOBS: We’re lucky to have a lot of #WomenWhoInspire us at AT&amp;T. Meet a few of them: https://t.co/8juFZJTY20 https://t.co/H6mCC5fGEj,Positive,86.9529,general,general,,Twitter
Dallas14,Authorized,32.853358,-96.817694,5567 W Lovers Ln,75209,Thu Oct 27 20:05:27 +0000 2016,RT @ATTBusiness: AT&amp;T Labs is on track to revolutionize the way #AI plays in the network…but that’s not all! More from Mazin Gilbert: https…,Positive,72.4772,general,general,,Twitter
Dallas14,Authorized,32.853358,-96.817694,5567 W Lovers Ln,75209,Thu Oct 27 19:59:05 +0000 2016,RT @ATT: Get a sweet deal on the new iPhone 7 when you switch to AT&amp;T and have DIRECTV. https://t.co/JO08KrMKj7 https://t.co/tAcB2wPVFO,Positive,98.0584,directv,general,,Twitter
Dallas14,Authorized,32.853358,-96.817694,5567 W Lovers Ln,75209,Thu Oct 27 19:57:12 +0000 2016,"RT @attJOBS: We have all the #interview tips you need in one list! Learn what to do before, during and after your next interview: https://t…",Negative,82.7181,general,general,,Twitter
Dallas14,Authorized,32.853358,-96.817694,5567 W Lovers Ln,75209,Thu Oct 27 19:56:50 +0000 2016,"RT @attJOBS: We have all the #interview tips you need in one list! Learn what to do before, during and after your next interview: https://t…",Negative,82.7181,general,general,,Twitter
Dallas14,Authorized,32.853358,-96.817694,5567 W Lovers Ln,75209,Thu Oct 27 19:54:46 +0000 2016,"RT @DecksInThePark: Get to Klyde Warren Park tonight for the Decks in the Park - Halloween Edition, Powered by @ATT The fun all starts at 6…",Positive,68.0353,general,general,,Twitter
Dallas14,Authorized,32.853358,-96.817694,5567 W Lovers Ln,75209,Thu Oct 27 19:53:24 +0000 2016,"Sorry, @ATT: #FCC ruling may put an end to creepy, targeted #advertising plans https://t.co/TZ6dsf3ZGP via @dallasnews #anonymous",Negative,68.8269,general,general,,Twitter
Dallas14,Authorized,32.853358,-96.817694,5567 W Lovers Ln,75209,Thu Oct 27 19:51:40 +0000 2016,"RT @DFWSmallBiz: Sorry, #ATT, FCC ruling may put an end to creepy, targeted advertising plans https://t.co/pz8mmbULB9 #DFW #Tech",Negative,80.5907,general,general,,Twitter
Dallas14,Authorized,32.853358,-96.817694,5567 W Lovers Ln,75209,Thu Oct 27 19:37:07 +0000 2016,"RT @attJOBS: At AT&amp;T, we believe that inspiration stems from collaboration. That's why we give employees the access they need. https://t.co…",Neutral,53.7838,general,general,,Twitter
Dallas14,Authorized,32.853358,-96.817694,5567 W Lovers Ln,75209,Thu Oct 27 19:31:20 +0000 2016,"Sorry, @ATT, FCC ruling may put an end to creepy, targeted advertising plans https://t.co/3odrIP7GAK | @agarre https://t.co/fEfcSyydmL",Negative,80.5907,general,general,,Twitter
Dallas14,Authorized,32.853358,-96.817694,5567 W Lovers Ln,75209,Thu Oct 27 19:30:01 +0000 2016,"We have all the #interview tips you need in one list! Learn what to do before, during and after your next interview… https://t.co/kUpp3evm2Q",Negative,82.7181,general,general,,Twitter
Dallas14,Authorized,32.853358,-96.817694,5567 W Lovers Ln,75209,Thu Oct 27 19:26:56 +0000 2016,RT @ATT: Welcome to the team! @taylorswift13 https://t.co/4h86nLYuLo https://t.co/gAHOi7fPrZ,Positive,84.3125,general,general,,Twitter
Dallas14,Authorized,32.853358,-96.817694,5567 W Lovers Ln,75209,Thu Oct 27 19:19:15 +0000 2016,"Sorry, #ATT, FCC ruling may put an end to creepy, targeted advertising plans https://t.co/pz8mmbULB9 #DFW #Tech",Negative,80.5907,general,general,,Twitter
Dallas14,Authorized,32.853358,-96.817694,5567 W Lovers Ln,75209,Thu Oct 27 19:17:20 +0000 2016,Here's a look at the regulatory hoops AT&amp;T must jump through for Time Warner merger: https://t.co/gQfcaumX2C by @MariaHalkias,Neutral,56.8373,general,general,,Twitter
Dallas14,Authorized,32.853358,-96.817694,5567 W Lovers Ln,75209,Thu Oct 27 19:16:05 +0000 2016,RT @alyssavargas11: Life at Att #SmallBizFam #centralcrush #ntxstampede #heebyjeebyjiveon5 https://t.co/qQXEUr70Qr,Positive,87.2559,general,general,,Twitter
Dallas14,Authorized,32.853358,-96.817694,5567 W Lovers Ln,75209,Thu Oct 27 19:14:43 +0000 2016,RT @ATT: The #futureofvideo is mobile and the #futureofmobile is video. Time Warner + AT&amp;T make it happen! @twxcorp https://t.co/GKx4U9TQYg,Neutral,56.0321,general,general,,Twitter
Dallas14,Authorized,32.853358,-96.817694,5567 W Lovers Ln,75209,Thu Oct 27 19:12:50 +0000 2016,RT @ATT: Get a sweet deal on the new iPhone 7 when you switch to AT&amp;T and have DIRECTV. https://t.co/JO08KrMKj7 https://t.co/tAcB2wPVFO,Positive,98.0584,directv,general,,Twitter
Dallas14,Authorized,32.853358,-96.817694,5567 W Lovers Ln,75209,Thu Oct 27 19:12:08 +0000 2016,AT&amp;T-Time Warner Deal Is a Shot in the Dark https://t.co/kV8egT6ybJ https://t.co/ViuvHENpIx,Positive,88.9012,general,general,,Twitter
Dallas14,Authorized,32.853358,-96.817694,5567 W Lovers Ln,75209,Thu Oct 27 19:09:32 +0000 2016,DallasBizNews: RT DBJShinneman: Analysts saying margins could be as thin as $1 or $2 for DirecTV Now https://t.co/PBv9DIxrgU DallasBizNews…,Negative,87.1578,directv,general,,Twitter
Dallas14,Authorized,32.853358,-96.817694,5567 W Lovers Ln,75209,Thu Oct 27 19:05:47 +0000 2016,RT @ATT: Get a sweet deal on the new iPhone 7 when you switch to AT&amp;T and have DIRECTV. https://t.co/JO08KrMKj7 https://t.co/tAcB2wPVFO,Positive,98.0584,directv,general,,Twitter
Dallas14,Authorized,32.853358,-96.817694,5567 W Lovers Ln,75209,Thu Oct 27 19:05:43 +0000 2016,RT @DBJShinneman: Analysts saying margins could be as thin as $1 or $2 for DirecTV Now https://t.co/HdOEEzVjgp @DallasBizNews $T,Negative,87.1578,directv,general,,Twitter
Dallas14,Authorized,32.853358,-96.817694,5567 W Lovers Ln,75209,Thu Oct 27 19:05:09 +0000 2016,RT @ATT: Get a sweet deal on the new iPhone 7 when you switch to AT&amp;T and have DIRECTV. https://t.co/JO08KrMKj7 https://t.co/tAcB2wPVFO,Positive,98.0584,directv,general,,Twitter
Dallas14,Authorized,32.853358,-96.817694,5567 W Lovers Ln,75209,Thu Oct 27 19:00:01 +0000 2016,The Short clan is back + better than ever. Don't miss the @LifeInPiecesCBS premiere tonight at 8:30/7:30c. https://t.co/BC0l0KPTu9,Positive,97.9292,general,general,,Twitter
Dallas14,Authorized,32.853358,-96.817694,5567 W Lovers Ln,75209,Thu Oct 27 18:56:39 +0000 2016,RT @ConnectToGood: AT&amp;T is Committed to Inclusion in Disability Employment: https://t.co/Q37wwjLHxb via @chooseworkSSA #ATTimpact #NDEAM,Neutral,50.0000,general,general,,Twitter
Dallas14,Authorized,32.853358,-96.817694,5567 W Lovers Ln,75209,Thu Oct 27 18:55:02 +0000 2016,Analysts saying margins could be as thin as $1 or $2 for DirecTV Now https://t.co/HdOEEzVjgp @DallasBizNews $T,Negative,87.1578,directv,general,,Twitter
Dallas14,Authorized,32.853358,-96.817694,5567 W Lovers Ln,75209,Thu Oct 27 18:50:44 +0000 2016,RT @ConnectToGood: AT&amp;T is Committed to Inclusion in Disability Employment: https://t.co/Q37wwjLHxb via @chooseworkSSA #ATTimpact #NDEAM,Neutral,50.0000,general,general,,Twitter
Dallas14,Authorized,32.853358,-96.817694,5567 W Lovers Ln,75209,Thu Oct 27 18:50:17 +0000 2016,AT&amp;T is Committed to Inclusion in Disability Employment: https://t.co/Q37wwjLHxb via @chooseworkSSA #ATTimpact #NDEAM,Neutral,50.0000,general,general,,Twitter
Dallas14,Authorized,32.853358,-96.817694,5567 W Lovers Ln,75209,Thu Oct 27 18:21:27 +0000 2016,@ShawnAnderson02 @arstechnica check your date! This story pubbed on 10/24 but today's Ars Technica says otherwise. #FCC #ATT #timewarner,Positive,70.9528,general,general,,Twitter
Dallas14,Authorized,32.853358,-96.817694,5567 W Lovers Ln,75209,Thu Oct 27 17:54:34 +0000 2016,Life at Att #SmallBizFam #centralcrush #ntxstampede #heebyjeebyjiveon5 https://t.co/qQXEUr70Qr,Positive,87.2559,general,general,,Twitter
Dallas14,Authorized,32.853358,-96.817694,5567 W Lovers Ln,75209,Thu Oct 27 17:42:25 +0000 2016,"@Lynna_Lai We'd love to have you join the AT&amp;T family, Lynna! DM us and we can get you set up.",Positive,89.5410,general,general,,Twitter
Dallas14,Authorized,32.853358,-96.817694,5567 W Lovers Ln,75209,Thu Oct 27 17:40:30 +0000 2016,New devices &amp; solutions - widespread collaboration &amp; mobility through the cloud  https://t.co/nrmXqjKfQV #mobile #attemployee,Positive,83.8655,general,general,,Twitter
Dallas14,Authorized,32.853358,-96.817694,5567 W Lovers Ln,75209,Thu Oct 27 17:40:24 +0000 2016,"Q. If we knew about #ATT's #Hemisphere in 2013, why is @kennethlipp's 10/25/2016 story a big deal? A. New docs re:… https://t.co/3vt9gZItpw",Neutral,57.1107,general,general,,Twitter
Dallas14,Authorized,32.853358,-96.817694,5567 W Lovers Ln,75209,Thu Oct 27 17:31:26 +0000 2016,"RT @DBJHoopfer: Sneak peek of the brand new Trinity Forest Golf Club, future host of AT&amp;T Byron Nelson (Video) https://t.co/slwxhkjktv via…",Positive,73.7262,general,general,,Twitter
Dallas14,Authorized,32.853358,-96.817694,5567 W Lovers Ln,75209,Thu Oct 27 17:28:00 +0000 2016,"RT @golfjeanne: https://t.co/1PXxDok9kK

Good news is coming from every direction this fall!  #trinityforest",Neutral,50.5934,general,general,,Twitter
Dallas14,Authorized,32.853358,-96.817694,5567 W Lovers Ln,75209,Thu Oct 27 17:26:10 +0000 2016,"https://t.co/1PXxDok9kK

Good news is coming from every direction this fall!  #trinityforest",Neutral,50.5934,general,general,,Twitter
Dallas14,Authorized,32.853358,-96.817694,5567 W Lovers Ln,75209,Thu Oct 27 17:03:51 +0000 2016,Tech allows mentors to have an impact on a student's life no matter where they are https://t.co/CL4JG7kxGE via… https://t.co/lPojXXpe0k,Positive,98.5497,general,general,,Twitter
Dallas14,Authorized,32.853358,-96.817694,5567 W Lovers Ln,75209,Thu Oct 27 16:56:23 +0000 2016,RT @ATT: Get a sweet deal on the new iPhone 7 when you switch to AT&amp;T and have DIRECTV. https://t.co/JO08KrMKj7 https://t.co/tAcB2wPVFO,Positive,98.0584,directv,general,,Twitter
Dallas14,Authorized,32.853358,-96.817694,5567 W Lovers Ln,75209,Thu Oct 27 16:39:53 +0000 2016,"""The #FCC approved new #privacy rules Thurs that may be bad news for #ATT..."" #TimeWarner #Hemisphere #bitcoin #data https://t.co/ZrbaP3Zcrf",Negative,70.2651,general,general,,Twitter
Dallas14,Authorized,32.853358,-96.817694,5567 W Lovers Ln,75209,Thu Oct 27 16:39:07 +0000 2016,@__Eddie7 That's what we're here for! ✊,Negative,69.3905,general,general,,Twitter
Dallas14,Authorized,32.853358,-96.817694,5567 W Lovers Ln,75209,Thu Oct 27 16:32:49 +0000 2016,"RT @DecksInThePark: Get to Klyde Warren Park tonight for the Decks in the Park - Halloween Edition, Powered by @ATT The fun all starts at 6…",Positive,68.0353,general,general,,Twitter
Dallas14,Authorized,32.853358,-96.817694,5567 W Lovers Ln,75209,Thu Oct 27 16:26:17 +0000 2016,RT @ATT: Welcome to the team! @taylorswift13 https://t.co/4h86nLYuLo https://t.co/gAHOi7fPrZ,Positive,84.3125,general,general,,Twitter
Dallas14,Authorized,32.853358,-96.817694,5567 W Lovers Ln,75209,Thu Oct 27 16:14:56 +0000 2016,@MurphysLawX @DecksInThePark @ATT you got a costume?,Neutral,55.4913,general,general,,Twitter
Dallas14,Authorized,32.853358,-96.817694,5567 W Lovers Ln,75209,Thu Oct 27 16:08:59 +0000 2016,@xxYannaKixx That's not what we like to hear! Please DM us your account information so we can look into this for you.,Negative,63.0620,general,general,,Twitter
Dallas14,Authorized,32.853358,-96.817694,5567 W Lovers Ln,75209,Thu Oct 27 16:00:04 +0000 2016,We have a long history of #WomeninSTEM dating back to 1918! Stop by booth 1447 &amp; see what we offer today:… https://t.co/X2iQFIa9zP,Neutral,62.0067,general,general,,Twitter
Dallas14,Authorized,32.853358,-96.817694,5567 W Lovers Ln,75209,Thu Oct 27 16:00:03 +0000 2016,So much 💗 for Leonard + Penny. Who's watching @BigBangTheory tonight on @CBS? https://t.co/ilzdUCaN9N,Neutral,61.9162,general,general,,Twitter
Dallas14,Authorized,32.853358,-96.817694,5567 W Lovers Ln,75209,Thu Oct 27 15:43:51 +0000 2016,"RT @DecksInThePark: Get to Klyde Warren Park tonight for the Decks in the Park - Halloween Edition, Powered by @ATT The fun all starts at 6…",Positive,68.0353,general,general,,Twitter
Dallas14,Authorized,32.853358,-96.817694,5567 W Lovers Ln,75209,Thu Oct 27 15:38:56 +0000 2016,RT @ATT: Get a sweet deal on the new iPhone 7 when you switch to AT&amp;T and have DIRECTV. https://t.co/JO08KrMKj7 https://t.co/tAcB2wPVFO,Positive,98.0584,directv,general,,Twitter
Dallas14,Authorized,32.853358,-96.817694,5567 W Lovers Ln,75209,Thu Oct 27 15:30:05 +0000 2016,"Get to Klyde Warren Park tonight for the Decks in the Park - Halloween Edition, Powered by @ATT The fun all starts… https://t.co/k2Ahrdrs6R",Positive,72.9412,general,general,,Twitter
Dallas14,Authorized,32.853358,-96.817694,5567 W Lovers Ln,75209,Thu Oct 27 15:25:02 +0000 2016,RT @ATT: Welcome to the team! @taylorswift13 https://t.co/4h86nLYuLo https://t.co/gAHOi7fPrZ,Positive,84.3125,general,general,,Twitter
Dallas14,Authorized,32.853358,-96.817694,5567 W Lovers Ln,75209,Thu Oct 27 15:13:02 +0000 2016,"RT @DBJHoopfer: Sneak peek of the brand new Trinity Forest Golf Club, future host of AT&amp;T Byron Nelson (Video) https://t.co/slwxhkjktv via…",Positive,73.7262,general,general,,Twitter
Dallas14,Authorized,32.853358,-96.817694,5567 W Lovers Ln,75209,Thu Oct 27 15:12:48 +0000 2016,RT @attJOBS: We’re lucky to have a lot of #WomenWhoInspire us at AT&amp;T. Meet a few of them: https://t.co/8juFZJTY20 https://t.co/H6mCC5fGEj,Positive,86.9529,general,general,,Twitter
Dallas14,Authorized,32.853358,-96.817694,5567 W Lovers Ln,75209,Thu Oct 27 15:05:13 +0000 2016,"Sneak peek of the brand new Trinity Forest Golf Club, future host of AT&amp;T Byron Nelson (Video) https://t.co/slwxhkjktv via @DallasBizNews",Positive,73.7262,general,general,,Twitter
Dallas14,Authorized,32.853358,-96.817694,5567 W Lovers Ln,75209,Thu Oct 27 15:03:43 +0000 2016,RT @attJOBS: We’re lucky to have a lot of #WomenWhoInspire us at AT&amp;T. Meet a few of them: https://t.co/8juFZJTY20 https://t.co/H6mCC5fGEj,Positive,86.9529,general,general,,Twitter
Dallas14,Authorized,32.853358,-96.817694,5567 W Lovers Ln,75209,Thu Oct 27 14:58:50 +0000 2016,RT @GeoffBlaine: Can't even get a gig out of @ATT GigaPower or 1000 or whatever they're calling it now. This dude's blazin'. https://t.co/I…,Negative,97.1080,general,general,,Twitter
Dallas14,Authorized,32.853358,-96.817694,5567 W Lovers Ln,75209,Thu Oct 27 14:57:31 +0000 2016,Can't even get a gig out of @ATT GigaPower or 1000 or whatever they're calling it now. This dude's blazin'. https://t.co/IYD4ftJHRU,Negative,97.1080,general,general,,Twitter
Dallas14,Authorized,32.853358,-96.817694,5567 W Lovers Ln,75209,Thu Oct 27 14:56:40 +0000 2016,"RT @SportsDayHS: Due to conflicts, no #txhsfb at AT&amp;T Stadium for the first 3 rounds 😭
…but now we have The Star.
Details: https://t.co/UxR…",Positive,78.7116,general,general,,Twitter
Dallas14,Authorized,32.853358,-96.817694,5567 W Lovers Ln,75209,Thu Oct 27 14:55:47 +0000 2016,RT @ATT: Get a sweet deal on the new iPhone 7 when you switch to AT&amp;T and have DIRECTV. https://t.co/JO08KrMKj7 https://t.co/tAcB2wPVFO,Positive,98.0584,directv,general,,Twitter
Dallas14,Authorized,32.853358,-96.817694,5567 W Lovers Ln,75209,Thu Oct 27 14:53:52 +0000 2016,RT @ATT: Welcome to the team! @taylorswift13 https://t.co/4h86nLYuLo https://t.co/gAHOi7fPrZ,Positive,84.3125,general,general,,Twitter
Dallas14,Authorized,32.853358,-96.817694,5567 W Lovers Ln,75209,Thu Oct 27 14:42:50 +0000 2016,Bernie Sanders Slams AT&amp;T-Time Warner Merger - https://t.co/c1aDa2EnA3 via https://t.co/IR4kIJPlnE,Neutral,62.0891,general,general,,Twitter
Dallas14,Authorized,32.853358,-96.817694,5567 W Lovers Ln,75209,Thu Oct 27 14:38:23 +0000 2016,If you like hackathons you're going to want to be at this one. Come create some cool IoT tech https://t.co/Mljinu77sQ,Negative,99.4581,general,general,,Twitter
Dallas14,Authorized,32.853358,-96.817694,5567 W Lovers Ln,75209,Thu Oct 27 14:36:12 +0000 2016,RT @attJOBS: We’re lucky to have a lot of #WomenWhoInspire us at AT&amp;T. Meet a few of them: https://t.co/8juFZJTY20 https://t.co/H6mCC5fGEj,Positive,86.9529,general,general,,Twitter
Dallas14,Authorized,32.853358,-96.817694,5567 W Lovers Ln,75209,Thu Oct 27 14:24:32 +0000 2016,RT @jwgreer3: Asking for a friend: the Unfulfilled Promise of an Internet Provider have you Searching? https://t.co/9JoOKfAUBu,Negative,67.3777,general,general,,Twitter
Dallas14,Authorized,32.853358,-96.817694,5567 W Lovers Ln,75209,Thu Oct 27 14:23:07 +0000 2016,Asking for a friend: the Unfulfilled Promise of an Internet Provider have you Searching? https://t.co/9JoOKfAUBu,Negative,67.3777,general,general,,Twitter
Dallas14,Authorized,32.853358,-96.817694,5567 W Lovers Ln,75209,Thu Oct 27 14:05:48 +0000 2016,Sign the petition: Tell @TheJusticeDept to stop the @ATT-@TWXCorp merger https://t.co/hyI3LL7oR6 via @CREDOMobile #p2,Negative,74.5984,general,general,,Twitter
Dallas14,Authorized,32.853358,-96.817694,5567 W Lovers Ln,75209,Thu Oct 27 14:04:52 +0000 2016,@ifoundtaylor13 We’ll be giving tickets to Taylor fans including AT&amp;T customers and special guests.  We’ll share ticketing details later!,Positive,90.5922,general,general,,Twitter
Dallas14,Authorized,32.853358,-96.817694,5567 W Lovers Ln,75209,Thu Oct 27 14:03:03 +0000 2016,"@Megan_Rage Don't be mad at us, Megan! Can you follow and DM us with your account info? We're here to help!",Neutral,58.1676,general,general,,Twitter
Dallas14,Authorized,32.853358,-96.817694,5567 W Lovers Ln,75209,Thu Oct 27 14:00:43 +0000 2016,"When They Destroy, We Deploy: NDR 2016 by the Numbers https://t.co/D2hxNrcGCV #attemployee https://t.co/CsyQAyHcwx",Negative,80.2040,general,general,,Twitter
Dallas14,Authorized,32.853358,-96.817694,5567 W Lovers Ln,75209,Thu Oct 27 10:59:54 +0000 2016,RT @ATT: Get a sweet deal on the new iPhone 7 when you switch to AT&amp;T and have DIRECTV. https://t.co/JO08KrMKj7 https://t.co/tAcB2wPVFO,Positive,98.0584,directv,general,,Twitter
Dallas14,Authorized,32.853358,-96.817694,5567 W Lovers Ln,75209,Thu Oct 27 10:17:18 +0000 2016,RT @ATT: Welcome to the team! @taylorswift13 https://t.co/4h86nLYuLo https://t.co/gAHOi7fPrZ,Positive,84.3125,general,general,,Twitter
Dallas14,Authorized,32.853358,-96.817694,5567 W Lovers Ln,75209,Thu Oct 27 09:47:19 +0000 2016,@TheOrangeCone @DIRECTV notice how others answered but @directtv didnt? Customer service yay!,Neutral,55.8984,directv,general,,Twitter
Dallas14,Authorized,32.853358,-96.817694,5567 W Lovers Ln,75209,Thu Oct 27 09:34:21 +0000 2016,RT @ATT: Get a sweet deal on the new iPhone 7 when you switch to AT&amp;T and have DIRECTV. https://t.co/JO08KrMKj7 https://t.co/tAcB2wPVFO,Positive,98.0584,directv,general,,Twitter
Dallas14,Authorized,32.853358,-96.817694,5567 W Lovers Ln,75209,Thu Oct 27 09:29:23 +0000 2016,RT @ATT: Who made you a college 🏈 fan? Share with #MadeMeAFanContest for a chance to win. Rules https://t.co/hU3I3wFn5V https://t.co/seJBJK…,Positive,88.9294,general,general,,Twitter
Dallas14,Authorized,32.853358,-96.817694,5567 W Lovers Ln,75209,Thu Oct 27 08:44:38 +0000 2016,RT @ATT: Welcome to the team! @taylorswift13 https://t.co/4h86nLYuLo https://t.co/gAHOi7fPrZ,Positive,84.3125,general,general,,Twitter
Dallas14,Authorized,32.853358,-96.817694,5567 W Lovers Ln,75209,Thu Oct 27 08:23:01 +0000 2016,RT @ATT: Welcome to the team! @taylorswift13 https://t.co/4h86nLYuLo https://t.co/gAHOi7fPrZ,Positive,84.3125,general,general,,Twitter
Dallas14,Authorized,32.853358,-96.817694,5567 W Lovers Ln,75209,Thu Oct 27 08:19:50 +0000 2016,RT @ATT: Welcome to the team! @taylorswift13 https://t.co/4h86nLYuLo https://t.co/gAHOi7fPrZ,Positive,84.3125,general,general,,Twitter
Dallas14,Authorized,32.853358,-96.817694,5567 W Lovers Ln,75209,Thu Oct 27 08:19:29 +0000 2016,RT @ATT: Get a sweet deal on the new iPhone 7 when you switch to AT&amp;T and have DIRECTV. https://t.co/JO08KrMKj7 https://t.co/tAcB2wPVFO,Positive,98.0584,directv,general,,Twitter
Dallas14,Authorized,32.853358,-96.817694,5567 W Lovers Ln,75209,Thu Oct 27 07:50:24 +0000 2016,RT @ATT: Welcome to the team! @taylorswift13 https://t.co/4h86nLYuLo https://t.co/gAHOi7fPrZ,Positive,84.3125,general,general,,Twitter
Dallas14,Authorized,32.853358,-96.817694,5567 W Lovers Ln,75209,Thu Oct 27 07:45:54 +0000 2016,RT @ATT: Another reason to smile for the camera. The #LGV20 from @LGUSAMobile will be available in stores starting today. https://t.co/TILu…,Positive,86.0616,general,general,,Twitter
Dallas14,Authorized,32.853358,-96.817694,5567 W Lovers Ln,75209,Thu Oct 27 05:57:00 +0000 2016,RT @ATT: Welcome to the team! @taylorswift13 https://t.co/4h86nLYuLo https://t.co/gAHOi7fPrZ,Positive,84.3125,general,general,,Twitter
Dallas14,Authorized,32.853358,-96.817694,5567 W Lovers Ln,75209,Thu Oct 27 04:52:50 +0000 2016,RT @ATT: Welcome to the team! @taylorswift13 https://t.co/4h86nLYuLo https://t.co/gAHOi7fPrZ,Positive,84.3125,general,general,,Twitter
Dallas14,Authorized,32.853358,-96.817694,5567 W Lovers Ln,75209,Thu Oct 27 04:49:11 +0000 2016,RT @ATT: Welcome to the team! @taylorswift13 https://t.co/4h86nLYuLo https://t.co/gAHOi7fPrZ,Positive,84.3125,general,general,,Twitter
Dallas14,Authorized,32.853358,-96.817694,5567 W Lovers Ln,75209,Thu Oct 27 04:40:52 +0000 2016,RT @ATT: Welcome to the team! @taylorswift13 https://t.co/4h86nLYuLo https://t.co/gAHOi7fPrZ,Positive,84.3125,general,general,,Twitter
Dallas14,Authorized,32.853358,-96.817694,5567 W Lovers Ln,75209,Thu Oct 27 04:39:16 +0000 2016,RT @ATT: Welcome to the team! @taylorswift13 https://t.co/4h86nLYuLo https://t.co/gAHOi7fPrZ,Positive,84.3125,general,general,,Twitter
Dallas14,Authorized,32.853358,-96.817694,5567 W Lovers Ln,75209,Thu Oct 27 04:31:21 +0000 2016,RT @ATT: Welcome to the team! @taylorswift13 https://t.co/4h86nLYuLo https://t.co/gAHOi7fPrZ,Positive,84.3125,general,general,,Twitter
Dallas14,Authorized,32.853358,-96.817694,5567 W Lovers Ln,75209,Thu Oct 27 04:31:05 +0000 2016,@AroundTI accepts @ATT's challenge. Unite For Change. STEM in the Schoolyard. #OneUpThat? There is only one way. https://t.co/VJGVno1eoK,Negative,70.9420,general,general,,Twitter
Dallas14,Authorized,32.853358,-96.817694,5567 W Lovers Ln,75209,Thu Oct 27 04:14:26 +0000 2016,RT @ATT: Welcome to the team! @taylorswift13 https://t.co/4h86nLYuLo https://t.co/gAHOi7fPrZ,Positive,84.3125,general,general,,Twitter
Dallas14,Authorized,32.853358,-96.817694,5567 W Lovers Ln,75209,Thu Oct 27 03:34:38 +0000 2016,RT @1845realty: Since when do you merge two accounts @ATT and expect your consumers to be strong armed into your methods??? #attsucks #terr…,Negative,79.4791,general,general,,Twitter
Dallas14,Authorized,32.853358,-96.817694,5567 W Lovers Ln,75209,Thu Oct 27 03:29:28 +0000 2016,"RT @SVotta88: Hey @ATT appreciate being on hold for 39 minutes now waiting to talk about my ""rewards"" I am supposed to get.",Neutral,57.4925,general,general,,Twitter
Dallas14,Authorized,32.853358,-96.817694,5567 W Lovers Ln,75209,Thu Oct 27 03:29:02 +0000 2016,RT @ATT: Get a sweet deal on the new iPhone 7 when you switch to AT&amp;T and have DIRECTV. https://t.co/JO08KrMKj7 https://t.co/tAcB2wPVFO,Positive,98.0584,directv,general,,Twitter
Dallas14,Authorized,32.853358,-96.817694,5567 W Lovers Ln,75209,Thu Oct 27 03:12:34 +0000 2016,RT @ohxnelli: Now I understand why people say @ATT has terrible customer service. Smdh.,Negative,96.5694,general,general,,Twitter
Dallas14,Authorized,32.853358,-96.817694,5567 W Lovers Ln,75209,Thu Oct 27 02:14:58 +0000 2016,@ATTCares Any idea how long? Have to go outside to use the phones. Ridiculous. Been like that for days.,Negative,97.5550,general,general,,Twitter
Dallas14,Authorized,32.853358,-96.817694,5567 W Lovers Ln,75209,Thu Oct 27 02:09:56 +0000 2016,"RT @ATT: @Fixxxer92 Thanks for bringing something this serious to our attention, Richard. We are investigating this and will take appropria…",Positive,80.7200,general,general,,Twitter
Dallas14,Authorized,32.853358,-96.817694,5567 W Lovers Ln,75209,Thu Oct 27 01:33:23 +0000 2016,RT @ATT: Get a sweet deal on the new iPhone 7 when you switch to AT&amp;T and have DIRECTV. https://t.co/JO08KrMKj7 https://t.co/tAcB2wPVFO,Positive,98.0584,directv,general,,Twitter
Dallas14,Authorized,32.853358,-96.817694,5567 W Lovers Ln,75209,Thu Oct 27 01:25:40 +0000 2016,"RT @ATT: @OmarCorrea Rock star speeds just for you, Omar! 👍 https://t.co/u1hBT5Wj7Z",Negative,64.0341,general,general,,Twitter
Dallas14,Authorized,32.853358,-96.817694,5567 W Lovers Ln,75209,Thu Oct 27 01:14:15 +0000 2016,RT @ATT: Welcome to the team! @taylorswift13 https://t.co/4h86nLYuLo https://t.co/gAHOi7fPrZ,Positive,84.3125,general,general,,Twitter
Dallas14,Authorized,32.853358,-96.817694,5567 W Lovers Ln,75209,Thu Oct 27 01:12:29 +0000 2016,RT @ATT: Welcome to the team! @taylorswift13 https://t.co/4h86nLYuLo https://t.co/gAHOi7fPrZ,Positive,84.3125,general,general,,Twitter
Dallas14,Authorized,32.853358,-96.817694,5567 W Lovers Ln,75209,Thu Oct 27 01:10:40 +0000 2016,RT @ATT: Welcome to the team! @taylorswift13 https://t.co/4h86nLYuLo https://t.co/gAHOi7fPrZ,Positive,84.3125,general,general,,Twitter
Dallas14,Authorized,32.853358,-96.817694,5567 W Lovers Ln,75209,Thu Oct 27 00:47:36 +0000 2016,@ATT @DIRECTV shame on you for costing me money due to mistakes made by your agents! I need contact from management as I need some answers!!,Negative,99.6175,directv,general,,Twitter
Dallas14,Authorized,32.853358,-96.817694,5567 W Lovers Ln,75209,Thu Oct 27 00:40:01 +0000 2016,RT @ATT: Welcome to the team! @taylorswift13 https://t.co/4h86nLYuLo https://t.co/gAHOi7fPrZ,Positive,84.3125,general,general,,Twitter
Dallas14,Authorized,32.853358,-96.817694,5567 W Lovers Ln,75209,Thu Oct 27 00:22:07 +0000 2016,RT @ATT: Who made you a college 🏈 fan? Share with #MadeMeAFanContest for a chance to win. Rules https://t.co/hU3I3wFn5V https://t.co/seJBJK…,Positive,88.9294,general,general,,Twitter
Dallas14,Authorized,32.853358,-96.817694,5567 W Lovers Ln,75209,Thu Oct 27 00:16:50 +0000 2016,RT @ATT: Who made you a college 🏈 fan? Share with #MadeMeAFanContest for a chance to win. Rules https://t.co/hU3I3wFn5V https://t.co/seJBJK…,Positive,88.9294,general,general,,Twitter
Dallas14,Authorized,32.853358,-96.817694,5567 W Lovers Ln,75209,Thu Oct 27 00:11:18 +0000 2016,RT @ATT: Welcome to the team! @taylorswift13 https://t.co/4h86nLYuLo https://t.co/gAHOi7fPrZ,Positive,84.3125,general,general,,Twitter
Dallas14,Authorized,32.853358,-96.817694,5567 W Lovers Ln,75209,Wed Oct 26 23:49:18 +0000 2016,RT @ATT: Welcome to the team! @taylorswift13 https://t.co/4h86nLYuLo https://t.co/gAHOi7fPrZ,Positive,84.3125,general,general,,Twitter
Dallas14,Authorized,32.853358,-96.817694,5567 W Lovers Ln,75209,Wed Oct 26 23:47:59 +0000 2016,RT @JTeespeak: So great hangin w/ @GavinDeGraw thx to @DFWAcuraDealers @McDonalds &amp; @ATT  @JackFMDFW @MoreHits1037 https://t.co/V4rDDvLfkB,Positive,78.6970,general,general,,Twitter
Dallas14,Authorized,32.853358,-96.817694,5567 W Lovers Ln,75209,Wed Oct 26 23:31:00 +0000 2016,RT @ATT: Welcome to the team! @taylorswift13 https://t.co/4h86nLYuLo https://t.co/gAHOi7fPrZ,Positive,84.3125,general,general,,Twitter
Dallas14,Authorized,32.853358,-96.817694,5567 W Lovers Ln,75209,Wed Oct 26 23:24:55 +0000 2016,RT @Mike_Rawlings: This is a day of celebration. Special thanks to @PGATOUR and @ATT for helping bring @attbyronnelson to Dallas. https://t…,Positive,98.3168,general,general,,Twitter
Dallas14,Authorized,32.853358,-96.817694,5567 W Lovers Ln,75209,Wed Oct 26 23:09:17 +0000 2016,RT @ATT: Welcome to the team! @taylorswift13 https://t.co/4h86nLYuLo https://t.co/gAHOi7fPrZ,Positive,84.3125,general,general,,Twitter
Dallas14,Authorized,32.853358,-96.817694,5567 W Lovers Ln,75209,Wed Oct 26 22:57:11 +0000 2016,RT @ATT: Welcome to the team! @taylorswift13 https://t.co/4h86nLYuLo https://t.co/gAHOi7fPrZ,Positive,84.3125,general,general,,Twitter
Dallas14,Authorized,32.853358,-96.817694,5567 W Lovers Ln,75209,Wed Oct 26 22:50:47 +0000 2016,RT @ATT: Who made you a college 🏈 fan? Share with #MadeMeAFanContest for a chance to win. Rules https://t.co/hU3I3wFn5V https://t.co/seJBJK…,Positive,88.9294,general,general,,Twitter
Dallas14,Authorized,32.853358,-96.817694,5567 W Lovers Ln,75209,Wed Oct 26 22:50:11 +0000 2016,RT @ATT: Get a sweet deal on the new iPhone 7 when you switch to AT&amp;T and have DIRECTV. https://t.co/JO08KrMKj7 https://t.co/tAcB2wPVFO,Positive,98.0584,directv,general,,Twitter
Dallas14,Authorized,32.853358,-96.817694,5567 W Lovers Ln,75209,Wed Oct 26 22:48:38 +0000 2016,RT @ATT: Welcome to the team! @taylorswift13 https://t.co/4h86nLYuLo https://t.co/gAHOi7fPrZ,Positive,84.3125,general,general,,Twitter
Dallas14,Authorized,32.853358,-96.817694,5567 W Lovers Ln,75209,Wed Oct 26 22:41:00 +0000 2016,PETITION: Stop the @ATT-@twxcorp takeover! https://t.co/t0o2boGyxE via @demandprogress #NoMoreMergers,Neutral,60.3881,general,general,,Twitter
Dallas14,Authorized,32.853358,-96.817694,5567 W Lovers Ln,75209,Wed Oct 26 22:35:32 +0000 2016,RT @ATT: Get a sweet deal on the new iPhone 7 when you switch to AT&amp;T and have DIRECTV. https://t.co/JO08KrMKj7 https://t.co/tAcB2wPVFO,Positive,98.0584,directv,general,,Twitter
Dallas14,Authorized,32.853358,-96.817694,5567 W Lovers Ln,75209,Wed Oct 26 22:32:54 +0000 2016,PETITION: Stop the @ATT-@twxcorp merger! https://t.co/SygwvpZCf1 via @demandprogress #NoMoreMergers,Neutral,60.3881,general,general,,Twitter
Dallas14,Authorized,32.853358,-96.817694,5567 W Lovers Ln,75209,Wed Oct 26 22:10:17 +0000 2016,RT @Uverse: Looking for a new trainer? Check out @JillianMichaels Fit Fusion TV: https://t.co/wHpiTE8VdG https://t.co/Os2SQH8UbG,Positive,84.1424,uverse,general,,Twitter
Dallas14,Authorized,32.853358,-96.817694,5567 W Lovers Ln,75209,Wed Oct 26 22:05:55 +0000 2016,"@ATT y'all sent me a new phone with a case and they're both broken, what the heck??!!???",Negative,85.9952,general,general,,Twitter
Dallas14,Authorized,32.853358,-96.817694,5567 W Lovers Ln,75209,Wed Oct 26 22:05:46 +0000 2016,RT @ATT: Get a sweet deal on the new iPhone 7 when you switch to AT&amp;T and have DIRECTV. https://t.co/JO08KrMKj7 https://t.co/tAcB2wPVFO,Positive,98.0584,directv,general,,Twitter
Dallas14,Authorized,32.853358,-96.817694,5567 W Lovers Ln,75209,Wed Oct 26 21:40:55 +0000 2016,@ATTCares i have a double bonded pair installed and not getting the service,Negative,64.2966,general,product installation,,Twitter
Dallas14,Authorized,32.853358,-96.817694,5567 W Lovers Ln,75209,Wed Oct 26 21:40:29 +0000 2016,@ATTCares ive been dealing with this issue for 3 months. Tech after tech no resolution,Neutral,52.8034,general,general,,Twitter
Dallas14,Authorized,32.853358,-96.817694,5567 W Lovers Ln,75209,Wed Oct 26 21:33:11 +0000 2016,RT @ATT: Get a sweet deal on the new iPhone 7 when you switch to AT&amp;T and have DIRECTV. https://t.co/JO08KrMKj7 https://t.co/tAcB2wPVFO,Positive,98.0584,directv,general,,Twitter
Dallas14,Authorized,32.853358,-96.817694,5567 W Lovers Ln,75209,Wed Oct 26 21:16:48 +0000 2016,RT @ATT: Welcome to the team! @taylorswift13 https://t.co/4h86nLYuLo https://t.co/gAHOi7fPrZ,Positive,84.3125,general,general,,Twitter
Dallas14,Authorized,32.853358,-96.817694,5567 W Lovers Ln,75209,Wed Oct 26 21:14:44 +0000 2016,RT @Uverse: Looking for a new trainer? Check out @JillianMichaels Fit Fusion TV: https://t.co/wHpiTE8VdG https://t.co/Os2SQH8UbG,Positive,84.1424,uverse,general,,Twitter
Dallas14,Authorized,32.853358,-96.817694,5567 W Lovers Ln,75209,Wed Oct 26 21:00:59 +0000 2016,RT @ATT: Get a sweet deal on the new iPhone 7 when you switch to AT&amp;T and have DIRECTV. https://t.co/JO08KrMKj7 https://t.co/tAcB2wPVFO,Positive,98.0584,directv,general,,Twitter
Dallas14,Authorized,32.853358,-96.817694,5567 W Lovers Ln,75209,Wed Oct 26 20:50:42 +0000 2016,"@ATTCares I spent 2 hours on phone with customer service. was escalated, just for them to tell me they can only reverse $300..",Negative,99.7066,general,general,,Twitter
Dallas14,Authorized,32.853358,-96.817694,5567 W Lovers Ln,75209,Wed Oct 26 20:44:13 +0000 2016,RT @Uverse: Looking for a new trainer? Check out @JillianMichaels Fit Fusion TV: https://t.co/wHpiTE8VdG https://t.co/Os2SQH8UbG,Positive,84.1424,uverse,general,,Twitter
Dallas14,Authorized,32.853358,-96.817694,5567 W Lovers Ln,75209,Wed Oct 26 20:39:14 +0000 2016,RT @ATT: Get a sweet deal on the new iPhone 7 when you switch to AT&amp;T and have DIRECTV. https://t.co/JO08KrMKj7 https://t.co/tAcB2wPVFO,Positive,98.0584,directv,general,,Twitter
Dallas14,Authorized,32.853358,-96.817694,5567 W Lovers Ln,75209,Wed Oct 26 20:36:25 +0000 2016,@ATTCares yes there is. It doesn't work for me. Eventually found a way hidden deep in the bowels of the website.,Negative,99.1627,general,general,,Twitter
Dallas14,Authorized,32.853358,-96.817694,5567 W Lovers Ln,75209,Wed Oct 26 20:28:06 +0000 2016,RT @ATT: Welcome to the team! @taylorswift13 https://t.co/4h86nLYuLo https://t.co/gAHOi7fPrZ,Positive,84.3125,general,general,,Twitter
Dallas14,Authorized,32.853358,-96.817694,5567 W Lovers Ln,75209,Wed Oct 26 20:25:13 +0000 2016,RT @ATT: Who made you a college 🏈 fan? Share with #MadeMeAFanContest for a chance to win. Rules https://t.co/hU3I3wFn5V https://t.co/seJBJK…,Positive,88.9294,general,general,,Twitter
Dallas14,Authorized,32.853358,-96.817694,5567 W Lovers Ln,75209,Wed Oct 26 20:20:46 +0000 2016,Watch #Periscope: @Uverse is getting on my nerves paying for 24mb and this is what i get. @verizonfios help please https://t.co/UwT1v02RDl,Negative,69.6186,uverse,general,,Twitter
Dallas14,Authorized,32.853358,-96.817694,5567 W Lovers Ln,75209,Wed Oct 26 20:20:44 +0000 2016,"@Snowden I guess @ATT  can do this in the interest of public safety.In a perfect world, ppl can worry less.hope ppl don't wrong n cops gud.",Positive,95.3650,general,general,,Twitter
Dallas14,Authorized,32.853358,-96.817694,5567 W Lovers Ln,75209,Wed Oct 26 20:20:26 +0000 2016,RT @Mike_Rawlings: This is a day of celebration. Special thanks to @PGATOUR and @ATT for helping bring @attbyronnelson to Dallas. https://t…,Positive,98.3168,general,general,,Twitter
Dallas14,Authorized,32.853358,-96.817694,5567 W Lovers Ln,75209,Wed Oct 26 20:19:21 +0000 2016,LIVE on #Periscope: @Uverse is getting on my nerves paying for 24mbps and this is what i get. @verizonfios help ple… https://t.co/Tj3BwSUQe7,Neutral,54.9521,uverse,general,,Twitter
Dallas14,Authorized,32.853358,-96.817694,5567 W Lovers Ln,75209,Wed Oct 26 20:18:44 +0000 2016,RT @tonyromo: I wanna thank @DIRECTV for allowing me to show off my true self.  ;)  embarrassing is an understatement http://t.co/F0NniFESlL,Negative,85.6134,directv,general,,Twitter
Dallas14,Authorized,32.853358,-96.817694,5567 W Lovers Ln,75209,Wed Oct 26 20:16:41 +0000 2016,Just got off the phone with an ATT rep @ATTCares more like #attdoesntcare about my service or desires to provide no service at all.,Negative,97.9514,general,general,,Twitter
Dallas14,Authorized,32.853358,-96.817694,5567 W Lovers Ln,75209,Wed Oct 26 20:04:34 +0000 2016,RT @Uverse: Looking for a new trainer? Check out @JillianMichaels Fit Fusion TV: https://t.co/wHpiTE8VdG https://t.co/Os2SQH8UbG,Positive,84.1424,uverse,general,,Twitter
Dallas14,Authorized,32.853358,-96.817694,5567 W Lovers Ln,75209,Wed Oct 26 19:57:33 +0000 2016,RT @Uverse: Looking for a new trainer? Check out @JillianMichaels Fit Fusion TV: https://t.co/wHpiTE8VdG https://t.co/Os2SQH8UbG,Positive,84.1424,uverse,general,,Twitter
Dallas14,Authorized,32.853358,-96.817694,5567 W Lovers Ln,75209,Wed Oct 26 19:57:32 +0000 2016,@jakepimental99 @YaShah97 @DevinRabeyHD @ATT We only have Band 4.,Negative,70.9602,general,general,,Twitter
Dallas14,Authorized,32.853358,-96.817694,5567 W Lovers Ln,75209,Wed Oct 26 19:56:06 +0000 2016,@jakepimental99 @YaShah97 @DevinRabeyHD @ATT We we're lucky to get one bar of 4G.,Positive,76.8807,general,general,,Twitter
Dallas14,Authorized,32.853358,-96.817694,5567 W Lovers Ln,75209,Wed Oct 26 19:55:49 +0000 2016,@YaShah97 @jakepimental99 @DevinRabeyHD @ATT Saw that lol,Neutral,53.1133,general,general,,Twitter
Dallas14,Authorized,32.853358,-96.817694,5567 W Lovers Ln,75209,Wed Oct 26 19:54:15 +0000 2016,@YaShah97 @jakepimental99 @DevinRabeyHD @ATT lol sprints average here is 3Mbps... https://t.co/1l1OMOM3F4,Neutral,56.2921,general,general,,Twitter
Dallas14,Authorized,32.853358,-96.817694,5567 W Lovers Ln,75209,Wed Oct 26 19:53:57 +0000 2016,RT @Uverse: Looking for a new trainer? Check out @JillianMichaels Fit Fusion TV: https://t.co/wHpiTE8VdG https://t.co/Os2SQH8UbG,Positive,84.1424,uverse,general,,Twitter
Dallas14,Authorized,32.853358,-96.817694,5567 W Lovers Ln,75209,Wed Oct 26 19:52:39 +0000 2016,@YaShah97 @DevinRabeyHD @jakepimental99 @ATT It all depends on what bandwidth channels are deployed on a tower.,Neutral,51.9144,general,general,,Twitter
Dallas14,Authorized,32.853358,-96.817694,5567 W Lovers Ln,75209,Wed Oct 26 19:51:02 +0000 2016,@YaShah97 @DevinRabeyHD @jakepimental99 @ATT Actually T-Mobile speeds are fantastic here. Coverage is what made me switch to AT&amp;T.,Positive,95.0247,general,general,,Twitter
Dallas14,Authorized,32.853358,-96.817694,5567 W Lovers Ln,75209,Wed Oct 26 19:48:48 +0000 2016,@DevinRabeyHD @YaShah97 @jakepimental99 @ATT here's AT&amp;T in the middle of nowhere... literally nowhere. https://t.co/a9WaCkfgki,Negative,93.1892,general,general,,Twitter
Dallas14,Authorized,32.853358,-96.817694,5567 W Lovers Ln,75209,Wed Oct 26 19:47:17 +0000 2016,RT @Uverse: Looking for a new trainer? Check out @JillianMichaels Fit Fusion TV: https://t.co/wHpiTE8VdG https://t.co/Os2SQH8UbG,Positive,84.1424,uverse,general,,Twitter
Dallas14,Authorized,32.853358,-96.817694,5567 W Lovers Ln,75209,Wed Oct 26 19:47:02 +0000 2016,RT @Uverse: Looking for a new trainer? Check out @JillianMichaels Fit Fusion TV: https://t.co/wHpiTE8VdG https://t.co/Os2SQH8UbG,Positive,84.1424,uverse,general,,Twitter
Dallas14,Authorized,32.853358,-96.817694,5567 W Lovers Ln,75209,Wed Oct 26 19:45:26 +0000 2016,RT @ATT: Get a sweet deal on the new iPhone 7 when you switch to AT&amp;T and have DIRECTV. https://t.co/JO08KrMKj7 https://t.co/tAcB2wPVFO,Positive,98.0584,directv,general,,Twitter
Dallas14,Authorized,32.853358,-96.817694,5567 W Lovers Ln,75209,Wed Oct 26 19:43:36 +0000 2016,RT @Uverse: Looking for a new trainer? Check out @JillianMichaels Fit Fusion TV: https://t.co/wHpiTE8VdG https://t.co/Os2SQH8UbG,Positive,84.1424,uverse,general,,Twitter
Dallas14,Authorized,32.853358,-96.817694,5567 W Lovers Ln,75209,Wed Oct 26 19:37:36 +0000 2016,RT @ATT: Get a sweet deal on the new iPhone 7 when you switch to AT&amp;T and have DIRECTV. https://t.co/JO08KrMKj7 https://t.co/tAcB2wPVFO,Positive,98.0584,directv,general,,Twitter
Dallas14,Authorized,32.853358,-96.817694,5567 W Lovers Ln,75209,Wed Oct 26 19:33:55 +0000 2016,RT @Uverse: Looking for a new trainer? Check out @JillianMichaels Fit Fusion TV: https://t.co/wHpiTE8VdG https://t.co/Os2SQH8UbG,Positive,84.1424,uverse,general,,Twitter
Dallas14,Authorized,32.853358,-96.817694,5567 W Lovers Ln,75209,Wed Oct 26 19:33:35 +0000 2016,Stay connected with an @att GoPhone and $45 refill card #giveaway from @cutenlittle!  #ATTGoPhone #ad https://t.co/DH7sS5lv4v,Neutral,57.7773,general,general,,Twitter
Dallas14,Authorized,32.853358,-96.817694,5567 W Lovers Ln,75209,Wed Oct 26 19:31:41 +0000 2016,RT @Uverse: Looking for a new trainer? Check out @JillianMichaels Fit Fusion TV: https://t.co/wHpiTE8VdG https://t.co/Os2SQH8UbG,Positive,84.1424,uverse,general,,Twitter
Dallas14,Authorized,32.853358,-96.817694,5567 W Lovers Ln,75209,Wed Oct 26 19:20:21 +0000 2016,RT @ATT: Get a sweet deal on the new iPhone 7 when you switch to AT&amp;T and have DIRECTV. https://t.co/JO08KrMKj7 https://t.co/tAcB2wPVFO,Positive,98.0584,directv,general,,Twitter
Dallas14,Authorized,32.853358,-96.817694,5567 W Lovers Ln,75209,Wed Oct 26 19:14:37 +0000 2016,"@ATT i've never asked for a single bill to be reversed. I will be cancelling my service, which you've ben making $2600/year off of me...",Negative,62.5958,general,general,,Twitter
Dallas14,Authorized,32.853358,-96.817694,5567 W Lovers Ln,75209,Wed Oct 26 19:11:07 +0000 2016,"Ive been a customer with @ATT for years, had same cell phone number since I was 12. I pay about $220/month on average every month..",Negative,85.1877,general,general,,Twitter
Dallas14,Authorized,32.853358,-96.817694,5567 W Lovers Ln,75209,Wed Oct 26 19:10:12 +0000 2016,@ATT charged me $844.06 for last month's cell phone bill. I've done nothing different as far as apps/data usage... Im switching to @verizon,Negative,92.5754,general,general,,Twitter
Dallas14,Authorized,32.853358,-96.817694,5567 W Lovers Ln,75209,Wed Oct 26 19:08:07 +0000 2016,@ATT no one wants to talk to a virtual customer service agent! I need humans to converse with!,Negative,74.4379,general,general,,Twitter
Dallas14,Authorized,32.853358,-96.817694,5567 W Lovers Ln,75209,Wed Oct 26 19:07:22 +0000 2016,RT @ATT: Welcome to the team! @taylorswift13 https://t.co/4h86nLYuLo https://t.co/gAHOi7fPrZ,Positive,84.3125,general,general,,Twitter
Dallas14,Authorized,32.853358,-96.817694,5567 W Lovers Ln,75209,Wed Oct 26 18:59:57 +0000 2016,RT @ATT: Get a sweet deal on the new iPhone 7 when you switch to AT&amp;T and have DIRECTV. https://t.co/JO08KrMKj7 https://t.co/tAcB2wPVFO,Positive,98.0584,directv,general,,Twitter
Dallas14,Authorized,32.853358,-96.817694,5567 W Lovers Ln,75209,Wed Oct 26 18:53:54 +0000 2016,RT @ATT: Welcome to the team! @taylorswift13 https://t.co/4h86nLYuLo https://t.co/gAHOi7fPrZ,Positive,84.3125,general,general,,Twitter
Dallas14,Authorized,32.853358,-96.817694,5567 W Lovers Ln,75209,Wed Oct 26 18:52:59 +0000 2016,RT @ATT: Get a sweet deal on the new iPhone 7 when you switch to AT&amp;T and have DIRECTV. https://t.co/JO08KrMKj7 https://t.co/tAcB2wPVFO,Positive,98.0584,directv,general,,Twitter
Dallas14,Authorized,32.853358,-96.817694,5567 W Lovers Ln,75209,Wed Oct 26 18:47:40 +0000 2016,RT @ATT: Get a sweet deal on the new iPhone 7 when you switch to AT&amp;T and have DIRECTV. https://t.co/JO08KrMKj7 https://t.co/tAcB2wPVFO,Positive,98.0584,directv,general,,Twitter
Dallas14,Authorized,32.853358,-96.817694,5567 W Lovers Ln,75209,Wed Oct 26 18:44:45 +0000 2016,RT @ATT: Welcome to the team! @taylorswift13 https://t.co/4h86nLYuLo https://t.co/gAHOi7fPrZ,Positive,84.3125,general,general,,Twitter
Dallas14,Authorized,32.853358,-96.817694,5567 W Lovers Ln,75209,Wed Oct 26 18:38:04 +0000 2016,RT @ATT: Who made you a college 🏈 fan? Share with #MadeMeAFanContest for a chance to win. Rules https://t.co/hU3I3wFn5V https://t.co/seJBJK…,Positive,88.9294,general,general,,Twitter
Dallas14,Authorized,32.853358,-96.817694,5567 W Lovers Ln,75209,Wed Oct 26 18:37:54 +0000 2016,RT @ATT: Get a sweet deal on the new iPhone 7 when you switch to AT&amp;T and have DIRECTV. https://t.co/JO08KrMKj7 https://t.co/tAcB2wPVFO,Positive,98.0584,directv,general,,Twitter
