Dallas6,Corporate,32.8740567,-96.771404,9100 N Central Expressway Suite 105,75231,Sun Oct 23 21:51:36 +0000 2016,RT @ATT: The #futureofvideo is mobile and the #futureofmobile is video. Time Warner + AT&amp;T make it happen! @twxcorp https://t.co/GKx4U9TQYg,Neutral,56.0321,general,general,,Twitter
Dallas6,Corporate,32.8740567,-96.771404,9100 N Central Expressway Suite 105,75231,Sun Oct 23 21:50:45 +0000 2016,"RT @dallasnews: Trump gets litigious, AT&amp;T gets bigger, @TomiLahren wins bigly: Your weekend news digest https://t.co/tjOy7OJCri https://t.…",Negative,66.2200,general,general,,Twitter
Dallas6,Corporate,32.8740567,-96.771404,9100 N Central Expressway Suite 105,75231,Sun Oct 23 21:46:59 +0000 2016,"RT @dallasnews: Trump gets litigious, AT&amp;T gets bigger, @TomiLahren wins bigly: Your weekend news digest https://t.co/tjOy7OJCri https://t.…",Negative,66.2200,general,general,,Twitter
Dallas6,Corporate,32.8740567,-96.771404,9100 N Central Expressway Suite 105,75231,Sun Oct 23 21:39:12 +0000 2016,RT @ATT: The #futureofvideo is mobile and the #futureofmobile is video. Time Warner + AT&amp;T make it happen! @twxcorp https://t.co/GKx4U9TQYg,Neutral,56.0321,general,general,,Twitter
Dallas6,Corporate,32.8740567,-96.771404,9100 N Central Expressway Suite 105,75231,Sun Oct 23 21:37:35 +0000 2016,"RT @ATT: Mother Nature is unpredictable, so we rely on our Network Disaster Recovery team to connect you when you need it most. https://t.c…",Positive,77.2863,general,general,,Twitter
Dallas6,Corporate,32.8740567,-96.771404,9100 N Central Expressway Suite 105,75231,Sun Oct 23 21:35:49 +0000 2016,RT @ATT: Welcome to the team! @taylorswift13 https://t.co/4h86nLYuLo https://t.co/gAHOi7fPrZ,Positive,84.3125,general,general,,Twitter
Dallas6,Corporate,32.8740567,-96.771404,9100 N Central Expressway Suite 105,75231,Sun Oct 23 21:33:10 +0000 2016,RT @ATT: Welcome to the team! @taylorswift13 https://t.co/4h86nLYuLo https://t.co/gAHOi7fPrZ,Positive,84.3125,general,general,,Twitter
Dallas6,Corporate,32.8740567,-96.771404,9100 N Central Expressway Suite 105,75231,Sun Oct 23 21:33:07 +0000 2016,RT @attJOBS: Hear from Kristin how our Business Sales Leadership Development Program led to her successful career: https://t.co/aitAtDInv5…,Positive,88.5471,general,general,,Twitter
Dallas6,Corporate,32.8740567,-96.771404,9100 N Central Expressway Suite 105,75231,Sun Oct 23 21:29:50 +0000 2016,"RT @ATT: Mother Nature is unpredictable, so we rely on our Network Disaster Recovery team to connect you when you need it most. https://t.c…",Positive,77.2863,general,general,,Twitter
Dallas6,Corporate,32.8740567,-96.771404,9100 N Central Expressway Suite 105,75231,Sun Oct 23 21:26:54 +0000 2016,"RT @dallasnews: Trump gets litigious, AT&amp;T gets bigger, @TomiLahren wins bigly: Your weekend news digest https://t.co/tjOy7OJCri https://t.…",Negative,66.2200,general,general,,Twitter
Dallas6,Corporate,32.8740567,-96.771404,9100 N Central Expressway Suite 105,75231,Sun Oct 23 21:21:34 +0000 2016,"@pandadeer Yea, a lot of people have cut the cord in general for that reason. If you have a friend with DirecTV though you can probably",Negative,68.8912,directv,general,,Twitter
Dallas6,Corporate,32.8740567,-96.771404,9100 N Central Expressway Suite 105,75231,Sun Oct 23 21:17:07 +0000 2016,"RT @attJOBS: Our colleagues in Europe, the Middle East &amp; Asia are spreading the @ATT Aspire mission around the globe: https://t.co/ypGzlddr…",Positive,86.8800,general,general,,Twitter
Dallas6,Corporate,32.8740567,-96.771404,9100 N Central Expressway Suite 105,75231,Sun Oct 23 21:16:57 +0000 2016,RT @RickTweetTweet: Breaking News!!! AT&amp;T to Acquire Time Warner! My family just got bigger! #LifeAtATT  #TimeWarner https://t.co/RUAJa5ciO…,Positive,81.6545,general,general,,Twitter
Dallas6,Corporate,32.8740567,-96.771404,9100 N Central Expressway Suite 105,75231,Sun Oct 23 21:09:39 +0000 2016,RT @ATT: Get a sweet deal on the new iPhone 7 when you switch to AT&amp;T and have DIRECTV. https://t.co/TQVeUkmeZ6 https://t.co/zfZmNpe8AP,Positive,98.0584,directv,general,,Twitter
Dallas6,Corporate,32.8740567,-96.771404,9100 N Central Expressway Suite 105,75231,Sun Oct 23 21:06:11 +0000 2016,"RT @dallasnews: Trump gets litigious, AT&amp;T gets bigger, @TomiLahren wins bigly: Your weekend news digest https://t.co/tjOy7OJCri https://t.…",Negative,66.2200,general,general,,Twitter
Dallas6,Corporate,32.8740567,-96.771404,9100 N Central Expressway Suite 105,75231,Sun Oct 23 21:04:44 +0000 2016,RT @ATT: The #futureofvideo is mobile and the #futureofmobile is video. Time Warner + AT&amp;T make it happen! @twxcorp https://t.co/GKx4U9TQYg,Neutral,56.0321,general,general,,Twitter
Dallas6,Corporate,32.8740567,-96.771404,9100 N Central Expressway Suite 105,75231,Sun Oct 23 21:03:36 +0000 2016,RT @ATT: Welcome to the team! @taylorswift13 https://t.co/4h86nLYuLo https://t.co/gAHOi7fPrZ,Positive,84.3125,general,general,,Twitter
Dallas6,Corporate,32.8740567,-96.771404,9100 N Central Expressway Suite 105,75231,Sun Oct 23 20:59:06 +0000 2016,RT @ATT: The #futureofvideo is mobile and the #futureofmobile is video. Time Warner + AT&amp;T make it happen! @twxcorp https://t.co/GKx4U9TQYg,Neutral,56.0321,general,general,,Twitter
Dallas6,Corporate,32.8740567,-96.771404,9100 N Central Expressway Suite 105,75231,Sun Oct 23 20:56:36 +0000 2016,RT @ATT: Welcome to the team! @taylorswift13 https://t.co/4h86nLYuLo https://t.co/gAHOi7fPrZ,Positive,84.3125,general,general,,Twitter
Dallas6,Corporate,32.8740567,-96.771404,9100 N Central Expressway Suite 105,75231,Sun Oct 23 20:56:02 +0000 2016,"RT @dallasnews: Trump gets litigious, AT&amp;T gets bigger, @TomiLahren wins bigly: Your weekend news digest https://t.co/tjOy7OJCri https://t.…",Negative,66.2200,general,general,,Twitter
Dallas6,Corporate,32.8740567,-96.771404,9100 N Central Expressway Suite 105,75231,Sun Oct 23 20:55:56 +0000 2016,"RT @ATT: Mother Nature is unpredictable, so we rely on our Network Disaster Recovery team to connect you when you need it most. https://t.c…",Positive,77.2863,general,general,,Twitter
Dallas6,Corporate,32.8740567,-96.771404,9100 N Central Expressway Suite 105,75231,Sun Oct 23 20:55:40 +0000 2016,RT @ATT: Welcome to the team! @taylorswift13 https://t.co/4h86nLYuLo https://t.co/gAHOi7fPrZ,Positive,84.3125,general,general,,Twitter
Dallas6,Corporate,32.8740567,-96.771404,9100 N Central Expressway Suite 105,75231,Sun Oct 23 20:54:24 +0000 2016,"RT @ATT: Mother Nature is unpredictable, so we rely on our Network Disaster Recovery team to connect you when you need it most. https://t.c…",Positive,77.2863,general,general,,Twitter
Dallas6,Corporate,32.8740567,-96.771404,9100 N Central Expressway Suite 105,75231,Sun Oct 23 20:53:00 +0000 2016,"Mother Nature is unpredictable, so we rely on our Network Disaster Recovery team to connect you when you need it mo… https://t.co/cZ6v6MCjzG",Positive,74.2092,general,general,,Twitter
Dallas6,Corporate,32.8740567,-96.771404,9100 N Central Expressway Suite 105,75231,Sun Oct 23 20:42:39 +0000 2016,"And @Uverse &gt; @GetSpectrum/@TWC - Customer service has been top notch, I'm paying the same for so much more content and features.",Positive,91.2467,uverse,general,,Twitter
Dallas6,Corporate,32.8740567,-96.771404,9100 N Central Expressway Suite 105,75231,Sun Oct 23 20:37:50 +0000 2016,"Not the @dallasnews I remember. Seriously folks, who cares about the ATT merger. We want @SMU on the front page! #PonyUpTempo",Neutral,55.0459,general,general,,Twitter
Dallas6,Corporate,32.8740567,-96.771404,9100 N Central Expressway Suite 105,75231,Sun Oct 23 20:30:27 +0000 2016,RT @ATT: The #futureofvideo is mobile and the #futureofmobile is video. Time Warner + AT&amp;T make it happen! @twxcorp https://t.co/GKx4U9TQYg,Neutral,56.0321,general,general,,Twitter
Dallas6,Corporate,32.8740567,-96.771404,9100 N Central Expressway Suite 105,75231,Sun Oct 23 20:26:46 +0000 2016,@JustinRoiland @DIRECTV That's why you gotta get your hands on some crystalized xanthanite. It's the only media experience worth having.,Negative,94.2035,directv,store experience,,Twitter
Dallas6,Corporate,32.8740567,-96.771404,9100 N Central Expressway Suite 105,75231,Sun Oct 23 20:24:21 +0000 2016,"RT @dallasnews: Trump gets litigious, AT&amp;T gets bigger, @TomiLahren wins bigly: Your weekend news digest https://t.co/tjOy7OJCri https://t.…",Negative,66.2200,general,general,,Twitter
Dallas6,Corporate,32.8740567,-96.771404,9100 N Central Expressway Suite 105,75231,Sun Oct 23 20:20:38 +0000 2016,RT @Mike_Rawlings: I’m excited for Dallas-based AT&amp;T and hopeful that this merger will lead to great benefits for its employees and... http…,Positive,97.4618,general,general,,Twitter
Dallas6,Corporate,32.8740567,-96.771404,9100 N Central Expressway Suite 105,75231,Sun Oct 23 20:11:55 +0000 2016,RT @ATT: Welcome to the team! @taylorswift13 https://t.co/4h86nLYuLo https://t.co/gAHOi7fPrZ,Positive,84.3125,general,general,,Twitter
Dallas6,Corporate,32.8740567,-96.771404,9100 N Central Expressway Suite 105,75231,Sun Oct 23 20:11:19 +0000 2016,"What it means to ""own"" the news https://t.co/3NZLU71TUu",Positive,74.6420,general,general,,Twitter
Dallas6,Corporate,32.8740567,-96.771404,9100 N Central Expressway Suite 105,75231,Sun Oct 23 20:10:01 +0000 2016,We're helping connect youth to their first jobs by signing on to the White House's First Job Compact. Learn more:… https://t.co/wNs66tV4dL,Positive,91.1375,general,general,,Twitter
Dallas6,Corporate,32.8740567,-96.771404,9100 N Central Expressway Suite 105,75231,Sun Oct 23 20:08:36 +0000 2016,@ATTCares how quick could you get service to my house in Irving? Apparently after 4 years of service my ISP sh*t the bed and need a quote.,Neutral,61.4649,general,general,,Twitter
Dallas6,Corporate,32.8740567,-96.771404,9100 N Central Expressway Suite 105,75231,Sun Oct 23 20:08:12 +0000 2016,RT @ATT: The #futureofvideo is mobile and the #futureofmobile is video. Time Warner + AT&amp;T make it happen! @twxcorp https://t.co/GKx4U9TQYg,Neutral,56.0321,general,general,,Twitter
Dallas6,Corporate,32.8740567,-96.771404,9100 N Central Expressway Suite 105,75231,Sun Oct 23 20:08:08 +0000 2016,"RT @dallasnews: Trump gets litigious, AT&amp;T gets bigger, @TomiLahren wins bigly: Your weekend news digest https://t.co/tjOy7OJCri https://t.…",Negative,66.2200,general,general,,Twitter
Dallas6,Corporate,32.8740567,-96.771404,9100 N Central Expressway Suite 105,75231,Sun Oct 23 20:07:08 +0000 2016,"RT @dallasnews: Trump gets litigious, AT&amp;T gets bigger, @TomiLahren wins bigly: Your weekend news digest https://t.co/tjOy7OJCri https://t.…",Negative,66.2200,general,general,,Twitter
Dallas6,Corporate,32.8740567,-96.771404,9100 N Central Expressway Suite 105,75231,Sun Oct 23 20:04:46 +0000 2016,RT @ATT: Welcome to the team! @taylorswift13 https://t.co/4h86nLYuLo https://t.co/gAHOi7fPrZ,Positive,84.3125,general,general,,Twitter
Dallas6,Corporate,32.8740567,-96.771404,9100 N Central Expressway Suite 105,75231,Sun Oct 23 20:03:11 +0000 2016,"RT @dallasnews: Trump gets litigious, AT&amp;T gets bigger, @TomiLahren wins bigly: Your weekend news digest https://t.co/tjOy7OJCri https://t.…",Negative,66.2200,general,general,,Twitter
Dallas6,Corporate,32.8740567,-96.771404,9100 N Central Expressway Suite 105,75231,Sun Oct 23 20:01:22 +0000 2016,"""The Corporate Confidence of the AT&amp;T-Time Warner Deal"" by DAVID GELLES via NYT The New York Times https://t.co/JFswU8yCUE",Positive,98.1477,general,general,,Twitter
Dallas6,Corporate,32.8740567,-96.771404,9100 N Central Expressway Suite 105,75231,Sun Oct 23 20:00:02 +0000 2016,Cybersecurity preparedness starts w/ a strong incident response plan. Get info to help shield your org from attack:… https://t.co/hWfn2dP47t,Positive,89.9643,general,general,,Twitter
Dallas6,Corporate,32.8740567,-96.771404,9100 N Central Expressway Suite 105,75231,Sun Oct 23 19:59:00 +0000 2016,RT @ATT: Welcome to the team! @taylorswift13 https://t.co/4h86nLYuLo https://t.co/gAHOi7fPrZ,Positive,84.3125,general,general,,Twitter
Dallas6,Corporate,32.8740567,-96.771404,9100 N Central Expressway Suite 105,75231,Sun Oct 23 19:58:43 +0000 2016,"RT @ATT: Some people may wait a lifetime, but you don't have to. On 11/2-3, AT&amp;T customers can buy @kelly_clarkson tix early. https://t.co/…",Neutral,60.4188,general,general,,Twitter
Dallas6,Corporate,32.8740567,-96.771404,9100 N Central Expressway Suite 105,75231,Sun Oct 23 19:42:10 +0000 2016,RT @ATT: Welcome to the team! @taylorswift13 https://t.co/4h86nLYuLo https://t.co/gAHOi7fPrZ,Positive,84.3125,general,general,,Twitter
Dallas6,Corporate,32.8740567,-96.771404,9100 N Central Expressway Suite 105,75231,Sun Oct 23 19:40:05 +0000 2016,"RT @DMNBiz: The Stadium Club is almost half a football field long, but can Cowboys fans fill it year 'round? | https://t.co/BmFzkykjit @kro…",Positive,87.8138,general,general,,Twitter
Dallas6,Corporate,32.8740567,-96.771404,9100 N Central Expressway Suite 105,75231,Sun Oct 23 19:36:03 +0000 2016,"RT @PhilipTKingston: Why do I suddenly feel so good about @BCBSAssociation? Hint, hint, @ATT @DtownDallasInc https://t.co/dEwVDTELlT",Negative,86.4626,general,general,,Twitter
Dallas6,Corporate,32.8740567,-96.771404,9100 N Central Expressway Suite 105,75231,Sun Oct 23 19:35:58 +0000 2016,"RT @brandonformby: How the AT&amp;T-Time Warner deal changes the TV, mobile landscapes https://t.co/16O9QBsg4Y via @Conor_Shine",Positive,74.8338,general,general,,Twitter
Dallas6,Corporate,32.8740567,-96.771404,9100 N Central Expressway Suite 105,75231,Sun Oct 23 19:33:28 +0000 2016,RT @ATT: The #futureofvideo is mobile and the #futureofmobile is video. Time Warner + AT&amp;T make it happen! @twxcorp https://t.co/GKx4U9TQYg,Neutral,56.0321,general,general,,Twitter
Dallas6,Corporate,32.8740567,-96.771404,9100 N Central Expressway Suite 105,75231,Sun Oct 23 19:30:55 +0000 2016,"Why do I suddenly feel so good about @BCBSAssociation? Hint, hint, @ATT @DtownDallasInc https://t.co/dEwVDTELlT",Negative,86.4626,general,general,,Twitter
Dallas6,Corporate,32.8740567,-96.771404,9100 N Central Expressway Suite 105,75231,Sun Oct 23 19:27:41 +0000 2016,"RT @dallasnews: Trump gets litigious, AT&amp;T gets bigger, @TomiLahren wins bigly: Your weekend news digest https://t.co/tjOy7OJCri https://t.…",Negative,66.2200,general,general,,Twitter
Dallas6,Corporate,32.8740567,-96.771404,9100 N Central Expressway Suite 105,75231,Sun Oct 23 19:24:04 +0000 2016,RT @ATT: The #futureofvideo is mobile and the #futureofmobile is video. Time Warner + AT&amp;T make it happen! @twxcorp https://t.co/GKx4U9TQYg,Neutral,56.0321,general,general,,Twitter
Dallas6,Corporate,32.8740567,-96.771404,9100 N Central Expressway Suite 105,75231,Sun Oct 23 19:22:21 +0000 2016,RT @ATT: Who made you a college 🏈 fan? Share with #MadeMeAFanContest for a chance to win. Rules https://t.co/hU3I3wFn5V https://t.co/xZbxUJ…,Positive,88.9294,general,general,,Twitter
Dallas6,Corporate,32.8740567,-96.771404,9100 N Central Expressway Suite 105,75231,Sun Oct 23 19:21:41 +0000 2016,RT @ATT: The #futureofvideo is mobile and the #futureofmobile is video. Time Warner + AT&amp;T make it happen! @twxcorp https://t.co/GKx4U9TQYg,Neutral,56.0321,general,general,,Twitter
Dallas6,Corporate,32.8740567,-96.771404,9100 N Central Expressway Suite 105,75231,Sun Oct 23 19:21:08 +0000 2016,"RT @DMNBiz: The Stadium Club is almost half a football field long, but can Cowboys fans fill it year 'round? | https://t.co/BmFzkykjit @kro…",Positive,87.8138,general,general,,Twitter
Dallas6,Corporate,32.8740567,-96.771404,9100 N Central Expressway Suite 105,75231,Sun Oct 23 19:07:55 +0000 2016,"RT @dallasnews: Trump gets litigious, AT&amp;T gets bigger, @TomiLahren wins bigly: Your weekend news digest https://t.co/tjOy7OJCri https://t.…",Negative,66.2200,general,general,,Twitter
Dallas6,Corporate,32.8740567,-96.771404,9100 N Central Expressway Suite 105,75231,Sun Oct 23 19:07:24 +0000 2016,"RT @dallasnews: Trump gets litigious, AT&amp;T gets bigger, @TomiLahren wins bigly: Your weekend news digest https://t.co/tjOy7OJCri https://t.…",Negative,66.2200,general,general,,Twitter
Dallas6,Corporate,32.8740567,-96.771404,9100 N Central Expressway Suite 105,75231,Sun Oct 23 19:00:13 +0000 2016,NBC 5 report on #DBDT and some other #Dallas #arts organizations. https://t.co/56SgpKYYkD,Neutral,60.7683,general,general,,Twitter
Dallas6,Corporate,32.8740567,-96.771404,9100 N Central Expressway Suite 105,75231,Sun Oct 23 18:58:28 +0000 2016,RT @ATT: Welcome to the team! @taylorswift13 https://t.co/4h86nLYuLo https://t.co/gAHOi7fPrZ,Positive,84.3125,general,general,,Twitter
Dallas6,Corporate,32.8740567,-96.771404,9100 N Central Expressway Suite 105,75231,Sun Oct 23 18:56:54 +0000 2016,"RT @dallasnews: Trump gets litigious, AT&amp;T gets bigger, @TomiLahren wins bigly: Your weekend news digest https://t.co/tjOy7OJCri https://t.…",Negative,66.2200,general,general,,Twitter
Dallas6,Corporate,32.8740567,-96.771404,9100 N Central Expressway Suite 105,75231,Sun Oct 23 18:55:12 +0000 2016,RT @RickTweetTweet: Breaking News!!! AT&amp;T to Acquire Time Warner! My family just got bigger! #LifeAtATT  #TimeWarner https://t.co/RUAJa5ciO…,Positive,81.6545,general,general,,Twitter
Dallas6,Corporate,32.8740567,-96.771404,9100 N Central Expressway Suite 105,75231,Sun Oct 23 18:54:29 +0000 2016,"RT @dallasnews: Trump gets litigious, AT&amp;T gets bigger, @TomiLahren wins bigly: Your weekend news digest https://t.co/tjOy7OJCri https://t.…",Negative,66.2200,general,general,,Twitter
Dallas6,Corporate,32.8740567,-96.771404,9100 N Central Expressway Suite 105,75231,Sun Oct 23 18:52:02 +0000 2016,RT @ATT: Welcome to the team! @taylorswift13 https://t.co/4h86nLYuLo https://t.co/gAHOi7fPrZ,Positive,84.3125,general,general,,Twitter
Dallas6,Corporate,32.8740567,-96.771404,9100 N Central Expressway Suite 105,75231,Sun Oct 23 18:51:47 +0000 2016,"RT @DMNBiz: The Stadium Club is almost half a football field long, but can Cowboys fans fill it year 'round? | https://t.co/BmFzkykjit @kro…",Positive,87.8138,general,general,,Twitter
Dallas6,Corporate,32.8740567,-96.771404,9100 N Central Expressway Suite 105,75231,Sun Oct 23 18:51:03 +0000 2016,"RT @dallasnews: Trump gets litigious, AT&amp;T gets bigger, @TomiLahren wins bigly: Your weekend news digest https://t.co/tjOy7OJCri https://t.…",Negative,66.2200,general,general,,Twitter
Dallas6,Corporate,32.8740567,-96.771404,9100 N Central Expressway Suite 105,75231,Sun Oct 23 18:51:00 +0000 2016,"The Stadium Club is almost half a football field long, but can Cowboys fans fill it year 'round? |… https://t.co/KFqAQpaexM",Positive,87.8138,general,general,,Twitter
Dallas6,Corporate,32.8740567,-96.771404,9100 N Central Expressway Suite 105,75231,Sun Oct 23 18:49:00 +0000 2016,"How the AT&amp;T-Time Warner deal changes the TV, mobile landscapes https://t.co/16O9QBsg4Y via @Conor_Shine",Positive,74.8338,general,general,,Twitter
Dallas6,Corporate,32.8740567,-96.771404,9100 N Central Expressway Suite 105,75231,Sun Oct 23 18:47:23 +0000 2016,"RT @dallasnews: Trump gets litigious, AT&amp;T gets bigger, @TomiLahren wins bigly: Your weekend news digest https://t.co/tjOy7OJCri https://t.…",Negative,66.2200,general,general,,Twitter
Dallas6,Corporate,32.8740567,-96.771404,9100 N Central Expressway Suite 105,75231,Sun Oct 23 18:47:02 +0000 2016,"RT @dallasnews: Trump gets litigious, AT&amp;T gets bigger, @TomiLahren wins bigly: Your weekend news digest https://t.co/tjOy7OJCri https://t.…",Negative,66.2200,general,general,,Twitter
Dallas6,Corporate,32.8740567,-96.771404,9100 N Central Expressway Suite 105,75231,Sun Oct 23 18:42:40 +0000 2016,"RT @dallasnews: Trump gets litigious, AT&amp;T gets bigger, @TomiLahren wins bigly: Your weekend news digest https://t.co/tjOy7OJCri https://t.…",Negative,66.2200,general,general,,Twitter
Dallas6,Corporate,32.8740567,-96.771404,9100 N Central Expressway Suite 105,75231,Sun Oct 23 18:41:47 +0000 2016,RT @ATT: The #futureofvideo is mobile and the #futureofmobile is video. Time Warner + AT&amp;T make it happen! @twxcorp https://t.co/GKx4U9TQYg,Neutral,56.0321,general,general,,Twitter
Dallas6,Corporate,32.8740567,-96.771404,9100 N Central Expressway Suite 105,75231,Sun Oct 23 18:38:43 +0000 2016,RT @ATT: The #futureofvideo is mobile and the #futureofmobile is video. Time Warner + AT&amp;T make it happen! @twxcorp https://t.co/GKx4U9TQYg,Neutral,56.0321,general,general,,Twitter
Dallas6,Corporate,32.8740567,-96.771404,9100 N Central Expressway Suite 105,75231,Sun Oct 23 18:37:45 +0000 2016,What AT&amp;T's Time Warner deal means for Verizon - https://t.co/q7W7qWkBOQ,Positive,70.4942,general,general,,Twitter
Dallas6,Corporate,32.8740567,-96.771404,9100 N Central Expressway Suite 105,75231,Sun Oct 23 18:37:45 +0000 2016,What AT&amp;T's Time Warner deal means for Verizon - https://t.co/vijR5JYnHD,Positive,70.4942,general,general,,Twitter
Dallas6,Corporate,32.8740567,-96.771404,9100 N Central Expressway Suite 105,75231,Sun Oct 23 18:37:45 +0000 2016,What AT&amp;T's Time Warner deal means for Verizon - https://t.co/a9rQtCxz7U,Positive,70.4942,general,general,,Twitter
Dallas6,Corporate,32.8740567,-96.771404,9100 N Central Expressway Suite 105,75231,Sun Oct 23 18:37:45 +0000 2016,What AT&amp;T's Time Warner deal means for Verizon - https://t.co/ZioPWOVeC2,Positive,70.4942,general,general,,Twitter
Dallas6,Corporate,32.8740567,-96.771404,9100 N Central Expressway Suite 105,75231,Sun Oct 23 18:36:37 +0000 2016,"How the AT&amp;T-Time Warner deal changes the TV, mobile landscapes
https://t.co/wTzZ5Vhr0O",Positive,74.8338,general,general,,Twitter
Dallas6,Corporate,32.8740567,-96.771404,9100 N Central Expressway Suite 105,75231,Sun Oct 23 18:34:57 +0000 2016,RT @ATT: The #futureofvideo is mobile and the #futureofmobile is video. Time Warner + AT&amp;T make it happen! @twxcorp https://t.co/GKx4U9TQYg,Neutral,56.0321,general,general,,Twitter
Dallas6,Corporate,32.8740567,-96.771404,9100 N Central Expressway Suite 105,75231,Sun Oct 23 18:34:37 +0000 2016,"RT @dallasnews: Trump gets litigious, AT&amp;T gets bigger, @TomiLahren wins bigly: Your weekend news digest https://t.co/tjOy7OJCri https://t.…",Negative,66.2200,general,general,,Twitter
Dallas6,Corporate,32.8740567,-96.771404,9100 N Central Expressway Suite 105,75231,Sun Oct 23 18:34:14 +0000 2016,"RT @dallasnews: Trump gets litigious, AT&amp;T gets bigger, @TomiLahren wins bigly: Your weekend news digest https://t.co/tjOy7OJCri https://t.…",Negative,66.2200,general,general,,Twitter
Dallas6,Corporate,32.8740567,-96.771404,9100 N Central Expressway Suite 105,75231,Sun Oct 23 18:31:29 +0000 2016,RT @ATT: Welcome to the team! @taylorswift13 https://t.co/4h86nLYuLo https://t.co/gAHOi7fPrZ,Positive,84.3125,general,general,,Twitter
Dallas6,Corporate,32.8740567,-96.771404,9100 N Central Expressway Suite 105,75231,Sun Oct 23 18:28:14 +0000 2016,Huge Stadium Club expects that fans with a taste for the Cowboys won't leave it feeling empty https://t.co/nGAFecJQhR #DFW,Positive,87.1247,general,general,,Twitter
Dallas6,Corporate,32.8740567,-96.771404,9100 N Central Expressway Suite 105,75231,Sun Oct 23 18:27:05 +0000 2016,RT @ATT: The #futureofvideo is mobile and the #futureofmobile is video. Time Warner + AT&amp;T make it happen! @twxcorp https://t.co/GKx4U9TQYg,Neutral,56.0321,general,general,,Twitter
Dallas6,Corporate,32.8740567,-96.771404,9100 N Central Expressway Suite 105,75231,Sun Oct 23 18:26:42 +0000 2016,RT @ATT: The #futureofvideo is mobile and the #futureofmobile is video. Time Warner + AT&amp;T make it happen! @twxcorp https://t.co/GKx4U9TQYg,Neutral,56.0321,general,general,,Twitter
Dallas6,Corporate,32.8740567,-96.771404,9100 N Central Expressway Suite 105,75231,Sun Oct 23 18:25:47 +0000 2016,RT @ATT: The #futureofvideo is mobile and the #futureofmobile is video. Time Warner + AT&amp;T make it happen! @twxcorp https://t.co/GKx4U9TQYg,Neutral,56.0321,general,general,,Twitter
Dallas6,Corporate,32.8740567,-96.771404,9100 N Central Expressway Suite 105,75231,Sun Oct 23 18:24:51 +0000 2016,"RT @dallasnews: Trump gets litigious, AT&amp;T gets bigger, @TomiLahren wins bigly: Your weekend news digest https://t.co/tjOy7OJCri https://t.…",Negative,66.2200,general,general,,Twitter
Dallas6,Corporate,32.8740567,-96.771404,9100 N Central Expressway Suite 105,75231,Sun Oct 23 18:18:24 +0000 2016,"RT @dallasnews: New media agency @Hearts_Science lands @ATT, opens shop in Dallas and plans to employ 100 people https://t.co/f5bPR9R5EQ @m…",Neutral,56.5613,general,general,,Twitter
Dallas6,Corporate,32.8740567,-96.771404,9100 N Central Expressway Suite 105,75231,Sun Oct 23 18:18:01 +0000 2016,@DK0021 @TWC @ATT and fuck time warner lol,Positive,63.9246,general,general,,Twitter
Dallas6,Corporate,32.8740567,-96.771404,9100 N Central Expressway Suite 105,75231,Sun Oct 23 18:17:43 +0000 2016,@DK0021 @TWC @ATT ive had att uverse for a bit now. I came from fios but uverse is pretty good so far,Negative,62.7539,uverse,general,,Twitter
Dallas6,Corporate,32.8740567,-96.771404,9100 N Central Expressway Suite 105,75231,Sun Oct 23 18:15:42 +0000 2016,"New media agency @Hearts_Science lands @ATT, opens shop in Dallas and plans to employ 100 people… https://t.co/ZhNktrU4U7",Neutral,58.3314,general,general,,Twitter
Dallas6,Corporate,32.8740567,-96.771404,9100 N Central Expressway Suite 105,75231,Sun Oct 23 18:13:53 +0000 2016,RT @dallasnews: Luke Bryan shimmies and shines during 'Kill the Lights' tour at AT&amp;T Stadium on Saturday https://t.co/OltIElsT2s,Positive,92.9046,general,general,,Twitter
Dallas6,Corporate,32.8740567,-96.771404,9100 N Central Expressway Suite 105,75231,Sun Oct 23 18:11:56 +0000 2016,RT @Mike_Rawlings: I’m excited for Dallas-based AT&amp;T and hopeful that this merger will lead to great benefits for its employees and... http…,Positive,97.4618,general,general,,Twitter
Dallas6,Corporate,32.8740567,-96.771404,9100 N Central Expressway Suite 105,75231,Sun Oct 23 18:11:02 +0000 2016,What The $85 Billion AT&amp;T-Time Warner Deal Means For Consumers | https://t.co/EhOCtvWopi,Positive,64.2217,general,general,,Twitter
Dallas6,Corporate,32.8740567,-96.771404,9100 N Central Expressway Suite 105,75231,Sun Oct 23 18:10:57 +0000 2016,That's apparent - had to cut my Uverse after increases/fees and service issues https://t.co/27mYaygsiz,Negative,74.0140,uverse,general,,Twitter
Dallas6,Corporate,32.8740567,-96.771404,9100 N Central Expressway Suite 105,75231,Sun Oct 23 18:09:20 +0000 2016,RT @attJOBS: Hear from Kristin how our Business Sales Leadership Development Program led to her successful career: https://t.co/aitAtDInv5…,Positive,88.5471,general,general,,Twitter
Dallas6,Corporate,32.8740567,-96.771404,9100 N Central Expressway Suite 105,75231,Sun Oct 23 18:04:20 +0000 2016,"RT @dallasnews: Trump gets litigious, AT&amp;T gets bigger, @TomiLahren wins bigly: Your weekend news digest https://t.co/tjOy7OJCri https://t.…",Negative,66.2200,general,general,,Twitter
Dallas6,Corporate,32.8740567,-96.771404,9100 N Central Expressway Suite 105,75231,Sun Oct 23 18:01:40 +0000 2016,"RT @dallasnews: Trump gets litigious, AT&amp;T gets bigger, @TomiLahren wins bigly: Your weekend news digest https://t.co/tjOy7OJCri https://t.…",Negative,66.2200,general,general,,Twitter
Dallas6,Corporate,32.8740567,-96.771404,9100 N Central Expressway Suite 105,75231,Sun Oct 23 18:01:33 +0000 2016,Where Verizon stands https://t.co/5KMmcNV85T,Positive,64.2179,general,general,,Twitter
Dallas6,Corporate,32.8740567,-96.771404,9100 N Central Expressway Suite 105,75231,Sun Oct 23 17:52:40 +0000 2016,"RT @dallasnews: Trump gets litigious, AT&amp;T gets bigger, @TomiLahren wins bigly: Your weekend news digest https://t.co/tjOy7OJCri https://t.…",Negative,66.2200,general,general,,Twitter
Dallas6,Corporate,32.8740567,-96.771404,9100 N Central Expressway Suite 105,75231,Sun Oct 23 17:46:56 +0000 2016,RT @Mike_Rawlings: I’m excited for Dallas-based AT&amp;T and hopeful that this merger will lead to great benefits for its employees and... http…,Positive,97.4618,general,general,,Twitter
Dallas6,Corporate,32.8740567,-96.771404,9100 N Central Expressway Suite 105,75231,Thu Oct 20 15:23:28 +0000 2016,RT @ATT: AT&amp;T #Fiber - The future of the internet is now! Starting with a 1000 Mbps connection. https://t.co/oZ1julCt3F,Positive,84.1944,fiber,general,,Twitter
Dallas6,Corporate,32.8740567,-96.771404,9100 N Central Expressway Suite 105,75231,Thu Oct 20 15:10:07 +0000 2016,RT @ATT: Who made you a college 🏈 fan? Share with #MadeMeAFanContest for a chance to win. Rules https://t.co/hU3I3wFn5V https://t.co/xZbxUJ…,Positive,88.9294,general,general,,Twitter
Dallas6,Corporate,32.8740567,-96.771404,9100 N Central Expressway Suite 105,75231,Thu Oct 20 15:09:56 +0000 2016,"@JohnSmiith_WD @ATT Sadly, that seems to be the trend. The price is going to have to drop considerably for me to consider gigapower.",Negative,95.7697,general,general,,Twitter
Dallas6,Corporate,32.8740567,-96.771404,9100 N Central Expressway Suite 105,75231,Thu Oct 20 15:08:57 +0000 2016,RT @ATT: AT&amp;T #Fiber - The future of the internet is now! Starting with a 1000 Mbps connection. https://t.co/oZ1julCt3F,Positive,84.1944,fiber,general,,Twitter
Dallas6,Corporate,32.8740567,-96.771404,9100 N Central Expressway Suite 105,75231,Thu Oct 20 15:06:37 +0000 2016,"Macs are cheaper for businesses, and even IBM says so https://t.co/HAy58slizz via @Recode #ATT @att",Negative,87.3886,general,general,,Twitter
Dallas6,Corporate,32.8740567,-96.771404,9100 N Central Expressway Suite 105,75231,Thu Oct 20 15:05:58 +0000 2016,RT @ATT: Who made you a college 🏈 fan? Share with #MadeMeAFanContest for a chance to win. Rules https://t.co/hU3I3wFn5V https://t.co/xZbxUJ…,Positive,88.9294,general,general,,Twitter
Dallas6,Corporate,32.8740567,-96.771404,9100 N Central Expressway Suite 105,75231,Thu Oct 20 14:52:34 +0000 2016,"@DIRECTV @DIRECTVSports @DIRECTVService Where is NBA League Pass? It's usually available in preseason, regular season starts in 5 days!",Positive,82.2735,directv,general,,Twitter
Dallas6,Corporate,32.8740567,-96.771404,9100 N Central Expressway Suite 105,75231,Thu Oct 20 14:17:40 +0000 2016,RT @ATT: Heading to Cuba? Take your phone along for the trip + stay connected to those back home. https://t.co/euhz4Z6Zbb https://t.co/AiPS…,Neutral,50.8130,general,general,,Twitter
Dallas6,Corporate,32.8740567,-96.771404,9100 N Central Expressway Suite 105,75231,Thu Oct 20 14:17:05 +0000 2016,RT @ATT: Welcome to the team! @taylorswift13 https://t.co/4h86nLYuLo https://t.co/gAHOi7fPrZ,Positive,84.3125,general,general,,Twitter
Dallas6,Corporate,32.8740567,-96.771404,9100 N Central Expressway Suite 105,75231,Thu Oct 20 14:12:19 +0000 2016,RT @ATT: Welcome to the team! @taylorswift13 https://t.co/4h86nLYuLo https://t.co/gAHOi7fPrZ,Positive,84.3125,general,general,,Twitter
Dallas6,Corporate,32.8740567,-96.771404,9100 N Central Expressway Suite 105,75231,Thu Oct 20 14:12:10 +0000 2016,.@ATT Executive Shares Experience with #Marketing Students at @udallascob@UofDallas https://t.co/rg4EdIcla4 https://t.co/SNPagCOect,Positive,71.6012,general,store experience,,Twitter
Dallas6,Corporate,32.8740567,-96.771404,9100 N Central Expressway Suite 105,75231,Thu Oct 20 14:03:30 +0000 2016,RT @ATT: Get a sweet deal on the new iPhone 7 when you switch to AT&amp;T and have DIRECTV. https://t.co/TQVeUkmeZ6 https://t.co/zfZmNpe8AP,Positive,98.0584,directv,general,,Twitter
Dallas6,Corporate,32.8740567,-96.771404,9100 N Central Expressway Suite 105,75231,Thu Oct 20 14:00:58 +0000 2016,RT @ATT: Welcome to the team! @taylorswift13 https://t.co/4h86nLYuLo https://t.co/gAHOi7fPrZ,Positive,84.3125,general,general,,Twitter
Dallas6,Corporate,32.8740567,-96.771404,9100 N Central Expressway Suite 105,75231,Thu Oct 20 13:52:11 +0000 2016,"@danmacyDC Hi Dan, we're on it! Our Care team will be reaching out for more details. Look for a message from @ATTCares. Make sure to follow!",Positive,86.9706,general,general,,Twitter
Dallas6,Corporate,32.8740567,-96.771404,9100 N Central Expressway Suite 105,75231,Thu Oct 20 13:46:55 +0000 2016,RT @ATT: AT&amp;T #Fiber - The future of the internet is now! Starting with a 1000 Mbps connection. https://t.co/ELBHHMfflF,Positive,84.1944,fiber,general,,Twitter
Dallas6,Corporate,32.8740567,-96.771404,9100 N Central Expressway Suite 105,75231,Thu Oct 20 13:37:56 +0000 2016,RT @ATT: Welcome to the team! @taylorswift13 https://t.co/4h86nLYuLo https://t.co/gAHOi7fPrZ,Positive,84.3125,general,general,,Twitter
Dallas6,Corporate,32.8740567,-96.771404,9100 N Central Expressway Suite 105,75231,Thu Oct 20 13:30:03 +0000 2016,RT @ATT: @tayIorhq We’ll be giving away lots of tickets to fans and AT&amp;T customers soon. We’ll share details later.,Positive,90.0816,general,general,,Twitter
Dallas6,Corporate,32.8740567,-96.771404,9100 N Central Expressway Suite 105,75231,Thu Oct 20 13:27:52 +0000 2016,RT @ATT: Welcome to the team! @taylorswift13 https://t.co/4h86nLYuLo https://t.co/gAHOi7fPrZ,Positive,84.3125,general,general,,Twitter
Dallas6,Corporate,32.8740567,-96.771404,9100 N Central Expressway Suite 105,75231,Thu Oct 20 13:16:01 +0000 2016,"RT @ATT: Before you vote, grab the remote and tune into the final #debatenight at 8/7c. #UNLVPresDebate https://t.co/afLxTSZMLW",Neutral,51.1513,general,general,,Twitter
Dallas6,Corporate,32.8740567,-96.771404,9100 N Central Expressway Suite 105,75231,Thu Oct 20 12:37:38 +0000 2016,RT @ATT: Welcome to the team! @taylorswift13 https://t.co/4h86nLYuLo https://t.co/gAHOi7fPrZ,Positive,84.3125,general,general,,Twitter
Dallas6,Corporate,32.8740567,-96.771404,9100 N Central Expressway Suite 105,75231,Thu Oct 20 12:20:48 +0000 2016,RT @ATT: Welcome to the team! @taylorswift13 https://t.co/4h86nLYuLo https://t.co/gAHOi7fPrZ,Positive,84.3125,general,general,,Twitter
Dallas6,Corporate,32.8740567,-96.771404,9100 N Central Expressway Suite 105,75231,Thu Oct 20 11:28:01 +0000 2016,RT @ATT: Get a sweet deal on the new iPhone 7 when you switch to AT&amp;T and have DIRECTV. https://t.co/TQVeUkmeZ6 https://t.co/zfZmNpe8AP,Positive,98.0584,directv,general,,Twitter
Dallas6,Corporate,32.8740567,-96.771404,9100 N Central Expressway Suite 105,75231,Thu Oct 20 11:21:16 +0000 2016,RT @ATT: Welcome to the team! @taylorswift13 https://t.co/4h86nLYuLo https://t.co/gAHOi7fPrZ,Positive,84.3125,general,general,,Twitter
Dallas6,Corporate,32.8740567,-96.771404,9100 N Central Expressway Suite 105,75231,Thu Oct 20 10:32:03 +0000 2016,RT @ATT: Get a sweet deal on the new iPhone 7 when you switch to AT&amp;T and have DIRECTV. https://t.co/TQVeUkmeZ6 https://t.co/zfZmNpe8AP,Positive,98.0584,directv,general,,Twitter
Dallas6,Corporate,32.8740567,-96.771404,9100 N Central Expressway Suite 105,75231,Thu Oct 20 08:51:29 +0000 2016,RT @ATT: Welcome to the team! @taylorswift13 https://t.co/4h86nLYuLo https://t.co/gAHOi7fPrZ,Positive,84.3125,general,general,,Twitter
Dallas6,Corporate,32.8740567,-96.771404,9100 N Central Expressway Suite 105,75231,Thu Oct 20 08:43:52 +0000 2016,RT @ATT: Welcome to the team! @taylorswift13 https://t.co/4h86nLYuLo https://t.co/gAHOi7fPrZ,Positive,84.3125,general,general,,Twitter
Dallas6,Corporate,32.8740567,-96.771404,9100 N Central Expressway Suite 105,75231,Thu Oct 20 07:47:56 +0000 2016,RT @ATT: Welcome to the team! @taylorswift13 https://t.co/4h86nLYuLo https://t.co/gAHOi7fPrZ,Positive,84.3125,general,general,,Twitter
Dallas6,Corporate,32.8740567,-96.771404,9100 N Central Expressway Suite 105,75231,Thu Oct 20 07:44:01 +0000 2016,RT @ATT: Welcome to the team! @taylorswift13 https://t.co/4h86nLYuLo https://t.co/gAHOi7fPrZ,Positive,84.3125,general,general,,Twitter
Dallas6,Corporate,32.8740567,-96.771404,9100 N Central Expressway Suite 105,75231,Thu Oct 20 07:21:02 +0000 2016,RT @ATT: AT&amp;T #Fiber - The future of the internet is now! Starting with a 1000 Mbps connection. https://t.co/X97RSubcjw,Positive,84.1944,fiber,general,,Twitter
Dallas6,Corporate,32.8740567,-96.771404,9100 N Central Expressway Suite 105,75231,Thu Oct 20 07:10:16 +0000 2016,RT @ATT: Welcome to the team! @taylorswift13 https://t.co/4h86nLYuLo https://t.co/gAHOi7fPrZ,Positive,84.3125,general,general,,Twitter
Dallas6,Corporate,32.8740567,-96.771404,9100 N Central Expressway Suite 105,75231,Thu Oct 20 07:04:56 +0000 2016,RT @ATT: AT&amp;T #Fiber - The future of the internet is now! Starting with a 1000 Mbps connection. https://t.co/oZ1julCt3F,Positive,84.1944,fiber,general,,Twitter
Dallas6,Corporate,32.8740567,-96.771404,9100 N Central Expressway Suite 105,75231,Thu Oct 20 06:43:36 +0000 2016,RT @ATT: Get a sweet deal on the new iPhone 7 when you switch to AT&amp;T and have DIRECTV. https://t.co/TQVeUkmeZ6 https://t.co/zfZmNpe8AP,Positive,98.0584,directv,general,,Twitter
Dallas6,Corporate,32.8740567,-96.771404,9100 N Central Expressway Suite 105,75231,Thu Oct 20 06:16:08 +0000 2016,. @ATTCares fool people by giving unrealistic dates and the same phones are delivered world wide by other https://t.co/usTgcMIK7F?,Neutral,52.2796,general,general,,Twitter
Dallas6,Corporate,32.8740567,-96.771404,9100 N Central Expressway Suite 105,75231,Thu Oct 20 06:11:49 +0000 2016,Is there any chance that you thiefs will give me any of the money i paid when I ordered my phone @ATTCares ?,Negative,99.9942,general,general,,Twitter
Dallas6,Corporate,32.8740567,-96.771404,9100 N Central Expressway Suite 105,75231,Thu Oct 20 06:11:00 +0000 2016,I think its time to move on to @TMobile from @ATT Go fuck yourself @ATTCares,Positive,64.3220,general,general,,Twitter
Dallas6,Corporate,32.8740567,-96.771404,9100 N Central Expressway Suite 105,75231,Thu Oct 20 06:09:20 +0000 2016,"Hey @ATTCares , do you think you can fucking give me an estimate for my iphone 7 plus .. being almost a month since I ordered.",Negative,63.8599,general,general,,Twitter
Dallas6,Corporate,32.8740567,-96.771404,9100 N Central Expressway Suite 105,75231,Thu Oct 20 06:08:32 +0000 2016,RT @ATT: Get a sweet deal on the new iPhone 7 when you switch to AT&amp;T and have DIRECTV. https://t.co/TQVeUkmeZ6 https://t.co/zfZmNpe8AP,Positive,98.0584,directv,general,,Twitter
Dallas6,Corporate,32.8740567,-96.771404,9100 N Central Expressway Suite 105,75231,Thu Oct 20 06:02:35 +0000 2016,RT @ATT: Welcome to the team! @taylorswift13 https://t.co/4h86nLYuLo https://t.co/gAHOi7fPrZ,Positive,84.3125,general,general,,Twitter
Dallas6,Corporate,32.8740567,-96.771404,9100 N Central Expressway Suite 105,75231,Thu Oct 20 06:01:15 +0000 2016,RT @ATT: Welcome to the team! @taylorswift13 https://t.co/4h86nLYuLo https://t.co/gAHOi7fPrZ,Positive,84.3125,general,general,,Twitter
Dallas6,Corporate,32.8740567,-96.771404,9100 N Central Expressway Suite 105,75231,Thu Oct 20 05:41:34 +0000 2016,RT @ATT: Welcome to the team! @taylorswift13 https://t.co/4h86nLYuLo https://t.co/gAHOi7fPrZ,Positive,84.3125,general,general,,Twitter
Dallas6,Corporate,32.8740567,-96.771404,9100 N Central Expressway Suite 105,75231,Thu Oct 20 05:32:37 +0000 2016,@ATTCares Your bitch ass wifi 😤 fix yo servers,Neutral,54.1291,general,general,,Twitter
Dallas6,Corporate,32.8740567,-96.771404,9100 N Central Expressway Suite 105,75231,Thu Oct 20 04:55:22 +0000 2016,RT @ATT: Welcome to the team! @taylorswift13 https://t.co/4h86nLYuLo https://t.co/gAHOi7fPrZ,Positive,84.3125,general,general,,Twitter
Dallas6,Corporate,32.8740567,-96.771404,9100 N Central Expressway Suite 105,75231,Thu Oct 20 04:49:09 +0000 2016,RT @ATT: Welcome to the team! @taylorswift13 https://t.co/4h86nLYuLo https://t.co/gAHOi7fPrZ,Positive,84.3125,general,general,,Twitter
Dallas6,Corporate,32.8740567,-96.771404,9100 N Central Expressway Suite 105,75231,Thu Oct 20 04:46:06 +0000 2016,RT @ATT: Get a sweet deal on the new iPhone 7 when you switch to AT&amp;T and have DIRECTV. https://t.co/TQVeUkmeZ6 https://t.co/zfZmNpe8AP,Positive,98.0584,directv,general,,Twitter
Dallas6,Corporate,32.8740567,-96.771404,9100 N Central Expressway Suite 105,75231,Thu Oct 20 04:34:59 +0000 2016,RT @ATT: Welcome to the team! @taylorswift13 https://t.co/4h86nLYuLo https://t.co/gAHOi7fPrZ,Positive,84.3125,general,general,,Twitter
Dallas6,Corporate,32.8740567,-96.771404,9100 N Central Expressway Suite 105,75231,Thu Oct 20 04:27:29 +0000 2016,RT @ATT: Welcome to the team! @taylorswift13 https://t.co/4h86nLYuLo https://t.co/gAHOi7fPrZ,Positive,84.3125,general,general,,Twitter
Dallas6,Corporate,32.8740567,-96.771404,9100 N Central Expressway Suite 105,75231,Thu Oct 20 04:13:58 +0000 2016,@ATTCares I switched from Uverse to DirecTV yesterday. Does my billing switch automatically to the new plan?,Neutral,50.3167,uverse,general,,Twitter
Dallas6,Corporate,32.8740567,-96.771404,9100 N Central Expressway Suite 105,75231,Thu Oct 20 04:08:59 +0000 2016,RT @ATT: Get a sweet deal on the new iPhone 7 when you switch to AT&amp;T and have DIRECTV. https://t.co/TQVeUkmeZ6 https://t.co/zfZmNpe8AP,Positive,98.0584,directv,general,,Twitter
Dallas6,Corporate,32.8740567,-96.771404,9100 N Central Expressway Suite 105,75231,Thu Oct 20 04:05:32 +0000 2016,RT @ATT: Welcome to the team! @taylorswift13 https://t.co/4h86nLYuLo https://t.co/gAHOi7fPrZ,Positive,84.3125,general,general,,Twitter
Dallas6,Corporate,32.8740567,-96.771404,9100 N Central Expressway Suite 105,75231,Thu Oct 20 03:57:20 +0000 2016,RT @ATT: Who made you a college 🏈 fan? Share with #MadeMeAFanContest for a chance to win. Rules https://t.co/hU3I3wFn5V https://t.co/xZbxUJ…,Positive,88.9294,general,general,,Twitter
Dallas6,Corporate,32.8740567,-96.771404,9100 N Central Expressway Suite 105,75231,Thu Oct 20 03:47:32 +0000 2016,"@ATTCares Thanks, I appreciate the help, just wished service was already available. Been contacting you all for two years, and still nothing",Positive,97.2894,general,general,,Twitter
Dallas6,Corporate,32.8740567,-96.771404,9100 N Central Expressway Suite 105,75231,Thu Oct 20 03:22:58 +0000 2016,@ATT @ATTCares Thank you for the information.,Positive,78.7712,general,general,,Twitter
Dallas6,Corporate,32.8740567,-96.771404,9100 N Central Expressway Suite 105,75231,Thu Oct 20 03:21:54 +0000 2016,RT @ATT: AT&amp;T #Fiber - The future of the internet is now! Starting with a 1000 Mbps connection. https://t.co/FFwtux2s48,Positive,84.1944,fiber,general,,Twitter
Dallas6,Corporate,32.8740567,-96.771404,9100 N Central Expressway Suite 105,75231,Thu Oct 20 03:16:24 +0000 2016,"RT @ATT: Before you vote, grab the remote and tune into the final #debatenight at 8/7c. #UNLVPresDebate https://t.co/afLxTSZMLW",Neutral,51.1513,general,general,,Twitter
Dallas6,Corporate,32.8740567,-96.771404,9100 N Central Expressway Suite 105,75231,Thu Oct 20 03:14:17 +0000 2016,@ATTCares so glad I rushed home to watch the debate.  No home internet or TV is ridiculous.,Negative,97.0837,general,general,,Twitter
Dallas6,Corporate,32.8740567,-96.771404,9100 N Central Expressway Suite 105,75231,Thu Oct 20 02:58:46 +0000 2016,RT @tonyromo: I wanna thank @DIRECTV for allowing me to show off my true self.  ;)  embarrassing is an understatement http://t.co/F0NniFESlL,Negative,85.6134,directv,general,,Twitter
Dallas6,Corporate,32.8740567,-96.771404,9100 N Central Expressway Suite 105,75231,Thu Oct 20 02:55:42 +0000 2016,@ATTCares Uverse down again. 5/7 calls over the past week and still not getting what I need.,Positive,86.4047,uverse,general,,Twitter
Dallas6,Corporate,32.8740567,-96.771404,9100 N Central Expressway Suite 105,75231,Thu Oct 20 02:34:06 +0000 2016,"RT @ATT: Before you vote, grab the remote and tune into the final #debatenight at 8/7c. #UNLVPresDebate https://t.co/afLxTSZMLW",Neutral,51.1513,general,general,,Twitter
Dallas6,Corporate,32.8740567,-96.771404,9100 N Central Expressway Suite 105,75231,Thu Oct 20 02:32:15 +0000 2016,RT @ATT: Welcome to the team! @taylorswift13 https://t.co/4h86nLYuLo https://t.co/gAHOi7fPrZ,Positive,84.3125,general,general,,Twitter
Dallas6,Corporate,32.8740567,-96.771404,9100 N Central Expressway Suite 105,75231,Thu Oct 20 02:31:20 +0000 2016,RT @ATT: Get a sweet deal on the new iPhone 7 when you switch to AT&amp;T and have DIRECTV. https://t.co/TQVeUkmeZ6 https://t.co/zfZmNpe8AP,Positive,98.0584,directv,general,,Twitter
Dallas6,Corporate,32.8740567,-96.771404,9100 N Central Expressway Suite 105,75231,Thu Oct 20 02:28:20 +0000 2016,RT @ATT: AT&amp;T #Fiber - The future of the internet is now! Starting with a 1000 Mbps connection. https://t.co/Rw8zxmVDRY,Positive,84.1944,fiber,general,,Twitter
Dallas6,Corporate,32.8740567,-96.771404,9100 N Central Expressway Suite 105,75231,Thu Oct 20 02:23:05 +0000 2016,RT @ATT: Welcome to the team! @taylorswift13 https://t.co/4h86nLYuLo https://t.co/gAHOi7fPrZ,Positive,84.3125,general,general,,Twitter
Dallas6,Corporate,32.8740567,-96.771404,9100 N Central Expressway Suite 105,75231,Thu Oct 20 02:11:25 +0000 2016,@ATTCares are those song lyrics? Seems like there should be music playing,Negative,92.9966,general,general,,Twitter
Dallas6,Corporate,32.8740567,-96.771404,9100 N Central Expressway Suite 105,75231,Thu Oct 20 02:10:34 +0000 2016,RT @ATT: Who made you a college 🏈 fan? Share with #MadeMeAFanContest for a chance to win. Rules https://t.co/hU3I3wFn5V https://t.co/xZbxUJ…,Positive,88.9294,general,general,,Twitter
Dallas6,Corporate,32.8740567,-96.771404,9100 N Central Expressway Suite 105,75231,Thu Oct 20 02:07:58 +0000 2016,RT @ATT: Get a sweet deal on the new iPhone 7 when you switch to AT&amp;T and have DIRECTV. https://t.co/TQVeUkmeZ6 https://t.co/zfZmNpe8AP,Positive,98.0584,directv,general,,Twitter
Dallas6,Corporate,32.8740567,-96.771404,9100 N Central Expressway Suite 105,75231,Thu Oct 20 01:47:09 +0000 2016,RT @ATT: Welcome to the team! @taylorswift13 https://t.co/4h86nLYuLo https://t.co/gAHOi7fPrZ,Positive,84.3125,general,general,,Twitter
Dallas6,Corporate,32.8740567,-96.771404,9100 N Central Expressway Suite 105,75231,Thu Oct 20 01:36:47 +0000 2016,RT @ATT: Who made you a college 🏈 fan? Share with #MadeMeAFanContest for a chance to win. Rules https://t.co/hU3I3wFn5V https://t.co/xZbxUJ…,Positive,88.9294,general,general,,Twitter
Dallas6,Corporate,32.8740567,-96.771404,9100 N Central Expressway Suite 105,75231,Thu Oct 20 01:36:05 +0000 2016,"RT @ATT: Before you vote, grab the remote and tune into the final #debatenight at 8/7c. #UNLVPresDebate https://t.co/afLxTSZMLW",Neutral,51.1513,general,general,,Twitter
Dallas6,Corporate,32.8740567,-96.771404,9100 N Central Expressway Suite 105,75231,Thu Oct 20 01:34:13 +0000 2016,RT @ATT: Get a sweet deal on the new iPhone 7 when you switch to AT&amp;T and have DIRECTV. https://t.co/TQVeUkmeZ6 https://t.co/zfZmNpe8AP,Positive,98.0584,directv,general,,Twitter
Dallas6,Corporate,32.8740567,-96.771404,9100 N Central Expressway Suite 105,75231,Thu Oct 20 01:21:45 +0000 2016,@dalton_trigg @dallasmavs @DIRECTV STEP. UP. Direct TV.,Neutral,51.6025,directv,general,,Twitter
Dallas6,Corporate,32.8740567,-96.771404,9100 N Central Expressway Suite 105,75231,Thu Oct 20 01:13:11 +0000 2016,@TheTimMurray @ATT ridiculous!,Negative,80.7792,general,general,,Twitter
Dallas6,Corporate,32.8740567,-96.771404,9100 N Central Expressway Suite 105,75231,Thu Oct 20 01:05:23 +0000 2016,RT @ATT: Get a sweet deal on the new iPhone 7 when you switch to AT&amp;T and have DIRECTV. https://t.co/TQVeUkmeZ6 https://t.co/zfZmNpe8AP,Positive,98.0584,directv,general,,Twitter
Dallas6,Corporate,32.8740567,-96.771404,9100 N Central Expressway Suite 105,75231,Thu Oct 20 00:58:44 +0000 2016,RT @ATT: Get a sweet deal on the new iPhone 7 when you switch to AT&amp;T and have DIRECTV. https://t.co/TQVeUkmeZ6 https://t.co/zfZmNpe8AP,Positive,98.0584,directv,general,,Twitter
Dallas6,Corporate,32.8740567,-96.771404,9100 N Central Expressway Suite 105,75231,Thu Oct 20 00:45:01 +0000 2016,"RT @DMNBiz: New media agency lands @ATT, opens shop in Dallas and plans to employ 100 people https://t.co/DFRmKVwrSP @mitchschnurman https:…",Neutral,56.5613,general,general,,Twitter
Dallas6,Corporate,32.8740567,-96.771404,9100 N Central Expressway Suite 105,75231,Thu Oct 20 00:34:32 +0000 2016,@ATT @ATTCares: Any plans on expanding in Zip Code 73012? Thanks!,Neutral,56.1536,general,general,,Twitter
Dallas6,Corporate,32.8740567,-96.771404,9100 N Central Expressway Suite 105,75231,Thu Oct 20 00:34:15 +0000 2016,RT @ATT: Get a sweet deal on the new iPhone 7 when you switch to AT&amp;T and have DIRECTV. https://t.co/TQVeUkmeZ6 https://t.co/zfZmNpe8AP,Positive,98.0584,directv,general,,Twitter
Dallas6,Corporate,32.8740567,-96.771404,9100 N Central Expressway Suite 105,75231,Thu Oct 20 00:31:51 +0000 2016,RT @ATT: Get a sweet deal on the new iPhone 7 when you switch to AT&amp;T and have DIRECTV. https://t.co/TQVeUkmeZ6 https://t.co/zfZmNpe8AP,Positive,98.0584,directv,general,,Twitter
Dallas6,Corporate,32.8740567,-96.771404,9100 N Central Expressway Suite 105,75231,Thu Oct 20 00:30:22 +0000 2016,@DIRECTV Please forward to all of your male employees. https://t.co/nAKxTU3x4W,Positive,79.9350,directv,general,,Twitter
Dallas6,Corporate,32.8740567,-96.771404,9100 N Central Expressway Suite 105,75231,Thu Oct 20 00:10:29 +0000 2016,RT @ATT: Welcome to the team! @taylorswift13 https://t.co/4h86nLYuLo https://t.co/gAHOi7fPrZ,Positive,84.3125,general,general,,Twitter
Dallas6,Corporate,32.8740567,-96.771404,9100 N Central Expressway Suite 105,75231,Wed Oct 19 23:59:49 +0000 2016,@DIRECTV your staff is really in need of updated training on how to behave around women AND how to respond to sexual harassment complaints,Positive,65.5229,directv,general,,Twitter
Dallas6,Corporate,32.8740567,-96.771404,9100 N Central Expressway Suite 105,75231,Wed Oct 19 23:58:15 +0000 2016,@DIRECTV I was sexually harassed by 3 members of your staff. I tried to handle this privately thru  website to no avail. Who can I email?,Negative,98.6187,directv,general,,Twitter
Dallas6,Corporate,32.8740567,-96.771404,9100 N Central Expressway Suite 105,75231,Wed Oct 19 23:51:17 +0000 2016,"@ATT I need this fiber in Lubbock, TX!!",Neutral,53.1251,fiber,general,,Twitter
Dallas6,Corporate,32.8740567,-96.771404,9100 N Central Expressway Suite 105,75231,Wed Oct 19 23:44:11 +0000 2016,RT @ATT: Get a sweet deal on the new iPhone 7 when you switch to AT&amp;T and have DIRECTV. https://t.co/TQVeUkmeZ6 https://t.co/zfZmNpe8AP,Positive,98.0584,directv,general,,Twitter
Dallas6,Corporate,32.8740567,-96.771404,9100 N Central Expressway Suite 105,75231,Wed Oct 19 23:37:27 +0000 2016,"RT @dallasnews: New media agency @Hearts_Science lands @ATT, opens shop in Dallas and plans to employ 100 people https://t.co/f5bPR9R5EQ @m…",Neutral,56.5613,general,general,,Twitter
Dallas6,Corporate,32.8740567,-96.771404,9100 N Central Expressway Suite 105,75231,Wed Oct 19 23:35:22 +0000 2016,"New media agency lands @ATT, opens shop in Dallas and plans to employ 100 people https://t.co/DFRmKVwrSP… https://t.co/TzAKIz7Otr",Neutral,56.5613,general,general,,Twitter
Dallas6,Corporate,32.8740567,-96.771404,9100 N Central Expressway Suite 105,75231,Wed Oct 19 23:34:12 +0000 2016,RT @ATT: Get a sweet deal on the new iPhone 7 when you switch to AT&amp;T and have DIRECTV. https://t.co/TQVeUkmeZ6 https://t.co/zfZmNpe8AP,Positive,98.0584,directv,general,,Twitter
Dallas6,Corporate,32.8740567,-96.771404,9100 N Central Expressway Suite 105,75231,Wed Oct 19 23:32:24 +0000 2016,"RT @ATT: Before you vote, grab the remote and tune into the final #debatenight at 8/7c. #UNLVPresDebate https://t.co/afLxTSZMLW",Neutral,51.1513,general,general,,Twitter
Dallas6,Corporate,32.8740567,-96.771404,9100 N Central Expressway Suite 105,75231,Wed Oct 19 23:22:47 +0000 2016,RT @ATT: Get a sweet deal on the new iPhone 7 when you switch to AT&amp;T and have DIRECTV. https://t.co/TQVeUkmeZ6 https://t.co/zfZmNpe8AP,Positive,98.0584,directv,general,,Twitter
Dallas6,Corporate,32.8740567,-96.771404,9100 N Central Expressway Suite 105,75231,Wed Oct 19 23:21:02 +0000 2016,"RT @ATT: Before you vote, grab the remote and tune into the final #debatenight at 8/7c. #UNLVPresDebate https://t.co/afLxTSZMLW",Neutral,51.1513,general,general,,Twitter
Dallas6,Corporate,32.8740567,-96.771404,9100 N Central Expressway Suite 105,75231,Wed Oct 19 23:07:13 +0000 2016,"RT @dallasnews: New media agency @Hearts_Science lands @ATT, opens shop in Dallas and plans to employ 100 people https://t.co/f5bPR9R5EQ @m…",Neutral,56.5613,general,general,,Twitter
Dallas6,Corporate,32.8740567,-96.771404,9100 N Central Expressway Suite 105,75231,Wed Oct 19 23:04:42 +0000 2016,"RT @ATT: Before you vote, grab the remote and tune into the final #debatenight at 8/7c. #UNLVPresDebate https://t.co/afLxTSZMLW",Neutral,51.1513,general,general,,Twitter
Dallas6,Corporate,32.8740567,-96.771404,9100 N Central Expressway Suite 105,75231,Wed Oct 19 23:00:29 +0000 2016,@ATTCares @SamsungSupport before it EXPLODES!,Neutral,50.0000,general,general,,Twitter
Dallas6,Corporate,32.8740567,-96.771404,9100 N Central Expressway Suite 105,75231,Wed Oct 19 22:53:18 +0000 2016,RT @Uverse: The #13NightsOfHalloween begin TONIGHT on @FreeformTV with R.L. Stein's Monsterville: Cabinet of Souls at 7/6c! 🎃 https://t.co/…,Neutral,51.3085,uverse,general,,Twitter
Dallas6,Corporate,32.8740567,-96.771404,9100 N Central Expressway Suite 105,75231,Wed Oct 19 22:46:12 +0000 2016,RT @Uverse: The #13NightsOfHalloween begin TONIGHT on @FreeformTV with R.L. Stein's Monsterville: Cabinet of Souls at 7/6c! 🎃 https://t.co/…,Neutral,51.3085,uverse,general,,Twitter
Dallas6,Corporate,32.8740567,-96.771404,9100 N Central Expressway Suite 105,75231,Wed Oct 19 22:36:23 +0000 2016,RT @Uverse: The #13NightsOfHalloween begin TONIGHT on @FreeformTV with R.L. Stein's Monsterville: Cabinet of Souls at 7/6c! 🎃 https://t.co/…,Neutral,51.3085,uverse,general,,Twitter
Dallas6,Corporate,32.8740567,-96.771404,9100 N Central Expressway Suite 105,75231,Wed Oct 19 22:35:46 +0000 2016,RT @ATT: @tayIorhq We’ll be giving away lots of tickets to fans and AT&amp;T customers soon. We’ll share details later.,Positive,90.0816,general,general,,Twitter
Dallas6,Corporate,32.8740567,-96.771404,9100 N Central Expressway Suite 105,75231,Wed Oct 19 22:35:06 +0000 2016,RT @Uverse: The #13NightsOfHalloween begin TONIGHT on @FreeformTV with R.L. Stein's Monsterville: Cabinet of Souls at 7/6c! 🎃 https://t.co/…,Neutral,51.3085,uverse,general,,Twitter
Dallas6,Corporate,32.8740567,-96.771404,9100 N Central Expressway Suite 105,75231,Wed Oct 19 22:31:21 +0000 2016,"RT @dallasnews: New media agency @Hearts_Science lands @ATT, opens shop in Dallas and plans to employ 100 people https://t.co/f5bPR9R5EQ @m…",Neutral,56.5613,general,general,,Twitter
Dallas6,Corporate,32.8740567,-96.771404,9100 N Central Expressway Suite 105,75231,Wed Oct 19 22:28:10 +0000 2016,@martmig7 @ATT what happened here? LoL,Negative,84.3747,general,general,,Twitter
