Dallas12,Authorized,32.836504,-96.771185,5618 E Mockingbird Lane,75206,Sun Oct 23 07:47:09 +0000 2016,AT&amp;T Managing Presidential Emails On Webserver From 1997! https://t.co/qWryk70RHE ...,Neutral,50.0000,general,general,,Twitter
Dallas12,Authorized,32.836504,-96.771185,5618 E Mockingbird Lane,75206,Sun Oct 23 02:49:44 +0000 2016,AT&amp;T agrees to buy Time Warner for $80 billion https://t.co/fIjKt53ZOS via @DallasBizNews,Positive,63.9246,general,general,,Twitter
Dallas12,Authorized,32.836504,-96.771185,5618 E Mockingbird Lane,75206,Sun Oct 23 01:47:48 +0000 2016,RT @rogerkinkaid: AT&amp;T Managing Presidential Emails On Webserver From 1997! https://t.co/7U803Gaqtt,Neutral,50.0000,general,general,,Twitter
Dallas12,Authorized,32.836504,-96.771185,5618 E Mockingbird Lane,75206,Sun Oct 23 01:47:09 +0000 2016,AT&amp;T Managing Presidential Emails On Webserver From 1997! https://t.co/7U803Gaqtt,Neutral,50.0000,general,general,,Twitter
Dallas12,Authorized,32.836504,-96.771185,5618 E Mockingbird Lane,75206,Sun Oct 23 00:53:16 +0000 2016,"AT&amp;T to buy HBO, CNN, and the rest of Time Warner for more than $80 billion https://t.co/xdxRDp3FDv via @Verge",Negative,74.1750,general,general,,Twitter
Dallas12,Authorized,32.836504,-96.771185,5618 E Mockingbird Lane,75206,Sun Oct 23 00:27:40 +0000 2016,"RT @akamevil: Jarriv jvoi 1 racli mega laide, jme dit nn att c pas elle ; jappelle la Meuf, jvoi c la laide qui décroche, jui parti ni vu n…",Negative,71.9887,general,general,,Twitter
Dallas12,Authorized,32.836504,-96.771185,5618 E Mockingbird Lane,75206,Sun Oct 23 00:06:11 +0000 2016,Confirmed: AT&amp;T is buying Time Warner for $85.4B in cash and shares https://t.co/zHQtxNDfzA https://t.co/j4dqkqnknk,Positive,70.5633,general,general,,Twitter
Dallas12,Authorized,32.836504,-96.771185,5618 E Mockingbird Lane,75206,Sat Oct 22 22:36:58 +0000 2016,My @Uverse DVR was unceremoniously updated this morning as I watched. Black hat or preemptive patch update after yesterday. Hmm.,Negative,85.2941,uverse,general,,Twitter
Dallas12,Authorized,32.836504,-96.771185,5618 E Mockingbird Lane,75206,Sat Oct 22 22:36:43 +0000 2016,"RT @akamevil: Jarriv jvoi 1 racli mega laide, jme dit nn att c pas elle ; jappelle la Meuf, jvoi c la laide qui décroche, jui parti ni vu n…",Negative,71.9887,general,general,,Twitter
Dallas12,Authorized,32.836504,-96.771185,5618 E Mockingbird Lane,75206,Sat Oct 22 22:23:20 +0000 2016,18th Annual AT&amp;T Cybersecurity Conference https://t.co/RmcO7T9Dcn,Positive,83.3288,general,general,,Twitter
Dallas12,Authorized,32.836504,-96.771185,5618 E Mockingbird Lane,75206,Sat Oct 22 20:51:28 +0000 2016,@dcexaminer Merger between ATT and TimeWarner shouldn't be approved. Media not operating in the public interest. Split them not merge them.,Negative,80.5323,general,general,,Twitter
Dallas12,Authorized,32.836504,-96.771185,5618 E Mockingbird Lane,75206,Sat Oct 22 19:57:32 +0000 2016,AT&amp;T Managing Presidential Emails On Webserver From 1997! https://t.co/mfkMb0ZGFV .,Neutral,50.0000,general,general,,Twitter
Dallas12,Authorized,32.836504,-96.771185,5618 E Mockingbird Lane,75206,Sat Oct 22 19:56:25 +0000 2016,No @Uverse already sucks. Where will I go when I finally get fed up? https://t.co/clWyY63dKJ,Negative,90.2888,uverse,general,,Twitter
Dallas12,Authorized,32.836504,-96.771185,5618 E Mockingbird Lane,75206,Sat Oct 22 19:45:41 +0000 2016,@WSJ I'm gonna have dinner with #MaBell sooner than later. She's been a part of my family's life for more than 60 years. #ATT #TimeWarner,Positive,96.6016,general,general,,Twitter
Dallas12,Authorized,32.836504,-96.771185,5618 E Mockingbird Lane,75206,Sat Oct 22 19:36:04 +0000 2016,AT&amp;T Agrees to Buy Time Warner for More Than $80 Billion https://t.co/lJedoXaPQ0,Positive,71.0501,general,general,,Twitter
Dallas12,Authorized,32.836504,-96.771185,5618 E Mockingbird Lane,75206,Sat Oct 22 18:56:18 +0000 2016,DRUDGE_REPORT: Monster Merger: $80B... https://t.co/Wv25WV8RHV,Negative,64.5788,general,general,,Twitter
Dallas12,Authorized,32.836504,-96.771185,5618 E Mockingbird Lane,75206,Sat Oct 22 18:54:39 +0000 2016,"RT @akamevil: Jarriv jvoi 1 racli mega laide, jme dit nn att c pas elle ; jappelle la Meuf, jvoi c la laide qui décroche, jui parti ni vu n…",Negative,71.9887,general,general,,Twitter
Dallas12,Authorized,32.836504,-96.771185,5618 E Mockingbird Lane,75206,Sat Oct 22 18:54:09 +0000 2016,"RT @akamevil: Jarriv jvoi 1 racli mega laide, jme dit nn att c pas elle ; jappelle la Meuf, jvoi c la laide qui décroche, jui parti ni vu n…",Negative,71.9887,general,general,,Twitter
Dallas12,Authorized,32.836504,-96.771185,5618 E Mockingbird Lane,75206,Sat Oct 22 18:45:25 +0000 2016,First @DIRECTV and now Time Warner. @ATT is going all out in cable. https://t.co/Lbl5YbFVSf,Neutral,58.9900,directv,general,,Twitter
Dallas12,Authorized,32.836504,-96.771185,5618 E Mockingbird Lane,75206,Sat Oct 22 18:24:08 +0000 2016,"AT&amp;T Agrees to Buy Time Warner for More Than $80 Billion, via @nytimes https://t.co/XcExhUiBAm",Positive,71.0501,general,general,,Twitter
Dallas12,Authorized,32.836504,-96.771185,5618 E Mockingbird Lane,75206,Sat Oct 22 18:17:42 +0000 2016,AT&amp;T Agrees to Buy Time Warner for More Than $80 Billion https://t.co/537EUqaYZ1,Positive,71.0501,general,general,,Twitter
Dallas12,Authorized,32.836504,-96.771185,5618 E Mockingbird Lane,75206,Sat Oct 22 16:39:04 +0000 2016,nypost: RT claireatki: Why AT&amp;T wants Time Warner https://t.co/VnLfsYl2uO via nypost,Neutral,52.6782,general,general,,Twitter
Dallas12,Authorized,32.836504,-96.771185,5618 E Mockingbird Lane,75206,Sat Oct 22 15:45:56 +0000 2016,RT @kn3gek: Merger btw ATT and TimeWarner (CNN parent)  shouldn't be approved. Media not operating in the public interest. Split them up no…,Negative,89.0588,general,general,,Twitter
Dallas12,Authorized,32.836504,-96.771185,5618 E Mockingbird Lane,75206,Sat Oct 22 15:03:10 +0000 2016,Merger btw ATT and TimeWarner (CNN parent)  shouldn't be approved. Media not operating in the public interest. Split them up not merge them.,Negative,97.2439,general,general,,Twitter
Dallas12,Authorized,32.836504,-96.771185,5618 E Mockingbird Lane,75206,Sat Oct 22 14:16:22 +0000 2016,FoxNews: Report: ATT agrees in principle to buy Time Warner for $85 billion. https://t.co/Rm8hALplX3,Positive,82.9681,general,general,,Twitter
Dallas12,Authorized,32.836504,-96.771185,5618 E Mockingbird Lane,75206,Sat Oct 22 14:07:33 +0000 2016,AT&amp;T Managing Presidential Emails On Webserver From 1997! https://t.co/YlglbZRaxA ..,Neutral,50.0000,general,general,,Twitter
Dallas12,Authorized,32.836504,-96.771185,5618 E Mockingbird Lane,75206,Sat Oct 22 13:35:13 +0000 2016,@williamdmcd @hillfmcd what about getting directv?,Negative,75.2813,directv,general,,Twitter
Dallas12,Authorized,32.836504,-96.771185,5618 E Mockingbird Lane,75206,Sat Oct 22 13:15:08 +0000 2016,"RT @akamevil: Jarriv jvoi 1 racli mega laide, jme dit nn att c pas elle ; jappelle la Meuf, jvoi c la laide qui décroche, jui parti ni vu n…",Negative,71.9887,general,general,,Twitter
Dallas12,Authorized,32.836504,-96.771185,5618 E Mockingbird Lane,75206,Sat Oct 22 11:45:13 +0000 2016,"RT @akamevil: Jarriv jvoi 1 racli mega laide, jme dit nn att c pas elle ; jappelle la Meuf, jvoi c la laide qui décroche, jui parti ni vu n…",Negative,71.9887,general,general,,Twitter
Dallas12,Authorized,32.836504,-96.771185,5618 E Mockingbird Lane,75206,Sat Oct 22 11:35:26 +0000 2016,"RT @akamevil: Jarriv jvoi 1 racli mega laide, jme dit nn att c pas elle ; jappelle la Meuf, jvoi c la laide qui décroche, jui parti ni vu n…",Negative,71.9887,general,general,,Twitter
Dallas12,Authorized,32.836504,-96.771185,5618 E Mockingbird Lane,75206,Sat Oct 22 11:17:09 +0000 2016,"RT @akamevil: Jarriv jvoi 1 racli mega laide, jme dit nn att c pas elle ; jappelle la Meuf, jvoi c la laide qui décroche, jui parti ni vu n…",Negative,71.9887,general,general,,Twitter
Dallas12,Authorized,32.836504,-96.771185,5618 E Mockingbird Lane,75206,Sat Oct 22 10:46:47 +0000 2016,"RT @akamevil: Jarriv jvoi 1 racli mega laide, jme dit nn att c pas elle ; jappelle la Meuf, jvoi c la laide qui décroche, jui parti ni vu n…",Negative,71.9887,general,general,,Twitter
Dallas12,Authorized,32.836504,-96.771185,5618 E Mockingbird Lane,75206,Sat Oct 22 10:31:17 +0000 2016,"RT @akamevil: Jarriv jvoi 1 racli mega laide, jme dit nn att c pas elle ; jappelle la Meuf, jvoi c la laide qui décroche, jui parti ni vu n…",Negative,71.9887,general,general,,Twitter
Dallas12,Authorized,32.836504,-96.771185,5618 E Mockingbird Lane,75206,Sat Oct 22 10:28:53 +0000 2016,"RT @akamevil: Jarriv jvoi 1 racli mega laide, jme dit nn att c pas elle ; jappelle la Meuf, jvoi c la laide qui décroche, jui parti ni vu n…",Negative,71.9887,general,general,,Twitter
Dallas12,Authorized,32.836504,-96.771185,5618 E Mockingbird Lane,75206,Sat Oct 22 10:27:12 +0000 2016,"RT @akamevil: Jarriv jvoi 1 racli mega laide, jme dit nn att c pas elle ; jappelle la Meuf, jvoi c la laide qui décroche, jui parti ni vu n…",Negative,71.9887,general,general,,Twitter
Dallas12,Authorized,32.836504,-96.771185,5618 E Mockingbird Lane,75206,Sat Oct 22 10:17:13 +0000 2016,"RT @akamevil: Jarriv jvoi 1 racli mega laide, jme dit nn att c pas elle ; jappelle la Meuf, jvoi c la laide qui décroche, jui parti ni vu n…",Negative,71.9887,general,general,,Twitter
Dallas12,Authorized,32.836504,-96.771185,5618 E Mockingbird Lane,75206,Sat Oct 22 10:10:24 +0000 2016,"RT @akamevil: Jarriv jvoi 1 racli mega laide, jme dit nn att c pas elle ; jappelle la Meuf, jvoi c la laide qui décroche, jui parti ni vu n…",Negative,71.9887,general,general,,Twitter
Dallas12,Authorized,32.836504,-96.771185,5618 E Mockingbird Lane,75206,Sat Oct 22 09:47:30 +0000 2016,"RT @akamevil: Jarriv jvoi 1 racli mega laide, jme dit nn att c pas elle ; jappelle la Meuf, jvoi c la laide qui décroche, jui parti ni vu n…",Negative,71.9887,general,general,,Twitter
Dallas12,Authorized,32.836504,-96.771185,5618 E Mockingbird Lane,75206,Sat Oct 22 09:05:17 +0000 2016,"RT @akamevil: Jarriv jvoi 1 racli mega laide, jme dit nn att c pas elle ; jappelle la Meuf, jvoi c la laide qui décroche, jui parti ni vu n…",Negative,71.9887,general,general,,Twitter
Dallas12,Authorized,32.836504,-96.771185,5618 E Mockingbird Lane,75206,Sat Oct 22 09:00:20 +0000 2016,"RT @akamevil: Jarriv jvoi 1 racli mega laide, jme dit nn att c pas elle ; jappelle la Meuf, jvoi c la laide qui décroche, jui parti ni vu n…",Negative,71.9887,general,general,,Twitter
Dallas12,Authorized,32.836504,-96.771185,5618 E Mockingbird Lane,75206,Sat Oct 22 08:59:53 +0000 2016,"RT @akamevil: Jarriv jvoi 1 racli mega laide, jme dit nn att c pas elle ; jappelle la Meuf, jvoi c la laide qui décroche, jui parti ni vu n…",Negative,71.9887,general,general,,Twitter
Dallas12,Authorized,32.836504,-96.771185,5618 E Mockingbird Lane,75206,Sat Oct 22 08:56:48 +0000 2016,"RT @akamevil: Jarriv jvoi 1 racli mega laide, jme dit nn att c pas elle ; jappelle la Meuf, jvoi c la laide qui décroche, jui parti ni vu n…",Negative,71.9887,general,general,,Twitter
Dallas12,Authorized,32.836504,-96.771185,5618 E Mockingbird Lane,75206,Sat Oct 22 08:53:20 +0000 2016,"RT @akamevil: Jarriv jvoi 1 racli mega laide, jme dit nn att c pas elle ; jappelle la Meuf, jvoi c la laide qui décroche, jui parti ni vu n…",Negative,71.9887,general,general,,Twitter
Dallas12,Authorized,32.836504,-96.771185,5618 E Mockingbird Lane,75206,Sat Oct 22 08:52:21 +0000 2016,"RT @akamevil: Jarriv jvoi 1 racli mega laide, jme dit nn att c pas elle ; jappelle la Meuf, jvoi c la laide qui décroche, jui parti ni vu n…",Negative,71.9887,general,general,,Twitter
Dallas12,Authorized,32.836504,-96.771185,5618 E Mockingbird Lane,75206,Sat Oct 22 08:51:56 +0000 2016,"Jarriv jvoi 1 racli mega laide, jme dit nn att c pas elle ; jappelle la Meuf, jvoi c la laide qui décroche, jui par… https://t.co/qoUa9esWUd",Negative,71.9887,general,general,,Twitter
Dallas12,Authorized,32.836504,-96.771185,5618 E Mockingbird Lane,75206,Sat Oct 22 07:47:24 +0000 2016,AT&amp;T Managing Presidential Emails On Webserver From 1997! https://t.co/XjOh83ELPw ...,Neutral,50.0000,general,general,,Twitter
Dallas12,Authorized,32.836504,-96.771185,5618 E Mockingbird Lane,75206,Sat Oct 22 03:27:38 +0000 2016,Merger btw ATT and TimeWarner (CNN parent)  shouldn't be approved. Big media not operating in the public interest. Should split 'em up.,Negative,83.7847,general,general,,Twitter
Dallas12,Authorized,32.836504,-96.771185,5618 E Mockingbird Lane,75206,Sat Oct 22 01:57:22 +0000 2016,AT&amp;T Managing Presidential Emails On Webserver From 1997! https://t.co/ALSZz5DClX,Neutral,50.0000,general,general,,Twitter
Dallas12,Authorized,32.836504,-96.771185,5618 E Mockingbird Lane,75206,Sat Oct 22 00:52:07 +0000 2016,AT&amp;T is close to acquiring Time Warner for $85 billion - AT&amp;T is nearing a deal to acquire Time Warner for $110... https://t.co/XuuHkuWWZ4,Positive,90.5204,general,general,,Twitter
Dallas12,Authorized,32.836504,-96.771185,5618 E Mockingbird Lane,75206,Fri Oct 21 22:44:25 +0000 2016,Merger between TimeWarner (CNN parent) and ATT shouldn't be approved. Big media isn't operating in the public interest. Should break 'em up.,Negative,63.1016,general,general,,Twitter
Dallas12,Authorized,32.836504,-96.771185,5618 E Mockingbird Lane,75206,Fri Oct 21 21:15:42 +0000 2016,I just checked in @ATT with #mPLUSPlaces Download today!  https://t.co/kmmkcolVK7,Neutral,57.5572,general,general,,Twitter
Dallas12,Authorized,32.836504,-96.771185,5618 E Mockingbird Lane,75206,Fri Oct 21 21:06:00 +0000 2016,"AT&amp;T, Time Warner meet on possible merger - report: (Telecompaper) Senior executives at AT&amp;T and Time Warner ... https://t.co/cMx3o9mwan",Positive,67.0560,general,general,,Twitter
Dallas12,Authorized,32.836504,-96.771185,5618 E Mockingbird Lane,75206,Fri Oct 21 20:45:55 +0000 2016,A merger btw TimeWarner (CNN parent) and ATT should not be approved. Big media isn't operating in the public interest. Should break them up.,Negative,89.7905,general,general,,Twitter
Dallas12,Authorized,32.836504,-96.771185,5618 E Mockingbird Lane,75206,Fri Oct 21 19:26:56 +0000 2016,@ATTCares I need help finding out if my phone is payed off,Neutral,53.2586,general,general,,Twitter
Dallas12,Authorized,32.836504,-96.771185,5618 E Mockingbird Lane,75206,Fri Oct 21 16:10:39 +0000 2016,AT&amp;T said to be “in advanced talks” to purchase Time Warner https://t.co/YTrajWsixN https://t.co/IhAXWT8kjC,Positive,67.0242,general,general,,Twitter
Dallas12,Authorized,32.836504,-96.771185,5618 E Mockingbird Lane,75206,Fri Oct 21 15:40:12 +0000 2016,"@FoxNews @WSJ @ATT Nooooo!  I have my ""net"" with them, and AT &amp;T is just awful people say!!",Negative,99.9941,general,general,,Twitter
Dallas12,Authorized,32.836504,-96.771185,5618 E Mockingbird Lane,75206,Fri Oct 21 15:35:41 +0000 2016,FoxNews: .WSJ: ATT is in advanced talks to acquire Time Warner as soon as this weekend. https://t.co/52tny9AZfQ,Positive,80.3905,general,general,,Twitter
Dallas12,Authorized,32.836504,-96.771185,5618 E Mockingbird Lane,75206,Fri Oct 21 15:25:58 +0000 2016,Report: Time Warner in Advanced Talks With AT&amp;T | Broadcasting &amp; Cable: https://t.co/IbukphMRCr,Positive,79.2288,general,general,,Twitter
Dallas12,Authorized,32.836504,-96.771185,5618 E Mockingbird Lane,75206,Fri Oct 21 13:26:04 +0000 2016,AT&amp;T Managing Presidential Emails On Webserver From 1997! https://t.co/oAC4QJUmUy https://t.co/OVd85lLtAO,Neutral,50.0000,general,general,,Twitter
Dallas12,Authorized,32.836504,-96.771185,5618 E Mockingbird Lane,75206,Fri Oct 21 13:26:04 +0000 2016,AT&amp;T Managing Presidential Emails On Webserver From 1997! https://t.co/IVZLWDcEEP,Neutral,50.0000,general,general,,Twitter
Dallas12,Authorized,32.836504,-96.771185,5618 E Mockingbird Lane,75206,Thu Oct 20 21:58:06 +0000 2016,"AT&amp;T, Ericsson and Other Market Leaders Join the CBRS Alliance ... - Business Wire (press release)… https://t.co/skCy3hWciq",Neutral,57.4581,general,general,,Twitter
Dallas12,Authorized,32.836504,-96.771185,5618 E Mockingbird Lane,75206,Thu Oct 20 18:41:41 +0000 2016,@ATTCares Check my call history! I'm going blue  repeating my story 😡Or have some call me like they promised they would 😡,Negative,93.5774,general,general,,Twitter
Dallas12,Authorized,32.836504,-96.771185,5618 E Mockingbird Lane,75206,Thu Oct 20 15:23:57 +0000 2016,"@ATT 2 calls later, spoke to 5 people and still don't have my issue resolved! I have DIRECTV, internet, home phone &amp; 4 cell phones with you!",Neutral,50.8416,directv,general,,Twitter
Dallas12,Authorized,32.836504,-96.771185,5618 E Mockingbird Lane,75206,Wed Oct 19 21:11:36 +0000 2016,I just checked in @ATT with #mPLUSPlaces Download today!  https://t.co/kmmkcolVK7,Neutral,57.5572,general,general,,Twitter
Dallas12,Authorized,32.836504,-96.771185,5618 E Mockingbird Lane,75206,Wed Oct 19 18:43:03 +0000 2016,RT @Teamcandotx: #teamcando #tugglenation We wear Pink because we support Breast Cancer Awareness! #BreastCancerAwarenessMonth #LifeAtATT…,Positive,81.0151,general,general,,Twitter
Dallas12,Authorized,32.836504,-96.771185,5618 E Mockingbird Lane,75206,Wed Oct 19 18:36:02 +0000 2016,#teamcando #tugglenation We wear Pink because we support Breast Cancer Awareness! #BreastCancerAwarenessMonth… https://t.co/9DnCmIpi6B,Positive,81.0151,general,general,,Twitter
Dallas12,Authorized,32.836504,-96.771185,5618 E Mockingbird Lane,75206,Wed Oct 19 18:35:01 +0000 2016,@ATTCares I am still experiencing issues with my DirectTV Service. Your Customer Support is no help!,Neutral,60.9694,general,general,,Twitter
Dallas12,Authorized,32.836504,-96.771185,5618 E Mockingbird Lane,75206,Wed Oct 19 12:31:36 +0000 2016,"Post a pic of your expertly carved pumpkin below, on the hood of your Toyota! (click comment on this post, then att… https://t.co/0reog3KeeJ",Neutral,58.6144,general,general,,Twitter
Dallas12,Authorized,32.836504,-96.771185,5618 E Mockingbird Lane,75206,Thu Oct 27 20:56:57 +0000 2016,@ATTCares 2 modems with no service,Negative,85.8656,general,general,,Twitter
Dallas12,Authorized,32.836504,-96.771185,5618 E Mockingbird Lane,75206,Thu Oct 27 20:49:42 +0000 2016,RT @ATT: Get a sweet deal on the new iPhone 7 when you switch to AT&amp;T and have DIRECTV. https://t.co/JO08KrMKj7 https://t.co/tAcB2wPVFO,Positive,98.0584,directv,general,,Twitter
Dallas12,Authorized,32.836504,-96.771185,5618 E Mockingbird Lane,75206,Thu Oct 27 20:48:35 +0000 2016,.@ATTCares https://t.co/OnYPz3Ghii,Neutral,50.0000,general,general,,Twitter
Dallas12,Authorized,32.836504,-96.771185,5618 E Mockingbird Lane,75206,Thu Oct 27 20:48:07 +0000 2016,.@Uverse your tech support service Tuesday &amp; today has been lackluster. Will definitely be looking at all options of cancelling service.,Positive,63.3988,uverse,general,,Twitter
Dallas12,Authorized,32.836504,-96.771185,5618 E Mockingbird Lane,75206,Thu Oct 27 20:30:06 +0000 2016,RT @ATT: Welcome to the team! @taylorswift13 https://t.co/4h86nLYuLo https://t.co/gAHOi7fPrZ,Positive,84.3125,general,general,,Twitter
Dallas12,Authorized,32.836504,-96.771185,5618 E Mockingbird Lane,75206,Thu Oct 27 20:27:00 +0000 2016,RT @ATT: Welcome to the team! @taylorswift13 https://t.co/4h86nLYuLo https://t.co/gAHOi7fPrZ,Positive,84.3125,general,general,,Twitter
Dallas12,Authorized,32.836504,-96.771185,5618 E Mockingbird Lane,75206,Thu Oct 27 20:07:17 +0000 2016,"Just wanted to let you know @ATTCares, I hope to switch to another provider ASAP bc of this. https://t.co/x7rUpdhaEb",Negative,77.4483,general,general,,Twitter
Dallas12,Authorized,32.836504,-96.771185,5618 E Mockingbird Lane,75206,Thu Oct 27 19:59:05 +0000 2016,RT @ATT: Get a sweet deal on the new iPhone 7 when you switch to AT&amp;T and have DIRECTV. https://t.co/JO08KrMKj7 https://t.co/tAcB2wPVFO,Positive,98.0584,directv,general,,Twitter
Dallas12,Authorized,32.836504,-96.771185,5618 E Mockingbird Lane,75206,Thu Oct 27 19:54:46 +0000 2016,"RT @DecksInThePark: Get to Klyde Warren Park tonight for the Decks in the Park - Halloween Edition, Powered by @ATT The fun all starts at 6…",Positive,68.0353,general,general,,Twitter
Dallas12,Authorized,32.836504,-96.771185,5618 E Mockingbird Lane,75206,Thu Oct 27 19:53:24 +0000 2016,"Sorry, @ATT: #FCC ruling may put an end to creepy, targeted #advertising plans https://t.co/TZ6dsf3ZGP via @dallasnews #anonymous",Negative,68.8269,general,general,,Twitter
Dallas12,Authorized,32.836504,-96.771185,5618 E Mockingbird Lane,75206,Thu Oct 27 19:31:20 +0000 2016,"Sorry, @ATT, FCC ruling may put an end to creepy, targeted advertising plans https://t.co/3odrIP7GAK | @agarre https://t.co/fEfcSyydmL",Negative,80.5907,general,general,,Twitter
Dallas12,Authorized,32.836504,-96.771185,5618 E Mockingbird Lane,75206,Thu Oct 27 19:26:56 +0000 2016,RT @ATT: Welcome to the team! @taylorswift13 https://t.co/4h86nLYuLo https://t.co/gAHOi7fPrZ,Positive,84.3125,general,general,,Twitter
Dallas12,Authorized,32.836504,-96.771185,5618 E Mockingbird Lane,75206,Thu Oct 27 19:14:43 +0000 2016,RT @ATT: The #futureofvideo is mobile and the #futureofmobile is video. Time Warner + AT&amp;T make it happen! @twxcorp https://t.co/GKx4U9TQYg,Neutral,56.0321,general,general,,Twitter
Dallas12,Authorized,32.836504,-96.771185,5618 E Mockingbird Lane,75206,Thu Oct 27 19:12:50 +0000 2016,RT @ATT: Get a sweet deal on the new iPhone 7 when you switch to AT&amp;T and have DIRECTV. https://t.co/JO08KrMKj7 https://t.co/tAcB2wPVFO,Positive,98.0584,directv,general,,Twitter
Dallas12,Authorized,32.836504,-96.771185,5618 E Mockingbird Lane,75206,Thu Oct 27 19:05:47 +0000 2016,RT @ATT: Get a sweet deal on the new iPhone 7 when you switch to AT&amp;T and have DIRECTV. https://t.co/JO08KrMKj7 https://t.co/tAcB2wPVFO,Positive,98.0584,directv,general,,Twitter
Dallas12,Authorized,32.836504,-96.771185,5618 E Mockingbird Lane,75206,Thu Oct 27 19:05:09 +0000 2016,RT @ATT: Get a sweet deal on the new iPhone 7 when you switch to AT&amp;T and have DIRECTV. https://t.co/JO08KrMKj7 https://t.co/tAcB2wPVFO,Positive,98.0584,directv,general,,Twitter
Dallas12,Authorized,32.836504,-96.771185,5618 E Mockingbird Lane,75206,Thu Oct 27 16:56:23 +0000 2016,RT @ATT: Get a sweet deal on the new iPhone 7 when you switch to AT&amp;T and have DIRECTV. https://t.co/JO08KrMKj7 https://t.co/tAcB2wPVFO,Positive,98.0584,directv,general,,Twitter
Dallas12,Authorized,32.836504,-96.771185,5618 E Mockingbird Lane,75206,Thu Oct 27 16:40:04 +0000 2016,RT @Uverse: @__Eddie7 That's what we're here for! ✊,Negative,69.3905,uverse,general,,Twitter
Dallas12,Authorized,32.836504,-96.771185,5618 E Mockingbird Lane,75206,Thu Oct 27 16:32:49 +0000 2016,"RT @DecksInThePark: Get to Klyde Warren Park tonight for the Decks in the Park - Halloween Edition, Powered by @ATT The fun all starts at 6…",Positive,68.0353,general,general,,Twitter
Dallas12,Authorized,32.836504,-96.771185,5618 E Mockingbird Lane,75206,Thu Oct 27 16:26:17 +0000 2016,RT @ATT: Welcome to the team! @taylorswift13 https://t.co/4h86nLYuLo https://t.co/gAHOi7fPrZ,Positive,84.3125,general,general,,Twitter
Dallas12,Authorized,32.836504,-96.771185,5618 E Mockingbird Lane,75206,Thu Oct 27 16:14:56 +0000 2016,@MurphysLawX @DecksInThePark @ATT you got a costume?,Neutral,55.4913,general,general,,Twitter
Dallas12,Authorized,32.836504,-96.771185,5618 E Mockingbird Lane,75206,Thu Oct 27 15:43:51 +0000 2016,"RT @DecksInThePark: Get to Klyde Warren Park tonight for the Decks in the Park - Halloween Edition, Powered by @ATT The fun all starts at 6…",Positive,68.0353,general,general,,Twitter
Dallas12,Authorized,32.836504,-96.771185,5618 E Mockingbird Lane,75206,Thu Oct 27 15:38:56 +0000 2016,RT @ATT: Get a sweet deal on the new iPhone 7 when you switch to AT&amp;T and have DIRECTV. https://t.co/JO08KrMKj7 https://t.co/tAcB2wPVFO,Positive,98.0584,directv,general,,Twitter
Dallas12,Authorized,32.836504,-96.771185,5618 E Mockingbird Lane,75206,Thu Oct 27 15:30:05 +0000 2016,"Get to Klyde Warren Park tonight for the Decks in the Park - Halloween Edition, Powered by @ATT The fun all starts… https://t.co/k2Ahrdrs6R",Positive,72.9412,general,general,,Twitter
Dallas12,Authorized,32.836504,-96.771185,5618 E Mockingbird Lane,75206,Thu Oct 27 15:25:02 +0000 2016,RT @ATT: Welcome to the team! @taylorswift13 https://t.co/4h86nLYuLo https://t.co/gAHOi7fPrZ,Positive,84.3125,general,general,,Twitter
Dallas12,Authorized,32.836504,-96.771185,5618 E Mockingbird Lane,75206,Thu Oct 27 15:22:40 +0000 2016,"RT @ATT: @RealAsKENbe Hi there, we wanted to clarify - Time Warner Cable is owned by Charter Communications which is separate from Time War…",Neutral,60.1074,general,general,,Twitter
Dallas12,Authorized,32.836504,-96.771185,5618 E Mockingbird Lane,75206,Thu Oct 27 14:58:50 +0000 2016,RT @GeoffBlaine: Can't even get a gig out of @ATT GigaPower or 1000 or whatever they're calling it now. This dude's blazin'. https://t.co/I…,Negative,97.1080,general,general,,Twitter
Dallas12,Authorized,32.836504,-96.771185,5618 E Mockingbird Lane,75206,Thu Oct 27 14:57:31 +0000 2016,Can't even get a gig out of @ATT GigaPower or 1000 or whatever they're calling it now. This dude's blazin'. https://t.co/IYD4ftJHRU,Negative,97.1080,general,general,,Twitter
Dallas12,Authorized,32.836504,-96.771185,5618 E Mockingbird Lane,75206,Thu Oct 27 14:55:47 +0000 2016,RT @ATT: Get a sweet deal on the new iPhone 7 when you switch to AT&amp;T and have DIRECTV. https://t.co/JO08KrMKj7 https://t.co/tAcB2wPVFO,Positive,98.0584,directv,general,,Twitter
Dallas12,Authorized,32.836504,-96.771185,5618 E Mockingbird Lane,75206,Thu Oct 27 14:53:52 +0000 2016,RT @ATT: Welcome to the team! @taylorswift13 https://t.co/4h86nLYuLo https://t.co/gAHOi7fPrZ,Positive,84.3125,general,general,,Twitter
Dallas12,Authorized,32.836504,-96.771185,5618 E Mockingbird Lane,75206,Thu Oct 27 14:05:48 +0000 2016,Sign the petition: Tell @TheJusticeDept to stop the @ATT-@TWXCorp merger https://t.co/hyI3LL7oR6 via @CREDOMobile #p2,Negative,74.5984,general,general,,Twitter
Dallas12,Authorized,32.836504,-96.771185,5618 E Mockingbird Lane,75206,Thu Oct 27 13:31:51 +0000 2016,RT @ATT: Welcome to the team! @taylorswift13 https://t.co/4h86nLYuLo https://t.co/gAHOi7fPrZ,Positive,84.3125,general,general,,Twitter
Dallas12,Authorized,32.836504,-96.771185,5618 E Mockingbird Lane,75206,Thu Oct 27 13:30:53 +0000 2016,RT @ATT: Welcome to the team! @taylorswift13 https://t.co/4h86nLYuLo https://t.co/gAHOi7fPrZ,Positive,84.3125,general,general,,Twitter
Dallas12,Authorized,32.836504,-96.771185,5618 E Mockingbird Lane,75206,Thu Oct 27 13:30:30 +0000 2016,Getting a little #InspiredMobility on Social Media Sunday | @ATT https://t.co/eHImGWAwjK https://t.co/7ArWewRkcV,Positive,77.1253,general,general,,Twitter
Dallas12,Authorized,32.836504,-96.771185,5618 E Mockingbird Lane,75206,Thu Oct 27 13:24:52 +0000 2016,RT @ATT: Welcome to the team! @taylorswift13 https://t.co/4h86nLYuLo https://t.co/gAHOi7fPrZ,Positive,84.3125,general,general,,Twitter
Dallas12,Authorized,32.836504,-96.771185,5618 E Mockingbird Lane,75206,Thu Oct 27 13:14:33 +0000 2016,RT @ATT: Get a sweet deal on the new iPhone 7 when you switch to AT&amp;T and have DIRECTV. https://t.co/JO08KrMKj7 https://t.co/tAcB2wPVFO,Positive,98.0584,directv,general,,Twitter
Dallas12,Authorized,32.836504,-96.771185,5618 E Mockingbird Lane,75206,Thu Oct 27 12:45:32 +0000 2016,RT @ATT: Get a sweet deal on the new iPhone 7 when you switch to AT&amp;T and have DIRECTV. https://t.co/JO08KrMKj7 https://t.co/tAcB2wPVFO,Positive,98.0584,directv,general,,Twitter
Dallas12,Authorized,32.836504,-96.771185,5618 E Mockingbird Lane,75206,Thu Oct 27 12:38:37 +0000 2016,RT @ATT: Welcome to the team! @taylorswift13 https://t.co/4h86nLYuLo https://t.co/gAHOi7fPrZ,Positive,84.3125,general,general,,Twitter
Dallas12,Authorized,32.836504,-96.771185,5618 E Mockingbird Lane,75206,Thu Oct 27 12:31:24 +0000 2016,RT @ATT: Get a sweet deal on the new iPhone 7 when you switch to AT&amp;T and have DIRECTV. https://t.co/JO08KrMKj7 https://t.co/tAcB2wPVFO,Positive,98.0584,directv,general,,Twitter
Dallas12,Authorized,32.836504,-96.771185,5618 E Mockingbird Lane,75206,Thu Oct 27 12:29:55 +0000 2016,RT @ATT: Welcome to the team! @taylorswift13 https://t.co/4h86nLYuLo https://t.co/gAHOi7fPrZ,Positive,84.3125,general,general,,Twitter
Dallas12,Authorized,32.836504,-96.771185,5618 E Mockingbird Lane,75206,Thu Oct 27 12:29:30 +0000 2016,RT @ATT: Get a sweet deal on the new iPhone 7 when you switch to AT&amp;T and have DIRECTV. https://t.co/JO08KrMKj7 https://t.co/tAcB2wPVFO,Positive,98.0584,directv,general,,Twitter
Dallas12,Authorized,32.836504,-96.771185,5618 E Mockingbird Lane,75206,Thu Oct 27 11:47:18 +0000 2016,"RT @AnnaLDavis1: A #bitcoin powered server, #TimeWarner AND #Hemisphere? What's next @ATT, total world domination? #ATT #surveillance #mono…",Negative,69.0659,general,general,,Twitter
Dallas12,Authorized,32.836504,-96.771185,5618 E Mockingbird Lane,75206,Thu Oct 27 11:46:51 +0000 2016,"RT @AnnaLDavis1: A #bitcoin powered server, #TimeWarner AND #Hemisphere? What's next @ATT, total world domination? #ATT #surveillance #mono…",Negative,69.0659,general,general,,Twitter
Dallas12,Authorized,32.836504,-96.771185,5618 E Mockingbird Lane,75206,Thu Oct 27 11:36:48 +0000 2016,RT @ATT: Get a sweet deal on the new iPhone 7 when you switch to AT&amp;T and have DIRECTV. https://t.co/JO08KrMKj7 https://t.co/tAcB2wPVFO,Positive,98.0584,directv,general,,Twitter
Dallas12,Authorized,32.836504,-96.771185,5618 E Mockingbird Lane,75206,Thu Oct 27 11:24:05 +0000 2016,RT @ATT: Get a sweet deal on the new iPhone 7 when you switch to AT&amp;T and have DIRECTV. https://t.co/JO08KrMKj7 https://t.co/tAcB2wPVFO,Positive,98.0584,directv,general,,Twitter
Dallas12,Authorized,32.836504,-96.771185,5618 E Mockingbird Lane,75206,Thu Oct 27 11:20:31 +0000 2016,RT @ATT: Welcome to the team! @taylorswift13 https://t.co/4h86nLYuLo https://t.co/gAHOi7fPrZ,Positive,84.3125,general,general,,Twitter
Dallas12,Authorized,32.836504,-96.771185,5618 E Mockingbird Lane,75206,Thu Oct 27 11:16:40 +0000 2016,The Latin America assets of @ATT could figure more prominently after Time Warner deal https://t.co/vS9caPpg8X |… https://t.co/wC2P1bslye,Positive,74.4417,general,general,,Twitter
Dallas12,Authorized,32.836504,-96.771185,5618 E Mockingbird Lane,75206,Thu Oct 27 11:12:11 +0000 2016,RT @ATT: Get a sweet deal on the new iPhone 7 when you switch to AT&amp;T and have DIRECTV. https://t.co/JO08KrMKj7 https://t.co/tAcB2wPVFO,Positive,98.0584,directv,general,,Twitter
Dallas12,Authorized,32.836504,-96.771185,5618 E Mockingbird Lane,75206,Thu Oct 27 10:59:54 +0000 2016,RT @ATT: Get a sweet deal on the new iPhone 7 when you switch to AT&amp;T and have DIRECTV. https://t.co/JO08KrMKj7 https://t.co/tAcB2wPVFO,Positive,98.0584,directv,general,,Twitter
Dallas12,Authorized,32.836504,-96.771185,5618 E Mockingbird Lane,75206,Thu Oct 27 10:17:18 +0000 2016,RT @ATT: Welcome to the team! @taylorswift13 https://t.co/4h86nLYuLo https://t.co/gAHOi7fPrZ,Positive,84.3125,general,general,,Twitter
Dallas12,Authorized,32.836504,-96.771185,5618 E Mockingbird Lane,75206,Thu Oct 27 09:47:19 +0000 2016,@TheOrangeCone @DIRECTV notice how others answered but @directtv didnt? Customer service yay!,Neutral,55.8984,directv,general,,Twitter
Dallas12,Authorized,32.836504,-96.771185,5618 E Mockingbird Lane,75206,Thu Oct 27 09:34:21 +0000 2016,RT @ATT: Get a sweet deal on the new iPhone 7 when you switch to AT&amp;T and have DIRECTV. https://t.co/JO08KrMKj7 https://t.co/tAcB2wPVFO,Positive,98.0584,directv,general,,Twitter
Dallas12,Authorized,32.836504,-96.771185,5618 E Mockingbird Lane,75206,Thu Oct 27 09:29:23 +0000 2016,RT @ATT: Who made you a college 🏈 fan? Share with #MadeMeAFanContest for a chance to win. Rules https://t.co/hU3I3wFn5V https://t.co/seJBJK…,Positive,88.9294,general,general,,Twitter
Dallas12,Authorized,32.836504,-96.771185,5618 E Mockingbird Lane,75206,Thu Oct 27 08:44:38 +0000 2016,RT @ATT: Welcome to the team! @taylorswift13 https://t.co/4h86nLYuLo https://t.co/gAHOi7fPrZ,Positive,84.3125,general,general,,Twitter
Dallas12,Authorized,32.836504,-96.771185,5618 E Mockingbird Lane,75206,Thu Oct 27 08:23:01 +0000 2016,RT @ATT: Welcome to the team! @taylorswift13 https://t.co/4h86nLYuLo https://t.co/gAHOi7fPrZ,Positive,84.3125,general,general,,Twitter
Dallas12,Authorized,32.836504,-96.771185,5618 E Mockingbird Lane,75206,Thu Oct 27 08:19:50 +0000 2016,RT @ATT: Welcome to the team! @taylorswift13 https://t.co/4h86nLYuLo https://t.co/gAHOi7fPrZ,Positive,84.3125,general,general,,Twitter
Dallas12,Authorized,32.836504,-96.771185,5618 E Mockingbird Lane,75206,Thu Oct 27 08:19:29 +0000 2016,RT @ATT: Get a sweet deal on the new iPhone 7 when you switch to AT&amp;T and have DIRECTV. https://t.co/JO08KrMKj7 https://t.co/tAcB2wPVFO,Positive,98.0584,directv,general,,Twitter
Dallas12,Authorized,32.836504,-96.771185,5618 E Mockingbird Lane,75206,Thu Oct 27 07:50:24 +0000 2016,RT @ATT: Welcome to the team! @taylorswift13 https://t.co/4h86nLYuLo https://t.co/gAHOi7fPrZ,Positive,84.3125,general,general,,Twitter
Dallas12,Authorized,32.836504,-96.771185,5618 E Mockingbird Lane,75206,Thu Oct 27 07:45:54 +0000 2016,RT @ATT: Another reason to smile for the camera. The #LGV20 from @LGUSAMobile will be available in stores starting today. https://t.co/TILu…,Positive,86.0616,general,general,,Twitter
Dallas12,Authorized,32.836504,-96.771185,5618 E Mockingbird Lane,75206,Thu Oct 27 05:57:00 +0000 2016,RT @ATT: Welcome to the team! @taylorswift13 https://t.co/4h86nLYuLo https://t.co/gAHOi7fPrZ,Positive,84.3125,general,general,,Twitter
Dallas12,Authorized,32.836504,-96.771185,5618 E Mockingbird Lane,75206,Thu Oct 27 04:52:50 +0000 2016,RT @ATT: Welcome to the team! @taylorswift13 https://t.co/4h86nLYuLo https://t.co/gAHOi7fPrZ,Positive,84.3125,general,general,,Twitter
Dallas12,Authorized,32.836504,-96.771185,5618 E Mockingbird Lane,75206,Thu Oct 27 04:49:11 +0000 2016,RT @ATT: Welcome to the team! @taylorswift13 https://t.co/4h86nLYuLo https://t.co/gAHOi7fPrZ,Positive,84.3125,general,general,,Twitter
Dallas12,Authorized,32.836504,-96.771185,5618 E Mockingbird Lane,75206,Thu Oct 27 04:40:52 +0000 2016,RT @ATT: Welcome to the team! @taylorswift13 https://t.co/4h86nLYuLo https://t.co/gAHOi7fPrZ,Positive,84.3125,general,general,,Twitter
Dallas12,Authorized,32.836504,-96.771185,5618 E Mockingbird Lane,75206,Thu Oct 27 04:39:16 +0000 2016,RT @ATT: Welcome to the team! @taylorswift13 https://t.co/4h86nLYuLo https://t.co/gAHOi7fPrZ,Positive,84.3125,general,general,,Twitter
Dallas12,Authorized,32.836504,-96.771185,5618 E Mockingbird Lane,75206,Thu Oct 27 04:31:21 +0000 2016,RT @ATT: Welcome to the team! @taylorswift13 https://t.co/4h86nLYuLo https://t.co/gAHOi7fPrZ,Positive,84.3125,general,general,,Twitter
Dallas12,Authorized,32.836504,-96.771185,5618 E Mockingbird Lane,75206,Thu Oct 27 04:31:05 +0000 2016,@AroundTI accepts @ATT's challenge. Unite For Change. STEM in the Schoolyard. #OneUpThat? There is only one way. https://t.co/VJGVno1eoK,Negative,70.9420,general,general,,Twitter
Dallas12,Authorized,32.836504,-96.771185,5618 E Mockingbird Lane,75206,Thu Oct 27 04:14:26 +0000 2016,RT @ATT: Welcome to the team! @taylorswift13 https://t.co/4h86nLYuLo https://t.co/gAHOi7fPrZ,Positive,84.3125,general,general,,Twitter
Dallas12,Authorized,32.836504,-96.771185,5618 E Mockingbird Lane,75206,Thu Oct 27 03:34:38 +0000 2016,RT @1845realty: Since when do you merge two accounts @ATT and expect your consumers to be strong armed into your methods??? #attsucks #terr…,Negative,79.4791,general,general,,Twitter
Dallas12,Authorized,32.836504,-96.771185,5618 E Mockingbird Lane,75206,Thu Oct 27 03:29:28 +0000 2016,"RT @SVotta88: Hey @ATT appreciate being on hold for 39 minutes now waiting to talk about my ""rewards"" I am supposed to get.",Neutral,57.4925,general,general,,Twitter
Dallas12,Authorized,32.836504,-96.771185,5618 E Mockingbird Lane,75206,Thu Oct 27 03:29:02 +0000 2016,RT @ATT: Get a sweet deal on the new iPhone 7 when you switch to AT&amp;T and have DIRECTV. https://t.co/JO08KrMKj7 https://t.co/tAcB2wPVFO,Positive,98.0584,directv,general,,Twitter
Dallas12,Authorized,32.836504,-96.771185,5618 E Mockingbird Lane,75206,Thu Oct 27 03:12:34 +0000 2016,RT @ohxnelli: Now I understand why people say @ATT has terrible customer service. Smdh.,Negative,96.5694,general,general,,Twitter
Dallas12,Authorized,32.836504,-96.771185,5618 E Mockingbird Lane,75206,Thu Oct 27 02:14:58 +0000 2016,@ATTCares Any idea how long? Have to go outside to use the phones. Ridiculous. Been like that for days.,Negative,97.5550,general,general,,Twitter
Dallas12,Authorized,32.836504,-96.771185,5618 E Mockingbird Lane,75206,Thu Oct 27 02:09:56 +0000 2016,"RT @ATT: @Fixxxer92 Thanks for bringing something this serious to our attention, Richard. We are investigating this and will take appropria…",Positive,80.7200,general,general,,Twitter
Dallas12,Authorized,32.836504,-96.771185,5618 E Mockingbird Lane,75206,Thu Oct 27 01:33:23 +0000 2016,RT @ATT: Get a sweet deal on the new iPhone 7 when you switch to AT&amp;T and have DIRECTV. https://t.co/JO08KrMKj7 https://t.co/tAcB2wPVFO,Positive,98.0584,directv,general,,Twitter
Dallas12,Authorized,32.836504,-96.771185,5618 E Mockingbird Lane,75206,Thu Oct 27 01:25:40 +0000 2016,"RT @ATT: @OmarCorrea Rock star speeds just for you, Omar! 👍 https://t.co/u1hBT5Wj7Z",Negative,64.0341,general,general,,Twitter
Dallas12,Authorized,32.836504,-96.771185,5618 E Mockingbird Lane,75206,Thu Oct 27 01:14:15 +0000 2016,RT @ATT: Welcome to the team! @taylorswift13 https://t.co/4h86nLYuLo https://t.co/gAHOi7fPrZ,Positive,84.3125,general,general,,Twitter
Dallas12,Authorized,32.836504,-96.771185,5618 E Mockingbird Lane,75206,Thu Oct 27 01:12:29 +0000 2016,RT @ATT: Welcome to the team! @taylorswift13 https://t.co/4h86nLYuLo https://t.co/gAHOi7fPrZ,Positive,84.3125,general,general,,Twitter
Dallas12,Authorized,32.836504,-96.771185,5618 E Mockingbird Lane,75206,Thu Oct 27 01:10:40 +0000 2016,RT @ATT: Welcome to the team! @taylorswift13 https://t.co/4h86nLYuLo https://t.co/gAHOi7fPrZ,Positive,84.3125,general,general,,Twitter
Dallas12,Authorized,32.836504,-96.771185,5618 E Mockingbird Lane,75206,Thu Oct 27 00:47:36 +0000 2016,@ATT @DIRECTV shame on you for costing me money due to mistakes made by your agents! I need contact from management as I need some answers!!,Negative,99.6175,directv,general,,Twitter
Dallas12,Authorized,32.836504,-96.771185,5618 E Mockingbird Lane,75206,Thu Oct 27 00:40:01 +0000 2016,RT @ATT: Welcome to the team! @taylorswift13 https://t.co/4h86nLYuLo https://t.co/gAHOi7fPrZ,Positive,84.3125,general,general,,Twitter
Dallas12,Authorized,32.836504,-96.771185,5618 E Mockingbird Lane,75206,Thu Oct 27 00:22:07 +0000 2016,RT @ATT: Who made you a college 🏈 fan? Share with #MadeMeAFanContest for a chance to win. Rules https://t.co/hU3I3wFn5V https://t.co/seJBJK…,Positive,88.9294,general,general,,Twitter
Dallas12,Authorized,32.836504,-96.771185,5618 E Mockingbird Lane,75206,Thu Oct 27 00:16:50 +0000 2016,RT @ATT: Who made you a college 🏈 fan? Share with #MadeMeAFanContest for a chance to win. Rules https://t.co/hU3I3wFn5V https://t.co/seJBJK…,Positive,88.9294,general,general,,Twitter
Dallas12,Authorized,32.836504,-96.771185,5618 E Mockingbird Lane,75206,Thu Oct 27 00:11:18 +0000 2016,RT @ATT: Welcome to the team! @taylorswift13 https://t.co/4h86nLYuLo https://t.co/gAHOi7fPrZ,Positive,84.3125,general,general,,Twitter
Dallas12,Authorized,32.836504,-96.771185,5618 E Mockingbird Lane,75206,Wed Oct 26 23:49:18 +0000 2016,RT @ATT: Welcome to the team! @taylorswift13 https://t.co/4h86nLYuLo https://t.co/gAHOi7fPrZ,Positive,84.3125,general,general,,Twitter
Dallas12,Authorized,32.836504,-96.771185,5618 E Mockingbird Lane,75206,Wed Oct 26 23:47:59 +0000 2016,RT @JTeespeak: So great hangin w/ @GavinDeGraw thx to @DFWAcuraDealers @McDonalds &amp; @ATT  @JackFMDFW @MoreHits1037 https://t.co/V4rDDvLfkB,Positive,78.6970,general,general,,Twitter
Dallas12,Authorized,32.836504,-96.771185,5618 E Mockingbird Lane,75206,Wed Oct 26 23:31:00 +0000 2016,RT @ATT: Welcome to the team! @taylorswift13 https://t.co/4h86nLYuLo https://t.co/gAHOi7fPrZ,Positive,84.3125,general,general,,Twitter
Dallas12,Authorized,32.836504,-96.771185,5618 E Mockingbird Lane,75206,Wed Oct 26 23:24:55 +0000 2016,RT @Mike_Rawlings: This is a day of celebration. Special thanks to @PGATOUR and @ATT for helping bring @attbyronnelson to Dallas. https://t…,Positive,98.3168,general,general,,Twitter
Dallas12,Authorized,32.836504,-96.771185,5618 E Mockingbird Lane,75206,Wed Oct 26 23:09:17 +0000 2016,RT @ATT: Welcome to the team! @taylorswift13 https://t.co/4h86nLYuLo https://t.co/gAHOi7fPrZ,Positive,84.3125,general,general,,Twitter
Dallas12,Authorized,32.836504,-96.771185,5618 E Mockingbird Lane,75206,Wed Oct 26 22:57:11 +0000 2016,RT @ATT: Welcome to the team! @taylorswift13 https://t.co/4h86nLYuLo https://t.co/gAHOi7fPrZ,Positive,84.3125,general,general,,Twitter
Dallas12,Authorized,32.836504,-96.771185,5618 E Mockingbird Lane,75206,Wed Oct 26 22:50:47 +0000 2016,RT @ATT: Who made you a college 🏈 fan? Share with #MadeMeAFanContest for a chance to win. Rules https://t.co/hU3I3wFn5V https://t.co/seJBJK…,Positive,88.9294,general,general,,Twitter
Dallas12,Authorized,32.836504,-96.771185,5618 E Mockingbird Lane,75206,Wed Oct 26 22:50:11 +0000 2016,RT @ATT: Get a sweet deal on the new iPhone 7 when you switch to AT&amp;T and have DIRECTV. https://t.co/JO08KrMKj7 https://t.co/tAcB2wPVFO,Positive,98.0584,directv,general,,Twitter
Dallas12,Authorized,32.836504,-96.771185,5618 E Mockingbird Lane,75206,Wed Oct 26 22:48:38 +0000 2016,RT @ATT: Welcome to the team! @taylorswift13 https://t.co/4h86nLYuLo https://t.co/gAHOi7fPrZ,Positive,84.3125,general,general,,Twitter
Dallas12,Authorized,32.836504,-96.771185,5618 E Mockingbird Lane,75206,Wed Oct 26 22:41:00 +0000 2016,PETITION: Stop the @ATT-@twxcorp takeover! https://t.co/t0o2boGyxE via @demandprogress #NoMoreMergers,Neutral,60.3881,general,general,,Twitter
Dallas12,Authorized,32.836504,-96.771185,5618 E Mockingbird Lane,75206,Wed Oct 26 22:35:32 +0000 2016,RT @ATT: Get a sweet deal on the new iPhone 7 when you switch to AT&amp;T and have DIRECTV. https://t.co/JO08KrMKj7 https://t.co/tAcB2wPVFO,Positive,98.0584,directv,general,,Twitter
Dallas12,Authorized,32.836504,-96.771185,5618 E Mockingbird Lane,75206,Wed Oct 26 22:32:54 +0000 2016,PETITION: Stop the @ATT-@twxcorp merger! https://t.co/SygwvpZCf1 via @demandprogress #NoMoreMergers,Neutral,60.3881,general,general,,Twitter
Dallas12,Authorized,32.836504,-96.771185,5618 E Mockingbird Lane,75206,Wed Oct 26 22:10:17 +0000 2016,RT @Uverse: Looking for a new trainer? Check out @JillianMichaels Fit Fusion TV: https://t.co/wHpiTE8VdG https://t.co/Os2SQH8UbG,Positive,84.1424,uverse,general,,Twitter
Dallas12,Authorized,32.836504,-96.771185,5618 E Mockingbird Lane,75206,Wed Oct 26 22:05:55 +0000 2016,"@ATT y'all sent me a new phone with a case and they're both broken, what the heck??!!???",Negative,85.9952,general,general,,Twitter
Dallas12,Authorized,32.836504,-96.771185,5618 E Mockingbird Lane,75206,Wed Oct 26 22:05:46 +0000 2016,RT @ATT: Get a sweet deal on the new iPhone 7 when you switch to AT&amp;T and have DIRECTV. https://t.co/JO08KrMKj7 https://t.co/tAcB2wPVFO,Positive,98.0584,directv,general,,Twitter
Dallas12,Authorized,32.836504,-96.771185,5618 E Mockingbird Lane,75206,Wed Oct 26 21:40:55 +0000 2016,@ATTCares i have a double bonded pair installed and not getting the service,Negative,64.2966,general,product installation,,Twitter
