Dallas8,Corporate,32.913273,-96.958064,7800 N. Macarthur Boulevard Suite 150,75063,Sat Oct 22 11:25:18 +0000 2016,"RT @ATT: Watch the @GreenDay @iHeartRadio Album Release Party Tonight, 9pm ET/PT on AUDIENCE. DIRECTV ch 239/U-verse ch 1114. https://t.co/…",Neutral,59.5550,directv,general,,Twitter
Dallas8,Corporate,32.913273,-96.958064,7800 N. Macarthur Boulevard Suite 150,75063,Sat Oct 22 11:11:13 +0000 2016,"RT @ATT: Some people may wait a lifetime, but you don't have to. On 11/2-3, AT&amp;T customers can buy @kelly_clarkson tix early. https://t.co/…",Neutral,60.4188,general,general,,Twitter
Dallas8,Corporate,32.913273,-96.958064,7800 N. Macarthur Boulevard Suite 150,75063,Sat Oct 22 11:10:17 +0000 2016,RT @ATT: Welcome to the team! @taylorswift13 https://t.co/4h86nLYuLo https://t.co/gAHOi7fPrZ,Positive,84.3125,general,general,,Twitter
Dallas8,Corporate,32.913273,-96.958064,7800 N. Macarthur Boulevard Suite 150,75063,Sat Oct 22 10:32:04 +0000 2016,RT @ATT: Welcome to the team! @taylorswift13 https://t.co/4h86nLYuLo https://t.co/gAHOi7fPrZ,Positive,84.3125,general,general,,Twitter
Dallas8,Corporate,32.913273,-96.958064,7800 N. Macarthur Boulevard Suite 150,75063,Sat Oct 22 10:09:24 +0000 2016,"RT @ATT: Watch the @GreenDay @iHeartRadio Album Release Party Tonight, 9pm ET/PT on AUDIENCE. DIRECTV ch 239/U-verse ch 1114. https://t.co/…",Neutral,59.5550,directv,general,,Twitter
Dallas8,Corporate,32.913273,-96.958064,7800 N. Macarthur Boulevard Suite 150,75063,Sat Oct 22 09:31:15 +0000 2016,RT @ATT: Welcome to the team! @taylorswift13 https://t.co/4h86nLYuLo https://t.co/gAHOi7fPrZ,Positive,84.3125,general,general,,Twitter
Dallas8,Corporate,32.913273,-96.958064,7800 N. Macarthur Boulevard Suite 150,75063,Sat Oct 22 09:20:26 +0000 2016,RT @ATT: Welcome to the team! @taylorswift13 https://t.co/4h86nLYuLo https://t.co/gAHOi7fPrZ,Positive,84.3125,general,general,,Twitter
Dallas8,Corporate,32.913273,-96.958064,7800 N. Macarthur Boulevard Suite 150,75063,Sat Oct 22 09:16:31 +0000 2016,RT @ATT: Welcome to the team! @taylorswift13 https://t.co/4h86nLYuLo https://t.co/gAHOi7fPrZ,Positive,84.3125,general,general,,Twitter
Dallas8,Corporate,32.913273,-96.958064,7800 N. Macarthur Boulevard Suite 150,75063,Sat Oct 22 08:56:14 +0000 2016,RT @ATT: Welcome to the team! @taylorswift13 https://t.co/4h86nLYuLo https://t.co/gAHOi7fPrZ,Positive,84.3125,general,general,,Twitter
Dallas8,Corporate,32.913273,-96.958064,7800 N. Macarthur Boulevard Suite 150,75063,Sat Oct 22 08:31:46 +0000 2016,RT @ATT: Welcome to the team! @taylorswift13 https://t.co/4h86nLYuLo https://t.co/gAHOi7fPrZ,Positive,84.3125,general,general,,Twitter
Dallas8,Corporate,32.913273,-96.958064,7800 N. Macarthur Boulevard Suite 150,75063,Sat Oct 22 08:30:02 +0000 2016,RT @ATT: Welcome to the team! @taylorswift13 https://t.co/4h86nLYuLo https://t.co/gAHOi7fPrZ,Positive,84.3125,general,general,,Twitter
Dallas8,Corporate,32.913273,-96.958064,7800 N. Macarthur Boulevard Suite 150,75063,Sat Oct 22 08:04:41 +0000 2016,"RT @ATT: Watch the @GreenDay @iHeartRadio Album Release Party Tonight, 9pm ET/PT on AUDIENCE. DIRECTV ch 239/U-verse ch 1114. https://t.co/…",Neutral,59.5550,directv,general,,Twitter
Dallas8,Corporate,32.913273,-96.958064,7800 N. Macarthur Boulevard Suite 150,75063,Sat Oct 22 07:50:05 +0000 2016,RT @ATT: Welcome to the team! @taylorswift13 https://t.co/4h86nLYuLo https://t.co/gAHOi7fPrZ,Positive,84.3125,general,general,,Twitter
Dallas8,Corporate,32.913273,-96.958064,7800 N. Macarthur Boulevard Suite 150,75063,Sat Oct 22 07:40:44 +0000 2016,"RT @ATT: Watch the @GreenDay @iHeartRadio Album Release Party Tonight, 9pm ET/PT on AUDIENCE. DIRECTV ch 239/U-verse ch 1114. https://t.co/…",Neutral,59.5550,directv,general,,Twitter
Dallas8,Corporate,32.913273,-96.958064,7800 N. Macarthur Boulevard Suite 150,75063,Sat Oct 22 07:34:56 +0000 2016,RT @ATT: Welcome to the team! @taylorswift13 https://t.co/4h86nLYuLo https://t.co/gAHOi7fPrZ,Positive,84.3125,general,general,,Twitter
Dallas8,Corporate,32.913273,-96.958064,7800 N. Macarthur Boulevard Suite 150,75063,Sat Oct 22 07:28:37 +0000 2016,RT @ATT: Welcome to the team! @taylorswift13 https://t.co/4h86nLYuLo https://t.co/gAHOi7fPrZ,Positive,84.3125,general,general,,Twitter
Dallas8,Corporate,32.913273,-96.958064,7800 N. Macarthur Boulevard Suite 150,75063,Sat Oct 22 06:42:08 +0000 2016,RT @ATT: Welcome to the team! @taylorswift13 https://t.co/4h86nLYuLo https://t.co/gAHOi7fPrZ,Positive,84.3125,general,general,,Twitter
Dallas8,Corporate,32.913273,-96.958064,7800 N. Macarthur Boulevard Suite 150,75063,Sat Oct 22 06:23:20 +0000 2016,RT @ATTBusiness: Business-ready is one thing; cybersecurity readiness is another. Access info you need to help defend your data: https://t.…,Neutral,52.8854,general,general,,Twitter
Dallas8,Corporate,32.913273,-96.958064,7800 N. Macarthur Boulevard Suite 150,75063,Sat Oct 22 06:23:12 +0000 2016,"RT @ATTBusiness: Recently granted his 200th patent, Dale Malik shares his secrets for converting new ideas into a reality: https://t.co/5Zw…",Positive,95.0608,general,general,,Twitter
Dallas8,Corporate,32.913273,-96.958064,7800 N. Macarthur Boulevard Suite 150,75063,Sat Oct 22 05:51:03 +0000 2016,RT @ATT: Welcome to the team! @taylorswift13 https://t.co/4h86nLYuLo https://t.co/gAHOi7fPrZ,Positive,84.3125,general,general,,Twitter
Dallas8,Corporate,32.913273,-96.958064,7800 N. Macarthur Boulevard Suite 150,75063,Sat Oct 22 05:47:52 +0000 2016,"RT @ATT: Watch the @GreenDay @iHeartRadio Album Release Party Tonight, 9pm ET/PT on AUDIENCE. DIRECTV ch 239/U-verse ch 1114. https://t.co/…",Neutral,59.5550,directv,general,,Twitter
Dallas8,Corporate,32.913273,-96.958064,7800 N. Macarthur Boulevard Suite 150,75063,Sat Oct 22 05:04:57 +0000 2016,"RT @ATT: Watch the @GreenDay @iHeartRadio Album Release Party Tonight, 9pm ET/PT on AUDIENCE. DIRECTV ch 239/U-verse ch 1114. https://t.co/…",Neutral,59.5550,directv,general,,Twitter
Dallas8,Corporate,32.913273,-96.958064,7800 N. Macarthur Boulevard Suite 150,75063,Sat Oct 22 04:58:57 +0000 2016,"RT @ATT: Watch the @GreenDay @iHeartRadio Album Release Party Tonight, 9pm ET/PT on AUDIENCE. DIRECTV ch 239/U-verse ch 1114. https://t.co/…",Neutral,59.5550,directv,general,,Twitter
Dallas8,Corporate,32.913273,-96.958064,7800 N. Macarthur Boulevard Suite 150,75063,Sat Oct 22 04:37:08 +0000 2016,RT @Uverse: 💋 the ❄️ goodbye 👋 + catch #IceAge Collision Course OnDemand. https://t.co/jzwn0xrX8j https://t.co/WVs9FZcuTm,Positive,65.5676,uverse,general,,Twitter
Dallas8,Corporate,32.913273,-96.958064,7800 N. Macarthur Boulevard Suite 150,75063,Sat Oct 22 04:25:09 +0000 2016,Why #ATT's pursuit of Time Warner makes sense: ‘It takes an elephant to eat an elephant’ https://t.co/dgP5AIFf5o #DFW #realestate,Negative,63.7114,general,general,,Twitter
Dallas8,Corporate,32.913273,-96.958064,7800 N. Macarthur Boulevard Suite 150,75063,Sat Oct 22 04:24:51 +0000 2016,"RT @ATT: Watch the @GreenDay @iHeartRadio Album Release Party Tonight, 9pm ET/PT on AUDIENCE. DIRECTV ch 239/U-verse ch 1114. https://t.co/…",Neutral,59.5550,directv,general,,Twitter
Dallas8,Corporate,32.913273,-96.958064,7800 N. Macarthur Boulevard Suite 150,75063,Sat Oct 22 04:20:13 +0000 2016,"@ATTCares usual customer service. NOT! Tech Support says its open 24/7 but elec voice says ""that office is closed"" #goodbye #toughluck",Positive,75.7544,general,general,,Twitter
Dallas8,Corporate,32.913273,-96.958064,7800 N. Macarthur Boulevard Suite 150,75063,Sat Oct 22 04:06:03 +0000 2016,RT @ATT: Welcome to the team! @taylorswift13 https://t.co/4h86nLYuLo https://t.co/gAHOi7fPrZ,Positive,84.3125,general,general,,Twitter
Dallas8,Corporate,32.913273,-96.958064,7800 N. Macarthur Boulevard Suite 150,75063,Sat Oct 22 03:58:41 +0000 2016,@ATT our internet hasn't been working all day - what's the deal #dallas!!,Neutral,50.3138,general,general,,Twitter
Dallas8,Corporate,32.913273,-96.958064,7800 N. Macarthur Boulevard Suite 150,75063,Sat Oct 22 03:56:42 +0000 2016,"RT @ATT: Watch the @GreenDay @iHeartRadio Album Release Party Tonight, 9pm ET/PT on AUDIENCE. DIRECTV ch 239/U-verse ch 1114. https://t.co/…",Neutral,59.5550,directv,general,,Twitter
Dallas8,Corporate,32.913273,-96.958064,7800 N. Macarthur Boulevard Suite 150,75063,Sat Oct 22 03:51:05 +0000 2016,RT @ATT: Welcome to the team! @taylorswift13 https://t.co/4h86nLYuLo https://t.co/gAHOi7fPrZ,Positive,84.3125,general,general,,Twitter
Dallas8,Corporate,32.913273,-96.958064,7800 N. Macarthur Boulevard Suite 150,75063,Sat Oct 22 03:45:00 +0000 2016,"RT @ATT: Watch the @GreenDay @iHeartRadio Album Release Party Tonight, 9pm ET/PT on AUDIENCE. DIRECTV ch 239/U-verse ch 1114. https://t.co/…",Neutral,59.5550,directv,general,,Twitter
Dallas8,Corporate,32.913273,-96.958064,7800 N. Macarthur Boulevard Suite 150,75063,Sat Oct 22 03:42:55 +0000 2016,RT @ATT: Welcome to the team! @taylorswift13 https://t.co/4h86nLYuLo https://t.co/gAHOi7fPrZ,Positive,84.3125,general,general,,Twitter
Dallas8,Corporate,32.913273,-96.958064,7800 N. Macarthur Boulevard Suite 150,75063,Sat Oct 22 03:37:04 +0000 2016,"RT @ATT: Some people may wait a lifetime, but you don't have to. On 11/2-3, AT&amp;T customers can buy @kelly_clarkson tix early. https://t.co/…",Neutral,60.4188,general,general,,Twitter
Dallas8,Corporate,32.913273,-96.958064,7800 N. Macarthur Boulevard Suite 150,75063,Sat Oct 22 03:25:35 +0000 2016,"RT @ATT: Watch the @GreenDay @iHeartRadio Album Release Party Tonight, 9pm ET/PT on AUDIENCE. DIRECTV ch 239/U-verse ch 1114. https://t.co/…",Neutral,59.5550,directv,general,,Twitter
Dallas8,Corporate,32.913273,-96.958064,7800 N. Macarthur Boulevard Suite 150,75063,Sat Oct 22 03:22:15 +0000 2016,There reason traditional journalism is dead is because consumers demand content entertainment. https://t.co/Mr1JEJmszC,Neutral,55.7666,general,general,,Twitter
Dallas8,Corporate,32.913273,-96.958064,7800 N. Macarthur Boulevard Suite 150,75063,Sat Oct 22 03:20:36 +0000 2016,RT @DougMagditch: What’s different about 5G than previous “G’s”? https://t.co/XlcCCSdote #attemployee https://t.co/ateRpmwCPC,Positive,62.7362,general,general,,Twitter
Dallas8,Corporate,32.913273,-96.958064,7800 N. Macarthur Boulevard Suite 150,75063,Sat Oct 22 03:17:51 +0000 2016,RT @ATTBusiness: Business-ready is one thing; cybersecurity readiness is another. Access info you need to help defend your data: https://t.…,Neutral,52.8854,general,general,,Twitter
Dallas8,Corporate,32.913273,-96.958064,7800 N. Macarthur Boulevard Suite 150,75063,Sat Oct 22 03:17:26 +0000 2016,"RT @ATT: Some people may wait a lifetime, but you don't have to. On 11/2-3, AT&amp;T customers can buy @kelly_clarkson tix early. https://t.co/…",Neutral,60.4188,general,general,,Twitter
Dallas8,Corporate,32.913273,-96.958064,7800 N. Macarthur Boulevard Suite 150,75063,Sat Oct 22 03:16:56 +0000 2016,RT @ktgonkt: When all the aunties of the family come together for thanksgiving dinner https://t.co/Y5YCJkHn4n,Positive,93.0346,general,general,,Twitter
Dallas8,Corporate,32.913273,-96.958064,7800 N. Macarthur Boulevard Suite 150,75063,Sat Oct 22 03:15:07 +0000 2016,RT @ATT: Welcome to the team! @taylorswift13 https://t.co/4h86nLYuLo https://t.co/gAHOi7fPrZ,Positive,84.3125,general,general,,Twitter
Dallas8,Corporate,32.913273,-96.958064,7800 N. Macarthur Boulevard Suite 150,75063,Sat Oct 22 03:13:08 +0000 2016,"RT @ATT: Watch the @GreenDay @iHeartRadio Album Release Party Tonight, 9pm ET/PT on AUDIENCE. DIRECTV ch 239/U-verse ch 1114. https://t.co/…",Neutral,59.5550,directv,general,,Twitter
Dallas8,Corporate,32.913273,-96.958064,7800 N. Macarthur Boulevard Suite 150,75063,Sat Oct 22 03:12:49 +0000 2016,"RT @ATT: Watch the @GreenDay @iHeartRadio Album Release Party Tonight, 9pm ET/PT on AUDIENCE. DIRECTV ch 239/U-verse ch 1114. https://t.co/…",Neutral,59.5550,directv,general,,Twitter
Dallas8,Corporate,32.913273,-96.958064,7800 N. Macarthur Boulevard Suite 150,75063,Sat Oct 22 03:12:01 +0000 2016,RT @ATTBusiness: Let us help you fend off cyberattacks. Sign up to receive our #ATTCyberInsights report to craft the right plan: https://t.…,Positive,88.5573,general,general,,Twitter
Dallas8,Corporate,32.913273,-96.958064,7800 N. Macarthur Boulevard Suite 150,75063,Sat Oct 22 03:11:37 +0000 2016,@SopanDeb Imagine what a Trump presidency would look like with the ATT/Time Warner marriage.  Goodbye competition and hello HIGHER PRICES.,Neutral,60.7029,general,general,,Twitter
Dallas8,Corporate,32.913273,-96.958064,7800 N. Macarthur Boulevard Suite 150,75063,Sat Oct 22 03:11:09 +0000 2016,RT @ATTBusiness: Business-ready is one thing; cybersecurity readiness is another. Access info you need to help defend your data: https://t.…,Neutral,52.8854,general,general,,Twitter
Dallas8,Corporate,32.913273,-96.958064,7800 N. Macarthur Boulevard Suite 150,75063,Sat Oct 22 03:05:05 +0000 2016,RT @ATT: Welcome to the team! @taylorswift13 https://t.co/4h86nLYuLo https://t.co/gAHOi7fPrZ,Positive,84.3125,general,general,,Twitter
Dallas8,Corporate,32.913273,-96.958064,7800 N. Macarthur Boulevard Suite 150,75063,Sat Oct 22 03:02:51 +0000 2016,RT @ATT: Welcome to the team! @taylorswift13 https://t.co/4h86nLYuLo https://t.co/gAHOi7fPrZ,Positive,84.3125,general,general,,Twitter
Dallas8,Corporate,32.913273,-96.958064,7800 N. Macarthur Boulevard Suite 150,75063,Sat Oct 22 03:02:03 +0000 2016,I'm watching Munyar Rhazy https://t.co/B4vf2ETIAF via @sharethis,Negative,65.2630,general,general,,Twitter
Dallas8,Corporate,32.913273,-96.958064,7800 N. Macarthur Boulevard Suite 150,75063,Sat Oct 22 03:01:10 +0000 2016,Why #ATT's pursuit of Time Warner makes sense: ‘It takes an elephant to eat an elephant’ https://t.co/0Bnw3LMJ5A #DFW,Negative,63.7114,general,general,,Twitter
Dallas8,Corporate,32.913273,-96.958064,7800 N. Macarthur Boulevard Suite 150,75063,Sat Oct 22 03:00:44 +0000 2016,#Roadto5G with  #At&amp;t #ATT  @EricssonNA  @ATT https://t.co/wx0bjI240e,Neutral,51.3085,general,general,,Twitter
Dallas8,Corporate,32.913273,-96.958064,7800 N. Macarthur Boulevard Suite 150,75063,Sat Oct 22 03:00:04 +0000 2016,"RT @ATT: Watch the @GreenDay @iHeartRadio Album Release Party Tonight, 9pm ET/PT on AUDIENCE. DIRECTV ch 239/U-verse ch 1114. https://t.co/…",Neutral,59.5550,directv,general,,Twitter
Dallas8,Corporate,32.913273,-96.958064,7800 N. Macarthur Boulevard Suite 150,75063,Sat Oct 22 02:32:56 +0000 2016,Always wonderful but never the same without my #squad. @M_att_L_ewis schmillzy @merlemerand 😘🍴 @… https://t.co/vEyLp6JJdN,Positive,87.4969,general,general,,Twitter
Dallas8,Corporate,32.913273,-96.958064,7800 N. Macarthur Boulevard Suite 150,75063,Sat Oct 22 02:31:11 +0000 2016,"RT @ATT: Some people may wait a lifetime, but you don't have to. On 11/2-3, AT&amp;T customers can buy @kelly_clarkson tix early. https://t.co/…",Neutral,60.4188,general,general,,Twitter
Dallas8,Corporate,32.913273,-96.958064,7800 N. Macarthur Boulevard Suite 150,75063,Sat Oct 22 02:30:37 +0000 2016,"RT @ATT: Watch the @GreenDay @iHeartRadio Album Release Party Tonight, 9pm ET/PT on AUDIENCE. DIRECTV ch 239/U-verse ch 1114. https://t.co/…",Neutral,59.5550,directv,general,,Twitter
Dallas8,Corporate,32.913273,-96.958064,7800 N. Macarthur Boulevard Suite 150,75063,Sat Oct 22 02:25:09 +0000 2016,RT @ATT: Get a sweet deal on the new iPhone 7 when you switch to AT&amp;T and have DIRECTV. https://t.co/TQVeUkmeZ6 https://t.co/zfZmNpe8AP,Positive,98.0584,directv,general,,Twitter
Dallas8,Corporate,32.913273,-96.958064,7800 N. Macarthur Boulevard Suite 150,75063,Sat Oct 22 02:22:33 +0000 2016,@ATT agrees in principle to buy Time Warner for $85 billion  https://t.co/ym97zYu1oG,Positive,82.9681,general,general,,Twitter
Dallas8,Corporate,32.913273,-96.958064,7800 N. Macarthur Boulevard Suite 150,75063,Sat Oct 22 02:01:41 +0000 2016,"RT @ATT: Watch the @GreenDay @iHeartRadio Album Release Party Tonight, 9pm ET/PT on AUDIENCE. DIRECTV ch 239/U-verse ch 1114. https://t.co/…",Neutral,59.5550,directv,general,,Twitter
Dallas8,Corporate,32.913273,-96.958064,7800 N. Macarthur Boulevard Suite 150,75063,Sat Oct 22 01:46:11 +0000 2016,RT @ATT: Get a sweet deal on the new iPhone 7 when you switch to AT&amp;T and have DIRECTV. https://t.co/TQVeUkmeZ6 https://t.co/zfZmNpe8AP,Positive,98.0584,directv,general,,Twitter
Dallas8,Corporate,32.913273,-96.958064,7800 N. Macarthur Boulevard Suite 150,75063,Sat Oct 22 01:43:49 +0000 2016,So AT&amp;T took my U-Verse &amp; gave me DirecTV after that acquisition. Will they kill DirecTV &amp; make me take the Time Wa… https://t.co/oKmcuRMfl9,Negative,65.3898,directv,general,,Twitter
Dallas8,Corporate,32.913273,-96.958064,7800 N. Macarthur Boulevard Suite 150,75063,Sat Oct 22 01:43:22 +0000 2016,RT @ATT: Welcome to the team! @taylorswift13 https://t.co/4h86nLYuLo https://t.co/gAHOi7fPrZ,Positive,84.3125,general,general,,Twitter
Dallas8,Corporate,32.913273,-96.958064,7800 N. Macarthur Boulevard Suite 150,75063,Sat Oct 22 01:42:21 +0000 2016,"Going on FOUR days without @ATT wireless service, can't get @ATTCares to respond to my latest msg. #ATTCommunity #CustomerService",Negative,67.4027,general,general,,Twitter
Dallas8,Corporate,32.913273,-96.958064,7800 N. Macarthur Boulevard Suite 150,75063,Sat Oct 22 01:39:04 +0000 2016,RT @attJOBS: Curious why our employees love #LifeAtATT? Take a look: https://t.co/B7CTVa4b41 #GHC16 #ATTatGHC16 https://t.co/Var5AH1eWP,Positive,70.8393,general,general,,Twitter
Dallas8,Corporate,32.913273,-96.958064,7800 N. Macarthur Boulevard Suite 150,75063,Sat Oct 22 01:22:14 +0000 2016,Why #ATT's pursuit of Time Warner makes sense: ‘It takes an elephant to eat an elephant’ https://t.co/LYfEf9N6eM #DFW #Tech,Negative,63.7114,general,general,,Twitter
Dallas8,Corporate,32.913273,-96.958064,7800 N. Macarthur Boulevard Suite 150,75063,Sat Oct 22 01:13:55 +0000 2016,"RT @ATT: Watch the @GreenDay @iHeartRadio Album Release Party Tonight, 9pm ET/PT on AUDIENCE. DIRECTV ch 239/U-verse ch 1114. https://t.co/…",Neutral,59.5550,directv,general,,Twitter
Dallas8,Corporate,32.913273,-96.958064,7800 N. Macarthur Boulevard Suite 150,75063,Sat Oct 22 01:02:05 +0000 2016,"RT @ATT: Watch the @GreenDay @iHeartRadio Album Release Party Tonight, 9pm ET/PT on AUDIENCE. DIRECTV ch 239/U-verse ch 1114. https://t.co/…",Neutral,59.5550,directv,general,,Twitter
Dallas8,Corporate,32.913273,-96.958064,7800 N. Macarthur Boulevard Suite 150,75063,Sat Oct 22 00:57:07 +0000 2016,Why AT&amp;T's pursuit of Time Warner makes sense: ‘It takes an elephant to eat an elephant’ https://t.co/U9yaTYaYg4,Negative,63.7114,general,general,,Twitter
Dallas8,Corporate,32.913273,-96.958064,7800 N. Macarthur Boulevard Suite 150,75063,Sat Oct 22 00:51:12 +0000 2016,"RT @ATT: Watch the @GreenDay @iHeartRadio Album Release Party Tonight, 9pm ET/PT on AUDIENCE. DIRECTV ch 239/U-verse ch 1114. https://t.co/…",Neutral,59.5550,directv,general,,Twitter
Dallas8,Corporate,32.913273,-96.958064,7800 N. Macarthur Boulevard Suite 150,75063,Sat Oct 22 00:48:42 +0000 2016,"RT @ATT: Watch the @GreenDay @iHeartRadio Album Release Party Tonight, 9pm ET/PT on AUDIENCE. DIRECTV ch 239/U-verse ch 1114. https://t.co/…",Neutral,59.5550,directv,general,,Twitter
Dallas8,Corporate,32.913273,-96.958064,7800 N. Macarthur Boulevard Suite 150,75063,Sat Oct 22 00:38:35 +0000 2016,"RT @ATT: Some people may wait a lifetime, but you don't have to. On 11/2-3, AT&amp;T customers can buy @kelly_clarkson tix early. https://t.co/…",Neutral,60.4188,general,general,,Twitter
Dallas8,Corporate,32.913273,-96.958064,7800 N. Macarthur Boulevard Suite 150,75063,Sat Oct 22 00:35:35 +0000 2016,"RT @ATT: Watch the @GreenDay @iHeartRadio Album Release Party Tonight, 9pm ET/PT on AUDIENCE. DIRECTV ch 239/U-verse ch 1114. https://t.co/…",Neutral,59.5550,directv,general,,Twitter
Dallas8,Corporate,32.913273,-96.958064,7800 N. Macarthur Boulevard Suite 150,75063,Sat Oct 22 00:31:31 +0000 2016,RT @theeagledallas: WATCH Green Day's album release party with @iHeartRadio &amp; @ATT TONIGHT 9PM ET/PT 🎸 https://t.co/xa5cQQVGxg https://t.co…,Neutral,60.8095,general,general,,Twitter
Dallas8,Corporate,32.913273,-96.958064,7800 N. Macarthur Boulevard Suite 150,75063,Sat Oct 22 00:30:02 +0000 2016,WATCH Green Day's album release party with @iHeartRadio &amp; @ATT TONIGHT 9PM ET/PT 🎸 https://t.co/xa5cQQVGxg https://t.co/s6unQBd9wY,Neutral,60.8095,general,general,,Twitter
Dallas8,Corporate,32.913273,-96.958064,7800 N. Macarthur Boulevard Suite 150,75063,Sat Oct 22 00:24:06 +0000 2016,RT @Jacqueline062: @ATT has the worst customer service imaginable. 😡,Negative,99.7631,general,general,,Twitter
Dallas8,Corporate,32.913273,-96.958064,7800 N. Macarthur Boulevard Suite 150,75063,Sat Oct 22 00:15:02 +0000 2016,RT @ATT: Welcome to the team! @taylorswift13 https://t.co/4h86nLYuLo https://t.co/gAHOi7fPrZ,Positive,84.3125,general,general,,Twitter
Dallas8,Corporate,32.913273,-96.958064,7800 N. Macarthur Boulevard Suite 150,75063,Sat Oct 22 00:07:32 +0000 2016,RT @ATT: Welcome to the team! @taylorswift13 https://t.co/4h86nLYuLo https://t.co/gAHOi7fPrZ,Positive,84.3125,general,general,,Twitter
Dallas8,Corporate,32.913273,-96.958064,7800 N. Macarthur Boulevard Suite 150,75063,Sat Oct 22 00:06:16 +0000 2016,"RT @ATT: Watch the @GreenDay @iHeartRadio Album Release Party Tonight, 9pm ET/PT on AUDIENCE. DIRECTV ch 239/U-verse ch 1114. https://t.co/…",Neutral,59.5550,directv,general,,Twitter
Dallas8,Corporate,32.913273,-96.958064,7800 N. Macarthur Boulevard Suite 150,75063,Fri Oct 21 23:59:09 +0000 2016,"Happy birthday, @RevoltTV. 🎁 🎉 Thanks for keeping our 📺 full of  🎧 ✨ 🔑! #Revolt3 https://t.co/whlncM6gsM",Positive,90.8551,general,general,,Twitter
Dallas8,Corporate,32.913273,-96.958064,7800 N. Macarthur Boulevard Suite 150,75063,Fri Oct 21 23:50:39 +0000 2016,"RT @ATT: Some people may wait a lifetime, but you don't have to. On 11/2-3, AT&amp;T customers can buy @kelly_clarkson tix early. https://t.co/…",Neutral,60.4188,general,general,,Twitter
Dallas8,Corporate,32.913273,-96.958064,7800 N. Macarthur Boulevard Suite 150,75063,Fri Oct 21 23:47:29 +0000 2016,"RT @ATT: Some people may wait a lifetime, but you don't have to. On 11/2-3, AT&amp;T customers can buy @kelly_clarkson tix early. https://t.co/…",Neutral,60.4188,general,general,,Twitter
Dallas8,Corporate,32.913273,-96.958064,7800 N. Macarthur Boulevard Suite 150,75063,Fri Oct 21 23:46:45 +0000 2016,"RT @ATT: Watch the @GreenDay @iHeartRadio Album Release Party Tonight, 9pm ET/PT on AUDIENCE. DIRECTV ch 239/U-verse ch 1114. https://t.co/…",Neutral,59.5550,directv,general,,Twitter
Dallas8,Corporate,32.913273,-96.958064,7800 N. Macarthur Boulevard Suite 150,75063,Fri Oct 21 23:43:47 +0000 2016,"RT @ATT: Watch the @GreenDay @iHeartRadio Album Release Party Tonight, 9pm ET/PT on AUDIENCE. DIRECTV ch 239/U-verse ch 1114. https://t.co/…",Neutral,59.5550,directv,general,,Twitter
Dallas8,Corporate,32.913273,-96.958064,7800 N. Macarthur Boulevard Suite 150,75063,Fri Oct 21 23:43:10 +0000 2016,AT&amp;T is close to acquiring Time Warner for $85 billion https://t.co/bMVqV5YDkQ @scottia https://t.co/S57gnUew3M,Positive,86.7723,general,general,,Twitter
Dallas8,Corporate,32.913273,-96.958064,7800 N. Macarthur Boulevard Suite 150,75063,Fri Oct 21 23:41:09 +0000 2016,"RT @attJOBS: Thanks to everyone who stopped by our booth at #GHC16! Learn more about opportunities in tech: https://t.co/G5mrrSe7ih
 #ATTat…",Positive,93.1296,general,general,,Twitter
Dallas8,Corporate,32.913273,-96.958064,7800 N. Macarthur Boulevard Suite 150,75063,Fri Oct 21 23:40:54 +0000 2016,"RT @ATT: Some people may wait a lifetime, but you don't have to. On 11/2-3, AT&amp;T customers can buy @kelly_clarkson tix early. https://t.co/…",Neutral,60.4188,general,general,,Twitter
Dallas8,Corporate,32.913273,-96.958064,7800 N. Macarthur Boulevard Suite 150,75063,Fri Oct 21 23:34:22 +0000 2016,"RT @ATT: Watch the @GreenDay @iHeartRadio Album Release Party Tonight, 9pm ET/PT on AUDIENCE. DIRECTV ch 239/U-verse ch 1114. https://t.co/…",Neutral,59.5550,directv,general,,Twitter
Dallas8,Corporate,32.913273,-96.958064,7800 N. Macarthur Boulevard Suite 150,75063,Fri Oct 21 23:33:45 +0000 2016,RT @ATT: Welcome to the team! @taylorswift13 https://t.co/4h86nLYuLo https://t.co/gAHOi7fPrZ,Positive,84.3125,general,general,,Twitter
Dallas8,Corporate,32.913273,-96.958064,7800 N. Macarthur Boulevard Suite 150,75063,Fri Oct 21 23:24:16 +0000 2016,RT @ATT: Welcome to the team! @taylorswift13 https://t.co/4h86nLYuLo https://t.co/gAHOi7fPrZ,Positive,84.3125,general,general,,Twitter
Dallas8,Corporate,32.913273,-96.958064,7800 N. Macarthur Boulevard Suite 150,75063,Fri Oct 21 23:18:07 +0000 2016,"RT @ATT: Watch the @GreenDay @iHeartRadio Album Release Party Tonight, 9pm ET/PT on AUDIENCE. DIRECTV ch 239/U-verse ch 1114. https://t.co/…",Neutral,59.5550,directv,general,,Twitter
Dallas8,Corporate,32.913273,-96.958064,7800 N. Macarthur Boulevard Suite 150,75063,Fri Oct 21 23:11:45 +0000 2016,"RT @ATT: Some people may wait a lifetime, but you don't have to. On 11/2-3, AT&amp;T customers can buy @kelly_clarkson tix early. https://t.co/…",Neutral,60.4188,general,general,,Twitter
Dallas8,Corporate,32.913273,-96.958064,7800 N. Macarthur Boulevard Suite 150,75063,Fri Oct 21 23:10:51 +0000 2016,"@ATTCares Thanks, but no concern. Just pointing out the fantastic service!",Positive,75.7428,general,general,,Twitter
Dallas8,Corporate,32.913273,-96.958064,7800 N. Macarthur Boulevard Suite 150,75063,Fri Oct 21 23:06:22 +0000 2016,.@ATTCares Nice tower! https://t.co/3bZYFyYgxj,Neutral,55.5917,general,general,,Twitter
Dallas8,Corporate,32.913273,-96.958064,7800 N. Macarthur Boulevard Suite 150,75063,Fri Oct 21 23:03:48 +0000 2016,RT @ATT: Welcome to the team! @taylorswift13 https://t.co/4h86nLYuLo https://t.co/gAHOi7fPrZ,Positive,84.3125,general,general,,Twitter
Dallas8,Corporate,32.913273,-96.958064,7800 N. Macarthur Boulevard Suite 150,75063,Fri Oct 21 23:01:40 +0000 2016,$T $TMX Time Warner is getting Acquired by ATT. https://t.co/HYao0A9Fmg,Neutral,61.0071,general,general,,Twitter
Dallas8,Corporate,32.913273,-96.958064,7800 N. Macarthur Boulevard Suite 150,75063,Fri Oct 21 23:00:02 +0000 2016,Not sure how to secure a downloaded bigtincan from AT&amp;T story? Learn how at  https://t.co/7ufY2CaOux https://t.co/Gv2SUrJ7fd,Neutral,55.1584,general,general,,Twitter
Dallas8,Corporate,32.913273,-96.958064,7800 N. Macarthur Boulevard Suite 150,75063,Fri Oct 21 23:00:01 +0000 2016,"Thanks to everyone who stopped by our booth at #GHC16! Learn more about opportunities in tech: https://t.co/G5mrrSe7ih
 #ATTatGHC16",Positive,93.1296,general,general,,Twitter
Dallas8,Corporate,32.913273,-96.958064,7800 N. Macarthur Boulevard Suite 150,75063,Fri Oct 21 22:58:28 +0000 2016,"RT @ATT: Watch the @GreenDay @iHeartRadio Album Release Party Tonight, 9pm ET/PT on AUDIENCE. DIRECTV ch 239/U-verse ch 1114. https://t.co/…",Neutral,59.5550,directv,general,,Twitter
Dallas8,Corporate,32.913273,-96.958064,7800 N. Macarthur Boulevard Suite 150,75063,Fri Oct 21 22:56:46 +0000 2016,RT @attJOBS: Curious why our employees love #LifeAtATT? Take a look: https://t.co/B7CTVa4b41 #GHC16 #ATTatGHC16 https://t.co/Var5AH1eWP,Positive,70.8393,general,general,,Twitter
Dallas8,Corporate,32.913273,-96.958064,7800 N. Macarthur Boulevard Suite 150,75063,Fri Oct 21 22:50:35 +0000 2016,"RT @ATT: Some people may wait a lifetime, but you don't have to. On 11/2-3, AT&amp;T customers can buy @kelly_clarkson tix early. https://t.co/…",Neutral,60.4188,general,general,,Twitter
