Dallas8,Corporate,32.913273,-96.958064,7800 N. Macarthur Boulevard Suite 150,75063,Thu Oct 20 06:11:49 +0000 2016,Is there any chance that you thiefs will give me any of the money i paid when I ordered my phone @ATTCares ?,Negative,99.9942,general,general,,Twitter
Dallas8,Corporate,32.913273,-96.958064,7800 N. Macarthur Boulevard Suite 150,75063,Thu Oct 20 06:11:00 +0000 2016,I think its time to move on to @TMobile from @ATT Go fuck yourself @ATTCares,Positive,64.3220,general,general,,Twitter
Dallas8,Corporate,32.913273,-96.958064,7800 N. Macarthur Boulevard Suite 150,75063,Thu Oct 20 06:09:20 +0000 2016,"Hey @ATTCares , do you think you can fucking give me an estimate for my iphone 7 plus .. being almost a month since I ordered.",Negative,63.8599,general,general,,Twitter
Dallas8,Corporate,32.913273,-96.958064,7800 N. Macarthur Boulevard Suite 150,75063,Thu Oct 20 06:08:32 +0000 2016,RT @ATT: Get a sweet deal on the new iPhone 7 when you switch to AT&amp;T and have DIRECTV. https://t.co/TQVeUkmeZ6 https://t.co/zfZmNpe8AP,Positive,98.0584,directv,general,,Twitter
Dallas8,Corporate,32.913273,-96.958064,7800 N. Macarthur Boulevard Suite 150,75063,Thu Oct 20 06:02:35 +0000 2016,RT @ATT: Welcome to the team! @taylorswift13 https://t.co/4h86nLYuLo https://t.co/gAHOi7fPrZ,Positive,84.3125,general,general,,Twitter
Dallas8,Corporate,32.913273,-96.958064,7800 N. Macarthur Boulevard Suite 150,75063,Thu Oct 20 06:01:15 +0000 2016,RT @ATT: Welcome to the team! @taylorswift13 https://t.co/4h86nLYuLo https://t.co/gAHOi7fPrZ,Positive,84.3125,general,general,,Twitter
Dallas8,Corporate,32.913273,-96.958064,7800 N. Macarthur Boulevard Suite 150,75063,Thu Oct 20 05:41:34 +0000 2016,RT @ATT: Welcome to the team! @taylorswift13 https://t.co/4h86nLYuLo https://t.co/gAHOi7fPrZ,Positive,84.3125,general,general,,Twitter
Dallas8,Corporate,32.913273,-96.958064,7800 N. Macarthur Boulevard Suite 150,75063,Thu Oct 20 05:32:37 +0000 2016,@ATTCares Your bitch ass wifi 😤 fix yo servers,Neutral,54.1291,general,general,,Twitter
Dallas8,Corporate,32.913273,-96.958064,7800 N. Macarthur Boulevard Suite 150,75063,Thu Oct 20 04:55:22 +0000 2016,RT @ATT: Welcome to the team! @taylorswift13 https://t.co/4h86nLYuLo https://t.co/gAHOi7fPrZ,Positive,84.3125,general,general,,Twitter
Dallas8,Corporate,32.913273,-96.958064,7800 N. Macarthur Boulevard Suite 150,75063,Thu Oct 20 04:49:09 +0000 2016,RT @ATT: Welcome to the team! @taylorswift13 https://t.co/4h86nLYuLo https://t.co/gAHOi7fPrZ,Positive,84.3125,general,general,,Twitter
Dallas8,Corporate,32.913273,-96.958064,7800 N. Macarthur Boulevard Suite 150,75063,Thu Oct 20 04:46:06 +0000 2016,RT @ATT: Get a sweet deal on the new iPhone 7 when you switch to AT&amp;T and have DIRECTV. https://t.co/TQVeUkmeZ6 https://t.co/zfZmNpe8AP,Positive,98.0584,directv,general,,Twitter
Dallas8,Corporate,32.913273,-96.958064,7800 N. Macarthur Boulevard Suite 150,75063,Thu Oct 20 04:42:30 +0000 2016,"RT @RickTweetTweet: Women in Tech Q&amp;A: Kay Kapoor - President, AT&amp;T Global Business-Public Sector #WomeninTech #LifeAtATT https://t.co/SRsJ…",Neutral,50.0000,general,general,,Twitter
Dallas8,Corporate,32.913273,-96.958064,7800 N. Macarthur Boulevard Suite 150,75063,Thu Oct 20 04:34:59 +0000 2016,RT @ATT: Welcome to the team! @taylorswift13 https://t.co/4h86nLYuLo https://t.co/gAHOi7fPrZ,Positive,84.3125,general,general,,Twitter
Dallas8,Corporate,32.913273,-96.958064,7800 N. Macarthur Boulevard Suite 150,75063,Thu Oct 20 04:27:29 +0000 2016,RT @ATT: Welcome to the team! @taylorswift13 https://t.co/4h86nLYuLo https://t.co/gAHOi7fPrZ,Positive,84.3125,general,general,,Twitter
Dallas8,Corporate,32.913273,-96.958064,7800 N. Macarthur Boulevard Suite 150,75063,Thu Oct 20 04:13:58 +0000 2016,@ATTCares I switched from Uverse to DirecTV yesterday. Does my billing switch automatically to the new plan?,Neutral,50.3167,uverse,general,,Twitter
Dallas8,Corporate,32.913273,-96.958064,7800 N. Macarthur Boulevard Suite 150,75063,Thu Oct 20 04:08:59 +0000 2016,RT @ATT: Get a sweet deal on the new iPhone 7 when you switch to AT&amp;T and have DIRECTV. https://t.co/TQVeUkmeZ6 https://t.co/zfZmNpe8AP,Positive,98.0584,directv,general,,Twitter
Dallas8,Corporate,32.913273,-96.958064,7800 N. Macarthur Boulevard Suite 150,75063,Thu Oct 20 04:05:32 +0000 2016,RT @ATT: Welcome to the team! @taylorswift13 https://t.co/4h86nLYuLo https://t.co/gAHOi7fPrZ,Positive,84.3125,general,general,,Twitter
Dallas8,Corporate,32.913273,-96.958064,7800 N. Macarthur Boulevard Suite 150,75063,Thu Oct 20 03:57:20 +0000 2016,RT @ATT: Who made you a college 🏈 fan? Share with #MadeMeAFanContest for a chance to win. Rules https://t.co/hU3I3wFn5V https://t.co/xZbxUJ…,Positive,88.9294,general,general,,Twitter
Dallas8,Corporate,32.913273,-96.958064,7800 N. Macarthur Boulevard Suite 150,75063,Thu Oct 20 03:47:32 +0000 2016,"@ATTCares Thanks, I appreciate the help, just wished service was already available. Been contacting you all for two years, and still nothing",Positive,97.2894,general,general,,Twitter
Dallas8,Corporate,32.913273,-96.958064,7800 N. Macarthur Boulevard Suite 150,75063,Thu Oct 20 03:38:46 +0000 2016,"RT @RickTweetTweet: Women in Tech Q&amp;A: Kay Kapoor - President, AT&amp;T Global Business-Public Sector #WomeninTech #LifeAtATT https://t.co/SRsJ…",Neutral,50.0000,general,general,,Twitter
Dallas8,Corporate,32.913273,-96.958064,7800 N. Macarthur Boulevard Suite 150,75063,Thu Oct 20 03:22:58 +0000 2016,@ATT @ATTCares Thank you for the information.,Positive,78.7712,general,general,,Twitter
Dallas8,Corporate,32.913273,-96.958064,7800 N. Macarthur Boulevard Suite 150,75063,Thu Oct 20 03:16:24 +0000 2016,"RT @ATT: Before you vote, grab the remote and tune into the final #debatenight at 8/7c. #UNLVPresDebate https://t.co/afLxTSZMLW",Neutral,51.1513,general,general,,Twitter
Dallas8,Corporate,32.913273,-96.958064,7800 N. Macarthur Boulevard Suite 150,75063,Thu Oct 20 03:14:17 +0000 2016,@ATTCares so glad I rushed home to watch the debate.  No home internet or TV is ridiculous.,Negative,97.0837,general,general,,Twitter
Dallas8,Corporate,32.913273,-96.958064,7800 N. Macarthur Boulevard Suite 150,75063,Thu Oct 20 02:58:46 +0000 2016,RT @tonyromo: I wanna thank @DIRECTV for allowing me to show off my true self.  ;)  embarrassing is an understatement http://t.co/F0NniFESlL,Negative,85.6134,directv,general,,Twitter
Dallas8,Corporate,32.913273,-96.958064,7800 N. Macarthur Boulevard Suite 150,75063,Thu Oct 20 02:55:42 +0000 2016,@ATTCares Uverse down again. 5/7 calls over the past week and still not getting what I need.,Positive,86.4047,uverse,general,,Twitter
Dallas8,Corporate,32.913273,-96.958064,7800 N. Macarthur Boulevard Suite 150,75063,Thu Oct 20 02:44:02 +0000 2016,RT @attJOBS: Share what you love about technology with our customers. Now Hiring throughout the Bay Area! https://t.co/ig3a1FgKS4 https://t…,Positive,90.2608,general,general,,Twitter
Dallas8,Corporate,32.913273,-96.958064,7800 N. Macarthur Boulevard Suite 150,75063,Thu Oct 20 02:42:36 +0000 2016,RT @attJOBS: Share what you love about technology with our customers. Now Hiring throughout the Bay Area! https://t.co/ig3a1FgKS4 https://t…,Positive,90.2608,general,general,,Twitter
Dallas8,Corporate,32.913273,-96.958064,7800 N. Macarthur Boulevard Suite 150,75063,Thu Oct 20 02:34:06 +0000 2016,"RT @ATT: Before you vote, grab the remote and tune into the final #debatenight at 8/7c. #UNLVPresDebate https://t.co/afLxTSZMLW",Neutral,51.1513,general,general,,Twitter
Dallas8,Corporate,32.913273,-96.958064,7800 N. Macarthur Boulevard Suite 150,75063,Thu Oct 20 02:32:15 +0000 2016,RT @ATT: Welcome to the team! @taylorswift13 https://t.co/4h86nLYuLo https://t.co/gAHOi7fPrZ,Positive,84.3125,general,general,,Twitter
Dallas8,Corporate,32.913273,-96.958064,7800 N. Macarthur Boulevard Suite 150,75063,Thu Oct 20 02:31:20 +0000 2016,RT @ATT: Get a sweet deal on the new iPhone 7 when you switch to AT&amp;T and have DIRECTV. https://t.co/TQVeUkmeZ6 https://t.co/zfZmNpe8AP,Positive,98.0584,directv,general,,Twitter
Dallas8,Corporate,32.913273,-96.958064,7800 N. Macarthur Boulevard Suite 150,75063,Thu Oct 20 02:23:05 +0000 2016,RT @ATT: Welcome to the team! @taylorswift13 https://t.co/4h86nLYuLo https://t.co/gAHOi7fPrZ,Positive,84.3125,general,general,,Twitter
Dallas8,Corporate,32.913273,-96.958064,7800 N. Macarthur Boulevard Suite 150,75063,Thu Oct 20 02:11:25 +0000 2016,@ATTCares are those song lyrics? Seems like there should be music playing,Negative,92.9966,general,general,,Twitter
Dallas8,Corporate,32.913273,-96.958064,7800 N. Macarthur Boulevard Suite 150,75063,Thu Oct 20 02:10:34 +0000 2016,RT @ATT: Who made you a college 🏈 fan? Share with #MadeMeAFanContest for a chance to win. Rules https://t.co/hU3I3wFn5V https://t.co/xZbxUJ…,Positive,88.9294,general,general,,Twitter
Dallas8,Corporate,32.913273,-96.958064,7800 N. Macarthur Boulevard Suite 150,75063,Thu Oct 20 02:07:58 +0000 2016,RT @ATT: Get a sweet deal on the new iPhone 7 when you switch to AT&amp;T and have DIRECTV. https://t.co/TQVeUkmeZ6 https://t.co/zfZmNpe8AP,Positive,98.0584,directv,general,,Twitter
Dallas8,Corporate,32.913273,-96.958064,7800 N. Macarthur Boulevard Suite 150,75063,Thu Oct 20 02:00:01 +0000 2016,See how to add files to a folder in Box from AT&amp;T at t https://t.co/11FyOL95sf https://t.co/rdtvxhAjTM,Neutral,56.9414,general,general,,Twitter
Dallas8,Corporate,32.913273,-96.958064,7800 N. Macarthur Boulevard Suite 150,75063,Thu Oct 20 01:47:09 +0000 2016,RT @ATT: Welcome to the team! @taylorswift13 https://t.co/4h86nLYuLo https://t.co/gAHOi7fPrZ,Positive,84.3125,general,general,,Twitter
Dallas8,Corporate,32.913273,-96.958064,7800 N. Macarthur Boulevard Suite 150,75063,Thu Oct 20 01:36:47 +0000 2016,RT @ATT: Who made you a college 🏈 fan? Share with #MadeMeAFanContest for a chance to win. Rules https://t.co/hU3I3wFn5V https://t.co/xZbxUJ…,Positive,88.9294,general,general,,Twitter
Dallas8,Corporate,32.913273,-96.958064,7800 N. Macarthur Boulevard Suite 150,75063,Thu Oct 20 01:36:05 +0000 2016,"RT @ATT: Before you vote, grab the remote and tune into the final #debatenight at 8/7c. #UNLVPresDebate https://t.co/afLxTSZMLW",Neutral,51.1513,general,general,,Twitter
Dallas8,Corporate,32.913273,-96.958064,7800 N. Macarthur Boulevard Suite 150,75063,Thu Oct 20 01:34:13 +0000 2016,RT @ATT: Get a sweet deal on the new iPhone 7 when you switch to AT&amp;T and have DIRECTV. https://t.co/TQVeUkmeZ6 https://t.co/zfZmNpe8AP,Positive,98.0584,directv,general,,Twitter
Dallas8,Corporate,32.913273,-96.958064,7800 N. Macarthur Boulevard Suite 150,75063,Thu Oct 20 01:34:10 +0000 2016,"Roundup: J&amp;J and AT&amp;T Grow in Houston, Inspyr and Meshify Move On https://t.co/cXMfylBNAU #Texas",Neutral,61.8203,general,general,,Twitter
Dallas8,Corporate,32.913273,-96.958064,7800 N. Macarthur Boulevard Suite 150,75063,Thu Oct 20 01:30:19 +0000 2016,RT @attJOBS: Our employees broke records with @Stop_Hunger_Now at our ERG Conference! Learn how they made an #ATTimpact:  https://t.co/3s0Z…,Neutral,54.1326,general,general,,Twitter
Dallas8,Corporate,32.913273,-96.958064,7800 N. Macarthur Boulevard Suite 150,75063,Thu Oct 20 01:27:01 +0000 2016,RT @RickTweetTweet: Listen: Life At AT&amp;T Podcast with 3  #Women Vice Presidents #LifeatATT  #WomenLeaders #ATTDiversity https://t.co/MsMDVK…,Positive,82.4150,general,general,,Twitter
Dallas8,Corporate,32.913273,-96.958064,7800 N. Macarthur Boulevard Suite 150,75063,Thu Oct 20 01:21:45 +0000 2016,@dalton_trigg @dallasmavs @DIRECTV STEP. UP. Direct TV.,Neutral,51.6025,directv,general,,Twitter
Dallas8,Corporate,32.913273,-96.958064,7800 N. Macarthur Boulevard Suite 150,75063,Thu Oct 20 01:20:18 +0000 2016,Would you hire this man? This story of perseverance will surprise. #LifeAtATT https://t.co/B6OPoXCPUY #attemployee https://t.co/MME6koUEei,Positive,98.4843,general,general,,Twitter
Dallas8,Corporate,32.913273,-96.958064,7800 N. Macarthur Boulevard Suite 150,75063,Thu Oct 20 01:13:11 +0000 2016,@TheTimMurray @ATT ridiculous!,Negative,80.7792,general,general,,Twitter
Dallas8,Corporate,32.913273,-96.958064,7800 N. Macarthur Boulevard Suite 150,75063,Thu Oct 20 01:05:23 +0000 2016,RT @ATT: Get a sweet deal on the new iPhone 7 when you switch to AT&amp;T and have DIRECTV. https://t.co/TQVeUkmeZ6 https://t.co/zfZmNpe8AP,Positive,98.0584,directv,general,,Twitter
Dallas8,Corporate,32.913273,-96.958064,7800 N. Macarthur Boulevard Suite 150,75063,Thu Oct 20 00:58:44 +0000 2016,RT @ATT: Get a sweet deal on the new iPhone 7 when you switch to AT&amp;T and have DIRECTV. https://t.co/TQVeUkmeZ6 https://t.co/zfZmNpe8AP,Positive,98.0584,directv,general,,Twitter
Dallas8,Corporate,32.913273,-96.958064,7800 N. Macarthur Boulevard Suite 150,75063,Thu Oct 20 00:45:01 +0000 2016,"RT @DMNBiz: New media agency lands @ATT, opens shop in Dallas and plans to employ 100 people https://t.co/DFRmKVwrSP @mitchschnurman https:…",Neutral,56.5613,general,general,,Twitter
Dallas8,Corporate,32.913273,-96.958064,7800 N. Macarthur Boulevard Suite 150,75063,Thu Oct 20 00:44:40 +0000 2016,"RT @attJOBS: Through technology, we're helping to connect students with mentors across the country. Here's how: https://t.co/aIHtIbm2d3 #AT…",Negative,62.4743,general,general,,Twitter
Dallas8,Corporate,32.913273,-96.958064,7800 N. Macarthur Boulevard Suite 150,75063,Thu Oct 20 00:36:56 +0000 2016,RT @theresambates: New National Effort to Help Schools End #Cyberbullying | AT&amp;T https://t.co/fkbYzogAU8 via @sharethis,Neutral,58.5399,general,general,,Twitter
Dallas8,Corporate,32.913273,-96.958064,7800 N. Macarthur Boulevard Suite 150,75063,Thu Oct 20 00:34:32 +0000 2016,@ATT @ATTCares: Any plans on expanding in Zip Code 73012? Thanks!,Neutral,56.1536,general,general,,Twitter
Dallas8,Corporate,32.913273,-96.958064,7800 N. Macarthur Boulevard Suite 150,75063,Thu Oct 20 00:34:15 +0000 2016,RT @ATT: Get a sweet deal on the new iPhone 7 when you switch to AT&amp;T and have DIRECTV. https://t.co/TQVeUkmeZ6 https://t.co/zfZmNpe8AP,Positive,98.0584,directv,general,,Twitter
Dallas8,Corporate,32.913273,-96.958064,7800 N. Macarthur Boulevard Suite 150,75063,Thu Oct 20 00:31:51 +0000 2016,RT @ATT: Get a sweet deal on the new iPhone 7 when you switch to AT&amp;T and have DIRECTV. https://t.co/TQVeUkmeZ6 https://t.co/zfZmNpe8AP,Positive,98.0584,directv,general,,Twitter
Dallas8,Corporate,32.913273,-96.958064,7800 N. Macarthur Boulevard Suite 150,75063,Thu Oct 20 00:30:22 +0000 2016,@DIRECTV Please forward to all of your male employees. https://t.co/nAKxTU3x4W,Positive,79.9350,directv,general,,Twitter
Dallas8,Corporate,32.913273,-96.958064,7800 N. Macarthur Boulevard Suite 150,75063,Thu Oct 20 00:19:45 +0000 2016,Christy Berry Chairs Prelude Lights at AT&amp;T Performing Arts Center’s Inaugural “Prelude” to Aurora https://t.co/W9YDDaS8mO,Positive,99.4787,general,general,,Twitter
Dallas8,Corporate,32.913273,-96.958064,7800 N. Macarthur Boulevard Suite 150,75063,Thu Oct 20 00:10:29 +0000 2016,RT @ATT: Welcome to the team! @taylorswift13 https://t.co/4h86nLYuLo https://t.co/gAHOi7fPrZ,Positive,84.3125,general,general,,Twitter
Dallas8,Corporate,32.913273,-96.958064,7800 N. Macarthur Boulevard Suite 150,75063,Wed Oct 19 23:59:49 +0000 2016,@DIRECTV your staff is really in need of updated training on how to behave around women AND how to respond to sexual harassment complaints,Positive,65.5229,directv,general,,Twitter
Dallas8,Corporate,32.913273,-96.958064,7800 N. Macarthur Boulevard Suite 150,75063,Wed Oct 19 23:58:15 +0000 2016,@DIRECTV I was sexually harassed by 3 members of your staff. I tried to handle this privately thru  website to no avail. Who can I email?,Negative,98.6187,directv,general,,Twitter
Dallas8,Corporate,32.913273,-96.958064,7800 N. Macarthur Boulevard Suite 150,75063,Wed Oct 19 23:51:17 +0000 2016,"@ATT I need this fiber in Lubbock, TX!!",Neutral,53.1251,fiber,general,,Twitter
Dallas8,Corporate,32.913273,-96.958064,7800 N. Macarthur Boulevard Suite 150,75063,Wed Oct 19 23:44:11 +0000 2016,RT @ATT: Get a sweet deal on the new iPhone 7 when you switch to AT&amp;T and have DIRECTV. https://t.co/TQVeUkmeZ6 https://t.co/zfZmNpe8AP,Positive,98.0584,directv,general,,Twitter
Dallas8,Corporate,32.913273,-96.958064,7800 N. Macarthur Boulevard Suite 150,75063,Wed Oct 19 23:37:27 +0000 2016,"RT @dallasnews: New media agency @Hearts_Science lands @ATT, opens shop in Dallas and plans to employ 100 people https://t.co/f5bPR9R5EQ @m…",Neutral,56.5613,general,general,,Twitter
Dallas8,Corporate,32.913273,-96.958064,7800 N. Macarthur Boulevard Suite 150,75063,Wed Oct 19 23:35:22 +0000 2016,"New media agency lands @ATT, opens shop in Dallas and plans to employ 100 people https://t.co/DFRmKVwrSP… https://t.co/TzAKIz7Otr",Neutral,56.5613,general,general,,Twitter
Dallas8,Corporate,32.913273,-96.958064,7800 N. Macarthur Boulevard Suite 150,75063,Wed Oct 19 23:34:12 +0000 2016,RT @ATT: Get a sweet deal on the new iPhone 7 when you switch to AT&amp;T and have DIRECTV. https://t.co/TQVeUkmeZ6 https://t.co/zfZmNpe8AP,Positive,98.0584,directv,general,,Twitter
Dallas8,Corporate,32.913273,-96.958064,7800 N. Macarthur Boulevard Suite 150,75063,Wed Oct 19 23:32:24 +0000 2016,"RT @ATT: Before you vote, grab the remote and tune into the final #debatenight at 8/7c. #UNLVPresDebate https://t.co/afLxTSZMLW",Neutral,51.1513,general,general,,Twitter
Dallas8,Corporate,32.913273,-96.958064,7800 N. Macarthur Boulevard Suite 150,75063,Wed Oct 19 23:22:47 +0000 2016,RT @ATT: Get a sweet deal on the new iPhone 7 when you switch to AT&amp;T and have DIRECTV. https://t.co/TQVeUkmeZ6 https://t.co/zfZmNpe8AP,Positive,98.0584,directv,general,,Twitter
Dallas8,Corporate,32.913273,-96.958064,7800 N. Macarthur Boulevard Suite 150,75063,Wed Oct 19 23:21:02 +0000 2016,"RT @ATT: Before you vote, grab the remote and tune into the final #debatenight at 8/7c. #UNLVPresDebate https://t.co/afLxTSZMLW",Neutral,51.1513,general,general,,Twitter
Dallas8,Corporate,32.913273,-96.958064,7800 N. Macarthur Boulevard Suite 150,75063,Wed Oct 19 23:15:33 +0000 2016,"RT @RickTweetTweet: Women in Tech Q&amp;A: Kay Kapoor - President, AT&amp;T Global Business-Public Sector #WomeninTech #LifeAtATT https://t.co/SRsJ…",Neutral,50.0000,general,general,,Twitter
Dallas8,Corporate,32.913273,-96.958064,7800 N. Macarthur Boulevard Suite 150,75063,Wed Oct 19 23:07:13 +0000 2016,"RT @dallasnews: New media agency @Hearts_Science lands @ATT, opens shop in Dallas and plans to employ 100 people https://t.co/f5bPR9R5EQ @m…",Neutral,56.5613,general,general,,Twitter
Dallas8,Corporate,32.913273,-96.958064,7800 N. Macarthur Boulevard Suite 150,75063,Wed Oct 19 23:04:42 +0000 2016,"RT @ATT: Before you vote, grab the remote and tune into the final #debatenight at 8/7c. #UNLVPresDebate https://t.co/afLxTSZMLW",Neutral,51.1513,general,general,,Twitter
Dallas8,Corporate,32.913273,-96.958064,7800 N. Macarthur Boulevard Suite 150,75063,Wed Oct 19 23:00:29 +0000 2016,@ATTCares @SamsungSupport before it EXPLODES!,Neutral,50.0000,general,general,,Twitter
Dallas8,Corporate,32.913273,-96.958064,7800 N. Macarthur Boulevard Suite 150,75063,Wed Oct 19 22:53:18 +0000 2016,RT @Uverse: The #13NightsOfHalloween begin TONIGHT on @FreeformTV with R.L. Stein's Monsterville: Cabinet of Souls at 7/6c! 🎃 https://t.co/…,Neutral,51.3085,uverse,general,,Twitter
Dallas8,Corporate,32.913273,-96.958064,7800 N. Macarthur Boulevard Suite 150,75063,Wed Oct 19 22:46:12 +0000 2016,RT @Uverse: The #13NightsOfHalloween begin TONIGHT on @FreeformTV with R.L. Stein's Monsterville: Cabinet of Souls at 7/6c! 🎃 https://t.co/…,Neutral,51.3085,uverse,general,,Twitter
Dallas8,Corporate,32.913273,-96.958064,7800 N. Macarthur Boulevard Suite 150,75063,Wed Oct 19 22:36:23 +0000 2016,RT @Uverse: The #13NightsOfHalloween begin TONIGHT on @FreeformTV with R.L. Stein's Monsterville: Cabinet of Souls at 7/6c! 🎃 https://t.co/…,Neutral,51.3085,uverse,general,,Twitter
Dallas8,Corporate,32.913273,-96.958064,7800 N. Macarthur Boulevard Suite 150,75063,Wed Oct 19 22:35:06 +0000 2016,RT @Uverse: The #13NightsOfHalloween begin TONIGHT on @FreeformTV with R.L. Stein's Monsterville: Cabinet of Souls at 7/6c! 🎃 https://t.co/…,Neutral,51.3085,uverse,general,,Twitter
Dallas8,Corporate,32.913273,-96.958064,7800 N. Macarthur Boulevard Suite 150,75063,Wed Oct 19 22:31:21 +0000 2016,"RT @dallasnews: New media agency @Hearts_Science lands @ATT, opens shop in Dallas and plans to employ 100 people https://t.co/f5bPR9R5EQ @m…",Neutral,56.5613,general,general,,Twitter
Dallas8,Corporate,32.913273,-96.958064,7800 N. Macarthur Boulevard Suite 150,75063,Wed Oct 19 22:28:10 +0000 2016,@martmig7 @ATT what happened here? LoL,Negative,84.3747,general,general,,Twitter
Dallas8,Corporate,32.913273,-96.958064,7800 N. Macarthur Boulevard Suite 150,75063,Wed Oct 19 22:27:50 +0000 2016,RT @ATT: Welcome to the team! @taylorswift13 https://t.co/4h86nLYuLo https://t.co/gAHOi7fPrZ,Positive,84.3125,general,general,,Twitter
Dallas8,Corporate,32.913273,-96.958064,7800 N. Macarthur Boulevard Suite 150,75063,Wed Oct 19 22:25:06 +0000 2016,"RT @ATT: Before you vote, grab the remote and tune into the final #debatenight at 8/7c. #UNLVPresDebate https://t.co/afLxTSZMLW",Neutral,51.1513,general,general,,Twitter
Dallas8,Corporate,32.913273,-96.958064,7800 N. Macarthur Boulevard Suite 150,75063,Wed Oct 19 22:20:44 +0000 2016,RT @Uverse: The #13NightsOfHalloween begin TONIGHT on @FreeformTV with R.L. Stein's Monsterville: Cabinet of Souls at 7/6c! 🎃 https://t.co/…,Neutral,51.3085,uverse,general,,Twitter
Dallas8,Corporate,32.913273,-96.958064,7800 N. Macarthur Boulevard Suite 150,75063,Wed Oct 19 22:16:08 +0000 2016,RT @ATT: Get a sweet deal on the new iPhone 7 when you switch to AT&amp;T and have DIRECTV. https://t.co/TQVeUkmeZ6 https://t.co/zfZmNpe8AP,Positive,98.0584,directv,general,,Twitter
Dallas8,Corporate,32.913273,-96.958064,7800 N. Macarthur Boulevard Suite 150,75063,Wed Oct 19 22:11:19 +0000 2016,"RT @ATT: Before you vote, grab the remote and tune into the final #debatenight at 8/7c. #UNLVPresDebate https://t.co/afLxTSZMLW",Neutral,51.1513,general,general,,Twitter
Dallas8,Corporate,32.913273,-96.958064,7800 N. Macarthur Boulevard Suite 150,75063,Wed Oct 19 22:11:06 +0000 2016,RT @Uverse: The #13NightsOfHalloween begin TONIGHT on @FreeformTV with R.L. Stein's Monsterville: Cabinet of Souls at 7/6c! 🎃 https://t.co/…,Neutral,51.3085,uverse,general,,Twitter
Dallas8,Corporate,32.913273,-96.958064,7800 N. Macarthur Boulevard Suite 150,75063,Wed Oct 19 22:10:17 +0000 2016,A day in the life of an AT&amp;T PR maven with @MaddieLittrell #LifeatATT https://t.co/tCY2KB9iMW #attemployee https://t.co/esY0kn4peR,Positive,96.2833,general,general,,Twitter
Dallas8,Corporate,32.913273,-96.958064,7800 N. Macarthur Boulevard Suite 150,75063,Wed Oct 19 22:08:04 +0000 2016,RT @Uverse: The #13NightsOfHalloween begin TONIGHT on @FreeformTV with R.L. Stein's Monsterville: Cabinet of Souls at 7/6c! 🎃 https://t.co/…,Neutral,51.3085,uverse,general,,Twitter
Dallas8,Corporate,32.913273,-96.958064,7800 N. Macarthur Boulevard Suite 150,75063,Wed Oct 19 22:07:56 +0000 2016,RT @Uverse: The #13NightsOfHalloween begin TONIGHT on @FreeformTV with R.L. Stein's Monsterville: Cabinet of Souls at 7/6c! 🎃 https://t.co/…,Neutral,51.3085,uverse,general,,Twitter
Dallas8,Corporate,32.913273,-96.958064,7800 N. Macarthur Boulevard Suite 150,75063,Wed Oct 19 22:07:35 +0000 2016,RT @Uverse: The #13NightsOfHalloween begin TONIGHT on @FreeformTV with R.L. Stein's Monsterville: Cabinet of Souls at 7/6c! 🎃 https://t.co/…,Neutral,51.3085,uverse,general,,Twitter
Dallas8,Corporate,32.913273,-96.958064,7800 N. Macarthur Boulevard Suite 150,75063,Wed Oct 19 22:06:47 +0000 2016,RT @Uverse: The #13NightsOfHalloween begin TONIGHT on @FreeformTV with R.L. Stein's Monsterville: Cabinet of Souls at 7/6c! 🎃 https://t.co/…,Neutral,51.3085,uverse,general,,Twitter
Dallas8,Corporate,32.913273,-96.958064,7800 N. Macarthur Boulevard Suite 150,75063,Wed Oct 19 22:01:12 +0000 2016,RT @ATT: Welcome to the team! @taylorswift13 https://t.co/4h86nLYuLo https://t.co/gAHOi7fPrZ,Positive,84.3125,general,general,,Twitter
Dallas8,Corporate,32.913273,-96.958064,7800 N. Macarthur Boulevard Suite 150,75063,Wed Oct 19 22:00:01 +0000 2016,The #13NightsOfHalloween begin TONIGHT on @FreeformTV with R.L. Stein's Monsterville: Cabinet of Souls at 7/6c! 🎃 https://t.co/eHP6CuoIsz,Neutral,51.3085,general,general,,Twitter
Dallas8,Corporate,32.913273,-96.958064,7800 N. Macarthur Boulevard Suite 150,75063,Wed Oct 19 21:49:59 +0000 2016,RT @RickTweetTweet: Listen: Life At AT&amp;T Podcast with 3  #Women Vice Presidents #LifeatATT  #WomenLeaders #ATTDiversity https://t.co/MsMDVK…,Positive,82.4150,general,general,,Twitter
Dallas8,Corporate,32.913273,-96.958064,7800 N. Macarthur Boulevard Suite 150,75063,Wed Oct 19 21:49:02 +0000 2016,RT @ATT: Get a sweet deal on the new iPhone 7 when you switch to AT&amp;T and have DIRECTV. https://t.co/TQVeUkmeZ6 https://t.co/zfZmNpe8AP,Positive,98.0584,directv,general,,Twitter
Dallas8,Corporate,32.913273,-96.958064,7800 N. Macarthur Boulevard Suite 150,75063,Wed Oct 19 21:42:26 +0000 2016,"RT @dallasnews: New media agency @Hearts_Science lands @ATT, opens shop in Dallas and plans to employ 100 people https://t.co/f5bPR9R5EQ @m…",Neutral,56.5613,general,general,,Twitter
Dallas8,Corporate,32.913273,-96.958064,7800 N. Macarthur Boulevard Suite 150,75063,Wed Oct 19 21:41:16 +0000 2016,"RT @ATT: Before you vote, grab the remote and tune into the final #debatenight at 8/7c. #UNLVPresDebate https://t.co/afLxTSZMLW",Neutral,51.1513,general,general,,Twitter
Dallas8,Corporate,32.913273,-96.958064,7800 N. Macarthur Boulevard Suite 150,75063,Wed Oct 19 21:30:20 +0000 2016,"RT @ATT: Before you vote, grab the remote and tune into the final #debatenight at 8/7c. #UNLVPresDebate https://t.co/afLxTSZMLW",Neutral,51.1513,general,general,,Twitter
Dallas8,Corporate,32.913273,-96.958064,7800 N. Macarthur Boulevard Suite 150,75063,Wed Oct 19 21:28:50 +0000 2016,"RT @ATT: Before you vote, grab the remote and tune into the final #debatenight at 8/7c. #UNLVPresDebate https://t.co/afLxTSZMLW",Neutral,51.1513,general,general,,Twitter
Dallas8,Corporate,32.913273,-96.958064,7800 N. Macarthur Boulevard Suite 150,75063,Wed Oct 19 21:27:19 +0000 2016,"RT @Uverse: @steenfox You're breaking our heart - if you can tell us more about the issue you're having, we can help get to the bottom of i…",Negative,71.9489,uverse,general,,Twitter
Dallas8,Corporate,32.913273,-96.958064,7800 N. Macarthur Boulevard Suite 150,75063,Wed Oct 19 21:15:14 +0000 2016,RT @ATT: Welcome to the team! @taylorswift13 https://t.co/4h86nLYuLo https://t.co/gAHOi7fPrZ,Positive,84.3125,general,general,,Twitter
Dallas8,Corporate,32.913273,-96.958064,7800 N. Macarthur Boulevard Suite 150,75063,Wed Oct 19 21:14:49 +0000 2016,"RT @ATT: Before you vote, grab the remote and tune into the final #debatenight at 8/7c. #UNLVPresDebate https://t.co/afLxTSZMLW",Neutral,51.1513,general,general,,Twitter
Dallas8,Corporate,32.913273,-96.958064,7800 N. Macarthur Boulevard Suite 150,75063,Wed Oct 19 21:14:16 +0000 2016,@tayIorhq We’ll be giving away lots of tickets to fans and AT&amp;T customers soon. We’ll share details later.,Positive,90.0816,general,general,,Twitter
