Dallas12,Authorized,32.836504,-96.771185,5618 E Mockingbird Lane,75206,Sun Oct 23 00:15:18 +0000 2016,RT @ATT: The #futureofvideo is mobile and the #futureofmobile is video. Time Warner + AT&amp;T make it happen! @twxcorp https://t.co/GKx4U9TQYg,Neutral,56.0321,general,general,,Twitter
Dallas12,Authorized,32.836504,-96.771185,5618 E Mockingbird Lane,75206,Sun Oct 23 00:15:09 +0000 2016,RT @ATT: The #futureofvideo is mobile and the #futureofmobile is video. Time Warner + AT&amp;T make it happen! @twxcorp https://t.co/GKx4U9TQYg,Neutral,56.0321,general,general,,Twitter
Dallas12,Authorized,32.836504,-96.771185,5618 E Mockingbird Lane,75206,Sun Oct 23 00:15:04 +0000 2016,RT @ATT: The #futureofvideo is mobile and the #futureofmobile is video. Time Warner + AT&amp;T make it happen! @twxcorp https://t.co/GKx4U9TQYg,Neutral,56.0321,general,general,,Twitter
Dallas12,Authorized,32.836504,-96.771185,5618 E Mockingbird Lane,75206,Sun Oct 23 00:06:38 +0000 2016,"RT @DMNBiz: New media agency @Hearts_Science lands @ATT, opens shop in Dallas and plans to employ 100 people https://t.co/DFRmKVwrSP @mitch…",Neutral,56.5613,general,general,,Twitter
Dallas12,Authorized,32.836504,-96.771185,5618 E Mockingbird Lane,75206,Sun Oct 23 00:05:47 +0000 2016,"New media agency @Hearts_Science lands @ATT, opens shop in Dallas and plans to employ 100 people… https://t.co/YLnZeoEjzL",Neutral,58.3314,general,general,,Twitter
Dallas12,Authorized,32.836504,-96.771185,5618 E Mockingbird Lane,75206,Sun Oct 23 00:05:46 +0000 2016,RT @ATT: Are you ready for the revolution? Watch the @GreenDay @iHeartRadio Album Release Party now. #iHeartGreenDay https://t.co/ec2gZXKu7U,Neutral,59.0894,general,general,,Twitter
Dallas12,Authorized,32.836504,-96.771185,5618 E Mockingbird Lane,75206,Sun Oct 23 00:01:04 +0000 2016,RT @ATT: Welcome to the team! @taylorswift13 https://t.co/4h86nLYuLo https://t.co/gAHOi7fPrZ,Positive,84.3125,general,general,,Twitter
Dallas12,Authorized,32.836504,-96.771185,5618 E Mockingbird Lane,75206,Sat Oct 22 23:55:51 +0000 2016,RT @ATT: Welcome to the team! @taylorswift13 https://t.co/4h86nLYuLo https://t.co/gAHOi7fPrZ,Positive,84.3125,general,general,,Twitter
Dallas12,Authorized,32.836504,-96.771185,5618 E Mockingbird Lane,75206,Sat Oct 22 23:50:50 +0000 2016,RT @ATT: Who made you a college 🏈 fan? Share with #MadeMeAFanContest for a chance to win. Rules https://t.co/hU3I3wFn5V https://t.co/xZbxUJ…,Positive,88.9294,general,general,,Twitter
Dallas12,Authorized,32.836504,-96.771185,5618 E Mockingbird Lane,75206,Sat Oct 22 23:48:59 +0000 2016,"If @ATT acquires @cnn, I am likely cancelling all of my personal and business accounts. #atttimewarner",Positive,99.6014,general,general,,Twitter
Dallas12,Authorized,32.836504,-96.771185,5618 E Mockingbird Lane,75206,Sat Oct 22 23:35:01 +0000 2016,@ATT WHY DO I HAVE NO SERVICE IN MY APARTMENT!!! https://t.co/dPyPTDRcGr,Negative,95.4706,general,general,,Twitter
Dallas12,Authorized,32.836504,-96.771185,5618 E Mockingbird Lane,75206,Sat Oct 22 23:31:28 +0000 2016,"RT @ATT: Watch the @GreenDay @iHeartRadio Album Release Party Tonight, 9pm ET/PT on AUDIENCE. DIRECTV ch 239/U-verse ch 1114. https://t.co/…",Neutral,59.5550,directv,general,,Twitter
Dallas12,Authorized,32.836504,-96.771185,5618 E Mockingbird Lane,75206,Sat Oct 22 23:19:58 +0000 2016,RT @ATT: Welcome to the team! @taylorswift13 https://t.co/4h86nLYuLo https://t.co/gAHOi7fPrZ,Positive,84.3125,general,general,,Twitter
Dallas12,Authorized,32.836504,-96.771185,5618 E Mockingbird Lane,75206,Sat Oct 22 23:15:38 +0000 2016,The fact that @ATT maybe merging with @TWC makes me infuriated. AT&amp;T is a garbage company constantly crashing &amp; slow. #atttimewarner,Negative,84.0205,general,general,,Twitter
Dallas12,Authorized,32.836504,-96.771185,5618 E Mockingbird Lane,75206,Sat Oct 22 23:14:24 +0000 2016,RT @ATT: Welcome to the team! @taylorswift13 https://t.co/4h86nLYuLo https://t.co/gAHOi7fPrZ,Positive,84.3125,general,general,,Twitter
Dallas12,Authorized,32.836504,-96.771185,5618 E Mockingbird Lane,75206,Sat Oct 22 23:07:35 +0000 2016,"RT @dmoer: @JasonWhitely @ATT @nytimes People, Time Warner isn't the Cable company. It's the media company (e.g. CNN, HBO, etc)",Negative,69.2080,general,general,,Twitter
Dallas12,Authorized,32.836504,-96.771185,5618 E Mockingbird Lane,75206,Sat Oct 22 23:06:17 +0000 2016,"@JasonWhitely @ATT @nytimes People, Time Warner isn't the Cable company. It's the media company (e.g. CNN, HBO, etc)",Negative,69.2080,general,general,,Twitter
Dallas12,Authorized,32.836504,-96.771185,5618 E Mockingbird Lane,75206,Sat Oct 22 23:05:58 +0000 2016,"ICYMI: Dallas-based @ATT, TimeWarner (@twxcorp) discussed a takeover in recent weeks https://t.co/oHHLVaAY0m  $twx… https://t.co/1oj8FUdp2S",Neutral,57.9360,general,general,,Twitter
Dallas12,Authorized,32.836504,-96.771185,5618 E Mockingbird Lane,75206,Sat Oct 22 23:01:36 +0000 2016,"RT @ATT: Watch the @GreenDay @iHeartRadio Album Release Party Tonight, 9pm ET/PT on AUDIENCE. DIRECTV ch 239/U-verse ch 1114. https://t.co/…",Neutral,59.5550,directv,general,,Twitter
Dallas12,Authorized,32.836504,-96.771185,5618 E Mockingbird Lane,75206,Sat Oct 22 22:27:00 +0000 2016,"RT @ATT: Watch the @GreenDay @iHeartRadio Album Release Party Tonight, 9pm ET/PT on AUDIENCE. DIRECTV ch 239/U-verse ch 1114. https://t.co/…",Neutral,59.5550,directv,general,,Twitter
Dallas12,Authorized,32.836504,-96.771185,5618 E Mockingbird Lane,75206,Sat Oct 22 22:19:09 +0000 2016,RT @ATT: Welcome to the team! @taylorswift13 https://t.co/4h86nLYuLo https://t.co/gAHOi7fPrZ,Positive,84.3125,general,general,,Twitter
Dallas12,Authorized,32.836504,-96.771185,5618 E Mockingbird Lane,75206,Sat Oct 22 22:15:53 +0000 2016,RT @ATT: Get a sweet deal on the new iPhone 7 when you switch to AT&amp;T and have DIRECTV. https://t.co/TQVeUkmeZ6 https://t.co/zfZmNpe8AP,Positive,98.0584,directv,general,,Twitter
Dallas12,Authorized,32.836504,-96.771185,5618 E Mockingbird Lane,75206,Sat Oct 22 22:15:15 +0000 2016,@launchany @fields @ATT how likely is this to be approved,Negative,72.2143,general,general,,Twitter
Dallas12,Authorized,32.836504,-96.771185,5618 E Mockingbird Lane,75206,Sat Oct 22 21:56:18 +0000 2016,RT @HomaBashNBC5: Lots of questions arise as @WSJ reports that @ATT has agreed to buy Time Warner for upwards of $80 BILLION. Service costs…,Negative,71.4268,general,general,,Twitter
Dallas12,Authorized,32.836504,-96.771185,5618 E Mockingbird Lane,75206,Sat Oct 22 21:42:35 +0000 2016,"RT @ATT: Watch the @GreenDay @iHeartRadio Album Release Party Tonight, 9pm ET/PT on AUDIENCE. DIRECTV ch 239/U-verse ch 1114. https://t.co/…",Neutral,59.5550,directv,general,,Twitter
Dallas12,Authorized,32.836504,-96.771185,5618 E Mockingbird Lane,75206,Sat Oct 22 21:41:00 +0000 2016,"Our colleagues in Europe, the Middle East &amp; Asia are spreading the @ATT Aspire mission around the globe:… https://t.co/4XzfCsG2t7",Positive,71.5311,general,general,,Twitter
Dallas12,Authorized,32.836504,-96.771185,5618 E Mockingbird Lane,75206,Sat Oct 22 21:36:44 +0000 2016,"RT @ATT: Watch the @GreenDay @iHeartRadio Album Release Party Tonight, 9pm ET/PT on AUDIENCE. DIRECTV ch 239/U-verse ch 1114. https://t.co/…",Neutral,59.5550,directv,general,,Twitter
Dallas12,Authorized,32.836504,-96.771185,5618 E Mockingbird Lane,75206,Sat Oct 22 21:30:02 +0000 2016,RT @ATT: Welcome to the team! @taylorswift13 https://t.co/4h86nLYuLo https://t.co/gAHOi7fPrZ,Positive,84.3125,general,general,,Twitter
Dallas12,Authorized,32.836504,-96.771185,5618 E Mockingbird Lane,75206,Sat Oct 22 21:26:16 +0000 2016,"RT @ATT: Watch the @GreenDay @iHeartRadio Album Release Party Tonight, 9pm ET/PT on AUDIENCE. DIRECTV ch 239/U-verse ch 1114. https://t.co/…",Neutral,59.5550,directv,general,,Twitter
Dallas12,Authorized,32.836504,-96.771185,5618 E Mockingbird Lane,75206,Sat Oct 22 20:57:01 +0000 2016,RT @BriMalandro: this is gross bc @ATT is actually trash in each and every way possible https://t.co/kD2jnR7zXZ,Negative,73.5656,general,general,,Twitter
Dallas12,Authorized,32.836504,-96.771185,5618 E Mockingbird Lane,75206,Sat Oct 22 20:47:22 +0000 2016,RT @HomaBashNBC5: Lots of questions arise as @WSJ reports that @ATT has agreed to buy Time Warner for upwards of $80 BILLION. Service costs…,Negative,71.4268,general,general,,Twitter
Dallas12,Authorized,32.836504,-96.771185,5618 E Mockingbird Lane,75206,Sat Oct 22 20:45:34 +0000 2016,"RT @ATT: Watch the @GreenDay @iHeartRadio Album Release Party Tonight, 9pm ET/PT on AUDIENCE. DIRECTV ch 239/U-verse ch 1114. https://t.co/…",Neutral,59.5550,directv,general,,Twitter
Dallas12,Authorized,32.836504,-96.771185,5618 E Mockingbird Lane,75206,Sat Oct 22 20:39:11 +0000 2016,"RT @ATT: Watch the @GreenDay @iHeartRadio Album Release Party Tonight, 9pm ET/PT on AUDIENCE. DIRECTV ch 239/U-verse ch 1114. https://t.co/…",Neutral,59.5550,directv,general,,Twitter
Dallas12,Authorized,32.836504,-96.771185,5618 E Mockingbird Lane,75206,Sat Oct 22 20:36:40 +0000 2016,RT @ATT: Welcome to the team! @taylorswift13 https://t.co/4h86nLYuLo https://t.co/gAHOi7fPrZ,Positive,84.3125,general,general,,Twitter
Dallas12,Authorized,32.836504,-96.771185,5618 E Mockingbird Lane,75206,Sat Oct 22 20:32:53 +0000 2016,RT @BriMalandro: this is gross bc @ATT is actually trash in each and every way possible https://t.co/kD2jnR7zXZ,Negative,73.5656,general,general,,Twitter
Dallas12,Authorized,32.836504,-96.771185,5618 E Mockingbird Lane,75206,Sat Oct 22 20:31:14 +0000 2016,this is gross bc @ATT is actually trash in each and every way possible https://t.co/kD2jnR7zXZ,Negative,73.5656,general,general,,Twitter
Dallas12,Authorized,32.836504,-96.771185,5618 E Mockingbird Lane,75206,Sat Oct 22 20:19:20 +0000 2016,"RT @ATT: Watch the @GreenDay @iHeartRadio Album Release Party Tonight, 9pm ET/PT on AUDIENCE. DIRECTV ch 239/U-verse ch 1114. https://t.co/…",Neutral,59.5550,directv,general,,Twitter
Dallas12,Authorized,32.836504,-96.771185,5618 E Mockingbird Lane,75206,Sat Oct 22 19:57:33 +0000 2016,RT @ATT: Las Vegas- Celebrate #LGBTHistoryMonth by heading over to Snapchat and using our exclusive filters! https://t.co/HiHbHuJHD1,Neutral,59.1707,general,general,,Twitter
Dallas12,Authorized,32.836504,-96.771185,5618 E Mockingbird Lane,75206,Sat Oct 22 19:49:13 +0000 2016,RT @ATT: Welcome to the team! @taylorswift13 https://t.co/4h86nLYuLo https://t.co/gAHOi7fPrZ,Positive,84.3125,general,general,,Twitter
Dallas12,Authorized,32.836504,-96.771185,5618 E Mockingbird Lane,75206,Sat Oct 22 19:38:02 +0000 2016,RT @ATT: Welcome to the team! @taylorswift13 https://t.co/4h86nLYuLo https://t.co/gAHOi7fPrZ,Positive,84.3125,general,general,,Twitter
Dallas12,Authorized,32.836504,-96.771185,5618 E Mockingbird Lane,75206,Sat Oct 22 19:36:23 +0000 2016,When your blankity-blank cable goes out right before kickoff #TAMUvsBAMA #GigEm @ATT,Neutral,53.6983,general,general,,Twitter
Dallas12,Authorized,32.836504,-96.771185,5618 E Mockingbird Lane,75206,Sat Oct 22 19:30:41 +0000 2016,RT @ATT: Welcome to the team! @taylorswift13 https://t.co/4h86nLYuLo https://t.co/gAHOi7fPrZ,Positive,84.3125,general,general,,Twitter
Dallas12,Authorized,32.836504,-96.771185,5618 E Mockingbird Lane,75206,Sat Oct 22 19:26:41 +0000 2016,RT @ATT: Welcome to the team! @taylorswift13 https://t.co/4h86nLYuLo https://t.co/gAHOi7fPrZ,Positive,84.3125,general,general,,Twitter
Dallas12,Authorized,32.836504,-96.771185,5618 E Mockingbird Lane,75206,Sat Oct 22 19:24:22 +0000 2016,Lots of questions arise as @WSJ reports that @ATT has agreed to buy Time Warner for upwards of $80 BILLION. Service costs? Jobs?,Negative,90.9111,general,general,,Twitter
Dallas12,Authorized,32.836504,-96.771185,5618 E Mockingbird Lane,75206,Sat Oct 22 19:19:57 +0000 2016,Having a bad customer service day. Sadly I'm not surprised at @ATT but totally shocked at my @Apple experience especially live in a store.,Negative,99.6061,general,store experience,,Twitter
Dallas12,Authorized,32.836504,-96.771185,5618 E Mockingbird Lane,75206,Sat Oct 22 19:13:37 +0000 2016,RT @ATT: Welcome to the team! @taylorswift13 https://t.co/4h86nLYuLo https://t.co/gAHOi7fPrZ,Positive,84.3125,general,general,,Twitter
Dallas12,Authorized,32.836504,-96.771185,5618 E Mockingbird Lane,75206,Sat Oct 22 19:05:56 +0000 2016,"RT @ATT: Watch the @GreenDay @iHeartRadio Album Release Party Tonight, 9pm ET/PT on AUDIENCE. DIRECTV ch 239/U-verse ch 1114. https://t.co/…",Neutral,59.5550,directv,general,,Twitter
Dallas12,Authorized,32.836504,-96.771185,5618 E Mockingbird Lane,75206,Sat Oct 22 18:51:17 +0000 2016,RT @ATT: Welcome to the team! @taylorswift13 https://t.co/4h86nLYuLo https://t.co/gAHOi7fPrZ,Positive,84.3125,general,general,,Twitter
Dallas12,Authorized,32.836504,-96.771185,5618 E Mockingbird Lane,75206,Sat Oct 22 18:48:03 +0000 2016,"RT @ATT: Some people may wait a lifetime, but you don't have to. On 11/2-3, AT&amp;T customers can buy @kelly_clarkson tix early. https://t.co/…",Neutral,60.4188,general,general,,Twitter
Dallas12,Authorized,32.836504,-96.771185,5618 E Mockingbird Lane,75206,Sat Oct 22 18:42:34 +0000 2016,@GameOfThrones 4 @ATT $T buys @DIRECTV &amp; @HBO 's #TimeWarner while @timarmstrongaol of @verizon buys @AOL &amp; @Yahoo… https://t.co/SaXbGlATXK,Neutral,58.3720,directv,general,,Twitter
Dallas12,Authorized,32.836504,-96.771185,5618 E Mockingbird Lane,75206,Sat Oct 22 18:38:21 +0000 2016,RT @ATT: Las Vegas- Celebrate #LGBTHistoryMonth by heading over to Snapchat and using our exclusive filters! https://t.co/HiHbHuJHD1,Neutral,59.1707,general,general,,Twitter
Dallas12,Authorized,32.836504,-96.771185,5618 E Mockingbird Lane,75206,Sat Oct 22 18:31:55 +0000 2016,@ATT Reaches Deal to Buy @twxcorp for More Than $80 Billion https://t.co/vCwS3Ef4uf via @WSJ,Positive,66.8452,general,general,,Twitter
Dallas12,Authorized,32.836504,-96.771185,5618 E Mockingbird Lane,75206,Sat Oct 22 18:22:08 +0000 2016,"RT @ATT: Hey, Bears! @ATT + @TOMS are coming to game day this week to share their story &amp; #CelebrateGood with fans. Stop by! https://t.co/M…",Positive,88.1188,general,general,,Twitter
Dallas12,Authorized,32.836504,-96.771185,5618 E Mockingbird Lane,75206,Sat Oct 22 18:19:06 +0000 2016,"RT @ATT: Some people may wait a lifetime, but you don't have to. On 11/2-3, AT&amp;T customers can buy @kelly_clarkson tix early. https://t.co/…",Neutral,60.4188,general,general,,Twitter
Dallas12,Authorized,32.836504,-96.771185,5618 E Mockingbird Lane,75206,Sat Oct 22 18:17:50 +0000 2016,RT @ATT: Welcome to the team! @taylorswift13 https://t.co/4h86nLYuLo https://t.co/gAHOi7fPrZ,Positive,84.3125,general,general,,Twitter
Dallas12,Authorized,32.836504,-96.771185,5618 E Mockingbird Lane,75206,Sat Oct 22 18:09:13 +0000 2016,RT @ATT: Who made you a college 🏈 fan? Share with #MadeMeAFanContest for a chance to win. Rules https://t.co/hU3I3wFn5V https://t.co/xZbxUJ…,Positive,88.9294,general,general,,Twitter
Dallas12,Authorized,32.836504,-96.771185,5618 E Mockingbird Lane,75206,Sat Oct 22 18:04:12 +0000 2016,@caroljsroth so what are your thoughts on the @ATT @TWC deal?,Neutral,51.0521,general,general,,Twitter
Dallas12,Authorized,32.836504,-96.771185,5618 E Mockingbird Lane,75206,Sat Oct 22 18:01:18 +0000 2016,RT @ATT: Welcome to the team! @taylorswift13 https://t.co/4h86nLYuLo https://t.co/gAHOi7fPrZ,Positive,84.3125,general,general,,Twitter
Dallas12,Authorized,32.836504,-96.771185,5618 E Mockingbird Lane,75206,Sat Oct 22 17:51:05 +0000 2016,RT @ATT: Las Vegas- Celebrate #LGBTHistoryMonth by heading over to Snapchat and using our exclusive filters! https://t.co/HiHbHuJHD1,Neutral,59.1707,general,general,,Twitter
Dallas12,Authorized,32.836504,-96.771185,5618 E Mockingbird Lane,75206,Sat Oct 22 17:49:13 +0000 2016,why iPhones cost almost $1000 but I just simply restarted my phone and it deleted all my messages for no reason 😐😐😐😐😐😐 @ATT @Apple U SUCK,Negative,99.8366,general,general,,Twitter
Dallas12,Authorized,32.836504,-96.771185,5618 E Mockingbird Lane,75206,Sat Oct 22 17:46:54 +0000 2016,"RT @ATT: Some people may wait a lifetime, but you don't have to. On 11/2-3, AT&amp;T customers can buy @kelly_clarkson tix early. https://t.co/…",Neutral,60.4188,general,general,,Twitter
Dallas12,Authorized,32.836504,-96.771185,5618 E Mockingbird Lane,75206,Sat Oct 22 17:41:41 +0000 2016,RT @ATT: Are you ready for the revolution? Watch the @GreenDay @iHeartRadio Album Release Party now. #iHeartGreenDay https://t.co/ec2gZXKu7U,Neutral,59.0894,general,general,,Twitter
Dallas12,Authorized,32.836504,-96.771185,5618 E Mockingbird Lane,75206,Sat Oct 22 17:33:06 +0000 2016,"RT @ATT: Hey, Bears! @ATT + @TOMS are coming to game day this week to share their story &amp; #CelebrateGood with fans. Stop by! https://t.co/M…",Positive,88.1188,general,general,,Twitter
Dallas12,Authorized,32.836504,-96.771185,5618 E Mockingbird Lane,75206,Sat Oct 22 17:25:45 +0000 2016,RT @ATT: Welcome to the team! @taylorswift13 https://t.co/4h86nLYuLo https://t.co/gAHOi7fPrZ,Positive,84.3125,general,general,,Twitter
Dallas12,Authorized,32.836504,-96.771185,5618 E Mockingbird Lane,75206,Sat Oct 22 17:24:57 +0000 2016,RT @ATT: Welcome to the team! @taylorswift13 https://t.co/4h86nLYuLo https://t.co/gAHOi7fPrZ,Positive,84.3125,general,general,,Twitter
Dallas12,Authorized,32.836504,-96.771185,5618 E Mockingbird Lane,75206,Sat Oct 22 17:12:46 +0000 2016,"RT @ATT: We want to see your #ATTRedCarpet watch party! Tweet us your plans, and tune in on @AudienceNetwork on 11/2! #CMAAwards50 https://…",Neutral,59.7095,general,general,,Twitter
Dallas12,Authorized,32.836504,-96.771185,5618 E Mockingbird Lane,75206,Sat Oct 22 17:08:04 +0000 2016,"RT @ATT: Watch the @GreenDay @iHeartRadio Album Release Party Tonight, 9pm ET/PT on AUDIENCE. DIRECTV ch 239/U-verse ch 1114. https://t.co/…",Neutral,59.5550,directv,general,,Twitter
Dallas12,Authorized,32.836504,-96.771185,5618 E Mockingbird Lane,75206,Sat Oct 22 17:01:26 +0000 2016,RT @ATT: Welcome to the team! @taylorswift13 https://t.co/4h86nLYuLo https://t.co/gAHOi7fPrZ,Positive,84.3125,general,general,,Twitter
Dallas12,Authorized,32.836504,-96.771185,5618 E Mockingbird Lane,75206,Sat Oct 22 17:00:05 +0000 2016,"RT @ATT: Watch the @GreenDay @iHeartRadio Album Release Party Tonight, 9pm ET/PT on AUDIENCE. DIRECTV ch 239/U-verse ch 1114. https://t.co/…",Neutral,59.5550,directv,general,,Twitter
Dallas12,Authorized,32.836504,-96.771185,5618 E Mockingbird Lane,75206,Sat Oct 22 16:47:24 +0000 2016,RT @ATT: Welcome to the team! @taylorswift13 https://t.co/4h86nLYuLo https://t.co/gAHOi7fPrZ,Positive,84.3125,general,general,,Twitter
Dallas12,Authorized,32.836504,-96.771185,5618 E Mockingbird Lane,75206,Sat Oct 22 16:46:29 +0000 2016,I'll be done with @TWC if this happens. I left @ATT for a reason.  https://t.co/QxiMxFkSNQ,Negative,92.5204,general,general,,Twitter
Dallas12,Authorized,32.836504,-96.771185,5618 E Mockingbird Lane,75206,Sat Oct 22 16:44:17 +0000 2016,RT @ATT: Welcome to the team! @taylorswift13 https://t.co/4h86nLYuLo https://t.co/gAHOi7fPrZ,Positive,84.3125,general,general,,Twitter
Dallas12,Authorized,32.836504,-96.771185,5618 E Mockingbird Lane,75206,Sat Oct 22 16:43:43 +0000 2016,"RT @ATT: Watch the @GreenDay @iHeartRadio Album Release Party Tonight, 9pm ET/PT on AUDIENCE. DIRECTV ch 239/U-verse ch 1114. https://t.co/…",Neutral,59.5550,directv,general,,Twitter
Dallas12,Authorized,32.836504,-96.771185,5618 E Mockingbird Lane,75206,Sat Oct 22 16:29:18 +0000 2016,"@DIRECTV According to @AnthonyHotels, the host of the shows, his shows are to be on Monday evening. 2 of are. I can't find Hotel Showdown.",Neutral,57.3660,directv,general,,Twitter
Dallas12,Authorized,32.836504,-96.771185,5618 E Mockingbird Lane,75206,Sat Oct 22 16:24:50 +0000 2016,"RT @ATT: Watch the @GreenDay @iHeartRadio Album Release Party Tonight, 9pm ET/PT on AUDIENCE. DIRECTV ch 239/U-verse ch 1114. https://t.co/…",Neutral,59.5550,directv,general,,Twitter
Dallas12,Authorized,32.836504,-96.771185,5618 E Mockingbird Lane,75206,Sat Oct 22 16:15:54 +0000 2016,@JasonWhitely @wfaachannel8 @ATT @nytimes Why?,Neutral,61.4168,general,general,,Twitter
Dallas12,Authorized,32.836504,-96.771185,5618 E Mockingbird Lane,75206,Sat Oct 22 16:12:09 +0000 2016,RT @ATT: Welcome to the team! @taylorswift13 https://t.co/4h86nLYuLo https://t.co/gAHOi7fPrZ,Positive,84.3125,general,general,,Twitter
Dallas12,Authorized,32.836504,-96.771185,5618 E Mockingbird Lane,75206,Sat Oct 22 16:09:13 +0000 2016,RT @ATT: Welcome to the team! @taylorswift13 https://t.co/4h86nLYuLo https://t.co/gAHOi7fPrZ,Positive,84.3125,general,general,,Twitter
Dallas12,Authorized,32.836504,-96.771185,5618 E Mockingbird Lane,75206,Sat Oct 22 16:05:36 +0000 2016,@JasonWhitely @ATT @nytimes Didn't spectrum just do that? My TWC bill now says Spectrum... But my bldg is now set up for ATT fiber...?,Negative,70.7072,fiber,general,,Twitter
Dallas12,Authorized,32.836504,-96.771185,5618 E Mockingbird Lane,75206,Sat Oct 22 15:58:00 +0000 2016,@ATTCares like ffs maybe @att should be a bit more transparent,Negative,64.5847,general,general,,Twitter
Dallas12,Authorized,32.836504,-96.771185,5618 E Mockingbird Lane,75206,Sat Oct 22 15:57:40 +0000 2016,"@ATTCares UNFORTUNATELY that doesn't list what the late fees are, when they occur, or anything more specific than BAD THINGS HAPPEN",Negative,99.7098,general,general,,Twitter
Dallas12,Authorized,32.836504,-96.771185,5618 E Mockingbird Lane,75206,Sat Oct 22 15:53:56 +0000 2016,"RT @ATT: See how you can get up to $650 in credits with AT&amp;T.
https://t.co/qJML2cmv5a",Negative,62.5517,general,general,,Twitter
Dallas12,Authorized,32.836504,-96.771185,5618 E Mockingbird Lane,75206,Sat Oct 22 15:51:35 +0000 2016,RT @ATT: @Emma_Wilson44 We’ll be giving away tickets to Taylor fans including AT&amp;T customers + special guests. We’ll share ticketing detail…,Positive,79.9808,general,general,,Twitter
Dallas12,Authorized,32.836504,-96.771185,5618 E Mockingbird Lane,75206,Sat Oct 22 15:51:08 +0000 2016,"RT @ATT: Watch the @GreenDay @iHeartRadio Album Release Party Tonight, 9pm ET/PT on AUDIENCE. DIRECTV ch 239/U-verse ch 1114. https://t.co/…",Neutral,59.5550,directv,general,,Twitter
Dallas12,Authorized,32.836504,-96.771185,5618 E Mockingbird Lane,75206,Sat Oct 22 15:40:40 +0000 2016,"RT @ATT: Watch the @GreenDay @iHeartRadio Album Release Party Tonight, 9pm ET/PT on AUDIENCE. DIRECTV ch 239/U-verse ch 1114. https://t.co/…",Neutral,59.5550,directv,general,,Twitter
Dallas12,Authorized,32.836504,-96.771185,5618 E Mockingbird Lane,75206,Sat Oct 22 15:38:11 +0000 2016,@ATTCares yeah I will I only get paid once a month,Negative,73.6241,general,general,,Twitter
Dallas12,Authorized,32.836504,-96.771185,5618 E Mockingbird Lane,75206,Sat Oct 22 15:35:45 +0000 2016,"RT @ATT: Watch the @GreenDay @iHeartRadio Album Release Party Tonight, 9pm ET/PT on AUDIENCE. DIRECTV ch 239/U-verse ch 1114. https://t.co/…",Neutral,59.5550,directv,general,,Twitter
Dallas12,Authorized,32.836504,-96.771185,5618 E Mockingbird Lane,75206,Sat Oct 22 15:31:34 +0000 2016,"RT @ATT: Hey, Bears! @ATT + @TOMS are coming to game day this week to share their story &amp; #CelebrateGood with fans. Stop by! https://t.co/M…",Positive,88.1188,general,general,,Twitter
Dallas12,Authorized,32.836504,-96.771185,5618 E Mockingbird Lane,75206,Sat Oct 22 15:30:48 +0000 2016,"RT @ATT: Watch the @GreenDay @iHeartRadio Album Release Party Tonight, 9pm ET/PT on AUDIENCE. DIRECTV ch 239/U-verse ch 1114. https://t.co/…",Neutral,59.5550,directv,general,,Twitter
Dallas12,Authorized,32.836504,-96.771185,5618 E Mockingbird Lane,75206,Sat Oct 22 15:20:55 +0000 2016,RT @ATT: Welcome to the team! @taylorswift13 https://t.co/4h86nLYuLo https://t.co/gAHOi7fPrZ,Positive,84.3125,general,general,,Twitter
Dallas12,Authorized,32.836504,-96.771185,5618 E Mockingbird Lane,75206,Sat Oct 22 15:19:21 +0000 2016,"RT @ATT: Watch the @GreenDay @iHeartRadio Album Release Party Tonight, 9pm ET/PT on AUDIENCE. DIRECTV ch 239/U-verse ch 1114. https://t.co/…",Neutral,59.5550,directv,general,,Twitter
Dallas12,Authorized,32.836504,-96.771185,5618 E Mockingbird Lane,75206,Sat Oct 22 15:14:45 +0000 2016,RT @ATT: Welcome to the team! @taylorswift13 https://t.co/4h86nLYuLo https://t.co/gAHOi7fPrZ,Positive,84.3125,general,general,,Twitter
Dallas12,Authorized,32.836504,-96.771185,5618 E Mockingbird Lane,75206,Sat Oct 22 15:05:49 +0000 2016,RT @ATT: Welcome to the team! @taylorswift13 https://t.co/4h86nLYuLo https://t.co/gAHOi7fPrZ,Positive,84.3125,general,general,,Twitter
Dallas12,Authorized,32.836504,-96.771185,5618 E Mockingbird Lane,75206,Sat Oct 22 15:00:54 +0000 2016,"RT @ATT: Hey, Bears! @ATT + @TOMS are coming to game day this week to share their story &amp; #CelebrateGood with fans. Stop by! https://t.co/M…",Positive,88.1188,general,general,,Twitter
Dallas12,Authorized,32.836504,-96.771185,5618 E Mockingbird Lane,75206,Sat Oct 22 14:54:39 +0000 2016,"Oops, I forgot to pay my @ATT bill last month.",Negative,68.6860,general,general,,Twitter
Dallas12,Authorized,32.836504,-96.771185,5618 E Mockingbird Lane,75206,Sat Oct 22 14:49:32 +0000 2016,RT @ATT: Welcome to the team! @taylorswift13 https://t.co/4h86nLYuLo https://t.co/gAHOi7fPrZ,Positive,84.3125,general,general,,Twitter
Dallas12,Authorized,32.836504,-96.771185,5618 E Mockingbird Lane,75206,Sat Oct 22 14:38:26 +0000 2016,RT @ATT: @_Reflection5H Not necessarily. We’ll be giving away lots of tickets to Taylor fans including AT&amp;T customers &amp; special guests.,Positive,68.3177,general,general,,Twitter
Dallas12,Authorized,32.836504,-96.771185,5618 E Mockingbird Lane,75206,Sat Oct 22 14:27:15 +0000 2016,"RT @ATT: Watch the @GreenDay @iHeartRadio Album Release Party Tonight, 9pm ET/PT on AUDIENCE. DIRECTV ch 239/U-verse ch 1114. https://t.co/…",Neutral,59.5550,directv,general,,Twitter
