Dallas8,Corporate,32.913273,-96.958064,7800 N. Macarthur Boulevard Suite 150,75063,Wed Oct 26 12:40:18 +0000 2016,RT @ATT: Welcome to the team! @taylorswift13 https://t.co/4h86nLYuLo https://t.co/gAHOi7fPrZ,Positive,84.3125,general,general,,Twitter
Dallas8,Corporate,32.913273,-96.958064,7800 N. Macarthur Boulevard Suite 150,75063,Wed Oct 26 12:35:58 +0000 2016,RT @ATT: Welcome to the team! @taylorswift13 https://t.co/4h86nLYuLo https://t.co/gAHOi7fPrZ,Positive,84.3125,general,general,,Twitter
Dallas8,Corporate,32.913273,-96.958064,7800 N. Macarthur Boulevard Suite 150,75063,Wed Oct 26 12:19:28 +0000 2016,@ana60nda @BostonSugarBear @LordVoltimus @Snowden @ATT it's a clear violation of the 4th amendment. Search/seizure w/out probable cause.,Neutral,53.2556,general,general,,Twitter
Dallas8,Corporate,32.913273,-96.958064,7800 N. Macarthur Boulevard Suite 150,75063,Wed Oct 26 12:15:28 +0000 2016,@ATT can someone call me asap... Immediately,Negative,73.1906,general,general,,Twitter
Dallas8,Corporate,32.913273,-96.958064,7800 N. Macarthur Boulevard Suite 150,75063,Wed Oct 26 12:14:49 +0000 2016,RT @DMNBiz: Hear our @MitchSchnurman discuss the AT&amp;T-Time Warner merger on Tuesday's @TexasStandard via #soundcloud https://t.co/4gIyBaQPkE,Positive,69.1171,general,general,,Twitter
Dallas8,Corporate,32.913273,-96.958064,7800 N. Macarthur Boulevard Suite 150,75063,Wed Oct 26 12:06:08 +0000 2016,RT @Uverse: It’s showtime! Pump up #NationalPumpkinDay with Beetlejuice to get in the #Halloween spirit: https://t.co/WDktnIfl3g 🎃 https://…,Negative,72.3721,uverse,general,,Twitter
Dallas8,Corporate,32.913273,-96.958064,7800 N. Macarthur Boulevard Suite 150,75063,Wed Oct 26 12:05:39 +0000 2016,The Latin America assets of @ATT could figure more prominently after Time Warner deal https://t.co/Op4NIxIxGZ |… https://t.co/jVYaRUGK5g,Positive,74.4417,general,general,,Twitter
Dallas8,Corporate,32.913273,-96.958064,7800 N. Macarthur Boulevard Suite 150,75063,Wed Oct 26 12:02:14 +0000 2016,RT @ATT: The #futureofvideo is mobile and the #futureofmobile is video. Time Warner + AT&amp;T make it happen! @twxcorp https://t.co/GKx4U9TQYg,Neutral,56.0321,general,general,,Twitter
Dallas8,Corporate,32.913273,-96.958064,7800 N. Macarthur Boulevard Suite 150,75063,Wed Oct 26 12:01:35 +0000 2016,"RT @attJOBS: At AT&amp;T, we believe that inspiration stems from collaboration. That's why we give employees the access they need. https://t.co…",Neutral,53.7838,general,general,,Twitter
Dallas8,Corporate,32.913273,-96.958064,7800 N. Macarthur Boulevard Suite 150,75063,Wed Oct 26 12:00:45 +0000 2016,It’s showtime! Pump up #NationalPumpkinDay with Beetlejuice to get in the #Halloween spirit:… https://t.co/orCyGpFIaw,Negative,81.8018,general,general,,Twitter
Dallas8,Corporate,32.913273,-96.958064,7800 N. Macarthur Boulevard Suite 150,75063,Wed Oct 26 12:00:01 +0000 2016,Learn how to add a text messaging user to your pdvConnect from AT&amp;T account https://t.co/Aqu7w2lJjK https://t.co/BUzKtN9fwM,Neutral,50.6903,general,general,,Twitter
Dallas8,Corporate,32.913273,-96.958064,7800 N. Macarthur Boulevard Suite 150,75063,Wed Oct 26 11:47:44 +0000 2016,RT @ATTBusiness: Watch how to protect your business from evolving threats. Get our report to learn more: https://t.co/8Ixmpp7esC #ATTCyberC…,Positive,65.3603,general,general,,Twitter
Dallas8,Corporate,32.913273,-96.958064,7800 N. Macarthur Boulevard Suite 150,75063,Wed Oct 26 11:37:57 +0000 2016,"RT @SportsDayHS: Due to conflicts, no #txhsfb at AT&amp;T Stadium for the first 3 rounds 😭
…but now we have The Star.
Details: https://t.co/UxR…",Positive,78.7116,general,general,,Twitter
Dallas8,Corporate,32.913273,-96.958064,7800 N. Macarthur Boulevard Suite 150,75063,Wed Oct 26 11:21:24 +0000 2016,Hear our @MitchSchnurman discuss the AT&amp;T-Time Warner merger on Tuesday's @TexasStandard via #soundcloud https://t.co/4gIyBaQPkE,Positive,69.1171,general,general,,Twitter
Dallas8,Corporate,32.913273,-96.958064,7800 N. Macarthur Boulevard Suite 150,75063,Wed Oct 26 11:10:15 +0000 2016,"Don't expect a change in viewpoint for @CNN, @ATT chief says https://t.co/9xIAgD1Mzi | @agarre https://t.co/0C8y9rVgOl",Neutral,55.5436,general,general,,Twitter
Dallas8,Corporate,32.913273,-96.958064,7800 N. Macarthur Boulevard Suite 150,75063,Wed Oct 26 10:58:04 +0000 2016,"RT @SportsDayHS: Due to conflicts, no #txhsfb at AT&amp;T Stadium for the first 3 rounds 😭
…but now we have The Star.
Details: https://t.co/UxR…",Positive,78.7116,general,general,,Twitter
Dallas8,Corporate,32.913273,-96.958064,7800 N. Macarthur Boulevard Suite 150,75063,Wed Oct 26 10:09:42 +0000 2016,"""Morning Agenda: New Antitrust Era, Relief for VW Owners, Apple’s Optimism"" by AMIE TSANG via NYT The New York Tim… https://t.co/lRbslh42eF",Positive,93.1317,general,general,,Twitter
Dallas8,Corporate,32.913273,-96.958064,7800 N. Macarthur Boulevard Suite 150,75063,Wed Oct 26 09:26:31 +0000 2016,RT @DMNBiz: AT&amp;T announces launch of DirecTV Now for $35 a month https://t.co/ppsMdIJoVW | @Melissa_Repko https://t.co/aBYsECCgU3,Neutral,52.2396,directv,general,,Twitter
Dallas8,Corporate,32.913273,-96.958064,7800 N. Macarthur Boulevard Suite 150,75063,Wed Oct 26 08:56:58 +0000 2016,RT @ATT: Welcome to the team! @taylorswift13 https://t.co/4h86nLYuLo https://t.co/gAHOi7fPrZ,Positive,84.3125,general,general,,Twitter
Dallas8,Corporate,32.913273,-96.958064,7800 N. Macarthur Boulevard Suite 150,75063,Wed Oct 26 08:52:01 +0000 2016,Now I understand why people say @ATT has terrible customer service. Smdh.,Negative,96.5694,general,general,,Twitter
Dallas8,Corporate,32.913273,-96.958064,7800 N. Macarthur Boulevard Suite 150,75063,Wed Oct 26 08:40:42 +0000 2016,RT @ATT: Welcome to the team! @taylorswift13 https://t.co/4h86nLYuLo https://t.co/gAHOi7fPrZ,Positive,84.3125,general,general,,Twitter
Dallas8,Corporate,32.913273,-96.958064,7800 N. Macarthur Boulevard Suite 150,75063,Wed Oct 26 07:59:16 +0000 2016,RT @ATT: Welcome to the team! @taylorswift13 https://t.co/4h86nLYuLo https://t.co/gAHOi7fPrZ,Positive,84.3125,general,general,,Twitter
Dallas8,Corporate,32.913273,-96.958064,7800 N. Macarthur Boulevard Suite 150,75063,Wed Oct 26 07:48:54 +0000 2016,RT @ATT: Welcome to the team! @taylorswift13 https://t.co/4h86nLYuLo https://t.co/gAHOi7fPrZ,Positive,84.3125,general,general,,Twitter
Dallas8,Corporate,32.913273,-96.958064,7800 N. Macarthur Boulevard Suite 150,75063,Wed Oct 26 07:28:34 +0000 2016,RT @ATT: Welcome to the team! @taylorswift13 https://t.co/4h86nLYuLo https://t.co/gAHOi7fPrZ,Positive,84.3125,general,general,,Twitter
Dallas8,Corporate,32.913273,-96.958064,7800 N. Macarthur Boulevard Suite 150,75063,Wed Oct 26 06:44:52 +0000 2016,RT @JTeespeak: So great hangin w/ @GavinDeGraw thx to @DFWAcuraDealers @McDonalds &amp; @ATT  @JackFMDFW @MoreHits1037 https://t.co/V4rDDvLfkB,Positive,78.6970,general,general,,Twitter
Dallas8,Corporate,32.913273,-96.958064,7800 N. Macarthur Boulevard Suite 150,75063,Wed Oct 26 06:40:42 +0000 2016,@jsalinas300 @ATT fr mane I'm finna have to make a move to @TWCable_NEO,Negative,91.1536,general,general,,Twitter
Dallas8,Corporate,32.913273,-96.958064,7800 N. Macarthur Boulevard Suite 150,75063,Wed Oct 26 06:37:47 +0000 2016,@jsalinas300 @einnordar I'm just tryin to Beat my meat but att hoen,Neutral,61.7608,general,general,,Twitter
Dallas8,Corporate,32.913273,-96.958064,7800 N. Macarthur Boulevard Suite 150,75063,Wed Oct 26 06:34:35 +0000 2016,#Breaking  AT&amp;T #ByronNelson will move locations ahead of schedule in 2018 https://t.co/iFH5zQr2SN via @sportsdaydfw,Positive,71.9976,general,general,,Twitter
Dallas8,Corporate,32.913273,-96.958064,7800 N. Macarthur Boulevard Suite 150,75063,Wed Oct 26 06:32:53 +0000 2016,#Nothappy #ATT #ByronNelson to Move from #Irving #FSDallas to Trinity Forest Golf Club in 2018 https://t.co/Mkf8ZjnEQ5 via @golf_com,Neutral,50.0000,general,general,,Twitter
Dallas8,Corporate,32.913273,-96.958064,7800 N. Macarthur Boulevard Suite 150,75063,Wed Oct 26 06:22:32 +0000 2016,RT @ATTBusiness: Watch how to protect your business from evolving threats. Get our report to learn more: https://t.co/8Ixmpp7esC #ATTCyberC…,Positive,65.3603,general,general,,Twitter
Dallas8,Corporate,32.913273,-96.958064,7800 N. Macarthur Boulevard Suite 150,75063,Wed Oct 26 06:15:42 +0000 2016,AT&amp;T is making millions from selling your phone records to law enforcement https://t.co/EVe9DaMLyi,Neutral,59.9258,general,general,,Twitter
Dallas8,Corporate,32.913273,-96.958064,7800 N. Macarthur Boulevard Suite 150,75063,Wed Oct 26 05:50:47 +0000 2016,RT @ATT: Welcome to the team! @taylorswift13 https://t.co/4h86nLYuLo https://t.co/gAHOi7fPrZ,Positive,84.3125,general,general,,Twitter
Dallas8,Corporate,32.913273,-96.958064,7800 N. Macarthur Boulevard Suite 150,75063,Wed Oct 26 05:39:54 +0000 2016,"RT @SportsDayHS: Due to conflicts, no #txhsfb at AT&amp;T Stadium for the first 3 rounds 😭
…but now we have The Star.
Details: https://t.co/UxR…",Positive,78.7116,general,general,,Twitter
Dallas8,Corporate,32.913273,-96.958064,7800 N. Macarthur Boulevard Suite 150,75063,Wed Oct 26 05:30:16 +0000 2016,"RT @attJOBS: With the power to shape new accessibility tech (like a speech-to-text hearing aid), #InclusionWorks at AT&amp;T. https://t.co/P4aq…",Positive,84.8995,general,general,,Twitter
Dallas8,Corporate,32.913273,-96.958064,7800 N. Macarthur Boulevard Suite 150,75063,Wed Oct 26 05:18:23 +0000 2016,Bro @att wifi is fucking cheeks dude... always fucking slow,Negative,67.9464,general,general,,Twitter
Dallas8,Corporate,32.913273,-96.958064,7800 N. Macarthur Boulevard Suite 150,75063,Wed Oct 26 05:18:07 +0000 2016,Five FC Dallas Goals up for AT&amp;T MLS Goal of the Year https://t.co/NhzMreHLxi,Positive,79.7596,general,general,,Twitter
Dallas8,Corporate,32.913273,-96.958064,7800 N. Macarthur Boulevard Suite 150,75063,Wed Oct 26 05:11:44 +0000 2016,"RT @SportsDayHS: Due to conflicts, no #txhsfb at AT&amp;T Stadium for the first 3 rounds 😭
…but now we have The Star.
Details: https://t.co/UxR…",Positive,78.7116,general,general,,Twitter
Dallas8,Corporate,32.913273,-96.958064,7800 N. Macarthur Boulevard Suite 150,75063,Wed Oct 26 05:10:57 +0000 2016,RT @BillNicholsDMN: Jordan Spieth to headline announcement of AT&amp;T Byron Nelson's early move to Trinity Forest in 2018 https://t.co/MKP4cN9…,Neutral,55.6884,general,general,,Twitter
Dallas8,Corporate,32.913273,-96.958064,7800 N. Macarthur Boulevard Suite 150,75063,Wed Oct 26 04:43:37 +0000 2016,RT @ATT: Get a sweet deal on the new iPhone 7 when you switch to AT&amp;T and have DIRECTV. https://t.co/TQVeUkmeZ6 https://t.co/zfZmNpe8AP,Positive,98.0584,directv,general,,Twitter
Dallas8,Corporate,32.913273,-96.958064,7800 N. Macarthur Boulevard Suite 150,75063,Wed Oct 26 04:35:29 +0000 2016,RT @ATT: Welcome to the team! @taylorswift13 https://t.co/4h86nLYuLo https://t.co/gAHOi7fPrZ,Positive,84.3125,general,general,,Twitter
Dallas8,Corporate,32.913273,-96.958064,7800 N. Macarthur Boulevard Suite 150,75063,Wed Oct 26 04:33:06 +0000 2016,RT @ATT: Welcome to the team! @taylorswift13 https://t.co/4h86nLYuLo https://t.co/gAHOi7fPrZ,Positive,84.3125,general,general,,Twitter
Dallas8,Corporate,32.913273,-96.958064,7800 N. Macarthur Boulevard Suite 150,75063,Wed Oct 26 04:25:59 +0000 2016,"⚡️ “AT&amp;T set to unveil DirecTV Now streaming bundle”

https://t.co/ICsuodFo1Q",Neutral,54.3137,directv,general,,Twitter
Dallas8,Corporate,32.913273,-96.958064,7800 N. Macarthur Boulevard Suite 150,75063,Wed Oct 26 03:48:18 +0000 2016,@ATT thanks for selling our information. I hope your stock drops and you can't afford Time Warner,Neutral,52.2445,general,general,,Twitter
Dallas8,Corporate,32.913273,-96.958064,7800 N. Macarthur Boulevard Suite 150,75063,Wed Oct 26 03:26:13 +0000 2016,Presenting Sponsor @ATT employee engagement rocks. Don't believe me just WATCH @slkite5 @dahnahull! Excellent. Really excellent. #OneUpThat,Positive,65.4969,general,general,,Twitter
Dallas8,Corporate,32.913273,-96.958064,7800 N. Macarthur Boulevard Suite 150,75063,Wed Oct 26 03:18:13 +0000 2016,RT @attJOBS: We ranked highest in the J.D. Power Wireless Purchase Experience for the 7th year in a row! https://t.co/2384V124FA https://t.…,Positive,96.0033,general,store experience,,Twitter
Dallas8,Corporate,32.913273,-96.958064,7800 N. Macarthur Boulevard Suite 150,75063,Wed Oct 26 03:13:40 +0000 2016,RT @ATT: Welcome to the team! @taylorswift13 https://t.co/4h86nLYuLo https://t.co/gAHOi7fPrZ,Positive,84.3125,general,general,,Twitter
Dallas8,Corporate,32.913273,-96.958064,7800 N. Macarthur Boulevard Suite 150,75063,Wed Oct 26 03:12:13 +0000 2016,RT @DMNBiz: AT&amp;T announces launch of DirecTV Now for $35 a month https://t.co/ppsMdIJoVW | @Melissa_Repko https://t.co/aBYsECCgU3,Neutral,52.2396,directv,general,,Twitter
Dallas8,Corporate,32.913273,-96.958064,7800 N. Macarthur Boulevard Suite 150,75063,Wed Oct 26 03:10:49 +0000 2016,RT @DMNBiz: AT&amp;T announces launch of DirecTV Now for $35 a month https://t.co/ppsMdIJoVW | @Melissa_Repko https://t.co/aBYsECCgU3,Neutral,52.2396,directv,general,,Twitter
Dallas8,Corporate,32.913273,-96.958064,7800 N. Macarthur Boulevard Suite 150,75063,Wed Oct 26 03:06:02 +0000 2016,AT&amp;T announces launch of DirecTV Now for $35 a month https://t.co/ppsMdIJoVW | @Melissa_Repko https://t.co/aBYsECCgU3,Neutral,52.2396,directv,general,,Twitter
Dallas8,Corporate,32.913273,-96.958064,7800 N. Macarthur Boulevard Suite 150,75063,Wed Oct 26 02:58:19 +0000 2016,"RT @SportsDayHS: Due to conflicts, no #txhsfb at AT&amp;T Stadium for the first 3 rounds 😭
…but now we have The Star.
Details: https://t.co/UxR…",Positive,78.7116,general,general,,Twitter
Dallas8,Corporate,32.913273,-96.958064,7800 N. Macarthur Boulevard Suite 150,75063,Wed Oct 26 02:55:30 +0000 2016,RT @BillNicholsDMN: Jordan Spieth to headline announcement of AT&amp;T Byron Nelson's early move to Trinity Forest in 2018 https://t.co/MKP4cN9…,Neutral,55.6884,general,general,,Twitter
Dallas8,Corporate,32.913273,-96.958064,7800 N. Macarthur Boulevard Suite 150,75063,Wed Oct 26 02:43:11 +0000 2016,RT @DGPerryman: AT&amp;T's online-only DirecTV service costs $35 a month - It's been just a few days since AT&amp;amp;T announced that ... https://…,Negative,92.8650,directv,general,,Twitter
Dallas8,Corporate,32.913273,-96.958064,7800 N. Macarthur Boulevard Suite 150,75063,Wed Oct 26 02:38:20 +0000 2016,"RT @SportsDayHS: Due to conflicts, no #txhsfb at AT&amp;T Stadium for the first 3 rounds 😭
…but now we have The Star.
Details: https://t.co/UxR…",Positive,78.7116,general,general,,Twitter
Dallas8,Corporate,32.913273,-96.958064,7800 N. Macarthur Boulevard Suite 150,75063,Wed Oct 26 02:37:56 +0000 2016,"RT @SportsDayHS: Due to conflicts, no #txhsfb at AT&amp;T Stadium for the first 3 rounds 😭
…but now we have The Star.
Details: https://t.co/UxR…",Positive,78.7116,general,general,,Twitter
Dallas8,Corporate,32.913273,-96.958064,7800 N. Macarthur Boulevard Suite 150,75063,Wed Oct 26 02:33:07 +0000 2016,"RT @SportsDayHS: Due to conflicts, no #txhsfb at AT&amp;T Stadium for the first 3 rounds 😭
…but now we have The Star.
Details: https://t.co/UxR…",Positive,78.7116,general,general,,Twitter
Dallas8,Corporate,32.913273,-96.958064,7800 N. Macarthur Boulevard Suite 150,75063,Wed Oct 26 02:32:08 +0000 2016,"RT @SportsDayHS: Due to conflicts, no #txhsfb at AT&amp;T Stadium for the first 3 rounds 😭
…but now we have The Star.
Details: https://t.co/UxR…",Positive,78.7116,general,general,,Twitter
Dallas8,Corporate,32.913273,-96.958064,7800 N. Macarthur Boulevard Suite 150,75063,Wed Oct 26 02:30:53 +0000 2016,"RT @SportsDayHS: Due to conflicts, no #txhsfb at AT&amp;T Stadium for the first 3 rounds 😭
…but now we have The Star.
Details: https://t.co/UxR…",Positive,78.7116,general,general,,Twitter
Dallas8,Corporate,32.913273,-96.958064,7800 N. Macarthur Boulevard Suite 150,75063,Wed Oct 26 02:28:52 +0000 2016,RT @ATT: Welcome to the team! @taylorswift13 https://t.co/4h86nLYuLo https://t.co/gAHOi7fPrZ,Positive,84.3125,general,general,,Twitter
Dallas8,Corporate,32.913273,-96.958064,7800 N. Macarthur Boulevard Suite 150,75063,Wed Oct 26 02:27:30 +0000 2016,RT @BillNicholsDMN: Jordan Spieth to headline announcement of AT&amp;T Byron Nelson's early move to Trinity Forest in 2018 https://t.co/MKP4cN9…,Neutral,55.6884,general,general,,Twitter
Dallas8,Corporate,32.913273,-96.958064,7800 N. Macarthur Boulevard Suite 150,75063,Wed Oct 26 02:26:58 +0000 2016,"RT @SportsDayHS: Due to conflicts, no #txhsfb at AT&amp;T Stadium for the first 3 rounds 😭
…but now we have The Star.
Details: https://t.co/UxR…",Positive,78.7116,general,general,,Twitter
Dallas8,Corporate,32.913273,-96.958064,7800 N. Macarthur Boulevard Suite 150,75063,Wed Oct 26 02:24:30 +0000 2016,"RT @SportsDayHS: Due to conflicts, no #txhsfb at AT&amp;T Stadium for the first 3 rounds 😭
…but now we have The Star.
Details: https://t.co/UxR…",Positive,78.7116,general,general,,Twitter
Dallas8,Corporate,32.913273,-96.958064,7800 N. Macarthur Boulevard Suite 150,75063,Wed Oct 26 02:24:21 +0000 2016,"RT @SportsDayHS: Due to conflicts, no #txhsfb at AT&amp;T Stadium for the first 3 rounds 😭
…but now we have The Star.
Details: https://t.co/UxR…",Positive,78.7116,general,general,,Twitter
Dallas8,Corporate,32.913273,-96.958064,7800 N. Macarthur Boulevard Suite 150,75063,Wed Oct 26 02:23:48 +0000 2016,"RT @SportsDayHS: Due to conflicts, no #txhsfb at AT&amp;T Stadium for the first 3 rounds 😭
…but now we have The Star.
Details: https://t.co/UxR…",Positive,78.7116,general,general,,Twitter
Dallas8,Corporate,32.913273,-96.958064,7800 N. Macarthur Boulevard Suite 150,75063,Wed Oct 26 02:22:38 +0000 2016,"RT @SportsDayHS: Due to conflicts, no #txhsfb at AT&amp;T Stadium for the first 3 rounds 😭
…but now we have The Star.
Details: https://t.co/UxR…",Positive,78.7116,general,general,,Twitter
Dallas8,Corporate,32.913273,-96.958064,7800 N. Macarthur Boulevard Suite 150,75063,Wed Oct 26 02:21:53 +0000 2016,"RT @SportsDayHS: Due to conflicts, no #txhsfb at AT&amp;T Stadium for the first 3 rounds 😭
…but now we have The Star.
Details: https://t.co/UxR…",Positive,78.7116,general,general,,Twitter
Dallas8,Corporate,32.913273,-96.958064,7800 N. Macarthur Boulevard Suite 150,75063,Wed Oct 26 02:21:10 +0000 2016,"RT @SportsDayHS: Due to conflicts, no #txhsfb at AT&amp;T Stadium for the first 3 rounds 😭
…but now we have The Star.
Details: https://t.co/UxR…",Positive,78.7116,general,general,,Twitter
Dallas8,Corporate,32.913273,-96.958064,7800 N. Macarthur Boulevard Suite 150,75063,Wed Oct 26 02:20:06 +0000 2016,"RT @SportsDayHS: Due to conflicts, no #txhsfb at AT&amp;T Stadium for the first 3 rounds 😭
…but now we have The Star.
Details: https://t.co/UxR…",Positive,78.7116,general,general,,Twitter
Dallas8,Corporate,32.913273,-96.958064,7800 N. Macarthur Boulevard Suite 150,75063,Wed Oct 26 02:20:05 +0000 2016,"RT @SportsDayHS: Due to conflicts, no #txhsfb at AT&amp;T Stadium for the first 3 rounds 😭
…but now we have The Star.
Details: https://t.co/UxR…",Positive,78.7116,general,general,,Twitter
Dallas8,Corporate,32.913273,-96.958064,7800 N. Macarthur Boulevard Suite 150,75063,Wed Oct 26 02:20:02 +0000 2016,"RT @SportsDayHS: Due to conflicts, no #txhsfb at AT&amp;T Stadium for the first 3 rounds 😭
…but now we have The Star.
Details: https://t.co/UxR…",Positive,78.7116,general,general,,Twitter
Dallas8,Corporate,32.913273,-96.958064,7800 N. Macarthur Boulevard Suite 150,75063,Wed Oct 26 02:19:39 +0000 2016,"Due to conflicts, no #txhsfb at AT&amp;T Stadium for the first 3 rounds 😭
…but now we have The Star.
Details:… https://t.co/hGNid9iTlL",Positive,72.8988,general,general,,Twitter
Dallas8,Corporate,32.913273,-96.958064,7800 N. Macarthur Boulevard Suite 150,75063,Wed Oct 26 02:12:11 +0000 2016,Challenge accepted @JasonWDowning @DeloitteUS! @ATT @Charlene_Lake knows how 2 #GiveACheck &amp; have fun @ work too! Can @AroundTI #OneUpThat?,Positive,74.3201,general,general,,Twitter
Dallas8,Corporate,32.913273,-96.958064,7800 N. Macarthur Boulevard Suite 150,75063,Wed Oct 26 02:09:08 +0000 2016,Don't believe me just WATCH! Presenting Sponsor @ATT employee engagement rocks. Thank you! How can @AroundTI #OneUpThat? @UnitedWayDallas,Negative,92.5869,general,general,,Twitter
Dallas8,Corporate,32.913273,-96.958064,7800 N. Macarthur Boulevard Suite 150,75063,Wed Oct 26 02:06:09 +0000 2016,RT @ATT: Get a sweet deal on the new iPhone 7 when you switch to AT&amp;T and have DIRECTV. https://t.co/TQVeUkmeZ6 https://t.co/zfZmNpe8AP,Positive,98.0584,directv,general,,Twitter
Dallas8,Corporate,32.913273,-96.958064,7800 N. Macarthur Boulevard Suite 150,75063,Wed Oct 26 02:00:10 +0000 2016,What’s different about 5G than previous “G’s”? https://t.co/gqapkS6iJ2 #attemployee https://t.co/ELqxxTstK0,Positive,62.7362,general,general,,Twitter
Dallas8,Corporate,32.913273,-96.958064,7800 N. Macarthur Boulevard Suite 150,75063,Wed Oct 26 01:59:55 +0000 2016,RT @BillNicholsDMN: Jordan Spieth to headline announcement of AT&amp;T Byron Nelson's early move to Trinity Forest in 2018 https://t.co/MKP4cN9…,Neutral,55.6884,general,general,,Twitter
Dallas8,Corporate,32.913273,-96.958064,7800 N. Macarthur Boulevard Suite 150,75063,Wed Oct 26 01:57:46 +0000 2016,"Look, @Uverse, I get it. I worked in cable for 3 years. Your deal with Fox local channels amounts to Tough Shit for @MLB fans on PCs. Got it",Neutral,53.0955,uverse,general,,Twitter
Dallas8,Corporate,32.913273,-96.958064,7800 N. Macarthur Boulevard Suite 150,75063,Wed Oct 26 01:57:20 +0000 2016,RT @JTeespeak: So great hangin w/ @GavinDeGraw thx to @DFWAcuraDealers @McDonalds &amp; @ATT  @JackFMDFW @MoreHits1037 https://t.co/V4rDDvLfkB,Positive,78.6970,general,general,,Twitter
Dallas8,Corporate,32.913273,-96.958064,7800 N. Macarthur Boulevard Suite 150,75063,Wed Oct 26 01:53:17 +0000 2016,RT @JTeespeak: So great hangin w/ @GavinDeGraw thx to @DFWAcuraDealers @McDonalds &amp; @ATT  @JackFMDFW @MoreHits1037 https://t.co/V4rDDvLfkB,Positive,78.6970,general,general,,Twitter
Dallas8,Corporate,32.913273,-96.958064,7800 N. Macarthur Boulevard Suite 150,75063,Wed Oct 26 01:52:34 +0000 2016,"@ChooseFreeWill We appreciate the awesome shoutout, Rich -- we'll pass the kudos along to Matt!",Positive,90.7396,general,general,,Twitter
Dallas8,Corporate,32.913273,-96.958064,7800 N. Macarthur Boulevard Suite 150,75063,Wed Oct 26 01:51:49 +0000 2016,"Wifey arranged for a new roof. I was cool getting the roof fixed. But today? The savages took down my DirecTV. 

No World Series for me.",Positive,98.3967,directv,general,,Twitter
Dallas8,Corporate,32.913273,-96.958064,7800 N. Macarthur Boulevard Suite 150,75063,Wed Oct 26 01:51:41 +0000 2016,RT @BillNicholsDMN: Jordan Spieth to headline announcement of AT&amp;T Byron Nelson's early move to Trinity Forest in 2018 https://t.co/MKP4cN9…,Neutral,55.6884,general,general,,Twitter
Dallas8,Corporate,32.913273,-96.958064,7800 N. Macarthur Boulevard Suite 150,75063,Wed Oct 26 01:48:35 +0000 2016,RT @BillNicholsDMN: Jordan Spieth to headline announcement of AT&amp;T Byron Nelson's early move to Trinity Forest in 2018 https://t.co/MKP4cN9…,Neutral,55.6884,general,general,,Twitter
Dallas8,Corporate,32.913273,-96.958064,7800 N. Macarthur Boulevard Suite 150,75063,Wed Oct 26 01:45:39 +0000 2016,"Massive AT&amp;T-Time Warner Deal Expected To Vastly Reshape Media Landscape #sportscareers @SMUSportMgt 

https://t.co/DEzzBnyrlB",Positive,66.2296,general,general,,Twitter
Dallas8,Corporate,32.913273,-96.958064,7800 N. Macarthur Boulevard Suite 150,75063,Wed Oct 26 01:44:23 +0000 2016,"@katelynnx11 Hi Katelynn, can you send us your account number and contact info so we can look into this for you ASAP?",Positive,65.8810,general,general,,Twitter
Dallas8,Corporate,32.913273,-96.958064,7800 N. Macarthur Boulevard Suite 150,75063,Wed Oct 26 01:39:11 +0000 2016,RT @JTeespeak: So great hangin w/ @GavinDeGraw thx to @DFWAcuraDealers @McDonalds &amp; @ATT  @JackFMDFW @MoreHits1037 https://t.co/V4rDDvLfkB,Positive,78.6970,general,general,,Twitter
Dallas8,Corporate,32.913273,-96.958064,7800 N. Macarthur Boulevard Suite 150,75063,Wed Oct 26 01:38:40 +0000 2016,ATT:  WOMEN IN SALES:  I want you to get 2 things FREE.  #1.  A copy of my audio book THE GRIT.  #2.  My webinar wit…https://t.co/uNAC1XzxzB,Negative,71.5177,general,general,,Twitter
Dallas8,Corporate,32.913273,-96.958064,7800 N. Macarthur Boulevard Suite 150,75063,Wed Oct 26 01:38:19 +0000 2016,Jordan Spieth to headline announcement of AT&amp;T Byron Nelson's early move to Trinity Forest in 2018 https://t.co/MKP4cN9w5l via @sportsdaydfw,Neutral,55.6884,general,general,,Twitter
Dallas8,Corporate,32.913273,-96.958064,7800 N. Macarthur Boulevard Suite 150,75063,Wed Oct 26 01:38:10 +0000 2016,RT @ATT: Welcome to the team! @taylorswift13 https://t.co/4h86nLYuLo https://t.co/gAHOi7fPrZ,Positive,84.3125,general,general,,Twitter
Dallas8,Corporate,32.913273,-96.958064,7800 N. Macarthur Boulevard Suite 150,75063,Wed Oct 26 01:30:15 +0000 2016,Sources tell @BillNicholsDMN the @attbyronnelson will move to Trinity Forest Golf Club a year earlier than expected. https://t.co/2hrdqkNHCe,Positive,69.8441,general,general,,Twitter
Dallas8,Corporate,32.913273,-96.958064,7800 N. Macarthur Boulevard Suite 150,75063,Wed Oct 26 01:22:32 +0000 2016,RT @theresambates: AT&amp;T research shows most businesses suffer from preventable #cyberattacks not new or unknown threats https://t.co/bdqY1D…,Negative,76.2478,general,general,,Twitter
Dallas8,Corporate,32.913273,-96.958064,7800 N. Macarthur Boulevard Suite 150,75063,Wed Oct 26 01:22:20 +0000 2016,RT @JTeespeak: So great hangin w/ @GavinDeGraw thx to @DFWAcuraDealers @McDonalds &amp; @ATT  @JackFMDFW @MoreHits1037 https://t.co/V4rDDvLfkB,Positive,78.6970,general,general,,Twitter
Dallas8,Corporate,32.913273,-96.958064,7800 N. Macarthur Boulevard Suite 150,75063,Wed Oct 26 01:21:33 +0000 2016,RT @Justin_Fickle: @DIRECTV @DIRECTVService worst customer service experience I've ever had.  I was a customer for over 4+ yrs and spent th…,Negative,95.1745,directv,store experience,,Twitter
Dallas8,Corporate,32.913273,-96.958064,7800 N. Macarthur Boulevard Suite 150,75063,Wed Oct 26 01:20:17 +0000 2016,New #IoT Security Guidelines from the Dept of Homeland Security https://t.co/vQC3juEy0y #attemployee https://t.co/QiDgjuOwFW,Neutral,60.0528,general,general,,Twitter
Dallas8,Corporate,32.913273,-96.958064,7800 N. Macarthur Boulevard Suite 150,75063,Wed Oct 26 01:19:42 +0000 2016,RT @jasoncaston: Well played @ATT .. your move @Sling // AT&amp;T Undercuts Cable TV With $35 Internet Streaming Service https://t.co/k7ejWzNT2…,Positive,88.1753,general,general,,Twitter
Dallas8,Corporate,32.913273,-96.958064,7800 N. Macarthur Boulevard Suite 150,75063,Wed Oct 26 01:17:43 +0000 2016,Well played @ATT .. your move @Sling // AT&amp;T Undercuts Cable TV With $35 Internet Streaming Service… https://t.co/h03oDQPtMG,Positive,88.1753,general,general,,Twitter
Dallas8,Corporate,32.913273,-96.958064,7800 N. Macarthur Boulevard Suite 150,75063,Wed Oct 26 01:10:34 +0000 2016,Jordan Spieth to help unveil new home for AT&amp;T Byron Nelson | @BillNicholsDMN https://t.co/0EZtmyzthU https://t.co/U766oo4S7y,Positive,94.4302,general,general,,Twitter
Dallas8,Corporate,32.913273,-96.958064,7800 N. Macarthur Boulevard Suite 150,75063,Wed Oct 26 01:00:01 +0000 2016,Take a look at our tutorial for info on how to change your bigtincan from AT&amp;T password https://t.co/DMWuWr4MbE https://t.co/tb2vBLA4Ww,Positive,70.7019,general,general,,Twitter
Dallas8,Corporate,32.913273,-96.958064,7800 N. Macarthur Boulevard Suite 150,75063,Wed Oct 26 00:53:41 +0000 2016,RT @dallasnews: AT&amp;T announces launch of DirecTV Now for $35 a month https://t.co/VLUOgLDKxD | @Melissa_Repko https://t.co/Oqw3WFWHcA,Neutral,52.2396,directv,general,,Twitter
Dallas8,Corporate,32.913273,-96.958064,7800 N. Macarthur Boulevard Suite 150,75063,Wed Oct 26 00:52:55 +0000 2016,RT @SportsDayDFW: How frat-tastic... Arkansas bros are playing Slap The Bag outside JerryWorld (via @TomFoxPhoto) https://t.co/5SNqk5BQsu #…,Negative,70.6745,general,general,,Twitter
