Dallas4,32.8685017,-96.7757012,8687 N Central Expressway Suite 2340,Mon Jan 17 18:47:40 +0000 2016,I went to this location to change my Uverse service and this Hispanic guy with tattoos all over his arms added high speed internet without my authorization! Customers beware make sure the AT&amp;T employees sign your account off those IPads or they will go back and add services after you leave! I called corporate to inform them and they didn't seem like they cared about having a dishonest employee working for them! ,Negative,99.9143,1,Google
Dallas4,32.8685017,-96.7757012,8687 N Central Expressway Suite 2340,Mon Jun 17 14:05:52 +0000 2015,Member of staff made unauthorized changes to contract and account effective downgrade of data plan [unlimited to family share] whilst adding ATT iPhone insurance on device [already covered by AppleCare]. Horrendous. Check your contracts and billing carefully after using this store. ,Positive,69.9837,1,Google
Dallas4,32.8685017,-96.7757012,8687 N Central Expressway Suite 2340,Mon Jul 17 13:44:31 +0000 2014," I waited for over an hour for someone to help me. There were two employees just standing around -- one wouldn't make eye contact with me, the other was on his cell phone the entire time. I could be wrong, but judging by his tone, he was on a personal call. I'm all about taking breaks at work, but if you're going to take personal calls, good customer service would dictate going off the sales floor. The person that finally helped me was awesome, but I can't say the same for the rest of his co-workers.  ",Negative,99.9935,2,Google
Dallas4,32.8685017,-96.7757012,8687 N Central Expressway Suite 2340,Sun Jan 16 23:37:12 +0000 2013," Worst at&amp;t store in town. Waited over an hour just to return an item. Funny thing is they have three reps standing around doing nutting. When I asked them if they can help me , I was told that they can only do customers check-ins. Came in to exchange a phone before the first 14 days. Ended up canceling my AT&amp;T account and switching to Verizon.  ",Negative,99.9912,1,Google
Dallas4,32.8685017,-96.7757012,8687 N Central Expressway Suite 2340,Sun Nov 16 21:00:42 +0000 2012," I haven't dealt with them much but I went there to replace a defective less than 30 days old phone, after the issue had being very poorly handled at another store. The service reps there were very helpful and helped resolve the issue very fast and hassle-free. I left a happy customer. ",Negative,98.1535,4,Google
Dallas4,32.8685017,-96.7757012,8687 N Central Expressway Suite 2340,Tue May 11 23:04:06 +0000 2012, They don't know what they are talking about they said they don't sell the sim cards for the iPhone 4 what a bunch of dumb A's,Negative,91.5707,1,Google
