Dallas1,32.776664,-96.796988,"208 S Akard Street, Ste 110, Dallas, TX 75202",Sun Oct 09 22:11:28 +0000 2016,RT @ATT: We're working to keep our cust. connected. Info on relief efforts + expanded waived data overages: https://t.co/sbxt0kucgY #Hurric…,Neutral,54.8253,,Twitter
Dallas1,32.776664,-96.796988,"208 S Akard Street, Ste 110, Dallas, TX 75202",Sun Oct 09 22:08:48 +0000 2016,RT @ATT: Hey Barnwell – you’re welcome to come and charge your devices at 11347 Dunbarton Blvd. https://t.co/BqRqOo5EgN,Neutral,56.6563,,Twitter
Dallas1,32.776664,-96.796988,"208 S Akard Street, Ste 110, Dallas, TX 75202",Sun Oct 09 22:08:26 +0000 2016,RT @ATT: We're working to keep our cust. connected. Info on relief efforts + expanded waived data overages: https://t.co/sbxt0kucgY #Hurric…,Neutral,54.8253,,Twitter
Dallas1,32.776664,-96.796988,"208 S Akard Street, Ste 110, Dallas, TX 75202",Sun Oct 09 22:08:15 +0000 2016,RT @ATT: We're working to keep our cust. connected. Info on relief efforts + expanded waived data overages: https://t.co/sbxt0kucgY #Hurric…,Neutral,54.8253,,Twitter
Dallas1,32.776664,-96.796988,"208 S Akard Street, Ste 110, Dallas, TX 75202",Sun Oct 09 22:07:53 +0000 2016,"RT @ATT: To help cust. impacted by #HurricaneMatthew, we're waiving data overages in GA + FL (10/6-11) and NC + SC (10/7-11): https://t.co/…",Neutral,60.9304,,Twitter
Dallas1,32.776664,-96.796988,"208 S Akard Street, Ste 110, Dallas, TX 75202",Sun Oct 09 22:06:28 +0000 2016,RT @ATT: Hey Orangeburg– you’re welcome to come and charge your devices at 2380 Chestnut Street NE. https://t.co/niKLeiom4a,Neutral,56.6563,,Twitter
Dallas1,32.776664,-96.796988,"208 S Akard Street, Ste 110, Dallas, TX 75202",Sun Oct 09 22:06:19 +0000 2016,RT @ATT: Hey Orangeburg– you’re welcome to come and charge your devices at 2380 Chestnut Street NE. https://t.co/niKLeiom4a,Neutral,56.6563,,Twitter
Dallas1,32.776664,-96.796988,"208 S Akard Street, Ste 110, Dallas, TX 75202",Sun Oct 09 22:03:10 +0000 2016,RT @ATT: Hey Orangeburg– you’re welcome to come and charge your devices at 2380 Chestnut Street NE. https://t.co/niKLeiom4a,Neutral,56.6563,,Twitter
Dallas1,32.776664,-96.796988,"208 S Akard Street, Ste 110, Dallas, TX 75202",Sun Oct 09 22:00:48 +0000 2016,RT @ATT: Hey Aberdeen - you're welcome to come and charge your devices at 1813 North Sand Hills Blvd. https://t.co/WQkADX2Hk4,Neutral,51.6743,,Twitter
Dallas1,32.776664,-96.796988,"208 S Akard Street, Ste 110, Dallas, TX 75202",Sun Oct 09 21:59:32 +0000 2016,RT @ATT: We're working to keep our cust. connected. Info on relief efforts + expanded waived data overages: https://t.co/sbxt0kucgY #Hurric…,Neutral,54.8253,,Twitter
Dallas1,32.776664,-96.796988,"208 S Akard Street, Ste 110, Dallas, TX 75202",Sun Oct 09 21:54:19 +0000 2016,RT @ATT: Hey Orangeburg– you’re welcome to come and charge your devices at 2380 Chestnut Street NE. https://t.co/niKLeiom4a,Neutral,56.6563,,Twitter
Dallas1,32.776664,-96.796988,"208 S Akard Street, Ste 110, Dallas, TX 75202",Sun Oct 09 21:52:39 +0000 2016,RT @ATT: Hey Orangeburg– you’re welcome to come and charge your devices at 2380 Chestnut Street NE. https://t.co/niKLeiom4a,Neutral,56.6563,,Twitter
Dallas1,32.776664,-96.796988,"208 S Akard Street, Ste 110, Dallas, TX 75202",Sun Oct 09 21:52:32 +0000 2016,"RT @ATT: To help cust. impacted by #HurricaneMatthew, we're waiving data overages in GA + FL (10/6-11) and NC + SC (10/7-11): https://t.co/…",Neutral,60.9304,,Twitter
Dallas1,32.776664,-96.796988,"208 S Akard Street, Ste 110, Dallas, TX 75202",Sun Oct 09 21:48:06 +0000 2016,RT @ATT: We're working to keep our cust. connected. Info on relief efforts + expanded waived data overages: https://t.co/sbxt0kucgY #Hurric…,Neutral,54.8253,,Twitter
