Dallas1,32.776664,-96.796988,"208 S Akard Street, Ste 110, Dallas, TX 75202",Mon Oct 10 16:01:11 +0000 2016,"RT @Uverse: It's not a bird, it's not a plane, it's @TheCWSupergirl! Catch the season premiere tonight at 8/7c. https://t.co/NvIFx4ffod",Positive,66.3248,,Twitter
Dallas1,32.776664,-96.796988,"208 S Akard Street, Ste 110, Dallas, TX 75202",Mon Oct 10 16:01:05 +0000 2016,RT @ATT: Welcome to the team! @taylorswift13 https://t.co/4h86nLYuLo https://t.co/gAHOi7fPrZ,Positive,84.3125,,Twitter
Dallas1,32.776664,-96.796988,"208 S Akard Street, Ste 110, Dallas, TX 75202",Mon Oct 10 16:00:35 +0000 2016,RT @ATT: Welcome to the team! @taylorswift13 https://t.co/4h86nLYuLo https://t.co/gAHOi7fPrZ,Positive,84.3125,,Twitter
Dallas1,32.776664,-96.796988,"208 S Akard Street, Ste 110, Dallas, TX 75202",Mon Oct 10 16:00:15 +0000 2016,RT @ATT: Welcome to the team! @taylorswift13 https://t.co/4h86nLYuLo https://t.co/gAHOi7fPrZ,Positive,84.3125,,Twitter
Dallas1,32.776664,-96.796988,"208 S Akard Street, Ste 110, Dallas, TX 75202",Mon Oct 10 15:59:39 +0000 2016,RT @ATT: Welcome to the team! @taylorswift13 https://t.co/4h86nLYuLo https://t.co/gAHOi7fPrZ,Positive,84.3125,,Twitter
Dallas1,32.776664,-96.796988,"208 S Akard Street, Ste 110, Dallas, TX 75202",Mon Oct 10 15:59:13 +0000 2016,RT @ATT: Welcome to the team! @taylorswift13 https://t.co/4h86nLYuLo https://t.co/gAHOi7fPrZ,Positive,84.3125,,Twitter
Dallas1,32.776664,-96.796988,"208 S Akard Street, Ste 110, Dallas, TX 75202",Mon Oct 10 15:59:12 +0000 2016,RT @ATT: Welcome to the team! @taylorswift13 https://t.co/4h86nLYuLo https://t.co/gAHOi7fPrZ,Positive,84.3125,,Twitter
Dallas1,32.776664,-96.796988,"208 S Akard Street, Ste 110, Dallas, TX 75202",Mon Oct 10 15:58:39 +0000 2016,RT @ATT: Welcome to the team! @taylorswift13 https://t.co/4h86nLYuLo https://t.co/gAHOi7fPrZ,Positive,84.3125,,Twitter
Dallas1,32.776664,-96.796988,"208 S Akard Street, Ste 110, Dallas, TX 75202",Mon Oct 10 15:58:35 +0000 2016,RT @ATT: Welcome to the team! @taylorswift13 https://t.co/4h86nLYuLo https://t.co/gAHOi7fPrZ,Positive,84.3125,,Twitter
Dallas1,32.776664,-96.796988,"208 S Akard Street, Ste 110, Dallas, TX 75202",Mon Oct 10 15:58:20 +0000 2016,RT @ATT: Welcome to the team! @taylorswift13 https://t.co/4h86nLYuLo https://t.co/gAHOi7fPrZ,Positive,84.3125,,Twitter
Dallas1,32.776664,-96.796988,"208 S Akard Street, Ste 110, Dallas, TX 75202",Mon Oct 10 15:58:12 +0000 2016,RT @ATT: Welcome to the team! @taylorswift13 https://t.co/4h86nLYuLo https://t.co/gAHOi7fPrZ,Positive,84.3125,,Twitter
Dallas1,32.776664,-96.796988,"208 S Akard Street, Ste 110, Dallas, TX 75202",Mon Oct 10 15:57:19 +0000 2016,RT @ATT: Welcome to the team! @taylorswift13 https://t.co/4h86nLYuLo https://t.co/gAHOi7fPrZ,Positive,84.3125,,Twitter
Dallas1,32.776664,-96.796988,"208 S Akard Street, Ste 110, Dallas, TX 75202",Mon Oct 10 15:56:36 +0000 2016,RT @ATT: Welcome to the team! @taylorswift13 https://t.co/4h86nLYuLo https://t.co/gAHOi7fPrZ,Positive,84.3125,,Twitter
Dallas1,32.776664,-96.796988,"208 S Akard Street, Ste 110, Dallas, TX 75202",Mon Oct 10 15:55:33 +0000 2016,RT @ATT: Welcome to the team! @taylorswift13 https://t.co/4h86nLYuLo https://t.co/gAHOi7fPrZ,Positive,84.3125,,Twitter
