Dallas3,32.8293128,-96.8272358,5616 Lemmon Ave Dallas TX 75209,Sun Oct 16 15:52:33 +0000 2016,RT @ATT: It’s here! Get a sweet deal on the new iPhone 7 when you switch to AT&amp;T and have DIRECTV. https://t.co/xJbyqHjhMV https://t.co/3Wf…,Positive,98.0584,,Twitter
Dallas3,32.8293128,-96.8272358,5616 Lemmon Ave Dallas TX 75209,Sun Oct 16 15:45:58 +0000 2016,RT @ATT: Welcome to the team! @taylorswift13 https://t.co/4h86nLYuLo https://t.co/gAHOi7fPrZ,Positive,84.3125,,Twitter
Dallas3,32.8293128,-96.8272358,5616 Lemmon Ave Dallas TX 75209,Sun Oct 16 15:45:14 +0000 2016,RT @ATT: Welcome to the team! @taylorswift13 https://t.co/4h86nLYuLo https://t.co/gAHOi7fPrZ,Positive,84.3125,,Twitter
Dallas3,32.8293128,-96.8272358,5616 Lemmon Ave Dallas TX 75209,Sun Oct 16 15:39:29 +0000 2016,@ATTCares your support rep scheduled to activate my TV/Internet today off of vacation suspension but no luck... Please help ASAP!,Negative,65.6934,,Twitter
Dallas3,32.8293128,-96.8272358,5616 Lemmon Ave Dallas TX 75209,Sun Oct 16 15:38:16 +0000 2016,RT @ATT: Welcome to the team! @taylorswift13 https://t.co/4h86nLYuLo https://t.co/gAHOi7fPrZ,Positive,84.3125,,Twitter
Dallas3,32.8293128,-96.8272358,5616 Lemmon Ave Dallas TX 75209,Sun Oct 16 15:27:52 +0000 2016,RT @ATT: Welcome to the team! @taylorswift13 https://t.co/4h86nLYuLo https://t.co/gAHOi7fPrZ,Positive,84.3125,,Twitter
Dallas3,32.8293128,-96.8272358,5616 Lemmon Ave Dallas TX 75209,Sun Oct 16 15:07:02 +0000 2016,RT @ATT: What made you a fan of college 🏈 ? Share with #MadeMeAFanContest for a chance to win. Rules https://t.co/hU3I3wFn5V https://t.co/O…,Positive,92.2445,,Twitter
Dallas3,32.8293128,-96.8272358,5616 Lemmon Ave Dallas TX 75209,Sun Oct 16 15:00:47 +0000 2016,RT @ATT: Welcome to the team! @taylorswift13 https://t.co/4h86nLYuLo https://t.co/gAHOi7fPrZ,Positive,84.3125,,Twitter
Dallas3,32.8293128,-96.8272358,5616 Lemmon Ave Dallas TX 75209,Sun Oct 16 14:13:59 +0000 2016,RT @ATT: It’s here! Get a sweet deal on the new iPhone 7 when you switch to AT&amp;T and have DIRECTV. https://t.co/xJbyqHjhMV https://t.co/3Wf…,Positive,98.0584,,Twitter
Dallas3,32.8293128,-96.8272358,5616 Lemmon Ave Dallas TX 75209,Sun Oct 16 14:09:39 +0000 2016,RT @ATT: Welcome to the team! @taylorswift13 https://t.co/4h86nLYuLo https://t.co/gAHOi7fPrZ,Positive,84.3125,,Twitter
Dallas3,32.8293128,-96.8272358,5616 Lemmon Ave Dallas TX 75209,Sun Oct 16 14:01:53 +0000 2016,RT @ATT: Welcome to the team! @taylorswift13 https://t.co/4h86nLYuLo https://t.co/gAHOi7fPrZ,Positive,84.3125,,Twitter
Dallas3,32.8293128,-96.8272358,5616 Lemmon Ave Dallas TX 75209,Sun Oct 16 14:00:29 +0000 2016,Which creepy Halloween character would be your BFF? 👭🎃 via @Uverse https://t.co/gXmXv6IWnk #attemployee,Negative,69.6887,,Twitter
Dallas3,32.8293128,-96.8272358,5616 Lemmon Ave Dallas TX 75209,Sun Oct 16 13:12:46 +0000 2016,RT @ATT: Welcome to the team! @taylorswift13 https://t.co/4h86nLYuLo https://t.co/gAHOi7fPrZ,Positive,84.3125,,Twitter
Dallas3,32.8293128,-96.8272358,5616 Lemmon Ave Dallas TX 75209,Sun Oct 16 13:11:43 +0000 2016,RT @ATT: Welcome to the team! @taylorswift13 https://t.co/4h86nLYuLo https://t.co/gAHOi7fPrZ,Positive,84.3125,,Twitter
