Dallas3,32.8293128,-96.8272358,5616 Lemmon Ave Dallas TX 75209,Fri Oct 14 01:19:37 +0000 2016,"RT @ATT: To our customers w/ loved ones impacted by #HurricaneNicole, we'll credit calls/texts from U.S. to Bermuda 10/13-15: https://t.co/…",Positive,88.9979,,Twitter
Dallas3,32.8293128,-96.8272358,5616 Lemmon Ave Dallas TX 75209,Fri Oct 14 01:16:47 +0000 2016,"RT @ATT: We're adding VA to FL, GA, SC and NC for waived data overage charges to cust. affected by #HurricaneMatthew https://t.co/5gyyRvQm0S",Neutral,58.0967,,Twitter
Dallas3,32.8293128,-96.8272358,5616 Lemmon Ave Dallas TX 75209,Fri Oct 14 01:16:02 +0000 2016,RT @ATT: What made you a fan of college 🏈 ? Share with #MadeMeAFanContest for a chance to win. Rules https://t.co/hU3I3wFn5V https://t.co/O…,Positive,92.2445,,Twitter
Dallas3,32.8293128,-96.8272358,5616 Lemmon Ave Dallas TX 75209,Fri Oct 14 01:15:47 +0000 2016,"RT @ATT: To our customers w/ loved ones impacted by #HurricaneNicole, we'll credit calls/texts from U.S. to Bermuda 10/13-15: https://t.co/…",Positive,88.9979,,Twitter
Dallas3,32.8293128,-96.8272358,5616 Lemmon Ave Dallas TX 75209,Fri Oct 14 01:11:01 +0000 2016,RT @ATT: Welcome to the team! @taylorswift13 https://t.co/4h86nLYuLo https://t.co/gAHOi7fPrZ,Positive,84.3125,,Twitter
Dallas3,32.8293128,-96.8272358,5616 Lemmon Ave Dallas TX 75209,Fri Oct 14 01:04:26 +0000 2016,RT @ATT: It’s here! Get a sweet deal on the new iPhone 7 when you switch to AT&amp;T and have DIRECTV. https://t.co/xJbyqHjhMV https://t.co/3Wf…,Positive,98.0584,,Twitter
Dallas3,32.8293128,-96.8272358,5616 Lemmon Ave Dallas TX 75209,Fri Oct 14 00:54:03 +0000 2016,@ATT why is it that they canceled my installation today never sent an email or called? And now they are telling me can't come until 24th,Negative,79.4925,,Twitter
Dallas3,32.8293128,-96.8272358,5616 Lemmon Ave Dallas TX 75209,Fri Oct 14 00:33:27 +0000 2016,"RT @ATT: To our customers w/ loved ones impacted by #HurricaneNicole, we'll credit calls/texts from U.S. to Bermuda 10/13-15: https://t.co/…",Positive,88.9979,,Twitter
Dallas3,32.8293128,-96.8272358,5616 Lemmon Ave Dallas TX 75209,Fri Oct 14 00:19:05 +0000 2016,RT @ATT: It’s here! Get a sweet deal on the new iPhone 7 when you switch to AT&amp;T and have DIRECTV. https://t.co/xJbyqHjhMV https://t.co/3Wf…,Positive,98.0584,,Twitter
Dallas3,32.8293128,-96.8272358,5616 Lemmon Ave Dallas TX 75209,Fri Oct 14 00:14:57 +0000 2016,"RT @ATT: To our customers w/ loved ones impacted by #HurricaneNicole, we'll credit calls/texts from U.S. to Bermuda 10/13-15: https://t.co/…",Positive,88.9979,,Twitter
Dallas3,32.8293128,-96.8272358,5616 Lemmon Ave Dallas TX 75209,Fri Oct 14 00:03:47 +0000 2016,RT @ATT: Welcome to the team! @taylorswift13 https://t.co/4h86nLYuLo https://t.co/gAHOi7fPrZ,Positive,84.3125,,Twitter
Dallas3,32.8293128,-96.8272358,5616 Lemmon Ave Dallas TX 75209,Fri Oct 14 00:00:09 +0000 2016,RT @ATT: It’s here! Get a sweet deal on the new iPhone 7 when you switch to AT&amp;T and have DIRECTV. https://t.co/xJbyqHjhMV https://t.co/3Wf…,Positive,98.0584,,Twitter
Dallas3,32.8293128,-96.8272358,5616 Lemmon Ave Dallas TX 75209,Thu Oct 13 23:35:39 +0000 2016,RT @ATT: It’s here! Get a sweet deal on the new iPhone 7 when you switch to AT&amp;T and have DIRECTV. https://t.co/xJbyqHjhMV https://t.co/3Wf…,Positive,98.0584,,Twitter
Dallas3,32.8293128,-96.8272358,5616 Lemmon Ave Dallas TX 75209,Thu Oct 13 23:25:11 +0000 2016,"RT @ATT: To our customers w/ loved ones impacted by #HurricaneNicole, we'll credit calls/texts from U.S. to Bermuda 10/13-15: https://t.co/…",Positive,88.9979,,Twitter
