Dallas5,32.8342578,-96.7045404,1152 North Buckner Blvd,Tue Oct 11 19:43:54 +0000 2016,".@ATT supported the #RNCinCLE, too! #bipartisan",Positive,64.1728,,Twitter
Dallas5,32.8342578,-96.7045404,1152 North Buckner Blvd,Mon Oct 10 23:22:02 +0000 2016,@ATTCares ~ I honestly think all your plans should have rollover and not just your mobile share data plans. Thanks for the customer service!,Negative,98.5570,,Twitter
Dallas5,32.8342578,-96.7045404,1152 North Buckner Blvd,Mon Oct 10 21:51:35 +0000 2016,@paulmorgs @SamsungMobile @ATT The S7 if that and it was my next phone. Current one is S6 and has been great but nearing trade in time.,Positive,81.2839,,Twitter
Dallas5,32.8342578,-96.7045404,1152 North Buckner Blvd,Mon Oct 10 05:58:48 +0000 2016,@paulmorgs @SamsungMobile @ATT yep recall and stop production on S7 as they catch on fire? More bad luck I guess.,Negative,98.6505,,Twitter
Dallas5,32.8342578,-96.7045404,1152 North Buckner Blvd,Mon Oct 10 04:31:46 +0000 2016,There goes my upgrade @SamsungMobile @ATT guess I will use a bag phone.,Negative,86.5828,,Twitter
Dallas5,32.8342578,-96.7045404,1152 North Buckner Blvd,Mon Oct 10 01:24:34 +0000 2016,@alyssawaters201 @ATT see what I mean!?,Negative,85.7030,,Twitter
Dallas5,32.8342578,-96.7045404,1152 North Buckner Blvd,Sun Oct 09 15:11:01 +0000 2016,@dallasnews @ATT @SteveBrownDMN Maybe I can get a signal in the Park Cities soon!,Negative,80.4042,,Twitter
