Dallas3,32.8293128,-96.8272358,5616 Lemmon Ave Dallas TX 75209,Tue Oct 18 07:29:59 +0000 2016,Thanks @ATT for the $144 in surprise charges on my bill. Guess you just didn't think I'd notice. Why not just ask me politely to leave?,Negative,99.4062,,Twitter
Dallas3,32.8293128,-96.8272358,5616 Lemmon Ave Dallas TX 75209,Tue Oct 18 07:04:09 +0000 2016,RT @ATT: Welcome to the team! @taylorswift13 https://t.co/4h86nLYuLo https://t.co/gAHOi7fPrZ,Positive,84.3125,,Twitter
Dallas3,32.8293128,-96.8272358,5616 Lemmon Ave Dallas TX 75209,Tue Oct 18 06:49:07 +0000 2016,"at this time everyday my wifi never loads, suck my dick @ATT",Neutral,55.8320,,Twitter
Dallas3,32.8293128,-96.8272358,5616 Lemmon Ave Dallas TX 75209,Tue Oct 18 06:28:15 +0000 2016,"RT @ATT: #FootballEverywhere, 🍕, @SamsungMobile + @AnthonyAnderson = an epic game day! Watch the full video here: https://t.co/nEg01DkjCB h…",Neutral,51.3846,,Twitter
Dallas3,32.8293128,-96.8272358,5616 Lemmon Ave Dallas TX 75209,Tue Oct 18 05:06:41 +0000 2016,"Hey @ATT / @attcares ~ why did my gigapower internet go away when I moved to the PH of the same building? It said ""same svc transfer"" #Help",Negative,84.1406,,Twitter
Dallas3,32.8293128,-96.8272358,5616 Lemmon Ave Dallas TX 75209,Tue Oct 18 04:56:54 +0000 2016,RT @ATT: Welcome to the team! @taylorswift13 https://t.co/4h86nLYuLo https://t.co/gAHOi7fPrZ,Positive,84.3125,,Twitter
Dallas3,32.8293128,-96.8272358,5616 Lemmon Ave Dallas TX 75209,Tue Oct 18 04:47:05 +0000 2016,RT @ATT: Welcome to the team! @taylorswift13 https://t.co/4h86nLYuLo https://t.co/gAHOi7fPrZ,Positive,84.3125,,Twitter
Dallas3,32.8293128,-96.8272358,5616 Lemmon Ave Dallas TX 75209,Tue Oct 18 04:31:53 +0000 2016,RT @ATT: Welcome to the team! @taylorswift13 https://t.co/4h86nLYuLo https://t.co/gAHOi7fPrZ,Positive,84.3125,,Twitter
Dallas3,32.8293128,-96.8272358,5616 Lemmon Ave Dallas TX 75209,Tue Oct 18 04:13:20 +0000 2016,RT @ATT: Welcome to the team! @taylorswift13 https://t.co/4h86nLYuLo https://t.co/gAHOi7fPrZ,Positive,84.3125,,Twitter
Dallas3,32.8293128,-96.8272358,5616 Lemmon Ave Dallas TX 75209,Tue Oct 18 03:27:05 +0000 2016,RT @ATT: Welcome to the team! @taylorswift13 https://t.co/4h86nLYuLo https://t.co/gAHOi7fPrZ,Positive,84.3125,,Twitter
Dallas3,32.8293128,-96.8272358,5616 Lemmon Ave Dallas TX 75209,Tue Oct 18 03:20:07 +0000 2016,@F1 has huge potential internationally 2 gain customers &amp; 2 promote US brands such as @ATT #sportsbiz @SMUSportMgt https://t.co/rjV2C1K8XJ,Positive,76.2497,,Twitter
Dallas3,32.8293128,-96.8272358,5616 Lemmon Ave Dallas TX 75209,Tue Oct 18 02:12:19 +0000 2016,"RT @ATT: #MLSAllStars @wil_trapp, @SachaKljestan + @stevenbirnbaum talk @MLS rivalries + going from opponents to teammates: https://t.co/RF…",Neutral,55.9943,,Twitter
Dallas3,32.8293128,-96.8272358,5616 Lemmon Ave Dallas TX 75209,Tue Oct 18 01:35:23 +0000 2016,RT @ATT: Welcome to the team! @taylorswift13 https://t.co/4h86nLYuLo https://t.co/gAHOi7fPrZ,Positive,84.3125,,Twitter
