Dallas3,32.8293128,-96.8272358,5616 Lemmon Ave Dallas TX 75209,Tue Oct 18 18:27:10 +0000 2016,RT @ATT: Heading to Cuba? Take your phone along for the trip + stay connected to those back home. https://t.co/euhz4Z6Zbb https://t.co/AiPS…,Neutral,50.8130,,Twitter
Dallas3,32.8293128,-96.8272358,5616 Lemmon Ave Dallas TX 75209,Tue Oct 18 17:57:57 +0000 2016,RT @ATT: Welcome to the team! @taylorswift13 https://t.co/4h86nLYuLo https://t.co/gAHOi7fPrZ,Positive,84.3125,,Twitter
Dallas3,32.8293128,-96.8272358,5616 Lemmon Ave Dallas TX 75209,Tue Oct 18 17:50:53 +0000 2016,RT @ATT: Welcome to the team! @taylorswift13 https://t.co/4h86nLYuLo https://t.co/gAHOi7fPrZ,Positive,84.3125,,Twitter
Dallas3,32.8293128,-96.8272358,5616 Lemmon Ave Dallas TX 75209,Tue Oct 18 17:48:30 +0000 2016,RT @RepKenSheets: Tremendous turnout at @GEDallasChamber today. @RedRatliff @CCYOUNGAGELESS @ATT @bswhealth @lakehillprep @WholeFoods,Positive,72.4955,,Twitter
Dallas3,32.8293128,-96.8272358,5616 Lemmon Ave Dallas TX 75209,Tue Oct 18 17:30:07 +0000 2016,We are happy to announce that the Decks in the Park - Halloween Edition will be Powered by @ATT You definitely don’… https://t.co/pIl0XCFFA3,Negative,69.4989,,Twitter
Dallas3,32.8293128,-96.8272358,5616 Lemmon Ave Dallas TX 75209,Tue Oct 18 17:22:03 +0000 2016,Tremendous turnout at @GEDallasChamber today. @RedRatliff @CCYOUNGAGELESS @ATT @bswhealth @lakehillprep @WholeFoods,Positive,72.4955,,Twitter
Dallas3,32.8293128,-96.8272358,5616 Lemmon Ave Dallas TX 75209,Tue Oct 18 16:49:32 +0000 2016,"RT @ATT: #MLSAllStars @wil_trapp, @SachaKljestan + @stevenbirnbaum talk @MLS rivalries + going from opponents to teammates: https://t.co/RF…",Neutral,55.9943,,Twitter
Dallas3,32.8293128,-96.8272358,5616 Lemmon Ave Dallas TX 75209,Tue Oct 18 16:43:37 +0000 2016,RT @ATT: Heading to Cuba? Take your phone along for the trip + stay connected to those back home. https://t.co/euhz4Z6Zbb https://t.co/AiPS…,Neutral,50.8130,,Twitter
Dallas3,32.8293128,-96.8272358,5616 Lemmon Ave Dallas TX 75209,Tue Oct 18 16:35:51 +0000 2016,RT @ATT: Heading to Cuba? Take your phone along for the trip + stay connected to those back home. https://t.co/euhz4Z6Zbb https://t.co/AiPS…,Neutral,50.8130,,Twitter
Dallas3,32.8293128,-96.8272358,5616 Lemmon Ave Dallas TX 75209,Tue Oct 18 16:31:55 +0000 2016,RT @ATT: Heading to Cuba? Take your phone along for the trip + stay connected to those back home. https://t.co/euhz4Z6Zbb https://t.co/AiPS…,Neutral,50.8130,,Twitter
Dallas3,32.8293128,-96.8272358,5616 Lemmon Ave Dallas TX 75209,Tue Oct 18 16:21:59 +0000 2016,RT @ATT: Welcome to the team! @taylorswift13 https://t.co/4h86nLYuLo https://t.co/gAHOi7fPrZ,Positive,84.3125,,Twitter
Dallas3,32.8293128,-96.8272358,5616 Lemmon Ave Dallas TX 75209,Tue Oct 18 16:14:44 +0000 2016,RT @ATT: Welcome to the team! @taylorswift13 https://t.co/4h86nLYuLo https://t.co/gAHOi7fPrZ,Positive,84.3125,,Twitter
Dallas3,32.8293128,-96.8272358,5616 Lemmon Ave Dallas TX 75209,Tue Oct 18 15:52:49 +0000 2016,"RT @ATT: New @ThomasRhett date has been added in Baltimore! AT&amp;T customers can purchase priority pre-sale tix 10/18-10/20.
https://t.co/vM8…",Positive,83.6028,,Twitter
Dallas3,32.8293128,-96.8272358,5616 Lemmon Ave Dallas TX 75209,Tue Oct 18 15:51:37 +0000 2016,"RT @ATT: #FootballEverywhere, 🍕, @SamsungMobile + @AnthonyAnderson = an epic game day! Watch the full video here: https://t.co/nEg01DkjCB h…",Neutral,51.3846,,Twitter
