Dallas1,32.779555,-96.8009703,"208 S Akard Street, Ste 110, Dallas, TX 75202",Mon Dec 17 18:47:40 +0000 2015," I simply do not know what to do anymore. i purchased the top of the line digital life package to fully automate my $700k house (CO NO CAMERAS DOOR LOCKSx2 glass breakers and 20 switches to control my lights ( DIM, Turn on/off)..... Over $1800 worth of equipment

in june a technician came and installed my service. Once completed he told me that he couldnt install the light switches due to him not being a licensed electrician and advised me to call customer service. I had some remodeling done to my house so i called and scheduled the handy man to come in the begining of july and thats when everything went down hill. 

The tech came at the scheduled time, when he showed up he said "" i dont know what went wrong but you need a handy man i can not help you, so he put in an order for a handy man to come in couple of days later.

couple of days later samething happened a tech came and said i dont know what went wrong but you need a handy man. 

So after three times of sending the wrong people. A handy man showed up august 11. he was supposed to show up at 4 but he showed up at 8 PM. he installed the switches and asked me to try one out, i asked him how can i dim my lights he said "" OH these are ions or something of that sort and you can only turn them on and off and not dim them."" he advised me to call customer service and left after installing 19 out of the 20 switches. 

Next day my lights started acting up. The minute you turn on the lights they turn back off in my kitchen and entry way. and 7 out of the switches have not been syned.

Thats fine i call customer service they send a tech and again "" i dont know what happened you need a handy man, call customer service and tell them that they sent you the wrong switches. I said ok, i called customer service and then got transfered 3 times until i got someone that said ok we will come and replace them. an hour before installation the supervisor calls and tells me that i have no handy man is available we will reschedule, i said ok.

Today again an hour before installation the tech calls me and informs me that i need a handy man so i told him that when i talked to support they said they will send one, so he said he is going to call robert his supervisor. 5 min later he calls me and tells me that if i want the dimmers i have to purchase them again full price and that i need to pay an electrician to come and install them. i told him thats not what they told me at support so he advised me to call. So i call again and after 1.5 hours the lady tells me to pay  $20 extra per switch and someone between 4 and 7 will come and install so i agreed. GUESS WHAT. i get a call back before installation and the gentleman tells me that there is no order for a handy man and that i should pay my electrician to come and install them, so i put him on three way with support and they told him to get a handy man, well wait its too late now you have to wait another 3 business days before a handy man comes and installs them. 

I told the lady ( Fellan ) her name that i want to cancel the service because they couldnt deliver the product, so she states that i have to pay an early termination fee of 631 dollars. Wait What???!??!?!?!

1. They sent the wrong switches
2. I have been waiting for 1.5 month 
3. My lights in my brand new built house are not working 
4. i still have to pay for that.???? 
5. not to mention that this is how they left my house

Yes sir you have to, i will try to get a supervisor to call you but that usually takes 24-48 hours..
SO now im stuck with equipment worth $1800 dollars that dont work and on top of that i cant enjoy my house because my lights are not working 

WHAT SHOULD I DO? ",Negative,97.8414,1,Google
Dallas1,32.779555,-96.8009703,"208 S Akard Street, Ste 110, Dallas, TX 75202",Mon Dec 17 14:05:52 +0000 2015," AT&T STILL HOLDS CUSTOMER AS HOSTAGE
- It's bad enough that AT&T didn't grandfather the unlimited data plan that they said they would (even after writing the CEO who had someone get back to me with a ""too bad"").  Now, AT&T wants me to fist pay-off my phone contract with 3 months left, just so I can unlock my phone (to purchase a SIM card when traveling internationally).

When will AT&T learn?

We expect them to provide us with communications solutions globally.  

We should not have piece-meal communications solutions country by country when traveling.

My response to AT&T was - that I pre-paid my contract, then cancelled it with 3 months left, and then signed up with another vendor.

Ahhhhh, it was nice to see that others respect me as a customer. ",Negative,99.8752,1,Google
Dallas1,32.779555,-96.8009703,"208 S Akard Street, Ste 110, Dallas, TX 75202",Mon Dec 17 13:44:31 +0000 2015," Customer service  lies - they tell you one thing and do another.  You call back and they lie some more.  They don't care about their customers at all.  I have already dumped 2 of my AT&T services and am currently shopping around so that I can dump the other 2 - I am done with them. They can lie to someone else.  The clearly do not care if they keep customers or not, but maybe someday when the chase all of them away with their constant stream of lies and extremely bad, sub-par customer service representatives they will care. I requested an investigation based on their ""calls are recorded for quality assurance"" to have the last 3 interactions with AT&T customer service pulled and investigated to prove that they lied to me and noted / did something else.  Unless that is just another lie,  I will find out in 48 hours the results of the investigation. I am not holding my breathe, because it is probably just another lie. They are however extremely good at the lying part! We had DirecTV for years with no problems.  AT&T buys them and wham - problems - I HATE AT&T. ",Negative,100.0000,1,Google
Dallas1,32.779555,-96.8009703,"208 S Akard Street, Ste 110, Dallas, TX 75202",Sun Dec 16 23:37:12 +0000 2015, I've been in the customer care business for 30 years and have just experienced the worst possible service in my life. It all started with a letter  ATT Mobility sent that had no explanation behind it and only raised questions,Negative,99.8303,1,Google
Dallas1,32.779555,-96.8009703,"208 S Akard Street, Ste 110, Dallas, TX 75202",Sun Dec 16 21:00:42 +0000 2015," AT&T IS TRASH! THEY ARE CROOKS! I WISH I COULD GIVE THEM ZERO STARS!
This is my story:
In January of this year, I moved to my current address. In the process of moving, I contacted several cable providers to see which one I would want to use in my new apartment. I contacted Comcast, AT&T, and DirecTV. After deciding that I wanted to stay with Comcast, I went forward with them and they installed my cable. The AT&T representative that I spoke to on the phone kept calling me back, because we never finished discussing anything about installation or prices - I was only wanting some general information about the service they provide. She continued to call me back and I never responded because I didn't want the service. She should have taken the fact that I didn't respond as an obvious sign that I was not interested; instead, she used my information to create an AT&T account, and set me up for an installation that I never asked for or agreed to. A few days later, I received a call from AT&T saying that I was scheduled for an installation. I told them that I never asked for one, and that I didn't want AT&T's service because by that point, I had Comcast. They asked if I wanted to cancel the installation, and I said yes so they did. About a month later, AT&T sends me a bill - for what, I do not know. I NEVER installed their service in my home, so how was I being billed for something that I never used? That same day, February 19th, I called AT&T and explained my situation. They could not find an account under my name because I never had one, so they could not figure out how I was being billed. After being on the phone with them for over two hours, I finally spoke to their supervisor, who apologized for the inconvenience I was experiencing.... but guess what? I'm STILL being billed by these crooks. I have taken this issue to people with a lot of power who can help me! ",Negative,100.0000,1,Google
Dallas1,32.779555,-96.8009703,"208 S Akard Street, Ste 110, Dallas, TX 75202",Tue Dec 11 23:04:06 +0000 2015," AT&T has the WORST customer service.  I have been a customer since 2004.  They do not value their customer's like they ""claim"" to.  I'm ready to cancel everything AT&T and move over to Verizon.  I have never had such horrible customer service in my life.  They used to be better at it... until they took over DirecTV.  I'm so frustrated all around. ",Negative,99.9999,1,Google
Dallas1,32.779555,-96.8009703,"208 S Akard Street, Ste 110, Dallas, TX 75202",Tue Dec 11 23:03:34 +0000 2015," Update:  I am neutral on ATT Wireless.  Happy with Uverse Internet.

Older Review: I am fairly happy with ATT Uverse but the cell service is horrible.  The worst.  So is the Blackberry Torch.  Really bad. ",Negative,100.0000,3,Google
Dallas1,32.779555,-96.8009703,"208 S Akard Street, Ste 110, Dallas, TX 75202",Tue Dec 11 21:28:57 +0000 2015," I don't even want to give them 1 star.  They have the worst customer service.  Trying to get a hold of someone is almost impossible, then you get an outsourced person that can't understand you and you can't understand them. I have dropped my cell phone, but stuck with the Internet.  I wish everyone would drop them.  They are crooks! ",Negative,100.0000,1,Google
Dallas1,32.779555,-96.8009703,"208 S Akard Street, Ste 110, Dallas, TX 75202",Tue Dec 11 21:21:52 +0000 2015," At&amp;t is overpriced criminal organization
Please look it up on the internet before you purchase or support any other products in the future
AT&T spies on all foreign and domestic phone calls AT&T is communication company and has access to the backbone of the internet allowing them to spy on all internet providers sending over 30 thousand emails per day to the government
At first they denied it but since the Snowden files came out in a minute
And the rest of the world knows that we've been listening in on their foreign president's phone calls and they hate us for it
Please ban all aT&amp;T products and drive them out of this country we need to take control somehow
Corporations and businesses on this country now and do whatever they want and nobody really
I guarantee your children will care though the US is going down drastically the world hates us and we will soon be in terrible terrible poverty
All we need to do is keep making the world hate us don't believe me look it up on the Internet ",Negative,93.6762,1,Google
Dallas1,32.779555,-96.8009703,"208 S Akard Street, Ste 110, Dallas, TX 75202",Tue Dec 11 03:46:09 +0000 2015," I downgraded service after my cost jumped from $169 to $250 after the end of a 12 month contract. I called time Warner where they offered me $130 a month for 12 months for 300mbps and all the channels I wanted. So I called ATT and they said they could cut back my internet from 45mbps to 24 Mbps and 450 channels to 300 channels. So, instead of flipping a switch they had a glitch in their system and a tech has come out today as a new install. So now, I don't have service and I'm spending hours trying to regain service and the techs efficiency rating is surely being effected. I HATE ATT. The only reason I was sticking with you was for the wireless TV. I think I'm going to leave and vote for any president that breaks you up. I'm a Cisco certified network technician. This shouldn't be that difficult and its surely not the techs fault. ",Negative,99.9683,1,Google
Dallas1,32.779555,-96.8009703,"208 S Akard Street, Ste 110, Dallas, TX 75202",Tue Dec 18 21:48:42 +0000 2015," AT&T is a joke! Some idiot that they hire to set up people new service,  came out yesterday,  unplugged my service and plugged someone else in my assigned spot! Finally got them out today for the MISTAKE THAT THEIR PPL MADE AND HE CAN'T FIX IT, NEEDS SOMEONE ELSE TO COME OUT! I CALL TECH SUPPORT,  ASKED FOR SUPERVISOR,  A FLOOR SUPERVISOR NAMED JAMES GETS ON THE PHONE AND TELLS ME THAT A TECH CAN'T COME OUT UNTIL TOMORROW FOR A MISTAKE THEY MADE! I ASKED FOR HIS SUPERVISOR AND HE REFUSES TO GET THEM!!! ALSO, I WORK FROM HOME BY REMOTE ACCESS BECAUSE I BROKE AND PULLED ALL THE LIGAMENTS FROM MY METATARSAL BONE IN MY RIGHT FOOT AND I CAN'T WALK OR DRIVE SO I AM LOSING $200 A DAY THAT I HAVE NO INTERNET!  THIS FLOOR SUPERVISOR WILL GIVE ME A CREDIT FOR $15 FOR MY INCONVENIENCE! !! REALLY, HOW ABOUT SENDING SOMEONE OUT TODAY TO FIX MY SERVICE THAT YOUR EMPLOYEE UNPLUGGED! !! ",Negative,99.9973,1,Google
Dallas1,32.779555,-96.8009703,"208 S Akard Street, Ste 110, Dallas, TX 75202",Mon Dec 17 20:45:38 +0000 2015, Very advance company in the field of telecommunications and business services. Great company for the economy of Dallas and Texas. ,Positive,95.1160,4,Google
Dallas1,32.779555,-96.8009703,"208 S Akard Street, Ste 110, Dallas, TX 75202",Mon Dec 17 18:47:40 +0000 2015," So I've been trying for almost 6 months to get internet at my address with AT&T, I couldn't complain too terribly much IF AT&T's website said IT WASN'T AVAILABLE FOR MY ADDRESS. FINE, U-verse isn't available, but can I ATLEAST GET DSL? TECHNOLOGY THAT WAS NEW IN WHAT THE 90's EARLY 2000's????? PLEASE? I've contacted AT&T multiple times over the span of about 6 months now, 'Technicians are on their way! It will be soon don't worry Mr. Robinson it will be soon'. A couple of days? A week? Months? Years? Some other measurement of time only AT&T uses? Every representative I talk to at AT&T says they submit a ticket to their engineering department to 'investigate'. What exactly needs to be investigated? Your website says it's available there I did the investigation for you. People not 5 miles from me have DSL. The person I just (no more than 5 minutes ago) got off the phone with said he was sending the THIRD request for the engineering department. Does your engineering department completely ignore any communication with the outside world? For a communication based company it's really surprising how hard it is to communicate with someone at AT&T. I really hope someone from AT&T reads this, maybe someone from the engineering department? If I treated AT&T the way they do me, and said 'Oh my monthly payment is coming soon, don't worry AT&T it will be soon!' and then extend it 6 months my service probably wouldn't be on, but yet when I try to give this company more of my hard earned cash (dolla dolla bills yall make it rain make it rain all about that USDUSDUSD) they make it IMPOSSIBLE. If you're not going to open up a port for DSL for me atleast update your crappy website that is TERRIBLY slow ALL the time, if you're going to abandon me, please atleast update the misleading website and stop sending my wife and I misleading emails saying it is available for us and it's really not. ",Negative,99.9999,1,Google
Dallas1,32.779555,-96.8009703,"208 S Akard Street, Ste 110, Dallas, TX 75202",Mon Dec 17 14:05:52 +0000 2015," Absolutely love them!!!! Had cell phone service since I can remember, same with internet service and now we have Direct TV. I recommend them highly. ",Positive,98.3229,5,Google
Dallas1,32.779555,-96.8009703,"208 S Akard Street, Ste 110, Dallas, TX 75202",Mon Dec 17 13:44:31 +0000 2015," Worst corporation ever, and not to be trusted under any circumstances. Fyi any customers who've experienced deceptive/coercive tactics by ATT (lies about pricing, deleted account features, false statements on terms, etc.) may file a complaint w/ the Fed Trade Commission. During my recent filing, FTC staff explained actions are based on the number of complaints received. Another critical way to prevent ATT from expanding its monopoly is through the FCC's public notice &amp; comment on proposed AT&T mergers. (For example, concerned consumers can easily offer brief comments or submit more formal filings on the FCC website concerning the AT&T /DirecTV deal.) As more customers voice their concerns the more difficult it is for ATT to grab further market share, and partake in anti-competitive practices which harm consumers and limit market alternatives. ",Positive,97.1780,1,Google
Dallas1,32.779555,-96.8009703,"208 S Akard Street, Ste 110, Dallas, TX 75202",Sun Dec 16 23:37:12 +0000 2015, AT&T implements fraudulent practices with pricing and managing customer accounts. The merger with ATT and DirecTV should also be objected by everyone because the combination of these companies would increase the incentive and ability to limit competition and innovation in the online video space and will ultimately lead to raising prices for Netflix. ,Neutral,53.7995,1,Google
Dallas1,32.779555,-96.8009703,"208 S Akard Street, Ste 110, Dallas, TX 75202",Sun Dec 16 21:00:42 +0000 2015," Looking for Work?  Want to be treated like cattle? Apply at AT&T U-Verse, ruin your employment record, your life, health, family balance, in the name of Union vs. Corporate Mgmt.  The days of People-based Leadership under Ed Whitacre are long gone.  Welcome to the cut-throat culture boasting Fortune 100 company.  Very SAD....  No Respect, No Dignity = AT&T... At This Time. ",Positive,86.3566,1,Google
Dallas1,32.779555,-96.8009703,"208 S Akard Street, Ste 110, Dallas, TX 75202",Tue Dec 11 23:04:06 +0000 2015," Attempted for over two hours to sign up for an AT&T highspeed Internet connection. Was told repeatedly that the company would not honor their advertising. Eventually a so-called manager hung up on me after refusing to give me a phone number for the corporate headquarters. I have filed a complaint with the Texas Attorney General, Consumer Protection Division. ",Negative,69.5756,1,Google
Dallas1,32.779555,-96.8009703,"208 S Akard Street, Ste 110, Dallas, TX 75202",Tue Dec 11 23:03:34 +0000 2015," %u201CWhy wait? Life%u2019s too short%u2026%u201D to deal with ATT%u2019s bad internet service

Customer service representatives are awesome.  

They can't help that the internet service sucks though.  

I was getting 2 MBPS, not 12 MBPS.  They kept raising our rates.  Company is so disorganized, when I cancelled our account they shut it off early. I missed two days of work (since I work online) before the issue could be solved.  When we finally got the internet back, it was so incredibly slow I still could not work online.

I appreciate the call-backs from the representatives in the escalation department. It doesn't solve the problem with the bad internet service and disorganization. Good luck.

Update: Rebecca in Retention refunded us the last month of service, so feeling a bit better about it, but I still wouldn't go with ATT unless they switch to cable and get their speeds up. ",Negative,99.5613,1,Google
Dallas1,32.779555,-96.8009703,"208 S Akard Street, Ste 110, Dallas, TX 75202",Tue Dec 11 21:28:57 +0000 2015," I was just told 5 to 10 days before I will receive my $480 after being double billed this past month!!!  This company is by far the worst managed and for AT&T wireless to be a communications company, there seems to be NO communication taking place!!! ",Negative,99.9982,1,Google
Dallas1,32.779555,-96.8009703,"208 S Akard Street, Ste 110, Dallas, TX 75202",Tue Dec 11 21:21:52 +0000 2015," Overpriced, lousy service.  Options are few or I would change my internet service today.  They know they can get away with it. ",Negative,82.7381,1,Google
Dallas1,32.779555,-96.8009703,"208 S Akard Street, Ste 110, Dallas, TX 75202",Tue Dec 11 03:46:09 +0000 2015," AT&T does ALOT of False Advertising they said I could get AT&T u verse by 3 different people and yet I still can't get it and unfortunately I still can't get it! I have a formal complaint to  the executive office!. They bigod make it work! Or will keep contacting them. This is a bunch of crap, if people around me can get it, then you better make it work for me. ",Negative,99.8856,1,Google
Dallas1,32.779555,-96.8009703,"208 S Akard Street, Ste 110, Dallas, TX 75202",Tue Dec 18 21:48:42 +0000 2015," Disgusted with this company and just started services. After seeing an online promo and calling in to verify, my husband and I were bluntly lied to by a representative. The representative promised that he could get us a better promo if we were to sign up over the phone. The promotion consisted of installation fee's being waived (which was advertised online), and he also stated that he had the option of waving equipment with approved credit if we signed up over the phone. We figured it would be a no brainier, however after calling to reschedule the initial appointment we discovered that the representative had no intention of following through with any of the promises he had made! Not only did he lie about the perk of having equipment fee's waived, he had the audacity to note that we were explained thoroughly about all the set up and install fee's. As you can imagine we were pissed! Only to have another representative tell us this happens all the time in their sales department. I beg the dipper maybe a civil lawsuit might help them to practice better business ethics. I will be filing a complaint with the BBB and will also take my business else where.  ",Negative,99.9992,1,Google
Dallas1,32.779555,-96.8009703,"208 S Akard Street, Ste 110, Dallas, TX 75202",Tue Dec 18 21:48:42 +0000 2015," I will start off by saying they should not even receive one star!   What ever you do, don't go with AT&T.  One hand, doesn't know what the other three hands are doing.  I decided to go with Uverse in 2011 thinking it was fiber optic, because thats what the ads portray.  ITS NOT.  It's fiber optic from their main station to your ""neighborhood terminal"" /box,  then it is nothing but copper telephone line to your house.  I live in Old East Dallas and so they have tried to get away with installing as few terminals as possible. Because of that I am 5,000 feet away from my box. When the guy showed up to install the Uverse he told me off the record that there was no point in getting any faster internet than the basic because the copper lines would not support it.  He was not only right, it won't even support the basic.  My internet has been intermittent and slow since I got it, and I have had many, many techs out to try to FIX it, but, then again there is NO way to fix it.  Do yourself a favor and get Verizon (fiber optic) or Time Warner Cable before even thinking about AT&T.  The worst part are the way the techs are organized. Tech 1 comes out and finds the problem, he then says he can't fix it because the problem is not in his small area, so someone else will call and ""re-schedule"" another appointment with tech #2 even though tech #1 has just determined the problem. So instead of tech #2 reading off tech #1's work order and just fixing the problem, you have to be at home for tech #2 and then he will check the same damn stuff again.  Then tech #2 will say, "" I'm sorry, but the problem is further upstream and not in my area""  ""someone will call you and ""re-schedule"" for the ""line"" tech to come out"".  So then tech #3 calls and, once again, you have to be home. He then checks the same stuff the other two techs checked (at your house) and then leaves, and in my case didn't even call me back to tell me if it was fixed or not.  So, I call again and went through tech #5. and NOW tech #6 is telling me that the problem is at the pole, which is strange because tech #1 replaced all the stuff on the pole. He has just informed me that he will have a tech call and re-schedule another appointment to fix the stuff on the pole #$@#$%%!!!!!    I'm DONE!!!!   My Mom and Sister have had the same problems. Calling someone else tomorrow... ",Negative,100.0000,1,Google
Dallas1,32.779555,-96.8009703,"208 S Akard Street, Ste 110, Dallas, TX 75202",Mon Dec 17 20:45:38 +0000 2015," AT&T they are MONEY HUNGRY SNAKES!!! It sad when you are a loyal customer and pay your bill on time and you are cheated out of money. They charged me $198.00 for an install fee and a receiver when I was told initially the fees will be waived and now they are very apologetic but will not take those fees off my account!! I understand they are cornering the market with the purchase of Direct TV but ""Netflicks"" and ""Hulu"" are coming up quickly and they are much cheaper. Smart phones have ""Hotspot"" so internet and phone will be handled as well. AT&T, you better be careful how you treat your customers because as long as you don't corner the market on innovation there will be other options.  ",Negative,99.5649,1,Google
Dallas1,32.779555,-96.8009703,"208 S Akard Street, Ste 110, Dallas, TX 75202",Mon Dec 17 18:47:40 +0000 2015," This is the most terrible service provider I've ever dealt with. Not only do the representatives never visit your home to do the check they are supposed to for home service, then when you go to cancel before even having service hooked up they transfer you to multiple depts (most out of country) and eventually you speak to someone who says they have canceled you but then I received a disconnect notice weeks later stating I had never paid for my service. That's because I disconnected the service before it ever was connected!!! I thought the whole thing had been resolved because ATT had never contacted me before sending this strange disconnect notice. I am starting to think the whole thing is a scam and ATT is not real. I have talked to so many different dept and all they can say is that my service is connected, but I have no dial tone. They say it is the fault of the house wiring. They never checked the exterior of the home to make sure it was connected. At this point I am writing a formal complaint to ATT and will also be contacting the BBB and The California Service Utilities Commission. There is something very wrong with this company and I would hate for anyone else to have to deal with these same issues. This was for home phone service. ",Negative,100.0000,1,Google
Dallas1,32.779555,-96.8009703,"208 S Akard Street, Ste 110, Dallas, TX 75202",Mon Dec 17 14:05:52 +0000 2015, Keep having problem with unlocking the device even after paying a high amount of termination fee. AT&T is one of the biggest joke of US companies (the other one being Comcast).  ,Negative,78.3669,1,Google
Dallas1,32.779555,-96.8009703,"208 S Akard Street, Ste 110, Dallas, TX 75202",Mon Dec 17 13:44:31 +0000 2015," AT&T U-verse is a bureaucratic nightmare, they are deceitful and cheat customers.  Stay with Comcast, Cox Communications or other cable TV providers.  Search web for ""AT&T bureaucratic nightmare, is deceitful and cheats customers"" ",Positive,92.6517,1,Google
Dallas1,32.779555,-96.8009703,"208 S Akard Street, Ste 110, Dallas, TX 75202",Sun Dec 16 23:37:12 +0000 2015," Customer Service is seriously flawed.  Subscribed to U-verse and Internet services in mid-2013 and had nothing but problems for nearly a year.  We filed complaints with the Federal Trade Commission and state's attorney general in 2013.  Cancelled both services in May 2014 and returned receiver and remote a few days later.  Now, AT&T threatening via letter and say we will be liable for attorney fees.  I spoke with 2 customer service people in May and June, Ms. Davis in Illinois and Mr. Chris in California explaining we do not owe anything and AT&T even sent us a credit check for the refund.  In July, AT&T has debt collectors calling day and night.  We now have Cox and working with state Atty General Office. ",Positive,70.0262,,Google
Dallas1,32.779555,-96.8009703,"208 S Akard Street, Ste 110, Dallas, TX 75202",Sun Dec 16 21:00:42 +0000 2015," The plaza out front is open to the public, but not according to the rent a cop who is subcontracted from Allied Barton Security, by the name of Ernesto Garcia.  I have seen people walk their dogs, stop with baby carriages, kids from the Pegasus Charter School hang out there, he doesnt say a damn thing, but when I was there talking on the phone with someone asking for directions from where I was, and just drinking a soda, Ernesto told me that only AT&T employees are allowed there.  That is bull, there is no sign ANYWHERE that says it is a private plaza.  I told Ernesto to go screw himself, I will admit that, and told him that this was a public plaza.  Ernesto thinks he is Dallas PD and is a wannabe cop, he needs to be fired actually.  This is why people hate AT&T, not only are they bullies to other companies and have terrible customer service and screw customers over, they dont want people in their plaza even though its public.  I see 40 employees all the time outside there smoking, shows you something as well, that they are on their smoke breaks more than helping customers and running people off who are minding their own business.  I think Ernesto needs to be fired, cause if he dares say that to me again, i am filing a malicious prosecution lawsuit on him and AT&T ",Positive,69.8758,1,Google
Dallas1,32.779555,-96.8009703,"208 S Akard Street, Ste 110, Dallas, TX 75202",Tue Dec 11 23:04:06 +0000 2015," I really wish I had never in my life gotten service with AT&T. This company has destroyed my credit from a 764 to a 600. Never got a single bill and sent me to collections twice. I move around a lot so they open an account for each address and never update to the new address (I was not told there would be multiple accounts). Called UVerse and they said I owed nothing. Called the DSL department and they could not find a balance either. Kept getting bills without a balance. Called AT&T about the collections, they said it was fraudulent and not to pay. So I didn't. Finally after 6 months of harassment, I write a letter to the finance department and they get to the bottom of it. It takes days of calls and a million transfers to finally find the accounts overdue. I pay them off immediately. They REFUND the money for one of the accounts and apologize for my trouble. A month later, I get a bill asking for the money back. If you wanted the money why didn't you just keep it?! I'm so sick and tired of wasting my time writing letters to everybody, holding on the phone, and trying to fix my credit with the bureaus. Now I'm expecting my first child and have nowhere to live because I can't lease with this terrible credit. All because of AT&T. I will never hire this company again if it was the last  in the planet. It's not worth it. I will recommend the same to all my friends and anybody who reads this. Beware!!! ",Negative,100.0000,1,Google
Dallas1,32.779555,-96.8009703,"208 S Akard Street, Ste 110, Dallas, TX 75202",Tue Dec 11 23:03:34 +0000 2015," I thought I had bad service with AT&T in the past, but lately has been worse than anything I could've imagined.  I was moving about a mile away from my previous apartment.  I called and scheduled a transfer to the new place for the first day I was to move in.  I was informed my modem wouldn't work at the new place and I would be required to rent one, I'm not happy about this, but I had other things to worry about with the move.

So the technician shows up and informs me that he needs to wait on another technician before he can start.  Long story short, the other guy never showed up.  He advised me  to just schedule for another day.  I do this, but they can't come out for another week.  Next week, a technician shows up, he says he can start but can't complete the job until another technician shows up.  We wait 5 hours and another no show.  He says the other guy just needs to do something outside and is scheduled to come by and I'll be notified when it's done.

Then it gets really bad, I start getting voicemails everyday asking me to call in and schedule an installation.  When I return the call I'm advised I don't need to schedule an installation, just keep waiting and a technician should be out within a few days to complete.  Everyday I get voicemails.  It always goes to voicemail because the iphone 5 AT&T charged me out the nose for typically doesn't ring and I miss the majority of my calls.  After dozens of phone calls back and forth, now all of a sudden, they can't pull up my account when I give them my number.  This culminates with a call center experience around the world speaking with Americans, Indians, etc.  This call ends after 38 minutes when I realized the 4th time I've been transferred it's been to the wrong department.

Many, many calls later, and dealing personally with an AT&T rep who my apartment building pays to assist the residents to get service, we finally determine the number they have on file for me was altered by one digit.  I ask for this to be corrected and once again schedule a technician to come out.  Well it appears customer service has my correct number, but the technician doesn't.  So he can't contact me.  A 4th technician is scheduled to come out and I ask he's given the correct number, he is not.  He shows up and can't contact me.

I'm nearing 4 weeks since I moved, around 50 phone calls, 4 technician visits, 2 where I let them in my apartment, and still no service yet.  Meanwhile I'm racking up huge data bills on my phone, which doesn't ring when friends and family and technicians call.  I'm being told I will be forced to rent a modem (no option of buying) that has a ranking on Amazon of 2 starts and runs for about $20 to buy outright.

Also, I haven't even seen a bill in over year since I switched to paperless billing.  Now when I login, I need to synch my Uverse bill to my cellphone bill.  Guess what?  I gave up trying to get it synched after 5 calls to customer support where we reset the password and it didn't work.  I can't even review my bill to understand why I'm paying $170 per month to have a cell phone line and home internet,  NO TV!!

Nothing more to say, but complete and utter dysfunction.  I hope the executives are enjoying their experience at Cowboys stadium since they are paying Jerry Jones $19 million per year of company money for the naming rights.  Apparently this money came out of customer service since it's simply broken. ",Negative,100.0000,2,Google
Dallas1,32.779555,-96.8009703,"208 S Akard Street, Ste 110, Dallas, TX 75202",Tue Dec 11 21:28:57 +0000 2015," I've been with AT&T since 1978 and they have become the worst business I've ever seen. They haven't resolved my account balance in weeks after many promises. They even agreed, several times, my billing was incorrect. They are double billing me for Uverse WiFi and telephone service. The worst! ",Negative,99.9610,1,Google
Dallas1,32.779555,-96.8009703,"208 S Akard Street, Ste 110, Dallas, TX 75202",Tue Dec 11 21:21:52 +0000 2015, Conveniently located in downtown Dallas near my office.  Not as large a space as most other AT&T stores but they have a good selection of phones.  What I don't like here is that I am rarely asked if I have been helped. I always have to find someone to take my companies money.   ,Negative,98.9824,2,Google
Dallas1,32.779555,-96.8009703,"208 S Akard Street, Ste 110, Dallas, TX 75202",Tue Dec 11 03:46:09 +0000 2015," Whatever you do, don't use AT&T for ANYTHING! They lie to you! We had a service outage on a Friday, we called and got an appointment for Monday am 8-12. Today is Wednesday night and it is still not fixed. We hear the same story every time, ""you are on the schedule for tomorrow morning as a priority"". We have been on the schedule for DAYS as a priority and they still can't fix our outage? NOT ACCEPTABLE. Save yourself the trouble and go with anyone other than AT&T. ",Negative,99.9598,1,Google
Dallas1,32.779555,-96.8009703,"208 S Akard Street, Ste 110, Dallas, TX 75202",Tue Dec 18 21:48:42 +0000 2015," Having a horrible time with U-Verse since it was installed.  Bandwidth issues cause my TV video to lock up or DVR to stop on occasion (usually when downloading on tablet or laptop also on wireless).  

Also, my DVR completely died tonight, taking about 12 pre-recorded movies (from HBO when I had it) with it.  Now, keep in mind that I pay about $135/month for internet and tv service.  Yes.. expensive.   So, I have high expectations around service.  They told me that they were going to have to send me out a new DVR and when I get the old one, I have to return it to a UPS store within 10 days (or get billed for it).  Ok.. starting to get upset... How is this my fault?

Then, I tell them that I want to be reimbursed for the movies I lost.  12 movies that I have not yet watched by $6/movie, I asked for $72.  Their answer was that they would give me a $30 credit, but that is it.  Again, how is this my fault and why do I pay $135/month for this crap?!

And, more importantly, how do you stay in business providing junk and overbilling for it with horrible service?
 ",Negative,100.0000,1,Google
Dallas1,32.779555,-96.8009703,"208 S Akard Street, Ste 110, Dallas, TX 75202",Mon Dec 17 20:45:38 +0000 2015," At&amp;t has some of the worst customer service I ever experienced in a business. I won't go into too much detail but they took out an un-authorized payment and caused four over draft charges on my bank account. After setting up a case and talking to numerous representatives, supervisors, and managers, I came to the realization that every employee there is a liar and starving for your money. Even though I have the PROOF(bank statements, text messages, representatives first and last names) they still had the nerve to say this was my fault and wouldn't help me with the over draft fees. Granted they were willing to credit my account for the amount, I wanted a check sent to me to pay back the people I had to borrow money from to bring my bank account back current. This has affected my credit, and put a HUGE amount of stress on me and my family. The fact that everyone I talked to was sympathetic and then would just transfer me to another employee because they were done dealing with me is unacceptable to the max. I cannot stress the amount of problems this has caused for me. If your looking for a phone provider, I suggest going elsewhere because none of At&amp;t's employees care about their customers' well being.  ",Negative,100.0000,1,Google
Dallas1,32.779555,-96.8009703,"208 S Akard Street, Ste 110, Dallas, TX 75202",Mon Dec 17 18:47:40 +0000 2015," Absolutely the worst service I have ever had. Every time a tech comes out they move all of the equipment in my house, and the service works great for a couple of hours, then it's worse than it was before they moved everything around. Then it takes months to get anyone back out.  ",Negative,99.9769,1,Google
Dallas1,32.779555,-96.8009703,"208 S Akard Street, Ste 110, Dallas, TX 75202",Mon Dec 17 14:05:52 +0000 2015," I have switched over to AT&T recently and have had more downtime in three weeks than I have had over a 5 year period. To complicate matters, AT&T has moved implementation to India presenting me with HORRIBLE customer Service and highly inept technical group. AT&T...your service delivery and your service quality has been highly effective in reducing the bothersome customer base. I will be moving 17 Companies with multiple locations away from you and I will never recommend your service to anyone ever again. I hope your profit margin is good. ",Neutral,56.0517,1,Google
Dallas1,32.779555,-96.8009703,"208 S Akard Street, Ste 110, Dallas, TX 75202",Mon Dec 17 13:44:31 +0000 2015," Does your bill confuse you? Me too. 

Is your internet slow when you have UVERSE TV on? Mine too. 

AT&T seems to have established levels that you have to fight through as a customer. It's starts in the US, transfers to the real Battle Roya in India where the Customer Service rep defends their terms, then to the customer service rep's manager and then back to America when you're ready to cancel they give you pretty much what you were asking for originally.

It's annoying and a terrible experience. When did it become acceptable to nickel and dime your customers? Thanks cell phone companies.

If your UVERSE internet seems slow it's because when your TV is on the internet slows down. I split service providers. Works well now.

Instead of upsetting the Customer Rep in India - just do their little dance get to the manager and then tell them you want cancel your service and get to the cancellation process and see if they can resolve your issue.

OH - and make sure to review AT&T while waiting on the phone and during your discussion. Google, Bing, Yahoo, Amazon - one comment can have huge impacts. 

Thanks Google!  

 ",Negative,99.9170,1,Google
Dallas1,32.779555,-96.8009703,"208 S Akard Street, Ste 110, Dallas, TX 75202",Sun Dec 16 23:37:12 +0000 2015," Please don't faint when you hear this.  If  you go with MetroPCS, you get unlimited minutes and unlimited texting throughout the continental US for $40 per month, as long as you stay within a certain area.  I don't travel much, I have family that lives out of the area.  This is perfect!!!  Excellent customer service as well.  Never have a problem.

I dread next month.  My AT&T service is up for renewal.  I use it for the internet service.  It's been better lately, but when it starts getting a slow connection, I also get slow customer service. Last year they conned me into adding a land line onto my account to get the cost down.  I don't even use the phone.  It just sits there.  I use my MetroPCS cell phone.  I wonder what they're going to do this year.   ",Negative,99.9999,2,Google
Dallas1,32.779555,-96.8009703,"208 S Akard Street, Ste 110, Dallas, TX 75202",Sun Dec 16 21:00:42 +0000 2015," Very poor customer service.
Non working voice prompts to get help when calling the help lines.
Poor trouble shooting. After 90 minutes of troubleshoot, got modem to work. 5 minutes later, stopped working again. Called for more wasted time of troubleshooting, then a supervisor told me of modem charges and fees (and 10 days of no service during shipping), so I told them nevermind. They shipped modem anyway, and charged my bill. Credit may show up in 90 days, so in essence I am lending ATT $100 for 90 days for their mistake and their poor service. When I call, NO ONE SAYS SORRY, OR SEEMS TO CARE.  ",Negative,100.0000,1,Google
Dallas1,32.779555,-96.8009703,"208 S Akard Street, Ste 110, Dallas, TX 75202",Tue Dec 11 23:04:06 +0000 2015," This morning I spent one hour and thirty four minutes speaking with two AT&T customer service reps and two supervisors. That's one hour and thirty four minutes of my life that I'll never get back, and all I wanted to do was pay my bill. I don't believe that I have ever encountered such stupidity. The second supervisor swore that her supervisor would call me back, but that never happened. These were all Americans. I'd be better off talking with someone in India - they're smarter. ",Negative,100.0000,1,Google
Dallas1,32.779555,-96.8009703,"208 S Akard Street, Ste 110, Dallas, TX 75202",Tue Dec 11 23:03:34 +0000 2015, Ok but their nokia phone get virus easily ,Negative,88.2587,1,Google
Dallas1,32.779555,-96.8009703,"208 S Akard Street, Ste 110, Dallas, TX 75202",Tue Dec 11 21:28:57 +0000 2015, Good. ,Neutral,51.5378,1,Google
Dallas1,32.779555,-96.8009703,"208 S Akard Street, Ste 110, Dallas, TX 75202",Tue Dec 11 21:21:52 +0000 2015," I JUST TALKED TO JAY EF2497 (EMPLOYEE ID NUMBER) I CALLED THE SAN ANTONIO LISTED NUMBER AND WAS TOLD INDEED CORPORATE OFFICE IS IN DALLAS. I TOLD OPERATOR I HAD A COMPLAINT AND SHE SAID SHE WILL SEND ME TO THE ""OFFICE OF THE PRESIDENT"" I GOT THIS JAY B-HOLE WHO SAID HE WAS IN OFFICE OF THE ""PRESIDENT"" YET, ODDLY ENOUGH, HE WAS IN KANSAS CITY AND HE DID SAY CORPORATE OFFICE WAS IN DALLAS. I SAID SO ANOTHER LIE FROM AT&T. NO WAY IS THE PRESIDENT IN KC WHEN THE OFFICE IS IN DALLAS.GIVE ME A BREAK DOES AT&T THINK THEY ARE DEALING WITH A WORLD OF 3RD GRADERS? ",Positive,99.6416,1,Google
Dallas1,32.779555,-96.8009703,"208 S Akard Street, Ste 110, Dallas, TX 75202",Tue Dec 11 03:46:09 +0000 2015, Ouch! This place has bad reviews we have been at&amp;t for a lot time now service  is good.  They could be bad in Dallas but Arlington service is good  ,Negative,99.5009,1,Google
Dallas1,32.779555,-96.8009703,"208 S Akard Street, Ste 110, Dallas, TX 75202",Tue Dec 18 21:48:42 +0000 2015, AT&T Lies about cell phone service promising new lower price than charging $50 higher and saying you only option is to pay sugnificant cancellation fees ,Negative,96.5301,1,Google
Dallas1,32.779555,-96.8009703,"208 S Akard Street, Ste 110, Dallas, TX 75202",Tue Dec 11 21:21:52 +0000 2015, They cheated me out of a $200 reward card.   ,Negative,86.2908,1,Google
Dallas1,32.779555,-96.8009703,"208 S Akard Street, Ste 110, Dallas, TX 75202",Tue Dec 11 03:46:09 +0000 2015, Im alivei ,Neutral,50.0000,1,Google
Dallas1,32.779555,-96.8009703,"208 S Akard Street, Ste 110, Dallas, TX 75202",Tue Dec 18 21:48:42 +0000 2015, Great service!  ,Positive,68.7689,5,Google
Dallas1,32.779555,-96.8009703,"208 S Akard Street, Ste 110, Dallas, TX 75202",Tue Dec 18 21:48:42 +0000 2015, What these people are doing is wrong ,Negative,92.0494,1,Google
Dallas1,32.779555,-96.8009703,"208 S Akard Street, Ste 110, Dallas, TX 75202",Mon Dec 17 20:45:38 +0000 2015, Mr. T. has always been a hero of mine -- glad to see he has his own company now.  ,Positive,99.8464,1,Google
Dallas1,32.779555,-96.8009703,"208 S Akard Street, Ste 110, Dallas, TX 75202",Mon Dec 17 18:47:40 +0000 2015, WORST SERVICE EVER! WILL NO RECOMMEND TO ANYONE. PERIOD ,Neutral,58.9602,1,Google
Dallas1,32.779555,-96.8009703,"208 S Akard Street, Ste 110, Dallas, TX 75202",Mon Dec 17 14:05:52 +0000 2015," I really hate the U-verse system, customer service, and promotions. I have signed up with ATT in Juanuary of this year and i really hate it..its too expensive to start with; however i was informed that i will receive a promotion for the first six months. I have never seen anything. when i call to check, at first i have to be on hold for about 45-60 minutes, Actually I am currently on hold to speak to a manager for the past 35 minutes as i am writing this review. So, everytime they keep saying, ""you dont have a promotion"" and when i speak to a manager they usually apologize and promise that wont happen again. the following month i have to call again. I am about to really sue AT&T for my time and stress, Someone up high in this company should look into these complaints.. ....I HATE AT&T  I am going to SUE THEM FOR SURE...... I HATE THIS COMPANY... THE  promo Rethink Possible my AS* ",Negative,100.0000,1,Google
Dallas1,32.779555,-96.8009703,"208 S Akard Street, Ste 110, Dallas, TX 75202",Mon Dec 17 13:44:31 +0000 2015," The best way to descrive AT&T Wireless is by saying: STAY ALWAYS &amp; RUN.
well i;ll try to make it short: the service is fine as far as coverage, but here the deal (if your interested in getting on IPHONE) i been a very lawyer customer of AT&T since 1994 when i first took my number to date. I travel alot &amp; having no way to used that countries pre-paid service is the worse. I get 200.00 dollars bill just on the roaming charges without even making phone calls and just useing text and data. AT&T saids its not up to them to provide a IMEI unlock for iphone but thats a HUGE LIe, Infact its beacuse of them why the iphones are lock. Millions are people wouldn't go with the iphone fron the start beacuse you were force to add a $30.00 unlimited data service in top of what ever was your calling plan, but now they got rid of that expensive plan and made it more expensive but on a very sneaky way. You choice your guest data plan u like to used but the iphone always communicates online and will eat 1 to 3 gigs in weeks just on siri and visual Voice mail, etc,, What a discusting way of doing business. It really doesn't matter how loyal you are, they don't care. All they care about is getting your money and raising the prices on all beacuse of the stupidity the higher end PENCIL pushers made with the T-Mobile deal gone bad. They lost millions because they recanded in the end but now they want the customers to pay for there mistakes.. Stay alway from them, if you still want a Iphone, you still can, Buy the unlock ver, i know its expensive but at the end it will pay off in a few months of service with them. Go buy the Sprint or Verizon iphone because ones u upgrade or change the phone is worthless (garage) unless if u give to another person within the same carriar. There none GSM ver Iphone, They ONLY WORK WITH THAT CARRIAR, EXCEPT THE GSM ver phone. ",Negative,100.0000,1,Google
Dallas1,32.779555,-96.8009703,"208 S Akard Street, Ste 110, Dallas, TX 75202",Sun Dec 16 23:37:12 +0000 2015," AT&T is the absolute worst company in the United States. The customer service for this company was unacceptable before I encountered problems with my account and has continued to spiral down ever since. When I first purchased internet service, they sent me to router and it didn't work. I called to have the maintenance man come out and fix the cables. We set an appointment and he was a no show. I called again... he was a no show again. I ended up calling seven times before I finally received a visit from a technician. To my surprise, he had to schedule another type of technician to fix the problem. Upon arrival of my first bill, I was STILL unable to get an internet connection. Finally, after over a month I was able to log onto the internet. Next...Did you know that if you move across state lines you have to start new service first calling one number, then call another number to cancel the old service. Well... I didn't. Apparently I had two accounts for quite some time. So one day, I found out I was being billed for the old service address and new service address as well. I call a few times to rationally speak to someone about removing these changes, but they could never find my account. So instead of fighting it, I requested a statement be delivered to me to pay it off. After waiting for weeks, I never received it. I called back to see about a faxed or emailed statement instead. These guys tell me they are unable to email or fax things. I'm sure this was the case in 1994, but in 2011? Doubtful. The next time I called they must have received their first ever fax machine because they offered to fax a statement... until I gave them the area code. No, their fax machine can't send to Texas. So, to this day, I have not receive the information I've requested.  I've cried on the phone several times because of the extreme frustration.  It is a terrible thing when you call customer service and they don't even have notes on file as to how many times a customer has to call to get one thing accomplished.  As a manager at a call center, I have learned from this experience.  I tell my employees, ""Put yourself in the customer's shoes and DON'T EVER be like AT&T"" For the past year, I've told everyone I know to never use AT&T.  I took it to Facebook about six months ago and now as I continue to be absolutely disgusted by the repulsive excuse for customer service they deliver, I am now posting this review on every credible review site I know. Thanks for making my life 100X more difficult, AT&T. ",Negative,100.0000,1,Google
Dallas1,32.779555,-96.8009703,"208 S Akard Street, Ste 110, Dallas, TX 75202",Sun Dec 16 21:00:42 +0000 2015, after many years of good service there there service/cell/internet has gone down hill there price for new customers is good but then with up up the price goes and the bad part my internet is slower. then the cell phone calls get dropped and i get charger for having to recall ..back when it was southwestern bell and cingular they were the tops guess there pants are getting to big for them,Negative,99.9091,1,Google
Dallas1,32.779555,-96.8009703,"208 S Akard Street, Ste 110, Dallas, TX 75202",Tue Dec 11 23:04:06 +0000 2015," A 100% disappointing AT&amp;T call center story:

1) I called AT&amp;T on Wednesday for a replacement phone with overnight shipping. The call center rep. sent the phone to my office address but a wrong name on it. ",Negative,86.0796,1,Google
Dallas1,32.779555,-96.8009703,"208 S Akard Street, Ste 110, Dallas, TX 75202",Tue Dec 11 23:03:34 +0000 2015," I hate it. DO NOT EVEN COUNT on the one star  On January I've  changed my internet plan and I agree to pay $28 monthly for one year. My next bill was $42, the next one was $37, the next was $42 again. every month I have to call, I have to explane to at least 5 people  my story. They all checking my account to MAKE  SURE  I have PAID my previews bill. I have had internet with Bellsouth  from 2006, then  it become att. I am with you guys for 6 years , i DO NOT  have late payments and  I have been told that you do NOT keep record for loyal people. on Tuesday I will probably spend my free time on the phone answering the questions of your STUPID phone service system AGAIN to fix the bill before I pay it.( by the way you have to have an option  to pres a key for ""yes"" or ""no"" so your  stupid  phone system  will  understand ) Now you know why I  am NOT going to  set up automaptic  payment and now you know why I am getting ready  to cancel my internet account and my phone service with you. On another hand  we both know that you really DO NOT CARE and I DO have feeling that no one  in this corporate read the reviews ",Negative,100.0000,1,Google
Dallas1,32.779555,-96.8009703,"208 S Akard Street, Ste 110, Dallas, TX 75202",Tue Dec 11 21:28:57 +0000 2015," In the first year or so, the service was fine. Now, I may get disconnected 3-4 times a minute, intermittently
maybe 10 times a day. To get the problem fixed means spending at least an hour on the phone, navigating
an automated answering system to reach someone who may or may not get permission (from his computer!?) to do something.

Hopefully, their system is up (this was the third time in 6 mo.s I called when their computer system was undergoing 'routine' maintenance).

In the last couple of years, the number of levels on this answering tree has doubled or tripled. The technicians are less and less capable of responding to requests, and my bill has increased from ~$20 to ~$50 /mo. ($600 /year). I finally had to call a repair technician (my Harry Tuttle) on his personal line to get an appointment scheduled.

Definitely not the worst service (that award goes to Time Warner, and formerly Comcast), but bad enough 
that I'm looking for another provider so I can change again. ",Negative,99.9999,2,Google
Dallas1,32.779555,-96.8009703,"208 S Akard Street, Ste 110, Dallas, TX 75202",Tue Dec 11 21:21:52 +0000 2015," Avoid this building at all costs.  Not surprisingly this store is usually surrounded by guards and is in a state they refer to as ""LOCKDOWN"" and only ATT employees with picture ID are allowed to enter (I assume it's to keep the angry mobs who have ATT service from entering to make their complaints). ",Negative,99.9996,1,Google
Dallas1,32.779555,-96.8009703,"208 S Akard Street, Ste 110, Dallas, TX 75202",Tue Dec 11 03:46:09 +0000 2015, A bit over a month ago I switched from Time Warner bundled services to At&amp;t's U-verse package.  The premium package. And it wasn't because of cost. I liked and was very pleased with the entire installation process but last night was my very first experience with the customer service people through the 800# and what a horrible experience.  It almost makes me wonder why I switched services.  GOOD customer service is key to whom I choose to do business with and the first real problem I have the experience was WAY below expected!!!  I am going to send a letter to their corporate office about this and wonder if I'll get a response. ,Negative,92.9074,1,Google
Dallas1,32.779555,-96.8009703,"208 S Akard Street, Ste 110, Dallas, TX 75202",Tue Dec 18 21:48:42 +0000 2015, I have had the best experience with AT&T and the TV service is incredible. The customer service is at least 10x better than it was at Time Warner and the price is lower. Can't wait to get my next iPhone! ,Positive,99.9692,1,Google
Dallas1,32.779555,-96.8009703,"208 S Akard Street, Ste 110, Dallas, TX 75202",Mon Dec 17 20:45:38 +0000 2015," One BIG headache, each and every month.  I have 5 utility bills and I can pay the other 4 in about a quarter of the time it takes me to deal with AT&T's awful service.  Not to mention, they recommended I link my AT&T acct with yahoo to ... ",Negative,99.0352,1,Google
Dallas1,32.779555,-96.8009703,"208 S Akard Street, Ste 110, Dallas, TX 75202",Mon Dec 17 18:47:40 +0000 2015, This store is amazing. They ate always do quick to help and can fix any issue I have.  ,Positive,97.0538,1,Google
Dallas1,32.779555,-96.8009703,"208 S Akard Street, Ste 110, Dallas, TX 75202",Mon Dec 17 14:05:52 +0000 2015, If I could give them less than one star I would. The list of reasons is longer than I can type in this box!!! ,Negative,99.9952,1,Google
,,,,,,Neutral,50.0000,,
,,,,,,Neutral,50.0000,,
,,,,,,Neutral,50.0000,,
,,,,,,Neutral,50.0000,,
,,,,,,Neutral,50.0000,,
,,,,,,Neutral,50.0000,,
,,,,,,Neutral,50.0000,,
,,,,,,Neutral,50.0000,,
,,,,,,Neutral,50.0000,,
,,,,,,Neutral,50.0000,,
,,,,,,Neutral,50.0000,,
,,,,,,Neutral,50.0000,,
,,,,,,Neutral,50.0000,,
,,,,,,Neutral,50.0000,,
,,,,,,Neutral,50.0000,,
,,,,,,Neutral,50.0000,,
,,,,,,Neutral,50.0000,,
,,,,,,Neutral,50.0000,,
,,,,,,Neutral,50.0000,,
,,,,,,Neutral,50.0000,,
,,,,,,Neutral,50.0000,,
,,,,,,Neutral,50.0000,,
,,,,,,Neutral,50.0000,,
,,,,,,Neutral,50.0000,,
,,,,,,Neutral,50.0000,,
,,,,,,Neutral,50.0000,,
,,,,,,Neutral,50.0000,,
,,,,,  ,Neutral,50.0000,,
,,,,,  ,Neutral,50.0000,,
,,,,, ,Neutral,50.0000,,
,,,,,  ,Neutral,50.0000,,
