Dallas1,32.776664,-96.796988,"208 S Akard Street, Ste 110, Dallas, TX 75202",Mon Oct 10 00:07:27 +0000 2016,RT @ATT: Are you ready for your close up? Introducing the #LGV20 from @LGUSAMobile. Say cheese and pre-order yours now: https://t.co/6f3opV…,Negative,96.3375,,Twitter
Dallas1,32.776664,-96.796988,"208 S Akard Street, Ste 110, Dallas, TX 75202",Sun Oct 09 23:39:38 +0000 2016,RT @ATT: Welcome to the team! @taylorswift13 https://t.co/4h86nLYuLo https://t.co/gAHOi7fPrZ,Positive,84.3125,,Twitter
Dallas1,32.776664,-96.796988,"208 S Akard Street, Ste 110, Dallas, TX 75202",Sun Oct 09 23:38:13 +0000 2016,RT @ATT: Hey Brunswick– you’re welcome to come and charge your devices at 1100 Glynn Isle. https://t.co/BVSzOGqEEz,Neutral,56.6563,,Twitter
Dallas1,32.776664,-96.796988,"208 S Akard Street, Ste 110, Dallas, TX 75202",Sun Oct 09 23:37:43 +0000 2016,RT @ATT: Hey Fayetteville - you’re welcome to come and charge your devices at 1918 Skibo Rd. https://t.co/C27UoaczGj,Neutral,56.6563,,Twitter
Dallas1,32.776664,-96.796988,"208 S Akard Street, Ste 110, Dallas, TX 75202",Sun Oct 09 23:26:10 +0000 2016,RT @ATT: We're working to keep our cust. connected. Info on relief efforts + expanded waived data overages: https://t.co/sbxt0kucgY #Hurric…,Neutral,54.8253,,Twitter
Dallas1,32.776664,-96.796988,"208 S Akard Street, Ste 110, Dallas, TX 75202",Sun Oct 09 23:25:47 +0000 2016,"RT @ATT: To help cust. impacted by #HurricaneMatthew, we're waiving data overages in GA + FL (10/6-11) and NC + SC (10/7-11): https://t.co/…",Neutral,60.9304,,Twitter
Dallas1,32.776664,-96.796988,"208 S Akard Street, Ste 110, Dallas, TX 75202",Sun Oct 09 23:17:00 +0000 2016,"RT @ATT: To help cust. impacted by #HurricaneMatthew, we're waiving data overages in GA + FL (10/6-11) and NC + SC (10/7-11): https://t.co/…",Neutral,60.9304,,Twitter
Dallas1,32.776664,-96.796988,"208 S Akard Street, Ste 110, Dallas, TX 75202",Sun Oct 09 23:16:11 +0000 2016,"RT @ATT: To help cust. impacted by #HurricaneMatthew, we're waiving data overages in GA + FL (10/6-11) and NC + SC (10/7-11): https://t.co/…",Neutral,60.9304,,Twitter
Dallas1,32.776664,-96.796988,"208 S Akard Street, Ste 110, Dallas, TX 75202",Sun Oct 09 23:16:02 +0000 2016,RT @ATT: Round two begins now. @andersoncooper moderates the #WashUDebate2016 tonight at 8/7c. #debatenight #Election2016 https://t.co/THVI…,Positive,64.1930,,Twitter
Dallas1,32.776664,-96.796988,"208 S Akard Street, Ste 110, Dallas, TX 75202",Sun Oct 09 23:15:08 +0000 2016,RT @ATT: Round two begins now. @andersoncooper moderates the #WashUDebate2016 tonight at 8/7c. #debatenight #Election2016 https://t.co/THVI…,Positive,64.1930,,Twitter
Dallas1,32.776664,-96.796988,"208 S Akard Street, Ste 110, Dallas, TX 75202",Sun Oct 09 23:08:12 +0000 2016,RT @ATT: We're working to keep our cust. connected. Info on relief efforts + expanded waived data overages: https://t.co/sbxt0kucgY #Hurric…,Neutral,54.8253,,Twitter
Dallas1,32.776664,-96.796988,"208 S Akard Street, Ste 110, Dallas, TX 75202",Sun Oct 09 23:07:11 +0000 2016,RT @ATT: We're working to keep our cust. connected. Info on relief efforts + expanded waived data overages: https://t.co/sbxt0kucgY #Hurric…,Neutral,54.8253,,Twitter
Dallas1,32.776664,-96.796988,"208 S Akard Street, Ste 110, Dallas, TX 75202",Sun Oct 09 23:06:16 +0000 2016,RT @ATT: We're working to keep our cust. connected. Info on relief efforts + expanded waived data overages: https://t.co/sbxt0kucgY #Hurric…,Neutral,54.8253,,Twitter
Dallas1,32.776664,-96.796988,"208 S Akard Street, Ste 110, Dallas, TX 75202",Sun Oct 09 23:03:50 +0000 2016,RT @ATT: Round two begins now. @andersoncooper moderates the #WashUDebate2016 tonight at 8/7c. #debatenight #Election2016 https://t.co/THVI…,Positive,64.1930,,Twitter
