Dallas3,32.8293128,-96.8272358,5616 Lemmon Ave Dallas TX 75209,Fri Oct 14 11:56:12 +0000 2016,RT @ATT: Welcome to the team! @taylorswift13 https://t.co/4h86nLYuLo https://t.co/gAHOi7fPrZ,Positive,84.3125,,Twitter
Dallas3,32.8293128,-96.8272358,5616 Lemmon Ave Dallas TX 75209,Fri Oct 14 11:51:08 +0000 2016,RT @ATT: It’s here! Get a sweet deal on the new iPhone 7 when you switch to AT&amp;T and have DIRECTV. https://t.co/xJbyqHjhMV https://t.co/3Wf…,Positive,98.0584,,Twitter
Dallas3,32.8293128,-96.8272358,5616 Lemmon Ave Dallas TX 75209,Fri Oct 14 11:18:21 +0000 2016,RT @ATT: Welcome to the team! @taylorswift13 https://t.co/4h86nLYuLo https://t.co/gAHOi7fPrZ,Positive,84.3125,,Twitter
Dallas3,32.8293128,-96.8272358,5616 Lemmon Ave Dallas TX 75209,Fri Oct 14 11:09:37 +0000 2016,RT @ATT: Welcome to the team! @taylorswift13 https://t.co/4h86nLYuLo https://t.co/gAHOi7fPrZ,Positive,84.3125,,Twitter
Dallas3,32.8293128,-96.8272358,5616 Lemmon Ave Dallas TX 75209,Fri Oct 14 11:02:38 +0000 2016,RT @ATT: What made you a fan of college 🏈 ? Share with #MadeMeAFanContest for a chance to win. Rules https://t.co/hU3I3wFn5V https://t.co/O…,Positive,92.2445,,Twitter
Dallas3,32.8293128,-96.8272358,5616 Lemmon Ave Dallas TX 75209,Fri Oct 14 10:31:59 +0000 2016,RT @ATT: It’s here! Get a sweet deal on the new iPhone 7 when you switch to AT&amp;T and have DIRECTV. https://t.co/xJbyqHjhMV https://t.co/3Wf…,Positive,98.0584,,Twitter
Dallas3,32.8293128,-96.8272358,5616 Lemmon Ave Dallas TX 75209,Fri Oct 14 10:26:26 +0000 2016,RT @ATT: Welcome to the team! @taylorswift13 https://t.co/4h86nLYuLo https://t.co/gAHOi7fPrZ,Positive,84.3125,,Twitter
Dallas3,32.8293128,-96.8272358,5616 Lemmon Ave Dallas TX 75209,Fri Oct 14 10:05:08 +0000 2016,I just checked in @ATT with #mPLUSPlaces Download today!  https://t.co/9ilQy3KdPD,Neutral,57.5572,,Twitter
Dallas3,32.8293128,-96.8272358,5616 Lemmon Ave Dallas TX 75209,Fri Oct 14 10:04:07 +0000 2016,RT @ATT: Welcome to the team! @taylorswift13 https://t.co/4h86nLYuLo https://t.co/gAHOi7fPrZ,Positive,84.3125,,Twitter
Dallas3,32.8293128,-96.8272358,5616 Lemmon Ave Dallas TX 75209,Fri Oct 14 09:44:30 +0000 2016,RT @ATT: Welcome to the team! @taylorswift13 https://t.co/4h86nLYuLo https://t.co/gAHOi7fPrZ,Positive,84.3125,,Twitter
Dallas3,32.8293128,-96.8272358,5616 Lemmon Ave Dallas TX 75209,Fri Oct 14 09:36:24 +0000 2016,RT @ATT: Welcome to the team! @taylorswift13 https://t.co/4h86nLYuLo https://t.co/gAHOi7fPrZ,Positive,84.3125,,Twitter
Dallas3,32.8293128,-96.8272358,5616 Lemmon Ave Dallas TX 75209,Fri Oct 14 08:13:29 +0000 2016,RT @ATT: Welcome to the team! @taylorswift13 https://t.co/4h86nLYuLo https://t.co/gAHOi7fPrZ,Positive,84.3125,,Twitter
Dallas3,32.8293128,-96.8272358,5616 Lemmon Ave Dallas TX 75209,Fri Oct 14 07:58:52 +0000 2016,RT @ATT: It’s here! Get a sweet deal on the new iPhone 7 when you switch to AT&amp;T and have DIRECTV. https://t.co/xJbyqHjhMV https://t.co/3Wf…,Positive,98.0584,,Twitter
Dallas3,32.8293128,-96.8272358,5616 Lemmon Ave Dallas TX 75209,Fri Oct 14 07:43:30 +0000 2016,RT @ATT: Welcome to the team! @taylorswift13 https://t.co/4h86nLYuLo https://t.co/gAHOi7fPrZ,Positive,84.3125,,Twitter
