Dallas3,32.8293128,-96.8272358,5616 Lemmon Ave Dallas TX 75209,Wed Oct 12 22:21:52 +0000 2016,RT @ATT: It’s here! Get a sweet deal on the new iPhone 7 when you switch to AT&amp;T and have DIRECTV. https://t.co/xJbyqHjhMV https://t.co/3Wf…,Positive,98.0584,,Twitter
Dallas3,32.8293128,-96.8272358,5616 Lemmon Ave Dallas TX 75209,Wed Oct 12 22:02:21 +0000 2016,RT @ATT: Welcome to the team! @taylorswift13 https://t.co/4h86nLYuLo https://t.co/gAHOi7fPrZ,Positive,84.3125,,Twitter
Dallas3,32.8293128,-96.8272358,5616 Lemmon Ave Dallas TX 75209,Wed Oct 12 21:57:08 +0000 2016,RT @ATT: Welcome to the team! @taylorswift13 https://t.co/4h86nLYuLo https://t.co/gAHOi7fPrZ,Positive,84.3125,,Twitter
Dallas3,32.8293128,-96.8272358,5616 Lemmon Ave Dallas TX 75209,Wed Oct 12 21:49:14 +0000 2016,RT @ATT: What made you a fan of college 🏈 ? Share with #MadeMeAFanContest for a chance to win. Rules https://t.co/hU3I3wFn5V https://t.co/O…,Positive,92.2445,,Twitter
Dallas3,32.8293128,-96.8272358,5616 Lemmon Ave Dallas TX 75209,Wed Oct 12 20:57:50 +0000 2016,@ColinHuseman @Uverse always gotta watch out for the tricks smh,Positive,80.8742,,Twitter
Dallas3,32.8293128,-96.8272358,5616 Lemmon Ave Dallas TX 75209,Wed Oct 12 20:54:11 +0000 2016,RT @ATT: It’s here! Get a sweet deal on the new iPhone 7 when you switch to AT&amp;T and have DIRECTV. https://t.co/xJbyqHjhMV https://t.co/3Wf…,Positive,98.0584,,Twitter
Dallas3,32.8293128,-96.8272358,5616 Lemmon Ave Dallas TX 75209,Wed Oct 12 20:45:00 +0000 2016,RT @ATT: It’s here! Get a sweet deal on the new iPhone 7 when you switch to AT&amp;T and have DIRECTV. https://t.co/xJbyqHjhMV https://t.co/3Wf…,Positive,98.0584,,Twitter
Dallas3,32.8293128,-96.8272358,5616 Lemmon Ave Dallas TX 75209,Wed Oct 12 20:42:58 +0000 2016,RT @ATT: It’s here! Get a sweet deal on the new iPhone 7 when you switch to AT&amp;T and have DIRECTV. https://t.co/xJbyqHjhMV https://t.co/3Wf…,Positive,98.0584,,Twitter
Dallas3,32.8293128,-96.8272358,5616 Lemmon Ave Dallas TX 75209,Wed Oct 12 20:40:54 +0000 2016,@ATTCares just sent you a DM,Neutral,56.8155,,Twitter
Dallas3,32.8293128,-96.8272358,5616 Lemmon Ave Dallas TX 75209,Wed Oct 12 20:35:30 +0000 2016,RT @ATT: Welcome to the team! @taylorswift13 https://t.co/4h86nLYuLo https://t.co/gAHOi7fPrZ,Positive,84.3125,,Twitter
Dallas3,32.8293128,-96.8272358,5616 Lemmon Ave Dallas TX 75209,Wed Oct 12 20:34:54 +0000 2016,RT @ATT: It’s here! Get a sweet deal on the new iPhone 7 when you switch to AT&amp;T and have DIRECTV. https://t.co/xJbyqHjhMV https://t.co/3Wf…,Positive,98.0584,,Twitter
Dallas3,32.8293128,-96.8272358,5616 Lemmon Ave Dallas TX 75209,Wed Oct 12 20:20:41 +0000 2016,RT @ATT: Welcome to the team! @taylorswift13 https://t.co/4h86nLYuLo https://t.co/gAHOi7fPrZ,Positive,84.3125,,Twitter
Dallas3,32.8293128,-96.8272358,5616 Lemmon Ave Dallas TX 75209,Wed Oct 12 20:12:17 +0000 2016,"RT @jwgreer3: Report: @ATT largest investor in the US economy, more than Apple, Microsoft and Amazon combined: https://t.co/pUi3UAZ8O2",Positive,81.4165,,Twitter
Dallas3,32.8293128,-96.8272358,5616 Lemmon Ave Dallas TX 75209,Wed Oct 12 20:12:00 +0000 2016,RT @ATT: It’s here! Get a sweet deal on the new iPhone 7 when you switch to AT&amp;T and have DIRECTV. https://t.co/xJbyqHjhMV https://t.co/3Wf…,Positive,98.0584,,Twitter
