Dallas1,32.776664,-96.796988,"208 S Akard Street, Ste 110, Dallas, TX 75202",Sun Oct 09 18:09:43 +0000 2016,RT @fishsports: #Cowboys - #Bengals at @ATT - Doors open. Roof closed. Sun shining for 5 billionth year. https://t.co/pit0vKWtPg,Positive,65.7921,,Twitter
Dallas1,32.776664,-96.796988,"208 S Akard Street, Ste 110, Dallas, TX 75202",Sun Oct 09 18:08:16 +0000 2016,RT @fishsports: #Cowboys - #Bengals at @ATT - Doors open. Roof closed. Sun shining for 5 billionth year. https://t.co/pit0vKWtPg,Positive,65.7921,,Twitter
Dallas1,32.776664,-96.796988,"208 S Akard Street, Ste 110, Dallas, TX 75202",Sun Oct 09 18:07:40 +0000 2016,RT @fishsports: #Cowboys - #Bengals at @ATT - Doors open. Roof closed. Sun shining for 5 billionth year. https://t.co/pit0vKWtPg,Positive,65.7921,,Twitter
Dallas1,32.776664,-96.796988,"208 S Akard Street, Ste 110, Dallas, TX 75202",Sun Oct 09 18:06:25 +0000 2016,RT @fishsports: #Cowboys - #Bengals at @ATT - Doors open. Roof closed. Sun shining for 5 billionth year. https://t.co/pit0vKWtPg,Positive,65.7921,,Twitter
Dallas1,32.776664,-96.796988,"208 S Akard Street, Ste 110, Dallas, TX 75202",Sun Oct 09 18:06:20 +0000 2016,"RT @ATT: To help cust. impacted by #HurricaneMatthew, we're waiving data overages in GA + FL (10/6-11) and NC + SC (10/7-11): https://t.co/…",Neutral,60.9304,,Twitter
Dallas1,32.776664,-96.796988,"208 S Akard Street, Ste 110, Dallas, TX 75202",Sun Oct 09 18:05:48 +0000 2016,RT @fishsports: #Cowboys - #Bengals at @ATT - Doors open. Roof closed. Sun shining for 5 billionth year. https://t.co/pit0vKWtPg,Positive,65.7921,,Twitter
Dallas1,32.776664,-96.796988,"208 S Akard Street, Ste 110, Dallas, TX 75202",Sun Oct 09 18:05:46 +0000 2016,RT @fishsports: #Cowboys - #Bengals at @ATT - Doors open. Roof closed. Sun shining for 5 billionth year. https://t.co/pit0vKWtPg,Positive,65.7921,,Twitter
Dallas1,32.776664,-96.796988,"208 S Akard Street, Ste 110, Dallas, TX 75202",Sun Oct 09 18:05:25 +0000 2016,RT @fishsports: #Cowboys - #Bengals at @ATT - Doors open. Roof closed. Sun shining for 5 billionth year. https://t.co/pit0vKWtPg,Positive,65.7921,,Twitter
Dallas1,32.776664,-96.796988,"208 S Akard Street, Ste 110, Dallas, TX 75202",Sun Oct 09 18:01:00 +0000 2016,RT @ATT: Hey Fayetteville - you’re welcome to come and charge your devices at 1918 Skibo Rd. https://t.co/C27UoaczGj,Neutral,56.6563,,Twitter
Dallas1,32.776664,-96.796988,"208 S Akard Street, Ste 110, Dallas, TX 75202",Sun Oct 09 17:58:18 +0000 2016,RT @ATT: Hey Fayetteville - you’re welcome to come and charge your devices at 1918 Skibo Rd. https://t.co/C27UoaczGj,Neutral,56.6563,,Twitter
Dallas1,32.776664,-96.796988,"208 S Akard Street, Ste 110, Dallas, TX 75202",Sun Oct 09 17:58:14 +0000 2016,"RT @ATT: To help cust. impacted by #HurricaneMatthew, we're waiving data overages in GA + FL (10/6-11) and NC + SC (10/7-11): https://t.co/…",Neutral,60.9304,,Twitter
Dallas1,32.776664,-96.796988,"208 S Akard Street, Ste 110, Dallas, TX 75202",Sun Oct 09 17:56:27 +0000 2016,RT @ATT: Hey Aberdeen - you're welcome to come and charge your devices at 1813 North Sand Hills Blvd. https://t.co/WQkADX2Hk4,Neutral,51.6743,,Twitter
Dallas1,32.776664,-96.796988,"208 S Akard Street, Ste 110, Dallas, TX 75202",Sun Oct 09 17:56:09 +0000 2016,RT @ATT: Hey Fayetteville - you’re welcome to come and charge your devices at 1918 Skibo Rd. https://t.co/C27UoaczGj,Neutral,56.6563,,Twitter
Dallas1,32.776664,-96.796988,"208 S Akard Street, Ste 110, Dallas, TX 75202",Sun Oct 09 17:55:00 +0000 2016,"RT @ATT: Many of you may be without power, you're welcome to come by a store and charge your devices. https://t.co/RaSiHN6N7K https://t.co/…",Positive,80.0892,,Twitter
