Dallas6,Corporate retailer,32.8740567,-96.771404,9100 N Central Expressway Suite 105,75231,Tue Oct 25 23:42:24 +0000 2016,"RT @FridayNghtGlory: No playoff games at AT&amp;T Stadium the first 3 rounds, but The Star may host postseason games the first 5 rounds  https:…",pos,0.8702,general,general,,Twitter
Dallas6,Corporate retailer,32.8740567,-96.771404,9100 N Central Expressway Suite 105,75231,Tue Oct 25 23:42:17 +0000 2016,"@BobsFunGirl Possible alternative plan. I'll see later. I'm just tired of being dicked around by @Uverse, @MLB, and @MLBONFOX.",neg,-0.3054,uverse,general,,Twitter
Dallas6,Corporate retailer,32.8740567,-96.771404,9100 N Central Expressway Suite 105,75231,Tue Oct 25 23:37:38 +0000 2016,"CPS caseworkers, AT&amp;T, Rep. Sam Johnson, death penalty, drug use https://t.co/qcEKqMJgcu #DFW #realestate",pos,0.6288,general,general,,Twitter
Dallas6,Corporate retailer,32.8740567,-96.771404,9100 N Central Expressway Suite 105,75231,Tue Oct 25 23:36:10 +0000 2016,How have Texas lawmakers reacted to @ATT's megamerger? Mostly with silence | https://t.co/e1F0k2g03S @tombenning https://t.co/RgXes9gcyK,neg,-0.4996,general,general,,Twitter
Dallas6,Corporate retailer,32.8740567,-96.771404,9100 N Central Expressway Suite 105,75231,Tue Oct 25 23:35:15 +0000 2016,"RT @FridayNghtGlory: No playoff games at AT&amp;T Stadium the first 3 rounds, but The Star may host postseason games the first 5 rounds  https:…",pos,0.8702,general,general,,Twitter
Dallas6,Corporate retailer,32.8740567,-96.771404,9100 N Central Expressway Suite 105,75231,Tue Oct 25 23:35:05 +0000 2016,"Oh cool, the Series is on Fox broadcast only, which I can't watch via @Uverse on my PC (unlike FS1). Awesome job, everyone. Thanks a lot.",pos,0.9191,uverse,general,,Twitter
Dallas6,Corporate retailer,32.8740567,-96.771404,9100 N Central Expressway Suite 105,75231,Tue Oct 25 23:34:33 +0000 2016,Dallas-based @ATT accused of profiting from decades of #hemisphere #surveillance data. #ATT @SteveBrownDMN… https://t.co/gZmy2Vq0o1,neg,-0.9793,general,general,,Twitter
