Dallas12,Authorized retailer,32.836504,-96.771185,5618 E Mockingbird Lane,75206,Mon Oct 24 00:10:23 +0000 2016,HAPPY to have @DeloitteUS as a #OneUpThat sponsor. Their support will change lives forever! @ATT can you #OneUpThat… https://t.co/mBGIi8KXoD,pos,0.2133,general,general,,Twitter
Dallas12,Authorized retailer,32.836504,-96.771185,5618 E Mockingbird Lane,75206,Mon Oct 24 00:07:45 +0000 2016,RT @ATT: The #futureofvideo is mobile and the #futureofmobile is video. Time Warner + AT&amp;T make it happen! @twxcorp https://t.co/GKx4U9TQYg,neg,-0.6722,general,general,,Twitter
Dallas12,Authorized retailer,32.836504,-96.771185,5618 E Mockingbird Lane,75206,Mon Oct 24 00:07:25 +0000 2016,RT @ATT: The #futureofvideo is mobile and the #futureofmobile is video. Time Warner + AT&amp;T make it happen! @twxcorp https://t.co/GKx4U9TQYg,neg,-0.6722,general,general,,Twitter
Dallas12,Authorized retailer,32.836504,-96.771185,5618 E Mockingbird Lane,75206,Mon Oct 24 00:05:47 +0000 2016,RT @ATT: The #futureofvideo is mobile and the #futureofmobile is video. Time Warner + AT&amp;T make it happen! @twxcorp https://t.co/GKx4U9TQYg,neg,-0.6722,general,general,,Twitter
Dallas12,Authorized retailer,32.836504,-96.771185,5618 E Mockingbird Lane,75206,Sun Oct 23 23:53:22 +0000 2016,RT @ATT: The #futureofvideo is mobile and the #futureofmobile is video. Time Warner + AT&amp;T make it happen! @twxcorp https://t.co/GKx4U9TQYg,neg,-0.6722,general,general,,Twitter
