Dallas3,Corporate retailer,32.8293128,-96.8272358,5616 Lemmon Ave,75209,Sun Oct 23 05:57:35 +0000 2016,RT @ATT: Welcome to the team! @taylorswift13 https://t.co/4h86nLYuLo https://t.co/gAHOi7fPrZ,neg,-0.6483,general,general,,Twitter
Dallas3,Corporate retailer,32.8293128,-96.8272358,5616 Lemmon Ave,75209,Sun Oct 23 05:45:52 +0000 2016,AT&amp;T and Time Warner to announce deal as soon as late Saturday: WSJ https://t.co/TkGuYDYA0v,neg,-0.1966,general,general,,Twitter
Dallas3,Corporate retailer,32.8293128,-96.8272358,5616 Lemmon Ave,75209,Sun Oct 23 05:34:50 +0000 2016,"CNN, HBO, and other content brands will now be owned by AT&amp;T https://t.co/yRlR0PbAYC",pos,0.4151,general,general,,Twitter
Dallas3,Corporate retailer,32.8293128,-96.8272358,5616 Lemmon Ave,75209,Sun Oct 23 05:30:38 +0000 2016,AT&amp;T Uverse having issues for anyone else? #DDoSAttack,pos,0.1759,uverse,general,,Twitter
Dallas3,Corporate retailer,32.8293128,-96.8272358,5616 Lemmon Ave,75209,Sun Oct 23 05:29:50 +0000 2016,RT @ATT: Welcome to the team! @taylorswift13 https://t.co/4h86nLYuLo https://t.co/gAHOi7fPrZ,neg,-0.6483,general,general,,Twitter
Dallas3,Corporate retailer,32.8293128,-96.8272358,5616 Lemmon Ave,75209,Sun Oct 23 05:27:01 +0000 2016,@MattZemek @ATT @TWC @Pac12Network Maybe add some Texas schools? ;),neg,-0.8370,general,general,,Twitter
Dallas3,Corporate retailer,32.8293128,-96.8272358,5616 Lemmon Ave,75209,Sun Oct 23 05:21:28 +0000 2016,RT @ATT: Welcome to the team! @taylorswift13 https://t.co/4h86nLYuLo https://t.co/gAHOi7fPrZ,neg,-0.6483,general,general,,Twitter
Dallas3,Corporate retailer,32.8293128,-96.8272358,5616 Lemmon Ave,75209,Sun Oct 23 05:16:22 +0000 2016,RT @ATT: Welcome to the team! @taylorswift13 https://t.co/4h86nLYuLo https://t.co/gAHOi7fPrZ,neg,-0.6483,general,general,,Twitter
Dallas3,Corporate retailer,32.8293128,-96.8272358,5616 Lemmon Ave,75209,Sun Oct 23 05:15:19 +0000 2016,RT @ATT: Welcome to the team! @taylorswift13 https://t.co/4h86nLYuLo https://t.co/gAHOi7fPrZ,neg,-0.6483,general,general,,Twitter
Dallas3,Corporate retailer,32.8293128,-96.8272358,5616 Lemmon Ave,75209,Sun Oct 23 05:14:52 +0000 2016,RT @ATT: Welcome to the team! @taylorswift13 https://t.co/4h86nLYuLo https://t.co/gAHOi7fPrZ,neg,-0.6483,general,general,,Twitter
Dallas3,Corporate retailer,32.8293128,-96.8272358,5616 Lemmon Ave,75209,Sun Oct 23 05:13:07 +0000 2016,RT @ATT: Welcome to the team! @taylorswift13 https://t.co/4h86nLYuLo https://t.co/gAHOi7fPrZ,neg,-0.6483,general,general,,Twitter
Dallas3,Corporate retailer,32.8293128,-96.8272358,5616 Lemmon Ave,75209,Sun Oct 23 05:08:36 +0000 2016,@DIRECTV please acquire the PAC 12 network,neg,-0.3879,directv,general,,Twitter
Dallas3,Corporate retailer,32.8293128,-96.8272358,5616 Lemmon Ave,75209,Sun Oct 23 05:07:58 +0000 2016,RT @ATT: Get a sweet deal on the new iPhone 7 when you switch to AT&amp;T and have DIRECTV. https://t.co/TQVeUkmeZ6 https://t.co/zfZmNpe8AP,neg,-0.2990,directv,general,,Twitter
