Dallas1,Corporate retailer,32.776664,-96.796988,"208 S Akard Street, Ste 110",75202,Thu Oct 27 16:14:56 +0000 2016,@MurphysLawX @DecksInThePark @ATT you got a costume?,neg,-0.7820,general,general,,Twitter
Dallas1,Corporate retailer,32.776664,-96.796988,"208 S Akard Street, Ste 110",75202,Thu Oct 27 16:08:59 +0000 2016,@xxYannaKixx That's not what we like to hear! Please DM us your account information so we can look into this for you.,neg,-0.1724,general,general,,Twitter
Dallas1,Corporate retailer,32.776664,-96.796988,"208 S Akard Street, Ste 110",75202,Thu Oct 27 16:00:04 +0000 2016,We have a long history of #WomeninSTEM dating back to 1918! Stop by booth 1447 &amp; see what we offer today:… https://t.co/X2iQFIa9zP,pos,0.6534,general,general,,Twitter
Dallas1,Corporate retailer,32.776664,-96.796988,"208 S Akard Street, Ste 110",75202,Thu Oct 27 16:00:03 +0000 2016,So much 💗 for Leonard + Penny. Who's watching @BigBangTheory tonight on @CBS? https://t.co/ilzdUCaN9N,neg,-0.8601,general,general,,Twitter
Dallas1,Corporate retailer,32.776664,-96.796988,"208 S Akard Street, Ste 110",75202,Thu Oct 27 15:43:51 +0000 2016,"RT @DecksInThePark: Get to Klyde Warren Park tonight for the Decks in the Park - Halloween Edition, Powered by @ATT The fun all starts at 6…",neg,-0.6584,general,general,,Twitter
Dallas1,Corporate retailer,32.776664,-96.796988,"208 S Akard Street, Ste 110",75202,Thu Oct 27 15:38:56 +0000 2016,RT @ATT: Get a sweet deal on the new iPhone 7 when you switch to AT&amp;T and have DIRECTV. https://t.co/JO08KrMKj7 https://t.co/tAcB2wPVFO,neg,-0.2990,directv,general,,Twitter
Dallas1,Corporate retailer,32.776664,-96.796988,"208 S Akard Street, Ste 110",75202,Thu Oct 27 15:30:05 +0000 2016,"Get to Klyde Warren Park tonight for the Decks in the Park - Halloween Edition, Powered by @ATT The fun all starts… https://t.co/k2Ahrdrs6R",neg,-0.6812,general,general,,Twitter
Dallas1,Corporate retailer,32.776664,-96.796988,"208 S Akard Street, Ste 110",75202,Thu Oct 27 15:25:02 +0000 2016,RT @ATT: Welcome to the team! @taylorswift13 https://t.co/4h86nLYuLo https://t.co/gAHOi7fPrZ,neg,-0.6483,general,general,,Twitter
Dallas1,Corporate retailer,32.776664,-96.796988,"208 S Akard Street, Ste 110",75202,Thu Oct 27 15:13:02 +0000 2016,"RT @DBJHoopfer: Sneak peek of the brand new Trinity Forest Golf Club, future host of AT&amp;T Byron Nelson (Video) https://t.co/slwxhkjktv via…",neg,-0.4665,general,general,,Twitter
Dallas1,Corporate retailer,32.776664,-96.796988,"208 S Akard Street, Ste 110",75202,Thu Oct 27 15:12:48 +0000 2016,RT @attJOBS: We’re lucky to have a lot of #WomenWhoInspire us at AT&amp;T. Meet a few of them: https://t.co/8juFZJTY20 https://t.co/H6mCC5fGEj,pos,0.1383,general,general,,Twitter
Dallas1,Corporate retailer,32.776664,-96.796988,"208 S Akard Street, Ste 110",75202,Thu Oct 27 15:05:13 +0000 2016,"Sneak peek of the brand new Trinity Forest Golf Club, future host of AT&amp;T Byron Nelson (Video) https://t.co/slwxhkjktv via @DallasBizNews",neg,-0.2013,general,general,,Twitter
Dallas1,Corporate retailer,32.776664,-96.796988,"208 S Akard Street, Ste 110",75202,Thu Oct 27 15:03:43 +0000 2016,RT @attJOBS: We’re lucky to have a lot of #WomenWhoInspire us at AT&amp;T. Meet a few of them: https://t.co/8juFZJTY20 https://t.co/H6mCC5fGEj,pos,0.1383,general,general,,Twitter
