Dallas8,Corporate retailer,32.913273,-96.958064,7800 N. Macarthur Boulevard Suite 150,75063,Sun Oct 23 16:32:11 +0000 2016,"RT @dallasnews: Trump gets litigious, AT&amp;T gets bigger, @TomiLahren wins bigly: Your weekend news digest https://t.co/tjOy7OJCri https://t.…",neg,-0.7070,general,general,,Twitter
Dallas8,Corporate retailer,32.913273,-96.958064,7800 N. Macarthur Boulevard Suite 150,75063,Sun Oct 23 16:32:08 +0000 2016,Have mercy (in my Uncle Jesse voice)! @LukeBryanOnline shimmies and shines during #killthelightstour at @ATTStadium… https://t.co/4dZgefReqk,pos,0.6062,general,general,,Twitter
Dallas8,Corporate retailer,32.913273,-96.958064,7800 N. Macarthur Boulevard Suite 150,75063,Sun Oct 23 16:30:55 +0000 2016,"RT @dallasnews: Trump gets litigious, AT&amp;T gets bigger, @TomiLahren wins bigly: Your weekend news digest https://t.co/tjOy7OJCri https://t.…",neg,-0.7070,general,general,,Twitter
Dallas8,Corporate retailer,32.913273,-96.958064,7800 N. Macarthur Boulevard Suite 150,75063,Sun Oct 23 16:30:31 +0000 2016,"RT @dallasnews: Trump gets litigious, AT&amp;T gets bigger, @TomiLahren wins bigly: Your weekend news digest https://t.co/tjOy7OJCri https://t.…",neg,-0.7070,general,general,,Twitter
Dallas8,Corporate retailer,32.913273,-96.958064,7800 N. Macarthur Boulevard Suite 150,75063,Sun Oct 23 16:30:11 +0000 2016,RT @ATT: The #futureofvideo is mobile and the #futureofmobile is video. Time Warner + AT&amp;T make it happen! @twxcorp https://t.co/GKx4U9TQYg,neg,-0.6722,general,general,,Twitter
