Dallas12,Authorized retailer,32.836504,-96.771185,5618 E Mockingbird Lane,75206,Tue Oct 25 02:19:01 +0000 2016,"RT @dallasnews: .@CNN, @HBO and more: A look at the brands @ATT inherits in its Time Warner deal https://t.co/nVGFN5muR4 | @paul_o_donnell…",neg,-0.3715,general,general,,Twitter
Dallas12,Authorized retailer,32.836504,-96.771185,5618 E Mockingbird Lane,75206,Tue Oct 25 02:18:04 +0000 2016,".@CNN, @HBO and more: A look at the brands @ATT inherits in its Time Warner deal https://t.co/nVGFN5muR4 |… https://t.co/5BByE6S7xA",neg,-0.3715,general,general,,Twitter
Dallas12,Authorized retailer,32.836504,-96.771185,5618 E Mockingbird Lane,75206,Tue Oct 25 02:08:47 +0000 2016,RT @ATT: Welcome to the team! @taylorswift13 https://t.co/4h86nLYuLo https://t.co/gAHOi7fPrZ,neg,-0.6483,general,general,,Twitter
Dallas12,Authorized retailer,32.836504,-96.771185,5618 E Mockingbird Lane,75206,Tue Oct 25 02:06:40 +0000 2016,RT @ATT: The #futureofvideo is mobile and the #futureofmobile is video. Time Warner + AT&amp;T make it happen! @twxcorp https://t.co/GKx4U9TQYg,neg,-0.6722,general,general,,Twitter
Dallas12,Authorized retailer,32.836504,-96.771185,5618 E Mockingbird Lane,75206,Tue Oct 25 02:02:05 +0000 2016,"@ATTCares no, no error code. I've tried rebooting and plug/unplugging",neg,-0.4092,general,general,,Twitter
Dallas12,Authorized retailer,32.836504,-96.771185,5618 E Mockingbird Lane,75206,Tue Oct 25 01:59:33 +0000 2016,".@att the power has been out for 8 hours now, can we get a hotel reservation for this lack of service?",neg,-0.6971,general,general,,Twitter
Dallas12,Authorized retailer,32.836504,-96.771185,5618 E Mockingbird Lane,75206,Tue Oct 25 01:53:26 +0000 2016,RT @ATT: Welcome to the team! @taylorswift13 https://t.co/4h86nLYuLo https://t.co/gAHOi7fPrZ,neg,-0.6483,general,general,,Twitter
