Dallas17,Authorized retailer,32.739229,-96.682466,1530 S Buckner Blvd,75217,Sun Oct 23 22:53:06 +0000 2016,RT @ATT: The #futureofvideo is mobile and the #futureofmobile is video. Time Warner + AT&amp;T make it happen! @twxcorp https://t.co/GKx4U9TQYg,neg,-0.6722,general,general,,Twitter
Dallas17,Authorized retailer,32.739229,-96.682466,1530 S Buckner Blvd,75217,Sun Oct 23 22:52:57 +0000 2016,"AT&amp;T to Purchase Time Warner for $85.4B: Here’s What You Need to Know: In its goal to become a media giant, AT&amp;T… https://t.co/yG1mzZbfHH",pos,0.2475,general,general,,Twitter
Dallas17,Authorized retailer,32.739229,-96.682466,1530 S Buckner Blvd,75217,Sun Oct 23 22:51:48 +0000 2016,RT @irvrealestate: AT&amp;T to Purchase Time Warner for $85.4B: Here’s What You Need to Know https://t.co/UaEs6GVqHH #Tech_Startups,neg,-0.1913,general,general,,Twitter
Dallas17,Authorized retailer,32.739229,-96.682466,1530 S Buckner Blvd,75217,Sun Oct 23 22:51:38 +0000 2016,RT @DFWSmallBiz: #ATT's quarterly results give hints on urgency behind Time Warner deal https://t.co/QolTzZMFr5 #DFW #Tech,neg,-0.6059,general,general,,Twitter
Dallas17,Authorized retailer,32.739229,-96.682466,1530 S Buckner Blvd,75217,Sun Oct 23 22:51:04 +0000 2016,AT&amp;T to Purchase Time Warner for $85.4B: Here’s What You Need to Know https://t.co/UaEs6GVqHH #Tech_Startups,neg,-0.1913,general,general,,Twitter
Dallas17,Authorized retailer,32.739229,-96.682466,1530 S Buckner Blvd,75217,Sun Oct 23 22:50:57 +0000 2016,#ATT's quarterly results give hints on urgency behind Time Warner deal https://t.co/QolTzZMFr5 #DFW #Tech,neg,-0.6059,general,general,,Twitter
Dallas17,Authorized retailer,32.739229,-96.682466,1530 S Buckner Blvd,75217,Sun Oct 23 22:50:56 +0000 2016,#ATT's quarterly results give hints on urgency behind Time Warner deal https://t.co/eZe4bl14Kv #DFW #realestate,neg,-0.6695,general,general,,Twitter
Dallas17,Authorized retailer,32.739229,-96.682466,1530 S Buckner Blvd,75217,Sun Oct 23 22:46:16 +0000 2016,"RT @DanielleDigest: .@ATT to Purchase @TWC for $85.4B: Here’s What You Need to Know
https://t.co/8wSSbVNUVK https://t.co/AhyTPE6l1T",neg,-0.6750,general,general,,Twitter
Dallas17,Authorized retailer,32.739229,-96.682466,1530 S Buckner Blvd,75217,Sun Oct 23 22:45:46 +0000 2016,RT @ATTBusiness: Cybersecurity preparedness starts w/ a strong incident response plan. Get info to help shield your org from attack: https:…,pos,0.9511,general,general,,Twitter
Dallas17,Authorized retailer,32.739229,-96.682466,1530 S Buckner Blvd,75217,Sun Oct 23 22:43:38 +0000 2016,".@ATT to Purchase @TWC for $85.4B: Here’s What You Need to Know
https://t.co/8wSSbVNUVK https://t.co/AhyTPE6l1T",neg,-0.6750,general,general,,Twitter
