Dallas16,Authorized retailer,32.865482,-96.805688,5960 W Northwest Hwy,75225,Tue Oct 25 19:18:13 +0000 2016,"AT&amp;T CEO Stephenson speaks, reveals long-awaited price point for DirecTV Now: AT&amp;T’s first foray into streaming TV… https://t.co/77HfyrT2aN",pos,0.4845,directv,general,,Twitter
Dallas16,Authorized retailer,32.865482,-96.805688,5960 W Northwest Hwy,75225,Tue Oct 25 19:18:10 +0000 2016,"AT&amp;T CEO Stephenson speaks, reveals long-awaited price point for DirecTV Now https://t.co/aI6Fk9WDoE #Dallas",neg,-0.0377,directv,general,,Twitter
Dallas16,Authorized retailer,32.865482,-96.805688,5960 W Northwest Hwy,75225,Tue Oct 25 19:13:17 +0000 2016,"@JenSwirsky Jen, you're making our day! Thanks for the #ATTLove. https://t.co/isGmJhfqMn",pos,0.5931,general,general,,Twitter
Dallas16,Authorized retailer,32.865482,-96.805688,5960 W Northwest Hwy,75225,Tue Oct 25 19:11:38 +0000 2016,DallasBizNews: RT DBJShinneman: Stephenson said some new stuff about DirecTV Now and Time Warner this morning https://t.co/QfjPIqRLFx $T D…,neg,-0.4006,directv,general,,Twitter
Dallas16,Authorized retailer,32.865482,-96.805688,5960 W Northwest Hwy,75225,Tue Oct 25 19:11:34 +0000 2016,RT @DBJShinneman: Stephenson said some new stuff about DirecTV Now and Time Warner this morning https://t.co/fgq2QFh1dC $T @DallasBizNews,neg,-0.4006,directv,general,,Twitter
Dallas16,Authorized retailer,32.865482,-96.805688,5960 W Northwest Hwy,75225,Tue Oct 25 19:10:03 +0000 2016,Stephenson said some new stuff about DirecTV Now and Time Warner this morning https://t.co/fgq2QFh1dC $T @DallasBizNews,neg,-0.4006,directv,general,,Twitter
Dallas16,Authorized retailer,32.865482,-96.805688,5960 W Northwest Hwy,75225,Tue Oct 25 19:03:13 +0000 2016,#ATT announces launch of DirecTV Now for $35 a month https://t.co/QOyfkCUX2v #DFW,neg,-0.2761,directv,general,,Twitter
Dallas16,Authorized retailer,32.865482,-96.805688,5960 W Northwest Hwy,75225,Tue Oct 25 19:02:03 +0000 2016,RT @attJOBS: At the end of an interview you have a chance to make a lasting impression. Take it! Learn how: https://t.co/Fq9rgFL6f3 #Career…,pos,0.6291,general,general,,Twitter
Dallas16,Authorized retailer,32.865482,-96.805688,5960 W Northwest Hwy,75225,Tue Oct 25 19:01:24 +0000 2016,RT @attJOBS: We're helping connect youth to their first jobs by signing on to the White House's First Job Compact. Learn more: https://t.co…,pos,0.8119,general,general,,Twitter
