Dallas3,Corporate retailer,32.8293128,-96.8272358,5616 Lemmon Ave,75209,Wed Oct 26 18:53:54 +0000 2016,RT @ATT: Welcome to the team! @taylorswift13 https://t.co/4h86nLYuLo https://t.co/gAHOi7fPrZ,neg,-0.6483,general,general,,Twitter
Dallas3,Corporate retailer,32.8293128,-96.8272358,5616 Lemmon Ave,75209,Wed Oct 26 18:52:59 +0000 2016,RT @ATT: Get a sweet deal on the new iPhone 7 when you switch to AT&amp;T and have DIRECTV. https://t.co/JO08KrMKj7 https://t.co/tAcB2wPVFO,neg,-0.2990,directv,general,,Twitter
Dallas3,Corporate retailer,32.8293128,-96.8272358,5616 Lemmon Ave,75209,Wed Oct 26 18:49:40 +0000 2016,"""AT&amp;T Could Find a Lesson in Comcast’s Media Merger"" by JENNIFER SABA via NYT The New York Times https://t.co/34zNt64zd6",pos,0.6728,general,general,,Twitter
Dallas3,Corporate retailer,32.8293128,-96.8272358,5616 Lemmon Ave,75209,Wed Oct 26 18:47:40 +0000 2016,RT @ATT: Get a sweet deal on the new iPhone 7 when you switch to AT&amp;T and have DIRECTV. https://t.co/JO08KrMKj7 https://t.co/tAcB2wPVFO,neg,-0.2990,directv,general,,Twitter
Dallas3,Corporate retailer,32.8293128,-96.8272358,5616 Lemmon Ave,75209,Wed Oct 26 18:44:45 +0000 2016,RT @ATT: Welcome to the team! @taylorswift13 https://t.co/4h86nLYuLo https://t.co/gAHOi7fPrZ,neg,-0.6483,general,general,,Twitter
Dallas3,Corporate retailer,32.8293128,-96.8272358,5616 Lemmon Ave,75209,Wed Oct 26 18:38:04 +0000 2016,RT @ATT: Who made you a college 🏈 fan? Share with #MadeMeAFanContest for a chance to win. Rules https://t.co/hU3I3wFn5V https://t.co/seJBJK…,neg,-0.2751,general,general,,Twitter
Dallas3,Corporate retailer,32.8293128,-96.8272358,5616 Lemmon Ave,75209,Wed Oct 26 18:37:54 +0000 2016,RT @ATT: Get a sweet deal on the new iPhone 7 when you switch to AT&amp;T and have DIRECTV. https://t.co/JO08KrMKj7 https://t.co/tAcB2wPVFO,neg,-0.2990,directv,general,,Twitter
Dallas3,Corporate retailer,32.8293128,-96.8272358,5616 Lemmon Ave,75209,Wed Oct 26 18:37:05 +0000 2016,The code names and secret meetings that got the #ATTTimeWarner deal done https://t.co/fOeive0ZXV | @Melissa_Repko https://t.co/HanjJxfLxT,neg,-0.1361,general,general,,Twitter
Dallas3,Corporate retailer,32.8293128,-96.8272358,5616 Lemmon Ave,75209,Wed Oct 26 18:36:50 +0000 2016,The code names and secret meetings that got the AT&amp;T-Time Warner deal done https://t.co/ITNDc47QnK,neg,-0.3227,general,general,,Twitter
Dallas3,Corporate retailer,32.8293128,-96.8272358,5616 Lemmon Ave,75209,Wed Oct 26 18:33:54 +0000 2016,RT @ATT: Get a sweet deal on the new iPhone 7 when you switch to AT&amp;T and have DIRECTV. https://t.co/JO08KrMKj7 https://t.co/tAcB2wPVFO,neg,-0.2990,directv,general,,Twitter
Dallas3,Corporate retailer,32.8293128,-96.8272358,5616 Lemmon Ave,75209,Wed Oct 26 18:31:35 +0000 2016,RT @ATT: Who made you a college 🏈 fan? Share with #MadeMeAFanContest for a chance to win. Rules https://t.co/hU3I3wFn5V https://t.co/seJBJK…,neg,-0.2751,general,general,,Twitter
Dallas3,Corporate retailer,32.8293128,-96.8272358,5616 Lemmon Ave,75209,Wed Oct 26 18:30:58 +0000 2016,RT @ATTBusiness: AT&amp;T Labs is on track to revolutionize the way #AI plays in the network…but that’s not all! More from Mazin Gilbert: https…,pos,0.2142,general,general,,Twitter
Dallas3,Corporate retailer,32.8293128,-96.8272358,5616 Lemmon Ave,75209,Wed Oct 26 18:30:02 +0000 2016,AT&amp;T Labs is on track to revolutionize the way #AI plays in the network…but that’s not all! More from Mazin Gilbert… https://t.co/sLa1dPKUcI,pos,0.0337,general,general,,Twitter
Dallas3,Corporate retailer,32.8293128,-96.8272358,5616 Lemmon Ave,75209,Wed Oct 26 18:29:54 +0000 2016,RT @ATT: Welcome to the team! @taylorswift13 https://t.co/4h86nLYuLo https://t.co/gAHOi7fPrZ,neg,-0.6483,general,general,,Twitter
Dallas3,Corporate retailer,32.8293128,-96.8272358,5616 Lemmon Ave,75209,Wed Oct 26 18:29:52 +0000 2016,AT&amp;T Byron Nelson To Move In 2018 - DFWsportsonline https://t.co/81Rx5BEEVn via @dfwsportsonline,pos,0.2446,general,general,,Twitter
Dallas3,Corporate retailer,32.8293128,-96.8272358,5616 Lemmon Ave,75209,Wed Oct 26 18:24:49 +0000 2016,"RT @JarrettRush: @AnnaLDavis1 @ATT @YourAnonNews From your lips to God's ears, says the AT&amp;T C-suite.",neg,-0.6690,general,general,,Twitter
Dallas3,Corporate retailer,32.8293128,-96.8272358,5616 Lemmon Ave,75209,Wed Oct 26 18:23:47 +0000 2016,RT @ATT: Who made you a college 🏈 fan? Share with #MadeMeAFanContest for a chance to win. Rules https://t.co/hU3I3wFn5V https://t.co/seJBJK…,neg,-0.2751,general,general,,Twitter
