Dallas1,Corporate retailer,32.776664,-96.796988,"208 S Akard Street, Ste 110",75202,Tue Oct 18 22:07:31 +0000 2016,RT @attJOBS: Congrats to our own Daniel Solcher for being awarded Employee of the Year from Careers &amp; the disABLED: https://t.co/1WQo73ExZj…,pos,0.8996,general,general,,Twitter
Dallas1,Corporate retailer,32.776664,-96.796988,"208 S Akard Street, Ste 110",75202,Tue Oct 18 22:07:25 +0000 2016,"RT @attJOBS: We’re lucky to be surrounded by talented #WomenInTech. See how they inspire us: https://t.co/6dp7cmjdey 
#GHC16 https://t.co/O…",neg,-0.3142,general,general,,Twitter
Dallas1,Corporate retailer,32.776664,-96.796988,"208 S Akard Street, Ste 110",75202,Tue Oct 18 22:07:22 +0000 2016,RT @attJOBS: Will you be at #GHC16 this week? Stop by booth 1201 to see how #WomenInSTEM thrive with #LifeAtATT:  https://t.co/9pqF4ueV18,pos,0.3377,general,general,,Twitter
Dallas1,Corporate retailer,32.776664,-96.796988,"208 S Akard Street, Ste 110",75202,Tue Oct 18 22:07:15 +0000 2016,"RT @attJOBS: To all of you out there who help us step up, #HappyNationalBossDay! https://t.co/hgBREvB3ud https://t.co/fxoi064RG8",pos,0.1499,general,general,,Twitter
Dallas1,Corporate retailer,32.776664,-96.796988,"208 S Akard Street, Ste 110",75202,Tue Oct 18 22:04:50 +0000 2016,RT @TaylorHConklin: Images from @ATTBusiness @PartnerExchange Summit. @Tiffani_Bova #IoT https://t.co/9EJoARE8dZ via @Channel_Online #Partn…,pos,0.1116,general,general,,Twitter
Dallas1,Corporate retailer,32.776664,-96.796988,"208 S Akard Street, Ste 110",75202,Tue Oct 18 22:03:38 +0000 2016,RT @JordanSpieth: .@NotahBegay3 with the birdie for Team @ATT at the #SpiethShootout https://t.co/ssL2vULkxd,neg,-0.2741,general,general,,Twitter
Dallas1,Corporate retailer,32.776664,-96.796988,"208 S Akard Street, Ste 110",75202,Tue Oct 18 22:01:53 +0000 2016,RT @ATT: Welcome to the team! @taylorswift13 https://t.co/4h86nLYuLo https://t.co/gAHOi7fPrZ,neg,-0.6483,general,general,,Twitter
Dallas1,Corporate retailer,32.776664,-96.796988,"208 S Akard Street, Ste 110",75202,Tue Oct 18 21:59:59 +0000 2016,RT @ATTBusiness: Let us help you fend off cyberattacks. Sign up to receive our #ATTCyberInsights report to craft the right plan: https://t.…,pos,0.2714,general,general,,Twitter
Dallas1,Corporate retailer,32.776664,-96.796988,"208 S Akard Street, Ste 110",75202,Tue Oct 18 21:59:52 +0000 2016,AT&amp;T gives $28K to promote STEM education in USVI. https://t.co/tINI8GcEkd,neg,-0.2681,general,general,,Twitter
Dallas1,Corporate retailer,32.776664,-96.796988,"208 S Akard Street, Ste 110",75202,Tue Oct 18 21:58:56 +0000 2016,RT @ATTBusiness: Let us help you fend off cyberattacks. Sign up to receive our #ATTCyberInsights report to craft the right plan: https://t.…,pos,0.2714,general,general,,Twitter
Dallas1,Corporate retailer,32.776664,-96.796988,"208 S Akard Street, Ste 110",75202,Tue Oct 18 21:50:11 +0000 2016,RT @attJOBS: Our own Eboni Bell shares how she is inspired by the power of #technology and #education: https://t.co/KZlnndLpNf https://t.co…,pos,0.7727,general,general,,Twitter
Dallas1,Corporate retailer,32.776664,-96.796988,"208 S Akard Street, Ste 110",75202,Tue Oct 18 21:49:26 +0000 2016,RT @ATT: Heading to Cuba? Take your phone along for the trip + stay connected to those back home. https://t.co/euhz4Z6Zbb https://t.co/AiPS…,pos,0.2225,general,general,,Twitter
Dallas1,Corporate retailer,32.776664,-96.796988,"208 S Akard Street, Ste 110",75202,Tue Oct 18 21:49:18 +0000 2016,"RT @attJOBS: We’re lucky to be surrounded by talented #WomenInTech. See how they inspire us: https://t.co/6dp7cmjdey 
#GHC16 https://t.co/O…",neg,-0.3142,general,general,,Twitter
Dallas1,Corporate retailer,32.776664,-96.796988,"208 S Akard Street, Ste 110",75202,Tue Oct 18 21:48:54 +0000 2016,"RT @attJOBS: Through technology, we're helping to connect students with mentors across the country. Here's how: https://t.co/aIHtIbm2d3 #AT…",pos,0.0775,general,general,,Twitter
Dallas1,Corporate retailer,32.776664,-96.796988,"208 S Akard Street, Ste 110",75202,Tue Oct 18 21:44:09 +0000 2016,"RT @attJOBS: Through technology, we're helping to connect students with mentors across the country. Here's how: https://t.co/aIHtIbm2d3 #AT…",pos,0.0775,general,general,,Twitter
Dallas1,Corporate retailer,32.776664,-96.796988,"208 S Akard Street, Ste 110",75202,Tue Oct 18 21:40:55 +0000 2016,@RivalsJohnson @verizon @ATT iPhone,neg,-0.6667,general,general,,Twitter
Dallas1,Corporate retailer,32.776664,-96.796988,"208 S Akard Street, Ste 110",75202,Tue Oct 18 21:36:30 +0000 2016,I'm due for an upgrade and @verizon wants to charge me full price for any phone I get. I'm switching to @ATT.,neg,-0.3970,general,general,,Twitter
Dallas1,Corporate retailer,32.776664,-96.796988,"208 S Akard Street, Ste 110",75202,Tue Oct 18 21:31:23 +0000 2016,RT @JordanSpieth: .@NotahBegay3 with the birdie for Team @ATT at the #SpiethShootout https://t.co/ssL2vULkxd,neg,-0.2741,general,general,,Twitter
Dallas1,Corporate retailer,32.776664,-96.796988,"208 S Akard Street, Ste 110",75202,Tue Oct 18 21:29:07 +0000 2016,RT @ATT: Welcome to the team! @taylorswift13 https://t.co/4h86nLYuLo https://t.co/gAHOi7fPrZ,neg,-0.6483,general,general,,Twitter
Dallas1,Corporate retailer,32.776664,-96.796988,"208 S Akard Street, Ste 110",75202,Tue Oct 18 21:27:49 +0000 2016,"RT @ATT: We’ve invented something so simple, you never saw it coming. https://t.co/BGiXAhWIcU https://t.co/mtFsW0A3Dd",neg,-0.4990,general,general,,Twitter
Dallas1,Corporate retailer,32.776664,-96.796988,"208 S Akard Street, Ste 110",75202,Tue Oct 18 21:23:37 +0000 2016,RT @ATT: Welcome to the team! @taylorswift13 https://t.co/4h86nLYuLo https://t.co/gAHOi7fPrZ,neg,-0.6483,general,general,,Twitter
Dallas1,Corporate retailer,32.776664,-96.796988,"208 S Akard Street, Ste 110",75202,Tue Oct 18 21:23:32 +0000 2016,RT @attJOBS: Tired of small talk? @ajavuu has 48 tips to turn awkward small talk into fully realized conversations: https://t.co/WNVMndfbVH,pos,0.6018,general,general,,Twitter
Dallas1,Corporate retailer,32.776664,-96.796988,"208 S Akard Street, Ste 110",75202,Tue Oct 18 21:19:49 +0000 2016,RT @JordanSpieth: .@NotahBegay3 with the birdie for Team @ATT at the #SpiethShootout https://t.co/ssL2vULkxd,neg,-0.2741,general,general,,Twitter
Dallas1,Corporate retailer,32.776664,-96.796988,"208 S Akard Street, Ste 110",75202,Tue Oct 18 21:19:29 +0000 2016,RT @ConnectToGood: Every young person deserves a mentor. Learn how our employees are inspiring more students nationwide: https://t.co/lwaCI…,pos,0.9835,general,general,,Twitter
Dallas1,Corporate retailer,32.776664,-96.796988,"208 S Akard Street, Ste 110",75202,Tue Oct 18 21:15:36 +0000 2016,RT @ATTBusiness: Let us help you fend off cyberattacks. Sign up to receive our #ATTCyberInsights report to craft the right plan: https://t.…,pos,0.2714,general,general,,Twitter
Dallas1,Corporate retailer,32.776664,-96.796988,"208 S Akard Street, Ste 110",75202,Tue Oct 18 21:10:47 +0000 2016,4 big security threats that make you vulnerable https://t.co/OwUXxaIrti #attemployee https://t.co/aED5CJWU1j,pos,0.3919,general,general,,Twitter
Dallas1,Corporate retailer,32.776664,-96.796988,"208 S Akard Street, Ste 110",75202,Tue Oct 18 21:10:13 +0000 2016,Lead Through Inspiration. An Interview with Denise Bidot https://t.co/uG3IpbvBly #attemployee https://t.co/4UfenY2sLg,pos,0.6733,general,general,,Twitter
Dallas1,Corporate retailer,32.776664,-96.796988,"208 S Akard Street, Ste 110",75202,Tue Oct 18 21:10:07 +0000 2016,AT&amp;T's commitment to the LGBT community #LifeatATT https://t.co/BJMn7YZtmb #attemployee https://t.co/GvlaUsngF9,pos,0.1949,general,general,,Twitter
Dallas1,Corporate retailer,32.776664,-96.796988,"208 S Akard Street, Ste 110",75202,Tue Oct 18 21:10:05 +0000 2016,A day in the life of an AT&amp;T PR maven with @MaddieLittrell #LifeatATT https://t.co/ar0ICQoawP #attemployee https://t.co/fkJmdoPH5n,pos,0.6934,general,general,,Twitter
Dallas1,Corporate retailer,32.776664,-96.796988,"208 S Akard Street, Ste 110",75202,Tue Oct 18 21:10:01 +0000 2016,"Listen: Life At AT&amp;T Podcast ""Vice Presidents"" - with 3 #womenofATT #LifeatATT https://t.co/pwfdVhSNlH #attemployee https://t.co/X4nSY1rZxM",pos,0.3347,general,general,,Twitter
Dallas1,Corporate retailer,32.776664,-96.796988,"208 S Akard Street, Ste 110",75202,Tue Oct 18 21:09:57 +0000 2016,AT&amp;T Debuts Cuba Roaming https://t.co/ymIN75S2l1 #attemployee https://t.co/J0vipo5KqN,neg,-0.1667,general,general,,Twitter
Dallas1,Corporate retailer,32.776664,-96.796988,"208 S Akard Street, Ste 110",75202,Tue Oct 18 21:09:54 +0000 2016,AT&amp;T Fiber Launching in at Least 10 New Metros https://t.co/VKEWPsEK0b #attemployee https://t.co/eg6lR7cA0k,neg,-0.5058,fiber,general,,Twitter
Dallas1,Corporate retailer,32.776664,-96.796988,"208 S Akard Street, Ste 110",75202,Tue Oct 18 21:09:51 +0000 2016,"Women in Tech Q&amp;A: Kay Kapoor - President, AT&amp;T Global Business-Public Sector https://t.co/ZIGLoXYKy8 #attemployee https://t.co/1yiZSL89bQ",pos,0.8077,general,general,,Twitter
Dallas1,Corporate retailer,32.776664,-96.796988,"208 S Akard Street, Ste 110",75202,Tue Oct 18 21:09:46 +0000 2016,4 big security threats that make you vulnerable https://t.co/Z68NNTJk12 #attemployee https://t.co/NK4nGQw7Ym,pos,0.3919,general,general,,Twitter
Dallas1,Corporate retailer,32.776664,-96.796988,"208 S Akard Street, Ste 110",75202,Tue Oct 18 21:07:37 +0000 2016,RT @DBJShinneman: Talked to experts about whether its feasible ATT could make streaming TV the main platform by 2020 https://t.co/0NA9pMG71…,neg,-0.2175,general,general,,Twitter
Dallas1,Corporate retailer,32.776664,-96.796988,"208 S Akard Street, Ste 110",75202,Tue Oct 18 21:03:51 +0000 2016,RT @LayeredSin: AT&amp;T's commitment to the LGBT community #LifeatATT https://t.co/ZJXaOn6LBD #attemployee https://t.co/yDenzSfORI,pos,0.1949,general,general,,Twitter
Dallas1,Corporate retailer,32.776664,-96.796988,"208 S Akard Street, Ste 110",75202,Tue Oct 18 21:00:47 +0000 2016,"Enlightening Q&amp;A Women in Tech: Kay Kapoor - President, AT&amp;T Global Business-Public Sector https://t.co/DeWxvKQhkE… https://t.co/7D7qL4HNQ1",pos,0.8472,general,general,,Twitter
Dallas1,Corporate retailer,32.776664,-96.796988,"208 S Akard Street, Ste 110",75202,Tue Oct 18 20:57:53 +0000 2016,AT&amp;T's commitment to the LGBT community #LifeatATT https://t.co/ZJXaOn6LBD #attemployee https://t.co/yDenzSfORI,pos,0.1949,general,general,,Twitter
Dallas1,Corporate retailer,32.776664,-96.796988,"208 S Akard Street, Ste 110",75202,Tue Oct 18 20:56:36 +0000 2016,RT @DBJShinneman: Talked to experts about whether its feasible ATT could make streaming TV the main platform by 2020 https://t.co/0NA9pMG71…,neg,-0.2175,general,general,,Twitter
Dallas1,Corporate retailer,32.776664,-96.796988,"208 S Akard Street, Ste 110",75202,Tue Oct 18 20:41:45 +0000 2016,Comey Stood in Way Clinton Investigation; Undersecretary Att... https://t.co/5Ufopn61Ft via @YouTube,neg,-0.4897,general,general,,Twitter
Dallas1,Corporate retailer,32.776664,-96.796988,"208 S Akard Street, Ste 110",75202,Tue Oct 18 20:35:32 +0000 2016,"RT @ATTBusiness: A self-healing, self-resilent network w/ #AI opens the door to next-gen technology. Find out how: https://t.co/OrfatAuWXA…",pos,0.1941,general,general,,Twitter
Dallas1,Corporate retailer,32.776664,-96.796988,"208 S Akard Street, Ste 110",75202,Tue Oct 18 20:29:10 +0000 2016,RT @ATT: Welcome to the team! @taylorswift13 https://t.co/4h86nLYuLo https://t.co/gAHOi7fPrZ,neg,-0.6483,general,general,,Twitter
