Dallas4,Corporate retailer,32.8685017,-96.7757012,8687 N Central Expressway Suite 2340,75225,Tue Oct 25 21:59:52 +0000 2016,RT @thescottking: AT&amp;T Undercuts Cable TV With $35 Internet Streaming Service - https://t.co/P53e38mZj4,neg,-0.7810,general,general,,Twitter
Dallas4,Corporate retailer,32.8685017,-96.7757012,8687 N Central Expressway Suite 2340,75225,Tue Oct 25 21:58:37 +0000 2016,RT @thescottking: AT&amp;T Undercuts Cable TV With $35 Internet Streaming Service - https://t.co/P53e38mZj4,neg,-0.7810,general,general,,Twitter
Dallas4,Corporate retailer,32.8685017,-96.7757012,8687 N Central Expressway Suite 2340,75225,Tue Oct 25 21:57:15 +0000 2016,Report: AT&amp;T Being Paid by U.S. Government to Spy on Users https://t.co/3GPuDgc2qD https://t.co/ajeijbKD2e,pos,0.0033,general,general,,Twitter
Dallas4,Corporate retailer,32.8685017,-96.7757012,8687 N Central Expressway Suite 2340,75225,Tue Oct 25 21:56:36 +0000 2016,@DIRECTV @DIRECTVService worst customer service experience I've ever had.  I was a customer for over 4+ yrs and spent thousands.#neveragain,neg,-0.1067,directv,store experience,,Twitter
Dallas4,Corporate retailer,32.8685017,-96.7757012,8687 N Central Expressway Suite 2340,75225,Tue Oct 25 21:50:11 +0000 2016,RT @ATT: Welcome to the team! @taylorswift13 https://t.co/4h86nLYuLo https://t.co/gAHOi7fPrZ,neg,-0.6483,general,general,,Twitter
Dallas4,Corporate retailer,32.8685017,-96.7757012,8687 N Central Expressway Suite 2340,75225,Tue Oct 25 21:46:27 +0000 2016,AT&amp;T Offers Online Service for $35 a Month in Test of a La Carte TV https://t.co/ByfmFhP85E,pos,0.7394,general,general,,Twitter
Dallas4,Corporate retailer,32.8685017,-96.7757012,8687 N Central Expressway Suite 2340,75225,Tue Oct 25 21:40:18 +0000 2016,RT @ATTBusinessCare: Want to reduce your data usage? Find out how https://t.co/7Z4N8mETUe https://t.co/KT6yzQmu2J,neg,-0.4041,general,general,,Twitter
Dallas4,Corporate retailer,32.8685017,-96.7757012,8687 N Central Expressway Suite 2340,75225,Tue Oct 25 21:37:37 +0000 2016,RT @RickTweetTweet: AT&amp;T Employees Break Records for Stop Hunger Now #ATTimpact https://t.co/f7k0rq100P #attemployee https://t.co/pUbfsZkOYe,pos,0.8842,general,general,,Twitter
Dallas4,Corporate retailer,32.8685017,-96.7757012,8687 N Central Expressway Suite 2340,75225,Tue Oct 25 21:37:28 +0000 2016,RT @ATT: Welcome to the team! @taylorswift13 https://t.co/4h86nLYuLo https://t.co/gAHOi7fPrZ,neg,-0.6483,general,general,,Twitter
Dallas4,Corporate retailer,32.8685017,-96.7757012,8687 N Central Expressway Suite 2340,75225,Tue Oct 25 21:36:50 +0000 2016,RT @attJOBS: Our new #SanFrancisco flagship store is restored and ready for the future with our latest technology. Take a look: https://t.c…,pos,0.7603,general,store experience,,Twitter
Dallas4,Corporate retailer,32.8685017,-96.7757012,8687 N Central Expressway Suite 2340,75225,Tue Oct 25 21:35:17 +0000 2016,AT&amp;T Undercuts Cable TV With $35 Internet Streaming Service - https://t.co/P53e38mZj4,neg,-0.7810,general,general,,Twitter
