Dallas3,Corporate retailer,32.8293128,-96.8272358,5616 Lemmon Ave,75209,Thu Oct 20 13:05:32 +0000 2016,"RT @kalebpask: Listen: Life At AT&amp;T Podcast ""Vice Presidents"" - with 3 #womenofATT #LifeatATT https://t.co/lwGGwG5OnJ #attemployee https://…",pos,0.3347,general,general,,Twitter
Dallas3,Corporate retailer,32.8293128,-96.8272358,5616 Lemmon Ave,75209,Thu Oct 20 13:02:51 +0000 2016,RT @attJOBS: At the end of an interview you have a chance to make a lasting impression. Take it! Learn how: https://t.co/Fq9rgFL6f3 #Career…,pos,0.6291,general,general,,Twitter
Dallas3,Corporate retailer,32.8293128,-96.8272358,5616 Lemmon Ave,75209,Thu Oct 20 13:00:04 +0000 2016,Want to create a BYOD policy that meets your business needs? 5 guidelines here. https://t.co/ZSa2VsM740 https://t.co/3Yu9w6wPOG,pos,0.1776,general,general,,Twitter
Dallas3,Corporate retailer,32.8293128,-96.8272358,5616 Lemmon Ave,75209,Thu Oct 20 12:37:38 +0000 2016,RT @ATT: Welcome to the team! @taylorswift13 https://t.co/4h86nLYuLo https://t.co/gAHOi7fPrZ,neg,-0.6483,general,general,,Twitter
Dallas3,Corporate retailer,32.8293128,-96.8272358,5616 Lemmon Ave,75209,Thu Oct 20 12:20:48 +0000 2016,RT @ATT: Welcome to the team! @taylorswift13 https://t.co/4h86nLYuLo https://t.co/gAHOi7fPrZ,neg,-0.6483,general,general,,Twitter
Dallas3,Corporate retailer,32.8293128,-96.8272358,5616 Lemmon Ave,75209,Thu Oct 20 12:16:20 +0000 2016,AT&amp;T hired a NYC social media firm founded earlier this year over the hundreds in Dallas https://t.co/WGWiRSZ8SW #DallasTech,pos,0.4416,general,general,,Twitter
