Dallas15,Authorized retailer,32.853965,-96.769903,5521 Greenville Ave,75206,Mon Oct 24 23:00:02 +0000 2016,Maximize taste + minimize waste w/ #IoT! See how @ndustrialio preserves the nation’s food supply:… https://t.co/eWZTPyv6Jp,neg,-0.8667,general,general,,Twitter
Dallas15,Authorized retailer,32.853965,-96.769903,5521 Greenville Ave,75206,Mon Oct 24 22:55:29 +0000 2016,@Ask_Spectrum So Spectrum buys TWC... So now ATT Buys TWC how does that work? Anyways im happy you bought TWC Now maybe my bill will go down,neg,-0.7615,general,general,,Twitter
Dallas15,Authorized retailer,32.853965,-96.769903,5521 Greenville Ave,75206,Mon Oct 24 22:54:59 +0000 2016,RT @ATT: Get a sweet deal on the new iPhone 7 when you switch to AT&amp;T and have DIRECTV. https://t.co/TQVeUkmeZ6 https://t.co/zfZmNpe8AP,neg,-0.2990,directv,general,,Twitter
Dallas15,Authorized retailer,32.853965,-96.769903,5521 Greenville Ave,75206,Mon Oct 24 22:54:06 +0000 2016,"RT @dallasnews: Trump gets litigious, AT&amp;T gets bigger, @TomiLahren wins bigly: Your weekend news digest https://t.co/tjOy7OJCri https://t.…",neg,-0.7070,general,general,,Twitter
Dallas15,Authorized retailer,32.853965,-96.769903,5521 Greenville Ave,75206,Mon Oct 24 22:53:32 +0000 2016,@GetSpectrum So Spectrum buys TWC... So now ATT Buys TWC how does that work? Anyways im happy you bought TWC Now maybe my bill will go down,neg,-0.7615,general,general,,Twitter
