Dallas12,Authorized retailer,32.836504,-96.771185,5618 E Mockingbird Lane,75206,Mon Oct 24 17:30:36 +0000 2016,RT @DallasInnovates: .@att CEO says $86B deal for @twxcorp would hasten #innovation https://t.co/gOr9K1V9AA https://t.co/1rV7isJMP2,neg,-0.9262,general,general,,Twitter
Dallas12,Authorized retailer,32.836504,-96.771185,5618 E Mockingbird Lane,75206,Mon Oct 24 17:30:36 +0000 2016,@ATT CEO Randall Stephenson confident Time Warner merger will get past regulators https://t.co/QhFBlHyiUe via @dallasnews,pos,0.3010,general,general,,Twitter
Dallas12,Authorized retailer,32.836504,-96.771185,5618 E Mockingbird Lane,75206,Mon Oct 24 17:28:03 +0000 2016,RT @DallasInnovates: .@att CEO says $86B deal for @twxcorp would hasten #innovation https://t.co/gOr9K1V9AA https://t.co/1rV7isJMP2,neg,-0.9262,general,general,,Twitter
Dallas12,Authorized retailer,32.836504,-96.771185,5618 E Mockingbird Lane,75206,Mon Oct 24 17:27:59 +0000 2016,RT @ATT: The #futureofvideo is mobile and the #futureofmobile is video. Time Warner + AT&amp;T make it happen! @twxcorp https://t.co/GKx4U9TQYg,neg,-0.6722,general,general,,Twitter
Dallas12,Authorized retailer,32.836504,-96.771185,5618 E Mockingbird Lane,75206,Mon Oct 24 17:24:20 +0000 2016,.@att CEO says $86B deal for @twxcorp would hasten #innovation https://t.co/gOr9K1V9AA https://t.co/1rV7isJMP2,neg,-0.9262,general,general,,Twitter
Dallas12,Authorized retailer,32.836504,-96.771185,5618 E Mockingbird Lane,75206,Mon Oct 24 17:17:40 +0000 2016,"RT @ATT: #FootballEverywhere, 🍕, @SamsungMobile + @AnthonyAnderson = an epic game day! Watch the full video here: https://t.co/nEg01DkjCB h…",neg,-0.3704,general,general,,Twitter
Dallas12,Authorized retailer,32.836504,-96.771185,5618 E Mockingbird Lane,75206,Mon Oct 24 17:14:39 +0000 2016,RT @ATT: Are you ready for the revolution? Watch the @GreenDay @iHeartRadio Album Release Party now. #iHeartGreenDay https://t.co/ec2gZXKu7U,pos,0.1887,general,general,,Twitter
