Dallas14,Authorized retailer,32.853358,-96.817694,5567 W Lovers Ln,75209,Wed Oct 19 23:58:15 +0000 2016,@DIRECTV I was sexually harassed by 3 members of your staff. I tried to handle this privately thru  website to no avail. Who can I email?,pos,0.7249,directv,general,,Twitter
Dallas14,Authorized retailer,32.853358,-96.817694,5567 W Lovers Ln,75209,Wed Oct 19 23:51:17 +0000 2016,"@ATT I need this fiber in Lubbock, TX!!",neg,-0.8917,fiber,general,,Twitter
Dallas14,Authorized retailer,32.853358,-96.817694,5567 W Lovers Ln,75209,Wed Oct 19 23:44:11 +0000 2016,RT @ATT: Get a sweet deal on the new iPhone 7 when you switch to AT&amp;T and have DIRECTV. https://t.co/TQVeUkmeZ6 https://t.co/zfZmNpe8AP,neg,-0.2990,directv,general,,Twitter
Dallas14,Authorized retailer,32.853358,-96.817694,5567 W Lovers Ln,75209,Wed Oct 19 23:37:27 +0000 2016,"RT @dallasnews: New media agency @Hearts_Science lands @ATT, opens shop in Dallas and plans to employ 100 people https://t.co/f5bPR9R5EQ @m…",pos,0.3322,general,general,,Twitter
Dallas14,Authorized retailer,32.853358,-96.817694,5567 W Lovers Ln,75209,Wed Oct 19 23:35:22 +0000 2016,"New media agency lands @ATT, opens shop in Dallas and plans to employ 100 people https://t.co/DFRmKVwrSP… https://t.co/TzAKIz7Otr",pos,0.3322,general,general,,Twitter
Dallas14,Authorized retailer,32.853358,-96.817694,5567 W Lovers Ln,75209,Wed Oct 19 23:34:12 +0000 2016,RT @ATT: Get a sweet deal on the new iPhone 7 when you switch to AT&amp;T and have DIRECTV. https://t.co/TQVeUkmeZ6 https://t.co/zfZmNpe8AP,neg,-0.2990,directv,general,,Twitter
Dallas14,Authorized retailer,32.853358,-96.817694,5567 W Lovers Ln,75209,Wed Oct 19 23:32:24 +0000 2016,"RT @ATT: Before you vote, grab the remote and tune into the final #debatenight at 8/7c. #UNLVPresDebate https://t.co/afLxTSZMLW",neg,-0.7424,general,general,,Twitter
Dallas14,Authorized retailer,32.853358,-96.817694,5567 W Lovers Ln,75209,Wed Oct 19 23:22:47 +0000 2016,RT @ATT: Get a sweet deal on the new iPhone 7 when you switch to AT&amp;T and have DIRECTV. https://t.co/TQVeUkmeZ6 https://t.co/zfZmNpe8AP,neg,-0.2990,directv,general,,Twitter
Dallas14,Authorized retailer,32.853358,-96.817694,5567 W Lovers Ln,75209,Wed Oct 19 23:21:02 +0000 2016,"RT @ATT: Before you vote, grab the remote and tune into the final #debatenight at 8/7c. #UNLVPresDebate https://t.co/afLxTSZMLW",neg,-0.7424,general,general,,Twitter
Dallas14,Authorized retailer,32.853358,-96.817694,5567 W Lovers Ln,75209,Wed Oct 19 23:15:33 +0000 2016,"RT @RickTweetTweet: Women in Tech Q&amp;A: Kay Kapoor - President, AT&amp;T Global Business-Public Sector #WomeninTech #LifeAtATT https://t.co/SRsJ…",pos,0.8077,general,general,,Twitter
Dallas14,Authorized retailer,32.853358,-96.817694,5567 W Lovers Ln,75209,Wed Oct 19 23:07:13 +0000 2016,"RT @dallasnews: New media agency @Hearts_Science lands @ATT, opens shop in Dallas and plans to employ 100 people https://t.co/f5bPR9R5EQ @m…",pos,0.3322,general,general,,Twitter
Dallas14,Authorized retailer,32.853358,-96.817694,5567 W Lovers Ln,75209,Wed Oct 19 23:04:42 +0000 2016,"RT @ATT: Before you vote, grab the remote and tune into the final #debatenight at 8/7c. #UNLVPresDebate https://t.co/afLxTSZMLW",neg,-0.7424,general,general,,Twitter
Dallas14,Authorized retailer,32.853358,-96.817694,5567 W Lovers Ln,75209,Wed Oct 19 23:00:29 +0000 2016,@ATTCares @SamsungSupport before it EXPLODES!,pos,0.0330,general,general,,Twitter
