Dallas18,Authorized retailer,32.980547,-96.767442,2160 N Coit Rd Ste 141,75080,Sun Oct 23 23:10:09 +0000 2016,AT&amp;T Is Buying Time Warner Because the Future is Google | WIRED https://t.co/u22oROoNSX,pos,0.1523,general,general,,Twitter
Dallas18,Authorized retailer,32.980547,-96.767442,2160 N Coit Rd Ste 141,75080,Sun Oct 23 19:57:43 +0000 2016,AT&amp;T Managing Presidential Emails On Webserver From 1997! https://t.co/WrWOZFd2ii .,pos,0.5257,general,general,,Twitter
Dallas18,Authorized retailer,32.980547,-96.767442,2160 N Coit Rd Ste 141,75080,Sun Oct 23 16:06:30 +0000 2016,AT&amp;T to buy Time Warner for USD 85 billion: (Telecompaper) AT&amp;T has agreed to acquire the media group Time Wa... https://t.co/M2CujYMfry,pos,0.4419,general,general,,Twitter
Dallas18,Authorized retailer,32.980547,-96.767442,2160 N Coit Rd Ste 141,75080,Sun Oct 23 15:36:15 +0000 2016,"AT&amp;T’s new streaming service, DirecTV Now, just got a lot more interesting https://t.co/JMILGqmbbX @scottia https://t.co/3ItJfGzhiv",neg,-0.1283,directv,general,,Twitter
Dallas18,Authorized retailer,32.980547,-96.767442,2160 N Coit Rd Ste 141,75080,Sun Oct 23 15:32:38 +0000 2016,"AT&amp;T’s new streaming service, DirecTV Now, just got a lot more interesting https://t.co/5G7F7mbkwQ https://t.co/IVjIZh26cr",neg,-0.1283,directv,general,,Twitter
Dallas18,Authorized retailer,32.980547,-96.767442,2160 N Coit Rd Ste 141,75080,Sun Oct 23 14:42:11 +0000 2016,How the AT&amp;T-#Time_Warner deal threatens net neutrality https://t.co/1ZkAbf1lXy @scottia https://t.co/Bbw57J4DPJ,pos,0.8338,general,general,,Twitter
Dallas18,Authorized retailer,32.980547,-96.767442,2160 N Coit Rd Ste 141,75080,Sun Oct 23 14:32:35 +0000 2016,😂😂😂😂 #TimeWarner + #ATT = #TWATT https://t.co/NsyvVvFEro,neg,-0.6667,general,general,,Twitter
Dallas18,Authorized retailer,32.980547,-96.767442,2160 N Coit Rd Ste 141,75080,Sun Oct 23 14:07:22 +0000 2016,DRUDGE_REPORT: ATTTIMEWARNERTURNERTBSCNNHBOWARNERBROS DEAL RASIES ANTI-TRUST ISSUES... https://t.co/CIqdfnOnsB,pos,0.5272,general,general,,Twitter
Dallas18,Authorized retailer,32.980547,-96.767442,2160 N Coit Rd Ste 141,75080,Sun Oct 23 13:47:28 +0000 2016,AT&amp;T Managing Presidential Emails On Webserver From 1997! https://t.co/WpRilp7cBV ..,pos,0.5257,general,general,,Twitter
Dallas18,Authorized retailer,32.980547,-96.767442,2160 N Coit Rd Ste 141,75080,Sun Oct 23 13:32:22 +0000 2016,"RT @akamevil: Jarriv jvoi 1 racli mega laide, jme dit nn att c pas elle ; jappelle la Meuf, jvoi c la laide qui décroche, jui parti ni vu n…",neg,-0.3771,general,general,,Twitter
Dallas18,Authorized retailer,32.980547,-96.767442,2160 N Coit Rd Ste 141,75080,Sun Oct 23 08:08:26 +0000 2016,"RT @akamevil: Jarriv jvoi 1 racli mega laide, jme dit nn att c pas elle ; jappelle la Meuf, jvoi c la laide qui décroche, jui parti ni vu n…",neg,-0.3771,general,general,,Twitter
Dallas18,Authorized retailer,32.980547,-96.767442,2160 N Coit Rd Ste 141,75080,Sun Oct 23 08:06:14 +0000 2016,"RT @akamevil: Jarriv jvoi 1 racli mega laide, jme dit nn att c pas elle ; jappelle la Meuf, jvoi c la laide qui décroche, jui parti ni vu n…",neg,-0.3771,general,general,,Twitter
Dallas18,Authorized retailer,32.980547,-96.767442,2160 N Coit Rd Ste 141,75080,Sun Oct 23 07:47:09 +0000 2016,AT&amp;T Managing Presidential Emails On Webserver From 1997! https://t.co/qWryk70RHE ...,pos,0.5257,general,general,,Twitter
Dallas18,Authorized retailer,32.980547,-96.767442,2160 N Coit Rd Ste 141,75080,Sun Oct 23 03:02:47 +0000 2016,#AT_T Is Buying #Time_Warner Because the Future is #Google https://t.co/GfAi7MTK7Z @scottia https://t.co/qjLjYFmaax,pos,0.5281,general,general,,Twitter
Dallas18,Authorized retailer,32.980547,-96.767442,2160 N Coit Rd Ste 141,75080,Sun Oct 23 02:49:44 +0000 2016,AT&amp;T agrees to buy Time Warner for $80 billion https://t.co/fIjKt53ZOS via @DallasBizNews,pos,0.5477,general,general,,Twitter
Dallas18,Authorized retailer,32.980547,-96.767442,2160 N Coit Rd Ste 141,75080,Sun Oct 23 01:47:48 +0000 2016,RT @rogerkinkaid: AT&amp;T Managing Presidential Emails On Webserver From 1997! https://t.co/7U803Gaqtt,pos,0.5257,general,general,,Twitter
Dallas18,Authorized retailer,32.980547,-96.767442,2160 N Coit Rd Ste 141,75080,Sun Oct 23 01:47:09 +0000 2016,AT&amp;T Managing Presidential Emails On Webserver From 1997! https://t.co/7U803Gaqtt,pos,0.5257,general,general,,Twitter
Dallas18,Authorized retailer,32.980547,-96.767442,2160 N Coit Rd Ste 141,75080,Sun Oct 23 00:53:16 +0000 2016,"AT&amp;T to buy HBO, CNN, and the rest of Time Warner for more than $80 billion https://t.co/xdxRDp3FDv via @Verge",pos,0.4303,general,general,,Twitter
Dallas18,Authorized retailer,32.980547,-96.767442,2160 N Coit Rd Ste 141,75080,Sun Oct 23 00:35:09 +0000 2016,Confirmed: #AT_T is buying #Time_Warner for $85.4B in cash and shares https://t.co/Gain8YNbWl @scottia https://t.co/3WHNBgaPaa,pos,0.5630,general,general,,Twitter
Dallas18,Authorized retailer,32.980547,-96.767442,2160 N Coit Rd Ste 141,75080,Sun Oct 23 00:27:40 +0000 2016,"RT @akamevil: Jarriv jvoi 1 racli mega laide, jme dit nn att c pas elle ; jappelle la Meuf, jvoi c la laide qui décroche, jui parti ni vu n…",neg,-0.3771,general,general,,Twitter
Dallas18,Authorized retailer,32.980547,-96.767442,2160 N Coit Rd Ste 141,75080,Sun Oct 23 00:06:11 +0000 2016,Confirmed: AT&amp;T is buying Time Warner for $85.4B in cash and shares https://t.co/zHQtxNDfzA https://t.co/j4dqkqnknk,pos,0.4289,general,general,,Twitter
Dallas18,Authorized retailer,32.980547,-96.767442,2160 N Coit Rd Ste 141,75080,Sat Oct 22 22:36:58 +0000 2016,My @Uverse DVR was unceremoniously updated this morning as I watched. Black hat or preemptive patch update after yesterday. Hmm.,pos,0.0957,uverse,general,,Twitter
Dallas18,Authorized retailer,32.980547,-96.767442,2160 N Coit Rd Ste 141,75080,Sat Oct 22 22:36:43 +0000 2016,"RT @akamevil: Jarriv jvoi 1 racli mega laide, jme dit nn att c pas elle ; jappelle la Meuf, jvoi c la laide qui décroche, jui parti ni vu n…",neg,-0.3771,general,general,,Twitter
Dallas18,Authorized retailer,32.980547,-96.767442,2160 N Coit Rd Ste 141,75080,Sat Oct 22 22:23:20 +0000 2016,18th Annual AT&amp;T Cybersecurity Conference https://t.co/RmcO7T9Dcn,pos,0.8023,general,general,,Twitter
Dallas18,Authorized retailer,32.980547,-96.767442,2160 N Coit Rd Ste 141,75080,Sat Oct 22 19:57:32 +0000 2016,AT&amp;T Managing Presidential Emails On Webserver From 1997! https://t.co/mfkMb0ZGFV .,pos,0.5257,general,general,,Twitter
Dallas18,Authorized retailer,32.980547,-96.767442,2160 N Coit Rd Ste 141,75080,Sat Oct 22 19:56:25 +0000 2016,No @Uverse already sucks. Where will I go when I finally get fed up? https://t.co/clWyY63dKJ,neg,-0.7462,uverse,general,,Twitter
Dallas18,Authorized retailer,32.980547,-96.767442,2160 N Coit Rd Ste 141,75080,Sat Oct 22 19:45:41 +0000 2016,@WSJ I'm gonna have dinner with #MaBell sooner than later. She's been a part of my family's life for more than 60 years. #ATT #TimeWarner,pos,0.3065,general,general,,Twitter
Dallas18,Authorized retailer,32.980547,-96.767442,2160 N Coit Rd Ste 141,75080,Sat Oct 22 19:36:04 +0000 2016,AT&amp;T Agrees to Buy Time Warner for More Than $80 Billion https://t.co/lJedoXaPQ0,pos,0.3169,general,general,,Twitter
Dallas18,Authorized retailer,32.980547,-96.767442,2160 N Coit Rd Ste 141,75080,Sat Oct 22 19:19:27 +0000 2016,"WSJ: AT&amp;T agrees to acquire Time Warner for &gt;$80 billion, deal to be announced shortly https://t.co/8n4VTOFUmU… https://t.co/kaWAI3Y9pJ",pos,0.6861,general,general,,Twitter
Dallas18,Authorized retailer,32.980547,-96.767442,2160 N Coit Rd Ste 141,75080,Sat Oct 22 18:56:18 +0000 2016,DRUDGE_REPORT: Monster Merger: $80B... https://t.co/Wv25WV8RHV,neg,-0.0714,general,general,,Twitter
Dallas18,Authorized retailer,32.980547,-96.767442,2160 N Coit Rd Ste 141,75080,Sat Oct 22 18:54:39 +0000 2016,"RT @akamevil: Jarriv jvoi 1 racli mega laide, jme dit nn att c pas elle ; jappelle la Meuf, jvoi c la laide qui décroche, jui parti ni vu n…",neg,-0.3771,general,general,,Twitter
Dallas18,Authorized retailer,32.980547,-96.767442,2160 N Coit Rd Ste 141,75080,Sat Oct 22 18:54:09 +0000 2016,"RT @akamevil: Jarriv jvoi 1 racli mega laide, jme dit nn att c pas elle ; jappelle la Meuf, jvoi c la laide qui décroche, jui parti ni vu n…",neg,-0.3771,general,general,,Twitter
Dallas18,Authorized retailer,32.980547,-96.767442,2160 N Coit Rd Ste 141,75080,Sat Oct 22 18:45:25 +0000 2016,First @DIRECTV and now Time Warner. @ATT is going all out in cable. https://t.co/Lbl5YbFVSf,neg,-0.8522,directv,general,,Twitter
Dallas18,Authorized retailer,32.980547,-96.767442,2160 N Coit Rd Ste 141,75080,Sat Oct 22 18:26:16 +0000 2016,Wonder if they'll start doing something similar to the ATT+DTV promotion with TWC https://t.co/7ziGCoP5me,neg,-0.2409,general,general,,Twitter
Dallas18,Authorized retailer,32.980547,-96.767442,2160 N Coit Rd Ste 141,75080,Sat Oct 22 18:24:08 +0000 2016,"AT&amp;T Agrees to Buy Time Warner for More Than $80 Billion, via @nytimes https://t.co/XcExhUiBAm",pos,0.5579,general,general,,Twitter
Dallas18,Authorized retailer,32.980547,-96.767442,2160 N Coit Rd Ste 141,75080,Sat Oct 22 18:17:42 +0000 2016,AT&amp;T Agrees to Buy Time Warner for More Than $80 Billion https://t.co/537EUqaYZ1,pos,0.3169,general,general,,Twitter
Dallas18,Authorized retailer,32.980547,-96.767442,2160 N Coit Rd Ste 141,75080,Sat Oct 22 18:02:11 +0000 2016,"AT&amp;T to buy HBO, CNN, and the rest of Time Warner for more than $80 billion https://t.co/gUOIBEjnbj @scottia https://t.co/X8W3mGDKR1",neg,-0.0588,general,general,,Twitter
Dallas18,Authorized retailer,32.980547,-96.767442,2160 N Coit Rd Ste 141,75080,Sat Oct 22 16:39:04 +0000 2016,nypost: RT claireatki: Why AT&amp;T wants Time Warner https://t.co/VnLfsYl2uO via nypost,neg,-0.0280,general,general,,Twitter
Dallas18,Authorized retailer,32.980547,-96.767442,2160 N Coit Rd Ste 141,75080,Sat Oct 22 14:16:22 +0000 2016,FoxNews: Report: ATT agrees in principle to buy Time Warner for $85 billion. https://t.co/Rm8hALplX3,neg,-0.3426,general,general,,Twitter
Dallas18,Authorized retailer,32.980547,-96.767442,2160 N Coit Rd Ste 141,75080,Sat Oct 22 14:07:33 +0000 2016,AT&amp;T Managing Presidential Emails On Webserver From 1997! https://t.co/YlglbZRaxA ..,pos,0.5257,general,general,,Twitter
Dallas18,Authorized retailer,32.980547,-96.767442,2160 N Coit Rd Ste 141,75080,Sat Oct 22 13:35:13 +0000 2016,@williamdmcd @hillfmcd what about getting directv?,neg,-0.0455,directv,general,,Twitter
Dallas18,Authorized retailer,32.980547,-96.767442,2160 N Coit Rd Ste 141,75080,Sat Oct 22 13:15:08 +0000 2016,"RT @akamevil: Jarriv jvoi 1 racli mega laide, jme dit nn att c pas elle ; jappelle la Meuf, jvoi c la laide qui décroche, jui parti ni vu n…",neg,-0.3771,general,general,,Twitter
Dallas18,Authorized retailer,32.980547,-96.767442,2160 N Coit Rd Ste 141,75080,Sat Oct 22 11:45:13 +0000 2016,"RT @akamevil: Jarriv jvoi 1 racli mega laide, jme dit nn att c pas elle ; jappelle la Meuf, jvoi c la laide qui décroche, jui parti ni vu n…",neg,-0.3771,general,general,,Twitter
Dallas18,Authorized retailer,32.980547,-96.767442,2160 N Coit Rd Ste 141,75080,Sat Oct 22 11:35:26 +0000 2016,"RT @akamevil: Jarriv jvoi 1 racli mega laide, jme dit nn att c pas elle ; jappelle la Meuf, jvoi c la laide qui décroche, jui parti ni vu n…",neg,-0.3771,general,general,,Twitter
Dallas18,Authorized retailer,32.980547,-96.767442,2160 N Coit Rd Ste 141,75080,Sat Oct 22 11:17:09 +0000 2016,"RT @akamevil: Jarriv jvoi 1 racli mega laide, jme dit nn att c pas elle ; jappelle la Meuf, jvoi c la laide qui décroche, jui parti ni vu n…",neg,-0.3771,general,general,,Twitter
Dallas18,Authorized retailer,32.980547,-96.767442,2160 N Coit Rd Ste 141,75080,Sat Oct 22 10:46:47 +0000 2016,"RT @akamevil: Jarriv jvoi 1 racli mega laide, jme dit nn att c pas elle ; jappelle la Meuf, jvoi c la laide qui décroche, jui parti ni vu n…",neg,-0.3771,general,general,,Twitter
Dallas18,Authorized retailer,32.980547,-96.767442,2160 N Coit Rd Ste 141,75080,Sat Oct 22 10:31:17 +0000 2016,"RT @akamevil: Jarriv jvoi 1 racli mega laide, jme dit nn att c pas elle ; jappelle la Meuf, jvoi c la laide qui décroche, jui parti ni vu n…",neg,-0.3771,general,general,,Twitter
Dallas18,Authorized retailer,32.980547,-96.767442,2160 N Coit Rd Ste 141,75080,Sat Oct 22 10:28:53 +0000 2016,"RT @akamevil: Jarriv jvoi 1 racli mega laide, jme dit nn att c pas elle ; jappelle la Meuf, jvoi c la laide qui décroche, jui parti ni vu n…",neg,-0.3771,general,general,,Twitter
Dallas18,Authorized retailer,32.980547,-96.767442,2160 N Coit Rd Ste 141,75080,Sat Oct 22 10:27:12 +0000 2016,"RT @akamevil: Jarriv jvoi 1 racli mega laide, jme dit nn att c pas elle ; jappelle la Meuf, jvoi c la laide qui décroche, jui parti ni vu n…",neg,-0.3771,general,general,,Twitter
Dallas18,Authorized retailer,32.980547,-96.767442,2160 N Coit Rd Ste 141,75080,Sat Oct 22 10:17:13 +0000 2016,"RT @akamevil: Jarriv jvoi 1 racli mega laide, jme dit nn att c pas elle ; jappelle la Meuf, jvoi c la laide qui décroche, jui parti ni vu n…",neg,-0.3771,general,general,,Twitter
Dallas18,Authorized retailer,32.980547,-96.767442,2160 N Coit Rd Ste 141,75080,Sat Oct 22 10:10:24 +0000 2016,"RT @akamevil: Jarriv jvoi 1 racli mega laide, jme dit nn att c pas elle ; jappelle la Meuf, jvoi c la laide qui décroche, jui parti ni vu n…",neg,-0.3771,general,general,,Twitter
Dallas18,Authorized retailer,32.980547,-96.767442,2160 N Coit Rd Ste 141,75080,Sat Oct 22 09:47:30 +0000 2016,"RT @akamevil: Jarriv jvoi 1 racli mega laide, jme dit nn att c pas elle ; jappelle la Meuf, jvoi c la laide qui décroche, jui parti ni vu n…",neg,-0.3771,general,general,,Twitter
Dallas18,Authorized retailer,32.980547,-96.767442,2160 N Coit Rd Ste 141,75080,Sat Oct 22 09:05:17 +0000 2016,"RT @akamevil: Jarriv jvoi 1 racli mega laide, jme dit nn att c pas elle ; jappelle la Meuf, jvoi c la laide qui décroche, jui parti ni vu n…",neg,-0.3771,general,general,,Twitter
Dallas18,Authorized retailer,32.980547,-96.767442,2160 N Coit Rd Ste 141,75080,Sat Oct 22 09:00:20 +0000 2016,"RT @akamevil: Jarriv jvoi 1 racli mega laide, jme dit nn att c pas elle ; jappelle la Meuf, jvoi c la laide qui décroche, jui parti ni vu n…",neg,-0.3771,general,general,,Twitter
Dallas18,Authorized retailer,32.980547,-96.767442,2160 N Coit Rd Ste 141,75080,Sat Oct 22 08:59:53 +0000 2016,"RT @akamevil: Jarriv jvoi 1 racli mega laide, jme dit nn att c pas elle ; jappelle la Meuf, jvoi c la laide qui décroche, jui parti ni vu n…",neg,-0.3771,general,general,,Twitter
Dallas18,Authorized retailer,32.980547,-96.767442,2160 N Coit Rd Ste 141,75080,Sat Oct 22 08:56:48 +0000 2016,"RT @akamevil: Jarriv jvoi 1 racli mega laide, jme dit nn att c pas elle ; jappelle la Meuf, jvoi c la laide qui décroche, jui parti ni vu n…",neg,-0.3771,general,general,,Twitter
Dallas18,Authorized retailer,32.980547,-96.767442,2160 N Coit Rd Ste 141,75080,Sat Oct 22 08:53:20 +0000 2016,"RT @akamevil: Jarriv jvoi 1 racli mega laide, jme dit nn att c pas elle ; jappelle la Meuf, jvoi c la laide qui décroche, jui parti ni vu n…",neg,-0.3771,general,general,,Twitter
Dallas18,Authorized retailer,32.980547,-96.767442,2160 N Coit Rd Ste 141,75080,Sat Oct 22 08:52:21 +0000 2016,"RT @akamevil: Jarriv jvoi 1 racli mega laide, jme dit nn att c pas elle ; jappelle la Meuf, jvoi c la laide qui décroche, jui parti ni vu n…",neg,-0.3771,general,general,,Twitter
Dallas18,Authorized retailer,32.980547,-96.767442,2160 N Coit Rd Ste 141,75080,Sat Oct 22 08:51:56 +0000 2016,"Jarriv jvoi 1 racli mega laide, jme dit nn att c pas elle ; jappelle la Meuf, jvoi c la laide qui décroche, jui par… https://t.co/qoUa9esWUd",neg,-0.3771,general,general,,Twitter
Dallas18,Authorized retailer,32.980547,-96.767442,2160 N Coit Rd Ste 141,75080,Sat Oct 22 07:47:24 +0000 2016,AT&amp;T Managing Presidential Emails On Webserver From 1997! https://t.co/XjOh83ELPw ...,pos,0.5257,general,general,,Twitter
Dallas18,Authorized retailer,32.980547,-96.767442,2160 N Coit Rd Ste 141,75080,Sat Oct 22 01:57:22 +0000 2016,AT&amp;T Managing Presidential Emails On Webserver From 1997! https://t.co/ALSZz5DClX,pos,0.5257,general,general,,Twitter
Dallas18,Authorized retailer,32.980547,-96.767442,2160 N Coit Rd Ste 141,75080,Sat Oct 22 00:52:07 +0000 2016,AT&amp;T is close to acquiring Time Warner for $85 billion - AT&amp;T is nearing a deal to acquire Time Warner for $110... https://t.co/XuuHkuWWZ4,pos,0.3826,general,general,,Twitter
Dallas18,Authorized retailer,32.980547,-96.767442,2160 N Coit Rd Ste 141,75080,Fri Oct 21 23:43:10 +0000 2016,AT&amp;T is close to acquiring Time Warner for $85 billion https://t.co/bMVqV5YDkQ @scottia https://t.co/S57gnUew3M,neg,-0.0766,general,general,,Twitter
Dallas18,Authorized retailer,32.980547,-96.767442,2160 N Coit Rd Ste 141,75080,Fri Oct 21 21:15:42 +0000 2016,I just checked in @ATT with #mPLUSPlaces Download today!  https://t.co/kmmkcolVK7,neg,-0.6375,general,general,,Twitter
Dallas18,Authorized retailer,32.980547,-96.767442,2160 N Coit Rd Ste 141,75080,Fri Oct 21 21:06:00 +0000 2016,"AT&amp;T, Time Warner meet on possible merger - report: (Telecompaper) Senior executives at AT&amp;T and Time Warner ... https://t.co/cMx3o9mwan",neg,-0.0472,general,general,,Twitter
Dallas18,Authorized retailer,32.980547,-96.767442,2160 N Coit Rd Ste 141,75080,Fri Oct 21 20:59:04 +0000 2016,Apple 'Monitoring' AT&amp;T's Potential #Time_Warner Acquisition https://t.co/jOX6USflOV @scottia https://t.co/XAx5DPOkym,pos,0.4780,general,general,,Twitter
Dallas18,Authorized retailer,32.980547,-96.767442,2160 N Coit Rd Ste 141,75080,Fri Oct 21 20:43:19 +0000 2016,"WSJ: #Apple has approached Time Warner in recent months, closely monitoring AT&amp;T’s acquisition talks… https://t.co/pxC3DxfqAN",pos,0.9748,general,general,,Twitter
Dallas18,Authorized retailer,32.980547,-96.767442,2160 N Coit Rd Ste 141,75080,Fri Oct 21 19:26:56 +0000 2016,@ATTCares I need help finding out if my phone is payed off,neg,-0.3124,general,general,,Twitter
Dallas18,Authorized retailer,32.980547,-96.767442,2160 N Coit Rd Ste 141,75080,Fri Oct 21 16:10:39 +0000 2016,AT&amp;T said to be “in advanced talks” to purchase Time Warner https://t.co/YTrajWsixN https://t.co/IhAXWT8kjC,neg,-0.0136,general,general,,Twitter
Dallas18,Authorized retailer,32.980547,-96.767442,2160 N Coit Rd Ste 141,75080,Fri Oct 21 15:43:12 +0000 2016,AT&amp;T in 'Advanced Talks' to Acquire CNN and HBO Parent Company #Time_Warner https://t.co/UJ5u15ndmg @scottia https://t.co/stnaLXsgvC,pos,0.2264,general,general,,Twitter
Dallas18,Authorized retailer,32.980547,-96.767442,2160 N Coit Rd Ste 141,75080,Fri Oct 21 15:40:12 +0000 2016,"@FoxNews @WSJ @ATT Nooooo!  I have my ""net"" with them, and AT &amp;T is just awful people say!!",neg,-0.9791,general,general,,Twitter
Dallas18,Authorized retailer,32.980547,-96.767442,2160 N Coit Rd Ste 141,75080,Fri Oct 21 15:35:41 +0000 2016,FoxNews: .WSJ: ATT is in advanced talks to acquire Time Warner as soon as this weekend. https://t.co/52tny9AZfQ,neg,-0.7747,general,general,,Twitter
Dallas18,Authorized retailer,32.980547,-96.767442,2160 N Coit Rd Ste 141,75080,Fri Oct 21 15:25:58 +0000 2016,Report: Time Warner in Advanced Talks With AT&amp;T | Broadcasting &amp; Cable: https://t.co/IbukphMRCr,neg,-0.7556,general,general,,Twitter
Dallas18,Authorized retailer,32.980547,-96.767442,2160 N Coit Rd Ste 141,75080,Fri Oct 21 13:26:04 +0000 2016,AT&amp;T Managing Presidential Emails On Webserver From 1997! https://t.co/oAC4QJUmUy https://t.co/OVd85lLtAO,pos,0.4000,general,general,,Twitter
Dallas18,Authorized retailer,32.980547,-96.767442,2160 N Coit Rd Ste 141,75080,Fri Oct 21 13:26:04 +0000 2016,AT&amp;T Managing Presidential Emails On Webserver From 1997! https://t.co/IVZLWDcEEP,pos,0.5257,general,general,,Twitter
Dallas18,Authorized retailer,32.980547,-96.767442,2160 N Coit Rd Ste 141,75080,Fri Oct 21 07:26:11 +0000 2016,"AT&amp;T, Time Warner Discuss Possible Merger (Report) https://t.co/kMJLcHWBKn @scottia https://t.co/1DJb3sarZQ",pos,0.1490,general,general,,Twitter
Dallas18,Authorized retailer,32.980547,-96.767442,2160 N Coit Rd Ste 141,75080,Thu Oct 20 21:58:06 +0000 2016,"AT&amp;T, Ericsson and Other Market Leaders Join the CBRS Alliance ... - Business Wire (press release)… https://t.co/skCy3hWciq",pos,0.7697,general,general,,Twitter
Dallas18,Authorized retailer,32.980547,-96.767442,2160 N Coit Rd Ste 141,75080,Thu Oct 20 20:46:33 +0000 2016,Report: AT&amp;T and Time Warner holding early discussions about possible merger https://t.co/FXE7bMbBFH https://t.co/a8eDtPKNtu,pos,0.8812,general,general,,Twitter
Dallas18,Authorized retailer,32.980547,-96.767442,2160 N Coit Rd Ste 141,75080,Wed Oct 19 21:11:36 +0000 2016,I just checked in @ATT with #mPLUSPlaces Download today!  https://t.co/kmmkcolVK7,neg,-0.6375,general,general,,Twitter
Dallas18,Authorized retailer,32.980547,-96.767442,2160 N Coit Rd Ste 141,75080,Wed Oct 19 18:43:03 +0000 2016,RT @Teamcandotx: #teamcando #tugglenation We wear Pink because we support Breast Cancer Awareness! #BreastCancerAwarenessMonth #LifeAtATT…,pos,0.3915,general,general,,Twitter
