Dallas5,Corporate retailer,32.8342578,-96.7045404,1152 North Buckner Blvd,75218,Thu Oct 27 20:05:59 +0000 2016,RT @attJOBS: We’re lucky to have a lot of #WomenWhoInspire us at AT&amp;T. Meet a few of them: https://t.co/8juFZJTY20 https://t.co/H6mCC5fGEj,pos,0.1383,general,general,,Twitter
Dallas5,Corporate retailer,32.8342578,-96.7045404,1152 North Buckner Blvd,75218,Thu Oct 27 20:05:27 +0000 2016,RT @ATTBusiness: AT&amp;T Labs is on track to revolutionize the way #AI plays in the network…but that’s not all! More from Mazin Gilbert: https…,pos,0.2142,general,general,,Twitter
Dallas5,Corporate retailer,32.8342578,-96.7045404,1152 North Buckner Blvd,75218,Thu Oct 27 19:59:05 +0000 2016,RT @ATT: Get a sweet deal on the new iPhone 7 when you switch to AT&amp;T and have DIRECTV. https://t.co/JO08KrMKj7 https://t.co/tAcB2wPVFO,neg,-0.2990,directv,general,,Twitter
Dallas5,Corporate retailer,32.8342578,-96.7045404,1152 North Buckner Blvd,75218,Thu Oct 27 19:57:12 +0000 2016,"RT @attJOBS: We have all the #interview tips you need in one list! Learn what to do before, during and after your next interview: https://t…",pos,0.7538,general,general,,Twitter
Dallas5,Corporate retailer,32.8342578,-96.7045404,1152 North Buckner Blvd,75218,Thu Oct 27 19:56:50 +0000 2016,"RT @attJOBS: We have all the #interview tips you need in one list! Learn what to do before, during and after your next interview: https://t…",pos,0.7538,general,general,,Twitter
Dallas5,Corporate retailer,32.8342578,-96.7045404,1152 North Buckner Blvd,75218,Thu Oct 27 19:54:46 +0000 2016,"RT @DecksInThePark: Get to Klyde Warren Park tonight for the Decks in the Park - Halloween Edition, Powered by @ATT The fun all starts at 6…",neg,-0.6584,general,general,,Twitter
Dallas5,Corporate retailer,32.8342578,-96.7045404,1152 North Buckner Blvd,75218,Thu Oct 27 19:53:24 +0000 2016,"Sorry, @ATT: #FCC ruling may put an end to creepy, targeted #advertising plans https://t.co/TZ6dsf3ZGP via @dallasnews #anonymous",pos,0.5899,general,general,,Twitter
Dallas5,Corporate retailer,32.8342578,-96.7045404,1152 North Buckner Blvd,75218,Thu Oct 27 19:51:40 +0000 2016,"RT @DFWSmallBiz: Sorry, #ATT, FCC ruling may put an end to creepy, targeted advertising plans https://t.co/pz8mmbULB9 #DFW #Tech",pos,0.2390,general,general,,Twitter
