Dallas2,Corporate retailer,32.8111091,-96.8092962,3329 Oak Lawn Avenue,75219,Thu Oct 20 16:58:12 +0000 2016,RT @ATTBusiness: Let us help you fend off cyberattacks. Sign up to receive our #ATTCyberInsights report to craft the right plan: https://t.…,pos,0.2714,general,general,,Twitter
Dallas2,Corporate retailer,32.8111091,-96.8092962,3329 Oak Lawn Avenue,75219,Thu Oct 20 16:50:00 +0000 2016,"DFW: Win Tickets To ‘Luke Bryan’ Saturday, October 22nd At AT&amp;T Stadium https://t.co/JuQwaAzzX3",pos,0.9009,general,general,,Twitter
Dallas2,Corporate retailer,32.8111091,-96.8092962,3329 Oak Lawn Avenue,75219,Thu Oct 20 16:50:00 +0000 2016,"DFW: Win Tickets To ‘Luke Bryan’ Saturday, October 22nd At AT&amp;T Stadium https://t.co/wntCQ0qQgB",pos,0.9009,general,general,,Twitter
Dallas2,Corporate retailer,32.8111091,-96.8092962,3329 Oak Lawn Avenue,75219,Thu Oct 20 16:40:01 +0000 2016,RT @ATT: Welcome to the team! @taylorswift13 https://t.co/4h86nLYuLo https://t.co/gAHOi7fPrZ,neg,-0.6483,general,general,,Twitter
Dallas2,Corporate retailer,32.8111091,-96.8092962,3329 Oak Lawn Avenue,75219,Thu Oct 20 16:35:01 +0000 2016,Visit us at career fair booth 1201 to learn about our technology development program: https://t.co/RpP7quJNKu https://t.co/4kVKnBuc8T,pos,0.0950,general,general,,Twitter
Dallas2,Corporate retailer,32.8111091,-96.8092962,3329 Oak Lawn Avenue,75219,Thu Oct 20 16:31:47 +0000 2016,.@TWC and .@att :  If you add any channel/partnership with #TrumpTVN I will cancel my service &amp; convince everyone I know to do likewise,neg,-0.5740,general,general,,Twitter
Dallas2,Corporate retailer,32.8111091,-96.8092962,3329 Oak Lawn Avenue,75219,Thu Oct 20 16:28:14 +0000 2016,"200 patents during Dale's career @ATT. Thanks to him, I just used my phone to set my @DIRECTV DVR for @insecurehbo! 
https://t.co/4pQWCjnAfn",neg,-0.0152,directv,general,,Twitter
Dallas2,Corporate retailer,32.8111091,-96.8092962,3329 Oak Lawn Avenue,75219,Thu Oct 20 16:23:43 +0000 2016,"Fox and CBS, you might recall, are the big holdups remaining for DirecTV Now",neg,-0.9184,directv,general,,Twitter
Dallas2,Corporate retailer,32.8111091,-96.8092962,3329 Oak Lawn Avenue,75219,Thu Oct 20 16:17:01 +0000 2016,AT&amp;T Selling Internet of Things Data Plans (T) - Investopedia https://t.co/aibRIxI1KK https://t.co/pbpK4WFIRq,neg,-0.1548,general,general,,Twitter
Dallas2,Corporate retailer,32.8111091,-96.8092962,3329 Oak Lawn Avenue,75219,Thu Oct 20 16:07:10 +0000 2016,@jimhoff7 You are a potential winner of AT&amp;T Pebble Beach sweeps. If you live in CT or MA respond w/your email &amp; phone number w/in 24 hrs.,pos,0.7940,general,general,,Twitter
Dallas2,Corporate retailer,32.8111091,-96.8092962,3329 Oak Lawn Avenue,75219,Thu Oct 20 16:03:13 +0000 2016,RT @7onashoestring: Have you downloaded the @ItCanWait DriveMode app? It's a perfect tool for the 21-Day #ItCanWait Challenge! #sponsor htt…,pos,0.9596,general,general,,Twitter
Dallas2,Corporate retailer,32.8111091,-96.8092962,3329 Oak Lawn Avenue,75219,Thu Oct 20 16:00:35 +0000 2016,RT @attJOBS: Share what you love about technology with our customers. Now Hiring throughout the Bay Area! https://t.co/ig3a1FgKS4 https://t…,pos,0.8703,general,general,,Twitter
Dallas2,Corporate retailer,32.8111091,-96.8092962,3329 Oak Lawn Avenue,75219,Thu Oct 20 16:00:32 +0000 2016,"Women in Tech Q&amp;A: Kay Kapoor - President, AT&amp;T Global Business-Public Sector https://t.co/4ZvFqNsU3a #attemployee https://t.co/vsvoyBQ2OB",pos,0.8077,general,general,,Twitter
Dallas2,Corporate retailer,32.8111091,-96.8092962,3329 Oak Lawn Avenue,75219,Thu Oct 20 15:59:37 +0000 2016,RT @7onashoestring: Have you downloaded the @ItCanWait DriveMode app? It's a perfect tool for the 21-Day #ItCanWait Challenge! #sponsor htt…,pos,0.9596,general,general,,Twitter
Dallas2,Corporate retailer,32.8111091,-96.8092962,3329 Oak Lawn Avenue,75219,Thu Oct 20 15:56:42 +0000 2016,"@JoeFalinski Should be fine, Joe! Have a great time, we hope you get that perfect picture for the most likes ever!… https://t.co/JUhe8383yC",pos,0.7638,general,general,,Twitter
Dallas2,Corporate retailer,32.8111091,-96.8092962,3329 Oak Lawn Avenue,75219,Thu Oct 20 15:55:06 +0000 2016,RT @ATT: Welcome to the team! @taylorswift13 https://t.co/4h86nLYuLo https://t.co/gAHOi7fPrZ,neg,-0.6483,general,general,,Twitter
Dallas2,Corporate retailer,32.8111091,-96.8092962,3329 Oak Lawn Avenue,75219,Thu Oct 20 15:54:17 +0000 2016,RT @ATT: Who made you a college 🏈 fan? Share with #MadeMeAFanContest for a chance to win. Rules https://t.co/hU3I3wFn5V https://t.co/xZbxUJ…,neg,-0.2751,general,general,,Twitter
Dallas2,Corporate retailer,32.8111091,-96.8092962,3329 Oak Lawn Avenue,75219,Thu Oct 20 15:51:34 +0000 2016,RT @7onashoestring: Have you downloaded the @ItCanWait DriveMode app? It's a perfect tool for the 21-Day #ItCanWait Challenge! #sponsor htt…,pos,0.9596,general,general,,Twitter
Dallas2,Corporate retailer,32.8111091,-96.8092962,3329 Oak Lawn Avenue,75219,Thu Oct 20 15:50:47 +0000 2016,RT @7onashoestring: Have you downloaded the @ItCanWait DriveMode app? It's a perfect tool for the 21-Day #ItCanWait Challenge! #sponsor htt…,pos,0.9596,general,general,,Twitter
Dallas2,Corporate retailer,32.8111091,-96.8092962,3329 Oak Lawn Avenue,75219,Thu Oct 20 15:49:03 +0000 2016,Have you downloaded the @ItCanWait DriveMode app? It's a perfect tool for the 21-Day #ItCanWait Challenge! #sponsor https://t.co/ztfJysveWv,pos,0.9596,general,general,,Twitter
Dallas2,Corporate retailer,32.8111091,-96.8092962,3329 Oak Lawn Avenue,75219,Thu Oct 20 15:36:20 +0000 2016,RT @ATT: Get a sweet deal on the new iPhone 7 when you switch to AT&amp;T and have DIRECTV. https://t.co/TQVeUkmeZ6 https://t.co/zfZmNpe8AP,neg,-0.2990,directv,general,,Twitter
Dallas2,Corporate retailer,32.8111091,-96.8092962,3329 Oak Lawn Avenue,75219,Thu Oct 20 15:23:45 +0000 2016,RT @ATT: Get a sweet deal on the new iPhone 7 when you switch to AT&amp;T and have DIRECTV. https://t.co/TQVeUkmeZ6 https://t.co/zfZmNpe8AP,neg,-0.2990,directv,general,,Twitter
Dallas2,Corporate retailer,32.8111091,-96.8092962,3329 Oak Lawn Avenue,75219,Thu Oct 20 15:10:07 +0000 2016,RT @ATT: Who made you a college 🏈 fan? Share with #MadeMeAFanContest for a chance to win. Rules https://t.co/hU3I3wFn5V https://t.co/xZbxUJ…,neg,-0.2751,general,general,,Twitter
Dallas2,Corporate retailer,32.8111091,-96.8092962,3329 Oak Lawn Avenue,75219,Thu Oct 20 15:09:56 +0000 2016,"@JohnSmiith_WD @ATT Sadly, that seems to be the trend. The price is going to have to drop considerably for me to consider gigapower.",neg,-0.8347,general,general,,Twitter
Dallas2,Corporate retailer,32.8111091,-96.8092962,3329 Oak Lawn Avenue,75219,Thu Oct 20 15:06:37 +0000 2016,"Macs are cheaper for businesses, and even IBM says so https://t.co/HAy58slizz via @Recode #ATT @att",neg,-0.3222,general,general,,Twitter
Dallas2,Corporate retailer,32.8111091,-96.8092962,3329 Oak Lawn Avenue,75219,Thu Oct 20 15:05:58 +0000 2016,RT @ATT: Who made you a college 🏈 fan? Share with #MadeMeAFanContest for a chance to win. Rules https://t.co/hU3I3wFn5V https://t.co/xZbxUJ…,neg,-0.2751,general,general,,Twitter
Dallas2,Corporate retailer,32.8111091,-96.8092962,3329 Oak Lawn Avenue,75219,Thu Oct 20 14:52:34 +0000 2016,"@DIRECTV @DIRECTVSports @DIRECTVService Where is NBA League Pass? It's usually available in preseason, regular season starts in 5 days!",pos,0.2156,directv,general,,Twitter
Dallas2,Corporate retailer,32.8111091,-96.8092962,3329 Oak Lawn Avenue,75219,Thu Oct 20 14:48:59 +0000 2016,RT @JohnNordberg: A day in the life of an AT&amp;T PR maven with @MaddieLittrell #LifeatATT https://t.co/tCY2KB9iMW #attemployee https://t.co/e…,pos,0.6934,general,general,,Twitter
Dallas2,Corporate retailer,32.8111091,-96.8092962,3329 Oak Lawn Avenue,75219,Thu Oct 20 14:43:40 +0000 2016,See you there! (Tickets still available!) https://t.co/WcQhpDdGvr,pos,0.4692,general,general,,Twitter
Dallas2,Corporate retailer,32.8111091,-96.8092962,3329 Oak Lawn Avenue,75219,Thu Oct 20 14:30:52 +0000 2016,"New IoT #Security Guidelines | AT&amp;T Networking Exchange Blog https://t.co/nhvJwCnsjF, #IoT,#employee",neg,-0.7287,general,general,,Twitter
Dallas2,Corporate retailer,32.8111091,-96.8092962,3329 Oak Lawn Avenue,75219,Thu Oct 20 14:28:39 +0000 2016,The 2000 contested Presidential election https://t.co/q1Hw64NrYN,neg,-0.2350,general,general,,Twitter
Dallas2,Corporate retailer,32.8111091,-96.8092962,3329 Oak Lawn Avenue,75219,Thu Oct 20 14:17:40 +0000 2016,RT @ATT: Heading to Cuba? Take your phone along for the trip + stay connected to those back home. https://t.co/euhz4Z6Zbb https://t.co/AiPS…,pos,0.2225,general,general,,Twitter
Dallas2,Corporate retailer,32.8111091,-96.8092962,3329 Oak Lawn Avenue,75219,Thu Oct 20 14:17:05 +0000 2016,RT @ATT: Welcome to the team! @taylorswift13 https://t.co/4h86nLYuLo https://t.co/gAHOi7fPrZ,neg,-0.6483,general,general,,Twitter
Dallas2,Corporate retailer,32.8111091,-96.8092962,3329 Oak Lawn Avenue,75219,Thu Oct 20 14:12:19 +0000 2016,RT @ATT: Welcome to the team! @taylorswift13 https://t.co/4h86nLYuLo https://t.co/gAHOi7fPrZ,neg,-0.6483,general,general,,Twitter
Dallas2,Corporate retailer,32.8111091,-96.8092962,3329 Oak Lawn Avenue,75219,Thu Oct 20 14:12:10 +0000 2016,.@ATT Executive Shares Experience with #Marketing Students at @udallascob@UofDallas https://t.co/rg4EdIcla4 https://t.co/SNPagCOect,neg,-0.0350,general,store experience,,Twitter
Dallas2,Corporate retailer,32.8111091,-96.8092962,3329 Oak Lawn Avenue,75219,Thu Oct 20 14:03:30 +0000 2016,RT @ATT: Get a sweet deal on the new iPhone 7 when you switch to AT&amp;T and have DIRECTV. https://t.co/TQVeUkmeZ6 https://t.co/zfZmNpe8AP,neg,-0.2990,directv,general,,Twitter
Dallas2,Corporate retailer,32.8111091,-96.8092962,3329 Oak Lawn Avenue,75219,Thu Oct 20 14:00:58 +0000 2016,RT @ATT: Welcome to the team! @taylorswift13 https://t.co/4h86nLYuLo https://t.co/gAHOi7fPrZ,neg,-0.6483,general,general,,Twitter
Dallas2,Corporate retailer,32.8111091,-96.8092962,3329 Oak Lawn Avenue,75219,Thu Oct 20 14:00:18 +0000 2016,"@hammackgeo we love your soccer passion! Follow and DM us, we have something for you! #SoccerEverywhere",pos,0.5359,general,general,,Twitter
Dallas2,Corporate retailer,32.8111091,-96.8092962,3329 Oak Lawn Avenue,75219,Thu Oct 20 13:52:11 +0000 2016,"@danmacyDC Hi Dan, we're on it! Our Care team will be reaching out for more details. Look for a message from @ATTCares. Make sure to follow!",pos,0.8276,general,general,,Twitter
