Dallas7,Corporate retailer,32.8957338,-96.8079243,5959 Royal Lane,75230,Sun Oct 23 18:28:14 +0000 2016,Huge Stadium Club expects that fans with a taste for the Cowboys won't leave it feeling empty https://t.co/nGAFecJQhR #DFW,pos,0.5371,general,general,,Twitter
Dallas7,Corporate retailer,32.8957338,-96.8079243,5959 Royal Lane,75230,Sun Oct 23 18:27:05 +0000 2016,RT @ATT: The #futureofvideo is mobile and the #futureofmobile is video. Time Warner + AT&amp;T make it happen! @twxcorp https://t.co/GKx4U9TQYg,neg,-0.6722,general,general,,Twitter
Dallas7,Corporate retailer,32.8957338,-96.8079243,5959 Royal Lane,75230,Sun Oct 23 18:26:42 +0000 2016,RT @ATT: The #futureofvideo is mobile and the #futureofmobile is video. Time Warner + AT&amp;T make it happen! @twxcorp https://t.co/GKx4U9TQYg,neg,-0.6722,general,general,,Twitter
Dallas7,Corporate retailer,32.8957338,-96.8079243,5959 Royal Lane,75230,Sun Oct 23 18:25:47 +0000 2016,RT @ATT: The #futureofvideo is mobile and the #futureofmobile is video. Time Warner + AT&amp;T make it happen! @twxcorp https://t.co/GKx4U9TQYg,neg,-0.6722,general,general,,Twitter
Dallas7,Corporate retailer,32.8957338,-96.8079243,5959 Royal Lane,75230,Sun Oct 23 18:24:51 +0000 2016,"RT @dallasnews: Trump gets litigious, AT&amp;T gets bigger, @TomiLahren wins bigly: Your weekend news digest https://t.co/tjOy7OJCri https://t.…",neg,-0.7070,general,general,,Twitter
Dallas7,Corporate retailer,32.8957338,-96.8079243,5959 Royal Lane,75230,Sun Oct 23 18:18:24 +0000 2016,"RT @dallasnews: New media agency @Hearts_Science lands @ATT, opens shop in Dallas and plans to employ 100 people https://t.co/f5bPR9R5EQ @m…",pos,0.3322,general,general,,Twitter
Dallas7,Corporate retailer,32.8957338,-96.8079243,5959 Royal Lane,75230,Sun Oct 23 18:18:01 +0000 2016,@DK0021 @TWC @ATT and fuck time warner lol,neg,-0.9659,general,general,,Twitter
Dallas7,Corporate retailer,32.8957338,-96.8079243,5959 Royal Lane,75230,Sun Oct 23 18:17:43 +0000 2016,@DK0021 @TWC @ATT ive had att uverse for a bit now. I came from fios but uverse is pretty good so far,neg,-0.7065,uverse,general,,Twitter
Dallas7,Corporate retailer,32.8957338,-96.8079243,5959 Royal Lane,75230,Sun Oct 23 18:15:42 +0000 2016,"New media agency @Hearts_Science lands @ATT, opens shop in Dallas and plans to employ 100 people… https://t.co/ZhNktrU4U7",pos,0.2705,general,general,,Twitter
Dallas7,Corporate retailer,32.8957338,-96.8079243,5959 Royal Lane,75230,Sun Oct 23 18:13:53 +0000 2016,RT @dallasnews: Luke Bryan shimmies and shines during 'Kill the Lights' tour at AT&amp;T Stadium on Saturday https://t.co/OltIElsT2s,pos,0.9755,general,general,,Twitter
