Dallas17,Authorized retailer,32.739229,-96.682466,1530 S Buckner Blvd,75217,Sun Oct 23 01:39:07 +0000 2016,"RT @dallasnews: Commentary: Can AT&amp;T and Time Warner avoid a left-brain, right-brain culture clash? | @MitchSchnur  https://t.co/gq05uvRnUA…",pos,0.6571,general,general,,Twitter
Dallas17,Authorized retailer,32.739229,-96.682466,1530 S Buckner Blvd,75217,Sun Oct 23 01:38:39 +0000 2016,"If @TomWheelerFCC has any spine left, he should block ATT and Time Warner. Or at least have ATT fire all of their current executives.",neg,-0.7522,general,general,,Twitter
Dallas17,Authorized retailer,32.739229,-96.682466,1530 S Buckner Blvd,75217,Sun Oct 23 01:38:01 +0000 2016,"Commentary: Can AT&amp;T and Time Warner avoid a left-brain, right-brain culture clash? | @MitchSchnur… https://t.co/p7j9unDWDA",pos,0.6571,general,general,,Twitter
Dallas17,Authorized retailer,32.739229,-96.682466,1530 S Buckner Blvd,75217,Sun Oct 23 01:37:02 +0000 2016,"RT @zombieparmesan: It’s official: AT&amp;T is buying Time Warner. So, get ready to lose your unlimited data plans TWC Internet users. #FCC #AT…",pos,0.0628,general,general,,Twitter
Dallas17,Authorized retailer,32.739229,-96.682466,1530 S Buckner Blvd,75217,Sun Oct 23 01:36:51 +0000 2016,RT @ATT: The #futureofvideo is mobile and the #futureofmobile is video. Time Warner + AT&amp;T make it happen! @twxcorp https://t.co/GKx4U9TQYg,neg,-0.6722,general,general,,Twitter
Dallas17,Authorized retailer,32.739229,-96.682466,1530 S Buckner Blvd,75217,Sun Oct 23 01:36:16 +0000 2016,RT @ATT: The #futureofvideo is mobile and the #futureofmobile is video. Time Warner + AT&amp;T make it happen! @twxcorp https://t.co/GKx4U9TQYg,neg,-0.6722,general,general,,Twitter
Dallas17,Authorized retailer,32.739229,-96.682466,1530 S Buckner Blvd,75217,Sun Oct 23 01:36:01 +0000 2016,RT @ATT: The #futureofvideo is mobile and the #futureofmobile is video. Time Warner + AT&amp;T make it happen! @twxcorp https://t.co/GKx4U9TQYg,neg,-0.6722,general,general,,Twitter
Dallas17,Authorized retailer,32.739229,-96.682466,1530 S Buckner Blvd,75217,Sun Oct 23 01:34:20 +0000 2016,RT @DougMagditch: It's official: AT&amp;T to Acquire Time Warner ... I'm so excited for the future of our company! https://t.co/soDLs4C87o #att…,pos,0.0373,general,general,,Twitter
Dallas17,Authorized retailer,32.739229,-96.682466,1530 S Buckner Blvd,75217,Sun Oct 23 01:34:15 +0000 2016,RT @DougMagditch: It's official: AT&amp;T to Acquire Time Warner ... I'm so excited for the future of our company! https://t.co/soDLs4C87o #att…,pos,0.0373,general,general,,Twitter
Dallas17,Authorized retailer,32.739229,-96.682466,1530 S Buckner Blvd,75217,Sun Oct 23 01:33:54 +0000 2016,Didn't we have to break AT&amp;T up once before? https://t.co/F2GGIRFUZg,pos,0.0529,general,general,,Twitter
Dallas17,Authorized retailer,32.739229,-96.682466,1530 S Buckner Blvd,75217,Sun Oct 23 01:33:09 +0000 2016,RT @dallasnews: Donald Trump says he would block AT&amp;T-Time Warner merger if elected  https://t.co/XmCbKogRWi https://t.co/30j3wwnrTl,neg,-0.4092,general,general,,Twitter
