Dallas16,Authorized retailer,32.865482,-96.805688,5960 W Northwest Hwy,75225,Thu Oct 27 00:22:50 +0000 2016,'Counter to Public Good': Sanders Urges DOJ to Reject AT&amp;T-Time Warner Deal https://t.co/Bc25Y4izAV,neg,-0.6880,general,general,,Twitter
Dallas16,Authorized retailer,32.865482,-96.805688,5960 W Northwest Hwy,75225,Thu Oct 27 00:22:44 +0000 2016,"TIX🏈https://t.co/fZSud91UBX🏈0️⃣- PARKING, PHILADELPHIA EAGLES VS DALLAS #Cowboys, @ ATT STADIUM, 10/30 /2016… https://t.co/8EFnT3Ta1E",neg,-0.7672,general,general,,Twitter
Dallas16,Authorized retailer,32.865482,-96.805688,5960 W Northwest Hwy,75225,Thu Oct 27 00:22:38 +0000 2016,'Counter to Public Good': Sanders Urges DOJ to Reject AT&amp;T-Time Warner Deal - https://t.co/gl5kPZq4Bv,neg,-0.6880,general,general,,Twitter
Dallas16,Authorized retailer,32.865482,-96.805688,5960 W Northwest Hwy,75225,Thu Oct 27 00:22:07 +0000 2016,RT @ATT: Who made you a college 🏈 fan? Share with #MadeMeAFanContest for a chance to win. Rules https://t.co/hU3I3wFn5V https://t.co/seJBJK…,neg,-0.2751,general,general,,Twitter
Dallas16,Authorized retailer,32.865482,-96.805688,5960 W Northwest Hwy,75225,Thu Oct 27 00:16:50 +0000 2016,RT @ATT: Who made you a college 🏈 fan? Share with #MadeMeAFanContest for a chance to win. Rules https://t.co/hU3I3wFn5V https://t.co/seJBJK…,neg,-0.2751,general,general,,Twitter
Dallas16,Authorized retailer,32.865482,-96.805688,5960 W Northwest Hwy,75225,Thu Oct 27 00:11:18 +0000 2016,RT @ATT: Welcome to the team! @taylorswift13 https://t.co/4h86nLYuLo https://t.co/gAHOi7fPrZ,neg,-0.6483,general,general,,Twitter
Dallas16,Authorized retailer,32.865482,-96.805688,5960 W Northwest Hwy,75225,Thu Oct 27 00:00:10 +0000 2016,Five FC #Dallas Goals up for AT&amp;T MLS Goal of the Year https://t.co/tN5uxNM19P,pos,0.4137,general,general,,Twitter
Dallas16,Authorized retailer,32.865482,-96.805688,5960 W Northwest Hwy,75225,Wed Oct 26 23:49:18 +0000 2016,RT @ATT: Welcome to the team! @taylorswift13 https://t.co/4h86nLYuLo https://t.co/gAHOi7fPrZ,neg,-0.6483,general,general,,Twitter
Dallas16,Authorized retailer,32.865482,-96.805688,5960 W Northwest Hwy,75225,Wed Oct 26 23:47:59 +0000 2016,RT @JTeespeak: So great hangin w/ @GavinDeGraw thx to @DFWAcuraDealers @McDonalds &amp; @ATT  @JackFMDFW @MoreHits1037 https://t.co/V4rDDvLfkB,neg,-0.7636,general,general,,Twitter
Dallas16,Authorized retailer,32.865482,-96.805688,5960 W Northwest Hwy,75225,Wed Oct 26 23:31:00 +0000 2016,RT @ATT: Welcome to the team! @taylorswift13 https://t.co/4h86nLYuLo https://t.co/gAHOi7fPrZ,neg,-0.6483,general,general,,Twitter
Dallas16,Authorized retailer,32.865482,-96.805688,5960 W Northwest Hwy,75225,Wed Oct 26 23:28:16 +0000 2016,#ATT and Time Warner still need a green light from the government https://t.co/SpQc64wTdG #DFW #Tech,neg,-0.3735,general,general,,Twitter
