Dallas4,Corporate retailer,32.8685017,-96.7757012,8687 N Central Expressway Suite 2340,75225,Thu Oct 27 23:57:14 +0000 2016,"RT @dallascowboys: Won't be at #PHIvsDAL? 
You can watch LIVE using @DIRECTV's Sunday Ticket! 

Sign up here: https://t.co/jeY0kih32V https…",pos,0.2905,directv,general,,Twitter
Dallas4,Corporate retailer,32.8685017,-96.7757012,8687 N Central Expressway Suite 2340,75225,Thu Oct 27 23:57:11 +0000 2016,"RT @dallascowboys: Won't be at #PHIvsDAL? 
You can watch LIVE using @DIRECTV's Sunday Ticket! 

Sign up here: https://t.co/jeY0kih32V https…",pos,0.2905,directv,general,,Twitter
Dallas4,Corporate retailer,32.8685017,-96.7757012,8687 N Central Expressway Suite 2340,75225,Thu Oct 27 23:52:41 +0000 2016,RT @ATTBusiness: Our IoT Starter Kit is more than just a developer data plan. Get the tools to design and launch an #IoT device now: https:…,pos,0.6174,general,general,,Twitter
Dallas4,Corporate retailer,32.8685017,-96.7757012,8687 N Central Expressway Suite 2340,75225,Thu Oct 27 23:50:22 +0000 2016,RT @ATT: Get a sweet deal on the new iPhone 7 when you switch to AT&amp;T and have DIRECTV. https://t.co/JO08KrMKj7 https://t.co/tAcB2wPVFO,neg,-0.2990,directv,general,,Twitter
Dallas4,Corporate retailer,32.8685017,-96.7757012,8687 N Central Expressway Suite 2340,75225,Thu Oct 27 23:42:36 +0000 2016,"RT @attJOBS: We have all the #interview tips you need in one list! Learn what to do before, during and after your next interview: https://t…",pos,0.7538,general,general,,Twitter
Dallas4,Corporate retailer,32.8685017,-96.7757012,8687 N Central Expressway Suite 2340,75225,Thu Oct 27 23:28:07 +0000 2016,RT @ATT: Welcome to the team! @taylorswift13 https://t.co/4h86nLYuLo https://t.co/gAHOi7fPrZ,neg,-0.6483,general,general,,Twitter
Dallas4,Corporate retailer,32.8685017,-96.7757012,8687 N Central Expressway Suite 2340,75225,Thu Oct 27 23:26:03 +0000 2016,"RT @dallascowboys: Won't be at #PHIvsDAL? 
You can watch LIVE using @DIRECTV's Sunday Ticket! 

Sign up here: https://t.co/jeY0kih32V https…",pos,0.2905,directv,general,,Twitter
Dallas4,Corporate retailer,32.8685017,-96.7757012,8687 N Central Expressway Suite 2340,75225,Thu Oct 27 23:24:22 +0000 2016,RT @ATT: Welcome to the team! @taylorswift13 https://t.co/4h86nLYuLo https://t.co/gAHOi7fPrZ,neg,-0.6483,general,general,,Twitter
Dallas4,Corporate retailer,32.8685017,-96.7757012,8687 N Central Expressway Suite 2340,75225,Thu Oct 27 23:10:59 +0000 2016,RT @Uverse: #Momaholics unite! The craziness continues in the season premiere of @MomCBS at 9/8c. https://t.co/UMb4myZolA,pos,0.9592,uverse,general,,Twitter
Dallas4,Corporate retailer,32.8685017,-96.7757012,8687 N Central Expressway Suite 2340,75225,Thu Oct 27 22:59:45 +0000 2016,"RT @DecksInThePark: Get to Klyde Warren Park tonight for the Decks in the Park - Halloween Edition, Powered by @ATT The fun all starts at 6…",neg,-0.6584,general,general,,Twitter
Dallas4,Corporate retailer,32.8685017,-96.7757012,8687 N Central Expressway Suite 2340,75225,Thu Oct 27 22:59:26 +0000 2016,"RT @dallascowboys: Won't be at #PHIvsDAL? 
You can watch LIVE using @DIRECTV's Sunday Ticket! 

Sign up here: https://t.co/jeY0kih32V https…",pos,0.2905,directv,general,,Twitter
Dallas4,Corporate retailer,32.8685017,-96.7757012,8687 N Central Expressway Suite 2340,75225,Thu Oct 27 22:52:04 +0000 2016,"RT @attJOBS: We have all the #interview tips you need in one list! Learn what to do before, during and after your next interview: https://t…",pos,0.7538,general,general,,Twitter
Dallas4,Corporate retailer,32.8685017,-96.7757012,8687 N Central Expressway Suite 2340,75225,Thu Oct 27 22:50:25 +0000 2016,RT @DBJShinneman: Analysts saying margins could be as thin as $1 or $2 for DirecTV Now https://t.co/HdOEEzVjgp @DallasBizNews $T,pos,0.8446,directv,general,,Twitter
Dallas4,Corporate retailer,32.8685017,-96.7757012,8687 N Central Expressway Suite 2340,75225,Thu Oct 27 22:49:58 +0000 2016,RT @ATT: Welcome to the team! @taylorswift13 https://t.co/4h86nLYuLo https://t.co/gAHOi7fPrZ,neg,-0.6483,general,general,,Twitter
Dallas4,Corporate retailer,32.8685017,-96.7757012,8687 N Central Expressway Suite 2340,75225,Thu Oct 27 22:49:24 +0000 2016,"RT @dallascowboys: Won't be at #PHIvsDAL? 
You can watch LIVE using @DIRECTV's Sunday Ticket! 

Sign up here: https://t.co/jeY0kih32V https…",pos,0.2905,directv,general,,Twitter
Dallas4,Corporate retailer,32.8685017,-96.7757012,8687 N Central Expressway Suite 2340,75225,Thu Oct 27 22:49:22 +0000 2016,RT @attJOBS: We’re lucky to have a lot of #WomenWhoInspire us at AT&amp;T. Meet a few of them: https://t.co/8juFZJTY20 https://t.co/H6mCC5fGEj,pos,0.1383,general,general,,Twitter
Dallas4,Corporate retailer,32.8685017,-96.7757012,8687 N Central Expressway Suite 2340,75225,Thu Oct 27 22:49:10 +0000 2016,"RT @dallascowboys: Won't be at #PHIvsDAL? 
You can watch LIVE using @DIRECTV's Sunday Ticket! 

Sign up here: https://t.co/jeY0kih32V https…",pos,0.2905,directv,general,,Twitter
Dallas4,Corporate retailer,32.8685017,-96.7757012,8687 N Central Expressway Suite 2340,75225,Thu Oct 27 22:47:51 +0000 2016,"RT @dallascowboys: Won't be at #PHIvsDAL? 
You can watch LIVE using @DIRECTV's Sunday Ticket! 

Sign up here: https://t.co/jeY0kih32V https…",pos,0.2905,directv,general,,Twitter
Dallas4,Corporate retailer,32.8685017,-96.7757012,8687 N Central Expressway Suite 2340,75225,Thu Oct 27 22:40:48 +0000 2016,"RT @dallascowboys: Won't be at #PHIvsDAL? 
You can watch LIVE using @DIRECTV's Sunday Ticket! 

Sign up here: https://t.co/jeY0kih32V https…",pos,0.2905,directv,general,,Twitter
Dallas4,Corporate retailer,32.8685017,-96.7757012,8687 N Central Expressway Suite 2340,75225,Thu Oct 27 22:38:48 +0000 2016,"RT @dallascowboys: Won't be at #PHIvsDAL? 
You can watch LIVE using @DIRECTV's Sunday Ticket! 

Sign up here: https://t.co/jeY0kih32V https…",pos,0.2905,directv,general,,Twitter
Dallas4,Corporate retailer,32.8685017,-96.7757012,8687 N Central Expressway Suite 2340,75225,Thu Oct 27 22:37:41 +0000 2016,"RT @dallascowboys: Won't be at #PHIvsDAL? 
You can watch LIVE using @DIRECTV's Sunday Ticket! 

Sign up here: https://t.co/jeY0kih32V https…",pos,0.2905,directv,general,,Twitter
