Dallas7,Corporate retailer,32.8957338,-96.8079243,5959 Royal Lane,75230,Wed Oct 26 20:28:06 +0000 2016,RT @ATT: Welcome to the team! @taylorswift13 https://t.co/4h86nLYuLo https://t.co/gAHOi7fPrZ,neg,-0.6483,general,general,,Twitter
Dallas7,Corporate retailer,32.8957338,-96.8079243,5959 Royal Lane,75230,Wed Oct 26 20:27:19 +0000 2016,RT @SportsDayDFW: AT&amp;T Byron Nelson moving to Dallas' Trinity Forest Golf Club ahead of schedule in 2018 https://t.co/0OcCOkkyin https://t.…,neg,-0.5040,general,general,,Twitter
Dallas7,Corporate retailer,32.8957338,-96.8079243,5959 Royal Lane,75230,Wed Oct 26 20:25:13 +0000 2016,RT @ATT: Who made you a college 🏈 fan? Share with #MadeMeAFanContest for a chance to win. Rules https://t.co/hU3I3wFn5V https://t.co/seJBJK…,neg,-0.2751,general,general,,Twitter
Dallas7,Corporate retailer,32.8957338,-96.8079243,5959 Royal Lane,75230,Wed Oct 26 20:24:58 +0000 2016,@YaShah97 @jakepimental99 @DevinRabeyHD @verizon Yes they offer unlimited if you have DirecTV,neg,-0.4770,directv,general,,Twitter
Dallas7,Corporate retailer,32.8957338,-96.8079243,5959 Royal Lane,75230,Wed Oct 26 20:24:38 +0000 2016,DallasBizNews: RT DBJShinneman: We've updated our story pulling together all the announcements on DirecTV Now: https://t.co/FvLpxsDzs3 $T …,neg,-0.3497,directv,general,,Twitter
Dallas7,Corporate retailer,32.8957338,-96.8079243,5959 Royal Lane,75230,Wed Oct 26 20:22:26 +0000 2016,RT @DBJShinneman: We've updated our story pulling together all the announcements on DirecTV Now: https://t.co/zC1rek2sli $T @DallasBizNews,neg,-0.3497,directv,general,,Twitter
Dallas7,Corporate retailer,32.8957338,-96.8079243,5959 Royal Lane,75230,Wed Oct 26 20:20:46 +0000 2016,Watch #Periscope: @Uverse is getting on my nerves paying for 24mb and this is what i get. @verizonfios help please https://t.co/UwT1v02RDl,neg,-0.7402,uverse,general,,Twitter
Dallas7,Corporate retailer,32.8957338,-96.8079243,5959 Royal Lane,75230,Wed Oct 26 20:20:44 +0000 2016,"@Snowden I guess @ATT  can do this in the interest of public safety.In a perfect world, ppl can worry less.hope ppl don't wrong n cops gud.",neg,-0.6397,general,general,,Twitter
