Dallas17,Authorized retailer,32.739229,-96.682466,1530 S Buckner Blvd,75217,Sat Oct 22 21:21:05 +0000 2016,RT @attJOBS: Congrats to our own Daniel Solcher for being awarded Employee of the Year from Careers &amp; the disABLED: https://t.co/1WQo73ExZj…,pos,0.8996,general,general,,Twitter
Dallas17,Authorized retailer,32.739229,-96.682466,1530 S Buckner Blvd,75217,Sat Oct 22 21:19:19 +0000 2016,And Trump says he will block the biggest deal for Dallas based AT&amp;T. https://t.co/5s8rqsiOOJ,neg,-0.0377,general,general,,Twitter
Dallas17,Authorized retailer,32.739229,-96.682466,1530 S Buckner Blvd,75217,Sat Oct 22 21:18:17 +0000 2016,"RT @attJOBS: To all of you out there who help us step up, #HappyNationalBossDay! https://t.co/hgBREvB3ud https://t.co/fxoi064RG8",pos,0.1499,general,general,,Twitter
Dallas17,Authorized retailer,32.739229,-96.682466,1530 S Buckner Blvd,75217,Sat Oct 22 21:13:16 +0000 2016,Donald Trump says he would block #ATT-Time Warner merger if elected https://t.co/gmfuMRjSNu #DFW,neg,-0.4092,general,general,,Twitter
Dallas17,Authorized retailer,32.739229,-96.682466,1530 S Buckner Blvd,75217,Sat Oct 22 21:04:39 +0000 2016,RT @DMNBiz: Stadium Club is almost half a football field long. Can Cowboys fans fill it when teams isn't playing? | https://t.co/BmFzkykjit…,pos,0.4767,general,general,,Twitter
Dallas17,Authorized retailer,32.739229,-96.682466,1530 S Buckner Blvd,75217,Sat Oct 22 21:03:12 +0000 2016,Donald Trump says he would block #ATT-Time Warner merger if elected https://t.co/fqel5wAwZt #DFW #Tech,neg,-0.3159,general,general,,Twitter
Dallas17,Authorized retailer,32.739229,-96.682466,1530 S Buckner Blvd,75217,Sat Oct 22 21:01:09 +0000 2016,RT @john_verdes: 5 line port from ATT at Brightstar on Illinois ave! #SprintSaysThanks https://t.co/5EjbWOWkY8,neg,-0.7265,general,general,,Twitter
Dallas17,Authorized retailer,32.739229,-96.682466,1530 S Buckner Blvd,75217,Sat Oct 22 20:57:01 +0000 2016,RT @BriMalandro: this is gross bc @ATT is actually trash in each and every way possible https://t.co/kD2jnR7zXZ,neg,-0.8213,general,general,,Twitter
Dallas17,Authorized retailer,32.739229,-96.682466,1530 S Buckner Blvd,75217,Sat Oct 22 20:54:32 +0000 2016,5 line port from ATT at Brightstar on Illinois ave! #SprintSaysThanks https://t.co/5EjbWOWkY8,neg,-0.7265,general,general,,Twitter
Dallas17,Authorized retailer,32.739229,-96.682466,1530 S Buckner Blvd,75217,Sat Oct 22 20:52:06 +0000 2016,"AT&amp;T, Time Warner reportedly strike buyout deal     - CNET: The telecommunications giant has reached an agree... https://t.co/N4iH7kQnsI",pos,0.8247,general,general,,Twitter
Dallas17,Authorized retailer,32.739229,-96.682466,1530 S Buckner Blvd,75217,Sat Oct 22 20:47:22 +0000 2016,RT @HomaBashNBC5: Lots of questions arise as @WSJ reports that @ATT has agreed to buy Time Warner for upwards of $80 BILLION. Service costs…,pos,0.1630,general,general,,Twitter
