Dallas15,Authorized retailer,32.853965,-96.769903,5521 Greenville Ave,75206,Mon Oct 24 16:09:59 +0000 2016,"RT @ATTBusiness: Your org faces cyberthreats at every turn, but you're not alone. Be #cyberaware with our new cybersecurity report: https:/…",pos,0.7493,general,general,,Twitter
Dallas15,Authorized retailer,32.853965,-96.769903,5521 Greenville Ave,75206,Mon Oct 24 16:06:53 +0000 2016,@MadManMando75 You can view open jobs in Mexico here: https://t.co/osCZvCuxv6,pos,0.4861,general,general,,Twitter
Dallas15,Authorized retailer,32.853965,-96.769903,5521 Greenville Ave,75206,Mon Oct 24 16:05:56 +0000 2016,@tiffaj11 We’ve got a great technical support team who will be happy to help. Reach them at https://t.co/MyRbN5TaXo,pos,0.7309,general,general,,Twitter
Dallas15,Authorized retailer,32.853965,-96.769903,5521 Greenville Ave,75206,Mon Oct 24 16:03:12 +0000 2016,Why AT&amp;T's pursuit of Time Warner makes sense https://t.co/IuyFrdwTYB https://t.co/IMi1V838PX,neg,-0.0939,general,general,,Twitter
Dallas15,Authorized retailer,32.853965,-96.769903,5521 Greenville Ave,75206,Mon Oct 24 16:00:18 +0000 2016,RT @ATT: Welcome to the team! @taylorswift13 https://t.co/4h86nLYuLo https://t.co/gAHOi7fPrZ,neg,-0.6483,general,general,,Twitter
Dallas15,Authorized retailer,32.853965,-96.769903,5521 Greenville Ave,75206,Mon Oct 24 16:00:07 +0000 2016,"Your org faces cyberthreats at every turn, but you're not alone. Be #cyberaware with our new cybersecurity report:… https://t.co/IOoYXEaWhT",pos,0.7493,general,general,,Twitter
Dallas15,Authorized retailer,32.853965,-96.769903,5521 Greenville Ave,75206,Mon Oct 24 16:00:02 +0000 2016,"User Manuals, Setup Wizards, Tutorials &amp; more for devices: AT&amp;T has you covered! https://t.co/e8atNd7Wta https://t.co/YWvbyTvK4n",neg,-0.4479,general,general,,Twitter
Dallas15,Authorized retailer,32.853965,-96.769903,5521 Greenville Ave,75206,Mon Oct 24 15:59:10 +0000 2016,Why Wall Street doesn't like the AT&amp;T - Time Warner deal https://t.co/VGbsOzLkMW,neg,-0.2665,general,general,,Twitter
Dallas15,Authorized retailer,32.853965,-96.769903,5521 Greenville Ave,75206,Mon Oct 24 15:58:46 +0000 2016,"ICYMI: @ATT to Purchase @twxcorp for $85.4B: Here’s What You Need to Know
https://t.co/8wSSbVNUVK… https://t.co/tuuiKCCE9F",neg,-0.6750,general,general,,Twitter
Dallas15,Authorized retailer,32.853965,-96.769903,5521 Greenville Ave,75206,Mon Oct 24 15:57:13 +0000 2016,RT @DMagazine: Here's what you need to know about AT&amp;T's purchase of Time Warner: https://t.co/0YVTVxC3Gy https://t.co/fYoG57a3d1,neg,-0.2929,general,general,,Twitter
Dallas15,Authorized retailer,32.853965,-96.769903,5521 Greenville Ave,75206,Mon Oct 24 15:57:06 +0000 2016,If my phone don't come in this week me and att scwobbin rt,neg,-0.7068,general,general,,Twitter
