Dallas16,Authorized retailer,32.865482,-96.805688,5960 W Northwest Hwy,75225,Fri Oct 21 11:44:12 +0000 2016,RT @ATT: Welcome to the team! @taylorswift13 https://t.co/4h86nLYuLo https://t.co/gAHOi7fPrZ,neg,-0.6483,general,general,,Twitter
Dallas16,Authorized retailer,32.865482,-96.805688,5960 W Northwest Hwy,75225,Fri Oct 21 11:43:07 +0000 2016,RT @ATT: Welcome to the team! @taylorswift13 https://t.co/4h86nLYuLo https://t.co/gAHOi7fPrZ,neg,-0.6483,general,general,,Twitter
Dallas16,Authorized retailer,32.865482,-96.805688,5960 W Northwest Hwy,75225,Fri Oct 21 11:28:51 +0000 2016,"@dallasnews @Hearts_Science @ATT @mitchschnurman I AGREE WITH THIS ONLINE,  BUT EVERY  ONE  NEEDS  HIGH  SPEED INTERNET NOW",pos,0.5427,general,general,,Twitter
Dallas16,Authorized retailer,32.865482,-96.805688,5960 W Northwest Hwy,75225,Fri Oct 21 11:14:39 +0000 2016,RT @attJOBS: Last year we donated $1M to @GirlsWhoCode &amp; the future careers of women technologists everywhere! #GHC16 https://t.co/rKDF99f5…,neg,-0.6262,general,general,,Twitter
Dallas16,Authorized retailer,32.865482,-96.805688,5960 W Northwest Hwy,75225,Fri Oct 21 11:14:09 +0000 2016,RT @attJOBS: Last year we donated $1M to @GirlsWhoCode &amp; the future careers of women technologists everywhere! #GHC16 https://t.co/rKDF99f5…,neg,-0.6262,general,general,,Twitter
Dallas16,Authorized retailer,32.865482,-96.805688,5960 W Northwest Hwy,75225,Fri Oct 21 11:06:55 +0000 2016,"Dallas-based @ATT, TimeWarner (@twxcorp) discussed a takeover in recent weeks https://t.co/oHHLVaAY0m  $twx $t https://t.co/ZDXbzw9cd9",pos,0.2933,general,general,,Twitter
Dallas16,Authorized retailer,32.865482,-96.805688,5960 W Northwest Hwy,75225,Fri Oct 21 10:55:02 +0000 2016,RT @ATT: Who made you a college 🏈 fan? Share with #MadeMeAFanContest for a chance to win. Rules https://t.co/hU3I3wFn5V https://t.co/xZbxUJ…,neg,-0.2751,general,general,,Twitter
Dallas16,Authorized retailer,32.865482,-96.805688,5960 W Northwest Hwy,75225,Fri Oct 21 10:48:38 +0000 2016,RT @ATT: Get a sweet deal on the new iPhone 7 when you switch to AT&amp;T and have DIRECTV. https://t.co/TQVeUkmeZ6 https://t.co/zfZmNpe8AP,neg,-0.2990,directv,general,,Twitter
Dallas16,Authorized retailer,32.865482,-96.805688,5960 W Northwest Hwy,75225,Fri Oct 21 10:14:50 +0000 2016,RT @ATT: Welcome to the team! @taylorswift13 https://t.co/4h86nLYuLo https://t.co/gAHOi7fPrZ,neg,-0.6483,general,general,,Twitter
Dallas16,Authorized retailer,32.865482,-96.805688,5960 W Northwest Hwy,75225,Fri Oct 21 10:13:50 +0000 2016,RT @ATT: Welcome to the team! @taylorswift13 https://t.co/4h86nLYuLo https://t.co/gAHOi7fPrZ,neg,-0.6483,general,general,,Twitter
Dallas16,Authorized retailer,32.865482,-96.805688,5960 W Northwest Hwy,75225,Fri Oct 21 10:03:31 +0000 2016,RT @attJOBS: Last year we donated $1M to @GirlsWhoCode &amp; the future careers of women technologists everywhere! #GHC16 https://t.co/rKDF99f5…,neg,-0.6262,general,general,,Twitter
Dallas16,Authorized retailer,32.865482,-96.805688,5960 W Northwest Hwy,75225,Fri Oct 21 09:12:56 +0000 2016,RT @ATT: Who made you a college 🏈 fan? Share with #MadeMeAFanContest for a chance to win. Rules https://t.co/hU3I3wFn5V https://t.co/xZbxUJ…,neg,-0.2751,general,general,,Twitter
Dallas16,Authorized retailer,32.865482,-96.805688,5960 W Northwest Hwy,75225,Fri Oct 21 08:55:20 +0000 2016,RT @attJOBS: Last year we donated $1M to @GirlsWhoCode &amp; the future careers of women technologists everywhere! #GHC16 https://t.co/rKDF99f5…,neg,-0.6262,general,general,,Twitter
Dallas16,Authorized retailer,32.865482,-96.805688,5960 W Northwest Hwy,75225,Fri Oct 21 08:17:13 +0000 2016,https://t.co/Lp9x8TRT9r https://t.co/bR2R9xxy74,pos,0.0000,general,general,,Twitter
