Dallas7,Corporate retailer,32.8957338,-96.8079243,5959 Royal Lane,75230,Tue Oct 25 20:38:42 +0000 2016,AT&amp;T Undercuts Cable TV With $35 Internet Streaming Service https://t.co/4bS8b0Y0Gk @scottia https://t.co/d0C9RHizcV,neg,-0.7810,general,general,,Twitter
Dallas7,Corporate retailer,32.8957338,-96.8079243,5959 Royal Lane,75230,Tue Oct 25 20:36:44 +0000 2016,How to talk about the @ATT-@twxcorp deal like an insider https://t.co/BS8al09DpH | @Melissa_Repko https://t.co/7vea93Urim,neg,-0.6370,general,general,,Twitter
Dallas7,Corporate retailer,32.8957338,-96.8079243,5959 Royal Lane,75230,Tue Oct 25 20:33:36 +0000 2016,RT @ATTBusiness: What's faster than a @RedBullRacing car at full speed? Data exchange at full throttle. https://t.co/2J1yGHly8i,neg,-0.9445,general,general,,Twitter
Dallas7,Corporate retailer,32.8957338,-96.8079243,5959 Royal Lane,75230,Tue Oct 25 20:33:28 +0000 2016,RT @DBJShinneman: Stephenson said some new stuff about DirecTV Now and Time Warner this morning https://t.co/fgq2QFh1dC $T @DallasBizNews,neg,-0.4006,directv,general,,Twitter
Dallas7,Corporate retailer,32.8957338,-96.8079243,5959 Royal Lane,75230,Tue Oct 25 20:31:06 +0000 2016,AT&amp;T Undercuts Cable TV With $35 Internet Streaming Service https://t.co/77oF9ITrTD,neg,-0.7810,general,general,,Twitter
Dallas7,Corporate retailer,32.8957338,-96.8079243,5959 Royal Lane,75230,Tue Oct 25 20:30:56 +0000 2016,RT @ATTBusiness: Watch how to protect your business from evolving threats. Get our report to learn more: https://t.co/8Ixmpp7esC #ATTCyberC…,pos,0.0090,general,general,,Twitter
Dallas7,Corporate retailer,32.8957338,-96.8079243,5959 Royal Lane,75230,Tue Oct 25 20:30:54 +0000 2016,RT @ATT: Welcome to the team! @taylorswift13 https://t.co/4h86nLYuLo https://t.co/gAHOi7fPrZ,neg,-0.6483,general,general,,Twitter
Dallas7,Corporate retailer,32.8957338,-96.8079243,5959 Royal Lane,75230,Tue Oct 25 20:27:58 +0000 2016,RT @dallasnews: AT&amp;T announces launch of DirecTV Now for $35 a month https://t.co/VLUOgLDKxD | @Melissa_Repko https://t.co/Oqw3WFWHcA,pos,0.4787,directv,general,,Twitter
Dallas7,Corporate retailer,32.8957338,-96.8079243,5959 Royal Lane,75230,Tue Oct 25 20:27:48 +0000 2016,RT @dallasnews: AT&amp;T announces launch of DirecTV Now for $35 a month https://t.co/VLUOgLDKxD | @Melissa_Repko https://t.co/Oqw3WFWHcA,pos,0.4787,directv,general,,Twitter
Dallas7,Corporate retailer,32.8957338,-96.8079243,5959 Royal Lane,75230,Tue Oct 25 20:25:56 +0000 2016,RT @ATT: Welcome to the team! @taylorswift13 https://t.co/4h86nLYuLo https://t.co/gAHOi7fPrZ,neg,-0.6483,general,general,,Twitter
Dallas7,Corporate retailer,32.8957338,-96.8079243,5959 Royal Lane,75230,Tue Oct 25 20:24:12 +0000 2016,RT @dallasnews: AT&amp;T announces launch of DirecTV Now for $35 a month https://t.co/VLUOgLDKxD | @Melissa_Repko https://t.co/Oqw3WFWHcA,pos,0.4787,directv,general,,Twitter
Dallas7,Corporate retailer,32.8957338,-96.8079243,5959 Royal Lane,75230,Tue Oct 25 20:21:25 +0000 2016,RT @dallasnews: AT&amp;T announces launch of DirecTV Now for $35 a month https://t.co/VLUOgLDKxD | @Melissa_Repko https://t.co/Oqw3WFWHcA,pos,0.4787,directv,general,,Twitter
Dallas7,Corporate retailer,32.8957338,-96.8079243,5959 Royal Lane,75230,Tue Oct 25 20:21:05 +0000 2016,Because they really dont care and since they are behind a computer it takes any customer service they may have had… https://t.co/eE4PRqZ6Qc,neg,-0.5458,general,general,,Twitter
Dallas7,Corporate retailer,32.8957338,-96.8079243,5959 Royal Lane,75230,Tue Oct 25 20:19:05 +0000 2016,They don't seem to care @att or their #chat team! https://t.co/0GH6zywBr6,neg,-0.5889,general,general,,Twitter
Dallas7,Corporate retailer,32.8957338,-96.8079243,5959 Royal Lane,75230,Tue Oct 25 20:17:04 +0000 2016,AT&amp;T announces launch of DirecTV Now for $35 a month https://t.co/VLUOgLDKxD | @Melissa_Repko https://t.co/Oqw3WFWHcA,pos,0.4787,directv,general,,Twitter
Dallas7,Corporate retailer,32.8957338,-96.8079243,5959 Royal Lane,75230,Tue Oct 25 20:16:48 +0000 2016,Excited to check in on this 2016 cohort for att #AspireAccelerator @… https://t.co/vXxLSwAkAg,neg,-0.7617,general,general,,Twitter
Dallas7,Corporate retailer,32.8957338,-96.8079243,5959 Royal Lane,75230,Tue Oct 25 20:16:25 +0000 2016,Pathetic @ATT yr agent makes mistake (all on chat) and now another agent tells me I have to play by your rules??? Glad to have screen shots!,neg,-0.6258,general,general,,Twitter
Dallas7,Corporate retailer,32.8957338,-96.8079243,5959 Royal Lane,75230,Tue Oct 25 20:14:01 +0000 2016,Since when do you merge two accounts @ATT and expect your consumers to be strong armed into your methods??? #attsucks #terribleservice,pos,0.5877,general,general,,Twitter
Dallas7,Corporate retailer,32.8957338,-96.8079243,5959 Royal Lane,75230,Tue Oct 25 20:13:59 +0000 2016,RT @attJOBS: Share what you love about technology with our customers. Now Hiring throughout the Bay Area! https://t.co/ig3a1FgKS4 https://t…,pos,0.8703,general,general,,Twitter
Dallas7,Corporate retailer,32.8957338,-96.8079243,5959 Royal Lane,75230,Tue Oct 25 20:10:25 +0000 2016,"@rosskimes no, I meant no DVR. There has only been mention of on demand which on DIRECTV doesn’t include playing sports in general",neg,-0.7360,directv,general,,Twitter
Dallas7,Corporate retailer,32.8957338,-96.8079243,5959 Royal Lane,75230,Tue Oct 25 20:09:56 +0000 2016,RT @ATTBusiness: Watch how to protect your business from evolving threats. Get our report to learn more: https://t.co/8Ixmpp7esC #ATTCyberC…,pos,0.0090,general,general,,Twitter
