Dallas1,Corporate retailer,32.776664,-96.796988,"208 S Akard Street, Ste 110",75202,Tue Oct 25 11:07:38 +0000 2016,"Early voting records, rising #healthcare costs, #ATT merger updates: Your Tuesday morning #news… https://t.co/VB5Nw3sGwF #DFW #realestate",neg,-0.9955,general,general,,Twitter
Dallas1,Corporate retailer,32.776664,-96.796988,"208 S Akard Street, Ste 110",75202,Tue Oct 25 11:01:53 +0000 2016,"RT @dallasnews: #EarlyVoting records, rising health care costs, AT&amp;T merger updates: Your Tuesday morning news roundup | https://t.co/qEnxI…",neg,-0.9050,general,general,,Twitter
Dallas1,Corporate retailer,32.776664,-96.796988,"208 S Akard Street, Ste 110",75202,Tue Oct 25 11:01:15 +0000 2016,"#EarlyVoting records, rising health care costs, AT&amp;T merger updates: Your Tuesday morning news roundup |… https://t.co/sC7d5rKUbh",neg,-0.9050,general,general,,Twitter
Dallas1,Corporate retailer,32.776664,-96.796988,"208 S Akard Street, Ste 110",75202,Tue Oct 25 10:48:21 +0000 2016,.@nytimes Major #entertainment companies margins are eroding - struggling to find new ways to reach customers. https://t.co/E5GMMLIvpA,pos,0.9878,general,general,,Twitter
Dallas1,Corporate retailer,32.776664,-96.796988,"208 S Akard Street, Ste 110",75202,Tue Oct 25 10:46:24 +0000 2016,What the AT https://t.co/u1XAUeyhPI,neg,-0.0145,general,general,,Twitter
Dallas1,Corporate retailer,32.776664,-96.796988,"208 S Akard Street, Ste 110",75202,Tue Oct 25 10:29:50 +0000 2016,RT @attJOBS: Our new #SanFrancisco flagship store is restored and ready for the future with our latest technology. Take a look: https://t.c…,pos,0.7603,general,store experience,,Twitter
Dallas1,Corporate retailer,32.776664,-96.796988,"208 S Akard Street, Ste 110",75202,Tue Oct 25 10:28:08 +0000 2016,RT @attJOBS: You don't have to go back to school to continue learning. Try these tips to learn something new: https://t.co/N1AjraH8jR #Moti…,pos,0.7433,general,general,,Twitter
Dallas1,Corporate retailer,32.776664,-96.796988,"208 S Akard Street, Ste 110",75202,Tue Oct 25 10:23:13 +0000 2016,RT @ATT: The #futureofvideo is mobile and the #futureofmobile is video. Time Warner + AT&amp;T make it happen! @twxcorp https://t.co/GKx4U9TQYg,neg,-0.6722,general,general,,Twitter
Dallas1,Corporate retailer,32.776664,-96.796988,"208 S Akard Street, Ste 110",75202,Tue Oct 25 10:21:14 +0000 2016,"""Morning Agenda: A New Media Order, Crisis Echos, MetLife Disputes Its Status"" by AMIE TSANG via NYT The New York … https://t.co/vsPz9VuVcJ",pos,0.9965,general,general,,Twitter
Dallas1,Corporate retailer,32.776664,-96.796988,"208 S Akard Street, Ste 110",75202,Tue Oct 25 10:17:10 +0000 2016,"RT @dmn_cowboys: No playoff games at AT&amp;T Stadium the first 3 rounds, but The Star may host postseason games the first 5 rounds  https://t.…",pos,0.8702,general,general,,Twitter
