Dallas7,Corporate retailer,32.8957338,-96.8079243,5959 Royal Lane,75230,Fri Oct 21 01:35:32 +0000 2016,Brad sure does look good in 👠👠 #RockyHorror 😉,pos,0.1852,general,general,,Twitter
Dallas7,Corporate retailer,32.8957338,-96.8079243,5959 Royal Lane,75230,Fri Oct 21 01:34:19 +0000 2016,"@Towns_Tyler What's going on, Tyler? We'd love to help.",neg,-0.1813,general,general,,Twitter
Dallas7,Corporate retailer,32.8957338,-96.8079243,5959 Royal Lane,75230,Fri Oct 21 01:31:32 +0000 2016,RT @ATT: Welcome to the team! @taylorswift13 https://t.co/4h86nLYuLo https://t.co/gAHOi7fPrZ,neg,-0.6483,general,general,,Twitter
Dallas7,Corporate retailer,32.8957338,-96.8079243,5959 Royal Lane,75230,Fri Oct 21 01:28:42 +0000 2016,RT @Uverse: Who else is watching The #RockyHorrorPictureShowLIVE on @FOX? Tweet along as we do the ⏰ warp again. https://t.co/0Sztr7Ehil,pos,0.3329,uverse,general,,Twitter
Dallas7,Corporate retailer,32.8957338,-96.8079243,5959 Royal Lane,75230,Fri Oct 21 01:27:46 +0000 2016,Clothes optional? Who wore it best on @RockyHorrorFox? #RockyHorror 👠👄,neg,-0.5279,general,general,,Twitter
