Dallas5,Corporate retailer,32.8342578,-96.7045404,1152 North Buckner Blvd,75218,Sat Oct 22 19:31:42 +0000 2016,"AT&amp;T-Time Warner mega-deal is near
https://t.co/pmCuy8Xyno",neg,-0.0987,general,general,,Twitter
Dallas5,Corporate retailer,32.8342578,-96.7045404,1152 North Buckner Blvd,75218,Sat Oct 22 19:30:41 +0000 2016,RT @ATT: Welcome to the team! @taylorswift13 https://t.co/4h86nLYuLo https://t.co/gAHOi7fPrZ,neg,-0.6483,general,general,,Twitter
Dallas5,Corporate retailer,32.8342578,-96.7045404,1152 North Buckner Blvd,75218,Sat Oct 22 19:29:01 +0000 2016,Wowzers!  #ATT #TimeWarner https://t.co/e2zyh95MpW,neg,-0.8750,general,general,,Twitter
Dallas5,Corporate retailer,32.8342578,-96.7045404,1152 North Buckner Blvd,75218,Sat Oct 22 19:26:41 +0000 2016,RT @ATT: Welcome to the team! @taylorswift13 https://t.co/4h86nLYuLo https://t.co/gAHOi7fPrZ,neg,-0.6483,general,general,,Twitter
Dallas5,Corporate retailer,32.8342578,-96.7045404,1152 North Buckner Blvd,75218,Sat Oct 22 19:24:22 +0000 2016,Lots of questions arise as @WSJ reports that @ATT has agreed to buy Time Warner for upwards of $80 BILLION. Service costs? Jobs?,pos,0.2956,general,general,,Twitter
Dallas5,Corporate retailer,32.8342578,-96.7045404,1152 North Buckner Blvd,75218,Sat Oct 22 19:22:19 +0000 2016,Donald Trump says he would block AT&amp;T-Time Warner merger if elected https://t.co/FcDwhEONfu via @dallasnews,neg,-0.1323,general,general,,Twitter
Dallas5,Corporate retailer,32.8342578,-96.7045404,1152 North Buckner Blvd,75218,Sat Oct 22 19:20:47 +0000 2016,AT&amp;T agrees to buy Time Warner for more than $80B https://t.co/h1MeuXw2BC,pos,0.2512,general,general,,Twitter
Dallas5,Corporate retailer,32.8342578,-96.7045404,1152 North Buckner Blvd,75218,Sat Oct 22 19:19:57 +0000 2016,Having a bad customer service day. Sadly I'm not surprised at @ATT but totally shocked at my @Apple experience especially live in a store.,pos,0.0055,general,store experience,,Twitter
Dallas5,Corporate retailer,32.8342578,-96.7045404,1152 North Buckner Blvd,75218,Sat Oct 22 19:19:02 +0000 2016,Why AT&amp;T's pursuit of Time Warner makes sense: It takes an elephant to eat an elephant https://t.co/dYiu3fo9m1 via @dallasnews,pos,0.6289,general,general,,Twitter
Dallas5,Corporate retailer,32.8342578,-96.7045404,1152 North Buckner Blvd,75218,Sat Oct 22 19:14:39 +0000 2016,Smmfh we need the real government to break these companies up!! https://t.co/h5CCPljMlE,pos,0.5024,general,general,,Twitter
Dallas5,Corporate retailer,32.8342578,-96.7045404,1152 North Buckner Blvd,75218,Sat Oct 22 19:13:37 +0000 2016,RT @ATT: Welcome to the team! @taylorswift13 https://t.co/4h86nLYuLo https://t.co/gAHOi7fPrZ,neg,-0.6483,general,general,,Twitter
Dallas5,Corporate retailer,32.8342578,-96.7045404,1152 North Buckner Blvd,75218,Sat Oct 22 19:13:37 +0000 2016,RT @wfaachannel8: AT&amp;T agrees to buy Time Warner for more than $80B https://t.co/9LtV0RAUgV https://t.co/zqmbwnbOeo,pos,0.2512,general,general,,Twitter
Dallas5,Corporate retailer,32.8342578,-96.7045404,1152 North Buckner Blvd,75218,Sat Oct 22 19:08:25 +0000 2016,RT @wfaachannel8: AT&amp;T agrees to buy Time Warner for more than $80B https://t.co/9LtV0RAUgV https://t.co/zqmbwnbOeo,pos,0.2512,general,general,,Twitter
Dallas5,Corporate retailer,32.8342578,-96.7045404,1152 North Buckner Blvd,75218,Sat Oct 22 19:07:29 +0000 2016,Sources: AT&amp;T-Time Warner mega-deal is near https://t.co/uKDPTI8v6j,neg,-0.0274,general,general,,Twitter
