Dallas6,Corporate retailer,32.8740567,-96.771404,9100 N Central Expressway Suite 105,75231,Fri Oct 21 21:21:42 +0000 2016,RT @attJOBS: Share what you love about technology with our customers. Now Hiring throughout the Bay Area! https://t.co/ig3a1FgKS4 https://t…,pos,0.8703,general,general,,Twitter
Dallas6,Corporate retailer,32.8740567,-96.771404,9100 N Central Expressway Suite 105,75231,Fri Oct 21 21:10:31 +0000 2016,RT @ATT: Who made you a college 🏈 fan? Share with #MadeMeAFanContest for a chance to win. Rules https://t.co/hU3I3wFn5V https://t.co/xZbxUJ…,neg,-0.2751,general,general,,Twitter
Dallas6,Corporate retailer,32.8740567,-96.771404,9100 N Central Expressway Suite 105,75231,Fri Oct 21 21:05:13 +0000 2016,¿Qué pasará si AT&amp;T compra Time Warner? https://t.co/fmjIBm6PMT #publicidad #advertising #ad,pos,0.0112,general,general,,Twitter
Dallas6,Corporate retailer,32.8740567,-96.771404,9100 N Central Expressway Suite 105,75231,Fri Oct 21 21:03:10 +0000 2016,"AT&amp;T considering purchase of Time Warner Inc. (and with it, HBO) https://t.co/ibEYQmOR3Z https://t.co/z0JNBsx0kw",neg,-0.3403,general,general,,Twitter
Dallas6,Corporate retailer,32.8740567,-96.771404,9100 N Central Expressway Suite 105,75231,Fri Oct 21 20:59:04 +0000 2016,Apple 'Monitoring' AT&amp;T's Potential #Time_Warner Acquisition https://t.co/jOX6USflOV @scottia https://t.co/XAx5DPOkym,pos,0.4780,general,general,,Twitter
Dallas6,Corporate retailer,32.8740567,-96.771404,9100 N Central Expressway Suite 105,75231,Fri Oct 21 20:58:44 +0000 2016,"@LinSan29 Lindsay, we don't like to hear that! You can learn more about how to report this type of fraud here: https://t.co/Mklsf5GeVz",pos,0.7889,general,general,,Twitter
Dallas6,Corporate retailer,32.8740567,-96.771404,9100 N Central Expressway Suite 105,75231,Fri Oct 21 20:56:57 +0000 2016,Apple 'Monitoring' AT&amp;T's Potential Time Warner Acquisition: Amid rumors suggesting A... https://t.co/ccOKnl6QBL https://t.co/EstJrgd1fu,pos,0.7140,general,general,,Twitter
