Dallas16,Authorized retailer,32.865482,-96.805688,5960 W Northwest Hwy,75225,Wed Oct 19 06:24:11 +0000 2016,https://t.co/DCARd26t4R,pos,0.0000,general,general,,Twitter
Dallas16,Authorized retailer,32.865482,-96.805688,5960 W Northwest Hwy,75225,Wed Oct 19 06:18:39 +0000 2016,RT @ATT: Welcome to the team! @taylorswift13 https://t.co/4h86nLYuLo https://t.co/gAHOi7fPrZ,neg,-0.6483,general,general,,Twitter
Dallas16,Authorized retailer,32.865482,-96.805688,5960 W Northwest Hwy,75225,Wed Oct 19 05:50:12 +0000 2016,RT @JordanSpieth: .@NotahBegay3 with the birdie for Team @ATT at the #SpiethShootout https://t.co/ssL2vULkxd,neg,-0.2741,general,general,,Twitter
Dallas16,Authorized retailer,32.865482,-96.805688,5960 W Northwest Hwy,75225,Wed Oct 19 05:06:02 +0000 2016,FUCKIN UVERSE DIDNT RECORD ALL OF ATLANTA FOR ME IM SICK,pos,0.1479,uverse,general,,Twitter
Dallas16,Authorized retailer,32.865482,-96.805688,5960 W Northwest Hwy,75225,Wed Oct 19 04:49:12 +0000 2016,RT @RickTweetTweet: Listen: Life At AT&amp;T Podcast with 3  #Women Vice Presidents #LifeatATT  #WomenLeaders #ATTDiversity https://t.co/MsMDVK…,pos,0.3843,general,general,,Twitter
Dallas16,Authorized retailer,32.865482,-96.805688,5960 W Northwest Hwy,75225,Wed Oct 19 04:47:48 +0000 2016,https://t.co/WpgKW3vPOD,pos,0.0000,general,general,,Twitter
Dallas16,Authorized retailer,32.865482,-96.805688,5960 W Northwest Hwy,75225,Wed Oct 19 03:51:07 +0000 2016,"@ATTCares they chose to fill a full 16:9 screen when original film is 2.40:1, changing original vision. Who makes these choices?",pos,0.7639,general,general,,Twitter
Dallas16,Authorized retailer,32.865482,-96.805688,5960 W Northwest Hwy,75225,Wed Oct 19 03:43:38 +0000 2016,"@ATTCares Ondemand movie being played. TV is set correct. The problem is distributor/broadcaster choices, not hardware on my end.",pos,0.3245,general,general,,Twitter
Dallas16,Authorized retailer,32.865482,-96.805688,5960 W Northwest Hwy,75225,Wed Oct 19 03:30:49 +0000 2016,@ATT when are you guys going to get a faster internet speed?,neg,-0.8713,general,general,,Twitter
Dallas16,Authorized retailer,32.865482,-96.805688,5960 W Northwest Hwy,75225,Wed Oct 19 03:25:40 +0000 2016,"RT @RickTweetTweet: Women in Tech Q&amp;A: Kay Kapoor - President, AT&amp;T Global Business-Public Sector #WomeninTech #LifeAtATT https://t.co/SRsJ…",pos,0.8077,general,general,,Twitter
Dallas16,Authorized retailer,32.865482,-96.805688,5960 W Northwest Hwy,75225,Wed Oct 19 03:21:54 +0000 2016,@ATTCares the arts district,pos,0.5165,general,general,,Twitter
Dallas16,Authorized retailer,32.865482,-96.805688,5960 W Northwest Hwy,75225,Wed Oct 19 03:10:09 +0000 2016,RT @EJHolland247: 👎🏻👎🏻👎🏻 Team @ATT  https://t.co/sbavZ9EPEX,neg,-0.6860,general,general,,Twitter
Dallas16,Authorized retailer,32.865482,-96.805688,5960 W Northwest Hwy,75225,Wed Oct 19 03:09:25 +0000 2016,👎🏻👎🏻👎🏻 Team @ATT  https://t.co/sbavZ9EPEX,neg,-0.6860,general,general,,Twitter
Dallas16,Authorized retailer,32.865482,-96.805688,5960 W Northwest Hwy,75225,Wed Oct 19 02:48:25 +0000 2016,"Dear @ATT and @Uverse, please stop center crop. If a movie was shot in 2.35:1 it should be broadcasted that way. I want my money back.",neg,-0.7125,uverse,general,,Twitter
Dallas16,Authorized retailer,32.865482,-96.805688,5960 W Northwest Hwy,75225,Wed Oct 19 02:43:56 +0000 2016,RT @RickTweetTweet: Listen: Life At AT&amp;T Podcast with 3  #Women Vice Presidents #LifeatATT  #WomenLeaders #ATTDiversity https://t.co/MsMDVK…,pos,0.3843,general,general,,Twitter
Dallas16,Authorized retailer,32.865482,-96.805688,5960 W Northwest Hwy,75225,Wed Oct 19 02:42:44 +0000 2016,@ATTCares I'm steaming #nextflix but it's all of sudden figured out the probs. We're good for now. Thanks for responding.  :),neg,-0.4471,general,general,,Twitter
Dallas16,Authorized retailer,32.865482,-96.805688,5960 W Northwest Hwy,75225,Wed Oct 19 02:37:34 +0000 2016,RT @RickTweetTweet: Listen: Life At AT&amp;T Podcast with 3  #Women Vice Presidents #LifeatATT  #WomenLeaders #ATTDiversity https://t.co/MsMDVK…,pos,0.3843,general,general,,Twitter
Dallas16,Authorized retailer,32.865482,-96.805688,5960 W Northwest Hwy,75225,Wed Oct 19 02:36:09 +0000 2016,"RT @RickTweetTweet: Women in Tech Q&amp;A: Kay Kapoor - President, AT&amp;T Global Business-Public Sector #WomeninTech #LifeAtATT https://t.co/SRsJ…",pos,0.8077,general,general,,Twitter
Dallas16,Authorized retailer,32.865482,-96.805688,5960 W Northwest Hwy,75225,Wed Oct 19 02:36:03 +0000 2016,RT @ATT: Welcome to the team! @taylorswift13 https://t.co/4h86nLYuLo https://t.co/gAHOi7fPrZ,neg,-0.6483,general,general,,Twitter
Dallas16,Authorized retailer,32.865482,-96.805688,5960 W Northwest Hwy,75225,Wed Oct 19 02:26:57 +0000 2016,@bobskoda @tine712 @Braveheart_USA We have One America News OANN on UVERSE,pos,0.2384,uverse,general,,Twitter
Dallas16,Authorized retailer,32.865482,-96.805688,5960 W Northwest Hwy,75225,Wed Oct 19 02:26:08 +0000 2016,"Gotta love that one bar, @ATTCares. https://t.co/IduQedlep6",neg,-0.1933,general,general,,Twitter
Dallas16,Authorized retailer,32.865482,-96.805688,5960 W Northwest Hwy,75225,Wed Oct 19 02:22:53 +0000 2016,RT @ATTBusinessCare: See how to use a custom signature in your AT&amp;T Landline Texting messages https://t.co/oX1F9ocbVw https://t.co/6pXYWH2y…,pos,0.6357,general,general,,Twitter
Dallas16,Authorized retailer,32.865482,-96.805688,5960 W Northwest Hwy,75225,Wed Oct 19 02:22:11 +0000 2016,RT @RickTweetTweet: Listen: Life At AT&amp;T Podcast with 3  #Women Vice Presidents #LifeatATT  #WomenLeaders #ATTDiversity https://t.co/MsMDVK…,pos,0.3843,general,general,,Twitter
Dallas16,Authorized retailer,32.865482,-96.805688,5960 W Northwest Hwy,75225,Wed Oct 19 02:22:04 +0000 2016,@ATTCares the past 3 weeks or so maybe more. This is unacceptable.,neg,-0.7741,general,general,,Twitter
Dallas16,Authorized retailer,32.865482,-96.805688,5960 W Northwest Hwy,75225,Wed Oct 19 02:22:02 +0000 2016,@ATTCares doing the same thing. Now it seems like the DVR has stopped working as well. This is beyond annoying. We've had a tech here for,neg,-0.5709,general,general,,Twitter
Dallas16,Authorized retailer,32.865482,-96.805688,5960 W Northwest Hwy,75225,Wed Oct 19 02:22:01 +0000 2016,"@ATTCares the service cuts out about 5-10 times per hour. We've had techs come out and move the wap, out in new hardware, rewire, and still",pos,0.6950,general,general,,Twitter
Dallas16,Authorized retailer,32.865482,-96.805688,5960 W Northwest Hwy,75225,Wed Oct 19 02:20:48 +0000 2016,"RT @RickTweetTweet: Women in Tech Q&amp;A: Kay Kapoor - President, AT&amp;T Global Business-Public Sector #WomeninTech #LifeAtATT https://t.co/SRsJ…",pos,0.8077,general,general,,Twitter
Dallas16,Authorized retailer,32.865482,-96.805688,5960 W Northwest Hwy,75225,Wed Oct 19 02:20:42 +0000 2016,RT @ATT: Heading to Cuba? Take your phone along for the trip + stay connected to those back home. https://t.co/euhz4Z6Zbb https://t.co/AiPS…,pos,0.2225,general,general,,Twitter
Dallas16,Authorized retailer,32.865482,-96.805688,5960 W Northwest Hwy,75225,Wed Oct 19 02:20:34 +0000 2016,RT @attJOBS: See what #LifeAtATT is like for the women of AT&amp;T: https://t.co/9rguQ7QaFV https://t.co/xsQ0cX6Inq,pos,0.0887,general,general,,Twitter
Dallas16,Authorized retailer,32.865482,-96.805688,5960 W Northwest Hwy,75225,Wed Oct 19 02:15:28 +0000 2016,RT @ATT: Welcome to the team! @taylorswift13 https://t.co/4h86nLYuLo https://t.co/gAHOi7fPrZ,neg,-0.6483,general,general,,Twitter
Dallas16,Authorized retailer,32.865482,-96.805688,5960 W Northwest Hwy,75225,Wed Oct 19 02:09:42 +0000 2016,"RT @attJOBS: Through technology, we're helping to connect students with mentors across the country. Here's how: https://t.co/aIHtIbm2d3 #AT…",pos,0.0775,general,general,,Twitter
Dallas16,Authorized retailer,32.865482,-96.805688,5960 W Northwest Hwy,75225,Wed Oct 19 02:07:42 +0000 2016,RT @ATT: Welcome to the team! @taylorswift13 https://t.co/4h86nLYuLo https://t.co/gAHOi7fPrZ,neg,-0.6483,general,general,,Twitter
Dallas16,Authorized retailer,32.865482,-96.805688,5960 W Northwest Hwy,75225,Wed Oct 19 02:06:06 +0000 2016,RT @ATT: Welcome to the team! @taylorswift13 https://t.co/4h86nLYuLo https://t.co/gAHOi7fPrZ,neg,-0.6483,general,general,,Twitter
Dallas16,Authorized retailer,32.865482,-96.805688,5960 W Northwest Hwy,75225,Wed Oct 19 02:05:37 +0000 2016,Trying to unlock #ATT mobile phone. Bought phone from a store employee &amp; trying to unlock. Denied. 1st owner must u… https://t.co/JXZmzohKmX,pos,0.3718,general,store experience,,Twitter
Dallas16,Authorized retailer,32.865482,-96.805688,5960 W Northwest Hwy,75225,Wed Oct 19 02:03:39 +0000 2016,RT @ATT: Welcome to the team! @taylorswift13 https://t.co/4h86nLYuLo https://t.co/gAHOi7fPrZ,neg,-0.6483,general,general,,Twitter
Dallas16,Authorized retailer,32.865482,-96.805688,5960 W Northwest Hwy,75225,Wed Oct 19 02:01:20 +0000 2016,Dear @Uverse I'm having all sorts of probs right now. Broadband mainly. But #Spectrum has moved into town. Hmm...how should I choose.,pos,0.5470,uverse,general,,Twitter
Dallas16,Authorized retailer,32.865482,-96.805688,5960 W Northwest Hwy,75225,Wed Oct 19 01:57:50 +0000 2016,"RT @RickTweetTweet: Women in Tech Q&amp;A: Kay Kapoor - President, AT&amp;T Global Business-Public Sector #WomeninTech #LifeAtATT https://t.co/SRsJ…",pos,0.8077,general,general,,Twitter
