Dallas17,Authorized retailer,32.739229,-96.682466,1530 S Buckner Blvd,75217,Tue Oct 25 21:14:03 +0000 2016,How to talk about the @ATT-@twxcorp deal like an insider https://t.co/RwdVfXVliJ | @Melissa_Repko https://t.co/is1kfuOhar,neg,-0.6370,general,general,,Twitter
Dallas17,Authorized retailer,32.739229,-96.682466,1530 S Buckner Blvd,75217,Tue Oct 25 21:13:42 +0000 2016,RT @dallasnews: How to talk about the @ATT-@twxcorp deal like an insider https://t.co/RwdVfXVliJ | @Melissa_Repko https://t.co/C58eyEbuSU,neg,-0.6370,general,general,,Twitter
Dallas17,Authorized retailer,32.739229,-96.682466,1530 S Buckner Blvd,75217,Tue Oct 25 21:13:16 +0000 2016,How to talk about the @ATT-@twxcorp deal like an insider https://t.co/RwdVfXVliJ | @Melissa_Repko https://t.co/C58eyEbuSU,neg,-0.6370,general,general,,Twitter
Dallas17,Authorized retailer,32.739229,-96.682466,1530 S Buckner Blvd,75217,Tue Oct 25 21:11:05 +0000 2016,"100 channels, no dish: AT&amp;T announces launch of DirecTV Now for $35 a month https://t.co/v7LI0v8hPx",pos,0.6146,directv,general,,Twitter
Dallas17,Authorized retailer,32.739229,-96.682466,1530 S Buckner Blvd,75217,Tue Oct 25 21:09:58 +0000 2016,"How ATT, Time Warner merger could impact Dallas footprint https://t.co/Atx7Slp8om @dallas_sun",neg,-0.9664,general,general,,Twitter
