Dallas5,Corporate retailer,32.8342578,-96.7045404,1152 North Buckner Blvd,75218,Wed Oct 19 17:00:27 +0000 2016,RT @ATT: Goals. Highlights. Interviews. Head to https://t.co/1KS2s33o0G for exclusive MLS content! #SoccerEverywhere https://t.co/jcgMlqKBj4,pos,0.6595,general,general,,Twitter
Dallas5,Corporate retailer,32.8342578,-96.7045404,1152 North Buckner Blvd,75218,Wed Oct 19 17:00:09 +0000 2016,Goals. Highlights. Interviews. Head to https://t.co/1KS2s33o0G for exclusive MLS content! #SoccerEverywhere https://t.co/jcgMlqKBj4,pos,0.9212,general,general,,Twitter
Dallas5,Corporate retailer,32.8342578,-96.7045404,1152 North Buckner Blvd,75218,Wed Oct 19 16:52:45 +0000 2016,Getting caught up with Marco at the @ATT booth today! Blog post coming soon about my AT&amp;T GoPhone giveaway.… https://t.co/7hsZGVR6Zm,neg,-0.0876,general,general,,Twitter
Dallas5,Corporate retailer,32.8342578,-96.7045404,1152 North Buckner Blvd,75218,Wed Oct 19 16:42:42 +0000 2016,RT @ATT: Get a sweet deal on the new iPhone 7 when you switch to AT&amp;T and have DIRECTV. https://t.co/TQVeUkmeZ6 https://t.co/zfZmNpe8AP,neg,-0.2990,directv,general,,Twitter
Dallas5,Corporate retailer,32.8342578,-96.7045404,1152 North Buckner Blvd,75218,Wed Oct 19 16:36:45 +0000 2016,RT @ATT: Welcome to the team! @taylorswift13 https://t.co/4h86nLYuLo https://t.co/gAHOi7fPrZ,neg,-0.6483,general,general,,Twitter
Dallas5,Corporate retailer,32.8342578,-96.7045404,1152 North Buckner Blvd,75218,Wed Oct 19 16:35:27 +0000 2016,AT&amp;T's commitment to the LGBT community #LifeatATT https://t.co/xWBnmHcTPO #attemployee https://t.co/3K6DXbScUJ,pos,0.1949,general,general,,Twitter
Dallas5,Corporate retailer,32.8342578,-96.7045404,1152 North Buckner Blvd,75218,Wed Oct 19 16:35:19 +0000 2016,"Women in Tech Q&amp;A: Kay Kapoor - President, AT&amp;T Global Business-Public Sector https://t.co/axpRMKau7d #attemployee https://t.co/LV3Ip0kTie",pos,0.8077,general,general,,Twitter
Dallas5,Corporate retailer,32.8342578,-96.7045404,1152 North Buckner Blvd,75218,Wed Oct 19 16:30:27 +0000 2016,RT @ATT: Welcome to the team! @taylorswift13 https://t.co/4h86nLYuLo https://t.co/gAHOi7fPrZ,neg,-0.6483,general,general,,Twitter
Dallas5,Corporate retailer,32.8342578,-96.7045404,1152 North Buckner Blvd,75218,Wed Oct 19 16:30:21 +0000 2016,RT @ATT: Get a sweet deal on the new iPhone 7 when you switch to AT&amp;T and have DIRECTV. https://t.co/TQVeUkmeZ6 https://t.co/zfZmNpe8AP,neg,-0.2990,directv,general,,Twitter
Dallas5,Corporate retailer,32.8342578,-96.7045404,1152 North Buckner Blvd,75218,Wed Oct 19 16:24:32 +0000 2016,"New marketing agency lands AT&amp;T, opens shop in Dallas and plans to employ 100 people. https://t.co/KTALGnMJl9 via @dallasnews",pos,0.8516,general,general,,Twitter
Dallas5,Corporate retailer,32.8342578,-96.7045404,1152 North Buckner Blvd,75218,Wed Oct 19 16:15:05 +0000 2016,RT @ATT: Welcome to the team! @taylorswift13 https://t.co/4h86nLYuLo https://t.co/gAHOi7fPrZ,neg,-0.6483,general,general,,Twitter
