Dallas2,Corporate retailer,32.8111091,-96.8092962,3329 Oak Lawn Avenue,75219,Sun Oct 23 02:59:18 +0000 2016,RT @ATT: The #futureofvideo is mobile and the #futureofmobile is video. Time Warner + AT&amp;T make it happen! @twxcorp https://t.co/GKx4U9TQYg,neg,-0.6722,general,general,,Twitter
Dallas2,Corporate retailer,32.8111091,-96.8092962,3329 Oak Lawn Avenue,75219,Sun Oct 23 02:56:30 +0000 2016,"""Who’s Behind the Deal Between AT&amp;T and Time Warner"" by MICHAEL J. de la MERCED via NYT The New York Times https://t.co/hvkgghzzDa",pos,0.6172,general,general,,Twitter
Dallas2,Corporate retailer,32.8111091,-96.8092962,3329 Oak Lawn Avenue,75219,Sun Oct 23 02:56:17 +0000 2016,RT @ATT: The #futureofvideo is mobile and the #futureofmobile is video. Time Warner + AT&amp;T make it happen! @twxcorp https://t.co/GKx4U9TQYg,neg,-0.6722,general,general,,Twitter
Dallas2,Corporate retailer,32.8111091,-96.8092962,3329 Oak Lawn Avenue,75219,Sun Oct 23 02:55:59 +0000 2016,RT @ATT: The #futureofvideo is mobile and the #futureofmobile is video. Time Warner + AT&amp;T make it happen! @twxcorp https://t.co/GKx4U9TQYg,neg,-0.6722,general,general,,Twitter
Dallas2,Corporate retailer,32.8111091,-96.8092962,3329 Oak Lawn Avenue,75219,Sun Oct 23 02:55:34 +0000 2016,RT @ATT: Welcome to the team! @taylorswift13 https://t.co/4h86nLYuLo https://t.co/gAHOi7fPrZ,neg,-0.6483,general,general,,Twitter
Dallas2,Corporate retailer,32.8111091,-96.8092962,3329 Oak Lawn Avenue,75219,Sun Oct 23 02:55:04 +0000 2016,RT @john_verdes: 5 line port from ATT at Brightstar on Illinois ave! #SprintSaysThanks https://t.co/5EjbWOWkY8,neg,-0.7265,general,general,,Twitter
Dallas2,Corporate retailer,32.8111091,-96.8092962,3329 Oak Lawn Avenue,75219,Sun Oct 23 02:54:19 +0000 2016,RT @ATT: Welcome to the team! @taylorswift13 https://t.co/4h86nLYuLo https://t.co/gAHOi7fPrZ,neg,-0.6483,general,general,,Twitter
Dallas2,Corporate retailer,32.8111091,-96.8092962,3329 Oak Lawn Avenue,75219,Sun Oct 23 02:52:26 +0000 2016,RT @ATT: Welcome to the team! @taylorswift13 https://t.co/4h86nLYuLo https://t.co/gAHOi7fPrZ,neg,-0.6483,general,general,,Twitter
Dallas2,Corporate retailer,32.8111091,-96.8092962,3329 Oak Lawn Avenue,75219,Sun Oct 23 02:52:20 +0000 2016,Well there you have it! AT&amp;T Acquiring Time Warner! #groundbreaking #LifeatAtt https://t.co/vq88RO7mGq,pos,0.2584,general,general,,Twitter
Dallas2,Corporate retailer,32.8111091,-96.8092962,3329 Oak Lawn Avenue,75219,Sun Oct 23 02:52:13 +0000 2016,"?MONOPOLY? /// AT&amp;T Buying HBO and CNN Owner Time Warner for $85.4 Billion - ABC News
https://t.co/mZCDEdsw4q

Shared via Bing search
https:",pos,0.9934,general,general,,Twitter
Dallas2,Corporate retailer,32.8111091,-96.8092962,3329 Oak Lawn Avenue,75219,Sun Oct 23 02:52:05 +0000 2016,RT @ATT: The #futureofvideo is mobile and the #futureofmobile is video. Time Warner + AT&amp;T make it happen! @twxcorp https://t.co/GKx4U9TQYg,neg,-0.6722,general,general,,Twitter
Dallas2,Corporate retailer,32.8111091,-96.8092962,3329 Oak Lawn Avenue,75219,Sun Oct 23 02:48:55 +0000 2016,RT @ATT: The #futureofvideo is mobile and the #futureofmobile is video. Time Warner + AT&amp;T make it happen! @twxcorp https://t.co/GKx4U9TQYg,neg,-0.6722,general,general,,Twitter
