Dallas15,Authorized retailer,32.853965,-96.769903,5521 Greenville Ave,75206,Fri Oct 28 03:24:02 +0000 2016,@Crypt_Concepts Check all the channel listings and packages here: https://t.co/9QShDELSg7 DM us if you have further questions. ^CrisH,pos,0.7210,general,general,,Twitter
Dallas15,Authorized retailer,32.853965,-96.769903,5521 Greenville Ave,75206,Fri Oct 28 03:23:28 +0000 2016,RT @ATT: Get a sweet deal on the new iPhone 7 when you switch to AT&amp;T and have DIRECTV. https://t.co/JO08KrMKj7 https://t.co/tAcB2wPVFO,neg,-0.2990,directv,general,,Twitter
Dallas15,Authorized retailer,32.853965,-96.769903,5521 Greenville Ave,75206,Fri Oct 28 03:21:37 +0000 2016,@footnoted We are aware of a service issue in the LA area and we’re working to resolve it as quickly as possible.,pos,0.3765,general,general,,Twitter
Dallas15,Authorized retailer,32.853965,-96.769903,5521 Greenville Ave,75206,Fri Oct 28 03:21:19 +0000 2016,Sign the petition: Tell @TheJusticeDept to stop the @ATT-@TWXCorp merger https://t.co/t6CX0eJEg0 via @CREDOMobile #p2,pos,0.0111,general,general,,Twitter
Dallas15,Authorized retailer,32.853965,-96.769903,5521 Greenville Ave,75206,Fri Oct 28 03:10:03 +0000 2016,RT @ATT: Welcome to the team! @taylorswift13 https://t.co/4h86nLYuLo https://t.co/gAHOi7fPrZ,neg,-0.6483,general,general,,Twitter
Dallas15,Authorized retailer,32.853965,-96.769903,5521 Greenville Ave,75206,Fri Oct 28 03:09:16 +0000 2016,RT @ATT: Get a sweet deal on the new iPhone 7 when you switch to AT&amp;T and have DIRECTV. https://t.co/JO08KrMKj7 https://t.co/tAcB2wPVFO,neg,-0.2990,directv,general,,Twitter
Dallas15,Authorized retailer,32.853965,-96.769903,5521 Greenville Ave,75206,Fri Oct 28 02:10:09 +0000 2016,"RT @SportsDayHS: Due to conflicts, no #txhsfb at AT&amp;T Stadium for the first 3 rounds 😭
…but now we have The Star.
Details: https://t.co/UxR…",pos,0.9649,general,general,,Twitter
Dallas15,Authorized retailer,32.853965,-96.769903,5521 Greenville Ave,75206,Fri Oct 28 02:09:11 +0000 2016,"RT @SportsDayHS: Due to conflicts, no #txhsfb at AT&amp;T Stadium for the first 3 rounds 😭
…but now we have The Star.
Details: https://t.co/UxR…",pos,0.9649,general,general,,Twitter
Dallas15,Authorized retailer,32.853965,-96.769903,5521 Greenville Ave,75206,Fri Oct 28 02:08:20 +0000 2016,"RT @SportsDayHS: Due to conflicts, no #txhsfb at AT&amp;T Stadium for the first 3 rounds 😭
…but now we have The Star.
Details: https://t.co/UxR…",pos,0.9649,general,general,,Twitter
Dallas15,Authorized retailer,32.853965,-96.769903,5521 Greenville Ave,75206,Fri Oct 28 02:08:01 +0000 2016,"RT @SportsDayHS: Due to conflicts, no #txhsfb at AT&amp;T Stadium for the first 3 rounds 😭
…but now we have The Star.
Details: https://t.co/UxR…",pos,0.9649,general,general,,Twitter
Dallas15,Authorized retailer,32.853965,-96.769903,5521 Greenville Ave,75206,Fri Oct 28 02:05:43 +0000 2016,"Sorry, @ATT, FCC ruling may put an end to creepy, targeted advertising plans https://t.co/3odrIP7GAK | @agarre https://t.co/LNXw1pr9lW",pos,0.1353,general,general,,Twitter
Dallas15,Authorized retailer,32.853965,-96.769903,5521 Greenville Ave,75206,Fri Oct 28 02:00:10 +0000 2016,AT&amp;T and Ericsson demonstrate 5G network capabilities at Texas Wireless Summit https://t.co/Mo4o7l0XAE #attemployee https://t.co/TdEc4sBW66,neg,-0.7048,general,general,,Twitter
Dallas15,Authorized retailer,32.853965,-96.769903,5521 Greenville Ave,75206,Fri Oct 28 01:24:30 +0000 2016,"RT @attJOBS: We have all the #interview tips you need in one list! Learn what to do before, during and after your next interview: https://t…",pos,0.7538,general,general,,Twitter
Dallas15,Authorized retailer,32.853965,-96.769903,5521 Greenville Ave,75206,Fri Oct 28 01:20:20 +0000 2016,AT&amp;T launches first LTE-M site to grow IOT https://t.co/5NzkgTM1ky #attemployee https://t.co/tQGHVXY1Mv,pos,0.1675,general,general,,Twitter
Dallas15,Authorized retailer,32.853965,-96.769903,5521 Greenville Ave,75206,Fri Oct 28 01:04:10 +0000 2016,"The AT&amp;T-Time Warner Deal: Perspective from the Great Trustbuster, Part II — Theodore Roosevelt Spells Out the Two…… https://t.co/ijmHlaGegG",pos,0.5972,general,general,,Twitter
Dallas15,Authorized retailer,32.853965,-96.769903,5521 Greenville Ave,75206,Fri Oct 28 01:02:25 +0000 2016,RT @BillNicholsDMN: Why Jordan Spieth is the perfect ambassador for AT&amp;T Byron Nelson's move to new home in 2018 https://t.co/makT7VH1Z3 vi…,pos,0.1909,general,general,,Twitter
Dallas15,Authorized retailer,32.853965,-96.769903,5521 Greenville Ave,75206,Fri Oct 28 01:01:32 +0000 2016,RT @ATT: Welcome to the team! @taylorswift13 https://t.co/4h86nLYuLo https://t.co/gAHOi7fPrZ,neg,-0.6483,general,general,,Twitter
Dallas15,Authorized retailer,32.853965,-96.769903,5521 Greenville Ave,75206,Fri Oct 28 00:46:54 +0000 2016,RT @DBJShinneman: Analysts saying margins could be as thin as $1 or $2 for DirecTV Now https://t.co/HdOEEzVjgp @DallasBizNews $T,pos,0.8446,directv,general,,Twitter
Dallas15,Authorized retailer,32.853965,-96.769903,5521 Greenville Ave,75206,Fri Oct 28 00:45:04 +0000 2016,RT @ATT: Have a magical Halloween with the @LGUSAMobile #LGV20. https://t.co/yOfwY7oeQ0 https://t.co/AhKdm4NbiY,neg,-0.7461,general,general,,Twitter
Dallas15,Authorized retailer,32.853965,-96.769903,5521 Greenville Ave,75206,Fri Oct 28 00:38:03 +0000 2016,"RT @DecksInThePark: Get to Klyde Warren Park tonight for the Decks in the Park - Halloween Edition, Powered by @ATT The fun all starts at 6…",neg,-0.6584,general,general,,Twitter
Dallas15,Authorized retailer,32.853965,-96.769903,5521 Greenville Ave,75206,Fri Oct 28 00:29:27 +0000 2016,"RT @attJOBS: We have all the #interview tips you need in one list! Learn what to do before, during and after your next interview: https://t…",pos,0.7538,general,general,,Twitter
Dallas15,Authorized retailer,32.853965,-96.769903,5521 Greenville Ave,75206,Fri Oct 28 00:18:00 +0000 2016,"RT @dallascowboys: Won't be at #PHIvsDAL? 
You can watch LIVE using @DIRECTV's Sunday Ticket! 

Sign up here: https://t.co/jeY0kih32V https…",pos,0.2905,directv,general,,Twitter
Dallas15,Authorized retailer,32.853965,-96.769903,5521 Greenville Ave,75206,Fri Oct 28 00:15:37 +0000 2016,"RT @dallascowboys: Won't be at #PHIvsDAL? 
You can watch LIVE using @DIRECTV's Sunday Ticket! 

Sign up here: https://t.co/jeY0kih32V https…",pos,0.2905,directv,general,,Twitter
Dallas15,Authorized retailer,32.853965,-96.769903,5521 Greenville Ave,75206,Fri Oct 28 00:14:55 +0000 2016,RT @ATT: Welcome to the team! @taylorswift13 https://t.co/4h86nLYuLo https://t.co/gAHOi7fPrZ,neg,-0.6483,general,general,,Twitter
Dallas15,Authorized retailer,32.853965,-96.769903,5521 Greenville Ave,75206,Fri Oct 28 00:00:01 +0000 2016,Want to create a BYOD policy that meets your business needs? 5 guidelines here. https://t.co/YqF1AFnEXv https://t.co/WgJQEjA7kA,pos,0.1776,general,general,,Twitter
Dallas15,Authorized retailer,32.853965,-96.769903,5521 Greenville Ave,75206,Thu Oct 27 23:59:59 +0000 2016,"RT @dallasnews: Trump gets litigious, AT&amp;T gets bigger, @TomiLahren wins bigly: Your weekend news digest https://t.co/tjOy7OJCri https://t.…",neg,-0.7070,general,general,,Twitter
Dallas15,Authorized retailer,32.853965,-96.769903,5521 Greenville Ave,75206,Thu Oct 27 23:57:14 +0000 2016,"RT @dallascowboys: Won't be at #PHIvsDAL? 
You can watch LIVE using @DIRECTV's Sunday Ticket! 

Sign up here: https://t.co/jeY0kih32V https…",pos,0.2905,directv,general,,Twitter
Dallas15,Authorized retailer,32.853965,-96.769903,5521 Greenville Ave,75206,Thu Oct 27 23:57:11 +0000 2016,"RT @dallascowboys: Won't be at #PHIvsDAL? 
You can watch LIVE using @DIRECTV's Sunday Ticket! 

Sign up here: https://t.co/jeY0kih32V https…",pos,0.2905,directv,general,,Twitter
Dallas15,Authorized retailer,32.853965,-96.769903,5521 Greenville Ave,75206,Thu Oct 27 23:52:41 +0000 2016,RT @ATTBusiness: Our IoT Starter Kit is more than just a developer data plan. Get the tools to design and launch an #IoT device now: https:…,pos,0.6174,general,general,,Twitter
Dallas15,Authorized retailer,32.853965,-96.769903,5521 Greenville Ave,75206,Thu Oct 27 23:50:22 +0000 2016,RT @ATT: Get a sweet deal on the new iPhone 7 when you switch to AT&amp;T and have DIRECTV. https://t.co/JO08KrMKj7 https://t.co/tAcB2wPVFO,neg,-0.2990,directv,general,,Twitter
Dallas15,Authorized retailer,32.853965,-96.769903,5521 Greenville Ave,75206,Thu Oct 27 23:42:36 +0000 2016,"RT @attJOBS: We have all the #interview tips you need in one list! Learn what to do before, during and after your next interview: https://t…",pos,0.7538,general,general,,Twitter
Dallas15,Authorized retailer,32.853965,-96.769903,5521 Greenville Ave,75206,Thu Oct 27 23:28:07 +0000 2016,RT @ATT: Welcome to the team! @taylorswift13 https://t.co/4h86nLYuLo https://t.co/gAHOi7fPrZ,neg,-0.6483,general,general,,Twitter
Dallas15,Authorized retailer,32.853965,-96.769903,5521 Greenville Ave,75206,Thu Oct 27 23:26:03 +0000 2016,"RT @dallascowboys: Won't be at #PHIvsDAL? 
You can watch LIVE using @DIRECTV's Sunday Ticket! 

Sign up here: https://t.co/jeY0kih32V https…",pos,0.2905,directv,general,,Twitter
Dallas15,Authorized retailer,32.853965,-96.769903,5521 Greenville Ave,75206,Thu Oct 27 23:24:22 +0000 2016,RT @ATT: Welcome to the team! @taylorswift13 https://t.co/4h86nLYuLo https://t.co/gAHOi7fPrZ,neg,-0.6483,general,general,,Twitter
Dallas15,Authorized retailer,32.853965,-96.769903,5521 Greenville Ave,75206,Thu Oct 27 23:10:59 +0000 2016,RT @Uverse: #Momaholics unite! The craziness continues in the season premiere of @MomCBS at 9/8c. https://t.co/UMb4myZolA,pos,0.9592,uverse,general,,Twitter
Dallas15,Authorized retailer,32.853965,-96.769903,5521 Greenville Ave,75206,Thu Oct 27 22:59:45 +0000 2016,"RT @DecksInThePark: Get to Klyde Warren Park tonight for the Decks in the Park - Halloween Edition, Powered by @ATT The fun all starts at 6…",neg,-0.6584,general,general,,Twitter
Dallas15,Authorized retailer,32.853965,-96.769903,5521 Greenville Ave,75206,Thu Oct 27 22:59:26 +0000 2016,"RT @dallascowboys: Won't be at #PHIvsDAL? 
You can watch LIVE using @DIRECTV's Sunday Ticket! 

Sign up here: https://t.co/jeY0kih32V https…",pos,0.2905,directv,general,,Twitter
Dallas15,Authorized retailer,32.853965,-96.769903,5521 Greenville Ave,75206,Thu Oct 27 22:52:04 +0000 2016,"RT @attJOBS: We have all the #interview tips you need in one list! Learn what to do before, during and after your next interview: https://t…",pos,0.7538,general,general,,Twitter
Dallas15,Authorized retailer,32.853965,-96.769903,5521 Greenville Ave,75206,Thu Oct 27 22:50:25 +0000 2016,RT @DBJShinneman: Analysts saying margins could be as thin as $1 or $2 for DirecTV Now https://t.co/HdOEEzVjgp @DallasBizNews $T,pos,0.8446,directv,general,,Twitter
Dallas15,Authorized retailer,32.853965,-96.769903,5521 Greenville Ave,75206,Thu Oct 27 22:49:58 +0000 2016,RT @ATT: Welcome to the team! @taylorswift13 https://t.co/4h86nLYuLo https://t.co/gAHOi7fPrZ,neg,-0.6483,general,general,,Twitter
Dallas15,Authorized retailer,32.853965,-96.769903,5521 Greenville Ave,75206,Thu Oct 27 22:49:24 +0000 2016,"RT @dallascowboys: Won't be at #PHIvsDAL? 
You can watch LIVE using @DIRECTV's Sunday Ticket! 

Sign up here: https://t.co/jeY0kih32V https…",pos,0.2905,directv,general,,Twitter
Dallas15,Authorized retailer,32.853965,-96.769903,5521 Greenville Ave,75206,Thu Oct 27 22:49:22 +0000 2016,RT @attJOBS: We’re lucky to have a lot of #WomenWhoInspire us at AT&amp;T. Meet a few of them: https://t.co/8juFZJTY20 https://t.co/H6mCC5fGEj,pos,0.1383,general,general,,Twitter
Dallas15,Authorized retailer,32.853965,-96.769903,5521 Greenville Ave,75206,Thu Oct 27 22:49:10 +0000 2016,"RT @dallascowboys: Won't be at #PHIvsDAL? 
You can watch LIVE using @DIRECTV's Sunday Ticket! 

Sign up here: https://t.co/jeY0kih32V https…",pos,0.2905,directv,general,,Twitter
Dallas15,Authorized retailer,32.853965,-96.769903,5521 Greenville Ave,75206,Thu Oct 27 22:47:51 +0000 2016,"RT @dallascowboys: Won't be at #PHIvsDAL? 
You can watch LIVE using @DIRECTV's Sunday Ticket! 

Sign up here: https://t.co/jeY0kih32V https…",pos,0.2905,directv,general,,Twitter
Dallas15,Authorized retailer,32.853965,-96.769903,5521 Greenville Ave,75206,Thu Oct 27 22:40:48 +0000 2016,"RT @dallascowboys: Won't be at #PHIvsDAL? 
You can watch LIVE using @DIRECTV's Sunday Ticket! 

Sign up here: https://t.co/jeY0kih32V https…",pos,0.2905,directv,general,,Twitter
Dallas15,Authorized retailer,32.853965,-96.769903,5521 Greenville Ave,75206,Thu Oct 27 22:38:48 +0000 2016,"RT @dallascowboys: Won't be at #PHIvsDAL? 
You can watch LIVE using @DIRECTV's Sunday Ticket! 

Sign up here: https://t.co/jeY0kih32V https…",pos,0.2905,directv,general,,Twitter
Dallas15,Authorized retailer,32.853965,-96.769903,5521 Greenville Ave,75206,Thu Oct 27 22:37:41 +0000 2016,"RT @dallascowboys: Won't be at #PHIvsDAL? 
You can watch LIVE using @DIRECTV's Sunday Ticket! 

Sign up here: https://t.co/jeY0kih32V https…",pos,0.2905,directv,general,,Twitter
