Dallas8,Corporate retailer,32.913273,-96.958064,7800 N. Macarthur Boulevard Suite 150,75063,Wed Oct 19 21:10:15 +0000 2016,VOTE TRUMP for term limits and kicking out all the crooked politicians. https://t.co/tVKIE9dcCg,neg,-0.2477,general,general,,Twitter
Dallas8,Corporate retailer,32.913273,-96.958064,7800 N. Macarthur Boulevard Suite 150,75063,Wed Oct 19 21:06:50 +0000 2016,"RT @ATT: Before you vote, grab the remote and tune into the final #debatenight at 8/7c. #UNLVPresDebate https://t.co/afLxTSZMLW",neg,-0.7424,general,general,,Twitter
Dallas8,Corporate retailer,32.913273,-96.958064,7800 N. Macarthur Boulevard Suite 150,75063,Wed Oct 19 21:05:26 +0000 2016,"RT @ATT: Before you vote, grab the remote and tune into the final #debatenight at 8/7c. #UNLVPresDebate https://t.co/afLxTSZMLW",neg,-0.7424,general,general,,Twitter
Dallas8,Corporate retailer,32.913273,-96.958064,7800 N. Macarthur Boulevard Suite 150,75063,Wed Oct 19 21:05:09 +0000 2016,Christy Berry Chairs Prelude Lights at AT&amp;T Performing Arts Center’s Inaugural “Prelude” to Aurora https://t.co/Td0TSIUgiY #Agents,pos,0.8689,general,general,,Twitter
Dallas8,Corporate retailer,32.913273,-96.958064,7800 N. Macarthur Boulevard Suite 150,75063,Wed Oct 19 21:02:39 +0000 2016,"RT @ATT: Before you vote, grab the remote and tune into the final #debatenight at 8/7c. #UNLVPresDebate https://t.co/afLxTSZMLW",neg,-0.7424,general,general,,Twitter
Dallas8,Corporate retailer,32.913273,-96.958064,7800 N. Macarthur Boulevard Suite 150,75063,Wed Oct 19 21:01:48 +0000 2016,"Before you vote, grab the remote and tune into the final #debatenight  at 8/7c. #UNLVPresDebate https://t.co/2Qz5Vaq4aS",neg,-0.1499,general,general,,Twitter
Dallas8,Corporate retailer,32.913273,-96.958064,7800 N. Macarthur Boulevard Suite 150,75063,Wed Oct 19 21:01:13 +0000 2016,"RT @ATT: Before you vote, grab the remote and tune into the final #debatenight at 8/7c. #UNLVPresDebate https://t.co/afLxTSZMLW",neg,-0.7424,general,general,,Twitter
Dallas8,Corporate retailer,32.913273,-96.958064,7800 N. Macarthur Boulevard Suite 150,75063,Wed Oct 19 21:00:59 +0000 2016,"RT @ATT: Before you vote, grab the remote and tune into the final #debatenight at 8/7c. #UNLVPresDebate https://t.co/afLxTSZMLW",neg,-0.7424,general,general,,Twitter
Dallas8,Corporate retailer,32.913273,-96.958064,7800 N. Macarthur Boulevard Suite 150,75063,Wed Oct 19 21:00:47 +0000 2016,"RT @ATT: Before you vote, grab the remote and tune into the final #debatenight at 8/7c. #UNLVPresDebate https://t.co/afLxTSZMLW",neg,-0.7424,general,general,,Twitter
Dallas8,Corporate retailer,32.913273,-96.958064,7800 N. Macarthur Boulevard Suite 150,75063,Wed Oct 19 21:00:33 +0000 2016,"RT @ATT: Before you vote, grab the remote and tune into the final #debatenight at 8/7c. #UNLVPresDebate https://t.co/afLxTSZMLW",neg,-0.7424,general,general,,Twitter
Dallas8,Corporate retailer,32.913273,-96.958064,7800 N. Macarthur Boulevard Suite 150,75063,Wed Oct 19 21:00:20 +0000 2016,Very proud of our Christy Berry! https://t.co/JSXZZYSnb7,pos,0.8153,general,general,,Twitter
Dallas8,Corporate retailer,32.913273,-96.958064,7800 N. Macarthur Boulevard Suite 150,75063,Wed Oct 19 21:00:04 +0000 2016,"Before you vote, grab the remote and tune into the final #debatenight at 8/7c. #UNLVPresDebate https://t.co/afLxTSZMLW",neg,-0.1499,general,general,,Twitter
Dallas8,Corporate retailer,32.913273,-96.958064,7800 N. Macarthur Boulevard Suite 150,75063,Wed Oct 19 21:00:03 +0000 2016,Christy Berry Chairs Prelude Lights at AT&amp;T Performing Arts Center’s Inaugural “Prelude” to Aurora... https://t.co/FgOKJpWMjD,pos,0.8749,general,general,,Twitter
Dallas8,Corporate retailer,32.913273,-96.958064,7800 N. Macarthur Boulevard Suite 150,75063,Wed Oct 19 20:59:50 +0000 2016,"Christy Berry Chairs Prelude Lights at AT&amp;T Performing Arts Center’s Inaugural “Prelude” to Aurora
 https://t.co/4UFc1RCL0T",pos,0.8749,general,general,,Twitter
Dallas8,Corporate retailer,32.913273,-96.958064,7800 N. Macarthur Boulevard Suite 150,75063,Wed Oct 19 20:57:59 +0000 2016,"New media agency lands AT&amp;amp;T, opens shop in Dallas and plans to employ 100 people https://t.co/MSoQrwOsVC via @dallasnews",pos,0.8960,general,general,,Twitter
Dallas8,Corporate retailer,32.913273,-96.958064,7800 N. Macarthur Boulevard Suite 150,75063,Wed Oct 19 20:57:20 +0000 2016,RT @ATT: Who made you a college 🏈 fan? Share with #MadeMeAFanContest for a chance to win. Rules https://t.co/hU3I3wFn5V https://t.co/xZbxUJ…,neg,-0.2751,general,general,,Twitter
Dallas8,Corporate retailer,32.913273,-96.958064,7800 N. Macarthur Boulevard Suite 150,75063,Wed Oct 19 20:54:51 +0000 2016,RT @ATT: Goals. Highlights. Interviews. Head to https://t.co/1KS2s33o0G for exclusive MLS content! #SoccerEverywhere https://t.co/jcgMlqKBj4,pos,0.6595,general,general,,Twitter
Dallas8,Corporate retailer,32.913273,-96.958064,7800 N. Macarthur Boulevard Suite 150,75063,Wed Oct 19 20:54:35 +0000 2016,RT @ATT: Goals. Highlights. Interviews. Head to https://t.co/1KS2s33o0G for exclusive MLS content! #SoccerEverywhere https://t.co/jcgMlqKBj4,pos,0.6595,general,general,,Twitter
Dallas8,Corporate retailer,32.913273,-96.958064,7800 N. Macarthur Boulevard Suite 150,75063,Wed Oct 19 20:53:28 +0000 2016,RT @ATT: Who made you a college 🏈 fan? Share with #MadeMeAFanContest for a chance to win. Rules https://t.co/hU3I3wFn5V https://t.co/xZbxUJ…,neg,-0.2751,general,general,,Twitter
Dallas8,Corporate retailer,32.913273,-96.958064,7800 N. Macarthur Boulevard Suite 150,75063,Wed Oct 19 20:51:12 +0000 2016,RT @ATT: Get a sweet deal on the new iPhone 7 when you switch to AT&amp;T and have DIRECTV. https://t.co/TQVeUkmeZ6 https://t.co/zfZmNpe8AP,neg,-0.2990,directv,general,,Twitter
Dallas8,Corporate retailer,32.913273,-96.958064,7800 N. Macarthur Boulevard Suite 150,75063,Wed Oct 19 20:46:21 +0000 2016,RT @ATT: Goals. Highlights. Interviews. Head to https://t.co/1KS2s33o0G for exclusive MLS content! #SoccerEverywhere https://t.co/jcgMlqKBj4,pos,0.6595,general,general,,Twitter
Dallas8,Corporate retailer,32.913273,-96.958064,7800 N. Macarthur Boulevard Suite 150,75063,Wed Oct 19 20:46:11 +0000 2016,RT @ATTBusinessCare: See how to use a custom signature in your AT&amp;T Landline Texting messages https://t.co/oX1F9ocbVw https://t.co/6pXYWH2y…,pos,0.6357,general,general,,Twitter
Dallas8,Corporate retailer,32.913273,-96.958064,7800 N. Macarthur Boulevard Suite 150,75063,Wed Oct 19 20:46:02 +0000 2016,RT @attJOBS: Our employees broke records with @Stop_Hunger_Now at our ERG Conference! Learn how they made an #ATTimpact:  https://t.co/3s0Z…,pos,0.0619,general,general,,Twitter
Dallas8,Corporate retailer,32.913273,-96.958064,7800 N. Macarthur Boulevard Suite 150,75063,Wed Oct 19 20:45:54 +0000 2016,"RT @dallasnews: New media agency @Hearts_Science lands @ATT, opens shop in Dallas and plans to employ 100 people https://t.co/f5bPR9R5EQ @m…",pos,0.3322,general,general,,Twitter
Dallas8,Corporate retailer,32.913273,-96.958064,7800 N. Macarthur Boulevard Suite 150,75063,Wed Oct 19 20:45:34 +0000 2016,"RT @attJOBS: Through technology, we're helping to connect students with mentors across the country. Here's how: https://t.co/aIHtIbm2d3 #AT…",pos,0.0775,general,general,,Twitter
Dallas8,Corporate retailer,32.913273,-96.958064,7800 N. Macarthur Boulevard Suite 150,75063,Wed Oct 19 20:45:03 +0000 2016,RT @ATTBusinessCare: Need to cancel an AT&amp;T Workforce Manager order? Take a look at our tutorial at https://t.co/mm5DGoRC18 https://t.co/CD…,pos,0.1207,general,general,,Twitter
Dallas8,Corporate retailer,32.913273,-96.958064,7800 N. Macarthur Boulevard Suite 150,75063,Wed Oct 19 20:44:39 +0000 2016,RT @attJOBS: See what #LifeAtATT is like for the women of AT&amp;T: https://t.co/9rguQ7QaFV https://t.co/xsQ0cX6Inq,pos,0.0887,general,general,,Twitter
Dallas8,Corporate retailer,32.913273,-96.958064,7800 N. Macarthur Boulevard Suite 150,75063,Wed Oct 19 20:44:16 +0000 2016,RT @attJOBS: At the end of an interview you have a chance to make a lasting impression. Take it! Learn how: https://t.co/Fq9rgFL6f3 #Career…,pos,0.6291,general,general,,Twitter
Dallas8,Corporate retailer,32.913273,-96.958064,7800 N. Macarthur Boulevard Suite 150,75063,Wed Oct 19 20:44:10 +0000 2016,RT @attJOBS: We’ve had women in the laboratory since 1918! See how else we support #WomenInTech at our career fair booth 1201. #GHC16 https…,pos,0.3067,general,general,,Twitter
Dallas8,Corporate retailer,32.913273,-96.958064,7800 N. Macarthur Boulevard Suite 150,75063,Wed Oct 19 20:43:13 +0000 2016,RT @ATT: Welcome to the team! @taylorswift13 https://t.co/4h86nLYuLo https://t.co/gAHOi7fPrZ,neg,-0.6483,general,general,,Twitter
Dallas8,Corporate retailer,32.913273,-96.958064,7800 N. Macarthur Boulevard Suite 150,75063,Wed Oct 19 20:42:56 +0000 2016,RT @ATT: Welcome to the team! @taylorswift13 https://t.co/4h86nLYuLo https://t.co/gAHOi7fPrZ,neg,-0.6483,general,general,,Twitter
Dallas8,Corporate retailer,32.913273,-96.958064,7800 N. Macarthur Boulevard Suite 150,75063,Wed Oct 19 20:40:19 +0000 2016,RT @tonyromo: I wanna thank @DIRECTV for allowing me to show off my true self.  ;)  embarrassing is an understatement http://t.co/F0NniFESlL,pos,0.8169,directv,general,,Twitter
Dallas8,Corporate retailer,32.913273,-96.958064,7800 N. Macarthur Boulevard Suite 150,75063,Wed Oct 19 20:19:45 +0000 2016,"Spun off from @Omnicom, new agency is embedding management consultants + finance / statistical analysts w/ creative https://t.co/APRf3seEVn",pos,0.8056,general,general,,Twitter
Dallas8,Corporate retailer,32.913273,-96.958064,7800 N. Macarthur Boulevard Suite 150,75063,Wed Oct 19 20:01:47 +0000 2016,"Catch the #ATTRedCarpet starting at 7/6c on @AudienceNetwork, ch. 1114, followed by the #CMAAwards50 on @ABC at 8/7… https://t.co/xo8dBIAe6Q",neg,-0.0675,general,general,,Twitter
Dallas8,Corporate retailer,32.913273,-96.958064,7800 N. Macarthur Boulevard Suite 150,75063,Wed Oct 19 19:34:52 +0000 2016,Dak Prescott is 2nd in DYAR and QBR. He's also 3rd in DVOA and Yds/Att. Hard to bench that. #DallasCowboys,pos,0.9974,general,general,,Twitter
Dallas8,Corporate retailer,32.913273,-96.958064,7800 N. Macarthur Boulevard Suite 150,75063,Wed Oct 19 19:30:01 +0000 2016,At the end of an interview you have a chance to make a lasting impression. Take it! Learn how:… https://t.co/fWS16qWPIi,pos,0.6291,general,general,,Twitter
Dallas8,Corporate retailer,32.913273,-96.958064,7800 N. Macarthur Boulevard Suite 150,75063,Wed Oct 19 19:28:28 +0000 2016,RT @ATT: Welcome to the team! @taylorswift13 https://t.co/4h86nLYuLo https://t.co/gAHOi7fPrZ,neg,-0.6483,general,general,,Twitter
Dallas8,Corporate retailer,32.913273,-96.958064,7800 N. Macarthur Boulevard Suite 150,75063,Wed Oct 19 19:21:41 +0000 2016,RT @ATT: Welcome to the team! @taylorswift13 https://t.co/4h86nLYuLo https://t.co/gAHOi7fPrZ,neg,-0.6483,general,general,,Twitter
Dallas8,Corporate retailer,32.913273,-96.958064,7800 N. Macarthur Boulevard Suite 150,75063,Wed Oct 19 19:18:46 +0000 2016,RT @ATT: Welcome to the team! @taylorswift13 https://t.co/4h86nLYuLo https://t.co/gAHOi7fPrZ,neg,-0.6483,general,general,,Twitter
Dallas8,Corporate retailer,32.913273,-96.958064,7800 N. Macarthur Boulevard Suite 150,75063,Wed Oct 19 19:15:56 +0000 2016,"New media agency @Hearts_Science lands @ATT, opens shop in Dallas and plans to employ 100 people… https://t.co/n2lLIGUReh",pos,0.2705,general,general,,Twitter
Dallas8,Corporate retailer,32.913273,-96.958064,7800 N. Macarthur Boulevard Suite 150,75063,Wed Oct 19 19:11:36 +0000 2016,RT @ATT: Goals. Highlights. Interviews. Head to https://t.co/1KS2s33o0G for exclusive MLS content! #SoccerEverywhere https://t.co/jcgMlqKBj4,pos,0.6595,general,general,,Twitter
Dallas8,Corporate retailer,32.913273,-96.958064,7800 N. Macarthur Boulevard Suite 150,75063,Wed Oct 19 19:05:08 +0000 2016,RT @ATT: Welcome to the team! @taylorswift13 https://t.co/4h86nLYuLo https://t.co/gAHOi7fPrZ,neg,-0.6483,general,general,,Twitter
Dallas8,Corporate retailer,32.913273,-96.958064,7800 N. Macarthur Boulevard Suite 150,75063,Wed Oct 19 18:59:36 +0000 2016,@DIRECTV @DIRECTVService When are you going to offer NBA League Pass?  Season starts in 6 days. Prior years it was available for preseason!,pos,0.5199,directv,general,,Twitter
Dallas8,Corporate retailer,32.913273,-96.958064,7800 N. Macarthur Boulevard Suite 150,75063,Wed Oct 19 18:55:49 +0000 2016,@InTheBleachers We've been fighting this battle for like 2 months. #ATT can kick rocks. They've sent multiple people out and still not right,neg,-0.6922,general,general,,Twitter
Dallas8,Corporate retailer,32.913273,-96.958064,7800 N. Macarthur Boulevard Suite 150,75063,Wed Oct 19 18:50:44 +0000 2016,RT @ATT: Get a sweet deal on the new iPhone 7 when you switch to AT&amp;T and have DIRECTV. https://t.co/TQVeUkmeZ6 https://t.co/zfZmNpe8AP,neg,-0.2990,directv,general,,Twitter
Dallas8,Corporate retailer,32.913273,-96.958064,7800 N. Macarthur Boulevard Suite 150,75063,Wed Oct 19 18:44:01 +0000 2016,RT @ATTBusiness: Let us help you fend off cyberattacks. Sign up to receive our #ATTCyberInsights report to craft the right plan: https://t.…,pos,0.2714,general,general,,Twitter
Dallas8,Corporate retailer,32.913273,-96.958064,7800 N. Macarthur Boulevard Suite 150,75063,Wed Oct 19 18:43:05 +0000 2016,"RT @attJOBS: Through technology, we're helping to connect students with mentors across the country. Here's how: https://t.co/aIHtIbm2d3 #AT…",pos,0.0775,general,general,,Twitter
Dallas8,Corporate retailer,32.913273,-96.958064,7800 N. Macarthur Boulevard Suite 150,75063,Wed Oct 19 18:43:03 +0000 2016,RT @Teamcandotx: #teamcando #tugglenation We wear Pink because we support Breast Cancer Awareness! #BreastCancerAwarenessMonth #LifeAtATT…,pos,0.3915,general,general,,Twitter
Dallas8,Corporate retailer,32.913273,-96.958064,7800 N. Macarthur Boulevard Suite 150,75063,Wed Oct 19 18:40:19 +0000 2016,RT @RickTweetTweet: Listen: Life At AT&amp;T Podcast with 3  #Women Vice Presidents #LifeatATT  #WomenLeaders #ATTDiversity https://t.co/MsMDVK…,pos,0.3843,general,general,,Twitter
Dallas8,Corporate retailer,32.913273,-96.958064,7800 N. Macarthur Boulevard Suite 150,75063,Wed Oct 19 18:40:12 +0000 2016,"RT @RickTweetTweet: Women in Tech Q&amp;A: Kay Kapoor - President, AT&amp;T Global Business-Public Sector #WomeninTech #LifeAtATT https://t.co/SRsJ…",pos,0.8077,general,general,,Twitter
Dallas8,Corporate retailer,32.913273,-96.958064,7800 N. Macarthur Boulevard Suite 150,75063,Wed Oct 19 18:39:40 +0000 2016,Why do I have 59 recordings on uverse 😂😂😂😂😂,neg,-0.2405,uverse,general,,Twitter
Dallas8,Corporate retailer,32.913273,-96.958064,7800 N. Macarthur Boulevard Suite 150,75063,Wed Oct 19 18:39:37 +0000 2016,"RT @attJOBS: Through technology, we're helping to connect students with mentors across the country. Here's how: https://t.co/aIHtIbm2d3 #AT…",pos,0.0775,general,general,,Twitter
Dallas8,Corporate retailer,32.913273,-96.958064,7800 N. Macarthur Boulevard Suite 150,75063,Wed Oct 19 18:39:28 +0000 2016,RT @attJOBS: See what #LifeAtATT is like for the women of AT&amp;T: https://t.co/9rguQ7QaFV https://t.co/xsQ0cX6Inq,pos,0.0887,general,general,,Twitter
Dallas8,Corporate retailer,32.913273,-96.958064,7800 N. Macarthur Boulevard Suite 150,75063,Wed Oct 19 18:39:20 +0000 2016,RT @attJOBS: Our employees broke records with @Stop_Hunger_Now at our ERG Conference! Learn how they made an #ATTimpact:  https://t.co/3s0Z…,pos,0.0619,general,general,,Twitter
Dallas8,Corporate retailer,32.913273,-96.958064,7800 N. Macarthur Boulevard Suite 150,75063,Wed Oct 19 18:37:29 +0000 2016,"RT @ATTBusiness: A self-healing, self-resilent network w/ #AI opens the door to next-gen technology. Find out how: https://t.co/OrfatAuWXA…",pos,0.1941,general,general,,Twitter
