Dallas5,Corporate retailer,32.8342578,-96.7045404,1152 North Buckner Blvd,75218,Sun Oct 23 15:00:43 +0000 2016,RT @ATT: The #futureofvideo is mobile and the #futureofmobile is video. Time Warner + AT&amp;T make it happen! @twxcorp https://t.co/GKx4U9TQYg,neg,-0.6722,general,general,,Twitter
Dallas5,Corporate retailer,32.8342578,-96.7045404,1152 North Buckner Blvd,75218,Sun Oct 23 14:59:59 +0000 2016,"An AT&amp;T Acquisition Of Time Warner Has Consequences For Sports Fans: The AT&amp;T Board of Directors, like any ot... https://t.co/S7cSdeYyim",pos,0.4596,general,general,,Twitter
Dallas5,Corporate retailer,32.8342578,-96.7045404,1152 North Buckner Blvd,75218,Sun Oct 23 14:52:00 +0000 2016,RT @RickTweetTweet: Breaking News!!! AT&amp;T to Acquire Time Warner! My family just got bigger! #LifeAtATT  #TimeWarner https://t.co/RUAJa5ciO…,neg,-0.2232,general,general,,Twitter
Dallas5,Corporate retailer,32.8342578,-96.7045404,1152 North Buckner Blvd,75218,Sun Oct 23 14:38:57 +0000 2016,Nina Dobrev DirecTV Super Saturday Night in San Francisco https://t.co/JxKMDIQUJv #NinaDobrev,neg,-0.1305,directv,general,,Twitter
Dallas5,Corporate retailer,32.8342578,-96.7045404,1152 North Buckner Blvd,75218,Sun Oct 23 14:34:14 +0000 2016,RT @ATT: The #futureofvideo is mobile and the #futureofmobile is video. Time Warner + AT&amp;T make it happen! @twxcorp https://t.co/GKx4U9TQYg,neg,-0.6722,general,general,,Twitter
Dallas5,Corporate retailer,32.8342578,-96.7045404,1152 North Buckner Blvd,75218,Sun Oct 23 14:34:02 +0000 2016,AT&amp;T to buy Time Warner for $85.4 billion https://t.co/zOJiUAjtqN https://t.co/cfbc2jh2sd,pos,0.1210,general,general,,Twitter
Dallas5,Corporate retailer,32.8342578,-96.7045404,1152 North Buckner Blvd,75218,Sun Oct 23 14:28:16 +0000 2016,RT @ATT: The #futureofvideo is mobile and the #futureofmobile is video. Time Warner + AT&amp;T make it happen! @twxcorp https://t.co/GKx4U9TQYg,neg,-0.6722,general,general,,Twitter
Dallas5,Corporate retailer,32.8342578,-96.7045404,1152 North Buckner Blvd,75218,Sun Oct 23 14:26:03 +0000 2016,RT @ATT: The #futureofvideo is mobile and the #futureofmobile is video. Time Warner + AT&amp;T make it happen! @twxcorp https://t.co/GKx4U9TQYg,neg,-0.6722,general,general,,Twitter
Dallas5,Corporate retailer,32.8342578,-96.7045404,1152 North Buckner Blvd,75218,Sun Oct 23 14:23:07 +0000 2016,RT @ATTLatino: Famoso por sus coches clásicos y ritmo salsero – ahora puedes compartir a la cultura #Cubana desde tu móvil: https://t.co/9l…,pos,0.5000,general,general,,Twitter
Dallas5,Corporate retailer,32.8342578,-96.7045404,1152 North Buckner Blvd,75218,Sun Oct 23 14:21:08 +0000 2016,RT @ATT: The #futureofvideo is mobile and the #futureofmobile is video. Time Warner + AT&amp;T make it happen! @twxcorp https://t.co/GKx4U9TQYg,neg,-0.6722,general,general,,Twitter
Dallas5,Corporate retailer,32.8342578,-96.7045404,1152 North Buckner Blvd,75218,Sun Oct 23 14:18:35 +0000 2016,RT @ATT: The #futureofvideo is mobile and the #futureofmobile is video. Time Warner + AT&amp;T make it happen! @twxcorp https://t.co/GKx4U9TQYg,neg,-0.6722,general,general,,Twitter
Dallas5,Corporate retailer,32.8342578,-96.7045404,1152 North Buckner Blvd,75218,Sun Oct 23 14:18:18 +0000 2016,RT @ATT: The #futureofvideo is mobile and the #futureofmobile is video. Time Warner + AT&amp;T make it happen! @twxcorp https://t.co/GKx4U9TQYg,neg,-0.6722,general,general,,Twitter
Dallas5,Corporate retailer,32.8342578,-96.7045404,1152 North Buckner Blvd,75218,Sun Oct 23 14:15:45 +0000 2016,RT @ATT: The #futureofvideo is mobile and the #futureofmobile is video. Time Warner + AT&amp;T make it happen! @twxcorp https://t.co/GKx4U9TQYg,neg,-0.6722,general,general,,Twitter
Dallas5,Corporate retailer,32.8342578,-96.7045404,1152 North Buckner Blvd,75218,Sun Oct 23 14:05:16 +0000 2016,RT @ATT: The #futureofvideo is mobile and the #futureofmobile is video. Time Warner + AT&amp;T make it happen! @twxcorp https://t.co/GKx4U9TQYg,neg,-0.6722,general,general,,Twitter
Dallas5,Corporate retailer,32.8342578,-96.7045404,1152 North Buckner Blvd,75218,Sun Oct 23 14:03:47 +0000 2016,Brackets 4 Good &amp; AT&amp;T Team Up on New NPO Fundraising Tourney. https://t.co/Ijkdfw2OUZ @ConnectToGood @aptord @susanphoff @KitSawers,pos,0.0416,general,general,,Twitter
Dallas5,Corporate retailer,32.8342578,-96.7045404,1152 North Buckner Blvd,75218,Sun Oct 23 14:00:01 +0000 2016,Hear from Kristin how our Business Sales Leadership Development Program led to her successful career: https://t.co/aitAtDInv5 #BeTheFuture,pos,0.7784,general,general,,Twitter
Dallas5,Corporate retailer,32.8342578,-96.7045404,1152 North Buckner Blvd,75218,Sun Oct 23 13:56:35 +0000 2016,"Trump gets litigious, AT&amp;T gets bigger, @TomiLahren wins bigly: Your weekend news digest https://t.co/tjOy7OJCri https://t.co/XGVk25wpcl",neg,-0.7070,general,general,,Twitter
Dallas5,Corporate retailer,32.8342578,-96.7045404,1152 North Buckner Blvd,75218,Sun Oct 23 13:53:42 +0000 2016,RT @ATT: The #futureofvideo is mobile and the #futureofmobile is video. Time Warner + AT&amp;T make it happen! @twxcorp https://t.co/GKx4U9TQYg,neg,-0.6722,general,general,,Twitter
Dallas5,Corporate retailer,32.8342578,-96.7045404,1152 North Buckner Blvd,75218,Sun Oct 23 13:51:25 +0000 2016,RT @RickTweetTweet: Breaking News!!! AT&amp;T to Acquire Time Warner! My family just got bigger! #LifeAtATT  #TimeWarner https://t.co/RUAJa5ciO…,neg,-0.2232,general,general,,Twitter
Dallas5,Corporate retailer,32.8342578,-96.7045404,1152 North Buckner Blvd,75218,Sun Oct 23 13:43:34 +0000 2016,"Done deal: AT&amp;T, Time Warner boards approve deal valued at $108.7 billion https://t.co/ZZOfTtcmpi via @dallasnews",pos,0.8017,general,general,,Twitter
Dallas5,Corporate retailer,32.8342578,-96.7045404,1152 North Buckner Blvd,75218,Sun Oct 23 13:35:36 +0000 2016,We need another breakup of mega-corporations. #atttimewarner @realDonaldTrump @cnn @ATT @foxnews @USChamber,neg,-0.7082,general,general,,Twitter
Dallas5,Corporate retailer,32.8342578,-96.7045404,1152 North Buckner Blvd,75218,Sun Oct 23 13:34:59 +0000 2016,"Can AT&amp;T and Time Warner avoid a left-brain, right-brain culture clash? https://t.co/JLNpiXhcpW via @dallasnews",pos,0.6464,general,general,,Twitter
Dallas5,Corporate retailer,32.8342578,-96.7045404,1152 North Buckner Blvd,75218,Sun Oct 23 13:33:39 +0000 2016,AT https://t.co/uSCMOFWxVU via @wfaachannel8,pos,0.2927,general,general,,Twitter
Dallas5,Corporate retailer,32.8342578,-96.7045404,1152 North Buckner Blvd,75218,Sun Oct 23 13:33:12 +0000 2016,RT @ATT: The #futureofvideo is mobile and the #futureofmobile is video. Time Warner + AT&amp;T make it happen! @twxcorp https://t.co/GKx4U9TQYg,neg,-0.6722,general,general,,Twitter
Dallas5,Corporate retailer,32.8342578,-96.7045404,1152 North Buckner Blvd,75218,Sun Oct 23 13:33:11 +0000 2016,"How the AT&amp;T-Time Warner deal changes the TV, mobile landscapes https://t.co/icByLcfjeK via @dallasnews",pos,0.9650,general,general,,Twitter
Dallas5,Corporate retailer,32.8342578,-96.7045404,1152 North Buckner Blvd,75218,Sun Oct 23 13:30:56 +0000 2016,How millennials are creating the mobile office https://t.co/nrmXqjKfQV #cloud #attemployee,pos,0.6062,general,general,,Twitter
Dallas5,Corporate retailer,32.8342578,-96.7045404,1152 North Buckner Blvd,75218,Sun Oct 23 13:26:42 +0000 2016,RT @ATT: Heading to Cuba? Take your phone along for the trip + stay connected to those back home. https://t.co/euhz4Z6Zbb https://t.co/AiPS…,pos,0.2225,general,general,,Twitter
Dallas5,Corporate retailer,32.8342578,-96.7045404,1152 North Buckner Blvd,75218,Sun Oct 23 13:23:14 +0000 2016,RT @ATT: The #futureofvideo is mobile and the #futureofmobile is video. Time Warner + AT&amp;T make it happen! @twxcorp https://t.co/GKx4U9TQYg,neg,-0.6722,general,general,,Twitter
Dallas5,Corporate retailer,32.8342578,-96.7045404,1152 North Buckner Blvd,75218,Sun Oct 23 13:19:58 +0000 2016,RT @ATT: The #futureofvideo is mobile and the #futureofmobile is video. Time Warner + AT&amp;T make it happen! @twxcorp https://t.co/GKx4U9TQYg,neg,-0.6722,general,general,,Twitter
Dallas5,Corporate retailer,32.8342578,-96.7045404,1152 North Buckner Blvd,75218,Sun Oct 23 13:01:46 +0000 2016,"AT&amp;T, Time Warner boards approve $108.7 billion merger  | Technology | Dallas News https://t.co/s58rz9iliG |  #StopAT&amp;T",pos,0.7216,general,general,,Twitter
Dallas5,Corporate retailer,32.8342578,-96.7045404,1152 North Buckner Blvd,75218,Sun Oct 23 12:56:47 +0000 2016,RT @dallasnews: Donald Trump says he would block AT&amp;T-Time Warner merger if elected  https://t.co/XmCbKogRWi https://t.co/30j3wwnrTl,neg,-0.4092,general,general,,Twitter
Dallas5,Corporate retailer,32.8342578,-96.7045404,1152 North Buckner Blvd,75218,Sun Oct 23 12:51:12 +0000 2016,Why AT&amp;T wants Time Warner https://t.co/d2pxdcoKdb #tech,neg,-0.2184,general,general,,Twitter
Dallas5,Corporate retailer,32.8342578,-96.7045404,1152 North Buckner Blvd,75218,Sun Oct 23 12:47:42 +0000 2016,RT @ATT: The #futureofvideo is mobile and the #futureofmobile is video. Time Warner + AT&amp;T make it happen! @twxcorp https://t.co/GKx4U9TQYg,neg,-0.6722,general,general,,Twitter
Dallas5,Corporate retailer,32.8342578,-96.7045404,1152 North Buckner Blvd,75218,Sun Oct 23 12:44:02 +0000 2016,AT&amp;T Is Buying Time Warner Because the Future is Google https://t.co/xMkZo0T1LO https://t.co/dfVC5GuCM1,pos,0.3875,general,general,,Twitter
Dallas5,Corporate retailer,32.8342578,-96.7045404,1152 North Buckner Blvd,75218,Sun Oct 23 12:43:33 +0000 2016,RT @ATT: The #futureofvideo is mobile and the #futureofmobile is video. Time Warner + AT&amp;T make it happen! @twxcorp https://t.co/GKx4U9TQYg,neg,-0.6722,general,general,,Twitter
Dallas5,Corporate retailer,32.8342578,-96.7045404,1152 North Buckner Blvd,75218,Sun Oct 23 12:42:55 +0000 2016,“Do not tolerate each other. Move into uncomfortable territory and understand each other.” CEO ATT   https://t.co/f3MbLdEikS via @Recode,neg,-0.3270,general,general,,Twitter
Dallas5,Corporate retailer,32.8342578,-96.7045404,1152 North Buckner Blvd,75218,Sun Oct 23 12:35:19 +0000 2016,RT @ATT: The #futureofvideo is mobile and the #futureofmobile is video. Time Warner + AT&amp;T make it happen! @twxcorp https://t.co/GKx4U9TQYg,neg,-0.6722,general,general,,Twitter
Dallas5,Corporate retailer,32.8342578,-96.7045404,1152 North Buckner Blvd,75218,Sun Oct 23 12:30:50 +0000 2016,RT @ATT: The #futureofvideo is mobile and the #futureofmobile is video. Time Warner + AT&amp;T make it happen! @twxcorp https://t.co/GKx4U9TQYg,neg,-0.6722,general,general,,Twitter
Dallas5,Corporate retailer,32.8342578,-96.7045404,1152 North Buckner Blvd,75218,Sun Oct 23 12:30:49 +0000 2016,RT @ATT: Welcome to the team! @taylorswift13 https://t.co/4h86nLYuLo https://t.co/gAHOi7fPrZ,neg,-0.6483,general,general,,Twitter
Dallas5,Corporate retailer,32.8342578,-96.7045404,1152 North Buckner Blvd,75218,Sun Oct 23 12:30:35 +0000 2016,RT @ATT: The #futureofvideo is mobile and the #futureofmobile is video. Time Warner + AT&amp;T make it happen! @twxcorp https://t.co/GKx4U9TQYg,neg,-0.6722,general,general,,Twitter
