Dallas6,Corporate retailer,32.8740567,-96.771404,9100 N Central Expressway Suite 105,75231,Tue Oct 25 10:48:21 +0000 2016,.@nytimes Major #entertainment companies margins are eroding - struggling to find new ways to reach customers. https://t.co/E5GMMLIvpA,pos,0.9878,general,general,,Twitter
Dallas6,Corporate retailer,32.8740567,-96.771404,9100 N Central Expressway Suite 105,75231,Tue Oct 25 10:29:50 +0000 2016,RT @attJOBS: Our new #SanFrancisco flagship store is restored and ready for the future with our latest technology. Take a look: https://t.c…,pos,0.7603,general,store experience,,Twitter
Dallas6,Corporate retailer,32.8740567,-96.771404,9100 N Central Expressway Suite 105,75231,Tue Oct 25 10:28:08 +0000 2016,RT @attJOBS: You don't have to go back to school to continue learning. Try these tips to learn something new: https://t.co/N1AjraH8jR #Moti…,pos,0.7433,general,general,,Twitter
Dallas6,Corporate retailer,32.8740567,-96.771404,9100 N Central Expressway Suite 105,75231,Tue Oct 25 10:23:13 +0000 2016,RT @ATT: The #futureofvideo is mobile and the #futureofmobile is video. Time Warner + AT&amp;T make it happen! @twxcorp https://t.co/GKx4U9TQYg,neg,-0.6722,general,general,,Twitter
Dallas6,Corporate retailer,32.8740567,-96.771404,9100 N Central Expressway Suite 105,75231,Tue Oct 25 10:21:14 +0000 2016,"""Morning Agenda: A New Media Order, Crisis Echos, MetLife Disputes Its Status"" by AMIE TSANG via NYT The New York … https://t.co/vsPz9VuVcJ",pos,0.9965,general,general,,Twitter
Dallas6,Corporate retailer,32.8740567,-96.771404,9100 N Central Expressway Suite 105,75231,Tue Oct 25 10:17:10 +0000 2016,"RT @dmn_cowboys: No playoff games at AT&amp;T Stadium the first 3 rounds, but The Star may host postseason games the first 5 rounds  https://t.…",pos,0.8702,general,general,,Twitter
