Dallas14,Authorized retailer,32.853358,-96.817694,5567 W Lovers Ln,75209,Tue Oct 25 23:12:13 +0000 2016,Seriously fuck @ATT https://t.co/vZIzHeSjOR,neg,-0.7892,general,general,,Twitter
Dallas14,Authorized retailer,32.853358,-96.817694,5567 W Lovers Ln,75209,Tue Oct 25 23:11:43 +0000 2016,AT&amp;T Wants to Sell You a Hundred Streaming Channels for $35 a Month #SmartNews #ATT  https://t.co/qbEM8zGXBn,neg,-0.6458,general,general,,Twitter
Dallas14,Authorized retailer,32.853358,-96.817694,5567 W Lovers Ln,75209,Tue Oct 25 23:10:07 +0000 2016,AT&amp;T's new streaming TV service will give you 100+ channels for $35 a month https://t.co/QMpAaxnHZq,pos,0.2523,general,general,,Twitter
Dallas14,Authorized retailer,32.853358,-96.817694,5567 W Lovers Ln,75209,Tue Oct 25 23:06:58 +0000 2016,RT @ATTBusiness: Watch how to protect your business from evolving threats. Get our report to learn more: https://t.co/8Ixmpp7esC #ATTCyberC…,pos,0.0090,general,general,,Twitter
Dallas14,Authorized retailer,32.853358,-96.817694,5567 W Lovers Ln,75209,Tue Oct 25 22:59:07 +0000 2016,RT @ATTBusiness: Watch how to protect your business from evolving threats. Get our report to learn more: https://t.co/8Ixmpp7esC #ATTCyberC…,pos,0.0090,general,general,,Twitter
Dallas14,Authorized retailer,32.853358,-96.817694,5567 W Lovers Ln,75209,Tue Oct 25 22:57:01 +0000 2016,@nick_underhill Hi Nick - Sorry to hear you're having issues. We're offering free access to NBA League Pass: https://t.co/NX5gw4sD5q,pos,0.2116,general,general,,Twitter
Dallas14,Authorized retailer,32.853358,-96.817694,5567 W Lovers Ln,75209,Tue Oct 25 22:56:04 +0000 2016,"RT @ATT: @JenSwirsky Jen, you're making our day! Thanks for the #ATTLove. https://t.co/isGmJhfqMn",neg,-0.1217,general,general,,Twitter
Dallas14,Authorized retailer,32.853358,-96.817694,5567 W Lovers Ln,75209,Tue Oct 25 22:56:00 +0000 2016,"RT @ATT: @RileysCronicles You just made OUR day, Riley! Thanks for sharing the #ATTLove https://t.co/gSLNy4EDYz",pos,0.1147,general,general,,Twitter
Dallas14,Authorized retailer,32.853358,-96.817694,5567 W Lovers Ln,75209,Tue Oct 25 22:52:02 +0000 2016,RT @JTeespeak: So great hangin w/ @GavinDeGraw thx to @DFWAcuraDealers @McDonalds &amp; @ATT  @JackFMDFW @MoreHits1037 https://t.co/V4rDDvLfkB,neg,-0.7636,general,general,,Twitter
