Dallas12,Authorized retailer,32.836504,-96.771185,5618 E Mockingbird Lane,75206,Sun Oct 23 17:00:15 +0000 2016,RT @ATT: Welcome to the team! @taylorswift13 https://t.co/4h86nLYuLo https://t.co/gAHOi7fPrZ,neg,-0.6483,general,general,,Twitter
Dallas12,Authorized retailer,32.836504,-96.771185,5618 E Mockingbird Lane,75206,Sun Oct 23 16:54:20 +0000 2016,When you read a #googlesurvey about a @ATT store and you know who the customer is talking about specifically… https://t.co/kLBxNJxHp2,neg,-0.5968,general,store experience,,Twitter
Dallas12,Authorized retailer,32.836504,-96.771185,5618 E Mockingbird Lane,75206,Sun Oct 23 16:51:12 +0000 2016,RT @ATT: Who made you a college 🏈 fan? Share with #MadeMeAFanContest for a chance to win. Rules https://t.co/hU3I3wFn5V https://t.co/xZbxUJ…,neg,-0.2751,general,general,,Twitter
Dallas12,Authorized retailer,32.836504,-96.771185,5618 E Mockingbird Lane,75206,Sun Oct 23 16:46:31 +0000 2016,RT @ATT: Get a sweet deal on the new iPhone 7 when you switch to AT&amp;T and have DIRECTV. https://t.co/TQVeUkmeZ6 https://t.co/zfZmNpe8AP,neg,-0.2990,directv,general,,Twitter
Dallas12,Authorized retailer,32.836504,-96.771185,5618 E Mockingbird Lane,75206,Sun Oct 23 16:46:30 +0000 2016,RT @ATT: Welcome to the team! @taylorswift13 https://t.co/4h86nLYuLo https://t.co/gAHOi7fPrZ,neg,-0.6483,general,general,,Twitter
Dallas12,Authorized retailer,32.836504,-96.771185,5618 E Mockingbird Lane,75206,Sun Oct 23 16:45:34 +0000 2016,RT @ATT: The #futureofvideo is mobile and the #futureofmobile is video. Time Warner + AT&amp;T make it happen! @twxcorp https://t.co/GKx4U9TQYg,neg,-0.6722,general,general,,Twitter
Dallas12,Authorized retailer,32.836504,-96.771185,5618 E Mockingbird Lane,75206,Sun Oct 23 16:45:09 +0000 2016,RT @ATT: The #futureofvideo is mobile and the #futureofmobile is video. Time Warner + AT&amp;T make it happen! @twxcorp https://t.co/GKx4U9TQYg,neg,-0.6722,general,general,,Twitter
Dallas12,Authorized retailer,32.836504,-96.771185,5618 E Mockingbird Lane,75206,Sun Oct 23 16:40:17 +0000 2016,RT @ATT: The #futureofvideo is mobile and the #futureofmobile is video. Time Warner + AT&amp;T make it happen! @twxcorp https://t.co/GKx4U9TQYg,neg,-0.6722,general,general,,Twitter
Dallas12,Authorized retailer,32.836504,-96.771185,5618 E Mockingbird Lane,75206,Sun Oct 23 16:38:04 +0000 2016,RT @ATT: The #futureofvideo is mobile and the #futureofmobile is video. Time Warner + AT&amp;T make it happen! @twxcorp https://t.co/GKx4U9TQYg,neg,-0.6722,general,general,,Twitter
Dallas12,Authorized retailer,32.836504,-96.771185,5618 E Mockingbird Lane,75206,Sun Oct 23 16:34:20 +0000 2016,RT @ATT: The #futureofvideo is mobile and the #futureofmobile is video. Time Warner + AT&amp;T make it happen! @twxcorp https://t.co/GKx4U9TQYg,neg,-0.6722,general,general,,Twitter
Dallas12,Authorized retailer,32.836504,-96.771185,5618 E Mockingbird Lane,75206,Sun Oct 23 16:30:11 +0000 2016,RT @ATT: The #futureofvideo is mobile and the #futureofmobile is video. Time Warner + AT&amp;T make it happen! @twxcorp https://t.co/GKx4U9TQYg,neg,-0.6722,general,general,,Twitter
Dallas12,Authorized retailer,32.836504,-96.771185,5618 E Mockingbird Lane,75206,Sun Oct 23 16:27:37 +0000 2016,RT @ATT: The #futureofvideo is mobile and the #futureofmobile is video. Time Warner + AT&amp;T make it happen! @twxcorp https://t.co/GKx4U9TQYg,neg,-0.6722,general,general,,Twitter
Dallas12,Authorized retailer,32.836504,-96.771185,5618 E Mockingbird Lane,75206,Sun Oct 23 16:25:52 +0000 2016,RT @ATT: Welcome to the team! @taylorswift13 https://t.co/4h86nLYuLo https://t.co/gAHOi7fPrZ,neg,-0.6483,general,general,,Twitter
Dallas12,Authorized retailer,32.836504,-96.771185,5618 E Mockingbird Lane,75206,Sun Oct 23 16:23:03 +0000 2016,RT @ATT: The #futureofvideo is mobile and the #futureofmobile is video. Time Warner + AT&amp;T make it happen! @twxcorp https://t.co/GKx4U9TQYg,neg,-0.6722,general,general,,Twitter
Dallas12,Authorized retailer,32.836504,-96.771185,5618 E Mockingbird Lane,75206,Sun Oct 23 16:23:02 +0000 2016,RT @ATT: The #futureofvideo is mobile and the #futureofmobile is video. Time Warner + AT&amp;T make it happen! @twxcorp https://t.co/GKx4U9TQYg,neg,-0.6722,general,general,,Twitter
Dallas12,Authorized retailer,32.836504,-96.771185,5618 E Mockingbird Lane,75206,Sun Oct 23 16:22:32 +0000 2016,RT @ATT: Welcome to the team! @taylorswift13 https://t.co/4h86nLYuLo https://t.co/gAHOi7fPrZ,neg,-0.6483,general,general,,Twitter
Dallas12,Authorized retailer,32.836504,-96.771185,5618 E Mockingbird Lane,75206,Sun Oct 23 16:20:52 +0000 2016,RT @ATT: The #futureofvideo is mobile and the #futureofmobile is video. Time Warner + AT&amp;T make it happen! @twxcorp https://t.co/GKx4U9TQYg,neg,-0.6722,general,general,,Twitter
Dallas12,Authorized retailer,32.836504,-96.771185,5618 E Mockingbird Lane,75206,Sun Oct 23 16:19:51 +0000 2016,RT @ATT: The #futureofvideo is mobile and the #futureofmobile is video. Time Warner + AT&amp;T make it happen! @twxcorp https://t.co/GKx4U9TQYg,neg,-0.6722,general,general,,Twitter
Dallas12,Authorized retailer,32.836504,-96.771185,5618 E Mockingbird Lane,75206,Sun Oct 23 16:16:23 +0000 2016,RT @ATT: Welcome to the team! @taylorswift13 https://t.co/4h86nLYuLo https://t.co/gAHOi7fPrZ,neg,-0.6483,general,general,,Twitter
Dallas12,Authorized retailer,32.836504,-96.771185,5618 E Mockingbird Lane,75206,Sun Oct 23 16:11:52 +0000 2016,RT @ATT: The #futureofvideo is mobile and the #futureofmobile is video. Time Warner + AT&amp;T make it happen! @twxcorp https://t.co/GKx4U9TQYg,neg,-0.6722,general,general,,Twitter
Dallas12,Authorized retailer,32.836504,-96.771185,5618 E Mockingbird Lane,75206,Sun Oct 23 16:05:22 +0000 2016,RT @ATT: The #futureofvideo is mobile and the #futureofmobile is video. Time Warner + AT&amp;T make it happen! @twxcorp https://t.co/GKx4U9TQYg,neg,-0.6722,general,general,,Twitter
Dallas12,Authorized retailer,32.836504,-96.771185,5618 E Mockingbird Lane,75206,Sun Oct 23 16:02:57 +0000 2016,RT @ATT: The #futureofvideo is mobile and the #futureofmobile is video. Time Warner + AT&amp;T make it happen! @twxcorp https://t.co/GKx4U9TQYg,neg,-0.6722,general,general,,Twitter
Dallas12,Authorized retailer,32.836504,-96.771185,5618 E Mockingbird Lane,75206,Sun Oct 23 16:02:47 +0000 2016,RT @ATT: Who made you a college 🏈 fan? Share with #MadeMeAFanContest for a chance to win. Rules https://t.co/hU3I3wFn5V https://t.co/xZbxUJ…,neg,-0.2751,general,general,,Twitter
Dallas12,Authorized retailer,32.836504,-96.771185,5618 E Mockingbird Lane,75206,Sun Oct 23 15:56:44 +0000 2016,RT @ATT: The #futureofvideo is mobile and the #futureofmobile is video. Time Warner + AT&amp;T make it happen! @twxcorp https://t.co/GKx4U9TQYg,neg,-0.6722,general,general,,Twitter
Dallas12,Authorized retailer,32.836504,-96.771185,5618 E Mockingbird Lane,75206,Sun Oct 23 15:54:54 +0000 2016,RT @ATT: The #futureofvideo is mobile and the #futureofmobile is video. Time Warner + AT&amp;T make it happen! @twxcorp https://t.co/GKx4U9TQYg,neg,-0.6722,general,general,,Twitter
Dallas12,Authorized retailer,32.836504,-96.771185,5618 E Mockingbird Lane,75206,Sun Oct 23 15:49:57 +0000 2016,RT @ATT: The #futureofvideo is mobile and the #futureofmobile is video. Time Warner + AT&amp;T make it happen! @twxcorp https://t.co/GKx4U9TQYg,neg,-0.6722,general,general,,Twitter
Dallas12,Authorized retailer,32.836504,-96.771185,5618 E Mockingbird Lane,75206,Sun Oct 23 15:42:49 +0000 2016,@KeithSmithNBA @colezwicker @DIRECTV Ridiculous. In years past it was available for renewal in September.,pos,0.6282,directv,general,,Twitter
Dallas12,Authorized retailer,32.836504,-96.771185,5618 E Mockingbird Lane,75206,Sun Oct 23 15:41:47 +0000 2016,RT @ATT: Welcome to the team! @taylorswift13 https://t.co/4h86nLYuLo https://t.co/gAHOi7fPrZ,neg,-0.6483,general,general,,Twitter
Dallas12,Authorized retailer,32.836504,-96.771185,5618 E Mockingbird Lane,75206,Sun Oct 23 15:40:53 +0000 2016,@KeithSmithNBA @colezwicker @DIRECTV What did you find out?,neg,-0.0744,directv,general,,Twitter
Dallas12,Authorized retailer,32.836504,-96.771185,5618 E Mockingbird Lane,75206,Sun Oct 23 15:37:56 +0000 2016,RT @ATT: Who made you a college 🏈 fan? Share with #MadeMeAFanContest for a chance to win. Rules https://t.co/hU3I3wFn5V https://t.co/xZbxUJ…,neg,-0.2751,general,general,,Twitter
Dallas12,Authorized retailer,32.836504,-96.771185,5618 E Mockingbird Lane,75206,Sun Oct 23 15:31:40 +0000 2016,RT @ATT: The #futureofvideo is mobile and the #futureofmobile is video. Time Warner + AT&amp;T make it happen! @twxcorp https://t.co/GKx4U9TQYg,neg,-0.6722,general,general,,Twitter
Dallas12,Authorized retailer,32.836504,-96.771185,5618 E Mockingbird Lane,75206,Sun Oct 23 15:25:23 +0000 2016,@ESPNCFB @ATT @espn this is the only thing that makes me feel better about A&amp;M losing,neg,-0.7978,general,general,,Twitter
Dallas12,Authorized retailer,32.836504,-96.771185,5618 E Mockingbird Lane,75206,Sun Oct 23 15:21:27 +0000 2016,RT @ATT: The #futureofvideo is mobile and the #futureofmobile is video. Time Warner + AT&amp;T make it happen! @twxcorp https://t.co/GKx4U9TQYg,neg,-0.6722,general,general,,Twitter
Dallas12,Authorized retailer,32.836504,-96.771185,5618 E Mockingbird Lane,75206,Sun Oct 23 15:21:16 +0000 2016,RT @ATT: Are you ready for the revolution? Watch the @GreenDay @iHeartRadio Album Release Party now. #iHeartGreenDay https://t.co/ec2gZXKu7U,pos,0.1887,general,general,,Twitter
Dallas12,Authorized retailer,32.836504,-96.771185,5618 E Mockingbird Lane,75206,Sun Oct 23 15:16:57 +0000 2016,"RT @ATT: We want to see your #ATTRedCarpet watch party! Tweet us your plans, and tune in on @AudienceNetwork on 11/2! #CMAAwards50 https://…",neg,-0.5724,general,general,,Twitter
Dallas12,Authorized retailer,32.836504,-96.771185,5618 E Mockingbird Lane,75206,Sun Oct 23 15:16:26 +0000 2016,RT @ATT: The #futureofvideo is mobile and the #futureofmobile is video. Time Warner + AT&amp;T make it happen! @twxcorp https://t.co/GKx4U9TQYg,neg,-0.6722,general,general,,Twitter
Dallas12,Authorized retailer,32.836504,-96.771185,5618 E Mockingbird Lane,75206,Sun Oct 23 15:16:22 +0000 2016,@Rewritehell @dkberman @DIRECTV @ATT agreed! Here here!,neg,-0.6752,directv,general,,Twitter
Dallas12,Authorized retailer,32.836504,-96.771185,5618 E Mockingbird Lane,75206,Sun Oct 23 15:15:35 +0000 2016,RT @ATT: The #futureofvideo is mobile and the #futureofmobile is video. Time Warner + AT&amp;T make it happen! @twxcorp https://t.co/GKx4U9TQYg,neg,-0.6722,general,general,,Twitter
Dallas12,Authorized retailer,32.836504,-96.771185,5618 E Mockingbird Lane,75206,Sun Oct 23 15:12:06 +0000 2016,RT @ATT: The #futureofvideo is mobile and the #futureofmobile is video. Time Warner + AT&amp;T make it happen! @twxcorp https://t.co/GKx4U9TQYg,neg,-0.6722,general,general,,Twitter
Dallas12,Authorized retailer,32.836504,-96.771185,5618 E Mockingbird Lane,75206,Sun Oct 23 15:10:56 +0000 2016,RT @ATT: The #futureofvideo is mobile and the #futureofmobile is video. Time Warner + AT&amp;T make it happen! @twxcorp https://t.co/GKx4U9TQYg,neg,-0.6722,general,general,,Twitter
Dallas12,Authorized retailer,32.836504,-96.771185,5618 E Mockingbird Lane,75206,Sun Oct 23 15:06:44 +0000 2016,RT @ATT: The #futureofvideo is mobile and the #futureofmobile is video. Time Warner + AT&amp;T make it happen! @twxcorp https://t.co/GKx4U9TQYg,neg,-0.6722,general,general,,Twitter
Dallas12,Authorized retailer,32.836504,-96.771185,5618 E Mockingbird Lane,75206,Sun Oct 23 15:04:29 +0000 2016,"@JohnVotava @ATT @sprint Actually, that's completely false. ATT will deliver better plans AND content to our customers. #attemployee",neg,-0.6288,general,general,,Twitter
Dallas12,Authorized retailer,32.836504,-96.771185,5618 E Mockingbird Lane,75206,Sun Oct 23 15:04:17 +0000 2016,RT @ATT: The #futureofvideo is mobile and the #futureofmobile is video. Time Warner + AT&amp;T make it happen! @twxcorp https://t.co/GKx4U9TQYg,neg,-0.6722,general,general,,Twitter
Dallas12,Authorized retailer,32.836504,-96.771185,5618 E Mockingbird Lane,75206,Sun Oct 23 15:02:19 +0000 2016,RT @ATT: The #futureofvideo is mobile and the #futureofmobile is video. Time Warner + AT&amp;T make it happen! @twxcorp https://t.co/GKx4U9TQYg,neg,-0.6722,general,general,,Twitter
Dallas12,Authorized retailer,32.836504,-96.771185,5618 E Mockingbird Lane,75206,Sun Oct 23 15:02:06 +0000 2016,RT @ATT: The #futureofvideo is mobile and the #futureofmobile is video. Time Warner + AT&amp;T make it happen! @twxcorp https://t.co/GKx4U9TQYg,neg,-0.6722,general,general,,Twitter
Dallas12,Authorized retailer,32.836504,-96.771185,5618 E Mockingbird Lane,75206,Sun Oct 23 15:01:43 +0000 2016,RT @ATT: The #futureofvideo is mobile and the #futureofmobile is video. Time Warner + AT&amp;T make it happen! @twxcorp https://t.co/GKx4U9TQYg,neg,-0.6722,general,general,,Twitter
Dallas12,Authorized retailer,32.836504,-96.771185,5618 E Mockingbird Lane,75206,Sun Oct 23 15:00:43 +0000 2016,RT @ATT: The #futureofvideo is mobile and the #futureofmobile is video. Time Warner + AT&amp;T make it happen! @twxcorp https://t.co/GKx4U9TQYg,neg,-0.6722,general,general,,Twitter
Dallas12,Authorized retailer,32.836504,-96.771185,5618 E Mockingbird Lane,75206,Sun Oct 23 14:34:14 +0000 2016,RT @ATT: The #futureofvideo is mobile and the #futureofmobile is video. Time Warner + AT&amp;T make it happen! @twxcorp https://t.co/GKx4U9TQYg,neg,-0.6722,general,general,,Twitter
Dallas12,Authorized retailer,32.836504,-96.771185,5618 E Mockingbird Lane,75206,Sun Oct 23 14:28:16 +0000 2016,RT @ATT: The #futureofvideo is mobile and the #futureofmobile is video. Time Warner + AT&amp;T make it happen! @twxcorp https://t.co/GKx4U9TQYg,neg,-0.6722,general,general,,Twitter
Dallas12,Authorized retailer,32.836504,-96.771185,5618 E Mockingbird Lane,75206,Sun Oct 23 14:26:03 +0000 2016,RT @ATT: The #futureofvideo is mobile and the #futureofmobile is video. Time Warner + AT&amp;T make it happen! @twxcorp https://t.co/GKx4U9TQYg,neg,-0.6722,general,general,,Twitter
Dallas12,Authorized retailer,32.836504,-96.771185,5618 E Mockingbird Lane,75206,Sun Oct 23 14:21:08 +0000 2016,RT @ATT: The #futureofvideo is mobile and the #futureofmobile is video. Time Warner + AT&amp;T make it happen! @twxcorp https://t.co/GKx4U9TQYg,neg,-0.6722,general,general,,Twitter
Dallas12,Authorized retailer,32.836504,-96.771185,5618 E Mockingbird Lane,75206,Sun Oct 23 14:18:35 +0000 2016,RT @ATT: The #futureofvideo is mobile and the #futureofmobile is video. Time Warner + AT&amp;T make it happen! @twxcorp https://t.co/GKx4U9TQYg,neg,-0.6722,general,general,,Twitter
Dallas12,Authorized retailer,32.836504,-96.771185,5618 E Mockingbird Lane,75206,Sun Oct 23 14:18:18 +0000 2016,RT @ATT: The #futureofvideo is mobile and the #futureofmobile is video. Time Warner + AT&amp;T make it happen! @twxcorp https://t.co/GKx4U9TQYg,neg,-0.6722,general,general,,Twitter
Dallas12,Authorized retailer,32.836504,-96.771185,5618 E Mockingbird Lane,75206,Sun Oct 23 14:15:45 +0000 2016,RT @ATT: The #futureofvideo is mobile and the #futureofmobile is video. Time Warner + AT&amp;T make it happen! @twxcorp https://t.co/GKx4U9TQYg,neg,-0.6722,general,general,,Twitter
Dallas12,Authorized retailer,32.836504,-96.771185,5618 E Mockingbird Lane,75206,Sun Oct 23 14:05:16 +0000 2016,RT @ATT: The #futureofvideo is mobile and the #futureofmobile is video. Time Warner + AT&amp;T make it happen! @twxcorp https://t.co/GKx4U9TQYg,neg,-0.6722,general,general,,Twitter
Dallas12,Authorized retailer,32.836504,-96.771185,5618 E Mockingbird Lane,75206,Sun Oct 23 13:53:42 +0000 2016,RT @ATT: The #futureofvideo is mobile and the #futureofmobile is video. Time Warner + AT&amp;T make it happen! @twxcorp https://t.co/GKx4U9TQYg,neg,-0.6722,general,general,,Twitter
Dallas12,Authorized retailer,32.836504,-96.771185,5618 E Mockingbird Lane,75206,Sun Oct 23 13:35:36 +0000 2016,We need another breakup of mega-corporations. #atttimewarner @realDonaldTrump @cnn @ATT @foxnews @USChamber,neg,-0.7082,general,general,,Twitter
Dallas12,Authorized retailer,32.836504,-96.771185,5618 E Mockingbird Lane,75206,Sun Oct 23 13:33:12 +0000 2016,RT @ATT: The #futureofvideo is mobile and the #futureofmobile is video. Time Warner + AT&amp;T make it happen! @twxcorp https://t.co/GKx4U9TQYg,neg,-0.6722,general,general,,Twitter
Dallas12,Authorized retailer,32.836504,-96.771185,5618 E Mockingbird Lane,75206,Sun Oct 23 13:26:42 +0000 2016,RT @ATT: Heading to Cuba? Take your phone along for the trip + stay connected to those back home. https://t.co/euhz4Z6Zbb https://t.co/AiPS…,pos,0.2225,general,general,,Twitter
Dallas12,Authorized retailer,32.836504,-96.771185,5618 E Mockingbird Lane,75206,Sun Oct 23 13:23:14 +0000 2016,RT @ATT: The #futureofvideo is mobile and the #futureofmobile is video. Time Warner + AT&amp;T make it happen! @twxcorp https://t.co/GKx4U9TQYg,neg,-0.6722,general,general,,Twitter
Dallas12,Authorized retailer,32.836504,-96.771185,5618 E Mockingbird Lane,75206,Sun Oct 23 13:19:58 +0000 2016,RT @ATT: The #futureofvideo is mobile and the #futureofmobile is video. Time Warner + AT&amp;T make it happen! @twxcorp https://t.co/GKx4U9TQYg,neg,-0.6722,general,general,,Twitter
Dallas12,Authorized retailer,32.836504,-96.771185,5618 E Mockingbird Lane,75206,Sun Oct 23 12:47:42 +0000 2016,RT @ATT: The #futureofvideo is mobile and the #futureofmobile is video. Time Warner + AT&amp;T make it happen! @twxcorp https://t.co/GKx4U9TQYg,neg,-0.6722,general,general,,Twitter
Dallas12,Authorized retailer,32.836504,-96.771185,5618 E Mockingbird Lane,75206,Sun Oct 23 12:43:33 +0000 2016,RT @ATT: The #futureofvideo is mobile and the #futureofmobile is video. Time Warner + AT&amp;T make it happen! @twxcorp https://t.co/GKx4U9TQYg,neg,-0.6722,general,general,,Twitter
Dallas12,Authorized retailer,32.836504,-96.771185,5618 E Mockingbird Lane,75206,Sun Oct 23 12:35:19 +0000 2016,RT @ATT: The #futureofvideo is mobile and the #futureofmobile is video. Time Warner + AT&amp;T make it happen! @twxcorp https://t.co/GKx4U9TQYg,neg,-0.6722,general,general,,Twitter
Dallas12,Authorized retailer,32.836504,-96.771185,5618 E Mockingbird Lane,75206,Sun Oct 23 12:30:50 +0000 2016,RT @ATT: The #futureofvideo is mobile and the #futureofmobile is video. Time Warner + AT&amp;T make it happen! @twxcorp https://t.co/GKx4U9TQYg,neg,-0.6722,general,general,,Twitter
Dallas12,Authorized retailer,32.836504,-96.771185,5618 E Mockingbird Lane,75206,Sun Oct 23 12:30:49 +0000 2016,RT @ATT: Welcome to the team! @taylorswift13 https://t.co/4h86nLYuLo https://t.co/gAHOi7fPrZ,neg,-0.6483,general,general,,Twitter
Dallas12,Authorized retailer,32.836504,-96.771185,5618 E Mockingbird Lane,75206,Sun Oct 23 12:30:35 +0000 2016,RT @ATT: The #futureofvideo is mobile and the #futureofmobile is video. Time Warner + AT&amp;T make it happen! @twxcorp https://t.co/GKx4U9TQYg,neg,-0.6722,general,general,,Twitter
