Dallas4,Corporate retailer,32.8685017,-96.7757012,8687 N Central Expressway Suite 2340,75225,Sun Oct 23 19:33:28 +0000 2016,RT @ATT: The #futureofvideo is mobile and the #futureofmobile is video. Time Warner + AT&amp;T make it happen! @twxcorp https://t.co/GKx4U9TQYg,neg,-0.6722,general,general,,Twitter
Dallas4,Corporate retailer,32.8685017,-96.7757012,8687 N Central Expressway Suite 2340,75225,Sun Oct 23 19:30:55 +0000 2016,"Why do I suddenly feel so good about @BCBSAssociation? Hint, hint, @ATT @DtownDallasInc https://t.co/dEwVDTELlT",neg,-0.7935,general,general,,Twitter
Dallas4,Corporate retailer,32.8685017,-96.7757012,8687 N Central Expressway Suite 2340,75225,Sun Oct 23 19:27:41 +0000 2016,"RT @dallasnews: Trump gets litigious, AT&amp;T gets bigger, @TomiLahren wins bigly: Your weekend news digest https://t.co/tjOy7OJCri https://t.…",neg,-0.7070,general,general,,Twitter
Dallas4,Corporate retailer,32.8685017,-96.7757012,8687 N Central Expressway Suite 2340,75225,Sun Oct 23 19:24:04 +0000 2016,RT @ATT: The #futureofvideo is mobile and the #futureofmobile is video. Time Warner + AT&amp;T make it happen! @twxcorp https://t.co/GKx4U9TQYg,neg,-0.6722,general,general,,Twitter
Dallas4,Corporate retailer,32.8685017,-96.7757012,8687 N Central Expressway Suite 2340,75225,Sun Oct 23 19:22:21 +0000 2016,RT @ATT: Who made you a college 🏈 fan? Share with #MadeMeAFanContest for a chance to win. Rules https://t.co/hU3I3wFn5V https://t.co/xZbxUJ…,neg,-0.2751,general,general,,Twitter
Dallas4,Corporate retailer,32.8685017,-96.7757012,8687 N Central Expressway Suite 2340,75225,Sun Oct 23 19:21:41 +0000 2016,RT @ATT: The #futureofvideo is mobile and the #futureofmobile is video. Time Warner + AT&amp;T make it happen! @twxcorp https://t.co/GKx4U9TQYg,neg,-0.6722,general,general,,Twitter
Dallas4,Corporate retailer,32.8685017,-96.7757012,8687 N Central Expressway Suite 2340,75225,Sun Oct 23 19:21:08 +0000 2016,"RT @DMNBiz: The Stadium Club is almost half a football field long, but can Cowboys fans fill it year 'round? | https://t.co/BmFzkykjit @kro…",pos,0.5202,general,general,,Twitter
Dallas4,Corporate retailer,32.8685017,-96.7757012,8687 N Central Expressway Suite 2340,75225,Sun Oct 23 19:07:55 +0000 2016,"RT @dallasnews: Trump gets litigious, AT&amp;T gets bigger, @TomiLahren wins bigly: Your weekend news digest https://t.co/tjOy7OJCri https://t.…",neg,-0.7070,general,general,,Twitter
Dallas4,Corporate retailer,32.8685017,-96.7757012,8687 N Central Expressway Suite 2340,75225,Sun Oct 23 19:07:24 +0000 2016,"RT @dallasnews: Trump gets litigious, AT&amp;T gets bigger, @TomiLahren wins bigly: Your weekend news digest https://t.co/tjOy7OJCri https://t.…",neg,-0.7070,general,general,,Twitter
Dallas4,Corporate retailer,32.8685017,-96.7757012,8687 N Central Expressway Suite 2340,75225,Sun Oct 23 19:00:13 +0000 2016,NBC 5 report on #DBDT and some other #Dallas #arts organizations. https://t.co/56SgpKYYkD,pos,0.5119,general,general,,Twitter
Dallas4,Corporate retailer,32.8685017,-96.7757012,8687 N Central Expressway Suite 2340,75225,Sun Oct 23 18:58:28 +0000 2016,RT @ATT: Welcome to the team! @taylorswift13 https://t.co/4h86nLYuLo https://t.co/gAHOi7fPrZ,neg,-0.6483,general,general,,Twitter
Dallas4,Corporate retailer,32.8685017,-96.7757012,8687 N Central Expressway Suite 2340,75225,Sun Oct 23 18:56:54 +0000 2016,"RT @dallasnews: Trump gets litigious, AT&amp;T gets bigger, @TomiLahren wins bigly: Your weekend news digest https://t.co/tjOy7OJCri https://t.…",neg,-0.7070,general,general,,Twitter
Dallas4,Corporate retailer,32.8685017,-96.7757012,8687 N Central Expressway Suite 2340,75225,Sun Oct 23 18:55:12 +0000 2016,RT @RickTweetTweet: Breaking News!!! AT&amp;T to Acquire Time Warner! My family just got bigger! #LifeAtATT  #TimeWarner https://t.co/RUAJa5ciO…,neg,-0.2232,general,general,,Twitter
Dallas4,Corporate retailer,32.8685017,-96.7757012,8687 N Central Expressway Suite 2340,75225,Sun Oct 23 18:54:29 +0000 2016,"RT @dallasnews: Trump gets litigious, AT&amp;T gets bigger, @TomiLahren wins bigly: Your weekend news digest https://t.co/tjOy7OJCri https://t.…",neg,-0.7070,general,general,,Twitter
Dallas4,Corporate retailer,32.8685017,-96.7757012,8687 N Central Expressway Suite 2340,75225,Sun Oct 23 18:52:02 +0000 2016,RT @ATT: Welcome to the team! @taylorswift13 https://t.co/4h86nLYuLo https://t.co/gAHOi7fPrZ,neg,-0.6483,general,general,,Twitter
Dallas4,Corporate retailer,32.8685017,-96.7757012,8687 N Central Expressway Suite 2340,75225,Sun Oct 23 18:51:47 +0000 2016,"RT @DMNBiz: The Stadium Club is almost half a football field long, but can Cowboys fans fill it year 'round? | https://t.co/BmFzkykjit @kro…",pos,0.5202,general,general,,Twitter
Dallas4,Corporate retailer,32.8685017,-96.7757012,8687 N Central Expressway Suite 2340,75225,Sun Oct 23 18:51:03 +0000 2016,"RT @dallasnews: Trump gets litigious, AT&amp;T gets bigger, @TomiLahren wins bigly: Your weekend news digest https://t.co/tjOy7OJCri https://t.…",neg,-0.7070,general,general,,Twitter
