Dallas18,Authorized retailer,32.980547,-96.767442,2160 N Coit Rd Ste 141,75080,Fri Oct 28 13:01:26 +0000 2016,"Crap! Ingen bra vecka det här, börja med att väskan försvinner så att jag inte har några… https://t.co/v8gmD737Tq",neg,-0.9994,general,general,,Twitter
Dallas18,Authorized retailer,32.980547,-96.767442,2160 N Coit Rd Ste 141,75080,Fri Oct 28 12:09:45 +0000 2016,RT @Teamcandotx: Big smiles from some incredible leaders! @AJ_att_dmdr @anthonyetuggle @Valerie_m_cando #teamcando #lifeatatt https://t.co/…,pos,0.7841,general,general,,Twitter
Dallas18,Authorized retailer,32.980547,-96.767442,2160 N Coit Rd Ste 141,75080,Fri Oct 28 12:06:42 +0000 2016,"dcexaminer: Senate sets hearing on AT&amp;T, Time Warner merger https://t.co/OChYK6Top0 https://t.co/kRpAHxBIK1",pos,0.8142,general,general,,Twitter
Dallas18,Authorized retailer,32.980547,-96.767442,2160 N Coit Rd Ste 141,75080,Fri Oct 28 10:13:25 +0000 2016,"RT @rogerkinkaid: dcexaminer: Senate sets hearing on AT&amp;T, Time Warner merger https://t.co/dPf8VKAhm4 https://t.co/25HWgPeACc",pos,0.8142,general,general,,Twitter
Dallas18,Authorized retailer,32.980547,-96.767442,2160 N Coit Rd Ste 141,75080,Fri Oct 28 10:06:30 +0000 2016,"dcexaminer: Senate sets hearing on AT&amp;T, Time Warner merger https://t.co/dPf8VKAhm4 https://t.co/25HWgPeACc",pos,0.8142,general,general,,Twitter
Dallas18,Authorized retailer,32.980547,-96.767442,2160 N Coit Rd Ste 141,75080,Fri Oct 28 04:38:05 +0000 2016,"dcexaminer: Senate sets hearing on AT&amp;T, Time Warner merger https://t.co/iQ3B2FWNBX https://t.co/lt2Itb2gER",pos,0.8142,general,general,,Twitter
Dallas18,Authorized retailer,32.980547,-96.767442,2160 N Coit Rd Ste 141,75080,Fri Oct 28 02:41:36 +0000 2016,"@ATTCares the multiple people I chat with today have been of no help other than ""change your wifi password and dont share it""",pos,0.0715,general,general,,Twitter
Dallas18,Authorized retailer,32.980547,-96.767442,2160 N Coit Rd Ste 141,75080,Fri Oct 28 02:40:59 +0000 2016,@ATTCares Im over every month.  I was never over any of the months before until you started charging for over 1TB,neg,-0.2196,general,general,,Twitter
Dallas18,Authorized retailer,32.980547,-96.767442,2160 N Coit Rd Ste 141,75080,Fri Oct 28 02:40:35 +0000 2016,"@ATTCares media posts with photos, 350 hours of streaming HD video and 755 hours gaming, that still fall under 1 TB so idk where it thinks",pos,0.7098,general,general,,Twitter
Dallas18,Authorized retailer,32.980547,-96.767442,2160 N Coit Rd Ste 141,75080,Fri Oct 28 02:40:20 +0000 2016,"@ATTCares can someone please look into your data usage calculator?  even if I sent 40,000 emails, 755 hours of streamed music, 5600 social",neg,-0.6366,general,general,,Twitter
Dallas18,Authorized retailer,32.980547,-96.767442,2160 N Coit Rd Ste 141,75080,Thu Oct 27 23:42:41 +0000 2016,Big smiles from some incredible leaders! @AJ_att_dmdr @anthonyetuggle @Valerie_m_cando #teamcando #lifeatatt https://t.co/f1zxVvAqqi,pos,0.7841,general,general,,Twitter
Dallas18,Authorized retailer,32.980547,-96.767442,2160 N Coit Rd Ste 141,75080,Thu Oct 27 22:30:47 +0000 2016,@Valerie_m_cando @CJ_ATT Two pivotal parts of our success! Thank you for all that you do. We will miss you Chris!… https://t.co/zmHSCw8EL1,pos,0.7114,general,general,,Twitter
Dallas18,Authorized retailer,32.980547,-96.767442,2160 N Coit Rd Ste 141,75080,Thu Oct 27 20:23:41 +0000 2016,"RT @Teamcandotx: @CJ_ATT We wish you the best of luck in all your endeavors, and no matter where you go, how high you climb; you will alway…",pos,0.6392,general,general,,Twitter
Dallas18,Authorized retailer,32.980547,-96.767442,2160 N Coit Rd Ste 141,75080,Thu Oct 27 20:04:13 +0000 2016,@CJ_ATT @Valerie_m_cando @4jbar @anthonyetuggle,pos,0.0000,general,general,,Twitter
Dallas18,Authorized retailer,32.980547,-96.767442,2160 N Coit Rd Ste 141,75080,Thu Oct 27 20:02:16 +0000 2016,@CJ_ATT Thank you for the inspiration and CanDO spirit you've given through the years! We will miss you!… https://t.co/d2F0XBxiqm,pos,0.5854,general,general,,Twitter
Dallas18,Authorized retailer,32.980547,-96.767442,2160 N Coit Rd Ste 141,75080,Thu Oct 27 19:58:03 +0000 2016,"@CJ_ATT We wish you the best of luck in all your endeavors, and no matter where you go, how high you climb; you wil… https://t.co/TuJejVPCV9",pos,0.6019,general,general,,Twitter
Dallas18,Authorized retailer,32.980547,-96.767442,2160 N Coit Rd Ste 141,75080,Thu Oct 27 19:44:13 +0000 2016,Seems everyone is getting into the Halloween spirit! @AJ_att_dmdr @JennTeamCanDo #teamcando #tugglenation… https://t.co/A3150NGrad,pos,0.0682,general,general,,Twitter
Dallas18,Authorized retailer,32.980547,-96.767442,2160 N Coit Rd Ste 141,75080,Thu Oct 27 19:34:15 +0000 2016,RT @darrindjohnsonw: @Teamcandotx @CJ_ATT we will miss you https://t.co/0IYvDoLfYI,pos,0.0838,general,general,,Twitter
Dallas18,Authorized retailer,32.980547,-96.767442,2160 N Coit Rd Ste 141,75080,Thu Oct 27 19:29:25 +0000 2016,"AT&amp;T's Time Warner deal is for shareholders, not you https://t.co/Q1Oezd1ly3 - Consumers to pay more. True now for Directv customers like me",pos,0.6488,directv,general,,Twitter
Dallas18,Authorized retailer,32.980547,-96.767442,2160 N Coit Rd Ste 141,75080,Thu Oct 27 19:13:27 +0000 2016,Shout out to @ATT for not caring about their current loyal customers and only wanting new ones! Def cancelling all services this week.,neg,-0.7751,general,general,,Twitter
Dallas18,Authorized retailer,32.980547,-96.767442,2160 N Coit Rd Ste 141,75080,Thu Oct 27 17:59:04 +0000 2016,@Teamcandotx @CJ_ATT we will miss you https://t.co/0IYvDoLfYI,pos,0.0838,general,general,,Twitter
Dallas18,Authorized retailer,32.980547,-96.767442,2160 N Coit Rd Ste 141,75080,Thu Oct 27 16:47:53 +0000 2016,@NDSUbroadcast @bisontailgating @DIRECTV Spectrum?,pos,0.2500,directv,general,,Twitter
Dallas18,Authorized retailer,32.980547,-96.767442,2160 N Coit Rd Ste 141,75080,Thu Oct 27 15:44:42 +0000 2016,Verizon and AT&amp;T at center of 3GPP 5G standards fight https://t.co/SXpoTzYISF via @rcrwirelessnews,pos,0.4854,general,general,,Twitter
Dallas18,Authorized retailer,32.980547,-96.767442,2160 N Coit Rd Ste 141,75080,Thu Oct 27 10:28:52 +0000 2016,"jlui dis ""att jreflechis jte di a la rentrée"" i mdit ""vsy ok slt"" et i raccroch",neg,-0.6667,general,general,,Twitter
Dallas18,Authorized retailer,32.980547,-96.767442,2160 N Coit Rd Ste 141,75080,Thu Oct 27 02:39:19 +0000 2016,"Thank goodness for the ""reverse SAP"" on Unimas for the Galaxy v. Salt Lake match on DirecTV.",pos,0.6207,directv,general,,Twitter
Dallas18,Authorized retailer,32.980547,-96.767442,2160 N Coit Rd Ste 141,75080,Thu Oct 27 00:19:12 +0000 2016,"We had AT&amp;T Uverse in Memphis and it was great. Now we are Time Warner customers, and, well, here is how my tween f… https://t.co/AADOWq8HWu",neg,-0.1700,uverse,general,,Twitter
Dallas18,Authorized retailer,32.980547,-96.767442,2160 N Coit Rd Ste 141,75080,Wed Oct 26 19:35:41 +0000 2016,@nytimesbits @fmanjoo I never underestimate the power of the #HailMary. Enjoying insight on the proposed @ATT @timewarnercable wedding.,neg,-0.9569,general,general,,Twitter
Dallas18,Authorized retailer,32.980547,-96.767442,2160 N Coit Rd Ste 141,75080,Wed Oct 26 17:35:57 +0000 2016,Time Warner moving to Hudson Yards despite deal with AT&amp;T https://t.co/SC0hPlpJ42 #quicktimebuyer,neg,-0.7818,general,general,,Twitter
Dallas18,Authorized retailer,32.980547,-96.767442,2160 N Coit Rd Ste 141,75080,Wed Oct 26 16:17:00 +0000 2016,AT&amp;T CEO Stephenson finally reveals price point for DirecTV Now https://t.co/c5432rKTjk via @DallasBizNews #GROWTHTOEXIT,pos,0.4686,directv,general,,Twitter
Dallas18,Authorized retailer,32.980547,-96.767442,2160 N Coit Rd Ste 141,75080,Wed Oct 26 15:21:06 +0000 2016,"@timewarner @ATT you just lost another customer.  @Sling you just gained one.  Can't believe how awesome #slingtv is, it's a perfect answer",pos,0.8977,general,general,,Twitter
Dallas18,Authorized retailer,32.980547,-96.767442,2160 N Coit Rd Ste 141,75080,Wed Oct 26 12:56:34 +0000 2016,RT @artstricklin: ICYMI. AM Edition. 3 years in the making AT&amp;T Byron Nelson to Move to Trinity Forest Golf Club in 2018 https://t.co/jeZL3…,neg,-0.0875,general,general,,Twitter
Dallas18,Authorized retailer,32.980547,-96.767442,2160 N Coit Rd Ste 141,75080,Wed Oct 26 12:56:25 +0000 2016,ICYMI. AM Edition. 3 years in the making AT&amp;T Byron Nelson to Move to Trinity Forest Golf Club in 2018 https://t.co/jeZL358uUB via @golf_com,pos,0.2106,general,general,,Twitter
Dallas18,Authorized retailer,32.980547,-96.767442,2160 N Coit Rd Ste 141,75080,Tue Oct 25 23:00:31 +0000 2016,@ATT @ATTBusiness @ATTDeals My Note 3 was replaced under warranty 04/2016 quit working @ATTCares says no warranty @verizon can you hear me?,neg,-0.7488,general,general,,Twitter
Dallas18,Authorized retailer,32.980547,-96.767442,2160 N Coit Rd Ste 141,75080,Tue Oct 25 22:15:07 +0000 2016,How the AT&amp;T-Time Warner merger could hurt consumers https://t.co/8uE889Dl4d,pos,0.1830,general,general,,Twitter
Dallas18,Authorized retailer,32.980547,-96.767442,2160 N Coit Rd Ste 141,75080,Tue Oct 25 22:08:01 +0000 2016,"@timewarner @ATT just canceled my TV, we don't need you and your monopoly.  Thanks for nothing",pos,0.3441,general,general,,Twitter
Dallas18,Authorized retailer,32.980547,-96.767442,2160 N Coit Rd Ste 141,75080,Tue Oct 25 21:17:09 +0000 2016,"RT @stella_dott: Careers into the classroom, #tech paves the way, https://t.co/H1A7Oyt7RQ @att @ConnectToGood @neprisapp",neg,-0.7747,general,general,,Twitter
Dallas18,Authorized retailer,32.980547,-96.767442,2160 N Coit Rd Ste 141,75080,Tue Oct 25 20:39:14 +0000 2016,Interaction Design class to day is @ATT's Foundry building. Pretty cool in here. Thanks for hosting us! https://t.co/vPPzvPDWq7,neg,-0.2778,general,general,,Twitter
Dallas18,Authorized retailer,32.980547,-96.767442,2160 N Coit Rd Ste 141,75080,Tue Oct 25 20:38:42 +0000 2016,AT&amp;T Undercuts Cable TV With $35 Internet Streaming Service https://t.co/4bS8b0Y0Gk @scottia https://t.co/d0C9RHizcV,neg,-0.7810,general,general,,Twitter
Dallas18,Authorized retailer,32.980547,-96.767442,2160 N Coit Rd Ste 141,75080,Tue Oct 25 20:08:09 +0000 2016,Behold the glory that is Bloomberg’s 404 https://t.co/9ARQVa6jBf,pos,0.4674,general,general,,Twitter
Dallas18,Authorized retailer,32.980547,-96.767442,2160 N Coit Rd Ste 141,75080,Tue Oct 25 19:56:20 +0000 2016,AT&amp;T Managing Presidential Emails On Webserver From 1997! https://t.co/aBHNO6aqWW .,pos,0.5257,general,general,,Twitter
Dallas18,Authorized retailer,32.980547,-96.767442,2160 N Coit Rd Ste 141,75080,Tue Oct 25 19:30:33 +0000 2016,"@Lana Time Warner, but my parents like Directv better.",neg,-0.5895,directv,general,,Twitter
Dallas18,Authorized retailer,32.980547,-96.767442,2160 N Coit Rd Ste 141,75080,Tue Oct 25 18:58:39 +0000 2016,#AT_T will offer $35 subscription with 100 channels and includes mobile streaming https://t.co/KVpainvPld @scottia https://t.co/q9d72faN8z,pos,0.2216,general,general,,Twitter
Dallas18,Authorized retailer,32.980547,-96.767442,2160 N Coit Rd Ste 141,75080,Tue Oct 25 18:20:44 +0000 2016,AT&amp;T will offer $35 subscription with 100 channels and includes mobile streaming https://t.co/EN1UVWnQ31 https://t.co/G1fnE38qr4,pos,0.2216,general,general,,Twitter
Dallas18,Authorized retailer,32.980547,-96.767442,2160 N Coit Rd Ste 141,75080,Tue Oct 25 18:15:16 +0000 2016,AT&amp;T’s streaming TV service will include over 100 channels for $35 per month https://t.co/DaG3QGp0PI @scottia https://t.co/q1oguVddHh,pos,0.2863,general,general,,Twitter
Dallas18,Authorized retailer,32.980547,-96.767442,2160 N Coit Rd Ste 141,75080,Tue Oct 25 17:36:36 +0000 2016,"#ATT #TWX #Merger “AT&amp;T’s Business Transformation: From Connectivity, to Services to Experiences” by @Infosys https://t.co/QR8G1t3ANm",neg,-0.4732,general,general,,Twitter
Dallas18,Authorized retailer,32.980547,-96.767442,2160 N Coit Rd Ste 141,75080,Tue Oct 25 16:59:42 +0000 2016,"Careers into the classroom, #tech paves the way, https://t.co/H1A7Oyt7RQ @att @ConnectToGood @neprisapp",neg,-0.7747,general,general,,Twitter
Dallas18,Authorized retailer,32.980547,-96.767442,2160 N Coit Rd Ste 141,75080,Tue Oct 25 15:19:18 +0000 2016,An #AT_T-#Time_Warner Merger Won’t Do Jack for Consumers https://t.co/GkG5zr1GcY @scottia https://t.co/4llMGlqZRC,pos,0.2614,general,general,,Twitter
Dallas18,Authorized retailer,32.980547,-96.767442,2160 N Coit Rd Ste 141,75080,Tue Oct 25 14:37:43 +0000 2016,"""AT&amp;T Set to Lobby for Merger With Deep Pockets and a Big Network"" by CECILIA KANG and ERIC LIPTON via NYT https://t.co/LtwK5fEq9j (Octobe…",neg,-0.6807,general,general,,Twitter
Dallas18,Authorized retailer,32.980547,-96.767442,2160 N Coit Rd Ste 141,75080,Tue Oct 25 14:04:55 +0000 2016,@sprintforward I'm good @ATT got me on the hook up,neg,-0.7192,general,general,,Twitter
Dallas18,Authorized retailer,32.980547,-96.767442,2160 N Coit Rd Ste 141,75080,Tue Oct 25 12:38:54 +0000 2016,Here's what consumers might get out of a combined AT&amp;T-Time Warner https://t.co/D2J7XWUOm2 @scottia https://t.co/ZqOJ8hNt3W,pos,0.0160,general,general,,Twitter
Dallas18,Authorized retailer,32.980547,-96.767442,2160 N Coit Rd Ste 141,75080,Tue Oct 25 07:43:13 +0000 2016,#Netflix CEO reacts to AT&amp;T and #Time_Warner deal https://t.co/3fPhhXnu4K @scottia https://t.co/3yFDElgwcl,pos,0.2982,general,general,,Twitter
Dallas18,Authorized retailer,32.980547,-96.767442,2160 N Coit Rd Ste 141,75080,Tue Oct 25 06:06:28 +0000 2016,RT @scottia: #Netflix’s #Reed_Hastings believes AT&amp;T #Time_Warner merger could be good for consumers https://t.co/ab8puDlgi1 @scottia https…,pos,0.5330,general,general,,Twitter
Dallas18,Authorized retailer,32.980547,-96.767442,2160 N Coit Rd Ste 141,75080,Tue Oct 25 05:59:07 +0000 2016,#Netflix’s #Reed_Hastings believes AT&amp;T #Time_Warner merger could be good for consumers https://t.co/ab8puDlgi1… https://t.co/NTOLPzYjCe,pos,0.5330,general,general,,Twitter
Dallas18,Authorized retailer,32.980547,-96.767442,2160 N Coit Rd Ste 141,75080,Tue Oct 25 05:40:10 +0000 2016,Netflix’s Reed Hastings believes AT&amp;T Time Warner merger could be good for consumers https://t.co/4iek9PgAZv https://t.co/oUN2dj4Xlo,pos,0.5604,general,general,,Twitter
Dallas18,Authorized retailer,32.980547,-96.767442,2160 N Coit Rd Ste 141,75080,Tue Oct 25 02:51:22 +0000 2016,@Brandonnnnn69 @Kid_Estrada90 it got bought out by att so higher prices,neg,-0.4066,general,general,,Twitter
Dallas18,Authorized retailer,32.980547,-96.767442,2160 N Coit Rd Ste 141,75080,Tue Oct 25 01:59:27 +0000 2016,RT if you think @ATT should provide a hotel for me and my roommates to stay in since our powers going to be out till 1am because of them,neg,-0.5143,general,general,,Twitter
Dallas18,Authorized retailer,32.980547,-96.767442,2160 N Coit Rd Ste 141,75080,Tue Oct 25 01:57:18 +0000 2016,"@att so yeah our powers out. one of your workers cut a wire or something during the ""gigapower"" installation. Can y'all buy us a hotel?",neg,-0.5975,general,product installation,,Twitter
Dallas18,Authorized retailer,32.980547,-96.767442,2160 N Coit Rd Ste 141,75080,Tue Oct 25 01:17:05 +0000 2016,"Rodgers, Pre-Deflategate:
COMP%: 65.8
YD/ATT: 8.2
Rating: 106.0
Rodgers, Post-Deflategate:
COMP%: 60.6
YD/ATT: 6.6
Rating: 91.7 
Kinda weird",neg,-0.7892,general,general,,Twitter
