Dallas10,Corporate retailer,32.953929,-96.821254,5100 Beltline Road Ste. 1032,75254,Sun Oct 23 07:47:09 +0000 2016,AT&amp;T Managing Presidential Emails On Webserver From 1997! https://t.co/qWryk70RHE ...,pos,0.5257,general,general,,Twitter
Dallas10,Corporate retailer,32.953929,-96.821254,5100 Beltline Road Ste. 1032,75254,Sun Oct 23 02:49:44 +0000 2016,AT&amp;T agrees to buy Time Warner for $80 billion https://t.co/fIjKt53ZOS via @DallasBizNews,pos,0.5477,general,general,,Twitter
Dallas10,Corporate retailer,32.953929,-96.821254,5100 Beltline Road Ste. 1032,75254,Sun Oct 23 01:47:48 +0000 2016,RT @rogerkinkaid: AT&amp;T Managing Presidential Emails On Webserver From 1997! https://t.co/7U803Gaqtt,pos,0.5257,general,general,,Twitter
Dallas10,Corporate retailer,32.953929,-96.821254,5100 Beltline Road Ste. 1032,75254,Sun Oct 23 01:47:09 +0000 2016,AT&amp;T Managing Presidential Emails On Webserver From 1997! https://t.co/7U803Gaqtt,pos,0.5257,general,general,,Twitter
Dallas10,Corporate retailer,32.953929,-96.821254,5100 Beltline Road Ste. 1032,75254,Sun Oct 23 00:53:16 +0000 2016,"AT&amp;T to buy HBO, CNN, and the rest of Time Warner for more than $80 billion https://t.co/xdxRDp3FDv via @Verge",pos,0.4303,general,general,,Twitter
Dallas10,Corporate retailer,32.953929,-96.821254,5100 Beltline Road Ste. 1032,75254,Sun Oct 23 00:27:40 +0000 2016,"RT @akamevil: Jarriv jvoi 1 racli mega laide, jme dit nn att c pas elle ; jappelle la Meuf, jvoi c la laide qui décroche, jui parti ni vu n…",neg,-0.3771,general,general,,Twitter
Dallas10,Corporate retailer,32.953929,-96.821254,5100 Beltline Road Ste. 1032,75254,Sun Oct 23 00:06:11 +0000 2016,Confirmed: AT&amp;T is buying Time Warner for $85.4B in cash and shares https://t.co/zHQtxNDfzA https://t.co/j4dqkqnknk,pos,0.4289,general,general,,Twitter
Dallas10,Corporate retailer,32.953929,-96.821254,5100 Beltline Road Ste. 1032,75254,Sat Oct 22 22:36:58 +0000 2016,My @Uverse DVR was unceremoniously updated this morning as I watched. Black hat or preemptive patch update after yesterday. Hmm.,pos,0.0957,uverse,general,,Twitter
Dallas10,Corporate retailer,32.953929,-96.821254,5100 Beltline Road Ste. 1032,75254,Sat Oct 22 22:36:43 +0000 2016,"RT @akamevil: Jarriv jvoi 1 racli mega laide, jme dit nn att c pas elle ; jappelle la Meuf, jvoi c la laide qui décroche, jui parti ni vu n…",neg,-0.3771,general,general,,Twitter
Dallas10,Corporate retailer,32.953929,-96.821254,5100 Beltline Road Ste. 1032,75254,Sat Oct 22 22:23:20 +0000 2016,18th Annual AT&amp;T Cybersecurity Conference https://t.co/RmcO7T9Dcn,pos,0.8023,general,general,,Twitter
Dallas10,Corporate retailer,32.953929,-96.821254,5100 Beltline Road Ste. 1032,75254,Sat Oct 22 20:51:28 +0000 2016,@dcexaminer Merger between ATT and TimeWarner shouldn't be approved. Media not operating in the public interest. Split them not merge them.,pos,0.4322,general,general,,Twitter
Dallas10,Corporate retailer,32.953929,-96.821254,5100 Beltline Road Ste. 1032,75254,Sat Oct 22 19:57:32 +0000 2016,AT&amp;T Managing Presidential Emails On Webserver From 1997! https://t.co/mfkMb0ZGFV .,pos,0.5257,general,general,,Twitter
Dallas10,Corporate retailer,32.953929,-96.821254,5100 Beltline Road Ste. 1032,75254,Sat Oct 22 19:56:25 +0000 2016,No @Uverse already sucks. Where will I go when I finally get fed up? https://t.co/clWyY63dKJ,neg,-0.7462,uverse,general,,Twitter
Dallas10,Corporate retailer,32.953929,-96.821254,5100 Beltline Road Ste. 1032,75254,Sat Oct 22 19:45:41 +0000 2016,@WSJ I'm gonna have dinner with #MaBell sooner than later. She's been a part of my family's life for more than 60 years. #ATT #TimeWarner,pos,0.3065,general,general,,Twitter
Dallas10,Corporate retailer,32.953929,-96.821254,5100 Beltline Road Ste. 1032,75254,Sat Oct 22 19:36:04 +0000 2016,AT&amp;T Agrees to Buy Time Warner for More Than $80 Billion https://t.co/lJedoXaPQ0,pos,0.3169,general,general,,Twitter
Dallas10,Corporate retailer,32.953929,-96.821254,5100 Beltline Road Ste. 1032,75254,Sat Oct 22 18:56:18 +0000 2016,DRUDGE_REPORT: Monster Merger: $80B... https://t.co/Wv25WV8RHV,neg,-0.0714,general,general,,Twitter
Dallas10,Corporate retailer,32.953929,-96.821254,5100 Beltline Road Ste. 1032,75254,Sat Oct 22 18:54:39 +0000 2016,"RT @akamevil: Jarriv jvoi 1 racli mega laide, jme dit nn att c pas elle ; jappelle la Meuf, jvoi c la laide qui décroche, jui parti ni vu n…",neg,-0.3771,general,general,,Twitter
Dallas10,Corporate retailer,32.953929,-96.821254,5100 Beltline Road Ste. 1032,75254,Sat Oct 22 18:54:09 +0000 2016,"RT @akamevil: Jarriv jvoi 1 racli mega laide, jme dit nn att c pas elle ; jappelle la Meuf, jvoi c la laide qui décroche, jui parti ni vu n…",neg,-0.3771,general,general,,Twitter
Dallas10,Corporate retailer,32.953929,-96.821254,5100 Beltline Road Ste. 1032,75254,Sat Oct 22 18:45:25 +0000 2016,First @DIRECTV and now Time Warner. @ATT is going all out in cable. https://t.co/Lbl5YbFVSf,neg,-0.8522,directv,general,,Twitter
Dallas10,Corporate retailer,32.953929,-96.821254,5100 Beltline Road Ste. 1032,75254,Sat Oct 22 18:24:08 +0000 2016,"AT&amp;T Agrees to Buy Time Warner for More Than $80 Billion, via @nytimes https://t.co/XcExhUiBAm",pos,0.5579,general,general,,Twitter
Dallas10,Corporate retailer,32.953929,-96.821254,5100 Beltline Road Ste. 1032,75254,Sat Oct 22 18:17:42 +0000 2016,AT&amp;T Agrees to Buy Time Warner for More Than $80 Billion https://t.co/537EUqaYZ1,pos,0.3169,general,general,,Twitter
Dallas10,Corporate retailer,32.953929,-96.821254,5100 Beltline Road Ste. 1032,75254,Sat Oct 22 16:39:04 +0000 2016,nypost: RT claireatki: Why AT&amp;T wants Time Warner https://t.co/VnLfsYl2uO via nypost,neg,-0.0280,general,general,,Twitter
Dallas10,Corporate retailer,32.953929,-96.821254,5100 Beltline Road Ste. 1032,75254,Sat Oct 22 15:45:56 +0000 2016,RT @kn3gek: Merger btw ATT and TimeWarner (CNN parent)  shouldn't be approved. Media not operating in the public interest. Split them up no…,neg,-0.6622,general,general,,Twitter
Dallas10,Corporate retailer,32.953929,-96.821254,5100 Beltline Road Ste. 1032,75254,Sat Oct 22 15:03:10 +0000 2016,Merger btw ATT and TimeWarner (CNN parent)  shouldn't be approved. Media not operating in the public interest. Split them up not merge them.,pos,0.0079,general,general,,Twitter
Dallas10,Corporate retailer,32.953929,-96.821254,5100 Beltline Road Ste. 1032,75254,Sat Oct 22 14:16:22 +0000 2016,FoxNews: Report: ATT agrees in principle to buy Time Warner for $85 billion. https://t.co/Rm8hALplX3,neg,-0.3426,general,general,,Twitter
Dallas10,Corporate retailer,32.953929,-96.821254,5100 Beltline Road Ste. 1032,75254,Sat Oct 22 14:07:33 +0000 2016,AT&amp;T Managing Presidential Emails On Webserver From 1997! https://t.co/YlglbZRaxA ..,pos,0.5257,general,general,,Twitter
Dallas10,Corporate retailer,32.953929,-96.821254,5100 Beltline Road Ste. 1032,75254,Sat Oct 22 13:35:13 +0000 2016,@williamdmcd @hillfmcd what about getting directv?,neg,-0.0455,directv,general,,Twitter
Dallas10,Corporate retailer,32.953929,-96.821254,5100 Beltline Road Ste. 1032,75254,Sat Oct 22 13:15:08 +0000 2016,"RT @akamevil: Jarriv jvoi 1 racli mega laide, jme dit nn att c pas elle ; jappelle la Meuf, jvoi c la laide qui décroche, jui parti ni vu n…",neg,-0.3771,general,general,,Twitter
Dallas10,Corporate retailer,32.953929,-96.821254,5100 Beltline Road Ste. 1032,75254,Sat Oct 22 11:45:13 +0000 2016,"RT @akamevil: Jarriv jvoi 1 racli mega laide, jme dit nn att c pas elle ; jappelle la Meuf, jvoi c la laide qui décroche, jui parti ni vu n…",neg,-0.3771,general,general,,Twitter
Dallas10,Corporate retailer,32.953929,-96.821254,5100 Beltline Road Ste. 1032,75254,Sat Oct 22 11:35:26 +0000 2016,"RT @akamevil: Jarriv jvoi 1 racli mega laide, jme dit nn att c pas elle ; jappelle la Meuf, jvoi c la laide qui décroche, jui parti ni vu n…",neg,-0.3771,general,general,,Twitter
Dallas10,Corporate retailer,32.953929,-96.821254,5100 Beltline Road Ste. 1032,75254,Sat Oct 22 11:17:09 +0000 2016,"RT @akamevil: Jarriv jvoi 1 racli mega laide, jme dit nn att c pas elle ; jappelle la Meuf, jvoi c la laide qui décroche, jui parti ni vu n…",neg,-0.3771,general,general,,Twitter
Dallas10,Corporate retailer,32.953929,-96.821254,5100 Beltline Road Ste. 1032,75254,Sat Oct 22 10:46:47 +0000 2016,"RT @akamevil: Jarriv jvoi 1 racli mega laide, jme dit nn att c pas elle ; jappelle la Meuf, jvoi c la laide qui décroche, jui parti ni vu n…",neg,-0.3771,general,general,,Twitter
Dallas10,Corporate retailer,32.953929,-96.821254,5100 Beltline Road Ste. 1032,75254,Sat Oct 22 10:31:17 +0000 2016,"RT @akamevil: Jarriv jvoi 1 racli mega laide, jme dit nn att c pas elle ; jappelle la Meuf, jvoi c la laide qui décroche, jui parti ni vu n…",neg,-0.3771,general,general,,Twitter
Dallas10,Corporate retailer,32.953929,-96.821254,5100 Beltline Road Ste. 1032,75254,Sat Oct 22 10:28:53 +0000 2016,"RT @akamevil: Jarriv jvoi 1 racli mega laide, jme dit nn att c pas elle ; jappelle la Meuf, jvoi c la laide qui décroche, jui parti ni vu n…",neg,-0.3771,general,general,,Twitter
Dallas10,Corporate retailer,32.953929,-96.821254,5100 Beltline Road Ste. 1032,75254,Sat Oct 22 10:27:12 +0000 2016,"RT @akamevil: Jarriv jvoi 1 racli mega laide, jme dit nn att c pas elle ; jappelle la Meuf, jvoi c la laide qui décroche, jui parti ni vu n…",neg,-0.3771,general,general,,Twitter
Dallas10,Corporate retailer,32.953929,-96.821254,5100 Beltline Road Ste. 1032,75254,Sat Oct 22 10:17:13 +0000 2016,"RT @akamevil: Jarriv jvoi 1 racli mega laide, jme dit nn att c pas elle ; jappelle la Meuf, jvoi c la laide qui décroche, jui parti ni vu n…",neg,-0.3771,general,general,,Twitter
Dallas10,Corporate retailer,32.953929,-96.821254,5100 Beltline Road Ste. 1032,75254,Sat Oct 22 10:10:24 +0000 2016,"RT @akamevil: Jarriv jvoi 1 racli mega laide, jme dit nn att c pas elle ; jappelle la Meuf, jvoi c la laide qui décroche, jui parti ni vu n…",neg,-0.3771,general,general,,Twitter
Dallas10,Corporate retailer,32.953929,-96.821254,5100 Beltline Road Ste. 1032,75254,Sat Oct 22 09:47:30 +0000 2016,"RT @akamevil: Jarriv jvoi 1 racli mega laide, jme dit nn att c pas elle ; jappelle la Meuf, jvoi c la laide qui décroche, jui parti ni vu n…",neg,-0.3771,general,general,,Twitter
Dallas10,Corporate retailer,32.953929,-96.821254,5100 Beltline Road Ste. 1032,75254,Sat Oct 22 09:05:17 +0000 2016,"RT @akamevil: Jarriv jvoi 1 racli mega laide, jme dit nn att c pas elle ; jappelle la Meuf, jvoi c la laide qui décroche, jui parti ni vu n…",neg,-0.3771,general,general,,Twitter
Dallas10,Corporate retailer,32.953929,-96.821254,5100 Beltline Road Ste. 1032,75254,Sat Oct 22 09:00:20 +0000 2016,"RT @akamevil: Jarriv jvoi 1 racli mega laide, jme dit nn att c pas elle ; jappelle la Meuf, jvoi c la laide qui décroche, jui parti ni vu n…",neg,-0.3771,general,general,,Twitter
Dallas10,Corporate retailer,32.953929,-96.821254,5100 Beltline Road Ste. 1032,75254,Sat Oct 22 08:59:53 +0000 2016,"RT @akamevil: Jarriv jvoi 1 racli mega laide, jme dit nn att c pas elle ; jappelle la Meuf, jvoi c la laide qui décroche, jui parti ni vu n…",neg,-0.3771,general,general,,Twitter
Dallas10,Corporate retailer,32.953929,-96.821254,5100 Beltline Road Ste. 1032,75254,Sat Oct 22 08:56:48 +0000 2016,"RT @akamevil: Jarriv jvoi 1 racli mega laide, jme dit nn att c pas elle ; jappelle la Meuf, jvoi c la laide qui décroche, jui parti ni vu n…",neg,-0.3771,general,general,,Twitter
Dallas10,Corporate retailer,32.953929,-96.821254,5100 Beltline Road Ste. 1032,75254,Sat Oct 22 08:53:20 +0000 2016,"RT @akamevil: Jarriv jvoi 1 racli mega laide, jme dit nn att c pas elle ; jappelle la Meuf, jvoi c la laide qui décroche, jui parti ni vu n…",neg,-0.3771,general,general,,Twitter
Dallas10,Corporate retailer,32.953929,-96.821254,5100 Beltline Road Ste. 1032,75254,Sat Oct 22 08:52:21 +0000 2016,"RT @akamevil: Jarriv jvoi 1 racli mega laide, jme dit nn att c pas elle ; jappelle la Meuf, jvoi c la laide qui décroche, jui parti ni vu n…",neg,-0.3771,general,general,,Twitter
Dallas10,Corporate retailer,32.953929,-96.821254,5100 Beltline Road Ste. 1032,75254,Sat Oct 22 08:51:56 +0000 2016,"Jarriv jvoi 1 racli mega laide, jme dit nn att c pas elle ; jappelle la Meuf, jvoi c la laide qui décroche, jui par… https://t.co/qoUa9esWUd",neg,-0.3771,general,general,,Twitter
Dallas10,Corporate retailer,32.953929,-96.821254,5100 Beltline Road Ste. 1032,75254,Sat Oct 22 07:47:24 +0000 2016,AT&amp;T Managing Presidential Emails On Webserver From 1997! https://t.co/XjOh83ELPw ...,pos,0.5257,general,general,,Twitter
Dallas10,Corporate retailer,32.953929,-96.821254,5100 Beltline Road Ste. 1032,75254,Sat Oct 22 03:27:38 +0000 2016,Merger btw ATT and TimeWarner (CNN parent)  shouldn't be approved. Big media not operating in the public interest. Should split 'em up.,neg,-0.7033,general,general,,Twitter
Dallas10,Corporate retailer,32.953929,-96.821254,5100 Beltline Road Ste. 1032,75254,Sat Oct 22 01:57:22 +0000 2016,AT&amp;T Managing Presidential Emails On Webserver From 1997! https://t.co/ALSZz5DClX,pos,0.5257,general,general,,Twitter
Dallas10,Corporate retailer,32.953929,-96.821254,5100 Beltline Road Ste. 1032,75254,Sat Oct 22 00:52:07 +0000 2016,AT&amp;T is close to acquiring Time Warner for $85 billion - AT&amp;T is nearing a deal to acquire Time Warner for $110... https://t.co/XuuHkuWWZ4,pos,0.3826,general,general,,Twitter
Dallas10,Corporate retailer,32.953929,-96.821254,5100 Beltline Road Ste. 1032,75254,Fri Oct 21 22:44:25 +0000 2016,Merger between TimeWarner (CNN parent) and ATT shouldn't be approved. Big media isn't operating in the public interest. Should break 'em up.,neg,-0.1279,general,general,,Twitter
Dallas10,Corporate retailer,32.953929,-96.821254,5100 Beltline Road Ste. 1032,75254,Fri Oct 21 21:15:42 +0000 2016,I just checked in @ATT with #mPLUSPlaces Download today!  https://t.co/kmmkcolVK7,neg,-0.6375,general,general,,Twitter
Dallas10,Corporate retailer,32.953929,-96.821254,5100 Beltline Road Ste. 1032,75254,Fri Oct 21 21:06:00 +0000 2016,"AT&amp;T, Time Warner meet on possible merger - report: (Telecompaper) Senior executives at AT&amp;T and Time Warner ... https://t.co/cMx3o9mwan",neg,-0.0472,general,general,,Twitter
Dallas10,Corporate retailer,32.953929,-96.821254,5100 Beltline Road Ste. 1032,75254,Fri Oct 21 20:45:55 +0000 2016,A merger btw TimeWarner (CNN parent) and ATT should not be approved. Big media isn't operating in the public interest. Should break them up.,neg,-0.7469,general,general,,Twitter
Dallas10,Corporate retailer,32.953929,-96.821254,5100 Beltline Road Ste. 1032,75254,Fri Oct 21 19:26:56 +0000 2016,@ATTCares I need help finding out if my phone is payed off,neg,-0.3124,general,general,,Twitter
Dallas10,Corporate retailer,32.953929,-96.821254,5100 Beltline Road Ste. 1032,75254,Fri Oct 21 16:10:39 +0000 2016,AT&amp;T said to be “in advanced talks” to purchase Time Warner https://t.co/YTrajWsixN https://t.co/IhAXWT8kjC,neg,-0.0136,general,general,,Twitter
Dallas10,Corporate retailer,32.953929,-96.821254,5100 Beltline Road Ste. 1032,75254,Fri Oct 21 15:40:12 +0000 2016,"@FoxNews @WSJ @ATT Nooooo!  I have my ""net"" with them, and AT &amp;T is just awful people say!!",neg,-0.9791,general,general,,Twitter
Dallas10,Corporate retailer,32.953929,-96.821254,5100 Beltline Road Ste. 1032,75254,Fri Oct 21 15:35:41 +0000 2016,FoxNews: .WSJ: ATT is in advanced talks to acquire Time Warner as soon as this weekend. https://t.co/52tny9AZfQ,neg,-0.7747,general,general,,Twitter
Dallas10,Corporate retailer,32.953929,-96.821254,5100 Beltline Road Ste. 1032,75254,Fri Oct 21 15:25:58 +0000 2016,Report: Time Warner in Advanced Talks With AT&amp;T | Broadcasting &amp; Cable: https://t.co/IbukphMRCr,neg,-0.7556,general,general,,Twitter
Dallas10,Corporate retailer,32.953929,-96.821254,5100 Beltline Road Ste. 1032,75254,Fri Oct 21 13:26:04 +0000 2016,AT&amp;T Managing Presidential Emails On Webserver From 1997! https://t.co/oAC4QJUmUy https://t.co/OVd85lLtAO,pos,0.4000,general,general,,Twitter
Dallas10,Corporate retailer,32.953929,-96.821254,5100 Beltline Road Ste. 1032,75254,Fri Oct 21 13:26:04 +0000 2016,AT&amp;T Managing Presidential Emails On Webserver From 1997! https://t.co/IVZLWDcEEP,pos,0.5257,general,general,,Twitter
Dallas10,Corporate retailer,32.953929,-96.821254,5100 Beltline Road Ste. 1032,75254,Thu Oct 20 21:58:06 +0000 2016,"AT&amp;T, Ericsson and Other Market Leaders Join the CBRS Alliance ... - Business Wire (press release)… https://t.co/skCy3hWciq",pos,0.7697,general,general,,Twitter
Dallas10,Corporate retailer,32.953929,-96.821254,5100 Beltline Road Ste. 1032,75254,Thu Oct 20 18:41:41 +0000 2016,@ATTCares Check my call history! I'm going blue  repeating my story 😡Or have some call me like they promised they would 😡,pos,0.3046,general,general,,Twitter
Dallas10,Corporate retailer,32.953929,-96.821254,5100 Beltline Road Ste. 1032,75254,Thu Oct 20 15:23:57 +0000 2016,"@ATT 2 calls later, spoke to 5 people and still don't have my issue resolved! I have DIRECTV, internet, home phone &amp; 4 cell phones with you!",neg,-0.4580,directv,general,,Twitter
Dallas10,Corporate retailer,32.953929,-96.821254,5100 Beltline Road Ste. 1032,75254,Wed Oct 19 21:11:36 +0000 2016,I just checked in @ATT with #mPLUSPlaces Download today!  https://t.co/kmmkcolVK7,neg,-0.6375,general,general,,Twitter
Dallas10,Corporate retailer,32.953929,-96.821254,5100 Beltline Road Ste. 1032,75254,Wed Oct 19 18:43:03 +0000 2016,RT @Teamcandotx: #teamcando #tugglenation We wear Pink because we support Breast Cancer Awareness! #BreastCancerAwarenessMonth #LifeAtATT…,pos,0.3915,general,general,,Twitter
