Dallas4,Corporate retailer,32.8685017,-96.7757012,8687 N Central Expressway Suite 2340,75225,Thu Oct 27 11:24:05 +0000 2016,RT @ATT: Get a sweet deal on the new iPhone 7 when you switch to AT&amp;T and have DIRECTV. https://t.co/JO08KrMKj7 https://t.co/tAcB2wPVFO,neg,-0.2990,directv,general,,Twitter
Dallas4,Corporate retailer,32.8685017,-96.7757012,8687 N Central Expressway Suite 2340,75225,Thu Oct 27 11:20:31 +0000 2016,RT @ATT: Welcome to the team! @taylorswift13 https://t.co/4h86nLYuLo https://t.co/gAHOi7fPrZ,neg,-0.6483,general,general,,Twitter
Dallas4,Corporate retailer,32.8685017,-96.7757012,8687 N Central Expressway Suite 2340,75225,Thu Oct 27 11:16:40 +0000 2016,The Latin America assets of @ATT could figure more prominently after Time Warner deal https://t.co/vS9caPpg8X |… https://t.co/wC2P1bslye,neg,-0.7891,general,general,,Twitter
Dallas4,Corporate retailer,32.8685017,-96.7757012,8687 N Central Expressway Suite 2340,75225,Thu Oct 27 11:12:11 +0000 2016,RT @ATT: Get a sweet deal on the new iPhone 7 when you switch to AT&amp;T and have DIRECTV. https://t.co/JO08KrMKj7 https://t.co/tAcB2wPVFO,neg,-0.2990,directv,general,,Twitter
Dallas4,Corporate retailer,32.8685017,-96.7757012,8687 N Central Expressway Suite 2340,75225,Thu Oct 27 10:59:54 +0000 2016,RT @ATT: Get a sweet deal on the new iPhone 7 when you switch to AT&amp;T and have DIRECTV. https://t.co/JO08KrMKj7 https://t.co/tAcB2wPVFO,neg,-0.2990,directv,general,,Twitter
Dallas4,Corporate retailer,32.8685017,-96.7757012,8687 N Central Expressway Suite 2340,75225,Thu Oct 27 10:30:50 +0000 2016,"RT @dallasnews: Trump gets litigious, AT&amp;T gets bigger, @TomiLahren wins bigly: Your weekend news digest https://t.co/tjOy7OJCri https://t.…",neg,-0.7070,general,general,,Twitter
Dallas4,Corporate retailer,32.8685017,-96.7757012,8687 N Central Expressway Suite 2340,75225,Thu Oct 27 10:17:18 +0000 2016,RT @ATT: Welcome to the team! @taylorswift13 https://t.co/4h86nLYuLo https://t.co/gAHOi7fPrZ,neg,-0.6483,general,general,,Twitter
Dallas4,Corporate retailer,32.8685017,-96.7757012,8687 N Central Expressway Suite 2340,75225,Thu Oct 27 09:49:00 +0000 2016,"Take A Deep Breath On The AT&amp;T-Time Warner Merger: Randall Stephenson, chairman and chief executive officer o... https://t.co/YBSo7JeiHH",pos,0.4583,general,general,,Twitter
Dallas4,Corporate retailer,32.8685017,-96.7757012,8687 N Central Expressway Suite 2340,75225,Thu Oct 27 09:47:19 +0000 2016,@TheOrangeCone @DIRECTV notice how others answered but @directtv didnt? Customer service yay!,pos,0.4552,directv,general,,Twitter
Dallas4,Corporate retailer,32.8685017,-96.7757012,8687 N Central Expressway Suite 2340,75225,Thu Oct 27 09:34:21 +0000 2016,RT @ATT: Get a sweet deal on the new iPhone 7 when you switch to AT&amp;T and have DIRECTV. https://t.co/JO08KrMKj7 https://t.co/tAcB2wPVFO,neg,-0.2990,directv,general,,Twitter
Dallas4,Corporate retailer,32.8685017,-96.7757012,8687 N Central Expressway Suite 2340,75225,Thu Oct 27 09:29:23 +0000 2016,RT @ATT: Who made you a college 🏈 fan? Share with #MadeMeAFanContest for a chance to win. Rules https://t.co/hU3I3wFn5V https://t.co/seJBJK…,neg,-0.2751,general,general,,Twitter
Dallas4,Corporate retailer,32.8685017,-96.7757012,8687 N Central Expressway Suite 2340,75225,Thu Oct 27 08:55:07 +0000 2016,"Sneak peek of the brand new Trinity Forest Golf Club, future host of AT&amp;T Byron Nelson (Video) https://t.co/L2QnGBvhdW #dallas",neg,-0.6770,general,general,,Twitter
Dallas4,Corporate retailer,32.8685017,-96.7757012,8687 N Central Expressway Suite 2340,75225,Thu Oct 27 08:44:38 +0000 2016,RT @ATT: Welcome to the team! @taylorswift13 https://t.co/4h86nLYuLo https://t.co/gAHOi7fPrZ,neg,-0.6483,general,general,,Twitter
Dallas4,Corporate retailer,32.8685017,-96.7757012,8687 N Central Expressway Suite 2340,75225,Thu Oct 27 08:23:01 +0000 2016,RT @ATT: Welcome to the team! @taylorswift13 https://t.co/4h86nLYuLo https://t.co/gAHOi7fPrZ,neg,-0.6483,general,general,,Twitter
Dallas4,Corporate retailer,32.8685017,-96.7757012,8687 N Central Expressway Suite 2340,75225,Thu Oct 27 08:19:50 +0000 2016,RT @ATT: Welcome to the team! @taylorswift13 https://t.co/4h86nLYuLo https://t.co/gAHOi7fPrZ,neg,-0.6483,general,general,,Twitter
Dallas4,Corporate retailer,32.8685017,-96.7757012,8687 N Central Expressway Suite 2340,75225,Thu Oct 27 08:19:29 +0000 2016,RT @ATT: Get a sweet deal on the new iPhone 7 when you switch to AT&amp;T and have DIRECTV. https://t.co/JO08KrMKj7 https://t.co/tAcB2wPVFO,neg,-0.2990,directv,general,,Twitter
Dallas4,Corporate retailer,32.8685017,-96.7757012,8687 N Central Expressway Suite 2340,75225,Thu Oct 27 07:59:35 +0000 2016,#dallas Why Jordan Spieth is the perfect ambassador for AT&amp;T Byron Nelson's move to new home in 2018 https://t.co/x65HrRFfoP,neg,-0.1241,general,general,,Twitter
Dallas4,Corporate retailer,32.8685017,-96.7757012,8687 N Central Expressway Suite 2340,75225,Thu Oct 27 07:50:24 +0000 2016,RT @ATT: Welcome to the team! @taylorswift13 https://t.co/4h86nLYuLo https://t.co/gAHOi7fPrZ,neg,-0.6483,general,general,,Twitter
