Dallas8,Corporate retailer,32.913273,-96.958064,7800 N. Macarthur Boulevard Suite 150,75063,Sat Oct 22 18:38:39 +0000 2016,"Report: AT&amp;T to buy Time Warner for more than $80 billion
https://t.co/GW76Pr2wlT",pos,0.1354,general,general,,Twitter
Dallas8,Corporate retailer,32.913273,-96.958064,7800 N. Macarthur Boulevard Suite 150,75063,Sat Oct 22 18:31:55 +0000 2016,@ATT Reaches Deal to Buy @twxcorp for More Than $80 Billion https://t.co/vCwS3Ef4uf via @WSJ,neg,-0.0578,general,general,,Twitter
Dallas8,Corporate retailer,32.913273,-96.958064,7800 N. Macarthur Boulevard Suite 150,75063,Sat Oct 22 18:26:58 +0000 2016,RT @AddBrocke: Holy shit: AT&amp;T Agrees to Buy Time Warner for More Than $80 Billion https://t.co/Md0zH7rAgG https://t.co/ECknFqcMtY,pos,0.5943,general,general,,Twitter
Dallas8,Corporate retailer,32.913273,-96.958064,7800 N. Macarthur Boulevard Suite 150,75063,Sat Oct 22 18:26:16 +0000 2016,Wonder if they'll start doing something similar to the ATT+DTV promotion with TWC https://t.co/7ziGCoP5me,neg,-0.2409,general,general,,Twitter
