Dallas16,Authorized retailer,32.865482,-96.805688,5960 W Northwest Hwy,75225,Sat Oct 22 23:51:53 +0000 2016,ATT to buy time warner for more than $80 billion - https://t.co/LQXVJQOC6x via @WSJ,neg,-0.3513,general,general,,Twitter
Dallas16,Authorized retailer,32.865482,-96.805688,5960 W Northwest Hwy,75225,Sat Oct 22 23:50:52 +0000 2016,"The Streaming TV Game just got real #ATT #atttimewarner 
https://t.co/Yg84Ly4sly",neg,-0.7077,general,general,,Twitter
Dallas16,Authorized retailer,32.865482,-96.805688,5960 W Northwest Hwy,75225,Sat Oct 22 23:50:50 +0000 2016,RT @ATT: Who made you a college 🏈 fan? Share with #MadeMeAFanContest for a chance to win. Rules https://t.co/hU3I3wFn5V https://t.co/xZbxUJ…,neg,-0.2751,general,general,,Twitter
Dallas16,Authorized retailer,32.865482,-96.805688,5960 W Northwest Hwy,75225,Sat Oct 22 23:50:22 +0000 2016,RT @tweetdal: WSJ: AT&amp;T Reaches Deal To Purchase Time Warner For $80 Billion https://t.co/uMRJOUduRM #DFW,pos,0.1531,general,general,,Twitter
Dallas16,Authorized retailer,32.865482,-96.805688,5960 W Northwest Hwy,75225,Sat Oct 22 23:48:59 +0000 2016,"If @ATT acquires @cnn, I am likely cancelling all of my personal and business accounts. #atttimewarner",neg,-0.8327,general,general,,Twitter
Dallas16,Authorized retailer,32.865482,-96.805688,5960 W Northwest Hwy,75225,Sat Oct 22 23:46:52 +0000 2016,"RT @attJOBS: When you start at AT&amp;T, the possibilities are endless! Explore your options: https://t.co/mrhpKx06eW #LifeAtATT https://t.co/4…",neg,-0.3315,general,general,,Twitter
Dallas16,Authorized retailer,32.865482,-96.805688,5960 W Northwest Hwy,75225,Sat Oct 22 23:46:13 +0000 2016,@nytimes @DBL_L_01 Because that DirecTV deal is working out so well for them,pos,0.2815,directv,general,,Twitter
Dallas16,Authorized retailer,32.865482,-96.805688,5960 W Northwest Hwy,75225,Sat Oct 22 23:41:08 +0000 2016,Dallas based AT&amp;T reaches deal to buy Time Warner for more than $80 Billion https://t.co/5nmDOeRuGz,pos,0.0776,general,general,,Twitter
Dallas16,Authorized retailer,32.865482,-96.805688,5960 W Northwest Hwy,75225,Sat Oct 22 23:38:40 +0000 2016,"#Dallas #Jobs (USA-TX-Dallas) Senior Tech Project Mgmt: -[if gte mso 9]&gt;[endif]-&gt;

*DirecTV Job Title(s)**-... https://t.co/T3YTK0kmjw",pos,0.0138,directv,general,,Twitter
Dallas16,Authorized retailer,32.865482,-96.805688,5960 W Northwest Hwy,75225,Sat Oct 22 23:38:37 +0000 2016,"#Job #Dallas (USA-TX-Dallas) Senior Tech Project Mgmt: -[if gte mso 9]&gt;[endif]-&gt;

*DirecTV Job Title(s)**-*... https://t.co/DWfCEIOtqq",neg,-0.0462,directv,general,,Twitter
Dallas16,Authorized retailer,32.865482,-96.805688,5960 W Northwest Hwy,75225,Sat Oct 22 23:35:16 +0000 2016,Wait for it..... https://t.co/wQPsQ0wp14,neg,-0.2351,general,general,,Twitter
Dallas16,Authorized retailer,32.865482,-96.805688,5960 W Northwest Hwy,75225,Sat Oct 22 23:35:01 +0000 2016,@ATT WHY DO I HAVE NO SERVICE IN MY APARTMENT!!! https://t.co/dPyPTDRcGr,neg,-0.6821,general,general,,Twitter
