Dallas1,Corporate retailer,32.776664,-96.796988,"208 S Akard Street, Ste 110",75202,Mon Oct 24 17:00:19 +0000 2016,"RT @ATT: Before you vote, grab the remote and tune into the final #debatenight at 8/7c. #UNLVPresDebate https://t.co/afLxTSZMLW",neg,-0.7424,general,general,,Twitter
Dallas1,Corporate retailer,32.776664,-96.796988,"208 S Akard Street, Ste 110",75202,Mon Oct 24 16:59:20 +0000 2016,RT @ATT: Welcome to the team! @taylorswift13 https://t.co/4h86nLYuLo https://t.co/gAHOi7fPrZ,neg,-0.6483,general,general,,Twitter
Dallas1,Corporate retailer,32.776664,-96.796988,"208 S Akard Street, Ste 110",75202,Mon Oct 24 16:57:43 +0000 2016,RT @melissa_repko: Hold on a sec: Time Warner Cable isn't part of AT&amp;T deal https://t.co/Pe32eNKepR,neg,-0.7614,general,general,,Twitter
Dallas1,Corporate retailer,32.776664,-96.796988,"208 S Akard Street, Ste 110",75202,Mon Oct 24 16:57:09 +0000 2016,RT @melissa_repko: Hold on a sec: Time Warner Cable isn't part of AT&amp;T deal https://t.co/Pe32eNKepR,neg,-0.7614,general,general,,Twitter
Dallas1,Corporate retailer,32.776664,-96.796988,"208 S Akard Street, Ste 110",75202,Mon Oct 24 16:55:44 +0000 2016,"@Y98 
Live the good #LifeAtATT. Now #Hiring #Sales Executive #Field Sales #Des
Peres, MO  https://t.co/bO52BqCzlS https://t.co/1vLKbr6p3X",pos,0.4428,general,general,,Twitter
Dallas1,Corporate retailer,32.776664,-96.796988,"208 S Akard Street, Ste 110",75202,Mon Oct 24 16:54:07 +0000 2016,"@KPLR11 
Get in on the good #LifeAtATT!. #Hiring #Sales Executive #Field Sales #Des
Peres, MO… https://t.co/dC2spvZm8Z",pos,0.3957,general,general,,Twitter
Dallas1,Corporate retailer,32.776664,-96.796988,"208 S Akard Street, Ste 110",75202,Mon Oct 24 16:54:02 +0000 2016,RT @ATT: The #futureofvideo is mobile and the #futureofmobile is video. Time Warner + AT&amp;T make it happen! @twxcorp https://t.co/GKx4U9TQYg,neg,-0.6722,general,general,,Twitter
Dallas1,Corporate retailer,32.776664,-96.796988,"208 S Akard Street, Ste 110",75202,Mon Oct 24 16:53:40 +0000 2016,Hold on a sec: Time Warner Cable isn't part of AT&amp;T deal https://t.co/Pe32eNKepR,neg,-0.7614,general,general,,Twitter
Dallas1,Corporate retailer,32.776664,-96.796988,"208 S Akard Street, Ste 110",75202,Mon Oct 24 16:53:09 +0000 2016,RT @ATT: The #futureofvideo is mobile and the #futureofmobile is video. Time Warner + AT&amp;T make it happen! @twxcorp https://t.co/GKx4U9TQYg,neg,-0.6722,general,general,,Twitter
Dallas1,Corporate retailer,32.776664,-96.796988,"208 S Akard Street, Ste 110",75202,Mon Oct 24 16:50:30 +0000 2016,"@tmj_stl_jobs 
Create unlimited earning potential!  AT&amp;T #Hiring #Sales Executive #Field Sales #Des Peres, MO… https://t.co/jnXXgIF1rk",pos,0.2015,general,general,,Twitter
Dallas1,Corporate retailer,32.776664,-96.796988,"208 S Akard Street, Ste 110",75202,Mon Oct 24 16:48:51 +0000 2016,"@stlpublicradio 
Create unlimited earning potential! AT&amp;T #Hiring #Sales Executive #Field Sales #Des
Peres, MO… https://t.co/nj0F8nXWF9",pos,0.2015,general,general,,Twitter
Dallas1,Corporate retailer,32.776664,-96.796988,"208 S Akard Street, Ste 110",75202,Mon Oct 24 16:48:07 +0000 2016,"Stephenson: AT&amp;T, Time Warner Deal ‘Defining the Future of Media’ https://t.co/4sUdiCV56t #Business #Tech_Startups",pos,0.2771,general,general,,Twitter
Dallas1,Corporate retailer,32.776664,-96.796988,"208 S Akard Street, Ste 110",75202,Mon Oct 24 16:45:06 +0000 2016,"RT @dallasnews: Trump gets litigious, AT&amp;T gets bigger, @TomiLahren wins bigly: Your weekend news digest https://t.co/tjOy7OJCri https://t.…",neg,-0.7070,general,general,,Twitter
Dallas1,Corporate retailer,32.776664,-96.796988,"208 S Akard Street, Ste 110",75202,Mon Oct 24 16:40:55 +0000 2016,"RT @dallasnews: Trump gets litigious, AT&amp;T gets bigger, @TomiLahren wins bigly: Your weekend news digest https://t.co/tjOy7OJCri https://t.…",neg,-0.7070,general,general,,Twitter
Dallas1,Corporate retailer,32.776664,-96.796988,"208 S Akard Street, Ste 110",75202,Mon Oct 24 16:31:11 +0000 2016,RT @attJOBS: Hear from Kristin how our Business Sales Leadership Development Program led to her successful career: https://t.co/aitAtDInv5…,pos,0.7784,general,general,,Twitter
Dallas1,Corporate retailer,32.776664,-96.796988,"208 S Akard Street, Ste 110",75202,Mon Oct 24 16:31:08 +0000 2016,RT @attJOBS: We're helping connect youth to their first jobs by signing on to the White House's First Job Compact. Learn more: https://t.co…,pos,0.8119,general,general,,Twitter
Dallas1,Corporate retailer,32.776664,-96.796988,"208 S Akard Street, Ste 110",75202,Mon Oct 24 16:29:54 +0000 2016,"RT @DanielleDigest: Stephenson: @ATT, @twxcorp Deal ‘Defining the Future of Media’
https://t.co/r1nu4O8kO4 https://t.co/64Lz26A1zN",neg,-0.3995,general,general,,Twitter
Dallas1,Corporate retailer,32.776664,-96.796988,"208 S Akard Street, Ste 110",75202,Mon Oct 24 16:29:49 +0000 2016,"Stephenson: @ATT, @twxcorp Deal ‘Defining the Future of Media’
https://t.co/r1nu4O8kO4 https://t.co/64Lz26A1zN",neg,-0.3995,general,general,,Twitter
Dallas1,Corporate retailer,32.776664,-96.796988,"208 S Akard Street, Ste 110",75202,Mon Oct 24 16:29:11 +0000 2016,"Stephenson: AT&amp;T, Time Warner Deal ‘Defining the Future of Media’: Randall Stephenson, CEO of Dallas-based AT&amp;T,… https://t.co/rmmus4EMdn",pos,0.4046,general,general,,Twitter
Dallas1,Corporate retailer,32.776664,-96.796988,"208 S Akard Street, Ste 110",75202,Mon Oct 24 16:24:52 +0000 2016,"RT @ATTBusiness: Your org faces cyberthreats at every turn, but you're not alone. Be #cyberaware with our new cybersecurity report: https:/…",pos,0.7493,general,general,,Twitter
Dallas1,Corporate retailer,32.776664,-96.796988,"208 S Akard Street, Ste 110",75202,Mon Oct 24 16:23:11 +0000 2016,Hold on a sec: Time Warner Cable isn't part of #ATT deal https://t.co/3ZznGU0dq7 #DFW #Tech,neg,-0.9350,general,general,,Twitter
Dallas1,Corporate retailer,32.776664,-96.796988,"208 S Akard Street, Ste 110",75202,Mon Oct 24 16:21:08 +0000 2016,Hold on a sec: Time Warner Cable isn't part of AT&amp;T deal  | Technology | Dallas News https://t.co/Rhi8yhuotL https://t.co/wuPxaglGQw,neg,-0.8668,general,general,,Twitter
Dallas1,Corporate retailer,32.776664,-96.796988,"208 S Akard Street, Ste 110",75202,Mon Oct 24 16:17:16 +0000 2016,"RT @ATTBusiness: Your org faces cyberthreats at every turn, but you're not alone. Be #cyberaware with our new cybersecurity report: https:/…",pos,0.7493,general,general,,Twitter
Dallas1,Corporate retailer,32.776664,-96.796988,"208 S Akard Street, Ste 110",75202,Mon Oct 24 16:16:40 +0000 2016,@pvanblaricom Hi Parker. DIRECTV customers get a free week of NBA League Pass from Oct. 25 to Nov. 1. Read more: https://t.co/u0RQjvWSfP,pos,0.5878,directv,general,,Twitter
Dallas1,Corporate retailer,32.776664,-96.796988,"208 S Akard Street, Ste 110",75202,Mon Oct 24 16:16:09 +0000 2016,"RT @melissa_repko: New marketing agency lands AT&amp;T, opens shop in Dallas and plans to employ 100 people. https://t.co/KTALGnMJl9 via @dalla…",pos,0.8516,general,general,,Twitter
Dallas1,Corporate retailer,32.776664,-96.796988,"208 S Akard Street, Ste 110",75202,Mon Oct 24 16:10:57 +0000 2016,"RT @ATTBusiness: Hope you learned something new at today’s #ChatSTC. If you want to learn more, register for our free #ATTcyberconf: https:…",neg,-0.3541,general,general,,Twitter
Dallas1,Corporate retailer,32.776664,-96.796988,"208 S Akard Street, Ste 110",75202,Mon Oct 24 16:09:59 +0000 2016,"RT @ATTBusiness: Your org faces cyberthreats at every turn, but you're not alone. Be #cyberaware with our new cybersecurity report: https:/…",pos,0.7493,general,general,,Twitter
Dallas1,Corporate retailer,32.776664,-96.796988,"208 S Akard Street, Ste 110",75202,Mon Oct 24 16:06:53 +0000 2016,@MadManMando75 You can view open jobs in Mexico here: https://t.co/osCZvCuxv6,pos,0.4861,general,general,,Twitter
Dallas1,Corporate retailer,32.776664,-96.796988,"208 S Akard Street, Ste 110",75202,Mon Oct 24 16:05:56 +0000 2016,@tiffaj11 We’ve got a great technical support team who will be happy to help. Reach them at https://t.co/MyRbN5TaXo,pos,0.7309,general,general,,Twitter
Dallas1,Corporate retailer,32.776664,-96.796988,"208 S Akard Street, Ste 110",75202,Mon Oct 24 16:03:12 +0000 2016,Why AT&amp;T's pursuit of Time Warner makes sense https://t.co/IuyFrdwTYB https://t.co/IMi1V838PX,neg,-0.0939,general,general,,Twitter
Dallas1,Corporate retailer,32.776664,-96.796988,"208 S Akard Street, Ste 110",75202,Mon Oct 24 16:00:18 +0000 2016,RT @ATT: Welcome to the team! @taylorswift13 https://t.co/4h86nLYuLo https://t.co/gAHOi7fPrZ,neg,-0.6483,general,general,,Twitter
Dallas1,Corporate retailer,32.776664,-96.796988,"208 S Akard Street, Ste 110",75202,Mon Oct 24 16:00:07 +0000 2016,"Your org faces cyberthreats at every turn, but you're not alone. Be #cyberaware with our new cybersecurity report:… https://t.co/IOoYXEaWhT",pos,0.7493,general,general,,Twitter
Dallas1,Corporate retailer,32.776664,-96.796988,"208 S Akard Street, Ste 110",75202,Mon Oct 24 16:00:02 +0000 2016,"User Manuals, Setup Wizards, Tutorials &amp; more for devices: AT&amp;T has you covered! https://t.co/e8atNd7Wta https://t.co/YWvbyTvK4n",neg,-0.4479,general,general,,Twitter
Dallas1,Corporate retailer,32.776664,-96.796988,"208 S Akard Street, Ste 110",75202,Mon Oct 24 15:59:10 +0000 2016,Why Wall Street doesn't like the AT&amp;T - Time Warner deal https://t.co/VGbsOzLkMW,neg,-0.2665,general,general,,Twitter
Dallas1,Corporate retailer,32.776664,-96.796988,"208 S Akard Street, Ste 110",75202,Mon Oct 24 15:58:46 +0000 2016,"ICYMI: @ATT to Purchase @twxcorp for $85.4B: Here’s What You Need to Know
https://t.co/8wSSbVNUVK… https://t.co/tuuiKCCE9F",neg,-0.6750,general,general,,Twitter
Dallas1,Corporate retailer,32.776664,-96.796988,"208 S Akard Street, Ste 110",75202,Mon Oct 24 15:57:13 +0000 2016,RT @DMagazine: Here's what you need to know about AT&amp;T's purchase of Time Warner: https://t.co/0YVTVxC3Gy https://t.co/fYoG57a3d1,neg,-0.2929,general,general,,Twitter
Dallas1,Corporate retailer,32.776664,-96.796988,"208 S Akard Street, Ste 110",75202,Mon Oct 24 15:57:06 +0000 2016,If my phone don't come in this week me and att scwobbin rt,neg,-0.7068,general,general,,Twitter
