Dallas17,Authorized retailer,32.739229,-96.682466,1530 S Buckner Blvd,75217,Wed Oct 26 18:21:31 +0000 2016,"@AnnaLDavis1 @ATT @YourAnonNews From your lips to God's ears, says the AT&amp;T C-suite.",neg,-0.6690,general,general,,Twitter
Dallas17,Authorized retailer,32.739229,-96.682466,1530 S Buckner Blvd,75217,Wed Oct 26 18:21:30 +0000 2016,"RT @DMNBiz: 100 channels, no dish: AT&amp;T announces launch of DirecTV Now for $35 a month | https://t.co/Yz34WUGhMz @melissa_repko https://t.…",pos,0.6146,directv,general,,Twitter
Dallas17,Authorized retailer,32.739229,-96.682466,1530 S Buckner Blvd,75217,Wed Oct 26 18:15:58 +0000 2016,RT @ATT: Get a sweet deal on the new iPhone 7 when you switch to AT&amp;T and have DIRECTV. https://t.co/JO08KrMKj7 https://t.co/tAcB2wPVFO,neg,-0.2990,directv,general,,Twitter
Dallas17,Authorized retailer,32.739229,-96.682466,1530 S Buckner Blvd,75217,Wed Oct 26 18:15:22 +0000 2016,RT @ATT: Welcome to the team! @taylorswift13 https://t.co/4h86nLYuLo https://t.co/gAHOi7fPrZ,neg,-0.6483,general,general,,Twitter
Dallas17,Authorized retailer,32.739229,-96.682466,1530 S Buckner Blvd,75217,Wed Oct 26 18:14:41 +0000 2016,RT @HisGirlHildy: Agree @ATT's #RandallStephenson is a 'southern gentleman' like @DaveLieber says? I've heard mostly good. @JimZarroli http…,neg,-0.6954,general,general,,Twitter
