Dallas1,Corporate retailer,32.776664,-96.796988,"208 S Akard Street, Ste 110",75202,Mon Oct 24 01:56:55 +0000 2016,RT @ATT: The #futureofvideo is mobile and the #futureofmobile is video. Time Warner + AT&amp;T make it happen! @twxcorp https://t.co/GKx4U9TQYg,neg,-0.6722,general,general,,Twitter
Dallas1,Corporate retailer,32.776664,-96.796988,"208 S Akard Street, Ste 110",75202,Mon Oct 24 01:41:44 +0000 2016,RT @ATT: Welcome to the team! @taylorswift13 https://t.co/4h86nLYuLo https://t.co/gAHOi7fPrZ,neg,-0.6483,general,general,,Twitter
Dallas1,Corporate retailer,32.776664,-96.796988,"208 S Akard Street, Ste 110",75202,Mon Oct 24 01:41:36 +0000 2016,"""Swift Opposition to Resurrection of AT&amp;T Giant"" by MICHAEL J. de la MERCED via NYT The New York Times https://t.co/1LxESB3c2C",pos,0.6799,general,general,,Twitter
Dallas1,Corporate retailer,32.776664,-96.796988,"208 S Akard Street, Ste 110",75202,Mon Oct 24 01:38:13 +0000 2016,"RT @dallasnews: Trump gets litigious, AT&amp;T gets bigger, @TomiLahren wins bigly: Your weekend news digest https://t.co/tjOy7OJCri https://t.…",neg,-0.7070,general,general,,Twitter
Dallas1,Corporate retailer,32.776664,-96.796988,"208 S Akard Street, Ste 110",75202,Mon Oct 24 01:27:43 +0000 2016,RT @dallasnews: Huge Stadium Club expects that fans with a taste for the @DallasCowboys won't leave it feeling empty | https://t.co/UU393Uz…,pos,0.7134,general,general,,Twitter
Dallas1,Corporate retailer,32.776664,-96.796988,"208 S Akard Street, Ste 110",75202,Mon Oct 24 01:27:29 +0000 2016,RT @Uverse: Who will survive in the new world? Find out on tonight's Season 7 premiere of @WalkingDead_AMC at 9/8c. #TWD https://t.co/nztIU…,pos,0.6649,uverse,general,,Twitter
Dallas1,Corporate retailer,32.776664,-96.796988,"208 S Akard Street, Ste 110",75202,Mon Oct 24 01:25:19 +0000 2016,RT @dallasnews: Huge Stadium Club expects that fans with a taste for the @DallasCowboys won't leave it feeling empty | https://t.co/UU393Uz…,pos,0.7134,general,general,,Twitter
Dallas1,Corporate retailer,32.776664,-96.796988,"208 S Akard Street, Ste 110",75202,Mon Oct 24 01:24:03 +0000 2016,RT @dallasnews: Huge Stadium Club expects that fans with a taste for the @DallasCowboys won't leave it feeling empty | https://t.co/UU393Uz…,pos,0.7134,general,general,,Twitter
Dallas1,Corporate retailer,32.776664,-96.796988,"208 S Akard Street, Ste 110",75202,Mon Oct 24 01:23:59 +0000 2016,"RT @dallasnews: Trump gets litigious, AT&amp;T gets bigger, @TomiLahren wins bigly: Your weekend news digest https://t.co/tjOy7OJCri https://t.…",neg,-0.7070,general,general,,Twitter
Dallas1,Corporate retailer,32.776664,-96.796988,"208 S Akard Street, Ste 110",75202,Mon Oct 24 01:19:47 +0000 2016,RT @ATT: Welcome to the team! @taylorswift13 https://t.co/4h86nLYuLo https://t.co/gAHOi7fPrZ,neg,-0.6483,general,general,,Twitter
