Dallas2,Corporate retailer,32.8111091,-96.8092962,3329 Oak Lawn Avenue,75219,Fri Oct 21 14:20:36 +0000 2016,RT @attJOBS: Curious why our employees love #LifeAtATT? Take a look: https://t.co/B7CTVa4b41 #GHC16 #ATTatGHC16 https://t.co/Var5AH1eWP,neg,-0.1386,general,general,,Twitter
Dallas2,Corporate retailer,32.8111091,-96.8092962,3329 Oak Lawn Avenue,75219,Fri Oct 21 14:16:06 +0000 2016,RT @attJOBS: Curious why our employees love #LifeAtATT? Take a look: https://t.co/B7CTVa4b41 #GHC16 #ATTatGHC16 https://t.co/Var5AH1eWP,neg,-0.1386,general,general,,Twitter
Dallas2,Corporate retailer,32.8111091,-96.8092962,3329 Oak Lawn Avenue,75219,Fri Oct 21 14:15:33 +0000 2016,RT @attJOBS: Curious why our employees love #LifeAtATT? Take a look: https://t.co/B7CTVa4b41 #GHC16 #ATTatGHC16 https://t.co/Var5AH1eWP,neg,-0.1386,general,general,,Twitter
Dallas2,Corporate retailer,32.8111091,-96.8092962,3329 Oak Lawn Avenue,75219,Fri Oct 21 14:15:03 +0000 2016,Curious why our employees love #LifeAtATT? Take a look: https://t.co/B7CTVa4b41 #GHC16 #ATTatGHC16 https://t.co/Var5AH1eWP,neg,-0.1386,general,general,,Twitter
Dallas2,Corporate retailer,32.8111091,-96.8092962,3329 Oak Lawn Avenue,75219,Fri Oct 21 14:14:59 +0000 2016,@WALKING33308699 You can always check the status of your application at https://t.co/Mmcz1mU5IM,pos,0.6031,general,general,,Twitter
