Dallas13,Authorized retailer,32.845283,-96.787396,6417 Hillcrest Ave,75205,Sun Oct 23 00:54:46 +0000 2016,RT @ATT: The #futureofvideo is mobile and the #futureofmobile is video. Time Warner + AT&amp;T make it happen! @twxcorp https://t.co/GKx4U9TQYg,neg,-0.6722,general,general,,Twitter
Dallas13,Authorized retailer,32.845283,-96.787396,6417 Hillcrest Ave,75205,Sun Oct 23 00:54:38 +0000 2016,RT @ATT: Welcome to the team! @taylorswift13 https://t.co/4h86nLYuLo https://t.co/gAHOi7fPrZ,neg,-0.6483,general,general,,Twitter
Dallas13,Authorized retailer,32.845283,-96.787396,6417 Hillcrest Ave,75205,Sun Oct 23 00:52:09 +0000 2016,RT @ATT: The #futureofvideo is mobile and the #futureofmobile is video. Time Warner + AT&amp;T make it happen! @twxcorp https://t.co/GKx4U9TQYg,neg,-0.6722,general,general,,Twitter
Dallas13,Authorized retailer,32.845283,-96.787396,6417 Hillcrest Ave,75205,Sun Oct 23 00:51:33 +0000 2016,RT @ATT: The #futureofvideo is mobile and the #futureofmobile is video. Time Warner + AT&amp;T make it happen! @twxcorp https://t.co/GKx4U9TQYg,neg,-0.6722,general,general,,Twitter
Dallas13,Authorized retailer,32.845283,-96.787396,6417 Hillcrest Ave,75205,Sun Oct 23 00:51:32 +0000 2016,RT @ATT: The #futureofvideo is mobile and the #futureofmobile is video. Time Warner + AT&amp;T make it happen! @twxcorp https://t.co/GKx4U9TQYg,neg,-0.6722,general,general,,Twitter
Dallas13,Authorized retailer,32.845283,-96.787396,6417 Hillcrest Ave,75205,Sun Oct 23 00:50:26 +0000 2016,RT @ATT: Welcome to the team! @taylorswift13 https://t.co/4h86nLYuLo https://t.co/gAHOi7fPrZ,neg,-0.6483,general,general,,Twitter
Dallas13,Authorized retailer,32.845283,-96.787396,6417 Hillcrest Ave,75205,Sun Oct 23 00:50:15 +0000 2016,RT @ATT: The #futureofvideo is mobile and the #futureofmobile is video. Time Warner + AT&amp;T make it happen! @twxcorp https://t.co/GKx4U9TQYg,neg,-0.6722,general,general,,Twitter
Dallas13,Authorized retailer,32.845283,-96.787396,6417 Hillcrest Ave,75205,Sun Oct 23 00:50:08 +0000 2016,RT @RickTweetTweet: Breaking News!!! AT&amp;T to Acquire Time Warner! My family just got bigger! #LifeAtATT  #TimeWarner https://t.co/RUAJa5ciO…,neg,-0.2232,general,general,,Twitter
Dallas13,Authorized retailer,32.845283,-96.787396,6417 Hillcrest Ave,75205,Sun Oct 23 00:50:00 +0000 2016,"AT&amp;T to acquire Time Warner,  me to get one step closer to that GOT extra role I've always dreamed of.… https://t.co/WktAvl3mwb",pos,0.2655,general,general,,Twitter
Dallas13,Authorized retailer,32.845283,-96.787396,6417 Hillcrest Ave,75205,Sun Oct 23 00:49:37 +0000 2016,Breaking News!!! AT&amp;T to Acquire Time Warner! My family just got bigger! #LifeAtATT  #TimeWarner… https://t.co/gGz251q8H8,neg,-0.2232,general,general,,Twitter
Dallas13,Authorized retailer,32.845283,-96.787396,6417 Hillcrest Ave,75205,Sun Oct 23 00:49:17 +0000 2016,RT @ATT: The #futureofvideo is mobile and the #futureofmobile is video. Time Warner + AT&amp;T make it happen! @twxcorp https://t.co/GKx4U9TQYg,neg,-0.6722,general,general,,Twitter
Dallas13,Authorized retailer,32.845283,-96.787396,6417 Hillcrest Ave,75205,Sun Oct 23 00:47:24 +0000 2016,RT @ATT: The #futureofvideo is mobile and the #futureofmobile is video. Time Warner + AT&amp;T make it happen! @twxcorp https://t.co/GKx4U9TQYg,neg,-0.6722,general,general,,Twitter
