Dallas3,Corporate retailer,32.8293128,-96.8272358,5616 Lemmon Ave,75209,Wed Oct 26 22:34:45 +0000 2016,RT @DallasBizNews: Been wondering what DirecTV Now will cost you? We have your answer: https://t.co/9kr2EJGUKw,neg,-0.3369,directv,general,,Twitter
Dallas3,Corporate retailer,32.8293128,-96.8272358,5616 Lemmon Ave,75209,Wed Oct 26 22:32:54 +0000 2016,PETITION: Stop the @ATT-@twxcorp merger! https://t.co/SygwvpZCf1 via @demandprogress #NoMoreMergers,pos,0.0164,general,general,,Twitter
Dallas3,Corporate retailer,32.8293128,-96.8272358,5616 Lemmon Ave,75209,Wed Oct 26 22:24:52 +0000 2016,DallasBizNews: Been wondering what DirecTV Now will cost you? We have your answer: https://t.co/oCIzhc911N,neg,-0.3369,directv,general,,Twitter
Dallas3,Corporate retailer,32.8293128,-96.8272358,5616 Lemmon Ave,75209,Wed Oct 26 22:24:42 +0000 2016,"@Fixxxer92 Thanks for bringing something this serious to our attention, Richard. We are investigating this and will take appropriate action.",pos,0.3573,general,general,,Twitter
Dallas3,Corporate retailer,32.8293128,-96.8272358,5616 Lemmon Ave,75209,Wed Oct 26 22:22:01 +0000 2016,Been wondering what DirecTV Now will cost you? We have your answer: https://t.co/9kr2EJGUKw,neg,-0.3369,directv,general,,Twitter
Dallas3,Corporate retailer,32.8293128,-96.8272358,5616 Lemmon Ave,75209,Wed Oct 26 22:10:17 +0000 2016,RT @Uverse: Looking for a new trainer? Check out @JillianMichaels Fit Fusion TV: https://t.co/wHpiTE8VdG https://t.co/Os2SQH8UbG,pos,0.7829,uverse,general,,Twitter
Dallas3,Corporate retailer,32.8293128,-96.8272358,5616 Lemmon Ave,75209,Wed Oct 26 22:10:13 +0000 2016,AT&amp;T and Ericsson demonstrate 5G network capabilities at Texas Wireless Summit https://t.co/CZZ0EDHIAj #attemployee https://t.co/BrJpGfR0nH,neg,-0.7048,general,general,,Twitter
Dallas3,Corporate retailer,32.8293128,-96.8272358,5616 Lemmon Ave,75209,Wed Oct 26 22:05:59 +0000 2016,"@attbyronnelson moving to Dallas' Trinity Forest Golf Club ahead of schedule in 2018

DMN: https://t.co/kJB8bryL73… https://t.co/fdjguTB6uC",neg,-0.7993,general,general,,Twitter
Dallas3,Corporate retailer,32.8293128,-96.8272358,5616 Lemmon Ave,75209,Wed Oct 26 22:05:55 +0000 2016,"@ATT y'all sent me a new phone with a case and they're both broken, what the heck??!!???",neg,-0.7390,general,general,,Twitter
Dallas3,Corporate retailer,32.8293128,-96.8272358,5616 Lemmon Ave,75209,Wed Oct 26 22:05:46 +0000 2016,RT @ATT: Get a sweet deal on the new iPhone 7 when you switch to AT&amp;T and have DIRECTV. https://t.co/JO08KrMKj7 https://t.co/tAcB2wPVFO,neg,-0.2990,directv,general,,Twitter
Dallas3,Corporate retailer,32.8293128,-96.8272358,5616 Lemmon Ave,75209,Wed Oct 26 21:51:21 +0000 2016,"Sneak peek of the brand new Trinity Forest Golf Club, future host of AT&amp;T Byron Nelson (Video) https://t.co/J48DuzyUfu #Dallas",neg,-0.6770,general,general,,Twitter
Dallas3,Corporate retailer,32.8293128,-96.8272358,5616 Lemmon Ave,75209,Wed Oct 26 21:40:55 +0000 2016,@ATTCares i have a double bonded pair installed and not getting the service,pos,0.5241,general,product installation,,Twitter
Dallas3,Corporate retailer,32.8293128,-96.8272358,5616 Lemmon Ave,75209,Wed Oct 26 21:40:29 +0000 2016,@ATTCares ive been dealing with this issue for 3 months. Tech after tech no resolution,pos,0.5783,general,general,,Twitter
Dallas3,Corporate retailer,32.8293128,-96.8272358,5616 Lemmon Ave,75209,Wed Oct 26 21:40:13 +0000 2016,"RT @dallasnews: Speak now: Why critics want the $108 billion marriage of AT&amp;T, Time Warner to fail https://t.co/cAtlH2KlsI | @krobijake htt…",neg,-0.2714,general,general,,Twitter
Dallas3,Corporate retailer,32.8293128,-96.8272358,5616 Lemmon Ave,75209,Wed Oct 26 21:36:33 +0000 2016,RT @ATTBusiness: We're navigating the known threat landscape to help protect your org. See more in our new cybersecurity report: https://t.…,pos,0.9918,general,general,,Twitter
Dallas3,Corporate retailer,32.8293128,-96.8272358,5616 Lemmon Ave,75209,Wed Oct 26 21:36:14 +0000 2016,RT @ATTBusiness: AT&amp;T Labs is on track to revolutionize the way #AI plays in the network…but that’s not all! More from Mazin Gilbert: https…,pos,0.2142,general,general,,Twitter
Dallas3,Corporate retailer,32.8293128,-96.8272358,5616 Lemmon Ave,75209,Wed Oct 26 21:35:51 +0000 2016,RT @attJOBS: We're teaming with @BracketsForGood to launch their first nation-wide fundraising tournament. Learn more: https://t.co/IBRIhAu…,pos,0.6594,general,general,,Twitter
Dallas3,Corporate retailer,32.8293128,-96.8272358,5616 Lemmon Ave,75209,Wed Oct 26 21:35:14 +0000 2016,RT @SportsDayDFW: AT&amp;T Byron Nelson moving to Dallas' Trinity Forest Golf Club ahead of schedule in 2018 https://t.co/0OcCOkkyin https://t.…,neg,-0.5040,general,general,,Twitter
Dallas3,Corporate retailer,32.8293128,-96.8272358,5616 Lemmon Ave,75209,Wed Oct 26 21:33:11 +0000 2016,RT @ATT: Get a sweet deal on the new iPhone 7 when you switch to AT&amp;T and have DIRECTV. https://t.co/JO08KrMKj7 https://t.co/tAcB2wPVFO,neg,-0.2990,directv,general,,Twitter
