Dallas7,Corporate retailer,32.8957338,-96.8079243,5959 Royal Lane,75230,Sun Oct 23 22:46:16 +0000 2016,"RT @DanielleDigest: .@ATT to Purchase @TWC for $85.4B: Here’s What You Need to Know
https://t.co/8wSSbVNUVK https://t.co/AhyTPE6l1T",neg,-0.6750,general,general,,Twitter
Dallas7,Corporate retailer,32.8957338,-96.8079243,5959 Royal Lane,75230,Sun Oct 23 22:45:46 +0000 2016,RT @ATTBusiness: Cybersecurity preparedness starts w/ a strong incident response plan. Get info to help shield your org from attack: https:…,pos,0.9511,general,general,,Twitter
Dallas7,Corporate retailer,32.8957338,-96.8079243,5959 Royal Lane,75230,Sun Oct 23 22:43:38 +0000 2016,".@ATT to Purchase @TWC for $85.4B: Here’s What You Need to Know
https://t.co/8wSSbVNUVK https://t.co/AhyTPE6l1T",neg,-0.6750,general,general,,Twitter
