Dallas17,Authorized retailer,32.739229,-96.682466,1530 S Buckner Blvd,75217,Mon Oct 24 17:50:50 +0000 2016,"RT @ATTBusiness: Your org faces cyberthreats at every turn, but you're not alone. Be #cyberaware with our new cybersecurity report: https:/…",pos,0.7493,general,general,,Twitter
Dallas17,Authorized retailer,32.739229,-96.682466,1530 S Buckner Blvd,75217,Mon Oct 24 17:50:23 +0000 2016,RT @RickTweetTweet: Breaking News!!! AT&amp;T to Acquire Time Warner! My family just got bigger! #LifeAtATT  #TimeWarner https://t.co/RUAJa5ciO…,neg,-0.2232,general,general,,Twitter
Dallas17,Authorized retailer,32.739229,-96.682466,1530 S Buckner Blvd,75217,Mon Oct 24 17:49:30 +0000 2016,RT @ATTBusiness: SDN + #AI is like peanut butter + jelly. Find out why it's a perfect combination: https://t.co/OrfatAuWXA https://t.co/51x…,pos,0.9827,general,general,,Twitter
Dallas17,Authorized retailer,32.739229,-96.682466,1530 S Buckner Blvd,75217,Mon Oct 24 17:49:10 +0000 2016,"@LEAGUEatATT 
AT&amp;T Hiring Sales Executive Field Sales #Des Peres, MO. Spread the word about the good #LifeAtATT.… https://t.co/rerVQkHtFI",pos,0.4015,general,general,,Twitter
Dallas17,Authorized retailer,32.739229,-96.682466,1530 S Buckner Blvd,75217,Mon Oct 24 17:47:34 +0000 2016,"@jilliangaier @CNN most likely that  will get more subscribers due to @att's vast userbase. Other than that, probably nothing will change.",pos,0.5643,general,general,,Twitter
Dallas17,Authorized retailer,32.739229,-96.682466,1530 S Buckner Blvd,75217,Mon Oct 24 17:43:59 +0000 2016,RT @ATTBusiness: SDN + #AI is like peanut butter + jelly. Find out why it's a perfect combination: https://t.co/OrfatAuWXA https://t.co/51x…,pos,0.9827,general,general,,Twitter
Dallas17,Authorized retailer,32.739229,-96.682466,1530 S Buckner Blvd,75217,Mon Oct 24 17:40:45 +0000 2016,RT @ATTBusiness: SDN + #AI is like peanut butter + jelly. Find out why it's a perfect combination: https://t.co/OrfatAuWXA https://t.co/51x…,pos,0.9827,general,general,,Twitter
Dallas17,Authorized retailer,32.739229,-96.682466,1530 S Buckner Blvd,75217,Mon Oct 24 17:40:36 +0000 2016,They expect constant connection  mobility  and innovation https://t.co/nrmXqjKfQV #mobile #attemployee,pos,0.5506,general,general,,Twitter
Dallas17,Authorized retailer,32.739229,-96.682466,1530 S Buckner Blvd,75217,Mon Oct 24 17:39:47 +0000 2016,"RT @ATT: @joeharris_stl I'm glad we were able to turn that around, Joe! https://t.co/pAJKrKvqHc",neg,-0.3521,general,general,,Twitter
Dallas17,Authorized retailer,32.739229,-96.682466,1530 S Buckner Blvd,75217,Mon Oct 24 17:36:57 +0000 2016,RT @DallasInnovates: .@att CEO says $86B deal for @twxcorp would hasten #innovation https://t.co/gOr9K1V9AA https://t.co/1rV7isJMP2,neg,-0.9262,general,general,,Twitter
Dallas17,Authorized retailer,32.739229,-96.682466,1530 S Buckner Blvd,75217,Mon Oct 24 17:35:36 +0000 2016,RT @ATT: Welcome to the team! @taylorswift13 https://t.co/4h86nLYuLo https://t.co/gAHOi7fPrZ,neg,-0.6483,general,general,,Twitter
Dallas17,Authorized retailer,32.739229,-96.682466,1530 S Buckner Blvd,75217,Mon Oct 24 17:32:15 +0000 2016,❤️Companies that show their support for their Admins! #dallasadminawards @trunkclub @SouthwestAir @OmniDallas @jcpenney @DallasStars @ATT,neg,-0.4548,general,general,,Twitter
Dallas17,Authorized retailer,32.739229,-96.682466,1530 S Buckner Blvd,75217,Mon Oct 24 17:30:36 +0000 2016,RT @DallasInnovates: .@att CEO says $86B deal for @twxcorp would hasten #innovation https://t.co/gOr9K1V9AA https://t.co/1rV7isJMP2,neg,-0.9262,general,general,,Twitter
Dallas17,Authorized retailer,32.739229,-96.682466,1530 S Buckner Blvd,75217,Mon Oct 24 17:30:36 +0000 2016,@ATT CEO Randall Stephenson confident Time Warner merger will get past regulators https://t.co/QhFBlHyiUe via @dallasnews,pos,0.3010,general,general,,Twitter
Dallas17,Authorized retailer,32.739229,-96.682466,1530 S Buckner Blvd,75217,Mon Oct 24 17:30:06 +0000 2016,SDN + #AI is like peanut butter + jelly. Find out why it's a perfect combination: https://t.co/OrfatAuWXA https://t.co/51x4mQFmuW,pos,0.9827,general,general,,Twitter
Dallas17,Authorized retailer,32.739229,-96.682466,1530 S Buckner Blvd,75217,Mon Oct 24 17:28:03 +0000 2016,RT @DallasInnovates: .@att CEO says $86B deal for @twxcorp would hasten #innovation https://t.co/gOr9K1V9AA https://t.co/1rV7isJMP2,neg,-0.9262,general,general,,Twitter
Dallas17,Authorized retailer,32.739229,-96.682466,1530 S Buckner Blvd,75217,Mon Oct 24 17:27:59 +0000 2016,RT @ATT: The #futureofvideo is mobile and the #futureofmobile is video. Time Warner + AT&amp;T make it happen! @twxcorp https://t.co/GKx4U9TQYg,neg,-0.6722,general,general,,Twitter
Dallas17,Authorized retailer,32.739229,-96.682466,1530 S Buckner Blvd,75217,Mon Oct 24 17:26:13 +0000 2016,"If merger deal fails, #ATT and Time Warner would pay big https://t.co/WXwONzftnl #DFW #Tech",neg,-0.8867,general,general,,Twitter
Dallas17,Authorized retailer,32.739229,-96.682466,1530 S Buckner Blvd,75217,Mon Oct 24 17:24:20 +0000 2016,.@att CEO says $86B deal for @twxcorp would hasten #innovation https://t.co/gOr9K1V9AA https://t.co/1rV7isJMP2,neg,-0.9262,general,general,,Twitter
Dallas17,Authorized retailer,32.739229,-96.682466,1530 S Buckner Blvd,75217,Mon Oct 24 17:17:40 +0000 2016,"RT @ATT: #FootballEverywhere, 🍕, @SamsungMobile + @AnthonyAnderson = an epic game day! Watch the full video here: https://t.co/nEg01DkjCB h…",neg,-0.3704,general,general,,Twitter
Dallas17,Authorized retailer,32.739229,-96.682466,1530 S Buckner Blvd,75217,Mon Oct 24 17:17:05 +0000 2016,AT&amp;T to buy Time Warner in media mega-deal https://t.co/7X75Grd1Jz #TimeWarner #att #technology https://t.co/Ol0F1gvPLT,neg,-0.2781,general,general,,Twitter
Dallas17,Authorized retailer,32.739229,-96.682466,1530 S Buckner Blvd,75217,Mon Oct 24 17:14:20 +0000 2016,https://t.co/49ZLMR0tIl https://t.co/jtYjC9k8cc,pos,0.0000,general,general,,Twitter
