Dallas17,Authorized retailer,32.739229,-96.682466,1530 S Buckner Blvd,75217,Wed Oct 26 01:48:35 +0000 2016,RT @BillNicholsDMN: Jordan Spieth to headline announcement of AT&amp;T Byron Nelson's early move to Trinity Forest in 2018 https://t.co/MKP4cN9…,neg,-0.3391,general,general,,Twitter
Dallas17,Authorized retailer,32.739229,-96.682466,1530 S Buckner Blvd,75217,Wed Oct 26 01:45:39 +0000 2016,"Massive AT&amp;T-Time Warner Deal Expected To Vastly Reshape Media Landscape #sportscareers @SMUSportMgt 

https://t.co/DEzzBnyrlB",pos,0.4734,general,general,,Twitter
Dallas17,Authorized retailer,32.739229,-96.682466,1530 S Buckner Blvd,75217,Wed Oct 26 01:44:23 +0000 2016,"@katelynnx11 Hi Katelynn, can you send us your account number and contact info so we can look into this for you ASAP?",pos,0.3111,general,general,,Twitter
Dallas17,Authorized retailer,32.739229,-96.682466,1530 S Buckner Blvd,75217,Wed Oct 26 01:39:11 +0000 2016,RT @JTeespeak: So great hangin w/ @GavinDeGraw thx to @DFWAcuraDealers @McDonalds &amp; @ATT  @JackFMDFW @MoreHits1037 https://t.co/V4rDDvLfkB,neg,-0.7636,general,general,,Twitter
Dallas17,Authorized retailer,32.739229,-96.682466,1530 S Buckner Blvd,75217,Wed Oct 26 01:38:40 +0000 2016,ATT:  WOMEN IN SALES:  I want you to get 2 things FREE.  #1.  A copy of my audio book THE GRIT.  #2.  My webinar wit…https://t.co/uNAC1XzxzB,neg,-0.7265,general,general,,Twitter
Dallas17,Authorized retailer,32.739229,-96.682466,1530 S Buckner Blvd,75217,Wed Oct 26 01:38:19 +0000 2016,Jordan Spieth to headline announcement of AT&amp;T Byron Nelson's early move to Trinity Forest in 2018 https://t.co/MKP4cN9w5l via @sportsdaydfw,neg,-0.0516,general,general,,Twitter
Dallas17,Authorized retailer,32.739229,-96.682466,1530 S Buckner Blvd,75217,Wed Oct 26 01:38:10 +0000 2016,RT @ATT: Welcome to the team! @taylorswift13 https://t.co/4h86nLYuLo https://t.co/gAHOi7fPrZ,neg,-0.6483,general,general,,Twitter
Dallas17,Authorized retailer,32.739229,-96.682466,1530 S Buckner Blvd,75217,Wed Oct 26 01:30:15 +0000 2016,Sources tell @BillNicholsDMN the @attbyronnelson will move to Trinity Forest Golf Club a year earlier than expected. https://t.co/2hrdqkNHCe,neg,-0.5409,general,general,,Twitter
Dallas17,Authorized retailer,32.739229,-96.682466,1530 S Buckner Blvd,75217,Wed Oct 26 01:22:32 +0000 2016,RT @theresambates: AT&amp;T research shows most businesses suffer from preventable #cyberattacks not new or unknown threats https://t.co/bdqY1D…,pos,0.6753,general,general,,Twitter
Dallas17,Authorized retailer,32.739229,-96.682466,1530 S Buckner Blvd,75217,Wed Oct 26 01:22:20 +0000 2016,RT @JTeespeak: So great hangin w/ @GavinDeGraw thx to @DFWAcuraDealers @McDonalds &amp; @ATT  @JackFMDFW @MoreHits1037 https://t.co/V4rDDvLfkB,neg,-0.7636,general,general,,Twitter
Dallas17,Authorized retailer,32.739229,-96.682466,1530 S Buckner Blvd,75217,Wed Oct 26 01:21:33 +0000 2016,RT @Justin_Fickle: @DIRECTV @DIRECTVService worst customer service experience I've ever had.  I was a customer for over 4+ yrs and spent th…,neg,-0.2731,directv,store experience,,Twitter
Dallas17,Authorized retailer,32.739229,-96.682466,1530 S Buckner Blvd,75217,Wed Oct 26 01:20:17 +0000 2016,New #IoT Security Guidelines from the Dept of Homeland Security https://t.co/vQC3juEy0y #attemployee https://t.co/QiDgjuOwFW,pos,0.0350,general,general,,Twitter
Dallas17,Authorized retailer,32.739229,-96.682466,1530 S Buckner Blvd,75217,Wed Oct 26 01:19:42 +0000 2016,RT @jasoncaston: Well played @ATT .. your move @Sling // AT&amp;T Undercuts Cable TV With $35 Internet Streaming Service https://t.co/k7ejWzNT2…,neg,-0.6007,general,general,,Twitter
Dallas17,Authorized retailer,32.739229,-96.682466,1530 S Buckner Blvd,75217,Wed Oct 26 01:17:43 +0000 2016,Well played @ATT .. your move @Sling // AT&amp;T Undercuts Cable TV With $35 Internet Streaming Service… https://t.co/h03oDQPtMG,neg,-0.6144,general,general,,Twitter
Dallas17,Authorized retailer,32.739229,-96.682466,1530 S Buckner Blvd,75217,Wed Oct 26 01:10:34 +0000 2016,Jordan Spieth to help unveil new home for AT&amp;T Byron Nelson | @BillNicholsDMN https://t.co/0EZtmyzthU https://t.co/U766oo4S7y,pos,0.6275,general,general,,Twitter
Dallas17,Authorized retailer,32.739229,-96.682466,1530 S Buckner Blvd,75217,Wed Oct 26 01:00:01 +0000 2016,Take a look at our tutorial for info on how to change your bigtincan from AT&amp;T password https://t.co/DMWuWr4MbE https://t.co/tb2vBLA4Ww,pos,0.2222,general,general,,Twitter
Dallas17,Authorized retailer,32.739229,-96.682466,1530 S Buckner Blvd,75217,Wed Oct 26 00:53:41 +0000 2016,RT @dallasnews: AT&amp;T announces launch of DirecTV Now for $35 a month https://t.co/VLUOgLDKxD | @Melissa_Repko https://t.co/Oqw3WFWHcA,pos,0.4787,directv,general,,Twitter
Dallas17,Authorized retailer,32.739229,-96.682466,1530 S Buckner Blvd,75217,Wed Oct 26 00:52:55 +0000 2016,RT @SportsDayDFW: How frat-tastic... Arkansas bros are playing Slap The Bag outside JerryWorld (via @TomFoxPhoto) https://t.co/5SNqk5BQsu #…,neg,-0.0702,general,general,,Twitter
Dallas17,Authorized retailer,32.739229,-96.682466,1530 S Buckner Blvd,75217,Wed Oct 26 00:43:32 +0000 2016,RT @ATT: Get a sweet deal on the new iPhone 7 when you switch to AT&amp;T and have DIRECTV. https://t.co/TQVeUkmeZ6 https://t.co/zfZmNpe8AP,neg,-0.2990,directv,general,,Twitter
Dallas17,Authorized retailer,32.739229,-96.682466,1530 S Buckner Blvd,75217,Wed Oct 26 00:42:33 +0000 2016,RT @ATT: Welcome to the team! @taylorswift13 https://t.co/4h86nLYuLo https://t.co/gAHOi7fPrZ,neg,-0.6483,general,general,,Twitter
Dallas17,Authorized retailer,32.739229,-96.682466,1530 S Buckner Blvd,75217,Wed Oct 26 00:36:29 +0000 2016,RT @ATTBusiness: Watch how to protect your business from evolving threats. Get our report to learn more: https://t.co/8Ixmpp7esC #ATTCyberC…,pos,0.0090,general,general,,Twitter
Dallas17,Authorized retailer,32.739229,-96.682466,1530 S Buckner Blvd,75217,Wed Oct 26 00:33:16 +0000 2016,RT @ATT: Get a sweet deal on the new iPhone 7 when you switch to AT&amp;T and have DIRECTV. https://t.co/TQVeUkmeZ6 https://t.co/zfZmNpe8AP,neg,-0.2990,directv,general,,Twitter
