Dallas9,Corporate retailer,33.009892,-96.709061,701 N Central Expy,75075,Tue Oct 25 17:01:05 +0000 2016,RT @attJOBS: Share what you love about tech with our diverse customer base. Now Hiring in the Bay Area! https://t.co/vK804bbb18 https://t.c…,pos,0.9032,general,general,,Twitter
Dallas9,Corporate retailer,33.009892,-96.709061,701 N Central Expy,75075,Tue Oct 25 16:56:13 +0000 2016,RT @attJOBS: Our new #SanFrancisco flagship store is restored and ready for the future with our latest technology. Take a look: https://t.c…,pos,0.7603,general,store experience,,Twitter
Dallas9,Corporate retailer,33.009892,-96.709061,701 N Central Expy,75075,Tue Oct 25 16:54:28 +0000 2016,"RT @dmn_cowboys: No playoff games at AT&amp;T Stadium the first 3 rounds, but The Star may host postseason games the first 5 rounds  https://t.…",pos,0.8702,general,general,,Twitter
Dallas9,Corporate retailer,33.009892,-96.709061,701 N Central Expy,75075,Tue Oct 25 16:54:28 +0000 2016,"How to talk about the AT&amp;T, Time Warner deal like an insider. https://t.co/3AB12cPQEs",neg,-0.1263,general,general,,Twitter
Dallas9,Corporate retailer,33.009892,-96.709061,701 N Central Expy,75075,Tue Oct 25 16:52:02 +0000 2016,"RT @dmn_cowboys: No playoff games at AT&amp;T Stadium the first 3 rounds, but The Star may host postseason games the first 5 rounds  https://t.…",pos,0.8702,general,general,,Twitter
Dallas9,Corporate retailer,33.009892,-96.709061,701 N Central Expy,75075,Tue Oct 25 16:51:42 +0000 2016,"RT @dmn_cowboys: No playoff games at AT&amp;T Stadium the first 3 rounds, but The Star may host postseason games the first 5 rounds  https://t.…",pos,0.8702,general,general,,Twitter
Dallas9,Corporate retailer,33.009892,-96.709061,701 N Central Expy,75075,Tue Oct 25 16:51:29 +0000 2016,RT @ATT: Get a sweet deal on the new iPhone 7 when you switch to AT&amp;T and have DIRECTV. https://t.co/TQVeUkmeZ6 https://t.co/zfZmNpe8AP,neg,-0.2990,directv,general,,Twitter
Dallas9,Corporate retailer,33.009892,-96.709061,701 N Central Expy,75075,Tue Oct 25 16:49:54 +0000 2016,#ESports 101 for the uninitiated on #TheBridgeATT https://t.co/4GKkDEBZaJ #attemployee https://t.co/O3jHI7KUb4,neg,-0.4322,general,general,,Twitter
Dallas9,Corporate retailer,33.009892,-96.709061,701 N Central Expy,75075,Tue Oct 25 16:48:24 +0000 2016,"When you work from home and the Wifi is down 🙃

And they can't come to fix it until tomorrow night... @ATTCares",pos,0.2388,general,general,,Twitter
Dallas9,Corporate retailer,33.009892,-96.709061,701 N Central Expy,75075,Tue Oct 25 16:47:56 +0000 2016,Big 12's decision on football divisions expected in near future; AT&amp;T Stadium favored to host title game?… https://t.co/8DTbd1iyWP,pos,0.8303,general,general,,Twitter
Dallas9,Corporate retailer,33.009892,-96.709061,701 N Central Expy,75075,Tue Oct 25 16:46:59 +0000 2016,RT @dallasnews: What to make of an AT&amp;T and Time Warner merger | @DMNOpinion https://t.co/pwyOcObJxn https://t.co/VfavqBHiwK,neg,-0.2054,general,general,,Twitter
Dallas9,Corporate retailer,33.009892,-96.709061,701 N Central Expy,75075,Tue Oct 25 16:46:43 +0000 2016,@DIRECTV Im having problems with my box and all i keep getting is fucked up customer service. ..,pos,0.4403,directv,general,,Twitter
Dallas9,Corporate retailer,33.009892,-96.709061,701 N Central Expy,75075,Tue Oct 25 16:46:17 +0000 2016,What to make of an AT&amp;T and Time Warner merger | @DMNOpinion https://t.co/pwyOcObJxn https://t.co/VfavqBHiwK,neg,-0.2054,general,general,,Twitter
Dallas9,Corporate retailer,33.009892,-96.709061,701 N Central Expy,75075,Tue Oct 25 16:40:17 +0000 2016,RT @ATT: Welcome to the team! @taylorswift13 https://t.co/4h86nLYuLo https://t.co/gAHOi7fPrZ,neg,-0.6483,general,general,,Twitter
Dallas9,Corporate retailer,33.009892,-96.709061,701 N Central Expy,75075,Tue Oct 25 16:37:45 +0000 2016,Big 12's decision on football divisions expected in near future; AT&amp;T Stadium favored to host title game? https://t.co/zrnRIY7P48,pos,0.8303,general,general,,Twitter
Dallas9,Corporate retailer,33.009892,-96.709061,701 N Central Expy,75075,Tue Oct 25 16:37:00 +0000 2016,Big 12's decision on football divisions expected in near future; AT&amp;T Stadium favored to host title game? - D... https://t.co/tX2mO4Kcit,pos,0.8303,general,general,,Twitter
Dallas9,Corporate retailer,33.009892,-96.709061,701 N Central Expy,75075,Tue Oct 25 16:29:26 +0000 2016,[At least potentially] AT&amp;T Deal Offers Ad-Industry Aid -- WSJ https://t.co/kulq3UP5jO via @Nasdaq,neg,-0.0420,general,general,,Twitter
Dallas9,Corporate retailer,33.009892,-96.709061,701 N Central Expy,75075,Tue Oct 25 16:27:36 +0000 2016,@ATTCares what details? Look at the picture and take in how stupid it is.,neg,-0.2056,general,general,,Twitter
Dallas9,Corporate retailer,33.009892,-96.709061,701 N Central Expy,75075,Tue Oct 25 16:25:12 +0000 2016,The new AT&amp;T could control the path from the cable box to your phone https://t.co/cCSmTmGWfJ // Interesting deal..… https://t.co/yG2a53AHJJ,neg,-0.1240,general,general,,Twitter
Dallas9,Corporate retailer,33.009892,-96.709061,701 N Central Expy,75075,Tue Oct 25 16:25:00 +0000 2016,What to make of an AT&amp;T and Time Warner merger https://t.co/GS89pWNIJu https://t.co/xsnOAOF6sF,neg,-0.2054,general,general,,Twitter
