Dallas16,Authorized retailer,32.865482,-96.805688,5960 W Northwest Hwy,75225,Sat Oct 22 16:13:37 +0000 2016,RT @dallasnews: New report: AT&amp;T has $85 billion deal in 'principle' to buy Time Warner | https://t.co/sZn5fIP3L0 @krobijake https://t.co/S…,pos,0.3732,general,general,,Twitter
Dallas16,Authorized retailer,32.865482,-96.805688,5960 W Northwest Hwy,75225,Sat Oct 22 16:12:09 +0000 2016,RT @ATT: Welcome to the team! @taylorswift13 https://t.co/4h86nLYuLo https://t.co/gAHOi7fPrZ,neg,-0.6483,general,general,,Twitter
Dallas16,Authorized retailer,32.865482,-96.805688,5960 W Northwest Hwy,75225,Sat Oct 22 16:09:13 +0000 2016,RT @ATT: Welcome to the team! @taylorswift13 https://t.co/4h86nLYuLo https://t.co/gAHOi7fPrZ,neg,-0.6483,general,general,,Twitter
Dallas16,Authorized retailer,32.865482,-96.805688,5960 W Northwest Hwy,75225,Sat Oct 22 16:07:51 +0000 2016,RT @dallasnews: New report: AT&amp;T has $85 billion deal in 'principle' to buy Time Warner | https://t.co/sZn5fIP3L0 @krobijake https://t.co/S…,pos,0.3732,general,general,,Twitter
Dallas16,Authorized retailer,32.865482,-96.805688,5960 W Northwest Hwy,75225,Sat Oct 22 16:06:23 +0000 2016,RT @dallasnews: New report: AT&amp;T has $85 billion deal in 'principle' to buy Time Warner | https://t.co/sZn5fIP3L0 @krobijake https://t.co/S…,pos,0.3732,general,general,,Twitter
Dallas16,Authorized retailer,32.865482,-96.805688,5960 W Northwest Hwy,75225,Sat Oct 22 16:05:36 +0000 2016,@JasonWhitely @ATT @nytimes Didn't spectrum just do that? My TWC bill now says Spectrum... But my bldg is now set up for ATT fiber...?,neg,-0.7060,fiber,general,,Twitter
Dallas16,Authorized retailer,32.865482,-96.805688,5960 W Northwest Hwy,75225,Sat Oct 22 16:05:34 +0000 2016,New report: AT&amp;T has $85 billion deal in 'principle' to buy Time Warner | https://t.co/sZn5fIP3L0 @krobijake https://t.co/SyHyODOWkt,pos,0.3732,general,general,,Twitter
Dallas16,Authorized retailer,32.865482,-96.805688,5960 W Northwest Hwy,75225,Sat Oct 22 15:58:00 +0000 2016,@ATTCares like ffs maybe @att should be a bit more transparent,neg,-0.9320,general,general,,Twitter
Dallas16,Authorized retailer,32.865482,-96.805688,5960 W Northwest Hwy,75225,Sat Oct 22 15:57:40 +0000 2016,"@ATTCares UNFORTUNATELY that doesn't list what the late fees are, when they occur, or anything more specific than BAD THINGS HAPPEN",pos,0.5366,general,general,,Twitter
Dallas16,Authorized retailer,32.865482,-96.805688,5960 W Northwest Hwy,75225,Sat Oct 22 15:55:32 +0000 2016,"@rboney Rebecca- we're so excited for you, we're doing the happy dance! Enjoy your service &amp; let us know if you nee… https://t.co/7eeKL5ux5K",pos,0.2780,general,general,,Twitter
Dallas16,Authorized retailer,32.865482,-96.805688,5960 W Northwest Hwy,75225,Sat Oct 22 15:55:16 +0000 2016,Why AT&amp;T's pursuit of Time Warner makes sense: ‘It takes an elephant to eat an elephant’ https://t.co/BCohguAkfA |… https://t.co/3RBrTcUtk5,pos,0.4121,general,general,,Twitter
Dallas16,Authorized retailer,32.865482,-96.805688,5960 W Northwest Hwy,75225,Sat Oct 22 15:53:18 +0000 2016,New report: #ATT has $85 billion deal in 'principle' to buy Time Warner https://t.co/nEmqM4qxRL #DFW #realestate,neg,-0.3907,general,general,,Twitter
Dallas16,Authorized retailer,32.865482,-96.805688,5960 W Northwest Hwy,75225,Sat Oct 22 15:53:15 +0000 2016,New report: #ATT has $85 billion deal in 'principle' to buy Time Warner https://t.co/7FpUGOVmQ9 #DFW #Tech,neg,-0.2959,general,general,,Twitter
