Dallas16,Authorized retailer,32.865482,-96.805688,5960 W Northwest Hwy,75225,Sat Oct 22 03:11:09 +0000 2016,RT @ATTBusiness: Business-ready is one thing; cybersecurity readiness is another. Access info you need to help defend your data: https://t.…,pos,0.2633,general,general,,Twitter
Dallas16,Authorized retailer,32.865482,-96.805688,5960 W Northwest Hwy,75225,Sat Oct 22 03:05:05 +0000 2016,RT @ATT: Welcome to the team! @taylorswift13 https://t.co/4h86nLYuLo https://t.co/gAHOi7fPrZ,neg,-0.6483,general,general,,Twitter
Dallas16,Authorized retailer,32.865482,-96.805688,5960 W Northwest Hwy,75225,Sat Oct 22 03:02:51 +0000 2016,RT @ATT: Welcome to the team! @taylorswift13 https://t.co/4h86nLYuLo https://t.co/gAHOi7fPrZ,neg,-0.6483,general,general,,Twitter
Dallas16,Authorized retailer,32.865482,-96.805688,5960 W Northwest Hwy,75225,Sat Oct 22 03:02:03 +0000 2016,I'm watching Munyar Rhazy https://t.co/B4vf2ETIAF via @sharethis,pos,0.1879,general,general,,Twitter
Dallas16,Authorized retailer,32.865482,-96.805688,5960 W Northwest Hwy,75225,Sat Oct 22 03:01:10 +0000 2016,Why #ATT's pursuit of Time Warner makes sense: ‘It takes an elephant to eat an elephant’ https://t.co/0Bnw3LMJ5A #DFW,neg,-0.3510,general,general,,Twitter
Dallas16,Authorized retailer,32.865482,-96.805688,5960 W Northwest Hwy,75225,Sat Oct 22 03:00:44 +0000 2016,#Roadto5G with  #At&amp;t #ATT  @EricssonNA  @ATT https://t.co/wx0bjI240e,neg,-0.6644,general,general,,Twitter
