Dallas10,Corporate retailer,32.953929,-96.821254,5100 Beltline Road Ste. 1032,75254,Fri Oct 28 12:09:45 +0000 2016,RT @Teamcandotx: Big smiles from some incredible leaders! @AJ_att_dmdr @anthonyetuggle @Valerie_m_cando #teamcando #lifeatatt https://t.co/…,pos,0.7841,general,general,,Twitter
Dallas10,Corporate retailer,32.953929,-96.821254,5100 Beltline Road Ste. 1032,75254,Fri Oct 28 12:06:42 +0000 2016,"dcexaminer: Senate sets hearing on AT&amp;T, Time Warner merger https://t.co/OChYK6Top0 https://t.co/kRpAHxBIK1",pos,0.8142,general,general,,Twitter
Dallas10,Corporate retailer,32.953929,-96.821254,5100 Beltline Road Ste. 1032,75254,Fri Oct 28 10:13:25 +0000 2016,"RT @rogerkinkaid: dcexaminer: Senate sets hearing on AT&amp;T, Time Warner merger https://t.co/dPf8VKAhm4 https://t.co/25HWgPeACc",pos,0.8142,general,general,,Twitter
Dallas10,Corporate retailer,32.953929,-96.821254,5100 Beltline Road Ste. 1032,75254,Fri Oct 28 10:06:30 +0000 2016,"dcexaminer: Senate sets hearing on AT&amp;T, Time Warner merger https://t.co/dPf8VKAhm4 https://t.co/25HWgPeACc",pos,0.8142,general,general,,Twitter
Dallas10,Corporate retailer,32.953929,-96.821254,5100 Beltline Road Ste. 1032,75254,Fri Oct 28 04:38:05 +0000 2016,"dcexaminer: Senate sets hearing on AT&amp;T, Time Warner merger https://t.co/iQ3B2FWNBX https://t.co/lt2Itb2gER",pos,0.8142,general,general,,Twitter
Dallas10,Corporate retailer,32.953929,-96.821254,5100 Beltline Road Ste. 1032,75254,Fri Oct 28 02:41:36 +0000 2016,"@ATTCares the multiple people I chat with today have been of no help other than ""change your wifi password and dont share it""",pos,0.0715,general,general,,Twitter
Dallas10,Corporate retailer,32.953929,-96.821254,5100 Beltline Road Ste. 1032,75254,Fri Oct 28 02:40:59 +0000 2016,@ATTCares Im over every month.  I was never over any of the months before until you started charging for over 1TB,neg,-0.2196,general,general,,Twitter
Dallas10,Corporate retailer,32.953929,-96.821254,5100 Beltline Road Ste. 1032,75254,Fri Oct 28 02:40:35 +0000 2016,"@ATTCares media posts with photos, 350 hours of streaming HD video and 755 hours gaming, that still fall under 1 TB so idk where it thinks",pos,0.7098,general,general,,Twitter
Dallas10,Corporate retailer,32.953929,-96.821254,5100 Beltline Road Ste. 1032,75254,Fri Oct 28 02:40:20 +0000 2016,"@ATTCares can someone please look into your data usage calculator?  even if I sent 40,000 emails, 755 hours of streamed music, 5600 social",neg,-0.6366,general,general,,Twitter
Dallas10,Corporate retailer,32.953929,-96.821254,5100 Beltline Road Ste. 1032,75254,Thu Oct 27 23:42:41 +0000 2016,Big smiles from some incredible leaders! @AJ_att_dmdr @anthonyetuggle @Valerie_m_cando #teamcando #lifeatatt https://t.co/f1zxVvAqqi,pos,0.7841,general,general,,Twitter
Dallas10,Corporate retailer,32.953929,-96.821254,5100 Beltline Road Ste. 1032,75254,Thu Oct 27 22:30:47 +0000 2016,@Valerie_m_cando @CJ_ATT Two pivotal parts of our success! Thank you for all that you do. We will miss you Chris!… https://t.co/zmHSCw8EL1,pos,0.7114,general,general,,Twitter
Dallas10,Corporate retailer,32.953929,-96.821254,5100 Beltline Road Ste. 1032,75254,Thu Oct 27 20:33:46 +0000 2016,FYI. Damn scammers. They got me.  @ATT I had to submit a fraud alert. https://t.co/gtwwOODaS3,neg,-0.9697,general,general,,Twitter
Dallas10,Corporate retailer,32.953929,-96.821254,5100 Beltline Road Ste. 1032,75254,Thu Oct 27 20:23:41 +0000 2016,"RT @Teamcandotx: @CJ_ATT We wish you the best of luck in all your endeavors, and no matter where you go, how high you climb; you will alway…",pos,0.6392,general,general,,Twitter
Dallas10,Corporate retailer,32.953929,-96.821254,5100 Beltline Road Ste. 1032,75254,Thu Oct 27 20:21:17 +0000 2016,Direct tv on my att plan is a live saver when I'm stuck at work doing absolutely nothing,neg,-0.5645,general,general,,Twitter
Dallas10,Corporate retailer,32.953929,-96.821254,5100 Beltline Road Ste. 1032,75254,Thu Oct 27 20:04:13 +0000 2016,@CJ_ATT @Valerie_m_cando @4jbar @anthonyetuggle,pos,0.0000,general,general,,Twitter
Dallas10,Corporate retailer,32.953929,-96.821254,5100 Beltline Road Ste. 1032,75254,Thu Oct 27 20:02:16 +0000 2016,@CJ_ATT Thank you for the inspiration and CanDO spirit you've given through the years! We will miss you!… https://t.co/d2F0XBxiqm,pos,0.5854,general,general,,Twitter
Dallas10,Corporate retailer,32.953929,-96.821254,5100 Beltline Road Ste. 1032,75254,Thu Oct 27 19:58:03 +0000 2016,"@CJ_ATT We wish you the best of luck in all your endeavors, and no matter where you go, how high you climb; you wil… https://t.co/TuJejVPCV9",pos,0.6019,general,general,,Twitter
Dallas10,Corporate retailer,32.953929,-96.821254,5100 Beltline Road Ste. 1032,75254,Thu Oct 27 19:44:13 +0000 2016,Seems everyone is getting into the Halloween spirit! @AJ_att_dmdr @JennTeamCanDo #teamcando #tugglenation… https://t.co/A3150NGrad,pos,0.0682,general,general,,Twitter
Dallas10,Corporate retailer,32.953929,-96.821254,5100 Beltline Road Ste. 1032,75254,Thu Oct 27 19:34:15 +0000 2016,RT @darrindjohnsonw: @Teamcandotx @CJ_ATT we will miss you https://t.co/0IYvDoLfYI,pos,0.0838,general,general,,Twitter
Dallas10,Corporate retailer,32.953929,-96.821254,5100 Beltline Road Ste. 1032,75254,Thu Oct 27 19:27:59 +0000 2016,@ATT @xxYannaKixx me too.,neg,-0.6805,general,general,,Twitter
Dallas10,Corporate retailer,32.953929,-96.821254,5100 Beltline Road Ste. 1032,75254,Thu Oct 27 17:59:04 +0000 2016,@Teamcandotx @CJ_ATT we will miss you https://t.co/0IYvDoLfYI,pos,0.0838,general,general,,Twitter
Dallas10,Corporate retailer,32.953929,-96.821254,5100 Beltline Road Ste. 1032,75254,Thu Oct 27 16:47:53 +0000 2016,@NDSUbroadcast @bisontailgating @DIRECTV Spectrum?,pos,0.2500,directv,general,,Twitter
Dallas10,Corporate retailer,32.953929,-96.821254,5100 Beltline Road Ste. 1032,75254,Thu Oct 27 15:44:42 +0000 2016,Verizon and AT&amp;T at center of 3GPP 5G standards fight https://t.co/SXpoTzYISF via @rcrwirelessnews,pos,0.4854,general,general,,Twitter
Dallas10,Corporate retailer,32.953929,-96.821254,5100 Beltline Road Ste. 1032,75254,Thu Oct 27 10:28:52 +0000 2016,"jlui dis ""att jreflechis jte di a la rentrée"" i mdit ""vsy ok slt"" et i raccroch",neg,-0.6667,general,general,,Twitter
Dallas10,Corporate retailer,32.953929,-96.821254,5100 Beltline Road Ste. 1032,75254,Thu Oct 27 00:19:12 +0000 2016,"We had AT&amp;T Uverse in Memphis and it was great. Now we are Time Warner customers, and, well, here is how my tween f… https://t.co/AADOWq8HWu",neg,-0.1700,uverse,general,,Twitter
Dallas10,Corporate retailer,32.953929,-96.821254,5100 Beltline Road Ste. 1032,75254,Wed Oct 26 19:35:41 +0000 2016,@nytimesbits @fmanjoo I never underestimate the power of the #HailMary. Enjoying insight on the proposed @ATT @timewarnercable wedding.,neg,-0.9569,general,general,,Twitter
Dallas10,Corporate retailer,32.953929,-96.821254,5100 Beltline Road Ste. 1032,75254,Wed Oct 26 16:17:00 +0000 2016,AT&amp;T CEO Stephenson finally reveals price point for DirecTV Now https://t.co/c5432rKTjk via @DallasBizNews #GROWTHTOEXIT,pos,0.4686,directv,general,,Twitter
Dallas10,Corporate retailer,32.953929,-96.821254,5100 Beltline Road Ste. 1032,75254,Wed Oct 26 15:21:06 +0000 2016,"@timewarner @ATT you just lost another customer.  @Sling you just gained one.  Can't believe how awesome #slingtv is, it's a perfect answer",pos,0.8977,general,general,,Twitter
Dallas10,Corporate retailer,32.953929,-96.821254,5100 Beltline Road Ste. 1032,75254,Wed Oct 26 12:56:34 +0000 2016,RT @artstricklin: ICYMI. AM Edition. 3 years in the making AT&amp;T Byron Nelson to Move to Trinity Forest Golf Club in 2018 https://t.co/jeZL3…,neg,-0.0875,general,general,,Twitter
Dallas10,Corporate retailer,32.953929,-96.821254,5100 Beltline Road Ste. 1032,75254,Wed Oct 26 12:56:25 +0000 2016,ICYMI. AM Edition. 3 years in the making AT&amp;T Byron Nelson to Move to Trinity Forest Golf Club in 2018 https://t.co/jeZL358uUB via @golf_com,pos,0.2106,general,general,,Twitter
Dallas10,Corporate retailer,32.953929,-96.821254,5100 Beltline Road Ste. 1032,75254,Tue Oct 25 23:21:15 +0000 2016,Any of my Lubbock peeps have DirecTV? if so AT me if you could,neg,-0.1872,directv,general,,Twitter
Dallas10,Corporate retailer,32.953929,-96.821254,5100 Beltline Road Ste. 1032,75254,Tue Oct 25 23:00:31 +0000 2016,@ATT @ATTBusiness @ATTDeals My Note 3 was replaced under warranty 04/2016 quit working @ATTCares says no warranty @verizon can you hear me?,neg,-0.7488,general,general,,Twitter
Dallas10,Corporate retailer,32.953929,-96.821254,5100 Beltline Road Ste. 1032,75254,Tue Oct 25 22:08:01 +0000 2016,"@timewarner @ATT just canceled my TV, we don't need you and your monopoly.  Thanks for nothing",pos,0.3441,general,general,,Twitter
Dallas10,Corporate retailer,32.953929,-96.821254,5100 Beltline Road Ste. 1032,75254,Tue Oct 25 21:17:09 +0000 2016,"RT @stella_dott: Careers into the classroom, #tech paves the way, https://t.co/H1A7Oyt7RQ @att @ConnectToGood @neprisapp",neg,-0.7747,general,general,,Twitter
Dallas10,Corporate retailer,32.953929,-96.821254,5100 Beltline Road Ste. 1032,75254,Tue Oct 25 20:39:14 +0000 2016,Interaction Design class to day is @ATT's Foundry building. Pretty cool in here. Thanks for hosting us! https://t.co/vPPzvPDWq7,neg,-0.2778,general,general,,Twitter
Dallas10,Corporate retailer,32.953929,-96.821254,5100 Beltline Road Ste. 1032,75254,Tue Oct 25 20:08:09 +0000 2016,Behold the glory that is Bloomberg’s 404 https://t.co/9ARQVa6jBf,pos,0.4674,general,general,,Twitter
Dallas10,Corporate retailer,32.953929,-96.821254,5100 Beltline Road Ste. 1032,75254,Tue Oct 25 19:56:20 +0000 2016,AT&amp;T Managing Presidential Emails On Webserver From 1997! https://t.co/aBHNO6aqWW .,pos,0.5257,general,general,,Twitter
Dallas10,Corporate retailer,32.953929,-96.821254,5100 Beltline Road Ste. 1032,75254,Tue Oct 25 19:30:33 +0000 2016,"@Lana Time Warner, but my parents like Directv better.",neg,-0.5895,directv,general,,Twitter
Dallas10,Corporate retailer,32.953929,-96.821254,5100 Beltline Road Ste. 1032,75254,Tue Oct 25 18:20:44 +0000 2016,AT&amp;T will offer $35 subscription with 100 channels and includes mobile streaming https://t.co/EN1UVWnQ31 https://t.co/G1fnE38qr4,pos,0.2216,general,general,,Twitter
Dallas10,Corporate retailer,32.953929,-96.821254,5100 Beltline Road Ste. 1032,75254,Tue Oct 25 17:36:36 +0000 2016,"#ATT #TWX #Merger “AT&amp;T’s Business Transformation: From Connectivity, to Services to Experiences” by @Infosys https://t.co/QR8G1t3ANm",neg,-0.4732,general,general,,Twitter
Dallas10,Corporate retailer,32.953929,-96.821254,5100 Beltline Road Ste. 1032,75254,Tue Oct 25 16:59:42 +0000 2016,"Careers into the classroom, #tech paves the way, https://t.co/H1A7Oyt7RQ @att @ConnectToGood @neprisapp",neg,-0.7747,general,general,,Twitter
Dallas10,Corporate retailer,32.953929,-96.821254,5100 Beltline Road Ste. 1032,75254,Tue Oct 25 15:53:17 +0000 2016,"New post: AT&amp;T Is Spying on Americans for Profit, New Documents Reveal https://t.co/Vk8AXyH6vy",pos,0.7095,general,general,,Twitter
Dallas10,Corporate retailer,32.953929,-96.821254,5100 Beltline Road Ste. 1032,75254,Tue Oct 25 14:37:43 +0000 2016,"""AT&amp;T Set to Lobby for Merger With Deep Pockets and a Big Network"" by CECILIA KANG and ERIC LIPTON via NYT https://t.co/LtwK5fEq9j (Octobe…",neg,-0.6807,general,general,,Twitter
Dallas10,Corporate retailer,32.953929,-96.821254,5100 Beltline Road Ste. 1032,75254,Tue Oct 25 05:40:10 +0000 2016,Netflix’s Reed Hastings believes AT&amp;T Time Warner merger could be good for consumers https://t.co/4iek9PgAZv https://t.co/oUN2dj4Xlo,pos,0.5604,general,general,,Twitter
Dallas10,Corporate retailer,32.953929,-96.821254,5100 Beltline Road Ste. 1032,75254,Tue Oct 25 01:59:27 +0000 2016,RT if you think @ATT should provide a hotel for me and my roommates to stay in since our powers going to be out till 1am because of them,neg,-0.5143,general,general,,Twitter
Dallas10,Corporate retailer,32.953929,-96.821254,5100 Beltline Road Ste. 1032,75254,Tue Oct 25 01:57:18 +0000 2016,"@att so yeah our powers out. one of your workers cut a wire or something during the ""gigapower"" installation. Can y'all buy us a hotel?",neg,-0.5975,general,product installation,,Twitter
