Dallas17,Authorized retailer,32.739229,-96.682466,1530 S Buckner Blvd,75217,Sun Oct 23 16:35:46 +0000 2016,"RT @dallasnews: Trump gets litigious, AT&amp;T gets bigger, @TomiLahren wins bigly: Your weekend news digest https://t.co/tjOy7OJCri https://t.…",neg,-0.7070,general,general,,Twitter
Dallas17,Authorized retailer,32.739229,-96.682466,1530 S Buckner Blvd,75217,Sun Oct 23 16:35:08 +0000 2016,"RT @dallasnews: Trump gets litigious, AT&amp;T gets bigger, @TomiLahren wins bigly: Your weekend news digest https://t.co/tjOy7OJCri https://t.…",neg,-0.7070,general,general,,Twitter
Dallas17,Authorized retailer,32.739229,-96.682466,1530 S Buckner Blvd,75217,Sun Oct 23 16:34:41 +0000 2016,"RT @dallasnews: Trump gets litigious, AT&amp;T gets bigger, @TomiLahren wins bigly: Your weekend news digest https://t.co/tjOy7OJCri https://t.…",neg,-0.7070,general,general,,Twitter
Dallas17,Authorized retailer,32.739229,-96.682466,1530 S Buckner Blvd,75217,Sun Oct 23 16:34:27 +0000 2016,"RT @dallasnews: Trump gets litigious, AT&amp;T gets bigger, @TomiLahren wins bigly: Your weekend news digest https://t.co/tjOy7OJCri https://t.…",neg,-0.7070,general,general,,Twitter
Dallas17,Authorized retailer,32.739229,-96.682466,1530 S Buckner Blvd,75217,Sun Oct 23 16:34:20 +0000 2016,RT @ATT: The #futureofvideo is mobile and the #futureofmobile is video. Time Warner + AT&amp;T make it happen! @twxcorp https://t.co/GKx4U9TQYg,neg,-0.6722,general,general,,Twitter
Dallas17,Authorized retailer,32.739229,-96.682466,1530 S Buckner Blvd,75217,Sun Oct 23 16:33:09 +0000 2016,"RT @dallasnews: Trump gets litigious, AT&amp;T gets bigger, @TomiLahren wins bigly: Your weekend news digest https://t.co/tjOy7OJCri https://t.…",neg,-0.7070,general,general,,Twitter
Dallas17,Authorized retailer,32.739229,-96.682466,1530 S Buckner Blvd,75217,Sun Oct 23 16:33:04 +0000 2016,"RT @sgoldstein: Done deal: AT&amp;T, Time Warner boards approve deal valued at $108.7 billion https://t.co/u24ADetxu0 via @dallasnews",pos,0.8017,general,general,,Twitter
Dallas17,Authorized retailer,32.739229,-96.682466,1530 S Buckner Blvd,75217,Sun Oct 23 16:32:11 +0000 2016,"RT @dallasnews: Trump gets litigious, AT&amp;T gets bigger, @TomiLahren wins bigly: Your weekend news digest https://t.co/tjOy7OJCri https://t.…",neg,-0.7070,general,general,,Twitter
Dallas17,Authorized retailer,32.739229,-96.682466,1530 S Buckner Blvd,75217,Sun Oct 23 16:32:08 +0000 2016,Have mercy (in my Uncle Jesse voice)! @LukeBryanOnline shimmies and shines during #killthelightstour at @ATTStadium… https://t.co/4dZgefReqk,pos,0.6062,general,general,,Twitter
Dallas17,Authorized retailer,32.739229,-96.682466,1530 S Buckner Blvd,75217,Sun Oct 23 16:30:55 +0000 2016,"RT @dallasnews: Trump gets litigious, AT&amp;T gets bigger, @TomiLahren wins bigly: Your weekend news digest https://t.co/tjOy7OJCri https://t.…",neg,-0.7070,general,general,,Twitter
Dallas17,Authorized retailer,32.739229,-96.682466,1530 S Buckner Blvd,75217,Sun Oct 23 16:30:31 +0000 2016,"RT @dallasnews: Trump gets litigious, AT&amp;T gets bigger, @TomiLahren wins bigly: Your weekend news digest https://t.co/tjOy7OJCri https://t.…",neg,-0.7070,general,general,,Twitter
Dallas17,Authorized retailer,32.739229,-96.682466,1530 S Buckner Blvd,75217,Sun Oct 23 16:30:11 +0000 2016,RT @ATT: The #futureofvideo is mobile and the #futureofmobile is video. Time Warner + AT&amp;T make it happen! @twxcorp https://t.co/GKx4U9TQYg,neg,-0.6722,general,general,,Twitter
