Dallas3,Corporate retailer,32.8293128,-96.8272358,5616 Lemmon Ave,75209,Mon Oct 24 15:33:58 +0000 2016,"RT @dallasnews: How the AT&amp;T-Time Warner deal changes the TV, mobile landscapes https://t.co/63yM9yIFXS | @Conor_Shine https://t.co/dyRXifU…",pos,0.9370,general,general,,Twitter
Dallas3,Corporate retailer,32.8293128,-96.8272358,5616 Lemmon Ave,75209,Mon Oct 24 15:31:39 +0000 2016,"Luke Bryan at @ATTStadium: Love bro country or don't, this was a good show: https://t.co/koMLtcV1th https://t.co/5C0KpkZvsj",neg,-0.2438,general,general,,Twitter
Dallas3,Corporate retailer,32.8293128,-96.8272358,5616 Lemmon Ave,75209,Mon Oct 24 15:29:35 +0000 2016,@JeffHowardSays What a season! Who is your favorite MLS Player? #SoccerEverywhere,pos,0.3662,general,general,,Twitter
Dallas3,Corporate retailer,32.8293128,-96.8272358,5616 Lemmon Ave,75209,Mon Oct 24 15:28:26 +0000 2016,@NickFromAstoria What a crazy day of action! Who is your favorite MLS Player? #SoccerEverywhere,pos,0.1040,general,general,,Twitter
Dallas3,Corporate retailer,32.8293128,-96.8272358,5616 Lemmon Ave,75209,Mon Oct 24 15:28:00 +0000 2016,"RT @dallasnews: How the AT&amp;T-Time Warner deal changes the TV, mobile landscapes https://t.co/63yM9yIFXS | @Conor_Shine https://t.co/dyRXifU…",pos,0.9370,general,general,,Twitter
Dallas3,Corporate retailer,32.8293128,-96.8272358,5616 Lemmon Ave,75209,Mon Oct 24 15:27:18 +0000 2016,@Kirkland What a great end to the season! What MLS Club do you support? #SoccerEverywhere,pos,0.3442,general,general,,Twitter
Dallas3,Corporate retailer,32.8293128,-96.8272358,5616 Lemmon Ave,75209,Mon Oct 24 15:26:06 +0000 2016,"RT @dallasnews: How the AT&amp;T-Time Warner deal changes the TV, mobile landscapes https://t.co/63yM9yIFXS | @Conor_Shine https://t.co/dyRXifU…",pos,0.9370,general,general,,Twitter
Dallas3,Corporate retailer,32.8293128,-96.8272358,5616 Lemmon Ave,75209,Mon Oct 24 15:21:41 +0000 2016,Why Wall Street dislikes AT&amp;T deal https://t.co/QwCDsUYR1d,neg,-0.5147,general,general,,Twitter
Dallas3,Corporate retailer,32.8293128,-96.8272358,5616 Lemmon Ave,75209,Mon Oct 24 15:21:40 +0000 2016,"RT @dallasnews: How the AT&amp;T-Time Warner deal changes the TV, mobile landscapes https://t.co/63yM9yIFXS | @Conor_Shine https://t.co/dyRXifU…",pos,0.9370,general,general,,Twitter
Dallas3,Corporate retailer,32.8293128,-96.8272358,5616 Lemmon Ave,75209,Mon Oct 24 15:21:22 +0000 2016,"How the AT&amp;T-Time Warner deal changes the TV, mobile landscapes https://t.co/63yM9yIFXS | @Conor_Shine https://t.co/dyRXifUqsW",pos,0.9370,general,general,,Twitter
Dallas3,Corporate retailer,32.8293128,-96.8272358,5616 Lemmon Ave,75209,Mon Oct 24 15:21:18 +0000 2016,How the AT&amp;T-Time Warner merger could hurt consumers https://t.co/sPEjqlh82Y,pos,0.1830,general,general,,Twitter
Dallas3,Corporate retailer,32.8293128,-96.8272358,5616 Lemmon Ave,75209,Mon Oct 24 15:21:15 +0000 2016,"Don't expect a change in viewpoint for CNN, #ATT chief says https://t.co/FhwYrpRz3j #DFW #Tech",neg,-0.3085,general,general,,Twitter
Dallas3,Corporate retailer,32.8293128,-96.8272358,5616 Lemmon Ave,75209,Mon Oct 24 15:18:15 +0000 2016,"RT @dallasnews: How the AT&amp;T-Time Warner deal changes the TV, mobile landscapes https://t.co/63yM9yIFXS | @Conor_Shine https://t.co/dEDE5Jj…",pos,0.9370,general,general,,Twitter
Dallas3,Corporate retailer,32.8293128,-96.8272358,5616 Lemmon Ave,75209,Mon Oct 24 15:18:05 +0000 2016,"How the AT&amp;T-Time Warner deal changes the TV, mobile landscapes https://t.co/63yM9yIFXS | @Conor_Shine https://t.co/dEDE5JjnL1",pos,0.9370,general,general,,Twitter
Dallas3,Corporate retailer,32.8293128,-96.8272358,5616 Lemmon Ave,75209,Mon Oct 24 15:16:37 +0000 2016,"With Time Warner deal, AT&amp;T aims to be mobile entertainment powerhouse ~ https://t.co/yYM8OUT3FU via @marketingdive https://t.co/zPWiSYtfKf",pos,0.3318,general,general,,Twitter
Dallas3,Corporate retailer,32.8293128,-96.8272358,5616 Lemmon Ave,75209,Mon Oct 24 15:13:10 +0000 2016,"With Time Warner deal, AT&amp;T aims to be mobile entertainment powerhouse ~ https://t.co/yYM8OUT3FU via @marketingdive",pos,0.3318,general,general,,Twitter
Dallas3,Corporate retailer,32.8293128,-96.8272358,5616 Lemmon Ave,75209,Mon Oct 24 15:03:15 +0000 2016,AT&amp;T Is Buying Time Warner Because the Future is Google - https://t.co/pqp9gJ3z35,pos,0.3875,general,general,,Twitter
Dallas3,Corporate retailer,32.8293128,-96.8272358,5616 Lemmon Ave,75209,Mon Oct 24 15:03:11 +0000 2016,RT @ATT: Welcome to the team! @taylorswift13 https://t.co/4h86nLYuLo https://t.co/gAHOi7fPrZ,neg,-0.6483,general,general,,Twitter
Dallas3,Corporate retailer,32.8293128,-96.8272358,5616 Lemmon Ave,75209,Mon Oct 24 15:02:51 +0000 2016,Luke Bryan shimmies and shines during 'Kill the Lights' tour at AT&amp;T Stadium on Saturday | https://t.co/OMVjpTOelO https://t.co/wg6mXxibfL,pos,0.9755,general,general,,Twitter
Dallas3,Corporate retailer,32.8293128,-96.8272358,5616 Lemmon Ave,75209,Mon Oct 24 15:02:32 +0000 2016,RT @attJOBS: Our development programs can put you on the right career path. Why? Just ask Brad: https://t.co/bmAjmMvvte #BeTheFuture https:…,neg,-0.2298,general,general,,Twitter
Dallas3,Corporate retailer,32.8293128,-96.8272358,5616 Lemmon Ave,75209,Mon Oct 24 15:01:40 +0000 2016,"RT @ATTBusiness: Recently granted his 200th patent, Dale Malik shares his secrets for converting new ideas into a reality: https://t.co/5Zw…",pos,0.8282,general,general,,Twitter
Dallas3,Corporate retailer,32.8293128,-96.8272358,5616 Lemmon Ave,75209,Mon Oct 24 15:00:11 +0000 2016,#dallas AT&amp;T CEO Randall Stephenson confident Time Warner merger will get past regulators https://t.co/y9jZ375uEF,pos,0.4588,general,general,,Twitter
Dallas3,Corporate retailer,32.8293128,-96.8272358,5616 Lemmon Ave,75209,Mon Oct 24 14:55:41 +0000 2016,"Sport drives main forms CBSSports, NBC-Comcast, Disney-ESPN, Fox, and now AT&amp;T-Time Warner. @SMUSportMgt #sportsbiz https://t.co/1yFYGld1P6",pos,0.2677,general,general,,Twitter
Dallas3,Corporate retailer,32.8293128,-96.8272358,5616 Lemmon Ave,75209,Mon Oct 24 14:53:57 +0000 2016,"Follow all @DallasNews coverage of the AT&amp;T, Time Warner here: https://t.co/TfNOWHdSpF",pos,0.4039,general,general,,Twitter
Dallas3,Corporate retailer,32.8293128,-96.8272358,5616 Lemmon Ave,75209,Mon Oct 24 14:53:51 +0000 2016,@ATTCares what is this crap? Charging me extra to use data from the previous period? On the next day? #dumbass https://t.co/QiiPsGJW7i,neg,-0.4734,general,general,,Twitter
Dallas3,Corporate retailer,32.8293128,-96.8272358,5616 Lemmon Ave,75209,Mon Oct 24 14:45:28 +0000 2016,RT @dallasnews: AT&amp;T's quarterly results give hints on urgency behind Time Warner deal https://t.co/zdffIY4Gfa | @Conor_Shine https://t.co/…,neg,-0.0052,general,general,,Twitter
Dallas3,Corporate retailer,32.8293128,-96.8272358,5616 Lemmon Ave,75209,Mon Oct 24 14:37:21 +0000 2016,"If merger deal fails, AT&amp;T and Time Warner would pay big in break-up fees. https://t.co/eI6G5eDIoq",pos,0.2579,general,general,,Twitter
Dallas3,Corporate retailer,32.8293128,-96.8272358,5616 Lemmon Ave,75209,Mon Oct 24 14:37:07 +0000 2016,The CEO's Guide to Navigating the Threat Landscape - via @ATTBusiness https://t.co/IcGbH2CKYD #NetworkingExchange,pos,0.9545,general,general,,Twitter
