Dallas3,Corporate retailer,32.8293128,-96.8272358,5616 Lemmon Ave,75209,Mon Oct 24 18:48:08 +0000 2016,RT @attJOBS: Last year we donated $1M to @GirlsWhoCode &amp; the future careers of women technologists everywhere! #GHC16 https://t.co/rKDF99f5…,neg,-0.6262,general,general,,Twitter
Dallas3,Corporate retailer,32.8293128,-96.8272358,5616 Lemmon Ave,75209,Mon Oct 24 18:47:38 +0000 2016,"RT @attJOBS: In honor of #LGBTHistoryMonth, we're recapping the ways we've supported the LGBT community throughout the years: https://t.co/…",pos,0.8395,general,general,,Twitter
Dallas3,Corporate retailer,32.8293128,-96.8272358,5616 Lemmon Ave,75209,Mon Oct 24 18:47:15 +0000 2016,RT @attJOBS: Hear from Kristin how our Business Sales Leadership Development Program led to her successful career: https://t.co/aitAtDInv5…,pos,0.7784,general,general,,Twitter
Dallas3,Corporate retailer,32.8293128,-96.8272358,5616 Lemmon Ave,75209,Mon Oct 24 18:47:09 +0000 2016,RT @attJOBS: We're helping connect youth to their first jobs by signing on to the White House's First Job Compact. Learn more: https://t.co…,pos,0.8119,general,general,,Twitter
Dallas3,Corporate retailer,32.8293128,-96.8272358,5616 Lemmon Ave,75209,Mon Oct 24 18:46:52 +0000 2016,RT @attJOBS: You don't have to go back to school to continue learning. Try these tips to learn something new: https://t.co/N1AjraH8jR #Moti…,pos,0.7433,general,general,,Twitter
