Dallas12,Authorized retailer,32.836504,-96.771185,5618 E Mockingbird Lane,75206,Wed Oct 26 12:35:58 +0000 2016,RT @ATT: Welcome to the team! @taylorswift13 https://t.co/4h86nLYuLo https://t.co/gAHOi7fPrZ,neg,-0.6483,general,general,,Twitter
Dallas12,Authorized retailer,32.836504,-96.771185,5618 E Mockingbird Lane,75206,Wed Oct 26 12:19:28 +0000 2016,@ana60nda @BostonSugarBear @LordVoltimus @Snowden @ATT it's a clear violation of the 4th amendment. Search/seizure w/out probable cause.,neg,-0.4216,general,general,,Twitter
Dallas12,Authorized retailer,32.836504,-96.771185,5618 E Mockingbird Lane,75206,Wed Oct 26 12:15:28 +0000 2016,@ATT can someone call me asap... Immediately,neg,-0.8711,general,general,,Twitter
Dallas12,Authorized retailer,32.836504,-96.771185,5618 E Mockingbird Lane,75206,Wed Oct 26 12:06:08 +0000 2016,RT @Uverse: It’s showtime! Pump up #NationalPumpkinDay with Beetlejuice to get in the #Halloween spirit: https://t.co/WDktnIfl3g 🎃 https://…,neg,-0.7652,uverse,general,,Twitter
Dallas12,Authorized retailer,32.836504,-96.771185,5618 E Mockingbird Lane,75206,Wed Oct 26 12:05:39 +0000 2016,The Latin America assets of @ATT could figure more prominently after Time Warner deal https://t.co/Op4NIxIxGZ |… https://t.co/jVYaRUGK5g,neg,-0.7891,general,general,,Twitter
Dallas12,Authorized retailer,32.836504,-96.771185,5618 E Mockingbird Lane,75206,Wed Oct 26 12:02:14 +0000 2016,RT @ATT: The #futureofvideo is mobile and the #futureofmobile is video. Time Warner + AT&amp;T make it happen! @twxcorp https://t.co/GKx4U9TQYg,neg,-0.6722,general,general,,Twitter
Dallas12,Authorized retailer,32.836504,-96.771185,5618 E Mockingbird Lane,75206,Wed Oct 26 11:10:15 +0000 2016,"Don't expect a change in viewpoint for @CNN, @ATT chief says https://t.co/9xIAgD1Mzi | @agarre https://t.co/0C8y9rVgOl",neg,-0.4024,general,general,,Twitter
Dallas12,Authorized retailer,32.836504,-96.771185,5618 E Mockingbird Lane,75206,Wed Oct 26 08:56:58 +0000 2016,RT @ATT: Welcome to the team! @taylorswift13 https://t.co/4h86nLYuLo https://t.co/gAHOi7fPrZ,neg,-0.6483,general,general,,Twitter
Dallas12,Authorized retailer,32.836504,-96.771185,5618 E Mockingbird Lane,75206,Wed Oct 26 08:52:01 +0000 2016,Now I understand why people say @ATT has terrible customer service. Smdh.,neg,-0.8140,general,general,,Twitter
Dallas12,Authorized retailer,32.836504,-96.771185,5618 E Mockingbird Lane,75206,Wed Oct 26 08:40:42 +0000 2016,RT @ATT: Welcome to the team! @taylorswift13 https://t.co/4h86nLYuLo https://t.co/gAHOi7fPrZ,neg,-0.6483,general,general,,Twitter
Dallas12,Authorized retailer,32.836504,-96.771185,5618 E Mockingbird Lane,75206,Wed Oct 26 07:59:16 +0000 2016,RT @ATT: Welcome to the team! @taylorswift13 https://t.co/4h86nLYuLo https://t.co/gAHOi7fPrZ,neg,-0.6483,general,general,,Twitter
Dallas12,Authorized retailer,32.836504,-96.771185,5618 E Mockingbird Lane,75206,Wed Oct 26 07:48:54 +0000 2016,RT @ATT: Welcome to the team! @taylorswift13 https://t.co/4h86nLYuLo https://t.co/gAHOi7fPrZ,neg,-0.6483,general,general,,Twitter
Dallas12,Authorized retailer,32.836504,-96.771185,5618 E Mockingbird Lane,75206,Wed Oct 26 07:28:34 +0000 2016,RT @ATT: Welcome to the team! @taylorswift13 https://t.co/4h86nLYuLo https://t.co/gAHOi7fPrZ,neg,-0.6483,general,general,,Twitter
