Dallas7,Corporate retailer,32.8957338,-96.8079243,5959 Royal Lane,75230,Wed Oct 19 01:20:19 +0000 2016,A day in the life of an AT&amp;T PR maven with @MaddieLittrell #LifeatATT https://t.co/5qjeHPVXfy #attemployee https://t.co/EaVqX9SwK3,pos,0.6934,general,general,,Twitter
Dallas7,Corporate retailer,32.8957338,-96.8079243,5959 Royal Lane,75230,Wed Oct 19 01:16:50 +0000 2016,RT @ATT: Welcome to the team! @taylorswift13 https://t.co/4h86nLYuLo https://t.co/gAHOi7fPrZ,neg,-0.6483,general,general,,Twitter
Dallas7,Corporate retailer,32.8957338,-96.8079243,5959 Royal Lane,75230,Wed Oct 19 01:15:54 +0000 2016,RT @JordanSpieth: .@NotahBegay3 with the birdie for Team @ATT at the #SpiethShootout https://t.co/ssL2vULkxd,neg,-0.2741,general,general,,Twitter
Dallas7,Corporate retailer,32.8957338,-96.8079243,5959 Royal Lane,75230,Wed Oct 19 01:03:53 +0000 2016,RT @JordanSpieth: Here’s your chance to win my @ATT golf bag on the cover of this month's @GolfDigest: https://t.co/G0S6fDyThW https://t.co…,neg,-0.9034,general,general,,Twitter
Dallas7,Corporate retailer,32.8957338,-96.8079243,5959 Royal Lane,75230,Wed Oct 19 01:00:39 +0000 2016,RT @ATT: Welcome to the team! @taylorswift13 https://t.co/4h86nLYuLo https://t.co/gAHOi7fPrZ,neg,-0.6483,general,general,,Twitter
Dallas7,Corporate retailer,32.8957338,-96.8079243,5959 Royal Lane,75230,Wed Oct 19 01:00:01 +0000 2016,See how to use a custom signature in your AT&amp;T Landline Texting messages https://t.co/oX1F9ocbVw https://t.co/6pXYWH2yDh,pos,0.6357,general,general,,Twitter
