Dallas14,Authorized retailer,32.853358,-96.817694,5567 W Lovers Ln,75209,Thu Oct 20 22:06:06 +0000 2016,"RT @dallasnews: Today's top headlines: Waco biker shootout update, Rocky Horror Picture Show remake, AT&amp;T merger talks https://t.co/BWg5Y9V…",pos,0.3790,general,general,,Twitter
Dallas14,Authorized retailer,32.853358,-96.817694,5567 W Lovers Ln,75209,Thu Oct 20 22:04:16 +0000 2016,"RT @dallasnews: Today's top headlines: Waco biker shootout update, Rocky Horror Picture Show remake, AT&amp;T merger talks https://t.co/BWg5Y9V…",pos,0.3790,general,general,,Twitter
Dallas14,Authorized retailer,32.853358,-96.817694,5567 W Lovers Ln,75209,Thu Oct 20 22:03:49 +0000 2016,"Today's top headlines: Waco biker shootout update, Rocky Horror Picture Show remake, AT&amp;T merger talks… https://t.co/UMcvm1oDYe",pos,0.4615,general,general,,Twitter
Dallas14,Authorized retailer,32.853358,-96.817694,5567 W Lovers Ln,75209,Thu Oct 20 22:00:56 +0000 2016,RT @ATT: Welcome to the team! @taylorswift13 https://t.co/4h86nLYuLo https://t.co/gAHOi7fPrZ,neg,-0.6483,general,general,,Twitter
Dallas14,Authorized retailer,32.853358,-96.817694,5567 W Lovers Ln,75209,Thu Oct 20 21:45:40 +0000 2016,RT @attJOBS: Last year we donated $1M to @GirlsWhoCode &amp; the future careers of women technologists everywhere! #GHC16 https://t.co/rKDF99f5…,neg,-0.6262,general,general,,Twitter
Dallas14,Authorized retailer,32.853358,-96.817694,5567 W Lovers Ln,75209,Thu Oct 20 21:41:51 +0000 2016,"RT @ATT: #FootballEverywhere, 🍕, @SamsungMobile + @AnthonyAnderson = an epic game day! Watch the full video here: https://t.co/nEg01DkjCB h…",neg,-0.3704,general,general,,Twitter
Dallas14,Authorized retailer,32.853358,-96.817694,5567 W Lovers Ln,75209,Thu Oct 20 21:41:32 +0000 2016,RT @ATT: Heading to Cuba? Take your phone along for the trip + stay connected to those back home. https://t.co/euhz4Z6Zbb https://t.co/AiPS…,pos,0.2225,general,general,,Twitter
Dallas14,Authorized retailer,32.853358,-96.817694,5567 W Lovers Ln,75209,Thu Oct 20 21:34:04 +0000 2016,RT @ATT: Get a sweet deal on the new iPhone 7 when you switch to AT&amp;T and have DIRECTV. https://t.co/TQVeUkmeZ6 https://t.co/zfZmNpe8AP,neg,-0.2990,directv,general,,Twitter
Dallas14,Authorized retailer,32.853358,-96.817694,5567 W Lovers Ln,75209,Thu Oct 20 21:32:15 +0000 2016,First DIRECTV and now Time Warner. AT&amp;T is going for full control. https://t.co/izBnBXbUKI,neg,-0.1641,directv,general,,Twitter
Dallas14,Authorized retailer,32.853358,-96.817694,5567 W Lovers Ln,75209,Thu Oct 20 21:31:29 +0000 2016,"AT&amp;amp;T, Time Warner discussed a takeover in recent weeks https://t.co/Inh53q7eP6 via @dallasnews",pos,0.8425,general,general,,Twitter
Dallas14,Authorized retailer,32.853358,-96.817694,5567 W Lovers Ln,75209,Thu Oct 20 21:11:27 +0000 2016,@ATT #iHeartGreenDay #iHeartContest,neg,-0.6667,general,general,,Twitter
Dallas14,Authorized retailer,32.853358,-96.817694,5567 W Lovers Ln,75209,Thu Oct 20 21:08:48 +0000 2016,@iHeartRadio @GreenDay @ATT #iHeartGreenDay #iHeartContest,neg,-0.6667,general,general,,Twitter
Dallas14,Authorized retailer,32.853358,-96.817694,5567 W Lovers Ln,75209,Thu Oct 20 21:06:42 +0000 2016,@ATTCares - Get this error when trying to activate @HBO Go on Android TV. https://t.co/kfTYirsGgW,neg,-0.2746,general,general,,Twitter
Dallas14,Authorized retailer,32.853358,-96.817694,5567 W Lovers Ln,75209,Thu Oct 20 20:55:24 +0000 2016,"RT @dallasnews: #BREAKING: Dallas-based @ATT, TimeWarner (@twxcorp) discussed a takeover in recent weeks https://t.co/WgKs53DzV1 $twx $t ht…",pos,0.4019,general,general,,Twitter
Dallas14,Authorized retailer,32.853358,-96.817694,5567 W Lovers Ln,75209,Thu Oct 20 20:39:02 +0000 2016,"RT @dallasnews: #BREAKING: Dallas-based @ATT, TimeWarner (@twxcorp) discussed a takeover in recent weeks https://t.co/WgKs53DzV1 $twx $t ht…",pos,0.4019,general,general,,Twitter
Dallas14,Authorized retailer,32.853358,-96.817694,5567 W Lovers Ln,75209,Thu Oct 20 20:38:30 +0000 2016,"RT @dallasnews: #BREAKING: Dallas-based @ATT, TimeWarner (@twxcorp) discussed a takeover in recent weeks https://t.co/WgKs53DzV1 $twx $t ht…",pos,0.4019,general,general,,Twitter
Dallas14,Authorized retailer,32.853358,-96.817694,5567 W Lovers Ln,75209,Thu Oct 20 20:38:25 +0000 2016,"AT&amp;T, Time Warner discussed a takeover in recent weeks https://t.co/QkGYO9mxGz #DFW",pos,0.7298,general,general,,Twitter
Dallas14,Authorized retailer,32.853358,-96.817694,5567 W Lovers Ln,75209,Thu Oct 20 20:38:24 +0000 2016,"RT @dallasnews: #BREAKING: Dallas-based @ATT, TimeWarner (@twxcorp) discussed a takeover in recent weeks https://t.co/WgKs53DzV1 $twx $t ht…",pos,0.4019,general,general,,Twitter
Dallas14,Authorized retailer,32.853358,-96.817694,5567 W Lovers Ln,75209,Thu Oct 20 20:33:01 +0000 2016,"RT @dallasnews: #BREAKING: Dallas-based @ATT, TimeWarner (@twxcorp) discussed a takeover in recent weeks https://t.co/WgKs53DzV1 $twx $t ht…",pos,0.4019,general,general,,Twitter
Dallas14,Authorized retailer,32.853358,-96.817694,5567 W Lovers Ln,75209,Thu Oct 20 20:29:09 +0000 2016,"RT @dallasnews: #BREAKING: Dallas-based @ATT, TimeWarner (@twxcorp) discussed a takeover in recent weeks https://t.co/WgKs53DzV1 $twx $t ht…",pos,0.4019,general,general,,Twitter
Dallas14,Authorized retailer,32.853358,-96.817694,5567 W Lovers Ln,75209,Thu Oct 20 20:28:54 +0000 2016,"RT @dallasnews: #BREAKING: Dallas-based @ATT, TimeWarner (@twxcorp) discussed a takeover in recent weeks https://t.co/WgKs53DzV1 $twx $t ht…",pos,0.4019,general,general,,Twitter
Dallas14,Authorized retailer,32.853358,-96.817694,5567 W Lovers Ln,75209,Thu Oct 20 20:27:51 +0000 2016,"#BREAKING: Dallas-based @ATT, TimeWarner (@twxcorp) discussed a takeover in recent weeks https://t.co/WgKs53DzV1… https://t.co/hbwnTVcB5g",pos,0.4019,general,general,,Twitter
Dallas14,Authorized retailer,32.853358,-96.817694,5567 W Lovers Ln,75209,Thu Oct 20 20:27:48 +0000 2016,RT @attJOBS: Last year we donated $1M to @GirlsWhoCode &amp; the future careers of women technologists everywhere! #GHC16 https://t.co/rKDF99f5…,neg,-0.6262,general,general,,Twitter
Dallas14,Authorized retailer,32.853358,-96.817694,5567 W Lovers Ln,75209,Thu Oct 20 20:27:18 +0000 2016,RT @7onashoestring: Week 2 #ItCanWait Tip: The @ItCanWait DriveMode app is a great tool for staying distraction free! #sponsor https://t.co…,pos,0.9001,general,general,,Twitter
Dallas14,Authorized retailer,32.853358,-96.817694,5567 W Lovers Ln,75209,Thu Oct 20 20:27:12 +0000 2016,RT @7onashoestring: Week 2 #ItCanWait Tip: The @ItCanWait DriveMode app is a great tool for staying distraction free! #sponsor https://t.co…,pos,0.9001,general,general,,Twitter
Dallas14,Authorized retailer,32.853358,-96.817694,5567 W Lovers Ln,75209,Thu Oct 20 20:25:49 +0000 2016,"Dallas-based @ATT, TimeWarner (@twxcorp) discussed a takeover in recent weeks https://t.co/oHHLVaAY0m $twx $t https://t.co/pUAUTV1zEH",pos,0.2933,general,general,,Twitter
Dallas14,Authorized retailer,32.853358,-96.817694,5567 W Lovers Ln,75209,Thu Oct 20 20:25:41 +0000 2016,"AT&amp;T, Time Warner discussed a takeover in recent weeks https://t.co/pOFuCwvhoG #DFW #Tech",pos,0.7763,general,general,,Twitter
Dallas14,Authorized retailer,32.853358,-96.817694,5567 W Lovers Ln,75209,Thu Oct 20 20:22:29 +0000 2016,RT @7onashoestring: Week 2 #ItCanWait Tip: The @ItCanWait DriveMode app is a great tool for staying distraction free! #sponsor https://t.co…,pos,0.9001,general,general,,Twitter
Dallas14,Authorized retailer,32.853358,-96.817694,5567 W Lovers Ln,75209,Thu Oct 20 20:19:35 +0000 2016,RT @ATT: Welcome to the team! @taylorswift13 https://t.co/4h86nLYuLo https://t.co/gAHOi7fPrZ,neg,-0.6483,general,general,,Twitter
Dallas14,Authorized retailer,32.853358,-96.817694,5567 W Lovers Ln,75209,Thu Oct 20 20:17:46 +0000 2016,RT @7onashoestring: Have you taken the 21-Day #ItCanWait Challenge yet? Join me and @ItCanWait in the pledge to save lives! #sponsor https:…,pos,0.5132,general,general,,Twitter
Dallas14,Authorized retailer,32.853358,-96.817694,5567 W Lovers Ln,75209,Thu Oct 20 20:15:18 +0000 2016,"Report: AT&amp;T, Time Warner discussed a takeover in recent weeks https://t.co/by7Ys7XbBO #DFW #realestate",pos,0.7298,general,general,,Twitter
Dallas14,Authorized retailer,32.853358,-96.817694,5567 W Lovers Ln,75209,Thu Oct 20 20:15:00 +0000 2016,Last year we donated $1M to @GirlsWhoCode &amp; the future careers of women technologists everywhere! #GHC16 https://t.co/rKDF99f5uN,neg,-0.6262,general,general,,Twitter
Dallas14,Authorized retailer,32.853358,-96.817694,5567 W Lovers Ln,75209,Thu Oct 20 20:12:33 +0000 2016,Prelude: A Preview of Aurora 2017 at the AT&amp;T Performing Arts Center https://t.co/MHt0eOEVOd https://t.co/clS7iNK2qX,neg,-0.6031,general,general,,Twitter
Dallas14,Authorized retailer,32.853358,-96.817694,5567 W Lovers Ln,75209,Thu Oct 20 20:10:00 +0000 2016,Week 2 #ItCanWait Tip: The @ItCanWait DriveMode app is a great tool for staying distraction free! #sponsor https://t.co/ztfJysveWv,pos,0.9001,general,general,,Twitter
Dallas14,Authorized retailer,32.853358,-96.817694,5567 W Lovers Ln,75209,Thu Oct 20 20:00:35 +0000 2016,"Im still stuck on this $589 UVerse bill, thats a payment on my lac!",pos,0.0999,uverse,general,,Twitter
Dallas14,Authorized retailer,32.853358,-96.817694,5567 W Lovers Ln,75209,Thu Oct 20 20:00:03 +0000 2016,¡Llévanos contigo a la hermosa isla de #Cuba! Aprende más: https://t.co/xoNJKCjzYg https://t.co/vK24rrCX6w,pos,0.5882,general,general,,Twitter
Dallas14,Authorized retailer,32.853358,-96.817694,5567 W Lovers Ln,75209,Thu Oct 20 19:59:08 +0000 2016,RT @ATT: .@BinghamDb and @indicowie go undercover at an @MLS game…and you just have to watch the rest: https://t.co/fGvGIRRfFj https://t.co…,neg,-0.8989,general,general,,Twitter
Dallas14,Authorized retailer,32.853358,-96.817694,5567 W Lovers Ln,75209,Thu Oct 20 19:57:03 +0000 2016,RT @kalebpask: Join a Community of Innovation With a Job at AT&amp;T https://t.co/M8cBUfBLzN via @dailymuse @caroqliu,pos,0.5966,general,general,,Twitter
Dallas14,Authorized retailer,32.853358,-96.817694,5567 W Lovers Ln,75209,Thu Oct 20 19:57:01 +0000 2016,Bruh they fuck up my Uverse with this fuck shit and I swear im dropping they ass https://t.co/dDjolM7ZlT,neg,-0.5637,uverse,general,,Twitter
Dallas14,Authorized retailer,32.853358,-96.817694,5567 W Lovers Ln,75209,Thu Oct 20 19:56:58 +0000 2016,"RT @kalebpask: Listen: Life At AT&amp;T Podcast ""Vice Presidents"" - with 3 #womenofATT #LifeatATT https://t.co/lwGGwG5OnJ #attemployee https://…",pos,0.3347,general,general,,Twitter
Dallas14,Authorized retailer,32.853358,-96.817694,5567 W Lovers Ln,75209,Thu Oct 20 19:56:29 +0000 2016,RT @attJOBS: At the end of an interview you have a chance to make a lasting impression. Take it! Learn how: https://t.co/Fq9rgFL6f3 #Career…,pos,0.6291,general,general,,Twitter
Dallas14,Authorized retailer,32.853358,-96.817694,5567 W Lovers Ln,75209,Thu Oct 20 19:53:50 +0000 2016,RT @ATT: .@BinghamDb and @indicowie go undercover at an @MLS game…and you just have to watch the rest: https://t.co/fGvGIRRfFj https://t.co…,neg,-0.8989,general,general,,Twitter
Dallas14,Authorized retailer,32.853358,-96.817694,5567 W Lovers Ln,75209,Thu Oct 20 19:42:31 +0000 2016,https://t.co/I886ACEhFx via @sharethis SO You have a bad attitude and sould not have been on TV. must be you fault not Trumps,neg,-0.5272,general,general,,Twitter
Dallas14,Authorized retailer,32.853358,-96.817694,5567 W Lovers Ln,75209,Thu Oct 20 19:39:00 +0000 2016,RT @ATT: Who made you a college 🏈 fan? Share with #MadeMeAFanContest for a chance to win. Rules https://t.co/hU3I3wFn5V https://t.co/xZbxUJ…,neg,-0.2751,general,general,,Twitter
Dallas14,Authorized retailer,32.853358,-96.817694,5567 W Lovers Ln,75209,Thu Oct 20 19:33:51 +0000 2016,RT @ATT: Welcome to the team! @taylorswift13 https://t.co/4h86nLYuLo https://t.co/gAHOi7fPrZ,neg,-0.6483,general,general,,Twitter
Dallas14,Authorized retailer,32.853358,-96.817694,5567 W Lovers Ln,75209,Thu Oct 20 19:30:02 +0000 2016,Step into the shoes of our own Madeline Littrell and see what a day in the #LifeAtATT is really like:… https://t.co/Qp5xpuCaJ5,pos,0.8195,general,general,,Twitter
Dallas14,Authorized retailer,32.853358,-96.817694,5567 W Lovers Ln,75209,Thu Oct 20 19:22:41 +0000 2016,😃 Hey!  https://t.co/cMTQQI0fki,neg,-0.2879,general,general,,Twitter
Dallas14,Authorized retailer,32.853358,-96.817694,5567 W Lovers Ln,75209,Thu Oct 20 19:22:41 +0000 2016,RT @ATT: Welcome to the team! @taylorswift13 https://t.co/4h86nLYuLo https://t.co/gAHOi7fPrZ,neg,-0.6483,general,general,,Twitter
Dallas14,Authorized retailer,32.853358,-96.817694,5567 W Lovers Ln,75209,Thu Oct 20 19:11:29 +0000 2016,RT @ATT: .@BinghamDb and @indicowie go undercover at an @MLS game…and you just have to watch the rest: https://t.co/fGvGIRRfFj https://t.co…,neg,-0.8989,general,general,,Twitter
Dallas14,Authorized retailer,32.853358,-96.817694,5567 W Lovers Ln,75209,Thu Oct 20 18:58:07 +0000 2016,"Special Needs Trust Lawyers Irrevocable Trust Draper Utah 801-676-5506 Asset Protection Trust Att, by: Utah Estat… https://t.co/XpvFSeoaNQ",neg,-0.4535,general,general,,Twitter
Dallas14,Authorized retailer,32.853358,-96.817694,5567 W Lovers Ln,75209,Thu Oct 20 18:55:19 +0000 2016,"Listen: Life At AT&amp;T Podcast ""Vice Presidents"" - with 3 #womenofATT #LifeatATT https://t.co/cWQJVXjJ35 #attemployee https://t.co/pdfuZaoKBa",pos,0.3347,general,general,,Twitter
Dallas14,Authorized retailer,32.853358,-96.817694,5567 W Lovers Ln,75209,Thu Oct 20 18:34:11 +0000 2016,RT @ATT: Welcome to the team! @taylorswift13 https://t.co/4h86nLYuLo https://t.co/gAHOi7fPrZ,neg,-0.6483,general,general,,Twitter
Dallas14,Authorized retailer,32.853358,-96.817694,5567 W Lovers Ln,75209,Thu Oct 20 18:07:34 +0000 2016,RT @LisannePowers: In the past people could travel but most jobs couldnt https://t.co/ZnDYPDPKEW #greatcollaborate #attemployee,pos,0.4039,general,general,,Twitter
Dallas14,Authorized retailer,32.853358,-96.817694,5567 W Lovers Ln,75209,Thu Oct 20 18:00:04 +0000 2016,"Reliable, safer &amp; more efficient smart grids? Yes, with #IoT, our 4G LTE network and Sentient Energy. Discover how:… https://t.co/kuw85MUWkO",neg,-0.1439,general,general,,Twitter
Dallas14,Authorized retailer,32.853358,-96.817694,5567 W Lovers Ln,75209,Thu Oct 20 17:45:34 +0000 2016,RT @SirJamesGray: using my phone as a wifi hotspot for my mac since #ATT sucks and somehow can’t provide adequate wifi service to our home,neg,-0.9431,general,general,,Twitter
Dallas14,Authorized retailer,32.853358,-96.817694,5567 W Lovers Ln,75209,Thu Oct 20 17:42:02 +0000 2016,@ghostbar_Dallas Att: Hotel Mgmt. Does your customer service stop and end at the lobby? https://t.co/T4wwP5SfdY,neg,-0.1126,general,general,,Twitter
Dallas14,Authorized retailer,32.853358,-96.817694,5567 W Lovers Ln,75209,Thu Oct 20 17:40:50 +0000 2016,@RamadaLovefield Att: Hotel Mgmt. Does your customer service stop and end at the lobby? https://t.co/T4wwP5SfdY,neg,-0.1126,general,general,,Twitter
Dallas14,Authorized retailer,32.853358,-96.817694,5567 W Lovers Ln,75209,Thu Oct 20 17:40:34 +0000 2016,Telework can help facilitate greater diversity by hiring regardless of location https://t.co/ZnDYPDPKEW #ucoms #attemployee,pos,0.8970,general,general,,Twitter
Dallas14,Authorized retailer,32.853358,-96.817694,5567 W Lovers Ln,75209,Thu Oct 20 17:40:20 +0000 2016,@ramadainndallas Att: Hotel Mgmt. Does your customer service stop and end at the lobby? https://t.co/T4wwP5SfdY,neg,-0.1126,general,general,,Twitter
Dallas14,Authorized retailer,32.853358,-96.817694,5567 W Lovers Ln,75209,Thu Oct 20 17:39:46 +0000 2016,@AloftDallas Att: Hotel Mgmt. Does your customer service stop and end at the lobby? https://t.co/T4wwP5SfdY,neg,-0.1126,general,general,,Twitter
Dallas14,Authorized retailer,32.853358,-96.817694,5567 W Lovers Ln,75209,Thu Oct 20 17:39:07 +0000 2016,@HiltonArlington Att: Hotel Mgmt. Does your customer service stop and end at the lobby? https://t.co/T4wwP5SfdY,neg,-0.1126,general,general,,Twitter
Dallas14,Authorized retailer,32.853358,-96.817694,5567 W Lovers Ln,75209,Thu Oct 20 17:38:24 +0000 2016,@DallasRockwall Att: Hotel Mgmt. Does your customer service stop and end at the lobby? https://t.co/T4wwP5SfdY,neg,-0.1126,general,general,,Twitter
Dallas14,Authorized retailer,32.853358,-96.817694,5567 W Lovers Ln,75209,Thu Oct 20 17:37:53 +0000 2016,@thejoule Att: Hotel Mgmt. Does your customer service stop and end at the lobby? https://t.co/T4wwP5SfdY,neg,-0.1126,general,general,,Twitter
Dallas14,Authorized retailer,32.853358,-96.817694,5567 W Lovers Ln,75209,Thu Oct 20 17:37:29 +0000 2016,@OwnersBoxDFW Att: Hotel Mgmt. Does your customer service stop and end at the lobby? https://t.co/T4wwP5SfdY,neg,-0.1126,general,general,,Twitter
Dallas14,Authorized retailer,32.853358,-96.817694,5567 W Lovers Ln,75209,Thu Oct 20 17:36:38 +0000 2016,@MCMEleganteDAL Att: Hotel Mgmt. Does your customer service stop and end at the lobby? https://t.co/T4wwP5SfdY,neg,-0.1126,general,general,,Twitter
Dallas14,Authorized retailer,32.853358,-96.817694,5567 W Lovers Ln,75209,Thu Oct 20 17:36:00 +0000 2016,@HiltonAnatole Att: Hotel Mgmt. Does your customer service stop and end at the lobby? https://t.co/T4wwP5SfdY,neg,-0.1126,general,general,,Twitter
Dallas14,Authorized retailer,32.853358,-96.817694,5567 W Lovers Ln,75209,Thu Oct 20 17:35:20 +0000 2016,@NYLODallasSouth Att: Hotel Mgmt. Does your customer service stop and end at the lobby? https://t.co/T4wwP5SfdY,neg,-0.1126,general,general,,Twitter
Dallas14,Authorized retailer,32.853358,-96.817694,5567 W Lovers Ln,75209,Thu Oct 20 17:32:48 +0000 2016,@TheStoneleigh Att: Hotel Mgmt. Does your customer service stop and end at the lobby? https://t.co/T4wwP5SfdY,neg,-0.1126,general,general,,Twitter
Dallas14,Authorized retailer,32.853358,-96.817694,5567 W Lovers Ln,75209,Thu Oct 20 17:32:19 +0000 2016,@rc_kris Hi Kris. We don't like to hear that! Please DM us your contact and account info.,pos,0.4454,general,general,,Twitter
Dallas14,Authorized retailer,32.853358,-96.817694,5567 W Lovers Ln,75209,Thu Oct 20 17:31:45 +0000 2016,@FairmontDallas  Att: Hotel Mgmt. Does your customer service stop and end at the lobby? https://t.co/T4wwP5SfdY,neg,-0.1126,general,general,,Twitter
Dallas14,Authorized retailer,32.853358,-96.817694,5567 W Lovers Ln,75209,Thu Oct 20 17:30:04 +0000 2016,.@BinghamDb and @indicowie go undercover at an @MLS game…and you just have to watch the rest:… https://t.co/UBXN3eI0EZ,neg,-0.5795,general,general,,Twitter
Dallas14,Authorized retailer,32.853358,-96.817694,5567 W Lovers Ln,75209,Thu Oct 20 17:21:54 +0000 2016,RT @ATT: Welcome to the team! @taylorswift13 https://t.co/4h86nLYuLo https://t.co/gAHOi7fPrZ,neg,-0.6483,general,general,,Twitter
Dallas14,Authorized retailer,32.853358,-96.817694,5567 W Lovers Ln,75209,Thu Oct 20 17:05:12 +0000 2016,"Special Needs Trust Lawyers Irrevocable Trust Draper Utah 801-676-5506 Asset Protection Trust Att, by: Utah Estat… https://t.co/2alhGuwilc",neg,-0.4535,general,general,,Twitter
Dallas14,Authorized retailer,32.853358,-96.817694,5567 W Lovers Ln,75209,Thu Oct 20 16:58:12 +0000 2016,RT @ATTBusiness: Let us help you fend off cyberattacks. Sign up to receive our #ATTCyberInsights report to craft the right plan: https://t.…,pos,0.2714,general,general,,Twitter
Dallas14,Authorized retailer,32.853358,-96.817694,5567 W Lovers Ln,75209,Thu Oct 20 16:50:00 +0000 2016,"DFW: Win Tickets To ‘Luke Bryan’ Saturday, October 22nd At AT&amp;T Stadium https://t.co/JuQwaAzzX3",pos,0.9009,general,general,,Twitter
Dallas14,Authorized retailer,32.853358,-96.817694,5567 W Lovers Ln,75209,Thu Oct 20 16:50:00 +0000 2016,"DFW: Win Tickets To ‘Luke Bryan’ Saturday, October 22nd At AT&amp;T Stadium https://t.co/wntCQ0qQgB",pos,0.9009,general,general,,Twitter
Dallas14,Authorized retailer,32.853358,-96.817694,5567 W Lovers Ln,75209,Thu Oct 20 16:40:01 +0000 2016,RT @ATT: Welcome to the team! @taylorswift13 https://t.co/4h86nLYuLo https://t.co/gAHOi7fPrZ,neg,-0.6483,general,general,,Twitter
Dallas14,Authorized retailer,32.853358,-96.817694,5567 W Lovers Ln,75209,Thu Oct 20 16:35:01 +0000 2016,Visit us at career fair booth 1201 to learn about our technology development program: https://t.co/RpP7quJNKu https://t.co/4kVKnBuc8T,pos,0.0950,general,general,,Twitter
Dallas14,Authorized retailer,32.853358,-96.817694,5567 W Lovers Ln,75209,Thu Oct 20 16:31:47 +0000 2016,.@TWC and .@att :  If you add any channel/partnership with #TrumpTVN I will cancel my service &amp; convince everyone I know to do likewise,neg,-0.5740,general,general,,Twitter
Dallas14,Authorized retailer,32.853358,-96.817694,5567 W Lovers Ln,75209,Thu Oct 20 16:28:14 +0000 2016,"200 patents during Dale's career @ATT. Thanks to him, I just used my phone to set my @DIRECTV DVR for @insecurehbo! 
https://t.co/4pQWCjnAfn",neg,-0.0152,directv,general,,Twitter
Dallas14,Authorized retailer,32.853358,-96.817694,5567 W Lovers Ln,75209,Thu Oct 20 16:23:43 +0000 2016,"Fox and CBS, you might recall, are the big holdups remaining for DirecTV Now",neg,-0.9184,directv,general,,Twitter
Dallas14,Authorized retailer,32.853358,-96.817694,5567 W Lovers Ln,75209,Thu Oct 20 16:17:01 +0000 2016,AT&amp;T Selling Internet of Things Data Plans (T) - Investopedia https://t.co/aibRIxI1KK https://t.co/pbpK4WFIRq,neg,-0.1548,general,general,,Twitter
Dallas14,Authorized retailer,32.853358,-96.817694,5567 W Lovers Ln,75209,Thu Oct 20 16:07:10 +0000 2016,@jimhoff7 You are a potential winner of AT&amp;T Pebble Beach sweeps. If you live in CT or MA respond w/your email &amp; phone number w/in 24 hrs.,pos,0.7940,general,general,,Twitter
Dallas14,Authorized retailer,32.853358,-96.817694,5567 W Lovers Ln,75209,Thu Oct 20 16:03:13 +0000 2016,RT @7onashoestring: Have you downloaded the @ItCanWait DriveMode app? It's a perfect tool for the 21-Day #ItCanWait Challenge! #sponsor htt…,pos,0.9596,general,general,,Twitter
Dallas14,Authorized retailer,32.853358,-96.817694,5567 W Lovers Ln,75209,Thu Oct 20 16:00:35 +0000 2016,RT @attJOBS: Share what you love about technology with our customers. Now Hiring throughout the Bay Area! https://t.co/ig3a1FgKS4 https://t…,pos,0.8703,general,general,,Twitter
Dallas14,Authorized retailer,32.853358,-96.817694,5567 W Lovers Ln,75209,Thu Oct 20 16:00:32 +0000 2016,"Women in Tech Q&amp;A: Kay Kapoor - President, AT&amp;T Global Business-Public Sector https://t.co/4ZvFqNsU3a #attemployee https://t.co/vsvoyBQ2OB",pos,0.8077,general,general,,Twitter
Dallas14,Authorized retailer,32.853358,-96.817694,5567 W Lovers Ln,75209,Thu Oct 20 15:59:37 +0000 2016,RT @7onashoestring: Have you downloaded the @ItCanWait DriveMode app? It's a perfect tool for the 21-Day #ItCanWait Challenge! #sponsor htt…,pos,0.9596,general,general,,Twitter
Dallas14,Authorized retailer,32.853358,-96.817694,5567 W Lovers Ln,75209,Thu Oct 20 15:56:42 +0000 2016,"@JoeFalinski Should be fine, Joe! Have a great time, we hope you get that perfect picture for the most likes ever!… https://t.co/JUhe8383yC",pos,0.7638,general,general,,Twitter
Dallas14,Authorized retailer,32.853358,-96.817694,5567 W Lovers Ln,75209,Thu Oct 20 15:55:06 +0000 2016,RT @ATT: Welcome to the team! @taylorswift13 https://t.co/4h86nLYuLo https://t.co/gAHOi7fPrZ,neg,-0.6483,general,general,,Twitter
Dallas14,Authorized retailer,32.853358,-96.817694,5567 W Lovers Ln,75209,Thu Oct 20 15:54:17 +0000 2016,RT @ATT: Who made you a college 🏈 fan? Share with #MadeMeAFanContest for a chance to win. Rules https://t.co/hU3I3wFn5V https://t.co/xZbxUJ…,neg,-0.2751,general,general,,Twitter
Dallas14,Authorized retailer,32.853358,-96.817694,5567 W Lovers Ln,75209,Thu Oct 20 15:51:34 +0000 2016,RT @7onashoestring: Have you downloaded the @ItCanWait DriveMode app? It's a perfect tool for the 21-Day #ItCanWait Challenge! #sponsor htt…,pos,0.9596,general,general,,Twitter
Dallas14,Authorized retailer,32.853358,-96.817694,5567 W Lovers Ln,75209,Thu Oct 20 15:50:47 +0000 2016,RT @7onashoestring: Have you downloaded the @ItCanWait DriveMode app? It's a perfect tool for the 21-Day #ItCanWait Challenge! #sponsor htt…,pos,0.9596,general,general,,Twitter
Dallas14,Authorized retailer,32.853358,-96.817694,5567 W Lovers Ln,75209,Thu Oct 20 15:49:03 +0000 2016,Have you downloaded the @ItCanWait DriveMode app? It's a perfect tool for the 21-Day #ItCanWait Challenge! #sponsor https://t.co/ztfJysveWv,pos,0.9596,general,general,,Twitter
Dallas14,Authorized retailer,32.853358,-96.817694,5567 W Lovers Ln,75209,Thu Oct 20 15:36:20 +0000 2016,RT @ATT: Get a sweet deal on the new iPhone 7 when you switch to AT&amp;T and have DIRECTV. https://t.co/TQVeUkmeZ6 https://t.co/zfZmNpe8AP,neg,-0.2990,directv,general,,Twitter
Dallas14,Authorized retailer,32.853358,-96.817694,5567 W Lovers Ln,75209,Thu Oct 20 15:23:45 +0000 2016,RT @ATT: Get a sweet deal on the new iPhone 7 when you switch to AT&amp;T and have DIRECTV. https://t.co/TQVeUkmeZ6 https://t.co/zfZmNpe8AP,neg,-0.2990,directv,general,,Twitter
Dallas14,Authorized retailer,32.853358,-96.817694,5567 W Lovers Ln,75209,Thu Oct 20 15:10:07 +0000 2016,RT @ATT: Who made you a college 🏈 fan? Share with #MadeMeAFanContest for a chance to win. Rules https://t.co/hU3I3wFn5V https://t.co/xZbxUJ…,neg,-0.2751,general,general,,Twitter
Dallas14,Authorized retailer,32.853358,-96.817694,5567 W Lovers Ln,75209,Thu Oct 20 15:09:56 +0000 2016,"@JohnSmiith_WD @ATT Sadly, that seems to be the trend. The price is going to have to drop considerably for me to consider gigapower.",neg,-0.8347,general,general,,Twitter
Dallas14,Authorized retailer,32.853358,-96.817694,5567 W Lovers Ln,75209,Thu Oct 20 15:06:37 +0000 2016,"Macs are cheaper for businesses, and even IBM says so https://t.co/HAy58slizz via @Recode #ATT @att",neg,-0.3222,general,general,,Twitter
Dallas14,Authorized retailer,32.853358,-96.817694,5567 W Lovers Ln,75209,Thu Oct 20 15:05:58 +0000 2016,RT @ATT: Who made you a college 🏈 fan? Share with #MadeMeAFanContest for a chance to win. Rules https://t.co/hU3I3wFn5V https://t.co/xZbxUJ…,neg,-0.2751,general,general,,Twitter
