Dallas6,Corporate retailer,32.8740567,-96.771404,9100 N Central Expressway Suite 105,75231,Sat Oct 22 20:31:14 +0000 2016,this is gross bc @ATT is actually trash in each and every way possible https://t.co/kD2jnR7zXZ,neg,-0.8213,general,general,,Twitter
Dallas6,Corporate retailer,32.8740567,-96.771404,9100 N Central Expressway Suite 105,75231,Sat Oct 22 20:27:20 +0000 2016,RT @wfaachannel8: AT&amp;T agrees to buy Time Warner for more than $80B https://t.co/9LtV0RAUgV https://t.co/zqmbwnbOeo,pos,0.2512,general,general,,Twitter
Dallas6,Corporate retailer,32.8740567,-96.771404,9100 N Central Expressway Suite 105,75231,Sat Oct 22 20:24:26 +0000 2016,"RT @dallasnews: Updated: Report says AT&amp;T, Time Warner boards meeting today to approve $80 billion deal https://t.co/ESCmoMhXLr | @krobijak…",pos,0.9410,general,general,,Twitter
Dallas6,Corporate retailer,32.8740567,-96.771404,9100 N Central Expressway Suite 105,75231,Sat Oct 22 20:24:14 +0000 2016,RT @wfaachannel8: AT&amp;T agrees to buy Time Warner https://t.co/ovK4kZyTE4,pos,0.2325,general,general,,Twitter
Dallas6,Corporate retailer,32.8740567,-96.771404,9100 N Central Expressway Suite 105,75231,Sat Oct 22 20:22:33 +0000 2016,RT @wfaachannel8: AT&amp;T agrees to buy Time Warner for more than $80B https://t.co/9LtV0RAUgV https://t.co/zqmbwnbOeo,pos,0.2512,general,general,,Twitter
Dallas6,Corporate retailer,32.8740567,-96.771404,9100 N Central Expressway Suite 105,75231,Sat Oct 22 20:20:51 +0000 2016,RT @DMNBiz: Stadium Club is almost half a football field long. Can Cowboys fans fill it when teams isn't playing? | https://t.co/BmFzkykjit…,pos,0.4767,general,general,,Twitter
