Dallas13,Authorized retailer,32.845283,-96.787396,6417 Hillcrest Ave,75205,Wed Oct 26 04:43:37 +0000 2016,RT @ATT: Get a sweet deal on the new iPhone 7 when you switch to AT&amp;T and have DIRECTV. https://t.co/TQVeUkmeZ6 https://t.co/zfZmNpe8AP,neg,-0.2990,directv,general,,Twitter
Dallas13,Authorized retailer,32.845283,-96.787396,6417 Hillcrest Ave,75205,Wed Oct 26 04:35:29 +0000 2016,RT @ATT: Welcome to the team! @taylorswift13 https://t.co/4h86nLYuLo https://t.co/gAHOi7fPrZ,neg,-0.6483,general,general,,Twitter
Dallas13,Authorized retailer,32.845283,-96.787396,6417 Hillcrest Ave,75205,Wed Oct 26 04:33:06 +0000 2016,RT @ATT: Welcome to the team! @taylorswift13 https://t.co/4h86nLYuLo https://t.co/gAHOi7fPrZ,neg,-0.6483,general,general,,Twitter
Dallas13,Authorized retailer,32.845283,-96.787396,6417 Hillcrest Ave,75205,Wed Oct 26 04:25:59 +0000 2016,"⚡️ “AT&amp;T set to unveil DirecTV Now streaming bundle”

https://t.co/ICsuodFo1Q",neg,-0.1753,directv,general,,Twitter
Dallas13,Authorized retailer,32.845283,-96.787396,6417 Hillcrest Ave,75205,Wed Oct 26 03:48:18 +0000 2016,@ATT thanks for selling our information. I hope your stock drops and you can't afford Time Warner,neg,-0.5467,general,general,,Twitter
Dallas13,Authorized retailer,32.845283,-96.787396,6417 Hillcrest Ave,75205,Wed Oct 26 03:26:13 +0000 2016,Presenting Sponsor @ATT employee engagement rocks. Don't believe me just WATCH @slkite5 @dahnahull! Excellent. Really excellent. #OneUpThat,neg,-0.0698,general,general,,Twitter
Dallas13,Authorized retailer,32.845283,-96.787396,6417 Hillcrest Ave,75205,Wed Oct 26 03:18:13 +0000 2016,RT @attJOBS: We ranked highest in the J.D. Power Wireless Purchase Experience for the 7th year in a row! https://t.co/2384V124FA https://t.…,pos,0.4119,general,store experience,,Twitter
Dallas13,Authorized retailer,32.845283,-96.787396,6417 Hillcrest Ave,75205,Wed Oct 26 03:13:40 +0000 2016,RT @ATT: Welcome to the team! @taylorswift13 https://t.co/4h86nLYuLo https://t.co/gAHOi7fPrZ,neg,-0.6483,general,general,,Twitter
Dallas13,Authorized retailer,32.845283,-96.787396,6417 Hillcrest Ave,75205,Wed Oct 26 03:12:13 +0000 2016,RT @DMNBiz: AT&amp;T announces launch of DirecTV Now for $35 a month https://t.co/ppsMdIJoVW | @Melissa_Repko https://t.co/aBYsECCgU3,pos,0.4787,directv,general,,Twitter
Dallas13,Authorized retailer,32.845283,-96.787396,6417 Hillcrest Ave,75205,Wed Oct 26 03:10:49 +0000 2016,RT @DMNBiz: AT&amp;T announces launch of DirecTV Now for $35 a month https://t.co/ppsMdIJoVW | @Melissa_Repko https://t.co/aBYsECCgU3,pos,0.4787,directv,general,,Twitter
Dallas13,Authorized retailer,32.845283,-96.787396,6417 Hillcrest Ave,75205,Wed Oct 26 03:06:02 +0000 2016,AT&amp;T announces launch of DirecTV Now for $35 a month https://t.co/ppsMdIJoVW | @Melissa_Repko https://t.co/aBYsECCgU3,pos,0.4787,directv,general,,Twitter
Dallas13,Authorized retailer,32.845283,-96.787396,6417 Hillcrest Ave,75205,Wed Oct 26 02:58:19 +0000 2016,"RT @SportsDayHS: Due to conflicts, no #txhsfb at AT&amp;T Stadium for the first 3 rounds 😭
…but now we have The Star.
Details: https://t.co/UxR…",pos,0.9649,general,general,,Twitter
Dallas13,Authorized retailer,32.845283,-96.787396,6417 Hillcrest Ave,75205,Wed Oct 26 02:55:30 +0000 2016,RT @BillNicholsDMN: Jordan Spieth to headline announcement of AT&amp;T Byron Nelson's early move to Trinity Forest in 2018 https://t.co/MKP4cN9…,neg,-0.3391,general,general,,Twitter
