Dallas7,Corporate retailer,32.8957338,-96.8079243,5959 Royal Lane,75230,Thu Oct 27 04:27:01 +0000 2016,Breaking down the AT&amp;T-Time Warner deal - https://t.co/onTO3SD6JY,pos,0.1022,general,general,,Twitter
Dallas7,Corporate retailer,32.8957338,-96.8079243,5959 Royal Lane,75230,Thu Oct 27 04:27:01 +0000 2016,Breaking down the AT&amp;T-Time Warner deal - https://t.co/86GNcG9aJc,pos,0.1022,general,general,,Twitter
Dallas7,Corporate retailer,32.8957338,-96.8079243,5959 Royal Lane,75230,Thu Oct 27 04:27:01 +0000 2016,Breaking down the AT&amp;T-Time Warner deal - https://t.co/5BiHuiicuU,pos,0.1022,general,general,,Twitter
Dallas7,Corporate retailer,32.8957338,-96.8079243,5959 Royal Lane,75230,Thu Oct 27 04:14:26 +0000 2016,RT @ATT: Welcome to the team! @taylorswift13 https://t.co/4h86nLYuLo https://t.co/gAHOi7fPrZ,neg,-0.6483,general,general,,Twitter
Dallas7,Corporate retailer,32.8957338,-96.8079243,5959 Royal Lane,75230,Thu Oct 27 04:12:47 +0000 2016,RT @BillNicholsDMN: Why Jordan Spieth is the perfect ambassador for AT&amp;T Byron Nelson's move to new home in 2018 https://t.co/makT7VH1Z3 vi…,pos,0.1909,general,general,,Twitter
Dallas7,Corporate retailer,32.8957338,-96.8079243,5959 Royal Lane,75230,Thu Oct 27 04:10:05 +0000 2016,RT @ATTBusiness: AT&amp;T Labs is on track to revolutionize the way #AI plays in the network…but that’s not all! More from Mazin Gilbert: https…,pos,0.2142,general,general,,Twitter
Dallas7,Corporate retailer,32.8957338,-96.8079243,5959 Royal Lane,75230,Thu Oct 27 04:02:38 +0000 2016,Why Jordan Spieth is the perfect ambassador for AT&amp;T Byron Nelson's move to new home in 2018 https://t.co/makT7VH1Z3 via @sportsdaydfw,pos,0.4580,general,general,,Twitter
Dallas7,Corporate retailer,32.8957338,-96.8079243,5959 Royal Lane,75230,Thu Oct 27 03:34:38 +0000 2016,RT @1845realty: Since when do you merge two accounts @ATT and expect your consumers to be strong armed into your methods??? #attsucks #terr…,pos,0.5877,general,general,,Twitter
Dallas7,Corporate retailer,32.8957338,-96.8079243,5959 Royal Lane,75230,Thu Oct 27 03:29:28 +0000 2016,"RT @SVotta88: Hey @ATT appreciate being on hold for 39 minutes now waiting to talk about my ""rewards"" I am supposed to get.",neg,-0.9045,general,general,,Twitter
Dallas7,Corporate retailer,32.8957338,-96.8079243,5959 Royal Lane,75230,Thu Oct 27 03:29:02 +0000 2016,RT @ATT: Get a sweet deal on the new iPhone 7 when you switch to AT&amp;T and have DIRECTV. https://t.co/JO08KrMKj7 https://t.co/tAcB2wPVFO,neg,-0.2990,directv,general,,Twitter
Dallas7,Corporate retailer,32.8957338,-96.8079243,5959 Royal Lane,75230,Thu Oct 27 03:12:34 +0000 2016,RT @ohxnelli: Now I understand why people say @ATT has terrible customer service. Smdh.,neg,-0.8140,general,general,,Twitter
