Dallas6,Corporate retailer,32.8740567,-96.771404,9100 N Central Expressway Suite 105,75231,Tue Oct 18 22:10:25 +0000 2016,AT&amp;T's commitment to the LGBT community #LifeatATT https://t.co/w3Zt3OLYDo #attemployee https://t.co/PgjDmus0AV,pos,0.1949,general,general,,Twitter
Dallas6,Corporate retailer,32.8740567,-96.771404,9100 N Central Expressway Suite 105,75231,Tue Oct 18 21:58:56 +0000 2016,RT @ATTBusiness: Let us help you fend off cyberattacks. Sign up to receive our #ATTCyberInsights report to craft the right plan: https://t.…,pos,0.2714,general,general,,Twitter
Dallas6,Corporate retailer,32.8740567,-96.771404,9100 N Central Expressway Suite 105,75231,Tue Oct 18 21:48:42 +0000 2016,"Another tech came by yesterday to try &amp; resolve my service that goes in &amp; out, now today  I don’t have internet connection at all @ATTCares",pos,0.8869,general,general,,Twitter
Dallas6,Corporate retailer,32.8740567,-96.771404,9100 N Central Expressway Suite 105,75231,Tue Oct 18 21:23:32 +0000 2016,RT @attJOBS: Tired of small talk? @ajavuu has 48 tips to turn awkward small talk into fully realized conversations: https://t.co/WNVMndfbVH,pos,0.6018,general,general,,Twitter
Dallas6,Corporate retailer,32.8740567,-96.771404,9100 N Central Expressway Suite 105,75231,Tue Oct 18 21:19:29 +0000 2016,RT @ConnectToGood: Every young person deserves a mentor. Learn how our employees are inspiring more students nationwide: https://t.co/lwaCI…,pos,0.9835,general,general,,Twitter
Dallas6,Corporate retailer,32.8740567,-96.771404,9100 N Central Expressway Suite 105,75231,Tue Oct 18 21:10:05 +0000 2016,A day in the life of an AT&amp;T PR maven with @MaddieLittrell #LifeatATT https://t.co/ar0ICQoawP #attemployee https://t.co/fkJmdoPH5n,pos,0.6934,general,general,,Twitter
Dallas6,Corporate retailer,32.8740567,-96.771404,9100 N Central Expressway Suite 105,75231,Tue Oct 18 20:29:10 +0000 2016,RT @ATT: Welcome to the team! @taylorswift13 https://t.co/4h86nLYuLo https://t.co/gAHOi7fPrZ,neg,-0.6483,general,general,,Twitter
Dallas6,Corporate retailer,32.8740567,-96.771404,9100 N Central Expressway Suite 105,75231,Tue Oct 18 19:23:24 +0000 2016,RT @JordanSpieth: .@NotahBegay3 with the birdie for Team @ATT at the #SpiethShootout https://t.co/ssL2vULkxd,neg,-0.2741,general,general,,Twitter
Dallas6,Corporate retailer,32.8740567,-96.771404,9100 N Central Expressway Suite 105,75231,Tue Oct 18 19:23:08 +0000 2016,@Amethyst_Mag We'd like to confirm that the information is correct - please send us a DM with your name and phone n… https://t.co/9CAB8O2jhi,neg,-0.5015,general,general,,Twitter
Dallas6,Corporate retailer,32.8740567,-96.771404,9100 N Central Expressway Suite 105,75231,Tue Oct 18 19:18:01 +0000 2016,"Through technology, we're helping to connect students with mentors across the country. Here's how:… https://t.co/wEzkpLhUEa",pos,0.0775,general,general,,Twitter
Dallas6,Corporate retailer,32.8740567,-96.771404,9100 N Central Expressway Suite 105,75231,Tue Oct 18 18:51:01 +0000 2016,"Ahora puedes compartir la música pegajosa, cultura caribeña, raíces y tradición de Cuba desde tu móvil.… https://t.co/FeW2fNvfbr",pos,0.1250,general,general,,Twitter
Dallas6,Corporate retailer,32.8740567,-96.771404,9100 N Central Expressway Suite 105,75231,Tue Oct 18 18:48:08 +0000 2016,.@NotahBegay3 with the birdie for Team @ATT at the #SpiethShootout https://t.co/ssL2vULkxd,neg,-0.2741,general,general,,Twitter
Dallas6,Corporate retailer,32.8740567,-96.771404,9100 N Central Expressway Suite 105,75231,Tue Oct 18 18:47:32 +0000 2016,RT @ATT: Heading to Cuba? Take your phone along for the trip + stay connected to those back home. https://t.co/euhz4Z6Zbb https://t.co/AiPS…,pos,0.2225,general,general,,Twitter
