Dallas16,Authorized retailer,32.865482,-96.805688,5960 W Northwest Hwy,75225,Wed Oct 26 16:43:38 +0000 2016,RT @attJOBS: We're helping connect youth to their first jobs by signing on to the White House's First Job Compact. Learn more: https://t.co…,pos,0.8119,general,general,,Twitter
Dallas16,Authorized retailer,32.865482,-96.805688,5960 W Northwest Hwy,75225,Wed Oct 26 16:43:17 +0000 2016,"RT @attJOBS: Our colleagues in Europe, the Middle East &amp; Asia are spreading the @ATT Aspire mission around the globe: https://t.co/ypGzlddr…",neg,-0.0832,general,general,,Twitter
Dallas16,Authorized retailer,32.865482,-96.805688,5960 W Northwest Hwy,75225,Wed Oct 26 16:42:56 +0000 2016,"Interesting-How #ATT, #TimeWarner #merger could impact #Dallas footprint https://t.co/FOrClxl8eV @DallasBizNews #media #content",neg,-0.9134,general,general,,Twitter
Dallas16,Authorized retailer,32.865482,-96.805688,5960 W Northwest Hwy,75225,Wed Oct 26 16:38:38 +0000 2016,"@RealAsKENbe Hi there, we wanted to clarify - Time Warner Cable is owned by Charter Communications which is separate from Time Warner Inc.",pos,0.5700,general,general,,Twitter
Dallas16,Authorized retailer,32.865482,-96.805688,5960 W Northwest Hwy,75225,Wed Oct 26 16:37:07 +0000 2016,"@Tony_Five_O Hi Tony, we wanted to clarify - Time Warner Cable is owned by Charter Communications which is separate from Time Warner Inc.",pos,0.8314,general,general,,Twitter
