Dallas2,Corporate retailer,32.8111091,-96.8092962,3329 Oak Lawn Avenue,75219,Wed Oct 26 20:19:01 +0000 2016,RT @dallasnews: The code names and secret meetings that got the #ATTTimeWarner deal done https://t.co/zQ2Cclsaxi | @Melissa_Repko https://t…,neg,-0.1361,general,general,,Twitter
Dallas2,Corporate retailer,32.8111091,-96.8092962,3329 Oak Lawn Avenue,75219,Wed Oct 26 20:18:44 +0000 2016,RT @tonyromo: I wanna thank @DIRECTV for allowing me to show off my true self.  ;)  embarrassing is an understatement http://t.co/F0NniFESlL,pos,0.8169,directv,general,,Twitter
Dallas2,Corporate retailer,32.8111091,-96.8092962,3329 Oak Lawn Avenue,75219,Wed Oct 26 20:18:29 +0000 2016,Bernie Sanders Urges Government To Kill AT&amp;T-Time Warner Merger: https://t.co/fGPDiCz2oR (Getty) https://t.co/eiTCzVjsTZ,neg,-0.3474,general,general,,Twitter
Dallas2,Corporate retailer,32.8111091,-96.8092962,3329 Oak Lawn Avenue,75219,Wed Oct 26 20:17:14 +0000 2016,RT @SportsDayDFW: AT&amp;T Byron Nelson moving to Dallas' Trinity Forest Golf Club ahead of schedule in 2018 https://t.co/0OcCOkkyin https://t.…,neg,-0.5040,general,general,,Twitter
Dallas2,Corporate retailer,32.8111091,-96.8092962,3329 Oak Lawn Avenue,75219,Wed Oct 26 20:16:41 +0000 2016,Just got off the phone with an ATT rep @ATTCares more like #attdoesntcare about my service or desires to provide no service at all.,neg,-0.2590,general,general,,Twitter
Dallas2,Corporate retailer,32.8111091,-96.8092962,3329 Oak Lawn Avenue,75219,Wed Oct 26 20:16:21 +0000 2016,AT&amp;T and SunPower Collaborate on #SolarIoT Connectivity in the United States | AT&amp;T https://t.co/gbdRx78nwV via @sharethis,pos,0.9432,general,general,,Twitter
Dallas2,Corporate retailer,32.8111091,-96.8092962,3329 Oak Lawn Avenue,75219,Wed Oct 26 20:16:19 +0000 2016,RT @dallasnews: The code names and secret meetings that got the #ATTTimeWarner deal done https://t.co/zQ2Cclsaxi | @Melissa_Repko https://t…,neg,-0.1361,general,general,,Twitter
Dallas2,Corporate retailer,32.8111091,-96.8092962,3329 Oak Lawn Avenue,75219,Wed Oct 26 20:15:55 +0000 2016,The code names and secret meetings that got the #ATTTimeWarner deal done https://t.co/zQ2Cclsaxi | @Melissa_Repko https://t.co/jAYXvRbbwC,neg,-0.1361,general,general,,Twitter
Dallas2,Corporate retailer,32.8111091,-96.8092962,3329 Oak Lawn Avenue,75219,Wed Oct 26 20:13:57 +0000 2016,"@wxbrad Well hello to you too, Brad! We understand your need for speed, enjoy!",pos,0.0461,general,general,,Twitter
