Dallas14,Authorized retailer,32.853358,-96.817694,5567 W Lovers Ln,75209,Thu Oct 27 14:00:01 +0000 2016,"RT @DallasBizNews: Sneak peek of the brand new Trinity Forest Golf Club, future host of the Byron Nelson: https://t.co/F6LZE1tEK6",neg,-0.2851,general,general,,Twitter
Dallas14,Authorized retailer,32.853358,-96.817694,5567 W Lovers Ln,75209,Thu Oct 27 13:59:41 +0000 2016,"RT @DallasBizNews: Sneak peek of the brand new Trinity Forest Golf Club, future host of the Byron Nelson: https://t.co/F6LZE1tEK6",neg,-0.2851,general,general,,Twitter
Dallas14,Authorized retailer,32.853358,-96.817694,5567 W Lovers Ln,75209,Thu Oct 27 13:59:02 +0000 2016,RT @LisannePowers: As  millennials enters workforce  technology is advancing faster than ever before https://t.co/nrmXqjKfQV #voip #attempl…,pos,0.7023,general,general,,Twitter
Dallas14,Authorized retailer,32.853358,-96.817694,5567 W Lovers Ln,75209,Thu Oct 27 13:53:14 +0000 2016,@WrittenbyaPanda Hi Omar - you can check when AT&amp;T Fiber will be available by going to this link: https://t.co/jRXE2802hM,neg,-0.6602,fiber,general,,Twitter
Dallas14,Authorized retailer,32.853358,-96.817694,5567 W Lovers Ln,75209,Thu Oct 27 13:48:08 +0000 2016,"RT @paulapwcloud: Recent DDOS attack cited IoT ,#IoT devices may be unsafe but what are hackers after? | AT&amp;T Networking Exchange Blog http…",neg,-0.3347,general,general,,Twitter
Dallas14,Authorized retailer,32.853358,-96.817694,5567 W Lovers Ln,75209,Thu Oct 27 13:44:17 +0000 2016,"Lions and tigers and bears, oh my! Last week's massive #DDoS attacks have proven the theory that #IoT devices will i…https://t.co/Uxyke16Kcq",neg,-0.3902,general,general,,Twitter
Dallas14,Authorized retailer,32.853358,-96.817694,5567 W Lovers Ln,75209,Thu Oct 27 13:35:59 +0000 2016,"Recent DDOS attack cited IoT ,#IoT devices may be unsafe but what are hackers after? | AT&amp;T Networking Exchange Blog https://t.co/nhvJwCnsjF",neg,-0.3347,general,general,,Twitter
Dallas14,Authorized retailer,32.853358,-96.817694,5567 W Lovers Ln,75209,Thu Oct 27 13:31:54 +0000 2016,As  millennials enters workforce  technology is advancing faster than ever before https://t.co/nrmXqjKfQV #voip #attemployee,pos,0.7023,general,general,,Twitter
Dallas14,Authorized retailer,32.853358,-96.817694,5567 W Lovers Ln,75209,Thu Oct 27 13:31:51 +0000 2016,RT @ATT: Welcome to the team! @taylorswift13 https://t.co/4h86nLYuLo https://t.co/gAHOi7fPrZ,neg,-0.6483,general,general,,Twitter
Dallas14,Authorized retailer,32.853358,-96.817694,5567 W Lovers Ln,75209,Thu Oct 27 13:30:53 +0000 2016,RT @ATT: Welcome to the team! @taylorswift13 https://t.co/4h86nLYuLo https://t.co/gAHOi7fPrZ,neg,-0.6483,general,general,,Twitter
Dallas14,Authorized retailer,32.853358,-96.817694,5567 W Lovers Ln,75209,Thu Oct 27 13:30:30 +0000 2016,Getting a little #InspiredMobility on Social Media Sunday | @ATT https://t.co/eHImGWAwjK https://t.co/7ArWewRkcV,neg,-0.1037,general,general,,Twitter
Dallas14,Authorized retailer,32.853358,-96.817694,5567 W Lovers Ln,75209,Thu Oct 27 13:26:06 +0000 2016,Whitepaper explores factors for schools to consider when evaluating a long-term fiber lease. @ATTBusiness #edtech https://t.co/Y7VBD9znwr,pos,0.8788,fiber,general,,Twitter
Dallas14,Authorized retailer,32.853358,-96.817694,5567 W Lovers Ln,75209,Thu Oct 27 13:24:52 +0000 2016,RT @ATT: Welcome to the team! @taylorswift13 https://t.co/4h86nLYuLo https://t.co/gAHOi7fPrZ,neg,-0.6483,general,general,,Twitter
Dallas14,Authorized retailer,32.853358,-96.817694,5567 W Lovers Ln,75209,Thu Oct 27 13:14:33 +0000 2016,RT @ATT: Get a sweet deal on the new iPhone 7 when you switch to AT&amp;T and have DIRECTV. https://t.co/JO08KrMKj7 https://t.co/tAcB2wPVFO,neg,-0.2990,directv,general,,Twitter
Dallas14,Authorized retailer,32.853358,-96.817694,5567 W Lovers Ln,75209,Thu Oct 27 12:45:32 +0000 2016,RT @ATT: Get a sweet deal on the new iPhone 7 when you switch to AT&amp;T and have DIRECTV. https://t.co/JO08KrMKj7 https://t.co/tAcB2wPVFO,neg,-0.2990,directv,general,,Twitter
Dallas14,Authorized retailer,32.853358,-96.817694,5567 W Lovers Ln,75209,Thu Oct 27 12:38:37 +0000 2016,RT @ATT: Welcome to the team! @taylorswift13 https://t.co/4h86nLYuLo https://t.co/gAHOi7fPrZ,neg,-0.6483,general,general,,Twitter
Dallas14,Authorized retailer,32.853358,-96.817694,5567 W Lovers Ln,75209,Thu Oct 27 12:31:24 +0000 2016,RT @ATT: Get a sweet deal on the new iPhone 7 when you switch to AT&amp;T and have DIRECTV. https://t.co/JO08KrMKj7 https://t.co/tAcB2wPVFO,neg,-0.2990,directv,general,,Twitter
Dallas14,Authorized retailer,32.853358,-96.817694,5567 W Lovers Ln,75209,Thu Oct 27 12:29:55 +0000 2016,RT @ATT: Welcome to the team! @taylorswift13 https://t.co/4h86nLYuLo https://t.co/gAHOi7fPrZ,neg,-0.6483,general,general,,Twitter
Dallas14,Authorized retailer,32.853358,-96.817694,5567 W Lovers Ln,75209,Thu Oct 27 12:29:30 +0000 2016,RT @ATT: Get a sweet deal on the new iPhone 7 when you switch to AT&amp;T and have DIRECTV. https://t.co/JO08KrMKj7 https://t.co/tAcB2wPVFO,neg,-0.2990,directv,general,,Twitter
Dallas14,Authorized retailer,32.853358,-96.817694,5567 W Lovers Ln,75209,Thu Oct 27 12:16:49 +0000 2016,Why AT&amp;T wanted Time Warner https://t.co/WlJrM4YsRA https://t.co/mPQiP5LkSW,neg,-0.3991,general,general,,Twitter
Dallas14,Authorized retailer,32.853358,-96.817694,5567 W Lovers Ln,75209,Thu Oct 27 12:00:03 +0000 2016,Want to reduce cybersecurity risks in your business? 4 steps here. https://t.co/X35PJHoEqK https://t.co/ldu3zLfv3n,pos,0.3000,general,general,,Twitter
Dallas14,Authorized retailer,32.853358,-96.817694,5567 W Lovers Ln,75209,Thu Oct 27 11:49:17 +0000 2016,RT @attJOBS: Looking for some words of wisdom? Our own Jennifer Van Buskirk shares her top 5 #careertips: https://t.co/3VH3TccPZf https://t…,pos,0.1888,general,general,,Twitter
Dallas14,Authorized retailer,32.853358,-96.817694,5567 W Lovers Ln,75209,Thu Oct 27 11:47:18 +0000 2016,"RT @AnnaLDavis1: A #bitcoin powered server, #TimeWarner AND #Hemisphere? What's next @ATT, total world domination? #ATT #surveillance #mono…",neg,-0.9975,general,general,,Twitter
Dallas14,Authorized retailer,32.853358,-96.817694,5567 W Lovers Ln,75209,Thu Oct 27 11:46:51 +0000 2016,"RT @AnnaLDavis1: A #bitcoin powered server, #TimeWarner AND #Hemisphere? What's next @ATT, total world domination? #ATT #surveillance #mono…",neg,-0.9975,general,general,,Twitter
Dallas14,Authorized retailer,32.853358,-96.817694,5567 W Lovers Ln,75209,Thu Oct 27 11:36:48 +0000 2016,RT @ATT: Get a sweet deal on the new iPhone 7 when you switch to AT&amp;T and have DIRECTV. https://t.co/JO08KrMKj7 https://t.co/tAcB2wPVFO,neg,-0.2990,directv,general,,Twitter
Dallas14,Authorized retailer,32.853358,-96.817694,5567 W Lovers Ln,75209,Thu Oct 27 11:24:05 +0000 2016,RT @ATT: Get a sweet deal on the new iPhone 7 when you switch to AT&amp;T and have DIRECTV. https://t.co/JO08KrMKj7 https://t.co/tAcB2wPVFO,neg,-0.2990,directv,general,,Twitter
Dallas14,Authorized retailer,32.853358,-96.817694,5567 W Lovers Ln,75209,Thu Oct 27 11:20:31 +0000 2016,RT @ATT: Welcome to the team! @taylorswift13 https://t.co/4h86nLYuLo https://t.co/gAHOi7fPrZ,neg,-0.6483,general,general,,Twitter
Dallas14,Authorized retailer,32.853358,-96.817694,5567 W Lovers Ln,75209,Thu Oct 27 11:16:40 +0000 2016,The Latin America assets of @ATT could figure more prominently after Time Warner deal https://t.co/vS9caPpg8X |… https://t.co/wC2P1bslye,neg,-0.7891,general,general,,Twitter
Dallas14,Authorized retailer,32.853358,-96.817694,5567 W Lovers Ln,75209,Thu Oct 27 11:12:11 +0000 2016,RT @ATT: Get a sweet deal on the new iPhone 7 when you switch to AT&amp;T and have DIRECTV. https://t.co/JO08KrMKj7 https://t.co/tAcB2wPVFO,neg,-0.2990,directv,general,,Twitter
Dallas14,Authorized retailer,32.853358,-96.817694,5567 W Lovers Ln,75209,Thu Oct 27 10:59:54 +0000 2016,RT @ATT: Get a sweet deal on the new iPhone 7 when you switch to AT&amp;T and have DIRECTV. https://t.co/JO08KrMKj7 https://t.co/tAcB2wPVFO,neg,-0.2990,directv,general,,Twitter
Dallas14,Authorized retailer,32.853358,-96.817694,5567 W Lovers Ln,75209,Thu Oct 27 10:30:50 +0000 2016,"RT @dallasnews: Trump gets litigious, AT&amp;T gets bigger, @TomiLahren wins bigly: Your weekend news digest https://t.co/tjOy7OJCri https://t.…",neg,-0.7070,general,general,,Twitter
Dallas14,Authorized retailer,32.853358,-96.817694,5567 W Lovers Ln,75209,Thu Oct 27 10:17:18 +0000 2016,RT @ATT: Welcome to the team! @taylorswift13 https://t.co/4h86nLYuLo https://t.co/gAHOi7fPrZ,neg,-0.6483,general,general,,Twitter
Dallas14,Authorized retailer,32.853358,-96.817694,5567 W Lovers Ln,75209,Thu Oct 27 09:49:00 +0000 2016,"Take A Deep Breath On The AT&amp;T-Time Warner Merger: Randall Stephenson, chairman and chief executive officer o... https://t.co/YBSo7JeiHH",pos,0.4583,general,general,,Twitter
Dallas14,Authorized retailer,32.853358,-96.817694,5567 W Lovers Ln,75209,Thu Oct 27 09:47:19 +0000 2016,@TheOrangeCone @DIRECTV notice how others answered but @directtv didnt? Customer service yay!,pos,0.4552,directv,general,,Twitter
Dallas14,Authorized retailer,32.853358,-96.817694,5567 W Lovers Ln,75209,Thu Oct 27 09:34:21 +0000 2016,RT @ATT: Get a sweet deal on the new iPhone 7 when you switch to AT&amp;T and have DIRECTV. https://t.co/JO08KrMKj7 https://t.co/tAcB2wPVFO,neg,-0.2990,directv,general,,Twitter
Dallas14,Authorized retailer,32.853358,-96.817694,5567 W Lovers Ln,75209,Thu Oct 27 09:29:23 +0000 2016,RT @ATT: Who made you a college 🏈 fan? Share with #MadeMeAFanContest for a chance to win. Rules https://t.co/hU3I3wFn5V https://t.co/seJBJK…,neg,-0.2751,general,general,,Twitter
Dallas14,Authorized retailer,32.853358,-96.817694,5567 W Lovers Ln,75209,Thu Oct 27 08:55:07 +0000 2016,"Sneak peek of the brand new Trinity Forest Golf Club, future host of AT&amp;T Byron Nelson (Video) https://t.co/L2QnGBvhdW #dallas",neg,-0.6770,general,general,,Twitter
Dallas14,Authorized retailer,32.853358,-96.817694,5567 W Lovers Ln,75209,Thu Oct 27 08:44:38 +0000 2016,RT @ATT: Welcome to the team! @taylorswift13 https://t.co/4h86nLYuLo https://t.co/gAHOi7fPrZ,neg,-0.6483,general,general,,Twitter
Dallas14,Authorized retailer,32.853358,-96.817694,5567 W Lovers Ln,75209,Thu Oct 27 08:23:01 +0000 2016,RT @ATT: Welcome to the team! @taylorswift13 https://t.co/4h86nLYuLo https://t.co/gAHOi7fPrZ,neg,-0.6483,general,general,,Twitter
Dallas14,Authorized retailer,32.853358,-96.817694,5567 W Lovers Ln,75209,Thu Oct 27 08:19:50 +0000 2016,RT @ATT: Welcome to the team! @taylorswift13 https://t.co/4h86nLYuLo https://t.co/gAHOi7fPrZ,neg,-0.6483,general,general,,Twitter
Dallas14,Authorized retailer,32.853358,-96.817694,5567 W Lovers Ln,75209,Thu Oct 27 08:19:29 +0000 2016,RT @ATT: Get a sweet deal on the new iPhone 7 when you switch to AT&amp;T and have DIRECTV. https://t.co/JO08KrMKj7 https://t.co/tAcB2wPVFO,neg,-0.2990,directv,general,,Twitter
Dallas14,Authorized retailer,32.853358,-96.817694,5567 W Lovers Ln,75209,Thu Oct 27 07:59:35 +0000 2016,#dallas Why Jordan Spieth is the perfect ambassador for AT&amp;T Byron Nelson's move to new home in 2018 https://t.co/x65HrRFfoP,neg,-0.1241,general,general,,Twitter
Dallas14,Authorized retailer,32.853358,-96.817694,5567 W Lovers Ln,75209,Thu Oct 27 07:50:24 +0000 2016,RT @ATT: Welcome to the team! @taylorswift13 https://t.co/4h86nLYuLo https://t.co/gAHOi7fPrZ,neg,-0.6483,general,general,,Twitter
