Dallas14,Authorized retailer,32.853358,-96.817694,5567 W Lovers Ln,75209,Sat Oct 22 19:48:39 +0000 2016,"RT @theblaze: Report: AT&amp;T wants to buy Time Warner in $80 billion mega-deal
https://t.co/QEDAC95J1T https://t.co/ChTnEiekcu",pos,0.1573,general,general,,Twitter
Dallas14,Authorized retailer,32.853358,-96.817694,5567 W Lovers Ln,75209,Sat Oct 22 19:47:35 +0000 2016,RT @dallasnews: Report: AT&amp;T-Time Warner merger getting closer as boards meet today to approve $80 billion deal https://t.co/E6Ev3HDFfu htt…,pos,0.9376,general,general,,Twitter
Dallas14,Authorized retailer,32.853358,-96.817694,5567 W Lovers Ln,75209,Sat Oct 22 19:43:43 +0000 2016,Donald Trump says he would block AT&amp;amp;T-Time Warner merger if elected https://t.co/kh0N8cocJx via @dallasnews,neg,-0.1323,general,general,,Twitter
Dallas14,Authorized retailer,32.853358,-96.817694,5567 W Lovers Ln,75209,Sat Oct 22 19:42:37 +0000 2016,"RT @theblaze: Report: AT&amp;T wants to buy Time Warner in $80 billion mega-deal
https://t.co/QEDAC95J1T https://t.co/ChTnEiekcu",pos,0.1573,general,general,,Twitter
Dallas14,Authorized retailer,32.853358,-96.817694,5567 W Lovers Ln,75209,Sat Oct 22 19:42:32 +0000 2016,RT @dallasnews: Report: AT&amp;T-Time Warner merger getting closer as boards meet today to approve $80 billion deal https://t.co/E6Ev3HDFfu htt…,pos,0.9376,general,general,,Twitter
Dallas14,Authorized retailer,32.853358,-96.817694,5567 W Lovers Ln,75209,Sat Oct 22 19:42:22 +0000 2016,"AT&amp;T Preps ""Media Colossus"" with Time Warner at Customers' Expense - https://t.co/9ighRaF0Xx",pos,0.6612,general,general,,Twitter
Dallas14,Authorized retailer,32.853358,-96.817694,5567 W Lovers Ln,75209,Sat Oct 22 19:41:36 +0000 2016,Report: AT&amp;T-Time Warner merger getting closer as boards meet today to approve $80 billion deal… https://t.co/jhLow5p0ud,pos,0.9114,general,general,,Twitter
Dallas14,Authorized retailer,32.853358,-96.817694,5567 W Lovers Ln,75209,Sat Oct 22 19:41:28 +0000 2016,"RT @theblaze: Report: AT&amp;T wants to buy Time Warner in $80 billion mega-deal
https://t.co/QEDAC95J1T https://t.co/ChTnEiekcu",pos,0.1573,general,general,,Twitter
Dallas14,Authorized retailer,32.853358,-96.817694,5567 W Lovers Ln,75209,Sat Oct 22 19:41:11 +0000 2016,"RT @theblaze: Report: AT&amp;T wants to buy Time Warner in $80 billion mega-deal
https://t.co/QEDAC95J1T https://t.co/ChTnEiekcu",pos,0.1573,general,general,,Twitter
Dallas14,Authorized retailer,32.853358,-96.817694,5567 W Lovers Ln,75209,Sat Oct 22 19:40:34 +0000 2016,AT&amp;T Agrees to Buy Time Warner for More Than $80 Billion - https://t.co/0pzW2ZR24l https://t.co/rdbwVLsnwk,pos,0.3169,general,general,,Twitter
Dallas14,Authorized retailer,32.853358,-96.817694,5567 W Lovers Ln,75209,Sat Oct 22 19:40:24 +0000 2016,"RT @theblaze: Report: AT&amp;T wants to buy Time Warner in $80 billion mega-deal
https://t.co/QEDAC95J1T https://t.co/ChTnEiekcu",pos,0.1573,general,general,,Twitter
Dallas14,Authorized retailer,32.853358,-96.817694,5567 W Lovers Ln,75209,Sat Oct 22 19:40:19 +0000 2016,"RT @theblaze: Report: AT&amp;T wants to buy Time Warner in $80 billion mega-deal
https://t.co/QEDAC95J1T https://t.co/ChTnEiekcu",pos,0.1573,general,general,,Twitter
Dallas14,Authorized retailer,32.853358,-96.817694,5567 W Lovers Ln,75209,Sat Oct 22 19:40:19 +0000 2016,"RT @dallasnews: Updated: Report says AT&amp;T, Time Warner boards meeting today to approve $80 billion deal https://t.co/ESCmoMhXLr | @krobijak…",pos,0.9410,general,general,,Twitter
Dallas14,Authorized retailer,32.853358,-96.817694,5567 W Lovers Ln,75209,Sat Oct 22 19:40:03 +0000 2016,"Report: AT&amp;T wants to buy Time Warner in $80 billion mega-deal
https://t.co/QEDAC95J1T https://t.co/ChTnEiekcu",pos,0.1573,general,general,,Twitter
Dallas14,Authorized retailer,32.853358,-96.817694,5567 W Lovers Ln,75209,Sat Oct 22 19:38:02 +0000 2016,RT @ATT: Welcome to the team! @taylorswift13 https://t.co/4h86nLYuLo https://t.co/gAHOi7fPrZ,neg,-0.6483,general,general,,Twitter
Dallas14,Authorized retailer,32.853358,-96.817694,5567 W Lovers Ln,75209,Sat Oct 22 19:37:57 +0000 2016,"RT @dallasnews: Updated: Report says AT&amp;T, Time Warner boards meeting today to approve $80 billion deal https://t.co/ESCmoMhXLr | @krobijak…",pos,0.9410,general,general,,Twitter
Dallas14,Authorized retailer,32.853358,-96.817694,5567 W Lovers Ln,75209,Sat Oct 22 19:37:14 +0000 2016,"RT @dallasnews: Updated: Report says AT&amp;T, Time Warner boards meeting today to approve $80 billion deal https://t.co/ESCmoMhXLr | @krobijak…",pos,0.9410,general,general,,Twitter
Dallas14,Authorized retailer,32.853358,-96.817694,5567 W Lovers Ln,75209,Sat Oct 22 19:36:49 +0000 2016,"Updated: Report says AT&amp;T, Time Warner boards meeting today to approve $80 billion deal https://t.co/ESCmoMhXLr |… https://t.co/nqT5Ml7Dcu",pos,0.9410,general,general,,Twitter
Dallas14,Authorized retailer,32.853358,-96.817694,5567 W Lovers Ln,75209,Sat Oct 22 19:36:23 +0000 2016,When your blankity-blank cable goes out right before kickoff #TAMUvsBAMA #GigEm @ATT,neg,-0.9040,general,general,,Twitter
Dallas14,Authorized retailer,32.853358,-96.817694,5567 W Lovers Ln,75209,Sat Oct 22 19:31:50 +0000 2016,Why AT&amp;T Buying Time Warner Makes Sense via @forbes https://t.co/QaDOWw1pG8,neg,-0.0418,general,general,,Twitter
Dallas14,Authorized retailer,32.853358,-96.817694,5567 W Lovers Ln,75209,Sat Oct 22 19:31:42 +0000 2016,"AT&amp;T-Time Warner mega-deal is near
https://t.co/pmCuy8Xyno",neg,-0.0987,general,general,,Twitter
Dallas14,Authorized retailer,32.853358,-96.817694,5567 W Lovers Ln,75209,Sat Oct 22 19:30:41 +0000 2016,RT @ATT: Welcome to the team! @taylorswift13 https://t.co/4h86nLYuLo https://t.co/gAHOi7fPrZ,neg,-0.6483,general,general,,Twitter
Dallas14,Authorized retailer,32.853358,-96.817694,5567 W Lovers Ln,75209,Sat Oct 22 19:29:01 +0000 2016,Wowzers!  #ATT #TimeWarner https://t.co/e2zyh95MpW,neg,-0.8750,general,general,,Twitter
Dallas14,Authorized retailer,32.853358,-96.817694,5567 W Lovers Ln,75209,Sat Oct 22 19:26:41 +0000 2016,RT @ATT: Welcome to the team! @taylorswift13 https://t.co/4h86nLYuLo https://t.co/gAHOi7fPrZ,neg,-0.6483,general,general,,Twitter
Dallas14,Authorized retailer,32.853358,-96.817694,5567 W Lovers Ln,75209,Sat Oct 22 19:24:22 +0000 2016,Lots of questions arise as @WSJ reports that @ATT has agreed to buy Time Warner for upwards of $80 BILLION. Service costs? Jobs?,pos,0.2956,general,general,,Twitter
Dallas14,Authorized retailer,32.853358,-96.817694,5567 W Lovers Ln,75209,Sat Oct 22 19:22:19 +0000 2016,Donald Trump says he would block AT&amp;T-Time Warner merger if elected https://t.co/FcDwhEONfu via @dallasnews,neg,-0.1323,general,general,,Twitter
Dallas14,Authorized retailer,32.853358,-96.817694,5567 W Lovers Ln,75209,Sat Oct 22 19:20:47 +0000 2016,AT&amp;T agrees to buy Time Warner for more than $80B https://t.co/h1MeuXw2BC,pos,0.2512,general,general,,Twitter
Dallas14,Authorized retailer,32.853358,-96.817694,5567 W Lovers Ln,75209,Sat Oct 22 19:19:57 +0000 2016,Having a bad customer service day. Sadly I'm not surprised at @ATT but totally shocked at my @Apple experience especially live in a store.,pos,0.0055,general,store experience,,Twitter
Dallas14,Authorized retailer,32.853358,-96.817694,5567 W Lovers Ln,75209,Sat Oct 22 19:19:02 +0000 2016,Why AT&amp;T's pursuit of Time Warner makes sense: It takes an elephant to eat an elephant https://t.co/dYiu3fo9m1 via @dallasnews,pos,0.6289,general,general,,Twitter
Dallas14,Authorized retailer,32.853358,-96.817694,5567 W Lovers Ln,75209,Sat Oct 22 19:14:39 +0000 2016,Smmfh we need the real government to break these companies up!! https://t.co/h5CCPljMlE,pos,0.5024,general,general,,Twitter
Dallas14,Authorized retailer,32.853358,-96.817694,5567 W Lovers Ln,75209,Sat Oct 22 19:13:37 +0000 2016,RT @ATT: Welcome to the team! @taylorswift13 https://t.co/4h86nLYuLo https://t.co/gAHOi7fPrZ,neg,-0.6483,general,general,,Twitter
Dallas14,Authorized retailer,32.853358,-96.817694,5567 W Lovers Ln,75209,Sat Oct 22 19:13:37 +0000 2016,RT @wfaachannel8: AT&amp;T agrees to buy Time Warner for more than $80B https://t.co/9LtV0RAUgV https://t.co/zqmbwnbOeo,pos,0.2512,general,general,,Twitter
Dallas14,Authorized retailer,32.853358,-96.817694,5567 W Lovers Ln,75209,Sat Oct 22 19:08:25 +0000 2016,RT @wfaachannel8: AT&amp;T agrees to buy Time Warner for more than $80B https://t.co/9LtV0RAUgV https://t.co/zqmbwnbOeo,pos,0.2512,general,general,,Twitter
Dallas14,Authorized retailer,32.853358,-96.817694,5567 W Lovers Ln,75209,Sat Oct 22 19:07:29 +0000 2016,Sources: AT&amp;T-Time Warner mega-deal is near https://t.co/uKDPTI8v6j,neg,-0.0274,general,general,,Twitter
