Dallas6,Corporate retailer,32.8740567,-96.771404,9100 N Central Expressway Suite 105,75231,Sun Oct 23 17:46:39 +0000 2016,RT @RickTweetTweet: Breaking News!!! AT&amp;T to Acquire Time Warner! My family just got bigger! #LifeAtATT  #TimeWarner https://t.co/RUAJa5ciO…,neg,-0.2232,general,general,,Twitter
Dallas6,Corporate retailer,32.8740567,-96.771404,9100 N Central Expressway Suite 105,75231,Sun Oct 23 17:43:28 +0000 2016,RT @ATT: The #futureofvideo is mobile and the #futureofmobile is video. Time Warner + AT&amp;T make it happen! @twxcorp https://t.co/GKx4U9TQYg,neg,-0.6722,general,general,,Twitter
Dallas6,Corporate retailer,32.8740567,-96.771404,9100 N Central Expressway Suite 105,75231,Sun Oct 23 17:40:24 +0000 2016,Every few decades a new generation enters the workforce &amp; tends to shake things up https://t.co/nrmXqjKfQV #ucoms #attemployee,pos,0.8797,general,general,,Twitter
Dallas6,Corporate retailer,32.8740567,-96.771404,9100 N Central Expressway Suite 105,75231,Sun Oct 23 17:39:44 +0000 2016,"RT @dallasnews: Trump gets litigious, AT&amp;T gets bigger, @TomiLahren wins bigly: Your weekend news digest https://t.co/tjOy7OJCri https://t.…",neg,-0.7070,general,general,,Twitter
Dallas6,Corporate retailer,32.8740567,-96.771404,9100 N Central Expressway Suite 105,75231,Sun Oct 23 17:38:44 +0000 2016,Excited about your collaboration w @ATT introducing first nationwide Brackets For Good tourney! #BFGUSA @BracketsForGood 🏀@UnitedWayDallas,pos,0.4977,general,general,,Twitter
Dallas6,Corporate retailer,32.8740567,-96.771404,9100 N Central Expressway Suite 105,75231,Sun Oct 23 17:34:53 +0000 2016,"RT @dallasnews: Trump gets litigious, AT&amp;T gets bigger, @TomiLahren wins bigly: Your weekend news digest https://t.co/tjOy7OJCri https://t.…",neg,-0.7070,general,general,,Twitter
Dallas6,Corporate retailer,32.8740567,-96.771404,9100 N Central Expressway Suite 105,75231,Sun Oct 23 17:34:02 +0000 2016,RT @ATT: Welcome to the team! @taylorswift13 https://t.co/4h86nLYuLo https://t.co/gAHOi7fPrZ,neg,-0.6483,general,general,,Twitter
Dallas6,Corporate retailer,32.8740567,-96.771404,9100 N Central Expressway Suite 105,75231,Sun Oct 23 17:33:50 +0000 2016,"RT @dallasnews: Trump gets litigious, AT&amp;T gets bigger, @TomiLahren wins bigly: Your weekend news digest https://t.co/tjOy7OJCri https://t.…",neg,-0.7070,general,general,,Twitter
Dallas6,Corporate retailer,32.8740567,-96.771404,9100 N Central Expressway Suite 105,75231,Sun Oct 23 17:30:40 +0000 2016,RT @dallasnews: Luke Bryan shimmies and shines during 'Kill the Lights' tour at AT&amp;T Stadium on Saturday https://t.co/OltIElsT2s,pos,0.9755,general,general,,Twitter
Dallas6,Corporate retailer,32.8740567,-96.771404,9100 N Central Expressway Suite 105,75231,Sun Oct 23 17:27:34 +0000 2016,RT @ATT: Welcome to the team! @taylorswift13 https://t.co/4h86nLYuLo https://t.co/gAHOi7fPrZ,neg,-0.6483,general,general,,Twitter
Dallas6,Corporate retailer,32.8740567,-96.771404,9100 N Central Expressway Suite 105,75231,Sun Oct 23 17:22:22 +0000 2016,"RT @dallasnews: Trump gets litigious, AT&amp;T gets bigger, @TomiLahren wins bigly: Your weekend news digest https://t.co/tjOy7OJCri https://t.…",neg,-0.7070,general,general,,Twitter
Dallas6,Corporate retailer,32.8740567,-96.771404,9100 N Central Expressway Suite 105,75231,Sun Oct 23 17:21:51 +0000 2016,RT @ATT: The #futureofvideo is mobile and the #futureofmobile is video. Time Warner + AT&amp;T make it happen! @twxcorp https://t.co/GKx4U9TQYg,neg,-0.6722,general,general,,Twitter
Dallas6,Corporate retailer,32.8740567,-96.771404,9100 N Central Expressway Suite 105,75231,Sun Oct 23 17:21:27 +0000 2016,"RT @dallasnews: Trump gets litigious, AT&amp;T gets bigger, @TomiLahren wins bigly: Your weekend news digest https://t.co/tjOy7OJCri https://t.…",neg,-0.7070,general,general,,Twitter
Dallas6,Corporate retailer,32.8740567,-96.771404,9100 N Central Expressway Suite 105,75231,Sun Oct 23 17:21:06 +0000 2016,"RT @dallasnews: Trump gets litigious, AT&amp;T gets bigger, @TomiLahren wins bigly: Your weekend news digest https://t.co/tjOy7OJCri https://t.…",neg,-0.7070,general,general,,Twitter
Dallas6,Corporate retailer,32.8740567,-96.771404,9100 N Central Expressway Suite 105,75231,Sun Oct 23 17:20:12 +0000 2016,RT @ATT: The #futureofvideo is mobile and the #futureofmobile is video. Time Warner + AT&amp;T make it happen! @twxcorp https://t.co/GKx4U9TQYg,neg,-0.6722,general,general,,Twitter
Dallas6,Corporate retailer,32.8740567,-96.771404,9100 N Central Expressway Suite 105,75231,Sun Oct 23 17:19:29 +0000 2016,121.80 Download 29.3 Upload. I won't get this with @ATT  https://t.co/Anlh4ywdw9 #speedtest #Time Warner Cable via @openspeedtest,neg,-0.7477,general,general,,Twitter
Dallas6,Corporate retailer,32.8740567,-96.771404,9100 N Central Expressway Suite 105,75231,Sun Oct 23 17:17:06 +0000 2016,"Trump gets litigious, AT&amp;T gets bigger, Tomi Lahren wins bigly: Your weekend news digest https://t.co/fI8tzK6bSU",neg,-0.7070,general,general,,Twitter
Dallas6,Corporate retailer,32.8740567,-96.771404,9100 N Central Expressway Suite 105,75231,Sun Oct 23 17:15:52 +0000 2016,"RT @dallasnews: Trump gets litigious, AT&amp;T gets bigger, @TomiLahren wins bigly: Your weekend news digest https://t.co/tjOy7OJCri https://t.…",neg,-0.7070,general,general,,Twitter
Dallas6,Corporate retailer,32.8740567,-96.771404,9100 N Central Expressway Suite 105,75231,Sun Oct 23 17:14:34 +0000 2016,"RT @dallasnews: Trump gets litigious, AT&amp;T gets bigger, @TomiLahren wins bigly: Your weekend news digest https://t.co/tjOy7OJCri https://t.…",neg,-0.7070,general,general,,Twitter
Dallas6,Corporate retailer,32.8740567,-96.771404,9100 N Central Expressway Suite 105,75231,Sun Oct 23 17:14:13 +0000 2016,"RT @dallasnews: Trump gets litigious, AT&amp;T gets bigger, @TomiLahren wins bigly: Your weekend news digest https://t.co/tjOy7OJCri https://t.…",neg,-0.7070,general,general,,Twitter
Dallas6,Corporate retailer,32.8740567,-96.771404,9100 N Central Expressway Suite 105,75231,Sun Oct 23 17:13:40 +0000 2016,RT @ATT: The #futureofvideo is mobile and the #futureofmobile is video. Time Warner + AT&amp;T make it happen! @twxcorp https://t.co/GKx4U9TQYg,neg,-0.6722,general,general,,Twitter
