Dallas2,Corporate retailer,32.8111091,-96.8092962,3329 Oak Lawn Avenue,75219,Fri Oct 28 06:26:14 +0000 2016,RT @ATT: Welcome to the team! @taylorswift13 https://t.co/4h86nLYuLo https://t.co/gAHOi7fPrZ,neg,-0.6483,general,general,,Twitter
Dallas2,Corporate retailer,32.8111091,-96.8092962,3329 Oak Lawn Avenue,75219,Fri Oct 28 06:24:35 +0000 2016,RT @ATT: Get a sweet deal on the new iPhone 7 when you switch to AT&amp;T and have DIRECTV. https://t.co/JO08KrMKj7 https://t.co/tAcB2wPVFO,neg,-0.2990,directv,general,,Twitter
Dallas2,Corporate retailer,32.8111091,-96.8092962,3329 Oak Lawn Avenue,75219,Fri Oct 28 05:34:53 +0000 2016,RT @ATT: Welcome to the team! @taylorswift13 https://t.co/4h86nLYuLo https://t.co/gAHOi7fPrZ,neg,-0.6483,general,general,,Twitter
Dallas2,Corporate retailer,32.8111091,-96.8092962,3329 Oak Lawn Avenue,75219,Fri Oct 28 05:29:39 +0000 2016,RT @ATTBusiness: Our IoT Starter Kit is more than just a developer data plan. Get the tools to design and launch an #IoT device now: https:…,pos,0.6174,general,general,,Twitter
Dallas2,Corporate retailer,32.8111091,-96.8092962,3329 Oak Lawn Avenue,75219,Fri Oct 28 05:29:30 +0000 2016,RT @ATT: Get a sweet deal on the new iPhone 7 when you switch to AT&amp;T and have DIRECTV. https://t.co/JO08KrMKj7 https://t.co/tAcB2wPVFO,neg,-0.2990,directv,general,,Twitter
Dallas2,Corporate retailer,32.8111091,-96.8092962,3329 Oak Lawn Avenue,75219,Fri Oct 28 05:21:55 +0000 2016,"@eliblumenthal Hi Eli, could you please send us a DM with your account details so that we can take a look at this issue? Thank you.",pos,0.7276,general,general,,Twitter
Dallas2,Corporate retailer,32.8111091,-96.8092962,3329 Oak Lawn Avenue,75219,Fri Oct 28 05:17:32 +0000 2016,@aesensten We are aware of a service issue in the LA area and we’re working to resolve it as quickly as possible.,pos,0.3765,general,general,,Twitter
Dallas2,Corporate retailer,32.8111091,-96.8092962,3329 Oak Lawn Avenue,75219,Fri Oct 28 05:16:43 +0000 2016,"RT @dallascowboys: Won't be at #PHIvsDAL? 
You can watch LIVE using @DIRECTV's Sunday Ticket! 

Sign up here: https://t.co/jeY0kih32V https…",pos,0.2905,directv,general,,Twitter
Dallas2,Corporate retailer,32.8111091,-96.8092962,3329 Oak Lawn Avenue,75219,Fri Oct 28 05:15:48 +0000 2016,"@RockyMntnMike Hi, could you please send us a DM with your account info so that we can take a look at your account. Thank you.",pos,0.2235,general,general,,Twitter
Dallas2,Corporate retailer,32.8111091,-96.8092962,3329 Oak Lawn Avenue,75219,Fri Oct 28 05:10:28 +0000 2016,"RT @SportsDayHS: Due to conflicts, no #txhsfb at AT&amp;T Stadium for the first 3 rounds 😭
…but now we have The Star.
Details: https://t.co/UxR…",pos,0.9649,general,general,,Twitter
Dallas2,Corporate retailer,32.8111091,-96.8092962,3329 Oak Lawn Avenue,75219,Fri Oct 28 05:09:10 +0000 2016,RT @ATT: Who made you a college 🏈 fan? Share with #MadeMeAFanContest for a chance to win. Rules https://t.co/hU3I3wFn5V https://t.co/seJBJK…,neg,-0.2751,general,general,,Twitter
Dallas2,Corporate retailer,32.8111091,-96.8092962,3329 Oak Lawn Avenue,75219,Fri Oct 28 05:03:43 +0000 2016,@Mercyme2911 I love it! We had such a great time in San Antonio. Thank you for making it such a great place to work! Awesome Town Hall! #ATT,pos,0.3203,general,general,,Twitter
Dallas2,Corporate retailer,32.8111091,-96.8092962,3329 Oak Lawn Avenue,75219,Fri Oct 28 04:56:08 +0000 2016,"@ThemePark We're aware of a service issue affecting some wireline customers in the LA area, and we’re working to resolve it ASAP.",pos,0.8038,general,general,,Twitter
Dallas2,Corporate retailer,32.8111091,-96.8092962,3329 Oak Lawn Avenue,75219,Fri Oct 28 04:53:06 +0000 2016,RT @ATT: Welcome to the team! @taylorswift13 https://t.co/4h86nLYuLo https://t.co/gAHOi7fPrZ,neg,-0.6483,general,general,,Twitter
Dallas2,Corporate retailer,32.8111091,-96.8092962,3329 Oak Lawn Avenue,75219,Fri Oct 28 04:50:11 +0000 2016,"RT @ATT: @youdontknowjen Hi Jennifer, thank you for the shout out - we are so happy that you found the right phone! https://t.co/nJ0MZyCGJS",neg,-0.7783,general,general,,Twitter
Dallas2,Corporate retailer,32.8111091,-96.8092962,3329 Oak Lawn Avenue,75219,Fri Oct 28 04:27:00 +0000 2016,"RT @SportsDayHS: Due to conflicts, no #txhsfb at AT&amp;T Stadium for the first 3 rounds 😭
…but now we have The Star.
Details: https://t.co/UxR…",pos,0.9649,general,general,,Twitter
Dallas2,Corporate retailer,32.8111091,-96.8092962,3329 Oak Lawn Avenue,75219,Fri Oct 28 04:26:41 +0000 2016,Lea Michele ATT and TOMS Year Celebration Shoebox in Santa Monica https://t.co/VPsAd3XTsm #LeaMichele,pos,0.4152,general,general,,Twitter
Dallas2,Corporate retailer,32.8111091,-96.8092962,3329 Oak Lawn Avenue,75219,Fri Oct 28 04:21:08 +0000 2016,RT @ATT: Welcome to the team! @taylorswift13 https://t.co/4h86nLYuLo https://t.co/gAHOi7fPrZ,neg,-0.6483,general,general,,Twitter
Dallas2,Corporate retailer,32.8111091,-96.8092962,3329 Oak Lawn Avenue,75219,Fri Oct 28 04:20:22 +0000 2016,RT @ATT: Welcome to the team! @taylorswift13 https://t.co/4h86nLYuLo https://t.co/gAHOi7fPrZ,neg,-0.6483,general,general,,Twitter
Dallas2,Corporate retailer,32.8111091,-96.8092962,3329 Oak Lawn Avenue,75219,Fri Oct 28 04:03:03 +0000 2016,RT @ATT: Welcome to the team! @taylorswift13 https://t.co/4h86nLYuLo https://t.co/gAHOi7fPrZ,neg,-0.6483,general,general,,Twitter
Dallas2,Corporate retailer,32.8111091,-96.8092962,3329 Oak Lawn Avenue,75219,Fri Oct 28 03:59:53 +0000 2016,"RT @dallascowboys: Won't be at #PHIvsDAL? 
You can watch LIVE using @DIRECTV's Sunday Ticket! 

Sign up here: https://t.co/jeY0kih32V https…",pos,0.2905,directv,general,,Twitter
Dallas2,Corporate retailer,32.8111091,-96.8092962,3329 Oak Lawn Avenue,75219,Fri Oct 28 03:59:40 +0000 2016,"@youdontknowjen Hi Jennifer, thank you for the shout out - we are so happy that you found the right phone! https://t.co/nJ0MZyCGJS",neg,-0.2321,general,general,,Twitter
Dallas2,Corporate retailer,32.8111091,-96.8092962,3329 Oak Lawn Avenue,75219,Fri Oct 28 03:43:45 +0000 2016,@jlopezomg We're aware of a service issue affecting some customers the LA area and we’re working to resolve it as quickly as possible.,pos,0.9300,general,general,,Twitter
Dallas2,Corporate retailer,32.8111091,-96.8092962,3329 Oak Lawn Avenue,75219,Fri Oct 28 03:42:39 +0000 2016,"RT @dallascowboys: Won't be at #PHIvsDAL? 
You can watch LIVE using @DIRECTV's Sunday Ticket! 

Sign up here: https://t.co/jeY0kih32V https…",pos,0.2905,directv,general,,Twitter
Dallas2,Corporate retailer,32.8111091,-96.8092962,3329 Oak Lawn Avenue,75219,Fri Oct 28 03:36:08 +0000 2016,RT @BriMalandro: this is gross bc @ATT is actually trash in each and every way possible https://t.co/kD2jnR7zXZ,neg,-0.8213,general,general,,Twitter
Dallas2,Corporate retailer,32.8111091,-96.8092962,3329 Oak Lawn Avenue,75219,Fri Oct 28 03:35:36 +0000 2016,RT @ATT: Get a sweet deal on the new iPhone 7 when you switch to AT&amp;T and have DIRECTV. https://t.co/JO08KrMKj7 https://t.co/tAcB2wPVFO,neg,-0.2990,directv,general,,Twitter
Dallas2,Corporate retailer,32.8111091,-96.8092962,3329 Oak Lawn Avenue,75219,Fri Oct 28 03:34:17 +0000 2016,"RT @DBJHoopfer: Sneak peek of the brand new Trinity Forest Golf Club, future host of AT&amp;T Byron Nelson (Video) https://t.co/slwxhkjktv via…",neg,-0.4665,general,general,,Twitter
Dallas2,Corporate retailer,32.8111091,-96.8092962,3329 Oak Lawn Avenue,75219,Fri Oct 28 03:28:51 +0000 2016,@ATT sux. How do you get to the end of move my service application and can't even submit the damn application. I pay too much for this crap.,neg,-0.9730,general,general,,Twitter
Dallas2,Corporate retailer,32.8111091,-96.8092962,3329 Oak Lawn Avenue,75219,Fri Oct 28 03:24:02 +0000 2016,@Crypt_Concepts Check all the channel listings and packages here: https://t.co/9QShDELSg7 DM us if you have further questions. ^CrisH,pos,0.7210,general,general,,Twitter
Dallas2,Corporate retailer,32.8111091,-96.8092962,3329 Oak Lawn Avenue,75219,Fri Oct 28 03:23:28 +0000 2016,RT @ATT: Get a sweet deal on the new iPhone 7 when you switch to AT&amp;T and have DIRECTV. https://t.co/JO08KrMKj7 https://t.co/tAcB2wPVFO,neg,-0.2990,directv,general,,Twitter
Dallas2,Corporate retailer,32.8111091,-96.8092962,3329 Oak Lawn Avenue,75219,Fri Oct 28 03:21:37 +0000 2016,@footnoted We are aware of a service issue in the LA area and we’re working to resolve it as quickly as possible.,pos,0.3765,general,general,,Twitter
Dallas2,Corporate retailer,32.8111091,-96.8092962,3329 Oak Lawn Avenue,75219,Fri Oct 28 03:21:19 +0000 2016,Sign the petition: Tell @TheJusticeDept to stop the @ATT-@TWXCorp merger https://t.co/t6CX0eJEg0 via @CREDOMobile #p2,pos,0.0111,general,general,,Twitter
Dallas2,Corporate retailer,32.8111091,-96.8092962,3329 Oak Lawn Avenue,75219,Fri Oct 28 03:10:03 +0000 2016,RT @ATT: Welcome to the team! @taylorswift13 https://t.co/4h86nLYuLo https://t.co/gAHOi7fPrZ,neg,-0.6483,general,general,,Twitter
Dallas2,Corporate retailer,32.8111091,-96.8092962,3329 Oak Lawn Avenue,75219,Fri Oct 28 03:09:16 +0000 2016,RT @ATT: Get a sweet deal on the new iPhone 7 when you switch to AT&amp;T and have DIRECTV. https://t.co/JO08KrMKj7 https://t.co/tAcB2wPVFO,neg,-0.2990,directv,general,,Twitter
Dallas2,Corporate retailer,32.8111091,-96.8092962,3329 Oak Lawn Avenue,75219,Fri Oct 28 02:10:09 +0000 2016,"RT @SportsDayHS: Due to conflicts, no #txhsfb at AT&amp;T Stadium for the first 3 rounds 😭
…but now we have The Star.
Details: https://t.co/UxR…",pos,0.9649,general,general,,Twitter
Dallas2,Corporate retailer,32.8111091,-96.8092962,3329 Oak Lawn Avenue,75219,Fri Oct 28 02:09:11 +0000 2016,"RT @SportsDayHS: Due to conflicts, no #txhsfb at AT&amp;T Stadium for the first 3 rounds 😭
…but now we have The Star.
Details: https://t.co/UxR…",pos,0.9649,general,general,,Twitter
Dallas2,Corporate retailer,32.8111091,-96.8092962,3329 Oak Lawn Avenue,75219,Fri Oct 28 02:08:20 +0000 2016,"RT @SportsDayHS: Due to conflicts, no #txhsfb at AT&amp;T Stadium for the first 3 rounds 😭
…but now we have The Star.
Details: https://t.co/UxR…",pos,0.9649,general,general,,Twitter
Dallas2,Corporate retailer,32.8111091,-96.8092962,3329 Oak Lawn Avenue,75219,Fri Oct 28 02:08:01 +0000 2016,"RT @SportsDayHS: Due to conflicts, no #txhsfb at AT&amp;T Stadium for the first 3 rounds 😭
…but now we have The Star.
Details: https://t.co/UxR…",pos,0.9649,general,general,,Twitter
Dallas2,Corporate retailer,32.8111091,-96.8092962,3329 Oak Lawn Avenue,75219,Fri Oct 28 02:05:43 +0000 2016,"Sorry, @ATT, FCC ruling may put an end to creepy, targeted advertising plans https://t.co/3odrIP7GAK | @agarre https://t.co/LNXw1pr9lW",pos,0.1353,general,general,,Twitter
Dallas2,Corporate retailer,32.8111091,-96.8092962,3329 Oak Lawn Avenue,75219,Fri Oct 28 02:00:10 +0000 2016,AT&amp;T and Ericsson demonstrate 5G network capabilities at Texas Wireless Summit https://t.co/Mo4o7l0XAE #attemployee https://t.co/TdEc4sBW66,neg,-0.7048,general,general,,Twitter
Dallas2,Corporate retailer,32.8111091,-96.8092962,3329 Oak Lawn Avenue,75219,Fri Oct 28 01:24:30 +0000 2016,"RT @attJOBS: We have all the #interview tips you need in one list! Learn what to do before, during and after your next interview: https://t…",pos,0.7538,general,general,,Twitter
Dallas2,Corporate retailer,32.8111091,-96.8092962,3329 Oak Lawn Avenue,75219,Fri Oct 28 01:20:20 +0000 2016,AT&amp;T launches first LTE-M site to grow IOT https://t.co/5NzkgTM1ky #attemployee https://t.co/tQGHVXY1Mv,pos,0.1675,general,general,,Twitter
Dallas2,Corporate retailer,32.8111091,-96.8092962,3329 Oak Lawn Avenue,75219,Fri Oct 28 01:04:10 +0000 2016,"The AT&amp;T-Time Warner Deal: Perspective from the Great Trustbuster, Part II — Theodore Roosevelt Spells Out the Two…… https://t.co/ijmHlaGegG",pos,0.5972,general,general,,Twitter
Dallas2,Corporate retailer,32.8111091,-96.8092962,3329 Oak Lawn Avenue,75219,Fri Oct 28 01:02:25 +0000 2016,RT @BillNicholsDMN: Why Jordan Spieth is the perfect ambassador for AT&amp;T Byron Nelson's move to new home in 2018 https://t.co/makT7VH1Z3 vi…,pos,0.1909,general,general,,Twitter
Dallas2,Corporate retailer,32.8111091,-96.8092962,3329 Oak Lawn Avenue,75219,Fri Oct 28 01:01:32 +0000 2016,RT @ATT: Welcome to the team! @taylorswift13 https://t.co/4h86nLYuLo https://t.co/gAHOi7fPrZ,neg,-0.6483,general,general,,Twitter
Dallas2,Corporate retailer,32.8111091,-96.8092962,3329 Oak Lawn Avenue,75219,Fri Oct 28 00:46:54 +0000 2016,RT @DBJShinneman: Analysts saying margins could be as thin as $1 or $2 for DirecTV Now https://t.co/HdOEEzVjgp @DallasBizNews $T,pos,0.8446,directv,general,,Twitter
Dallas2,Corporate retailer,32.8111091,-96.8092962,3329 Oak Lawn Avenue,75219,Fri Oct 28 00:45:04 +0000 2016,RT @ATT: Have a magical Halloween with the @LGUSAMobile #LGV20. https://t.co/yOfwY7oeQ0 https://t.co/AhKdm4NbiY,neg,-0.7461,general,general,,Twitter
Dallas2,Corporate retailer,32.8111091,-96.8092962,3329 Oak Lawn Avenue,75219,Fri Oct 28 00:38:03 +0000 2016,"RT @DecksInThePark: Get to Klyde Warren Park tonight for the Decks in the Park - Halloween Edition, Powered by @ATT The fun all starts at 6…",neg,-0.6584,general,general,,Twitter
Dallas2,Corporate retailer,32.8111091,-96.8092962,3329 Oak Lawn Avenue,75219,Fri Oct 28 00:29:27 +0000 2016,"RT @attJOBS: We have all the #interview tips you need in one list! Learn what to do before, during and after your next interview: https://t…",pos,0.7538,general,general,,Twitter
Dallas2,Corporate retailer,32.8111091,-96.8092962,3329 Oak Lawn Avenue,75219,Fri Oct 28 00:18:00 +0000 2016,"RT @dallascowboys: Won't be at #PHIvsDAL? 
You can watch LIVE using @DIRECTV's Sunday Ticket! 

Sign up here: https://t.co/jeY0kih32V https…",pos,0.2905,directv,general,,Twitter
Dallas2,Corporate retailer,32.8111091,-96.8092962,3329 Oak Lawn Avenue,75219,Fri Oct 28 00:15:37 +0000 2016,"RT @dallascowboys: Won't be at #PHIvsDAL? 
You can watch LIVE using @DIRECTV's Sunday Ticket! 

Sign up here: https://t.co/jeY0kih32V https…",pos,0.2905,directv,general,,Twitter
Dallas2,Corporate retailer,32.8111091,-96.8092962,3329 Oak Lawn Avenue,75219,Fri Oct 28 00:14:55 +0000 2016,RT @ATT: Welcome to the team! @taylorswift13 https://t.co/4h86nLYuLo https://t.co/gAHOi7fPrZ,neg,-0.6483,general,general,,Twitter
Dallas2,Corporate retailer,32.8111091,-96.8092962,3329 Oak Lawn Avenue,75219,Fri Oct 28 00:00:01 +0000 2016,Want to create a BYOD policy that meets your business needs? 5 guidelines here. https://t.co/YqF1AFnEXv https://t.co/WgJQEjA7kA,pos,0.1776,general,general,,Twitter
Dallas2,Corporate retailer,32.8111091,-96.8092962,3329 Oak Lawn Avenue,75219,Thu Oct 27 23:59:59 +0000 2016,"RT @dallasnews: Trump gets litigious, AT&amp;T gets bigger, @TomiLahren wins bigly: Your weekend news digest https://t.co/tjOy7OJCri https://t.…",neg,-0.7070,general,general,,Twitter
Dallas2,Corporate retailer,32.8111091,-96.8092962,3329 Oak Lawn Avenue,75219,Thu Oct 27 23:57:14 +0000 2016,"RT @dallascowboys: Won't be at #PHIvsDAL? 
You can watch LIVE using @DIRECTV's Sunday Ticket! 

Sign up here: https://t.co/jeY0kih32V https…",pos,0.2905,directv,general,,Twitter
Dallas2,Corporate retailer,32.8111091,-96.8092962,3329 Oak Lawn Avenue,75219,Thu Oct 27 23:57:11 +0000 2016,"RT @dallascowboys: Won't be at #PHIvsDAL? 
You can watch LIVE using @DIRECTV's Sunday Ticket! 

Sign up here: https://t.co/jeY0kih32V https…",pos,0.2905,directv,general,,Twitter
Dallas2,Corporate retailer,32.8111091,-96.8092962,3329 Oak Lawn Avenue,75219,Thu Oct 27 23:52:41 +0000 2016,RT @ATTBusiness: Our IoT Starter Kit is more than just a developer data plan. Get the tools to design and launch an #IoT device now: https:…,pos,0.6174,general,general,,Twitter
Dallas2,Corporate retailer,32.8111091,-96.8092962,3329 Oak Lawn Avenue,75219,Thu Oct 27 23:50:22 +0000 2016,RT @ATT: Get a sweet deal on the new iPhone 7 when you switch to AT&amp;T and have DIRECTV. https://t.co/JO08KrMKj7 https://t.co/tAcB2wPVFO,neg,-0.2990,directv,general,,Twitter
Dallas2,Corporate retailer,32.8111091,-96.8092962,3329 Oak Lawn Avenue,75219,Thu Oct 27 23:42:36 +0000 2016,"RT @attJOBS: We have all the #interview tips you need in one list! Learn what to do before, during and after your next interview: https://t…",pos,0.7538,general,general,,Twitter
Dallas2,Corporate retailer,32.8111091,-96.8092962,3329 Oak Lawn Avenue,75219,Thu Oct 27 23:28:07 +0000 2016,RT @ATT: Welcome to the team! @taylorswift13 https://t.co/4h86nLYuLo https://t.co/gAHOi7fPrZ,neg,-0.6483,general,general,,Twitter
Dallas2,Corporate retailer,32.8111091,-96.8092962,3329 Oak Lawn Avenue,75219,Thu Oct 27 23:26:03 +0000 2016,"RT @dallascowboys: Won't be at #PHIvsDAL? 
You can watch LIVE using @DIRECTV's Sunday Ticket! 

Sign up here: https://t.co/jeY0kih32V https…",pos,0.2905,directv,general,,Twitter
Dallas2,Corporate retailer,32.8111091,-96.8092962,3329 Oak Lawn Avenue,75219,Thu Oct 27 23:24:22 +0000 2016,RT @ATT: Welcome to the team! @taylorswift13 https://t.co/4h86nLYuLo https://t.co/gAHOi7fPrZ,neg,-0.6483,general,general,,Twitter
Dallas2,Corporate retailer,32.8111091,-96.8092962,3329 Oak Lawn Avenue,75219,Thu Oct 27 23:10:59 +0000 2016,RT @Uverse: #Momaholics unite! The craziness continues in the season premiere of @MomCBS at 9/8c. https://t.co/UMb4myZolA,pos,0.9592,uverse,general,,Twitter
Dallas2,Corporate retailer,32.8111091,-96.8092962,3329 Oak Lawn Avenue,75219,Thu Oct 27 22:59:45 +0000 2016,"RT @DecksInThePark: Get to Klyde Warren Park tonight for the Decks in the Park - Halloween Edition, Powered by @ATT The fun all starts at 6…",neg,-0.6584,general,general,,Twitter
Dallas2,Corporate retailer,32.8111091,-96.8092962,3329 Oak Lawn Avenue,75219,Thu Oct 27 22:59:26 +0000 2016,"RT @dallascowboys: Won't be at #PHIvsDAL? 
You can watch LIVE using @DIRECTV's Sunday Ticket! 

Sign up here: https://t.co/jeY0kih32V https…",pos,0.2905,directv,general,,Twitter
Dallas2,Corporate retailer,32.8111091,-96.8092962,3329 Oak Lawn Avenue,75219,Thu Oct 27 22:52:04 +0000 2016,"RT @attJOBS: We have all the #interview tips you need in one list! Learn what to do before, during and after your next interview: https://t…",pos,0.7538,general,general,,Twitter
Dallas2,Corporate retailer,32.8111091,-96.8092962,3329 Oak Lawn Avenue,75219,Thu Oct 27 22:50:25 +0000 2016,RT @DBJShinneman: Analysts saying margins could be as thin as $1 or $2 for DirecTV Now https://t.co/HdOEEzVjgp @DallasBizNews $T,pos,0.8446,directv,general,,Twitter
Dallas2,Corporate retailer,32.8111091,-96.8092962,3329 Oak Lawn Avenue,75219,Thu Oct 27 22:49:58 +0000 2016,RT @ATT: Welcome to the team! @taylorswift13 https://t.co/4h86nLYuLo https://t.co/gAHOi7fPrZ,neg,-0.6483,general,general,,Twitter
Dallas2,Corporate retailer,32.8111091,-96.8092962,3329 Oak Lawn Avenue,75219,Thu Oct 27 22:49:24 +0000 2016,"RT @dallascowboys: Won't be at #PHIvsDAL? 
You can watch LIVE using @DIRECTV's Sunday Ticket! 

Sign up here: https://t.co/jeY0kih32V https…",pos,0.2905,directv,general,,Twitter
Dallas2,Corporate retailer,32.8111091,-96.8092962,3329 Oak Lawn Avenue,75219,Thu Oct 27 22:49:22 +0000 2016,RT @attJOBS: We’re lucky to have a lot of #WomenWhoInspire us at AT&amp;T. Meet a few of them: https://t.co/8juFZJTY20 https://t.co/H6mCC5fGEj,pos,0.1383,general,general,,Twitter
Dallas2,Corporate retailer,32.8111091,-96.8092962,3329 Oak Lawn Avenue,75219,Thu Oct 27 22:49:10 +0000 2016,"RT @dallascowboys: Won't be at #PHIvsDAL? 
You can watch LIVE using @DIRECTV's Sunday Ticket! 

Sign up here: https://t.co/jeY0kih32V https…",pos,0.2905,directv,general,,Twitter
Dallas2,Corporate retailer,32.8111091,-96.8092962,3329 Oak Lawn Avenue,75219,Thu Oct 27 22:47:51 +0000 2016,"RT @dallascowboys: Won't be at #PHIvsDAL? 
You can watch LIVE using @DIRECTV's Sunday Ticket! 

Sign up here: https://t.co/jeY0kih32V https…",pos,0.2905,directv,general,,Twitter
Dallas2,Corporate retailer,32.8111091,-96.8092962,3329 Oak Lawn Avenue,75219,Thu Oct 27 22:40:48 +0000 2016,"RT @dallascowboys: Won't be at #PHIvsDAL? 
You can watch LIVE using @DIRECTV's Sunday Ticket! 

Sign up here: https://t.co/jeY0kih32V https…",pos,0.2905,directv,general,,Twitter
Dallas2,Corporate retailer,32.8111091,-96.8092962,3329 Oak Lawn Avenue,75219,Thu Oct 27 22:38:48 +0000 2016,"RT @dallascowboys: Won't be at #PHIvsDAL? 
You can watch LIVE using @DIRECTV's Sunday Ticket! 

Sign up here: https://t.co/jeY0kih32V https…",pos,0.2905,directv,general,,Twitter
Dallas2,Corporate retailer,32.8111091,-96.8092962,3329 Oak Lawn Avenue,75219,Thu Oct 27 22:37:41 +0000 2016,"RT @dallascowboys: Won't be at #PHIvsDAL? 
You can watch LIVE using @DIRECTV's Sunday Ticket! 

Sign up here: https://t.co/jeY0kih32V https…",pos,0.2905,directv,general,,Twitter
