Dallas6,Corporate retailer,32.8740567,-96.771404,9100 N Central Expressway Suite 105,75231,Sun Oct 23 00:18:00 +0000 2016,RT @ATT: The #futureofvideo is mobile and the #futureofmobile is video. Time Warner + AT&amp;T make it happen! @twxcorp https://t.co/GKx4U9TQYg,neg,-0.6722,general,general,,Twitter
Dallas6,Corporate retailer,32.8740567,-96.771404,9100 N Central Expressway Suite 105,75231,Sun Oct 23 00:17:35 +0000 2016,RT @ATT: The #futureofvideo is mobile and the #futureofmobile is video. Time Warner + AT&amp;T make it happen! @twxcorp https://t.co/GKx4U9TQYg,neg,-0.6722,general,general,,Twitter
Dallas6,Corporate retailer,32.8740567,-96.771404,9100 N Central Expressway Suite 105,75231,Sun Oct 23 00:17:25 +0000 2016,RT @ATT: The #futureofvideo is mobile and the #futureofmobile is video. Time Warner + AT&amp;T make it happen! @twxcorp https://t.co/GKx4U9TQYg,neg,-0.6722,general,general,,Twitter
Dallas6,Corporate retailer,32.8740567,-96.771404,9100 N Central Expressway Suite 105,75231,Sun Oct 23 00:16:59 +0000 2016,RT @ATT: The #futureofvideo is mobile and the #futureofmobile is video. Time Warner + AT&amp;T make it happen! @twxcorp https://t.co/GKx4U9TQYg,neg,-0.6722,general,general,,Twitter
Dallas6,Corporate retailer,32.8740567,-96.771404,9100 N Central Expressway Suite 105,75231,Sun Oct 23 00:16:46 +0000 2016,AT&amp;T to buy Time Warner in media mega-deal WOAH  https://t.co/AjuXvhPzEq,pos,0.2577,general,general,,Twitter
Dallas6,Corporate retailer,32.8740567,-96.771404,9100 N Central Expressway Suite 105,75231,Sun Oct 23 00:16:31 +0000 2016,RT @ATT: The #futureofvideo is mobile and the #futureofmobile is video. Time Warner + AT&amp;T make it happen! @twxcorp https://t.co/GKx4U9TQYg,neg,-0.6722,general,general,,Twitter
Dallas6,Corporate retailer,32.8740567,-96.771404,9100 N Central Expressway Suite 105,75231,Sun Oct 23 00:16:04 +0000 2016,RT @ATT: The #futureofvideo is mobile and the #futureofmobile is video. Time Warner + AT&amp;T make it happen! @twxcorp https://t.co/GKx4U9TQYg,neg,-0.6722,general,general,,Twitter
Dallas6,Corporate retailer,32.8740567,-96.771404,9100 N Central Expressway Suite 105,75231,Sun Oct 23 00:15:51 +0000 2016,RT @ATT: The #futureofvideo is mobile and the #futureofmobile is video. Time Warner + AT&amp;T make it happen! @twxcorp https://t.co/GKx4U9TQYg,neg,-0.6722,general,general,,Twitter
Dallas6,Corporate retailer,32.8740567,-96.771404,9100 N Central Expressway Suite 105,75231,Sun Oct 23 00:15:43 +0000 2016,RT @ATT: The #futureofvideo is mobile and the #futureofmobile is video. Time Warner + AT&amp;T make it happen! @twxcorp https://t.co/GKx4U9TQYg,neg,-0.6722,general,general,,Twitter
Dallas6,Corporate retailer,32.8740567,-96.771404,9100 N Central Expressway Suite 105,75231,Sun Oct 23 00:15:41 +0000 2016,RT @ATT: The #futureofvideo is mobile and the #futureofmobile is video. Time Warner + AT&amp;T make it happen! @twxcorp https://t.co/GKx4U9TQYg,neg,-0.6722,general,general,,Twitter
Dallas6,Corporate retailer,32.8740567,-96.771404,9100 N Central Expressway Suite 105,75231,Sun Oct 23 00:15:34 +0000 2016,RT @ATT: The #futureofvideo is mobile and the #futureofmobile is video. Time Warner + AT&amp;T make it happen! @twxcorp https://t.co/GKx4U9TQYg,neg,-0.6722,general,general,,Twitter
Dallas6,Corporate retailer,32.8740567,-96.771404,9100 N Central Expressway Suite 105,75231,Sun Oct 23 00:15:18 +0000 2016,RT @ATT: The #futureofvideo is mobile and the #futureofmobile is video. Time Warner + AT&amp;T make it happen! @twxcorp https://t.co/GKx4U9TQYg,neg,-0.6722,general,general,,Twitter
Dallas6,Corporate retailer,32.8740567,-96.771404,9100 N Central Expressway Suite 105,75231,Sun Oct 23 00:15:18 +0000 2016,RT @ATT: The #futureofvideo is mobile and the #futureofmobile is video. Time Warner + AT&amp;T make it happen! @twxcorp https://t.co/GKx4U9TQYg,neg,-0.6722,general,general,,Twitter
Dallas6,Corporate retailer,32.8740567,-96.771404,9100 N Central Expressway Suite 105,75231,Sun Oct 23 00:15:09 +0000 2016,RT @ATT: The #futureofvideo is mobile and the #futureofmobile is video. Time Warner + AT&amp;T make it happen! @twxcorp https://t.co/GKx4U9TQYg,neg,-0.6722,general,general,,Twitter
Dallas6,Corporate retailer,32.8740567,-96.771404,9100 N Central Expressway Suite 105,75231,Sun Oct 23 00:15:04 +0000 2016,RT @ATT: The #futureofvideo is mobile and the #futureofmobile is video. Time Warner + AT&amp;T make it happen! @twxcorp https://t.co/GKx4U9TQYg,neg,-0.6722,general,general,,Twitter
Dallas6,Corporate retailer,32.8740567,-96.771404,9100 N Central Expressway Suite 105,75231,Sun Oct 23 00:14:43 +0000 2016,The #futureofvideo is mobile and the #futureofmobile is video. Time Warner + AT&amp;T make it happen! @twxcorp https://t.co/GKx4U9TQYg,neg,-0.0099,general,general,,Twitter
Dallas6,Corporate retailer,32.8740567,-96.771404,9100 N Central Expressway Suite 105,75231,Sun Oct 23 00:11:33 +0000 2016,AT&amp;T buys Time Warner for $85 billion https://t.co/RFdmMHP8Gy,neg,-0.0303,general,general,,Twitter
Dallas6,Corporate retailer,32.8740567,-96.771404,9100 N Central Expressway Suite 105,75231,Sun Oct 23 00:11:24 +0000 2016,"""Regulatory Microscope Lies Ahead for AT&amp;T and Time Warner"" by LESLIE PICKER and CECILIA KANG via NYT The New York… https://t.co/71LBlPLeSl",pos,0.6062,general,general,,Twitter
Dallas6,Corporate retailer,32.8740567,-96.771404,9100 N Central Expressway Suite 105,75231,Sun Oct 23 00:06:38 +0000 2016,"RT @DMNBiz: New media agency @Hearts_Science lands @ATT, opens shop in Dallas and plans to employ 100 people https://t.co/DFRmKVwrSP @mitch…",pos,0.3322,general,general,,Twitter
Dallas6,Corporate retailer,32.8740567,-96.771404,9100 N Central Expressway Suite 105,75231,Sun Oct 23 00:05:47 +0000 2016,"New media agency @Hearts_Science lands @ATT, opens shop in Dallas and plans to employ 100 people… https://t.co/YLnZeoEjzL",pos,0.2705,general,general,,Twitter
Dallas6,Corporate retailer,32.8740567,-96.771404,9100 N Central Expressway Suite 105,75231,Sun Oct 23 00:05:04 +0000 2016,Confirmed: AT&amp;T is buying Time Warner for $85.4B in cash and shares https://t.co/xBspqZpbXD,pos,0.4289,general,general,,Twitter
Dallas6,Corporate retailer,32.8740567,-96.771404,9100 N Central Expressway Suite 105,75231,Sun Oct 23 00:04:10 +0000 2016,RT @DomTalksTalent: Wait for it..... https://t.co/wQPsQ0wp14,neg,-0.2351,general,general,,Twitter
Dallas6,Corporate retailer,32.8740567,-96.771404,9100 N Central Expressway Suite 105,75231,Sun Oct 23 00:04:01 +0000 2016,"AT&amp;T to buy Time Warner for $85.4 billion - After no small amount of anticipation, it's official: AT&amp;amp;T has ... https://t.co/i5hkoffgXi",pos,0.0463,general,general,,Twitter
Dallas6,Corporate retailer,32.8740567,-96.771404,9100 N Central Expressway Suite 105,75231,Sun Oct 23 00:02:50 +0000 2016,Dallas Business News Donald Trump says he would block AT&amp;T-Time Warner merger if elected https://t.co/LytPLpRcEE,neg,-0.6336,general,general,,Twitter
Dallas6,Corporate retailer,32.8740567,-96.771404,9100 N Central Expressway Suite 105,75231,Sun Oct 23 00:01:04 +0000 2016,RT @ATT: Welcome to the team! @taylorswift13 https://t.co/4h86nLYuLo https://t.co/gAHOi7fPrZ,neg,-0.6483,general,general,,Twitter
Dallas6,Corporate retailer,32.8740567,-96.771404,9100 N Central Expressway Suite 105,75231,Sat Oct 22 23:55:51 +0000 2016,RT @ATT: Welcome to the team! @taylorswift13 https://t.co/4h86nLYuLo https://t.co/gAHOi7fPrZ,neg,-0.6483,general,general,,Twitter
Dallas6,Corporate retailer,32.8740567,-96.771404,9100 N Central Expressway Suite 105,75231,Sat Oct 22 23:54:47 +0000 2016,AT&amp;T clinches deal for Time Warner in the latest massive media merger https://t.co/fuAHe4X7E0,pos,0.5150,general,general,,Twitter
Dallas6,Corporate retailer,32.8740567,-96.771404,9100 N Central Expressway Suite 105,75231,Sat Oct 22 23:51:53 +0000 2016,ATT to buy time warner for more than $80 billion - https://t.co/LQXVJQOC6x via @WSJ,neg,-0.3513,general,general,,Twitter
Dallas6,Corporate retailer,32.8740567,-96.771404,9100 N Central Expressway Suite 105,75231,Sat Oct 22 23:50:52 +0000 2016,"The Streaming TV Game just got real #ATT #atttimewarner 
https://t.co/Yg84Ly4sly",neg,-0.7077,general,general,,Twitter
Dallas6,Corporate retailer,32.8740567,-96.771404,9100 N Central Expressway Suite 105,75231,Sat Oct 22 23:50:50 +0000 2016,RT @ATT: Who made you a college 🏈 fan? Share with #MadeMeAFanContest for a chance to win. Rules https://t.co/hU3I3wFn5V https://t.co/xZbxUJ…,neg,-0.2751,general,general,,Twitter
Dallas6,Corporate retailer,32.8740567,-96.771404,9100 N Central Expressway Suite 105,75231,Sat Oct 22 23:50:22 +0000 2016,RT @tweetdal: WSJ: AT&amp;T Reaches Deal To Purchase Time Warner For $80 Billion https://t.co/uMRJOUduRM #DFW,pos,0.1531,general,general,,Twitter
Dallas6,Corporate retailer,32.8740567,-96.771404,9100 N Central Expressway Suite 105,75231,Sat Oct 22 23:48:59 +0000 2016,"If @ATT acquires @cnn, I am likely cancelling all of my personal and business accounts. #atttimewarner",neg,-0.8327,general,general,,Twitter
Dallas6,Corporate retailer,32.8740567,-96.771404,9100 N Central Expressway Suite 105,75231,Sat Oct 22 23:46:52 +0000 2016,"RT @attJOBS: When you start at AT&amp;T, the possibilities are endless! Explore your options: https://t.co/mrhpKx06eW #LifeAtATT https://t.co/4…",neg,-0.3315,general,general,,Twitter
Dallas6,Corporate retailer,32.8740567,-96.771404,9100 N Central Expressway Suite 105,75231,Sat Oct 22 23:46:13 +0000 2016,@nytimes @DBL_L_01 Because that DirecTV deal is working out so well for them,pos,0.2815,directv,general,,Twitter
Dallas6,Corporate retailer,32.8740567,-96.771404,9100 N Central Expressway Suite 105,75231,Sat Oct 22 23:41:08 +0000 2016,Dallas based AT&amp;T reaches deal to buy Time Warner for more than $80 Billion https://t.co/5nmDOeRuGz,pos,0.0776,general,general,,Twitter
Dallas6,Corporate retailer,32.8740567,-96.771404,9100 N Central Expressway Suite 105,75231,Sat Oct 22 23:38:40 +0000 2016,"#Dallas #Jobs (USA-TX-Dallas) Senior Tech Project Mgmt: -[if gte mso 9]&gt;[endif]-&gt;

*DirecTV Job Title(s)**-... https://t.co/T3YTK0kmjw",pos,0.0138,directv,general,,Twitter
Dallas6,Corporate retailer,32.8740567,-96.771404,9100 N Central Expressway Suite 105,75231,Sat Oct 22 23:38:37 +0000 2016,"#Job #Dallas (USA-TX-Dallas) Senior Tech Project Mgmt: -[if gte mso 9]&gt;[endif]-&gt;

*DirecTV Job Title(s)**-*... https://t.co/DWfCEIOtqq",neg,-0.0462,directv,general,,Twitter
Dallas6,Corporate retailer,32.8740567,-96.771404,9100 N Central Expressway Suite 105,75231,Sat Oct 22 23:35:16 +0000 2016,Wait for it..... https://t.co/wQPsQ0wp14,neg,-0.2351,general,general,,Twitter
Dallas6,Corporate retailer,32.8740567,-96.771404,9100 N Central Expressway Suite 105,75231,Sat Oct 22 23:35:01 +0000 2016,@ATT WHY DO I HAVE NO SERVICE IN MY APARTMENT!!! https://t.co/dPyPTDRcGr,neg,-0.6821,general,general,,Twitter
