Dallas7,Corporate retailer,32.8957338,-96.8079243,5959 Royal Lane,75230,Thu Oct 27 17:54:34 +0000 2016,Life at Att #SmallBizFam #centralcrush #ntxstampede #heebyjeebyjiveon5 https://t.co/qQXEUr70Qr,neg,-0.5450,general,general,,Twitter
Dallas7,Corporate retailer,32.8957338,-96.8079243,5959 Royal Lane,75230,Thu Oct 27 17:42:25 +0000 2016,"@Lynna_Lai We'd love to have you join the AT&amp;T family, Lynna! DM us and we can get you set up.",pos,0.3280,general,general,,Twitter
Dallas7,Corporate retailer,32.8957338,-96.8079243,5959 Royal Lane,75230,Thu Oct 27 17:40:30 +0000 2016,New devices &amp; solutions - widespread collaboration &amp; mobility through the cloud  https://t.co/nrmXqjKfQV #mobile #attemployee,pos,0.6319,general,general,,Twitter
Dallas7,Corporate retailer,32.8957338,-96.8079243,5959 Royal Lane,75230,Thu Oct 27 17:40:24 +0000 2016,"Q. If we knew about #ATT's #Hemisphere in 2013, why is @kennethlipp's 10/25/2016 story a big deal? A. New docs re:… https://t.co/3vt9gZItpw",neg,-0.8041,general,general,,Twitter
Dallas7,Corporate retailer,32.8957338,-96.8079243,5959 Royal Lane,75230,Thu Oct 27 17:31:26 +0000 2016,"RT @DBJHoopfer: Sneak peek of the brand new Trinity Forest Golf Club, future host of AT&amp;T Byron Nelson (Video) https://t.co/slwxhkjktv via…",neg,-0.4665,general,general,,Twitter
Dallas7,Corporate retailer,32.8957338,-96.8079243,5959 Royal Lane,75230,Thu Oct 27 17:28:00 +0000 2016,"RT @golfjeanne: https://t.co/1PXxDok9kK

Good news is coming from every direction this fall!  #trinityforest",pos,0.1508,general,general,,Twitter
Dallas7,Corporate retailer,32.8957338,-96.8079243,5959 Royal Lane,75230,Thu Oct 27 17:26:10 +0000 2016,"https://t.co/1PXxDok9kK

Good news is coming from every direction this fall!  #trinityforest",pos,0.1508,general,general,,Twitter
Dallas7,Corporate retailer,32.8957338,-96.8079243,5959 Royal Lane,75230,Thu Oct 27 17:03:51 +0000 2016,Tech allows mentors to have an impact on a student's life no matter where they are https://t.co/CL4JG7kxGE via… https://t.co/lPojXXpe0k,pos,0.6088,general,general,,Twitter
Dallas7,Corporate retailer,32.8957338,-96.8079243,5959 Royal Lane,75230,Thu Oct 27 16:56:23 +0000 2016,RT @ATT: Get a sweet deal on the new iPhone 7 when you switch to AT&amp;T and have DIRECTV. https://t.co/JO08KrMKj7 https://t.co/tAcB2wPVFO,neg,-0.2990,directv,general,,Twitter
Dallas7,Corporate retailer,32.8957338,-96.8079243,5959 Royal Lane,75230,Thu Oct 27 16:47:53 +0000 2016,@NDSUbroadcast @bisontailgating @DIRECTV Spectrum?,pos,0.2500,directv,general,,Twitter
Dallas7,Corporate retailer,32.8957338,-96.8079243,5959 Royal Lane,75230,Thu Oct 27 16:39:53 +0000 2016,"""The #FCC approved new #privacy rules Thurs that may be bad news for #ATT..."" #TimeWarner #Hemisphere #bitcoin #data https://t.co/ZrbaP3Zcrf",neg,-0.6439,general,general,,Twitter
