Dallas2,Corporate retailer,32.8111091,-96.8092962,3329 Oak Lawn Avenue,75219,Thu Oct 27 02:30:16 +0000 2016,"TIX🏈https://t.co/MGIo5onpzM🏈4️⃣- PARKING, PHILADELPHIA EAGLES VS DALLAS #Cowboys, @ ATT STADIUM, 10/30 /2016 https://t.co/8EFnT3Ta1E",neg,-0.7672,general,general,,Twitter
Dallas2,Corporate retailer,32.8111091,-96.8092962,3329 Oak Lawn Avenue,75219,Thu Oct 27 02:14:58 +0000 2016,@ATTCares Any idea how long? Have to go outside to use the phones. Ridiculous. Been like that for days.,neg,-0.7984,general,general,,Twitter
Dallas2,Corporate retailer,32.8111091,-96.8092962,3329 Oak Lawn Avenue,75219,Thu Oct 27 02:11:18 +0000 2016,AT&amp;T's Commitment to Disability Employment@ConnectToGood 2016-10-25-ATT-Inclusion-in-Disability-Employment https://t.co/sMc9OzE1ww,pos,0.0500,general,general,,Twitter
Dallas2,Corporate retailer,32.8111091,-96.8092962,3329 Oak Lawn Avenue,75219,Thu Oct 27 02:05:27 +0000 2016,The code names and secret meetings that got the #ATTTimeWarner deal done https://t.co/fOeive0ZXV | @Melissa_Repko https://t.co/KB584nBTlj,neg,-0.1361,general,general,,Twitter
Dallas2,Corporate retailer,32.8111091,-96.8092962,3329 Oak Lawn Avenue,75219,Thu Oct 27 02:00:11 +0000 2016,RT @ATTBusinessCare: Take a look at our tutorial to learn how to cancel an AT&amp;T Workforce Manager order at  https://t.co/mm5DGoRC18 https:/…,pos,0.3013,general,general,,Twitter
Dallas2,Corporate retailer,32.8111091,-96.8092962,3329 Oak Lawn Avenue,75219,Thu Oct 27 02:00:01 +0000 2016,Take a look at our tutorial to learn how to cancel an AT&amp;T Workforce Manager order at  https://t.co/mm5DGoRC18 https://t.co/5aoDpivMzw,pos,0.3013,general,general,,Twitter
Dallas2,Corporate retailer,32.8111091,-96.8092962,3329 Oak Lawn Avenue,75219,Thu Oct 27 01:58:17 +0000 2016,"TIX🏈https://t.co/MGIo5onpzM🏈3️⃣- PARKING, PHILADELPHIA EAGLES VS DALLAS #Cowboys, @ ATT STADIUM, 10/30 /2016 https://t.co/8EFnT3Ta1E",neg,-0.7672,general,general,,Twitter
Dallas2,Corporate retailer,32.8111091,-96.8092962,3329 Oak Lawn Avenue,75219,Thu Oct 27 01:46:05 +0000 2016,RT @DFWSmallBiz: #ATT and Time Warner still need a green light from the government https://t.co/SpQc64wTdG #DFW #Tech,neg,-0.3735,general,general,,Twitter
Dallas2,Corporate retailer,32.8111091,-96.8092962,3329 Oak Lawn Avenue,75219,Thu Oct 27 01:40:12 +0000 2016,RT @ATTBusiness: We're navigating the known threat landscape to help protect your org. See more in our new cybersecurity report: https://t.…,pos,0.9918,general,general,,Twitter
Dallas2,Corporate retailer,32.8111091,-96.8092962,3329 Oak Lawn Avenue,75219,Thu Oct 27 01:33:23 +0000 2016,RT @ATT: Get a sweet deal on the new iPhone 7 when you switch to AT&amp;T and have DIRECTV. https://t.co/JO08KrMKj7 https://t.co/tAcB2wPVFO,neg,-0.2990,directv,general,,Twitter
Dallas2,Corporate retailer,32.8111091,-96.8092962,3329 Oak Lawn Avenue,75219,Thu Oct 27 01:29:40 +0000 2016,RT @attJOBS: We’re lucky to have a lot of #WomenWhoInspire us at AT&amp;T. Meet a few of them: https://t.co/8juFZJTY20 https://t.co/H6mCC5fGEj,pos,0.1383,general,general,,Twitter
