Dallas5,Corporate retailer,32.8342578,-96.7045404,1152 North Buckner Blvd,75218,Fri Oct 28 14:10:10 +0000 2016,"On the blog today: The advantage of a @ATT Go Phone! See how you can WIN one.
https://t.co/JVCj3nA75H
#ATTGoPhone #ad",neg,-0.2412,general,general,,Twitter
Dallas5,Corporate retailer,32.8342578,-96.7045404,1152 North Buckner Blvd,75218,Fri Oct 28 13:52:04 +0000 2016,RT @ATT: Welcome to the team! @taylorswift13 https://t.co/4h86nLYuLo https://t.co/gAHOi7fPrZ,neg,-0.6483,general,general,,Twitter
Dallas5,Corporate retailer,32.8342578,-96.7045404,1152 North Buckner Blvd,75218,Fri Oct 28 13:40:56 +0000 2016,RT @attJOBS: Being true to who you are is what makes you amazing. #LGBTHistoryMonth https://t.co/75LhrHJp4m https://t.co/edacto21vN,pos,0.6016,general,general,,Twitter
Dallas5,Corporate retailer,32.8342578,-96.7045404,1152 North Buckner Blvd,75218,Fri Oct 28 13:39:58 +0000 2016,RT @ATT: Welcome to the team! @taylorswift13 https://t.co/4h86nLYuLo https://t.co/gAHOi7fPrZ,neg,-0.6483,general,general,,Twitter
Dallas5,Corporate retailer,32.8342578,-96.7045404,1152 North Buckner Blvd,75218,Fri Oct 28 13:33:44 +0000 2016,HA this guy had one of those @ATT stop texting &amp; driving bumper stickers but was holding up traffic because he was texting &amp; driving HA,neg,-0.6577,general,general,,Twitter
Dallas5,Corporate retailer,32.8342578,-96.7045404,1152 North Buckner Blvd,75218,Fri Oct 28 13:31:04 +0000 2016,Move to cloud has created collaboration possibilities unthinkable 20 years ago https://t.co/nrmXqjKfQV #greatcollaborate #attemployee,pos,0.2508,general,general,,Twitter
Dallas5,Corporate retailer,32.8342578,-96.7045404,1152 North Buckner Blvd,75218,Fri Oct 28 13:19:06 +0000 2016,"DallasBizNews: Sneak peek of the brand new Trinity Forest Golf Club, future host of the Byron Nelson: https://t.co/tiLGGIRHK2",neg,-0.2851,general,general,,Twitter
Dallas5,Corporate retailer,32.8342578,-96.7045404,1152 North Buckner Blvd,75218,Fri Oct 28 13:15:02 +0000 2016,"Sneak peek of the brand new Trinity Forest Golf Club, future host of the Byron Nelson: https://t.co/F6LZE1tEK6",neg,-0.2851,general,general,,Twitter
Dallas5,Corporate retailer,32.8342578,-96.7045404,1152 North Buckner Blvd,75218,Fri Oct 28 13:12:07 +0000 2016,RT @JimMitchell18: AT&amp;T CEO Randall Stephenson issues a bold challenge to confront racial tensions @DMNOpinion  @ATT https://t.co/Hcz6KCPMSu,pos,0.8078,general,general,,Twitter
Dallas5,Corporate retailer,32.8342578,-96.7045404,1152 North Buckner Blvd,75218,Fri Oct 28 13:11:01 +0000 2016,RT @ATT: Get a sweet deal on the new iPhone 7 when you switch to AT&amp;T and have DIRECTV. https://t.co/JO08KrMKj7 https://t.co/tAcB2wPVFO,neg,-0.2990,directv,general,,Twitter
Dallas5,Corporate retailer,32.8342578,-96.7045404,1152 North Buckner Blvd,75218,Fri Oct 28 13:10:01 +0000 2016,Being true to who you are is what makes you amazing. #LGBTHistoryMonth https://t.co/75LhrHJp4m https://t.co/edacto21vN,pos,0.6016,general,general,,Twitter
