Dallas8,Corporate retailer,32.913273,-96.958064,7800 N. Macarthur Boulevard Suite 150,75063,Mon Oct 24 03:52:38 +0000 2016,RT @ATT: Who made you a college 🏈 fan? Share with #MadeMeAFanContest for a chance to win. Rules https://t.co/hU3I3wFn5V https://t.co/xZbxUJ…,neg,-0.2751,general,general,,Twitter
Dallas8,Corporate retailer,32.913273,-96.958064,7800 N. Macarthur Boulevard Suite 150,75063,Mon Oct 24 03:51:51 +0000 2016,"RT @dallasnews: Trump gets litigious, AT&amp;T gets bigger, @TomiLahren wins bigly: Your weekend news digest https://t.co/tjOy7OJCri https://t.…",neg,-0.7070,general,general,,Twitter
Dallas8,Corporate retailer,32.913273,-96.958064,7800 N. Macarthur Boulevard Suite 150,75063,Mon Oct 24 03:51:06 +0000 2016,"RT @Paul_O_Williams: AT&amp;T, Time Warner Team Up To Fight For The Future Of TV https://t.co/pMeNsiaYKa #TimeWarner #ATT",neg,-0.6481,general,general,,Twitter
Dallas8,Corporate retailer,32.913273,-96.958064,7800 N. Macarthur Boulevard Suite 150,75063,Mon Oct 24 03:48:26 +0000 2016,"RT @Paul_O_Williams: AT&amp;T, Time Warner Team Up To Fight For The Future Of TV https://t.co/pMeNsiaYKa #TimeWarner #ATT",neg,-0.6481,general,general,,Twitter
Dallas8,Corporate retailer,32.913273,-96.958064,7800 N. Macarthur Boulevard Suite 150,75063,Mon Oct 24 03:37:53 +0000 2016,"RT @Paul_O_Williams: AT&amp;T, Time Warner Team Up To Fight For The Future Of TV https://t.co/pMeNsiaYKa #TimeWarner #ATT",neg,-0.6481,general,general,,Twitter
Dallas8,Corporate retailer,32.913273,-96.958064,7800 N. Macarthur Boulevard Suite 150,75063,Mon Oct 24 03:33:11 +0000 2016,RT @ATT: Get a sweet deal on the new iPhone 7 when you switch to AT&amp;T and have DIRECTV. https://t.co/TQVeUkmeZ6 https://t.co/zfZmNpe8AP,neg,-0.2990,directv,general,,Twitter
Dallas8,Corporate retailer,32.913273,-96.958064,7800 N. Macarthur Boulevard Suite 150,75063,Mon Oct 24 03:27:37 +0000 2016,RT @ATT: Welcome to the team! @taylorswift13 https://t.co/4h86nLYuLo https://t.co/gAHOi7fPrZ,neg,-0.6483,general,general,,Twitter
Dallas8,Corporate retailer,32.913273,-96.958064,7800 N. Macarthur Boulevard Suite 150,75063,Mon Oct 24 03:25:23 +0000 2016,@JGFoundSuccess lol I apologize at&amp;t uverse doesn't offer more sophistication for your tastes.,neg,-0.7783,uverse,general,,Twitter
Dallas8,Corporate retailer,32.913273,-96.958064,7800 N. Macarthur Boulevard Suite 150,75063,Mon Oct 24 03:25:06 +0000 2016,"AT&amp;T, Time Warner Team Up To Fight For The Future Of TV https://t.co/pMeNsiaYKa #TimeWarner #ATT",neg,-0.6481,general,general,,Twitter
Dallas8,Corporate retailer,32.913273,-96.958064,7800 N. Macarthur Boulevard Suite 150,75063,Mon Oct 24 03:08:50 +0000 2016,"RT @dallasnews: Trump gets litigious, AT&amp;T gets bigger, @TomiLahren wins bigly: Your weekend news digest https://t.co/tjOy7OJCri https://t.…",neg,-0.7070,general,general,,Twitter
Dallas8,Corporate retailer,32.913273,-96.958064,7800 N. Macarthur Boulevard Suite 150,75063,Mon Oct 24 03:04:15 +0000 2016,"RT @dallasnews: Trump gets litigious, AT&amp;T gets bigger, @TomiLahren wins bigly: Your weekend news digest https://t.co/tjOy7OJCri https://t.…",neg,-0.7070,general,general,,Twitter
Dallas8,Corporate retailer,32.913273,-96.958064,7800 N. Macarthur Boulevard Suite 150,75063,Mon Oct 24 02:54:28 +0000 2016,"@jayrosen_nyu Bought DirecTV. Content costs a lot of $. Time Warner has great content: CNN, HBO, TBS. It's that simple.",pos,0.5012,directv,general,,Twitter
