Dallas16,Authorized retailer,32.865482,-96.805688,5960 W Northwest Hwy,75225,Thu Oct 27 21:24:47 +0000 2016,@ATTCares done,pos,0.1190,general,general,,Twitter
Dallas16,Authorized retailer,32.865482,-96.805688,5960 W Northwest Hwy,75225,Thu Oct 27 21:21:11 +0000 2016,"RT @dallasnews: Sorry, @ATT, FCC ruling may put an end to creepy, targeted advertising plans https://t.co/LCXbQwV4we | @agarre https://t.co…",pos,0.1353,general,general,,Twitter
Dallas16,Authorized retailer,32.865482,-96.805688,5960 W Northwest Hwy,75225,Thu Oct 27 21:16:44 +0000 2016,"RT @dallasnews: Sorry, @ATT, FCC ruling may put an end to creepy, targeted advertising plans https://t.co/LCXbQwV4we | @agarre https://t.co…",pos,0.1353,general,general,,Twitter
Dallas16,Authorized retailer,32.865482,-96.805688,5960 W Northwest Hwy,75225,Thu Oct 27 21:15:51 +0000 2016,"RT @dallasnews: Sorry, @ATT, FCC ruling may put an end to creepy, targeted advertising plans https://t.co/LCXbQwV4we | @agarre https://t.co…",pos,0.1353,general,general,,Twitter
Dallas16,Authorized retailer,32.865482,-96.805688,5960 W Northwest Hwy,75225,Thu Oct 27 21:15:33 +0000 2016,"Sorry, @ATT, FCC ruling may put an end to creepy, targeted advertising plans https://t.co/LCXbQwV4we | @agarre https://t.co/L2eLRqbh0g",pos,0.1353,general,general,,Twitter
Dallas16,Authorized retailer,32.865482,-96.805688,5960 W Northwest Hwy,75225,Thu Oct 27 21:08:12 +0000 2016,"RT @DBJHoopfer: Sneak peek of the brand new Trinity Forest Golf Club, future host of AT&amp;T Byron Nelson (Video) https://t.co/slwxhkjktv via…",neg,-0.4665,general,general,,Twitter
Dallas16,Authorized retailer,32.865482,-96.805688,5960 W Northwest Hwy,75225,Thu Oct 27 21:06:28 +0000 2016,@ATTCares it doesn't help. Tried this with tech support Tuesday and today.,neg,-0.1731,general,general,,Twitter
Dallas16,Authorized retailer,32.865482,-96.805688,5960 W Northwest Hwy,75225,Thu Oct 27 21:04:00 +0000 2016,Did you miss us at #WE16 today? Not to worry – you can check out our technology development programs online: https://t.co/yirOgcrIuj,pos,0.9268,general,general,,Twitter
Dallas16,Authorized retailer,32.865482,-96.805688,5960 W Northwest Hwy,75225,Thu Oct 27 21:02:25 +0000 2016,"@ATTCares but today, tech support says there was an issue in my building and an tech needs to come out and fix it",pos,0.5143,general,general,,Twitter
Dallas16,Authorized retailer,32.865482,-96.805688,5960 W Northwest Hwy,75225,Thu Oct 27 21:02:00 +0000 2016,@ATTCares finally getting tech to come out tomorrow. Techs were in my apt building Tuesday but blew me off &amp; said knew nothing about issue.,pos,0.4172,general,general,,Twitter
Dallas16,Authorized retailer,32.865482,-96.805688,5960 W Northwest Hwy,75225,Thu Oct 27 21:01:04 +0000 2016,"@ATTCares I asked for a tech to come out Tuesday but they swore it was the modem; it wasn't. Promised next day delivery, it wasn't",neg,-0.3169,general,general,,Twitter
Dallas16,Authorized retailer,32.865482,-96.805688,5960 W Northwest Hwy,75225,Thu Oct 27 21:00:05 +0000 2016,Our IoT Starter Kit is more than just a developer data plan. Get the tools to design and launch an #IoT device now:… https://t.co/zhnOv3cJ6P,pos,0.6174,general,general,,Twitter
Dallas16,Authorized retailer,32.865482,-96.805688,5960 W Northwest Hwy,75225,Thu Oct 27 21:00:02 +0000 2016,#Momaholics unite! The craziness continues in the season premiere of @MomCBS at 9/8c. https://t.co/UMb4myZolA,pos,0.9592,general,general,,Twitter
Dallas16,Authorized retailer,32.865482,-96.805688,5960 W Northwest Hwy,75225,Thu Oct 27 20:56:57 +0000 2016,@ATTCares 2 modems with no service,pos,0.0258,general,general,,Twitter
Dallas16,Authorized retailer,32.865482,-96.805688,5960 W Northwest Hwy,75225,Thu Oct 27 20:56:31 +0000 2016,"@lpranna04 Hi Lisa, we don't like to hear that. Can you DM us your account/contact info and more details? We'd like to take a look for you.",pos,0.5297,general,general,,Twitter
Dallas16,Authorized retailer,32.865482,-96.805688,5960 W Northwest Hwy,75225,Thu Oct 27 20:49:42 +0000 2016,RT @ATT: Get a sweet deal on the new iPhone 7 when you switch to AT&amp;T and have DIRECTV. https://t.co/JO08KrMKj7 https://t.co/tAcB2wPVFO,neg,-0.2990,directv,general,,Twitter
Dallas16,Authorized retailer,32.865482,-96.805688,5960 W Northwest Hwy,75225,Thu Oct 27 20:48:35 +0000 2016,.@ATTCares https://t.co/OnYPz3Ghii,pos,0.0000,general,general,,Twitter
Dallas16,Authorized retailer,32.865482,-96.805688,5960 W Northwest Hwy,75225,Thu Oct 27 20:48:07 +0000 2016,.@Uverse your tech support service Tuesday &amp; today has been lackluster. Will definitely be looking at all options of cancelling service.,neg,-0.5050,uverse,general,,Twitter
Dallas16,Authorized retailer,32.865482,-96.805688,5960 W Northwest Hwy,75225,Thu Oct 27 20:42:10 +0000 2016,Getting a little #InspiredMobility on Social Media Sunday | AT&amp;T https://t.co/PHxRgkb8Tm https://t.co/ZFBUQlt9Hl,pos,0.6047,general,general,,Twitter
Dallas16,Authorized retailer,32.865482,-96.805688,5960 W Northwest Hwy,75225,Thu Oct 27 20:34:26 +0000 2016,"RT @attJOBS: We have all the #interview tips you need in one list! Learn what to do before, during and after your next interview: https://t…",pos,0.7538,general,general,,Twitter
Dallas16,Authorized retailer,32.865482,-96.805688,5960 W Northwest Hwy,75225,Thu Oct 27 20:30:06 +0000 2016,RT @ATT: Welcome to the team! @taylorswift13 https://t.co/4h86nLYuLo https://t.co/gAHOi7fPrZ,neg,-0.6483,general,general,,Twitter
Dallas16,Authorized retailer,32.865482,-96.805688,5960 W Northwest Hwy,75225,Thu Oct 27 20:29:16 +0000 2016,Sanders: ‘We must do everything possible’ to press Clinton on AT&amp;T-Time Warner https://t.co/nwyEr8yVNm,pos,0.0004,general,general,,Twitter
Dallas16,Authorized retailer,32.865482,-96.805688,5960 W Northwest Hwy,75225,Thu Oct 27 20:27:00 +0000 2016,RT @ATT: Welcome to the team! @taylorswift13 https://t.co/4h86nLYuLo https://t.co/gAHOi7fPrZ,neg,-0.6483,general,general,,Twitter
Dallas16,Authorized retailer,32.865482,-96.805688,5960 W Northwest Hwy,75225,Thu Oct 27 20:18:58 +0000 2016,RT @ATTBusiness: We're navigating the known threat landscape to help protect your org. See more in our new cybersecurity report: https://t.…,pos,0.9918,general,general,,Twitter
Dallas16,Authorized retailer,32.865482,-96.805688,5960 W Northwest Hwy,75225,Thu Oct 27 20:12:53 +0000 2016,Sharing our latest data-driven report on common #cybersecurity threats. Folks are saying it's our best yet...I'll le…https://t.co/7ADqKg1XeZ,pos,0.2381,general,general,,Twitter
Dallas16,Authorized retailer,32.865482,-96.805688,5960 W Northwest Hwy,75225,Thu Oct 27 20:07:17 +0000 2016,"Just wanted to let you know @ATTCares, I hope to switch to another provider ASAP bc of this. https://t.co/x7rUpdhaEb",neg,-0.1648,general,general,,Twitter
Dallas16,Authorized retailer,32.865482,-96.805688,5960 W Northwest Hwy,75225,Thu Oct 27 20:05:59 +0000 2016,RT @attJOBS: We’re lucky to have a lot of #WomenWhoInspire us at AT&amp;T. Meet a few of them: https://t.co/8juFZJTY20 https://t.co/H6mCC5fGEj,pos,0.1383,general,general,,Twitter
Dallas16,Authorized retailer,32.865482,-96.805688,5960 W Northwest Hwy,75225,Thu Oct 27 20:05:27 +0000 2016,RT @ATTBusiness: AT&amp;T Labs is on track to revolutionize the way #AI plays in the network…but that’s not all! More from Mazin Gilbert: https…,pos,0.2142,general,general,,Twitter
Dallas16,Authorized retailer,32.865482,-96.805688,5960 W Northwest Hwy,75225,Thu Oct 27 19:59:05 +0000 2016,RT @ATT: Get a sweet deal on the new iPhone 7 when you switch to AT&amp;T and have DIRECTV. https://t.co/JO08KrMKj7 https://t.co/tAcB2wPVFO,neg,-0.2990,directv,general,,Twitter
Dallas16,Authorized retailer,32.865482,-96.805688,5960 W Northwest Hwy,75225,Thu Oct 27 19:57:12 +0000 2016,"RT @attJOBS: We have all the #interview tips you need in one list! Learn what to do before, during and after your next interview: https://t…",pos,0.7538,general,general,,Twitter
Dallas16,Authorized retailer,32.865482,-96.805688,5960 W Northwest Hwy,75225,Thu Oct 27 19:56:50 +0000 2016,"RT @attJOBS: We have all the #interview tips you need in one list! Learn what to do before, during and after your next interview: https://t…",pos,0.7538,general,general,,Twitter
Dallas16,Authorized retailer,32.865482,-96.805688,5960 W Northwest Hwy,75225,Thu Oct 27 19:54:46 +0000 2016,"RT @DecksInThePark: Get to Klyde Warren Park tonight for the Decks in the Park - Halloween Edition, Powered by @ATT The fun all starts at 6…",neg,-0.6584,general,general,,Twitter
Dallas16,Authorized retailer,32.865482,-96.805688,5960 W Northwest Hwy,75225,Thu Oct 27 19:53:24 +0000 2016,"Sorry, @ATT: #FCC ruling may put an end to creepy, targeted #advertising plans https://t.co/TZ6dsf3ZGP via @dallasnews #anonymous",pos,0.5899,general,general,,Twitter
Dallas16,Authorized retailer,32.865482,-96.805688,5960 W Northwest Hwy,75225,Thu Oct 27 19:51:40 +0000 2016,"RT @DFWSmallBiz: Sorry, #ATT, FCC ruling may put an end to creepy, targeted advertising plans https://t.co/pz8mmbULB9 #DFW #Tech",pos,0.2390,general,general,,Twitter
