Dallas9,Corporate retailer,33.009892,-96.709061,701 N Central Expy,75075,Tue Oct 25 12:28:29 +0000 2016,"No, AT&amp;T-Time Warner tie-up won't ax your 'Game of Thrones'     - CNET: A megamerger joining the telecom gian... https://t.co/gsd7Y4RCEF",neg,-0.2037,general,general,,Twitter
Dallas9,Corporate retailer,33.009892,-96.709061,701 N Central Expy,75075,Tue Oct 25 12:25:53 +0000 2016,RT @dallasnews: .@ATT CEO Randall Stephenson confident @twxcorp merger will get past regulators https://t.co/2Re2eGzanm #atttimewarner | @M…,pos,0.1855,general,general,,Twitter
Dallas9,Corporate retailer,33.009892,-96.709061,701 N Central Expy,75075,Tue Oct 25 12:24:47 +0000 2016,RT @dallasnews: How have Texas lawmakers reacted to @ATT's megamerger? Mostly with silence | https://t.co/kyNP8BfpgC @tombenning https://t.…,neg,-0.4996,general,general,,Twitter
Dallas9,Corporate retailer,33.009892,-96.709061,701 N Central Expy,75075,Tue Oct 25 12:24:25 +0000 2016,RT @dallasnews: How have Texas lawmakers reacted to @ATT's megamerger? Mostly with silence | https://t.co/kyNP8BfpgC @tombenning https://t.…,neg,-0.4996,general,general,,Twitter
Dallas9,Corporate retailer,33.009892,-96.709061,701 N Central Expy,75075,Tue Oct 25 12:22:42 +0000 2016,RT @dallasnews: How have Texas lawmakers reacted to @ATT's megamerger? Mostly with silence | https://t.co/kyNP8BfpgC @tombenning https://t.…,neg,-0.4996,general,general,,Twitter
Dallas9,Corporate retailer,33.009892,-96.709061,701 N Central Expy,75075,Tue Oct 25 12:22:32 +0000 2016,RT @dallasnews: How have Texas lawmakers reacted to @ATT's megamerger? Mostly with silence | https://t.co/kyNP8BfpgC @tombenning https://t.…,neg,-0.4996,general,general,,Twitter
Dallas9,Corporate retailer,33.009892,-96.709061,701 N Central Expy,75075,Tue Oct 25 12:22:06 +0000 2016,RT @ATTBusiness: Business-ready is one thing; cybersecurity readiness is another. Access info you need to help defend your data: https://t.…,pos,0.2633,general,general,,Twitter
Dallas9,Corporate retailer,33.009892,-96.709061,701 N Central Expy,75075,Tue Oct 25 12:21:49 +0000 2016,How have Texas lawmakers reacted to @ATT's megamerger? Mostly with silence | https://t.co/kyNP8BfpgC @tombenning https://t.co/Y6ujgjT3FM,neg,-0.4996,general,general,,Twitter
Dallas9,Corporate retailer,33.009892,-96.709061,701 N Central Expy,75075,Tue Oct 25 12:14:45 +0000 2016,"RT @DMNBiz: .@CNN, .@HBO and more: A look at the brands .@ATT inherits in its Time Warner deal https://t.co/dhOhNjd68C | @paul_o_donnell ht…",neg,-0.3715,general,general,,Twitter
