Dallas4,Corporate retailer,32.8685017,-96.7757012,8687 N Central Expressway Suite 2340,75225,Wed Oct 26 02:22:38 +0000 2016,"RT @SportsDayHS: Due to conflicts, no #txhsfb at AT&amp;T Stadium for the first 3 rounds 😭
…but now we have The Star.
Details: https://t.co/UxR…",pos,0.9649,general,general,,Twitter
Dallas4,Corporate retailer,32.8685017,-96.7757012,8687 N Central Expressway Suite 2340,75225,Wed Oct 26 02:21:53 +0000 2016,"RT @SportsDayHS: Due to conflicts, no #txhsfb at AT&amp;T Stadium for the first 3 rounds 😭
…but now we have The Star.
Details: https://t.co/UxR…",pos,0.9649,general,general,,Twitter
Dallas4,Corporate retailer,32.8685017,-96.7757012,8687 N Central Expressway Suite 2340,75225,Wed Oct 26 02:21:10 +0000 2016,"RT @SportsDayHS: Due to conflicts, no #txhsfb at AT&amp;T Stadium for the first 3 rounds 😭
…but now we have The Star.
Details: https://t.co/UxR…",pos,0.9649,general,general,,Twitter
Dallas4,Corporate retailer,32.8685017,-96.7757012,8687 N Central Expressway Suite 2340,75225,Wed Oct 26 02:20:06 +0000 2016,"RT @SportsDayHS: Due to conflicts, no #txhsfb at AT&amp;T Stadium for the first 3 rounds 😭
…but now we have The Star.
Details: https://t.co/UxR…",pos,0.9649,general,general,,Twitter
Dallas4,Corporate retailer,32.8685017,-96.7757012,8687 N Central Expressway Suite 2340,75225,Wed Oct 26 02:20:05 +0000 2016,"RT @SportsDayHS: Due to conflicts, no #txhsfb at AT&amp;T Stadium for the first 3 rounds 😭
…but now we have The Star.
Details: https://t.co/UxR…",pos,0.9649,general,general,,Twitter
Dallas4,Corporate retailer,32.8685017,-96.7757012,8687 N Central Expressway Suite 2340,75225,Wed Oct 26 02:20:03 +0000 2016,Making friends like it's going outta style! Such a lovely group! Thank you @FSDallas and @ATT for making it happen!… https://t.co/hXN7q91eOo,neg,-0.4527,general,general,,Twitter
Dallas4,Corporate retailer,32.8685017,-96.7757012,8687 N Central Expressway Suite 2340,75225,Wed Oct 26 02:20:02 +0000 2016,"RT @SportsDayHS: Due to conflicts, no #txhsfb at AT&amp;T Stadium for the first 3 rounds 😭
…but now we have The Star.
Details: https://t.co/UxR…",pos,0.9649,general,general,,Twitter
