Dallas17,Authorized retailer,32.739229,-96.682466,1530 S Buckner Blvd,75217,Tue Oct 25 13:31:35 +0000 2016,Millennials are shaking up personal mobility and communications https://t.co/nrmXqjKfQV #greatcollaborate #attemployee,pos,0.5775,general,general,,Twitter
Dallas17,Authorized retailer,32.739229,-96.682466,1530 S Buckner Blvd,75217,Tue Oct 25 13:28:23 +0000 2016,RT @ATT: Welcome to the team! @taylorswift13 https://t.co/4h86nLYuLo https://t.co/gAHOi7fPrZ,neg,-0.6483,general,general,,Twitter
Dallas17,Authorized retailer,32.739229,-96.682466,1530 S Buckner Blvd,75217,Tue Oct 25 13:23:41 +0000 2016,Is Time Warner the ‘crown jewel’ media asset for AT&amp;T? https://t.co/jPPtpTMQ13,neg,-0.5303,general,general,,Twitter
Dallas17,Authorized retailer,32.739229,-96.682466,1530 S Buckner Blvd,75217,Tue Oct 25 13:19:40 +0000 2016,Why AT&amp;T’s CEO should think twice before going through with the Time Warner deal https://t.co/tR219ne4qG,neg,-0.5915,general,general,,Twitter
Dallas17,Authorized retailer,32.739229,-96.682466,1530 S Buckner Blvd,75217,Tue Oct 25 13:12:49 +0000 2016,"Promises, Promises From AT&amp;T, via @nytimes https://t.co/FTA5JsdPCo",pos,0.3794,general,general,,Twitter
Dallas17,Authorized retailer,32.739229,-96.682466,1530 S Buckner Blvd,75217,Tue Oct 25 13:10:08 +0000 2016,@ATTCares uverse,pos,0.0000,uverse,general,,Twitter
