Dallas15,Authorized retailer,32.853965,-96.769903,5521 Greenville Ave,75206,Tue Oct 25 15:18:07 +0000 2016,"RT @FridayNghtGlory: No playoff games at AT&amp;T Stadium the first 3 rounds, but The Star may host postseason games the first 5 rounds  https:…",pos,0.8702,general,general,,Twitter
Dallas15,Authorized retailer,32.853965,-96.769903,5521 Greenville Ave,75206,Tue Oct 25 15:14:57 +0000 2016,"RT @FridayNghtGlory: No playoff games at AT&amp;T Stadium the first 3 rounds, but The Star may host postseason games the first 5 rounds  https:…",pos,0.8702,general,general,,Twitter
Dallas15,Authorized retailer,32.853965,-96.769903,5521 Greenville Ave,75206,Tue Oct 25 15:14:27 +0000 2016,RT @ConnectToGood: We're counting down to March! Join us to support charities w/ @BracketsForGood. Nonprofits apply by 10/28 https://t.co/R…,pos,0.4579,general,general,,Twitter
Dallas15,Authorized retailer,32.853965,-96.769903,5521 Greenville Ave,75206,Tue Oct 25 15:12:50 +0000 2016,An AT&amp;T-Time Warner Merger Won’t Do Jack for Consumers https://t.co/damsSKX3YL,pos,0.0698,general,general,,Twitter
Dallas15,Authorized retailer,32.853965,-96.769903,5521 Greenville Ave,75206,Tue Oct 25 15:11:58 +0000 2016,RT @KristyStaz: 5G - what does that mean to me?  Advancing Our Network with LTE and Beyond | AT&amp;T https://t.co/4hCQpWK8b5 via @sharethis,pos,0.5001,general,general,,Twitter
Dallas15,Authorized retailer,32.853965,-96.769903,5521 Greenville Ave,75206,Tue Oct 25 15:10:28 +0000 2016,RT @RickTweetTweet: AT&amp;T Employees Break Records for Stop Hunger Now #ATTimpact https://t.co/f7k0rq100P #attemployee https://t.co/pUbfsZkOYe,pos,0.8842,general,general,,Twitter
Dallas15,Authorized retailer,32.853965,-96.769903,5521 Greenville Ave,75206,Tue Oct 25 15:07:21 +0000 2016,RT @attJOBS: Our new #SanFrancisco flagship store is restored and ready for the future with our latest technology. Take a look: https://t.c…,pos,0.7603,general,store experience,,Twitter
Dallas15,Authorized retailer,32.853965,-96.769903,5521 Greenville Ave,75206,Tue Oct 25 15:00:57 +0000 2016,"AT&amp;T research shows most businesses suffer from preventable cyberattacks, not new or unknown threats… https://t.co/0mG1UUhfdQ",pos,0.7182,general,general,,Twitter
Dallas15,Authorized retailer,32.853965,-96.769903,5521 Greenville Ave,75206,Tue Oct 25 15:00:02 +0000 2016,No seas esa persona. Los mejores selfies son tomados fuera de la carretera. Haz la promesa visitando… https://t.co/4aJCMupw30,pos,0.8890,general,general,,Twitter
Dallas15,Authorized retailer,32.853965,-96.769903,5521 Greenville Ave,75206,Tue Oct 25 14:52:06 +0000 2016,Republicans And Democrats Unite Against $86 Billion AT&amp;T-Time Warner Merger Deal via @forbes https://t.co/Ly9oyXV9qV,pos,0.9679,general,general,,Twitter
Dallas15,Authorized retailer,32.853965,-96.769903,5521 Greenville Ave,75206,Tue Oct 25 14:45:26 +0000 2016,RT @DougMagditch: It's official: AT&amp;T to Acquire Time Warner ... I'm so excited for the future of our company! https://t.co/soDLs4C87o #att…,pos,0.0373,general,general,,Twitter
Dallas15,Authorized retailer,32.853965,-96.769903,5521 Greenville Ave,75206,Tue Oct 25 14:34:50 +0000 2016,"RT @FridayNghtGlory: No playoff games at AT&amp;T Stadium the first 3 rounds, but The Star may host postseason games the first 5 rounds  https:…",pos,0.8702,general,general,,Twitter
Dallas15,Authorized retailer,32.853965,-96.769903,5521 Greenville Ave,75206,Tue Oct 25 14:33:10 +0000 2016,"RT @FridayNghtGlory: No playoff games at AT&amp;T Stadium the first 3 rounds, but The Star may host postseason games the first 5 rounds  https:…",pos,0.8702,general,general,,Twitter
Dallas15,Authorized retailer,32.853965,-96.769903,5521 Greenville Ave,75206,Tue Oct 25 14:27:50 +0000 2016,"RT @dallasnews: Speak now: Why critics want the $108 billion marriage of AT&amp;T, Time Warner to fail https://t.co/cAtlH2KlsI | @krobijake htt…",neg,-0.2714,general,general,,Twitter
Dallas15,Authorized retailer,32.853965,-96.769903,5521 Greenville Ave,75206,Tue Oct 25 14:23:51 +0000 2016,"@ATTCares The link to stop you sending me marketing emails does not work, Fix it.",neg,-0.3041,general,general,,Twitter
Dallas15,Authorized retailer,32.853965,-96.769903,5521 Greenville Ave,75206,Tue Oct 25 14:20:22 +0000 2016,"No playoff games at AT&amp;T Stadium the first 3 rounds, but The Star may host postseason games the first 5 rounds  https://t.co/h1RNjPOn0y",pos,0.8702,general,general,,Twitter
Dallas15,Authorized retailer,32.853965,-96.769903,5521 Greenville Ave,75206,Tue Oct 25 14:18:59 +0000 2016,5G - what does that mean to me?  Advancing Our Network with LTE and Beyond | AT&amp;T https://t.co/4hCQpWK8b5 via @sharethis,pos,0.5001,general,general,,Twitter
Dallas15,Authorized retailer,32.853965,-96.769903,5521 Greenville Ave,75206,Tue Oct 25 14:15:51 +0000 2016,"RT @dallasnews: Speak now: Why critics want the $108 billion marriage of AT&amp;T, Time Warner to fail https://t.co/cAtlH2KlsI | @krobijake htt…",neg,-0.2714,general,general,,Twitter
Dallas15,Authorized retailer,32.853965,-96.769903,5521 Greenville Ave,75206,Tue Oct 25 14:15:34 +0000 2016,New #IoT Security Guidelines from the Dept of Homeland Security https://t.co/JYEzMC6yd2 #attemployee https://t.co/etAJakAaIO,pos,0.0350,general,general,,Twitter
Dallas15,Authorized retailer,32.853965,-96.769903,5521 Greenville Ave,75206,Tue Oct 25 14:15:30 +0000 2016,"Speak now: Why critics want the $108 billion marriage of AT&amp;T, Time Warner to fail https://t.co/cAtlH2KlsI |… https://t.co/t5UmRPm6Uq",neg,-0.2714,general,general,,Twitter
Dallas15,Authorized retailer,32.853965,-96.769903,5521 Greenville Ave,75206,Tue Oct 25 14:14:16 +0000 2016,RT @ATT: The #futureofvideo is mobile and the #futureofmobile is video. Time Warner + AT&amp;T make it happen! @twxcorp https://t.co/GKx4U9TQYg,neg,-0.6722,general,general,,Twitter
Dallas15,Authorized retailer,32.853965,-96.769903,5521 Greenville Ave,75206,Tue Oct 25 14:13:57 +0000 2016,RT @attJOBS: At the end of an interview you have a chance to make a lasting impression. Take it! Learn how: https://t.co/Fq9rgFL6f3 #Career…,pos,0.6291,general,general,,Twitter
Dallas15,Authorized retailer,32.853965,-96.769903,5521 Greenville Ave,75206,Tue Oct 25 14:13:21 +0000 2016,RT @dallasnews: How have Texas lawmakers reacted to @ATT's megamerger? Mostly with silence | https://t.co/kyNP8BfpgC @tombenning https://t.…,neg,-0.4996,general,general,,Twitter
