Dallas1,Corporate retailer,32.776664,-96.796988,"208 S Akard Street, Ste 110",75202,Tue Oct 25 20:17:04 +0000 2016,AT&amp;T announces launch of DirecTV Now for $35 a month https://t.co/VLUOgLDKxD | @Melissa_Repko https://t.co/Oqw3WFWHcA,pos,0.4787,directv,general,,Twitter
Dallas1,Corporate retailer,32.776664,-96.796988,"208 S Akard Street, Ste 110",75202,Tue Oct 25 20:16:48 +0000 2016,Excited to check in on this 2016 cohort for att #AspireAccelerator @… https://t.co/vXxLSwAkAg,neg,-0.7617,general,general,,Twitter
Dallas1,Corporate retailer,32.776664,-96.796988,"208 S Akard Street, Ste 110",75202,Tue Oct 25 20:16:25 +0000 2016,Pathetic @ATT yr agent makes mistake (all on chat) and now another agent tells me I have to play by your rules??? Glad to have screen shots!,neg,-0.6258,general,general,,Twitter
Dallas1,Corporate retailer,32.776664,-96.796988,"208 S Akard Street, Ste 110",75202,Tue Oct 25 20:14:01 +0000 2016,Since when do you merge two accounts @ATT and expect your consumers to be strong armed into your methods??? #attsucks #terribleservice,pos,0.5877,general,general,,Twitter
Dallas1,Corporate retailer,32.776664,-96.796988,"208 S Akard Street, Ste 110",75202,Tue Oct 25 20:13:59 +0000 2016,RT @attJOBS: Share what you love about technology with our customers. Now Hiring throughout the Bay Area! https://t.co/ig3a1FgKS4 https://t…,pos,0.8703,general,general,,Twitter
Dallas1,Corporate retailer,32.776664,-96.796988,"208 S Akard Street, Ste 110",75202,Tue Oct 25 20:10:25 +0000 2016,"@rosskimes no, I meant no DVR. There has only been mention of on demand which on DIRECTV doesn’t include playing sports in general",neg,-0.7360,directv,general,,Twitter
Dallas1,Corporate retailer,32.776664,-96.796988,"208 S Akard Street, Ste 110",75202,Tue Oct 25 20:09:56 +0000 2016,RT @ATTBusiness: Watch how to protect your business from evolving threats. Get our report to learn more: https://t.co/8Ixmpp7esC #ATTCyberC…,pos,0.0090,general,general,,Twitter
