Dallas17,Authorized retailer,32.739229,-96.682466,1530 S Buckner Blvd,75217,Sat Oct 22 09:20:26 +0000 2016,RT @ATT: Welcome to the team! @taylorswift13 https://t.co/4h86nLYuLo https://t.co/gAHOi7fPrZ,neg,-0.6483,general,general,,Twitter
Dallas17,Authorized retailer,32.739229,-96.682466,1530 S Buckner Blvd,75217,Sat Oct 22 09:16:31 +0000 2016,RT @ATT: Welcome to the team! @taylorswift13 https://t.co/4h86nLYuLo https://t.co/gAHOi7fPrZ,neg,-0.6483,general,general,,Twitter
Dallas17,Authorized retailer,32.739229,-96.682466,1530 S Buckner Blvd,75217,Sat Oct 22 08:56:14 +0000 2016,RT @ATT: Welcome to the team! @taylorswift13 https://t.co/4h86nLYuLo https://t.co/gAHOi7fPrZ,neg,-0.6483,general,general,,Twitter
Dallas17,Authorized retailer,32.739229,-96.682466,1530 S Buckner Blvd,75217,Sat Oct 22 08:31:46 +0000 2016,RT @ATT: Welcome to the team! @taylorswift13 https://t.co/4h86nLYuLo https://t.co/gAHOi7fPrZ,neg,-0.6483,general,general,,Twitter
Dallas17,Authorized retailer,32.739229,-96.682466,1530 S Buckner Blvd,75217,Sat Oct 22 08:30:02 +0000 2016,RT @ATT: Welcome to the team! @taylorswift13 https://t.co/4h86nLYuLo https://t.co/gAHOi7fPrZ,neg,-0.6483,general,general,,Twitter
