Dallas1,Corporate retailer,32.776664,-96.796988,"208 S Akard Street, Ste 110",75202,Sun Oct 23 11:14:52 +0000 2016,RT @ATT: The #futureofvideo is mobile and the #futureofmobile is video. Time Warner + AT&amp;T make it happen! @twxcorp https://t.co/GKx4U9TQYg,neg,-0.6722,general,general,,Twitter
Dallas1,Corporate retailer,32.776664,-96.796988,"208 S Akard Street, Ste 110",75202,Sun Oct 23 11:14:26 +0000 2016,RT @ATT: The #futureofvideo is mobile and the #futureofmobile is video. Time Warner + AT&amp;T make it happen! @twxcorp https://t.co/GKx4U9TQYg,neg,-0.6722,general,general,,Twitter
Dallas1,Corporate retailer,32.776664,-96.796988,"208 S Akard Street, Ste 110",75202,Sun Oct 23 11:13:34 +0000 2016,RT @ATT: The #futureofvideo is mobile and the #futureofmobile is video. Time Warner + AT&amp;T make it happen! @twxcorp https://t.co/GKx4U9TQYg,neg,-0.6722,general,general,,Twitter
Dallas1,Corporate retailer,32.776664,-96.796988,"208 S Akard Street, Ste 110",75202,Sun Oct 23 10:57:23 +0000 2016,"AT&amp;T buys Time Warner in an $80bn+ deal CEO Randall Stephenson describes as having ""gravity"" https://t.co/wH0cLsDJQ7 https://t.co/5doec4yECw",pos,0.1487,general,general,,Twitter
Dallas1,Corporate retailer,32.776664,-96.796988,"208 S Akard Street, Ste 110",75202,Sun Oct 23 10:48:08 +0000 2016,RT @ATT: Welcome to the team! @taylorswift13 https://t.co/4h86nLYuLo https://t.co/gAHOi7fPrZ,neg,-0.6483,general,general,,Twitter
Dallas1,Corporate retailer,32.776664,-96.796988,"208 S Akard Street, Ste 110",75202,Sun Oct 23 10:26:22 +0000 2016,RT @ATT: Welcome to the team! @taylorswift13 https://t.co/4h86nLYuLo https://t.co/gAHOi7fPrZ,neg,-0.6483,general,general,,Twitter
Dallas1,Corporate retailer,32.776664,-96.796988,"208 S Akard Street, Ste 110",75202,Sun Oct 23 10:26:06 +0000 2016,Donald Trump says he would block #ATT-Time Warner merger if elected https://t.co/ml1I85qW57 #DFW #realestate,neg,-0.4092,general,general,,Twitter
Dallas1,Corporate retailer,32.776664,-96.796988,"208 S Akard Street, Ste 110",75202,Sun Oct 23 10:20:36 +0000 2016,RT @ATT: The #futureofvideo is mobile and the #futureofmobile is video. Time Warner + AT&amp;T make it happen! @twxcorp https://t.co/GKx4U9TQYg,neg,-0.6722,general,general,,Twitter
Dallas1,Corporate retailer,32.776664,-96.796988,"208 S Akard Street, Ste 110",75202,Sun Oct 23 09:46:09 +0000 2016,RT @ATT: Welcome to the team! @taylorswift13 https://t.co/4h86nLYuLo https://t.co/gAHOi7fPrZ,neg,-0.6483,general,general,,Twitter
Dallas1,Corporate retailer,32.776664,-96.796988,"208 S Akard Street, Ste 110",75202,Sun Oct 23 09:43:48 +0000 2016,RT @ATT: Welcome to the team! @taylorswift13 https://t.co/4h86nLYuLo https://t.co/gAHOi7fPrZ,neg,-0.6483,general,general,,Twitter
Dallas1,Corporate retailer,32.776664,-96.796988,"208 S Akard Street, Ste 110",75202,Sun Oct 23 09:38:05 +0000 2016,RT @ATT: The #futureofvideo is mobile and the #futureofmobile is video. Time Warner + AT&amp;T make it happen! @twxcorp https://t.co/GKx4U9TQYg,neg,-0.6722,general,general,,Twitter
Dallas1,Corporate retailer,32.776664,-96.796988,"208 S Akard Street, Ste 110",75202,Sun Oct 23 09:35:11 +0000 2016,AT&amp;T agrees to buy Time Warner for $80 billion https://t.co/2x5RkFIwS4 #dallas https://t.co/aOrCF0FWCU,neg,-0.0044,general,general,,Twitter
Dallas1,Corporate retailer,32.776664,-96.796988,"208 S Akard Street, Ste 110",75202,Sun Oct 23 09:22:08 +0000 2016,"How the #ATT-Time Warner deal changes the TV, mobile landscapes https://t.co/zb0i5M5AUp #DFW",pos,0.9370,general,general,,Twitter
Dallas1,Corporate retailer,32.776664,-96.796988,"208 S Akard Street, Ste 110",75202,Sun Oct 23 09:13:41 +0000 2016,RT @ATT: Welcome to the team! @taylorswift13 https://t.co/4h86nLYuLo https://t.co/gAHOi7fPrZ,neg,-0.6483,general,general,,Twitter
Dallas1,Corporate retailer,32.776664,-96.796988,"208 S Akard Street, Ste 110",75202,Sun Oct 23 09:08:43 +0000 2016,RT @ATT: Welcome to the team! @taylorswift13 https://t.co/4h86nLYuLo https://t.co/gAHOi7fPrZ,neg,-0.6483,general,general,,Twitter
Dallas1,Corporate retailer,32.776664,-96.796988,"208 S Akard Street, Ste 110",75202,Sun Oct 23 09:06:05 +0000 2016,RT @ATT: The #futureofvideo is mobile and the #futureofmobile is video. Time Warner + AT&amp;T make it happen! @twxcorp https://t.co/GKx4U9TQYg,neg,-0.6722,general,general,,Twitter
Dallas1,Corporate retailer,32.776664,-96.796988,"208 S Akard Street, Ste 110",75202,Sun Oct 23 08:40:42 +0000 2016,RT @ATT: The #futureofvideo is mobile and the #futureofmobile is video. Time Warner + AT&amp;T make it happen! @twxcorp https://t.co/GKx4U9TQYg,neg,-0.6722,general,general,,Twitter
Dallas1,Corporate retailer,32.776664,-96.796988,"208 S Akard Street, Ste 110",75202,Sun Oct 23 08:37:43 +0000 2016,RT @ATT: Welcome to the team! @taylorswift13 https://t.co/4h86nLYuLo https://t.co/gAHOi7fPrZ,neg,-0.6483,general,general,,Twitter
Dallas1,Corporate retailer,32.776664,-96.796988,"208 S Akard Street, Ste 110",75202,Sun Oct 23 08:18:57 +0000 2016,RT @ATT: The #futureofvideo is mobile and the #futureofmobile is video. Time Warner + AT&amp;T make it happen! @twxcorp https://t.co/GKx4U9TQYg,neg,-0.6722,general,general,,Twitter
Dallas1,Corporate retailer,32.776664,-96.796988,"208 S Akard Street, Ste 110",75202,Sun Oct 23 08:17:15 +0000 2016,RT @ATT: The #futureofvideo is mobile and the #futureofmobile is video. Time Warner + AT&amp;T make it happen! @twxcorp https://t.co/GKx4U9TQYg,neg,-0.6722,general,general,,Twitter
Dallas1,Corporate retailer,32.776664,-96.796988,"208 S Akard Street, Ste 110",75202,Sun Oct 23 08:07:35 +0000 2016,RT @ATT: The #futureofvideo is mobile and the #futureofmobile is video. Time Warner + AT&amp;T make it happen! @twxcorp https://t.co/GKx4U9TQYg,neg,-0.6722,general,general,,Twitter
Dallas1,Corporate retailer,32.776664,-96.796988,"208 S Akard Street, Ste 110",75202,Sun Oct 23 07:55:12 +0000 2016,RT @ATT: The #futureofvideo is mobile and the #futureofmobile is video. Time Warner + AT&amp;T make it happen! @twxcorp https://t.co/GKx4U9TQYg,neg,-0.6722,general,general,,Twitter
Dallas1,Corporate retailer,32.776664,-96.796988,"208 S Akard Street, Ste 110",75202,Sun Oct 23 07:36:44 +0000 2016,RT @ATT: Welcome to the team! @taylorswift13 https://t.co/4h86nLYuLo https://t.co/gAHOi7fPrZ,neg,-0.6483,general,general,,Twitter
Dallas1,Corporate retailer,32.776664,-96.796988,"208 S Akard Street, Ste 110",75202,Sun Oct 23 07:31:28 +0000 2016,RT @ATT: The #futureofvideo is mobile and the #futureofmobile is video. Time Warner + AT&amp;T make it happen! @twxcorp https://t.co/GKx4U9TQYg,neg,-0.6722,general,general,,Twitter
Dallas1,Corporate retailer,32.776664,-96.796988,"208 S Akard Street, Ste 110",75202,Sun Oct 23 07:30:07 +0000 2016,AT&amp;T Is Buying Time Warner Because the Future is Google https://t.co/tlhcXtMCEZ https://t.co/mfEGvFCaEx,pos,0.3875,general,general,,Twitter
Dallas1,Corporate retailer,32.776664,-96.796988,"208 S Akard Street, Ste 110",75202,Sun Oct 23 07:18:07 +0000 2016,RT @ATT: Welcome to the team! @taylorswift13 https://t.co/4h86nLYuLo https://t.co/gAHOi7fPrZ,neg,-0.6483,general,general,,Twitter
Dallas1,Corporate retailer,32.776664,-96.796988,"208 S Akard Street, Ste 110",75202,Sun Oct 23 07:16:10 +0000 2016,RT @ATT: The #futureofvideo is mobile and the #futureofmobile is video. Time Warner + AT&amp;T make it happen! @twxcorp https://t.co/GKx4U9TQYg,neg,-0.6722,general,general,,Twitter
Dallas1,Corporate retailer,32.776664,-96.796988,"208 S Akard Street, Ste 110",75202,Sun Oct 23 07:11:00 +0000 2016,"AT&amp;T, Time Warner Team Up To Fight For The Future Of TV | https://t.co/rXB8bgPSi6",pos,0.0328,general,general,,Twitter
Dallas1,Corporate retailer,32.776664,-96.796988,"208 S Akard Street, Ste 110",75202,Sun Oct 23 07:10:57 +0000 2016,RT @ATT: The #futureofvideo is mobile and the #futureofmobile is video. Time Warner + AT&amp;T make it happen! @twxcorp https://t.co/GKx4U9TQYg,neg,-0.6722,general,general,,Twitter
Dallas1,Corporate retailer,32.776664,-96.796988,"208 S Akard Street, Ste 110",75202,Sun Oct 23 07:06:18 +0000 2016,Why AT&amp;T wants Time Warner https://t.co/5qIWa9hQsI,neg,-0.3181,general,general,,Twitter
Dallas1,Corporate retailer,32.776664,-96.796988,"208 S Akard Street, Ste 110",75202,Sun Oct 23 06:48:49 +0000 2016,RT @ATT: The #futureofvideo is mobile and the #futureofmobile is video. Time Warner + AT&amp;T make it happen! @twxcorp https://t.co/GKx4U9TQYg,neg,-0.6722,general,general,,Twitter
Dallas1,Corporate retailer,32.776664,-96.796988,"208 S Akard Street, Ste 110",75202,Sun Oct 23 06:44:54 +0000 2016,RT @ATT: Welcome to the team! @taylorswift13 https://t.co/4h86nLYuLo https://t.co/gAHOi7fPrZ,neg,-0.6483,general,general,,Twitter
