Dallas3,Corporate retailer,32.8293128,-96.8272358,5616 Lemmon Ave,75209,Tue Oct 25 18:22:11 +0000 2016,RT @melissa_repko: AT&amp;T CEO Randall Stephenson says DirecTV Now streaming service will launch in late November and cost $35 per month.,pos,0.5928,directv,general,,Twitter
Dallas3,Corporate retailer,32.8293128,-96.8272358,5616 Lemmon Ave,75209,Tue Oct 25 18:21:00 +0000 2016,An AT&amp;T-Time Warner Merger Won’t Do Jack for Consumers - https://t.co/JtVwGYawGf,pos,0.0698,general,general,,Twitter
Dallas3,Corporate retailer,32.8293128,-96.8272358,5616 Lemmon Ave,75209,Tue Oct 25 18:20:21 +0000 2016,AT&amp;T will offer $35 subscription with 100 channels and includes mobile streaming https://t.co/8w9jZaG10C,pos,0.2216,general,general,,Twitter
Dallas3,Corporate retailer,32.8293128,-96.8272358,5616 Lemmon Ave,75209,Tue Oct 25 18:19:36 +0000 2016,RT @PhilipTKingston: https://t.co/5ITqgbqyPo,pos,0.0000,general,general,,Twitter
Dallas3,Corporate retailer,32.8293128,-96.8272358,5616 Lemmon Ave,75209,Tue Oct 25 18:16:52 +0000 2016,AT&amp;T's online-only DirecTV service costs $35 a month - It's been just a few days since AT&amp;amp;T announced that ... https://t.co/d2scuHvVu4,pos,0.1838,directv,general,,Twitter
Dallas3,Corporate retailer,32.8293128,-96.8272358,5616 Lemmon Ave,75209,Tue Oct 25 18:15:34 +0000 2016,RT @melissa_repko: Stephenson rejects consumer concerns that merger is ploy to raise prices. He points to $35/month price of new streaming…,pos,0.6444,general,general,,Twitter
Dallas3,Corporate retailer,32.8293128,-96.8272358,5616 Lemmon Ave,75209,Tue Oct 25 18:15:11 +0000 2016,RT @melissa_repko: AT&amp;T CEO Randall Stephenson says DirecTV Now streaming service will launch in late November and cost $35 per month.,pos,0.5928,directv,general,,Twitter
Dallas3,Corporate retailer,32.8293128,-96.8272358,5616 Lemmon Ave,75209,Tue Oct 25 18:14:29 +0000 2016,https://t.co/5ITqgbqyPo,pos,0.0000,general,general,,Twitter
