Dallas16,Authorized retailer,32.865482,-96.805688,5960 W Northwest Hwy,75225,Thu Oct 20 00:34:32 +0000 2016,@ATT @ATTCares: Any plans on expanding in Zip Code 73012? Thanks!,pos,0.1963,general,general,,Twitter
Dallas16,Authorized retailer,32.865482,-96.805688,5960 W Northwest Hwy,75225,Thu Oct 20 00:34:15 +0000 2016,RT @ATT: Get a sweet deal on the new iPhone 7 when you switch to AT&amp;T and have DIRECTV. https://t.co/TQVeUkmeZ6 https://t.co/zfZmNpe8AP,neg,-0.2990,directv,general,,Twitter
Dallas16,Authorized retailer,32.865482,-96.805688,5960 W Northwest Hwy,75225,Thu Oct 20 00:31:51 +0000 2016,RT @ATT: Get a sweet deal on the new iPhone 7 when you switch to AT&amp;T and have DIRECTV. https://t.co/TQVeUkmeZ6 https://t.co/zfZmNpe8AP,neg,-0.2990,directv,general,,Twitter
Dallas16,Authorized retailer,32.865482,-96.805688,5960 W Northwest Hwy,75225,Thu Oct 20 00:30:22 +0000 2016,@DIRECTV Please forward to all of your male employees. https://t.co/nAKxTU3x4W,neg,-0.2403,directv,general,,Twitter
Dallas16,Authorized retailer,32.865482,-96.805688,5960 W Northwest Hwy,75225,Thu Oct 20 00:19:45 +0000 2016,Christy Berry Chairs Prelude Lights at AT&amp;T Performing Arts Center’s Inaugural “Prelude” to Aurora https://t.co/W9YDDaS8mO,pos,0.8749,general,general,,Twitter
Dallas16,Authorized retailer,32.865482,-96.805688,5960 W Northwest Hwy,75225,Thu Oct 20 00:10:29 +0000 2016,RT @ATT: Welcome to the team! @taylorswift13 https://t.co/4h86nLYuLo https://t.co/gAHOi7fPrZ,neg,-0.6483,general,general,,Twitter
Dallas16,Authorized retailer,32.865482,-96.805688,5960 W Northwest Hwy,75225,Wed Oct 19 23:59:49 +0000 2016,@DIRECTV your staff is really in need of updated training on how to behave around women AND how to respond to sexual harassment complaints,pos,0.2531,directv,general,,Twitter
Dallas16,Authorized retailer,32.865482,-96.805688,5960 W Northwest Hwy,75225,Wed Oct 19 23:58:15 +0000 2016,@DIRECTV I was sexually harassed by 3 members of your staff. I tried to handle this privately thru  website to no avail. Who can I email?,pos,0.7249,directv,general,,Twitter
Dallas16,Authorized retailer,32.865482,-96.805688,5960 W Northwest Hwy,75225,Wed Oct 19 23:51:17 +0000 2016,"@ATT I need this fiber in Lubbock, TX!!",neg,-0.8917,fiber,general,,Twitter
Dallas16,Authorized retailer,32.865482,-96.805688,5960 W Northwest Hwy,75225,Wed Oct 19 23:44:11 +0000 2016,RT @ATT: Get a sweet deal on the new iPhone 7 when you switch to AT&amp;T and have DIRECTV. https://t.co/TQVeUkmeZ6 https://t.co/zfZmNpe8AP,neg,-0.2990,directv,general,,Twitter
Dallas16,Authorized retailer,32.865482,-96.805688,5960 W Northwest Hwy,75225,Wed Oct 19 23:37:27 +0000 2016,"RT @dallasnews: New media agency @Hearts_Science lands @ATT, opens shop in Dallas and plans to employ 100 people https://t.co/f5bPR9R5EQ @m…",pos,0.3322,general,general,,Twitter
Dallas16,Authorized retailer,32.865482,-96.805688,5960 W Northwest Hwy,75225,Wed Oct 19 23:35:22 +0000 2016,"New media agency lands @ATT, opens shop in Dallas and plans to employ 100 people https://t.co/DFRmKVwrSP… https://t.co/TzAKIz7Otr",pos,0.3322,general,general,,Twitter
Dallas16,Authorized retailer,32.865482,-96.805688,5960 W Northwest Hwy,75225,Wed Oct 19 23:34:12 +0000 2016,RT @ATT: Get a sweet deal on the new iPhone 7 when you switch to AT&amp;T and have DIRECTV. https://t.co/TQVeUkmeZ6 https://t.co/zfZmNpe8AP,neg,-0.2990,directv,general,,Twitter
Dallas16,Authorized retailer,32.865482,-96.805688,5960 W Northwest Hwy,75225,Wed Oct 19 23:32:24 +0000 2016,"RT @ATT: Before you vote, grab the remote and tune into the final #debatenight at 8/7c. #UNLVPresDebate https://t.co/afLxTSZMLW",neg,-0.7424,general,general,,Twitter
Dallas16,Authorized retailer,32.865482,-96.805688,5960 W Northwest Hwy,75225,Wed Oct 19 23:22:47 +0000 2016,RT @ATT: Get a sweet deal on the new iPhone 7 when you switch to AT&amp;T and have DIRECTV. https://t.co/TQVeUkmeZ6 https://t.co/zfZmNpe8AP,neg,-0.2990,directv,general,,Twitter
Dallas16,Authorized retailer,32.865482,-96.805688,5960 W Northwest Hwy,75225,Wed Oct 19 23:21:02 +0000 2016,"RT @ATT: Before you vote, grab the remote and tune into the final #debatenight at 8/7c. #UNLVPresDebate https://t.co/afLxTSZMLW",neg,-0.7424,general,general,,Twitter
Dallas16,Authorized retailer,32.865482,-96.805688,5960 W Northwest Hwy,75225,Wed Oct 19 23:15:33 +0000 2016,"RT @RickTweetTweet: Women in Tech Q&amp;A: Kay Kapoor - President, AT&amp;T Global Business-Public Sector #WomeninTech #LifeAtATT https://t.co/SRsJ…",pos,0.8077,general,general,,Twitter
Dallas16,Authorized retailer,32.865482,-96.805688,5960 W Northwest Hwy,75225,Wed Oct 19 23:07:13 +0000 2016,"RT @dallasnews: New media agency @Hearts_Science lands @ATT, opens shop in Dallas and plans to employ 100 people https://t.co/f5bPR9R5EQ @m…",pos,0.3322,general,general,,Twitter
Dallas16,Authorized retailer,32.865482,-96.805688,5960 W Northwest Hwy,75225,Wed Oct 19 23:04:42 +0000 2016,"RT @ATT: Before you vote, grab the remote and tune into the final #debatenight at 8/7c. #UNLVPresDebate https://t.co/afLxTSZMLW",neg,-0.7424,general,general,,Twitter
Dallas16,Authorized retailer,32.865482,-96.805688,5960 W Northwest Hwy,75225,Wed Oct 19 23:00:29 +0000 2016,@ATTCares @SamsungSupport before it EXPLODES!,pos,0.0330,general,general,,Twitter
