Dallas2,Corporate retailer,32.8111091,-96.8092962,3329 Oak Lawn Avenue,75219,Wed Oct 19 20:40:19 +0000 2016,RT @tonyromo: I wanna thank @DIRECTV for allowing me to show off my true self.  ;)  embarrassing is an understatement http://t.co/F0NniFESlL,pos,0.8169,directv,general,,Twitter
Dallas2,Corporate retailer,32.8111091,-96.8092962,3329 Oak Lawn Avenue,75219,Wed Oct 19 20:19:45 +0000 2016,"Spun off from @Omnicom, new agency is embedding management consultants + finance / statistical analysts w/ creative https://t.co/APRf3seEVn",pos,0.8056,general,general,,Twitter
Dallas2,Corporate retailer,32.8111091,-96.8092962,3329 Oak Lawn Avenue,75219,Wed Oct 19 20:01:47 +0000 2016,"Catch the #ATTRedCarpet starting at 7/6c on @AudienceNetwork, ch. 1114, followed by the #CMAAwards50 on @ABC at 8/7… https://t.co/xo8dBIAe6Q",neg,-0.0675,general,general,,Twitter
Dallas2,Corporate retailer,32.8111091,-96.8092962,3329 Oak Lawn Avenue,75219,Wed Oct 19 19:34:52 +0000 2016,Dak Prescott is 2nd in DYAR and QBR. He's also 3rd in DVOA and Yds/Att. Hard to bench that. #DallasCowboys,pos,0.9974,general,general,,Twitter
Dallas2,Corporate retailer,32.8111091,-96.8092962,3329 Oak Lawn Avenue,75219,Wed Oct 19 19:30:01 +0000 2016,At the end of an interview you have a chance to make a lasting impression. Take it! Learn how:… https://t.co/fWS16qWPIi,pos,0.6291,general,general,,Twitter
Dallas2,Corporate retailer,32.8111091,-96.8092962,3329 Oak Lawn Avenue,75219,Wed Oct 19 19:28:28 +0000 2016,RT @ATT: Welcome to the team! @taylorswift13 https://t.co/4h86nLYuLo https://t.co/gAHOi7fPrZ,neg,-0.6483,general,general,,Twitter
Dallas2,Corporate retailer,32.8111091,-96.8092962,3329 Oak Lawn Avenue,75219,Wed Oct 19 19:21:41 +0000 2016,RT @ATT: Welcome to the team! @taylorswift13 https://t.co/4h86nLYuLo https://t.co/gAHOi7fPrZ,neg,-0.6483,general,general,,Twitter
Dallas2,Corporate retailer,32.8111091,-96.8092962,3329 Oak Lawn Avenue,75219,Wed Oct 19 19:18:46 +0000 2016,RT @ATT: Welcome to the team! @taylorswift13 https://t.co/4h86nLYuLo https://t.co/gAHOi7fPrZ,neg,-0.6483,general,general,,Twitter
Dallas2,Corporate retailer,32.8111091,-96.8092962,3329 Oak Lawn Avenue,75219,Wed Oct 19 19:15:56 +0000 2016,"New media agency @Hearts_Science lands @ATT, opens shop in Dallas and plans to employ 100 people… https://t.co/n2lLIGUReh",pos,0.2705,general,general,,Twitter
Dallas2,Corporate retailer,32.8111091,-96.8092962,3329 Oak Lawn Avenue,75219,Wed Oct 19 19:11:36 +0000 2016,RT @ATT: Goals. Highlights. Interviews. Head to https://t.co/1KS2s33o0G for exclusive MLS content! #SoccerEverywhere https://t.co/jcgMlqKBj4,pos,0.6595,general,general,,Twitter
Dallas2,Corporate retailer,32.8111091,-96.8092962,3329 Oak Lawn Avenue,75219,Wed Oct 19 19:05:08 +0000 2016,RT @ATT: Welcome to the team! @taylorswift13 https://t.co/4h86nLYuLo https://t.co/gAHOi7fPrZ,neg,-0.6483,general,general,,Twitter
Dallas2,Corporate retailer,32.8111091,-96.8092962,3329 Oak Lawn Avenue,75219,Wed Oct 19 18:59:36 +0000 2016,@DIRECTV @DIRECTVService When are you going to offer NBA League Pass?  Season starts in 6 days. Prior years it was available for preseason!,pos,0.5199,directv,general,,Twitter
Dallas2,Corporate retailer,32.8111091,-96.8092962,3329 Oak Lawn Avenue,75219,Wed Oct 19 18:55:49 +0000 2016,@InTheBleachers We've been fighting this battle for like 2 months. #ATT can kick rocks. They've sent multiple people out and still not right,neg,-0.6922,general,general,,Twitter
Dallas2,Corporate retailer,32.8111091,-96.8092962,3329 Oak Lawn Avenue,75219,Wed Oct 19 18:50:44 +0000 2016,RT @ATT: Get a sweet deal on the new iPhone 7 when you switch to AT&amp;T and have DIRECTV. https://t.co/TQVeUkmeZ6 https://t.co/zfZmNpe8AP,neg,-0.2990,directv,general,,Twitter
Dallas2,Corporate retailer,32.8111091,-96.8092962,3329 Oak Lawn Avenue,75219,Wed Oct 19 18:44:01 +0000 2016,RT @ATTBusiness: Let us help you fend off cyberattacks. Sign up to receive our #ATTCyberInsights report to craft the right plan: https://t.…,pos,0.2714,general,general,,Twitter
Dallas2,Corporate retailer,32.8111091,-96.8092962,3329 Oak Lawn Avenue,75219,Wed Oct 19 18:43:05 +0000 2016,"RT @attJOBS: Through technology, we're helping to connect students with mentors across the country. Here's how: https://t.co/aIHtIbm2d3 #AT…",pos,0.0775,general,general,,Twitter
Dallas2,Corporate retailer,32.8111091,-96.8092962,3329 Oak Lawn Avenue,75219,Wed Oct 19 18:40:19 +0000 2016,RT @RickTweetTweet: Listen: Life At AT&amp;T Podcast with 3  #Women Vice Presidents #LifeatATT  #WomenLeaders #ATTDiversity https://t.co/MsMDVK…,pos,0.3843,general,general,,Twitter
Dallas2,Corporate retailer,32.8111091,-96.8092962,3329 Oak Lawn Avenue,75219,Wed Oct 19 18:40:12 +0000 2016,"RT @RickTweetTweet: Women in Tech Q&amp;A: Kay Kapoor - President, AT&amp;T Global Business-Public Sector #WomeninTech #LifeAtATT https://t.co/SRsJ…",pos,0.8077,general,general,,Twitter
Dallas2,Corporate retailer,32.8111091,-96.8092962,3329 Oak Lawn Avenue,75219,Wed Oct 19 18:39:40 +0000 2016,Why do I have 59 recordings on uverse 😂😂😂😂😂,neg,-0.2405,uverse,general,,Twitter
Dallas2,Corporate retailer,32.8111091,-96.8092962,3329 Oak Lawn Avenue,75219,Wed Oct 19 18:39:37 +0000 2016,"RT @attJOBS: Through technology, we're helping to connect students with mentors across the country. Here's how: https://t.co/aIHtIbm2d3 #AT…",pos,0.0775,general,general,,Twitter
Dallas2,Corporate retailer,32.8111091,-96.8092962,3329 Oak Lawn Avenue,75219,Wed Oct 19 18:39:28 +0000 2016,RT @attJOBS: See what #LifeAtATT is like for the women of AT&amp;T: https://t.co/9rguQ7QaFV https://t.co/xsQ0cX6Inq,pos,0.0887,general,general,,Twitter
Dallas2,Corporate retailer,32.8111091,-96.8092962,3329 Oak Lawn Avenue,75219,Wed Oct 19 18:39:20 +0000 2016,RT @attJOBS: Our employees broke records with @Stop_Hunger_Now at our ERG Conference! Learn how they made an #ATTimpact:  https://t.co/3s0Z…,pos,0.0619,general,general,,Twitter
Dallas2,Corporate retailer,32.8111091,-96.8092962,3329 Oak Lawn Avenue,75219,Wed Oct 19 18:37:29 +0000 2016,"RT @ATTBusiness: A self-healing, self-resilent network w/ #AI opens the door to next-gen technology. Find out how: https://t.co/OrfatAuWXA…",pos,0.1941,general,general,,Twitter
Dallas2,Corporate retailer,32.8111091,-96.8092962,3329 Oak Lawn Avenue,75219,Wed Oct 19 18:35:08 +0000 2016,"Starting today, AT&amp;T customers can talk, text and use data while in Cuba https://t.co/sY6rkloKXV 
#GlobeAware",pos,0.6762,general,general,,Twitter
Dallas2,Corporate retailer,32.8111091,-96.8092962,3329 Oak Lawn Avenue,75219,Wed Oct 19 18:28:21 +0000 2016,I'm watching Munyar Rhazy https://t.co/6jag4IPJz1 via @sharethis,pos,0.1879,general,general,,Twitter
Dallas2,Corporate retailer,32.8111091,-96.8092962,3329 Oak Lawn Avenue,75219,Wed Oct 19 18:26:09 +0000 2016,RT @JordanSpieth: .@NotahBegay3 with the birdie for Team @ATT at the #SpiethShootout https://t.co/ssL2vULkxd,neg,-0.2741,general,general,,Twitter
Dallas2,Corporate retailer,32.8111091,-96.8092962,3329 Oak Lawn Avenue,75219,Wed Oct 19 18:11:04 +0000 2016,RT @ATT: Get a sweet deal on the new iPhone 7 when you switch to AT&amp;T and have DIRECTV. https://t.co/TQVeUkmeZ6 https://t.co/zfZmNpe8AP,neg,-0.2990,directv,general,,Twitter
Dallas2,Corporate retailer,32.8111091,-96.8092962,3329 Oak Lawn Avenue,75219,Wed Oct 19 18:08:47 +0000 2016,"@gsepi We’d love to feature this tweet on the AT&amp;T THANKS site! If you’re fine with that, please fill out this form: https://t.co/EXD6wS8Osg",pos,0.3782,general,general,,Twitter
Dallas2,Corporate retailer,32.8111091,-96.8092962,3329 Oak Lawn Avenue,75219,Wed Oct 19 18:05:05 +0000 2016,RT @ATT: Get a sweet deal on the new iPhone 7 when you switch to AT&amp;T and have DIRECTV. https://t.co/TQVeUkmeZ6 https://t.co/zfZmNpe8AP,neg,-0.2990,directv,general,,Twitter
Dallas2,Corporate retailer,32.8111091,-96.8092962,3329 Oak Lawn Avenue,75219,Wed Oct 19 18:00:41 +0000 2016,"RT @melissa_repko: New marketing agency lands AT&amp;T, opens shop in Dallas and plans to employ 100 people. https://t.co/KTALGnMJl9 via @dalla…",pos,0.8516,general,general,,Twitter
Dallas2,Corporate retailer,32.8111091,-96.8092962,3329 Oak Lawn Avenue,75219,Wed Oct 19 17:50:00 +0000 2016,"DFW: Win Tickets To ‘Luke Bryan’ Saturday, October 22nd At AT&amp;T Stadium https://t.co/wntCQ0qQgB",pos,0.9009,general,general,,Twitter
Dallas2,Corporate retailer,32.8111091,-96.8092962,3329 Oak Lawn Avenue,75219,Wed Oct 19 17:50:00 +0000 2016,"DFW: Win Tickets To ‘Luke Bryan’ Saturday, October 22nd At AT&amp;T Stadium https://t.co/JuQwaAzzX3",pos,0.9009,general,general,,Twitter
Dallas2,Corporate retailer,32.8111091,-96.8092962,3329 Oak Lawn Avenue,75219,Wed Oct 19 17:43:32 +0000 2016,AT&amp;T Fiber Launching in at Least 10 New Metros https://t.co/LdJ9fUnaOB #attemployee https://t.co/C7cYiCR302,neg,-0.5058,fiber,general,,Twitter
