Store,Latitude,Longitude,Address,Zip,CreatedAt,Text,Senti,Rating,Source
Dallas3,32.8293128,-96.8272358,5616 Lemmon Ave,75209,Mon Oct 24 22:21:35 +0000 2016,RT @ATT: Welcome to the team! @taylorswift13 https://t.co/4h86nLYuLo https://t.co/gAHOi7fPrZ,,,Twitter
Dallas3,32.8293128,-96.8272358,5616 Lemmon Ave,75209,Mon Oct 24 22:20:12 +0000 2016,@BethAnneCarroll What a season! Who is your favorite MLS Player? #SoccerEverywhere,,,Twitter
Dallas3,32.8293128,-96.8272358,5616 Lemmon Ave,75209,Mon Oct 24 22:17:16 +0000 2016,@JMar_lewis What a great day of action! What MLS Club do you support? #SoccerEverywhere,,,Twitter
Dallas3,32.8293128,-96.8272358,5616 Lemmon Ave,75209,Mon Oct 24 22:17:03 +0000 2016,Here's a look at the brands AT&amp;T would inherit with the Time Warner deal: https://t.co/rFNTHkFY7Q,,,Twitter
Dallas3,32.8293128,-96.8272358,5616 Lemmon Ave,75209,Mon Oct 24 22:16:57 +0000 2016,"RT @dallasnews: Your evening roundup: Ebola nurse settles lawsuit, AT&amp;T optimistic about merger approval, early voting starts https://t.co/…",,,Twitter
Dallas3,32.8293128,-96.8272358,5616 Lemmon Ave,75209,Mon Oct 24 22:16:39 +0000 2016,@s0c_butterfly Incredible day of action! Who is your favorite MLS player? #SoccerEverywhere,,,Twitter
Dallas3,32.8293128,-96.8272358,5616 Lemmon Ave,75209,Mon Oct 24 22:12:04 +0000 2016,"RT @dallasnews: Your evening roundup: Ebola nurse settles lawsuit, AT&amp;T optimistic about merger approval, early voting starts https://t.co/…",,,Twitter
Dallas3,32.8293128,-96.8272358,5616 Lemmon Ave,75209,Mon Oct 24 22:10:16 +0000 2016,How IoT maximizes taste and minimizes waste https://t.co/YuDyS3TCJB #attemployee https://t.co/lvQ2hWsa8P,,,Twitter
Dallas3,32.8293128,-96.8272358,5616 Lemmon Ave,75209,Mon Oct 24 22:08:25 +0000 2016,"Your evening roundup: Ebola nurse settles lawsuit, AT&amp;T optimistic about merger approval, early voting starts… https://t.co/gmdpFLE1Hm",,,Twitter
Dallas3,32.8293128,-96.8272358,5616 Lemmon Ave,75209,Mon Oct 24 22:06:40 +0000 2016,"How the AT&amp;T-Time Warner deal changes the TV, mobile landscapes https://t.co/r8vR9j26fH | @Conor_Shine https://t.co/TnnO9muFlG",,,Twitter
Dallas3,32.8293128,-96.8272358,5616 Lemmon Ave,75209,Mon Oct 24 22:00:02 +0000 2016,"Bañado de sol y arena con una canción más dulce que el caramelo, comparte lo mejor de #Cuba desde tu móvil.… https://t.co/7NjXV0keRh",,,Twitter
Dallas3,32.8293128,-96.8272358,5616 Lemmon Ave,75209,Mon Oct 24 21:47:13 +0000 2016,How have Texas lawmakers reacted to Dallas-based #ATT's mega-merger? Mostly with silence https://t.co/fpNVOUNo6x #DFW,,,Twitter
Dallas3,32.8293128,-96.8272358,5616 Lemmon Ave,75209,Mon Oct 24 21:46:25 +0000 2016,RT @ATT: Another reason to smile for the camera. The #LGV20 from @LGUSAMobile will be available in stores starting today. https://t.co/TILu…,,,Twitter
Dallas3,32.8293128,-96.8272358,5616 Lemmon Ave,75209,Mon Oct 24 21:45:18 +0000 2016,"Hey @att this is my life, come and goes, fast, then slow #HelpTheBrotherOut  https://t.co/zNlDTAOEPR #speedtest",,,Twitter
Dallas3,32.8293128,-96.8272358,5616 Lemmon Ave,75209,Mon Oct 24 21:43:46 +0000 2016,"RT @dallasnews: No, Time Warner Cable isn't part of @ATT merger and here's why https://t.co/D3z9z8xwh8 | @melissa_repko https://t.co/KyBHpz…",,,Twitter
Dallas3,32.8293128,-96.8272358,5616 Lemmon Ave,75209,Mon Oct 24 21:40:06 +0000 2016,RT @attJOBS: Our new #SanFrancisco flagship store is restored and ready for the future with our latest technology. Take a look: https://t.c…,,,Twitter
Dallas3,32.8293128,-96.8272358,5616 Lemmon Ave,75209,Mon Oct 24 21:39:36 +0000 2016,"RT @ATT: Mother Nature is unpredictable, so we rely on our Network Disaster Recovery team to connect you when you need it most. https://t.c…",,,Twitter
Dallas3,32.8293128,-96.8272358,5616 Lemmon Ave,75209,Mon Oct 24 21:39:34 +0000 2016,RT @attJOBS: Our new #SanFrancisco flagship store is restored and ready for the future with our latest technology. Take a look: https://t.c…,,,Twitter
Dallas3,32.8293128,-96.8272358,5616 Lemmon Ave,75209,Mon Oct 24 21:39:15 +0000 2016,@DIRECTV about to make a formal complaint as we were suppose to get a $200.00 voucher card from Direct TV when we signed up.  NEVER GOT IT,,,Twitter
Dallas3,32.8293128,-96.8272358,5616 Lemmon Ave,75209,Mon Oct 24 21:34:28 +0000 2016,What to make of an AT&amp;T and Time Warner merger https://t.co/MR1GACrb0r,,,Twitter
Dallas3,32.8293128,-96.8272358,5616 Lemmon Ave,75209,Mon Oct 24 21:33:46 +0000 2016,RT @ATT: Another reason to smile for the camera. The #LGV20 from @LGUSAMobile will be available in stores starting today. https://t.co/TILu…,,,Twitter
Dallas3,32.8293128,-96.8272358,5616 Lemmon Ave,75209,Mon Oct 24 21:33:32 +0000 2016,Did we get #TrumpClintoned by @Ask_Spectrum and @ATT ?! 😵😵😵😵😵😵😮😮😮😮😮 https://t.co/oDvU1CBLMO,,,Twitter
Dallas3,32.8293128,-96.8272358,5616 Lemmon Ave,75209,Mon Oct 24 21:28:50 +0000 2016,"RT @dallasnews: No, Time Warner Cable isn't part of @ATT merger and here's why https://t.co/D3z9z8xwh8 | @melissa_repko https://t.co/KyBHpz…",,,Twitter
Dallas3,32.8293128,-96.8272358,5616 Lemmon Ave,75209,Mon Oct 24 21:28:29 +0000 2016,"RT @DMNBiz: Speak now: Why critics want the $108 billion marriage of AT&amp;T, Time Warner to fail https://t.co/KckQ3FG5S7 https://t.co/tMlNG6j…",,,Twitter
Dallas3,32.8293128,-96.8272358,5616 Lemmon Ave,75209,Mon Oct 24 21:28:18 +0000 2016,RT @attJOBS: Our new #SanFrancisco flagship store is restored and ready for the future with our latest technology. Take a look: https://t.c…,,,Twitter
Dallas3,32.8293128,-96.8272358,5616 Lemmon Ave,75209,Mon Oct 24 21:26:38 +0000 2016,"RT @dallasnews: No, Time Warner Cable isn't part of @ATT merger and here's why https://t.co/D3z9z8xwh8 | @melissa_repko https://t.co/KyBHpz…",,,Twitter
Dallas3,32.8293128,-96.8272358,5616 Lemmon Ave,75209,Mon Oct 24 21:23:56 +0000 2016,"Speak now: Why critics want the $108 billion marriage of AT&amp;T, Time Warner to fail https://t.co/KckQ3FG5S7 https://t.co/tMlNG6jU7k",,,Twitter
Dallas3,32.8293128,-96.8272358,5616 Lemmon Ave,75209,Mon Oct 24 21:22:05 +0000 2016,"No, Time Warner Cable isn't part of AT&amp;amp;T merger and here's why https://t.co/LQYJHEtnWj via @dallasnews",,,Twitter
Dallas3,32.8293128,-96.8272358,5616 Lemmon Ave,75209,Mon Oct 24 21:20:36 +0000 2016,RT @ATT: Another reason to smile for the camera. The #LGV20 from @LGUSAMobile will be available in stores starting today. https://t.co/TILu…,,,Twitter
Dallas3,32.8293128,-96.8272358,5616 Lemmon Ave,75209,Mon Oct 24 21:20:01 +0000 2016,Our new #SanFrancisco flagship store is restored and ready for the future with our latest technology. Take a look:… https://t.co/UHa06M6DNQ,,,Twitter
Dallas3,32.8293128,-96.8272358,5616 Lemmon Ave,75209,Mon Oct 24 21:19:38 +0000 2016,"RT @dallasnews: No, Time Warner Cable isn't part of @ATT merger and here's why https://t.co/D3z9z8xwh8 | @melissa_repko https://t.co/KyBHpz…",,,Twitter
Dallas3,32.8293128,-96.8272358,5616 Lemmon Ave,75209,Mon Oct 24 21:18:22 +0000 2016,"RT @dallasnews: No, Time Warner Cable isn't part of @ATT merger and here's why https://t.co/D3z9z8xwh8 | @melissa_repko https://t.co/KyBHpz…",,,Twitter
Dallas3,32.8293128,-96.8272358,5616 Lemmon Ave,75209,Mon Oct 24 21:18:22 +0000 2016,"RT @dallasnews: No, Time Warner Cable isn't part of @ATT merger and here's why https://t.co/D3z9z8xwh8 | @melissa_repko https://t.co/KyBHpz…",,,Twitter
Dallas3,32.8293128,-96.8272358,5616 Lemmon Ave,75209,Mon Oct 24 21:17:05 +0000 2016,"No, Time Warner Cable isn't part of @ATT merger and here's why https://t.co/D3z9z8xwh8 | @melissa_repko https://t.co/KyBHpzkP7e",,,Twitter
Dallas3,32.8293128,-96.8272358,5616 Lemmon Ave,75209,Mon Oct 24 21:12:31 +0000 2016,RT @ATT: Welcome to the team! @taylorswift13 https://t.co/4h86nLYuLo https://t.co/gAHOi7fPrZ,,,Twitter
Dallas3,32.8293128,-96.8272358,5616 Lemmon Ave,75209,Mon Oct 24 21:08:43 +0000 2016,RT @ATT: Welcome to the team! @taylorswift13 https://t.co/4h86nLYuLo https://t.co/gAHOi7fPrZ,,,Twitter
Dallas3,32.8293128,-96.8272358,5616 Lemmon Ave,75209,Mon Oct 24 20:54:33 +0000 2016,"I called @DIRECTV to make account changes and it sounds like a party in the background. People cheering and screaming, heh",,,Twitter
Dallas3,32.8293128,-96.8272358,5616 Lemmon Ave,75209,Mon Oct 24 20:53:00 +0000 2016,RT @ATTBusiness: SDN + #AI is like peanut butter + jelly. Find out why it's a perfect combination: https://t.co/OrfatAuWXA https://t.co/51x…,,,Twitter
Dallas3,32.8293128,-96.8272358,5616 Lemmon Ave,75209,Mon Oct 24 20:49:50 +0000 2016,RT @ATT: The #futureofvideo is mobile and the #futureofmobile is video. Time Warner + AT&amp;T make it happen! @twxcorp https://t.co/GKx4U9TQYg,,,Twitter
Dallas3,32.8293128,-96.8272358,5616 Lemmon Ave,75209,Mon Oct 24 20:48:38 +0000 2016,The millennial angle to the AT&amp;T-Time Warner deal: Media companies are under pressure to stay rel... https://t.co/MDxHvmjtPt by @Digiday,,,Twitter
Dallas3,32.8293128,-96.8272358,5616 Lemmon Ave,75209,Mon Oct 24 20:48:12 +0000 2016,RT @ATT: Welcome to the team! @taylorswift13 https://t.co/4h86nLYuLo https://t.co/gAHOi7fPrZ,,,Twitter
Dallas3,32.8293128,-96.8272358,5616 Lemmon Ave,75209,Mon Oct 24 20:45:49 +0000 2016,@ATT and @TWC can not merge.TWC is much more suprerior and affordable. I am moving to get out of an ATT area in DEC… https://t.co/bLfvYOtSPJ,,,Twitter
Dallas3,32.8293128,-96.8272358,5616 Lemmon Ave,75209,Mon Oct 24 20:41:47 +0000 2016,I was looking forward to moving from where I live because @timewarner does not serve this area and I hate @ATT. Now they want to merge?,,,Twitter
Dallas3,32.8293128,-96.8272358,5616 Lemmon Ave,75209,Mon Oct 24 20:41:33 +0000 2016,RT @ATT: Another reason to smile for the camera. The #LGV20 from @LGUSAMobile will be available in stores starting today. https://t.co/TILu…,,,Twitter
Dallas3,32.8293128,-96.8272358,5616 Lemmon Ave,75209,Mon Oct 24 20:36:14 +0000 2016,RT @ATT: Another reason to smile for the camera. The #LGV20 from @LGUSAMobile will be available in stores starting today. https://t.co/TILu…,,,Twitter
Dallas3,32.8293128,-96.8272358,5616 Lemmon Ave,75209,Mon Oct 24 20:36:11 +0000 2016,Treasure trove: Here's the brand powerhouse #ATT inherits in Time Warner deal https://t.co/9dZOA1bVTJ #DFW #Tech,,,Twitter
Dallas3,32.8293128,-96.8272358,5616 Lemmon Ave,75209,Mon Oct 24 20:32:45 +0000 2016,RT @ATT: The #futureofvideo is mobile and the #futureofmobile is video. Time Warner + AT&amp;T make it happen! @twxcorp https://t.co/GKx4U9TQYg,,,Twitter
Dallas3,32.8293128,-96.8272358,5616 Lemmon Ave,75209,Mon Oct 24 20:30:12 +0000 2016,Bernie Sanders: Obama Administration “Should Kill” The AT&amp;T-Time Warner Deal: “Higher Prices &amp; Fewer Choices” - https://t.co/NOdp3TtNic,,,Twitter
Dallas3,32.8293128,-96.8272358,5616 Lemmon Ave,75209,Mon Oct 24 20:29:03 +0000 2016,RT @ATT: Welcome to the team! @taylorswift13 https://t.co/4h86nLYuLo https://t.co/gAHOi7fPrZ,,,Twitter
Dallas3,32.8293128,-96.8272358,5616 Lemmon Ave,75209,Mon Oct 24 20:28:25 +0000 2016,RT @theresambates: Quiz: How much do you really know about dogs? #PuppyLove https://t.co/aOJYoykatq #attemployee https://t.co/TLMTpKFLtd,,,Twitter
Dallas3,32.8293128,-96.8272358,5616 Lemmon Ave,75209,Mon Oct 24 20:23:54 +0000 2016,"RT @ATT: Mother Nature is unpredictable, so we rely on our Network Disaster Recovery team to connect you when you need it most. https://t.c…",,,Twitter
Dallas3,32.8293128,-96.8272358,5616 Lemmon Ave,75209,Mon Oct 24 20:20:47 +0000 2016,RT @ATT: Another reason to smile for the camera. The #LGV20 from @LGUSAMobile will be available in stores starting today. https://t.co/TILu…,,,Twitter
Dallas3,32.8293128,-96.8272358,5616 Lemmon Ave,75209,Mon Oct 24 20:17:23 +0000 2016,"RT @DMNBiz: No, Time Warner Cable isn't part of @ATT merger and here's why https://t.co/TZXzNjG2cF | @melissa_repko https://t.co/uLEyqcImUB",,,Twitter
Dallas3,32.8293128,-96.8272358,5616 Lemmon Ave,75209,Mon Oct 24 20:14:27 +0000 2016,RT @ATT: Another reason to smile for the camera. The #LGV20 from @LGUSAMobile will be available in stores starting today. https://t.co/TILu…,,,Twitter
Dallas3,32.8293128,-96.8272358,5616 Lemmon Ave,75209,Mon Oct 24 20:14:09 +0000 2016,RT @ATT: Another reason to smile for the camera. The #LGV20 from @LGUSAMobile will be available in stores starting today. https://t.co/TILu…,,,Twitter
Dallas3,32.8293128,-96.8272358,5616 Lemmon Ave,75209,Mon Oct 24 20:13:22 +0000 2016,RT @ATT: Another reason to smile for the camera. The #LGV20 from @LGUSAMobile will be available in stores starting today. https://t.co/TILu…,,,Twitter
Dallas3,32.8293128,-96.8272358,5616 Lemmon Ave,75209,Mon Oct 24 20:13:12 +0000 2016,RT @ATT: Welcome to the team! @taylorswift13 https://t.co/4h86nLYuLo https://t.co/gAHOi7fPrZ,,,Twitter
Dallas3,32.8293128,-96.8272358,5616 Lemmon Ave,75209,Mon Oct 24 20:12:58 +0000 2016,RT @ATT: Another reason to smile for the camera. The #LGV20 from @LGUSAMobile will be available in stores starting today. https://t.co/TILu…,,,Twitter
Dallas3,32.8293128,-96.8272358,5616 Lemmon Ave,75209,Mon Oct 24 20:10:08 +0000 2016,"AT&amp;T’s internet-only DirecTV service launches in November
https://t.co/WcKIq8lFzz",,,Twitter
Dallas3,32.8293128,-96.8272358,5616 Lemmon Ave,75209,Mon Oct 24 20:06:06 +0000 2016,"RT @DMNBiz: No, Time Warner Cable isn't part of @ATT merger and here's why https://t.co/TZXzNjG2cF | @melissa_repko https://t.co/uLEyqcImUB",,,Twitter
Dallas3,32.8293128,-96.8272358,5616 Lemmon Ave,75209,Mon Oct 24 20:05:17 +0000 2016,AT&amp;T's Time Warner Deal Comes at a Huge Cost via @FortuneMagazine https://t.co/kGOhtsj2BK,,,Twitter
Dallas3,32.8293128,-96.8272358,5616 Lemmon Ave,75209,Mon Oct 24 20:03:21 +0000 2016,RT @ATT: Welcome to the team! @taylorswift13 https://t.co/4h86nLYuLo https://t.co/gAHOi7fPrZ,,,Twitter
Dallas3,32.8293128,-96.8272358,5616 Lemmon Ave,75209,Mon Oct 24 20:02:52 +0000 2016,RT @ATT: Welcome to the team! @taylorswift13 https://t.co/4h86nLYuLo https://t.co/gAHOi7fPrZ,,,Twitter
Dallas3,32.8293128,-96.8272358,5616 Lemmon Ave,75209,Mon Oct 24 20:01:55 +0000 2016,RT @ATT: Get a sweet deal on the new iPhone 7 when you switch to AT&amp;T and have DIRECTV. https://t.co/TQVeUkmeZ6 https://t.co/zfZmNpe8AP,,,Twitter
Dallas3,32.8293128,-96.8272358,5616 Lemmon Ave,75209,Mon Oct 24 19:53:49 +0000 2016,"RT @DMNBiz: No, Time Warner Cable isn't part of @ATT merger and here's why https://t.co/TZXzNjG2cF | @melissa_repko https://t.co/uLEyqcImUB",,,Twitter
Dallas3,32.8293128,-96.8272358,5616 Lemmon Ave,75209,Mon Oct 24 19:50:26 +0000 2016,RT @ATT: The #futureofvideo is mobile and the #futureofmobile is video. Time Warner + AT&amp;T make it happen! @twxcorp https://t.co/GKx4U9TQYg,,,Twitter
Dallas3,32.8293128,-96.8272358,5616 Lemmon Ave,75209,Mon Oct 24 19:50:22 +0000 2016,AT&amp;T's Time Warner Deal Comes at a Huge Cost via Fortune https://t.co/kGOhts1rda https://t.co/7xxP5MpbPH,,,Twitter
Dallas3,32.8293128,-96.8272358,5616 Lemmon Ave,75209,Mon Oct 24 19:50:06 +0000 2016,RT @RickTweetTweet: Breaking News!!! AT&amp;T to Acquire Time Warner! My family just got bigger! #LifeAtATT  #TimeWarner https://t.co/RUAJa5ciO…,,,Twitter
Dallas3,32.8293128,-96.8272358,5616 Lemmon Ave,75209,Mon Oct 24 19:47:39 +0000 2016,RT @ATT: Welcome to the team! @taylorswift13 https://t.co/4h86nLYuLo https://t.co/gAHOi7fPrZ,,,Twitter
Dallas3,32.8293128,-96.8272358,5616 Lemmon Ave,75209,Mon Oct 24 19:46:47 +0000 2016,@melissa_repko TMO kicked butt this quarter so you can see that both VER and ATT losing and making moves with TW and Yahoo,,,Twitter
Dallas3,32.8293128,-96.8272358,5616 Lemmon Ave,75209,Mon Oct 24 19:44:24 +0000 2016,RT @attJOBS: Last year we donated $1M to @GirlsWhoCode &amp; the future careers of women technologists everywhere! #GHC16 https://t.co/rKDF99f5…,,,Twitter
Dallas3,32.8293128,-96.8272358,5616 Lemmon Ave,75209,Mon Oct 24 19:44:20 +0000 2016,RT @ATT: Welcome to the team! @taylorswift13 https://t.co/4h86nLYuLo https://t.co/gAHOi7fPrZ,,,Twitter
Dallas3,32.8293128,-96.8272358,5616 Lemmon Ave,75209,Mon Oct 24 19:43:02 +0000 2016,AT&amp;T to Purchase Time Warner for $85.4B: Here’s What You Need to Know https://t.co/daj32dYNdV https://t.co/cZ9H4BTdNO,,,Twitter
Dallas3,32.8293128,-96.8272358,5616 Lemmon Ave,75209,Mon Oct 24 19:38:33 +0000 2016,"RT @DMNBiz: No, Time Warner Cable isn't part of @ATT merger and here's why https://t.co/TZXzNjG2cF | @melissa_repko https://t.co/uLEyqcImUB",,,Twitter
Dallas3,32.8293128,-96.8272358,5616 Lemmon Ave,75209,Mon Oct 24 19:37:48 +0000 2016,"RT @DMNBiz: No, Time Warner Cable isn't part of @ATT merger and here's why https://t.co/TZXzNjG2cF | @melissa_repko https://t.co/uLEyqcImUB",,,Twitter
Dallas3,32.8293128,-96.8272358,5616 Lemmon Ave,75209,Mon Oct 24 19:37:06 +0000 2016,"No, Time Warner Cable isn't part of @ATT merger and here's why https://t.co/TZXzNjG2cF | @melissa_repko https://t.co/uLEyqcImUB",,,Twitter
Dallas3,32.8293128,-96.8272358,5616 Lemmon Ave,75209,Mon Oct 24 19:36:13 +0000 2016,RT @ATT: Welcome to the team! @taylorswift13 https://t.co/4h86nLYuLo https://t.co/gAHOi7fPrZ,,,Twitter
Dallas3,32.8293128,-96.8272358,5616 Lemmon Ave,75209,Mon Oct 24 19:28:07 +0000 2016,RT @ATTBusiness: #IoT makes reaching into this vending machine like reaching into a garden. Check it out: https://t.co/1Dk54D1pvz #National…,,,Twitter
Dallas3,32.8293128,-96.8272358,5616 Lemmon Ave,75209,Mon Oct 24 19:24:59 +0000 2016,Quiz: How much do you really know about dogs? #PuppyLove https://t.co/aOJYoykatq #attemployee https://t.co/TLMTpKFLtd,,,Twitter
Dallas3,32.8293128,-96.8272358,5616 Lemmon Ave,75209,Mon Oct 24 19:19:54 +0000 2016,RT @dallasnews: .@ATT CEO Randall Stephenson confident @twxcorp merger will get past regulators https://t.co/2Re2eGzanm #atttimewarner | @M…,,,Twitter
Dallas3,32.8293128,-96.8272358,5616 Lemmon Ave,75209,Mon Oct 24 19:18:24 +0000 2016,RT @ATTBusiness: #IoT makes reaching into this vending machine like reaching into a garden. Check it out: https://t.co/1Dk54D1pvz #National…,,,Twitter
Dallas3,32.8293128,-96.8272358,5616 Lemmon Ave,75209,Mon Oct 24 19:17:28 +0000 2016,RT @ATTBusiness: #IoT makes reaching into this vending machine like reaching into a garden. Check it out: https://t.co/1Dk54D1pvz #National…,,,Twitter
Dallas3,32.8293128,-96.8272358,5616 Lemmon Ave,75209,Mon Oct 24 19:17:25 +0000 2016,RT @ATT: Welcome to the team! @taylorswift13 https://t.co/4h86nLYuLo https://t.co/gAHOi7fPrZ,,,Twitter
Dallas3,32.8293128,-96.8272358,5616 Lemmon Ave,75209,Mon Oct 24 19:16:38 +0000 2016,.@ATT CEO Randall Stephenson confident @twxcorp merger will get past regulators https://t.co/2Re2eGzanm… https://t.co/uFJtIpUZdN,,,Twitter
Dallas3,32.8293128,-96.8272358,5616 Lemmon Ave,75209,Mon Oct 24 19:14:42 +0000 2016,RT @ATTLatino: Puertorriqueña. Inspiradora. Luchadora. @DeniseBidot habla sobre su pasión por romper estereotipos. https://t.co/PBiBGpnolH…,,,Twitter
Dallas3,32.8293128,-96.8272358,5616 Lemmon Ave,75209,Mon Oct 24 19:14:09 +0000 2016,In 231 gms under Stoops prior to TT @OU_Football opp had converted 10+ 3rd downs 12 times (max-13). Only 9 gms of 20 3rd down att. #Sooners,,,Twitter
Dallas3,32.8293128,-96.8272358,5616 Lemmon Ave,75209,Mon Oct 24 19:13:25 +0000 2016,RT @ATT: Another reason to smile for the camera. The #LGV20 from @LGUSAMobile will be available in stores starting today. https://t.co/TILu…,,,Twitter
Dallas3,32.8293128,-96.8272358,5616 Lemmon Ave,75209,Mon Oct 24 19:11:21 +0000 2016,RT @ATTBusiness: Cybersecurity preparedness starts w/ a strong incident response plan. Get info to help shield your org from attack: https:…,,,Twitter
Dallas3,32.8293128,-96.8272358,5616 Lemmon Ave,75209,Mon Oct 24 19:11:07 +0000 2016,RT @ATT: Another reason to smile for the camera. The #LGV20 from @LGUSAMobile will be available in stores starting today. https://t.co/TILu…,,,Twitter
Dallas3,32.8293128,-96.8272358,5616 Lemmon Ave,75209,Mon Oct 24 19:09:53 +0000 2016,@russellbrandom @reckless ATT has fiber,,,Twitter
Dallas3,32.8293128,-96.8272358,5616 Lemmon Ave,75209,Mon Oct 24 19:05:50 +0000 2016,"Stephenson: AT&amp;T, Time Warner Deal ‘Defining the Future of Media’: Randall Stephenson, CEO of Dallas-based AT&amp;T,… https://t.co/jQHLTbHMUI",,,Twitter
Dallas3,32.8293128,-96.8272358,5616 Lemmon Ave,75209,Mon Oct 24 19:05:34 +0000 2016,@ATT and @twxcorp merger could mean great packages for DirectTV Now and Uverse consumers.,,,Twitter
Dallas3,32.8293128,-96.8272358,5616 Lemmon Ave,75209,Mon Oct 24 19:02:54 +0000 2016,"Stephenson: AT&amp;T, Time Warner Deal ‘Defining the Future of Media’ https://t.co/ib6qJ894zy",,,Twitter
Dallas3,32.8293128,-96.8272358,5616 Lemmon Ave,75209,Mon Oct 24 19:02:52 +0000 2016,"Stephenson: AT&amp;T, Time Warner Deal ‘Defining the Future of Media’: Randall Stephenson, CEO of Dallas-based AT&amp;T,… https://t.co/GSmyHPYooJ",,,Twitter
Dallas3,32.8293128,-96.8272358,5616 Lemmon Ave,75209,Mon Oct 24 19:02:47 +0000 2016,"Stephenson: AT&amp;T, Time Warner Deal ‘Defining the Future of Media’: Randall Stephenson, CEO of Dallas-based AT&amp;T,… https://t.co/7ERuP7FJwt",,,Twitter
Dallas3,32.8293128,-96.8272358,5616 Lemmon Ave,75209,Mon Oct 24 19:02:45 +0000 2016,"Stephenson: AT&amp;T, Time Warner Deal ‘Defining the Future of Media’: Randall Stephenson, CEO of Dallas-based AT&amp;T,… https://t.co/wzKzuJlJav",,,Twitter
Dallas3,32.8293128,-96.8272358,5616 Lemmon Ave,75209,Mon Oct 24 19:00:05 +0000 2016,#IoT makes reaching into this vending machine like reaching into a garden. Check it out: https://t.co/1Dk54D1pvz… https://t.co/HsycbxAwFE,,,Twitter
Dallas3,32.8293128,-96.8272358,5616 Lemmon Ave,75209,Mon Oct 24 18:59:09 +0000 2016,"Don't expect a change in viewpoint for CNN, AT&amp;T chief says https://t.co/oYaURY2xEH | @agarre https://t.co/SMyURjsDIF",,,Twitter
Dallas3,32.8293128,-96.8272358,5616 Lemmon Ave,75209,Mon Oct 24 18:49:36 +0000 2016,RT @ATT: The #futureofvideo is mobile and the #futureofmobile is video. Time Warner + AT&amp;T make it happen! @twxcorp https://t.co/GKx4U9TQYg,,,Twitter
Store,Latitude,Longitude,Address,Zip,CreatedAt,Text,Senti,Rating,Source
Dallas3,32.8293128,-96.8272358,5616 Lemmon Ave,75209,Sat Oct 22 18:42:34 +0000 2016,@GameOfThrones 4 @ATT $T buys @DIRECTV &amp; @HBO 's #TimeWarner while @timarmstrongaol of @verizon buys @AOL &amp; @Yahoo… https://t.co/SaXbGlATXK,,,Twitter
Dallas3,32.8293128,-96.8272358,5616 Lemmon Ave,75209,Sat Oct 22 18:38:21 +0000 2016,RT @ATT: Las Vegas- Celebrate #LGBTHistoryMonth by heading over to Snapchat and using our exclusive filters! https://t.co/HiHbHuJHD1,,,Twitter
Dallas3,32.8293128,-96.8272358,5616 Lemmon Ave,75209,Sat Oct 22 18:31:55 +0000 2016,@ATT Reaches Deal to Buy @twxcorp for More Than $80 Billion https://t.co/vCwS3Ef4uf via @WSJ,,,Twitter
Dallas3,32.8293128,-96.8272358,5616 Lemmon Ave,75209,Sat Oct 22 18:22:08 +0000 2016,"RT @ATT: Hey, Bears! @ATT + @TOMS are coming to game day this week to share their story &amp; #CelebrateGood with fans. Stop by! https://t.co/M…",,,Twitter
Dallas3,32.8293128,-96.8272358,5616 Lemmon Ave,75209,Sat Oct 22 18:19:06 +0000 2016,"RT @ATT: Some people may wait a lifetime, but you don't have to. On 11/2-3, AT&amp;T customers can buy @kelly_clarkson tix early. https://t.co/…",,,Twitter
Dallas3,32.8293128,-96.8272358,5616 Lemmon Ave,75209,Sat Oct 22 18:17:50 +0000 2016,RT @ATT: Welcome to the team! @taylorswift13 https://t.co/4h86nLYuLo https://t.co/gAHOi7fPrZ,,,Twitter
Dallas3,32.8293128,-96.8272358,5616 Lemmon Ave,75209,Sat Oct 22 18:09:13 +0000 2016,RT @ATT: Who made you a college 🏈 fan? Share with #MadeMeAFanContest for a chance to win. Rules https://t.co/hU3I3wFn5V https://t.co/xZbxUJ…,,,Twitter
Dallas3,32.8293128,-96.8272358,5616 Lemmon Ave,75209,Sat Oct 22 18:04:12 +0000 2016,@caroljsroth so what are your thoughts on the @ATT @TWC deal?,,,Twitter
Dallas3,32.8293128,-96.8272358,5616 Lemmon Ave,75209,Sat Oct 22 18:01:18 +0000 2016,RT @ATT: Welcome to the team! @taylorswift13 https://t.co/4h86nLYuLo https://t.co/gAHOi7fPrZ,,,Twitter
Dallas3,32.8293128,-96.8272358,5616 Lemmon Ave,75209,Sat Oct 22 17:51:05 +0000 2016,RT @ATT: Las Vegas- Celebrate #LGBTHistoryMonth by heading over to Snapchat and using our exclusive filters! https://t.co/HiHbHuJHD1,,,Twitter
Dallas3,32.8293128,-96.8272358,5616 Lemmon Ave,75209,Sat Oct 22 17:49:13 +0000 2016,why iPhones cost almost $1000 but I just simply restarted my phone and it deleted all my messages for no reason 😐😐😐😐😐😐 @ATT @Apple U SUCK,,,Twitter
Dallas3,32.8293128,-96.8272358,5616 Lemmon Ave,75209,Sat Oct 22 17:46:54 +0000 2016,"RT @ATT: Some people may wait a lifetime, but you don't have to. On 11/2-3, AT&amp;T customers can buy @kelly_clarkson tix early. https://t.co/…",,,Twitter
Dallas3,32.8293128,-96.8272358,5616 Lemmon Ave,75209,Sat Oct 22 17:41:41 +0000 2016,RT @ATT: Are you ready for the revolution? Watch the @GreenDay @iHeartRadio Album Release Party now. #iHeartGreenDay https://t.co/ec2gZXKu7U,,,Twitter
Dallas3,32.8293128,-96.8272358,5616 Lemmon Ave,75209,Sat Oct 22 17:33:06 +0000 2016,"RT @ATT: Hey, Bears! @ATT + @TOMS are coming to game day this week to share their story &amp; #CelebrateGood with fans. Stop by! https://t.co/M…",,,Twitter
Dallas3,32.8293128,-96.8272358,5616 Lemmon Ave,75209,Sat Oct 22 17:25:45 +0000 2016,RT @ATT: Welcome to the team! @taylorswift13 https://t.co/4h86nLYuLo https://t.co/gAHOi7fPrZ,,,Twitter
Dallas3,32.8293128,-96.8272358,5616 Lemmon Ave,75209,Sat Oct 22 17:24:57 +0000 2016,RT @ATT: Welcome to the team! @taylorswift13 https://t.co/4h86nLYuLo https://t.co/gAHOi7fPrZ,,,Twitter
Dallas3,32.8293128,-96.8272358,5616 Lemmon Ave,75209,Sat Oct 22 17:12:46 +0000 2016,"RT @ATT: We want to see your #ATTRedCarpet watch party! Tweet us your plans, and tune in on @AudienceNetwork on 11/2! #CMAAwards50 https://…",,,Twitter
Dallas3,32.8293128,-96.8272358,5616 Lemmon Ave,75209,Sat Oct 22 17:08:04 +0000 2016,"RT @ATT: Watch the @GreenDay @iHeartRadio Album Release Party Tonight, 9pm ET/PT on AUDIENCE. DIRECTV ch 239/U-verse ch 1114. https://t.co/…",,,Twitter
Dallas3,32.8293128,-96.8272358,5616 Lemmon Ave,75209,Sat Oct 22 17:01:26 +0000 2016,RT @ATT: Welcome to the team! @taylorswift13 https://t.co/4h86nLYuLo https://t.co/gAHOi7fPrZ,,,Twitter
Dallas3,32.8293128,-96.8272358,5616 Lemmon Ave,75209,Sat Oct 22 17:00:05 +0000 2016,"RT @ATT: Watch the @GreenDay @iHeartRadio Album Release Party Tonight, 9pm ET/PT on AUDIENCE. DIRECTV ch 239/U-verse ch 1114. https://t.co/…",,,Twitter
Dallas3,32.8293128,-96.8272358,5616 Lemmon Ave,75209,Sat Oct 22 16:47:24 +0000 2016,RT @ATT: Welcome to the team! @taylorswift13 https://t.co/4h86nLYuLo https://t.co/gAHOi7fPrZ,,,Twitter
Dallas3,32.8293128,-96.8272358,5616 Lemmon Ave,75209,Sat Oct 22 16:46:29 +0000 2016,I'll be done with @TWC if this happens. I left @ATT for a reason.  https://t.co/QxiMxFkSNQ,,,Twitter
Dallas3,32.8293128,-96.8272358,5616 Lemmon Ave,75209,Sat Oct 22 16:44:17 +0000 2016,RT @ATT: Welcome to the team! @taylorswift13 https://t.co/4h86nLYuLo https://t.co/gAHOi7fPrZ,,,Twitter
Dallas3,32.8293128,-96.8272358,5616 Lemmon Ave,75209,Sat Oct 22 16:43:43 +0000 2016,"RT @ATT: Watch the @GreenDay @iHeartRadio Album Release Party Tonight, 9pm ET/PT on AUDIENCE. DIRECTV ch 239/U-verse ch 1114. https://t.co/…",,,Twitter
Dallas3,32.8293128,-96.8272358,5616 Lemmon Ave,75209,Sat Oct 22 16:29:18 +0000 2016,"@DIRECTV According to @AnthonyHotels, the host of the shows, his shows are to be on Monday evening. 2 of are. I can't find Hotel Showdown.",,,Twitter
Dallas3,32.8293128,-96.8272358,5616 Lemmon Ave,75209,Sat Oct 22 16:24:50 +0000 2016,"RT @ATT: Watch the @GreenDay @iHeartRadio Album Release Party Tonight, 9pm ET/PT on AUDIENCE. DIRECTV ch 239/U-verse ch 1114. https://t.co/…",,,Twitter
Dallas3,32.8293128,-96.8272358,5616 Lemmon Ave,75209,Sat Oct 22 16:15:54 +0000 2016,@JasonWhitely @wfaachannel8 @ATT @nytimes Why?,,,Twitter
Dallas3,32.8293128,-96.8272358,5616 Lemmon Ave,75209,Sat Oct 22 16:12:09 +0000 2016,RT @ATT: Welcome to the team! @taylorswift13 https://t.co/4h86nLYuLo https://t.co/gAHOi7fPrZ,,,Twitter
Dallas3,32.8293128,-96.8272358,5616 Lemmon Ave,75209,Sat Oct 22 16:09:13 +0000 2016,RT @ATT: Welcome to the team! @taylorswift13 https://t.co/4h86nLYuLo https://t.co/gAHOi7fPrZ,,,Twitter
Dallas3,32.8293128,-96.8272358,5616 Lemmon Ave,75209,Sat Oct 22 16:05:36 +0000 2016,@JasonWhitely @ATT @nytimes Didn't spectrum just do that? My TWC bill now says Spectrum... But my bldg is now set up for ATT fiber...?,,,Twitter
Dallas3,32.8293128,-96.8272358,5616 Lemmon Ave,75209,Sat Oct 22 15:58:00 +0000 2016,@ATTCares like ffs maybe @att should be a bit more transparent,,,Twitter
Dallas3,32.8293128,-96.8272358,5616 Lemmon Ave,75209,Sat Oct 22 15:57:40 +0000 2016,"@ATTCares UNFORTUNATELY that doesn't list what the late fees are, when they occur, or anything more specific than BAD THINGS HAPPEN",,,Twitter
Dallas3,32.8293128,-96.8272358,5616 Lemmon Ave,75209,Sat Oct 22 15:53:56 +0000 2016,"RT @ATT: See how you can get up to $650 in credits with AT&amp;T.
https://t.co/qJML2cmv5a",,,Twitter
Dallas3,32.8293128,-96.8272358,5616 Lemmon Ave,75209,Sat Oct 22 15:51:35 +0000 2016,RT @ATT: @Emma_Wilson44 We’ll be giving away tickets to Taylor fans including AT&amp;T customers + special guests. We’ll share ticketing detail…,,,Twitter
Dallas3,32.8293128,-96.8272358,5616 Lemmon Ave,75209,Sat Oct 22 15:51:08 +0000 2016,"RT @ATT: Watch the @GreenDay @iHeartRadio Album Release Party Tonight, 9pm ET/PT on AUDIENCE. DIRECTV ch 239/U-verse ch 1114. https://t.co/…",,,Twitter
Dallas3,32.8293128,-96.8272358,5616 Lemmon Ave,75209,Sat Oct 22 15:40:40 +0000 2016,"RT @ATT: Watch the @GreenDay @iHeartRadio Album Release Party Tonight, 9pm ET/PT on AUDIENCE. DIRECTV ch 239/U-verse ch 1114. https://t.co/…",,,Twitter
Dallas3,32.8293128,-96.8272358,5616 Lemmon Ave,75209,Sat Oct 22 15:38:11 +0000 2016,@ATTCares yeah I will I only get paid once a month,,,Twitter
Dallas3,32.8293128,-96.8272358,5616 Lemmon Ave,75209,Sat Oct 22 15:35:45 +0000 2016,"RT @ATT: Watch the @GreenDay @iHeartRadio Album Release Party Tonight, 9pm ET/PT on AUDIENCE. DIRECTV ch 239/U-verse ch 1114. https://t.co/…",,,Twitter
Dallas3,32.8293128,-96.8272358,5616 Lemmon Ave,75209,Sat Oct 22 15:31:34 +0000 2016,"RT @ATT: Hey, Bears! @ATT + @TOMS are coming to game day this week to share their story &amp; #CelebrateGood with fans. Stop by! https://t.co/M…",,,Twitter
Dallas3,32.8293128,-96.8272358,5616 Lemmon Ave,75209,Sat Oct 22 15:30:48 +0000 2016,"RT @ATT: Watch the @GreenDay @iHeartRadio Album Release Party Tonight, 9pm ET/PT on AUDIENCE. DIRECTV ch 239/U-verse ch 1114. https://t.co/…",,,Twitter
Dallas3,32.8293128,-96.8272358,5616 Lemmon Ave,75209,Sat Oct 22 15:20:55 +0000 2016,RT @ATT: Welcome to the team! @taylorswift13 https://t.co/4h86nLYuLo https://t.co/gAHOi7fPrZ,,,Twitter
Dallas3,32.8293128,-96.8272358,5616 Lemmon Ave,75209,Sat Oct 22 15:19:21 +0000 2016,"RT @ATT: Watch the @GreenDay @iHeartRadio Album Release Party Tonight, 9pm ET/PT on AUDIENCE. DIRECTV ch 239/U-verse ch 1114. https://t.co/…",,,Twitter
Dallas3,32.8293128,-96.8272358,5616 Lemmon Ave,75209,Sat Oct 22 15:14:45 +0000 2016,RT @ATT: Welcome to the team! @taylorswift13 https://t.co/4h86nLYuLo https://t.co/gAHOi7fPrZ,,,Twitter
Dallas3,32.8293128,-96.8272358,5616 Lemmon Ave,75209,Sat Oct 22 15:05:49 +0000 2016,RT @ATT: Welcome to the team! @taylorswift13 https://t.co/4h86nLYuLo https://t.co/gAHOi7fPrZ,,,Twitter
Dallas3,32.8293128,-96.8272358,5616 Lemmon Ave,75209,Sat Oct 22 15:00:54 +0000 2016,"RT @ATT: Hey, Bears! @ATT + @TOMS are coming to game day this week to share their story &amp; #CelebrateGood with fans. Stop by! https://t.co/M…",,,Twitter
Dallas3,32.8293128,-96.8272358,5616 Lemmon Ave,75209,Sat Oct 22 14:54:39 +0000 2016,"Oops, I forgot to pay my @ATT bill last month.",,,Twitter
Dallas3,32.8293128,-96.8272358,5616 Lemmon Ave,75209,Sat Oct 22 14:49:32 +0000 2016,RT @ATT: Welcome to the team! @taylorswift13 https://t.co/4h86nLYuLo https://t.co/gAHOi7fPrZ,,,Twitter
Dallas3,32.8293128,-96.8272358,5616 Lemmon Ave,75209,Sat Oct 22 14:38:26 +0000 2016,RT @ATT: @_Reflection5H Not necessarily. We’ll be giving away lots of tickets to Taylor fans including AT&amp;T customers &amp; special guests.,,,Twitter
Dallas3,32.8293128,-96.8272358,5616 Lemmon Ave,75209,Sat Oct 22 14:27:15 +0000 2016,"RT @ATT: Watch the @GreenDay @iHeartRadio Album Release Party Tonight, 9pm ET/PT on AUDIENCE. DIRECTV ch 239/U-verse ch 1114. https://t.co/…",,,Twitter
Dallas3,32.8293128,-96.8272358,5616 Lemmon Ave,75209,Sat Oct 22 14:26:22 +0000 2016,RT @ATT: Welcome to the team! @taylorswift13 https://t.co/4h86nLYuLo https://t.co/gAHOi7fPrZ,,,Twitter
Dallas3,32.8293128,-96.8272358,5616 Lemmon Ave,75209,Sat Oct 22 14:25:46 +0000 2016,"RT @Mail4Felicia: Going on FOUR days without @ATT wireless service, can't get @ATTCares to respond to my latest msg. #ATTCommunity #Custome…",,,Twitter
Dallas3,32.8293128,-96.8272358,5616 Lemmon Ave,75209,Sat Oct 22 14:13:42 +0000 2016,RT @ATT: Welcome to the team! @taylorswift13 https://t.co/4h86nLYuLo https://t.co/gAHOi7fPrZ,,,Twitter
Dallas3,32.8293128,-96.8272358,5616 Lemmon Ave,75209,Sat Oct 22 14:08:41 +0000 2016,@ATTCares Thanks for shout out/offer of help.  Tech office now open.  Maybe update your website that tech support is not open for biz 24/7?,,,Twitter
Dallas3,32.8293128,-96.8272358,5616 Lemmon Ave,75209,Sat Oct 22 13:59:17 +0000 2016,RT @ATT: Welcome to the team! @taylorswift13 https://t.co/4h86nLYuLo https://t.co/gAHOi7fPrZ,,,Twitter
Dallas3,32.8293128,-96.8272358,5616 Lemmon Ave,75209,Sat Oct 22 13:53:34 +0000 2016,RT @ATT: Welcome to the team! @taylorswift13 https://t.co/4h86nLYuLo https://t.co/gAHOi7fPrZ,,,Twitter
Dallas3,32.8293128,-96.8272358,5616 Lemmon Ave,75209,Sat Oct 22 13:49:02 +0000 2016,"RT @ATT: Watch the @GreenDay @iHeartRadio Album Release Party Tonight, 9pm ET/PT on AUDIENCE. DIRECTV ch 239/U-verse ch 1114. https://t.co/…",,,Twitter
Dallas3,32.8293128,-96.8272358,5616 Lemmon Ave,75209,Sat Oct 22 13:45:19 +0000 2016,"RT @ATT: Watch the @GreenDay @iHeartRadio Album Release Party Tonight, 9pm ET/PT on AUDIENCE. DIRECTV ch 239/U-verse ch 1114. https://t.co/…",,,Twitter
Dallas3,32.8293128,-96.8272358,5616 Lemmon Ave,75209,Sat Oct 22 13:44:54 +0000 2016,"RT @ATT: Watch the @GreenDay @iHeartRadio Album Release Party Tonight, 9pm ET/PT on AUDIENCE. DIRECTV ch 239/U-verse ch 1114. https://t.co/…",,,Twitter
Dallas3,32.8293128,-96.8272358,5616 Lemmon Ave,75209,Sat Oct 22 13:39:55 +0000 2016,RT @ATT: Get a sweet deal on the new iPhone 7 when you switch to AT&amp;T and have DIRECTV. https://t.co/TQVeUkmeZ6 https://t.co/zfZmNpe8AP,,,Twitter
Dallas3,32.8293128,-96.8272358,5616 Lemmon Ave,75209,Sat Oct 22 13:27:30 +0000 2016,"RT @ATT: Watch the @GreenDay @iHeartRadio Album Release Party Tonight, 9pm ET/PT on AUDIENCE. DIRECTV ch 239/U-verse ch 1114. https://t.co/…",,,Twitter
Dallas3,32.8293128,-96.8272358,5616 Lemmon Ave,75209,Sat Oct 22 13:26:42 +0000 2016,RT @ATT: Welcome to the team! @taylorswift13 https://t.co/4h86nLYuLo https://t.co/gAHOi7fPrZ,,,Twitter
Dallas3,32.8293128,-96.8272358,5616 Lemmon Ave,75209,Sat Oct 22 13:21:03 +0000 2016,RT @ATT: Welcome to the team! @taylorswift13 https://t.co/4h86nLYuLo https://t.co/gAHOi7fPrZ,,,Twitter
Dallas3,32.8293128,-96.8272358,5616 Lemmon Ave,75209,Sat Oct 22 13:16:50 +0000 2016,"RT @ATT: Watch the @GreenDay @iHeartRadio Album Release Party Tonight, 9pm ET/PT on AUDIENCE. DIRECTV ch 239/U-verse ch 1114. https://t.co/…",,,Twitter
Dallas3,32.8293128,-96.8272358,5616 Lemmon Ave,75209,Sat Oct 22 13:00:02 +0000 2016,"RT @ATT: Watch the @GreenDay @iHeartRadio Album Release Party Tonight, 9pm ET/PT on AUDIENCE. DIRECTV ch 239/U-verse ch 1114. https://t.co/…",,,Twitter
Dallas3,32.8293128,-96.8272358,5616 Lemmon Ave,75209,Sat Oct 22 12:55:31 +0000 2016,"RT @ATT: Watch the @GreenDay @iHeartRadio Album Release Party Tonight, 9pm ET/PT on AUDIENCE. DIRECTV ch 239/U-verse ch 1114. https://t.co/…",,,Twitter
Dallas3,32.8293128,-96.8272358,5616 Lemmon Ave,75209,Sat Oct 22 12:30:25 +0000 2016,RT @ATT: Las Vegas- Celebrate #LGBTHistoryMonth by heading over to Snapchat and using our exclusive filters! https://t.co/HiHbHuJHD1,,,Twitter
Dallas3,32.8293128,-96.8272358,5616 Lemmon Ave,75209,Sat Oct 22 11:55:01 +0000 2016,RT @ATT: Welcome to the team! @taylorswift13 https://t.co/4h86nLYuLo https://t.co/gAHOi7fPrZ,,,Twitter
Dallas3,32.8293128,-96.8272358,5616 Lemmon Ave,75209,Sat Oct 22 11:39:34 +0000 2016,RT @ATT: Welcome to the team! @taylorswift13 https://t.co/4h86nLYuLo https://t.co/gAHOi7fPrZ,,,Twitter
Dallas3,32.8293128,-96.8272358,5616 Lemmon Ave,75209,Sat Oct 22 11:38:53 +0000 2016,RT @ATT: Welcome to the team! @taylorswift13 https://t.co/4h86nLYuLo https://t.co/gAHOi7fPrZ,,,Twitter
Dallas3,32.8293128,-96.8272358,5616 Lemmon Ave,75209,Sat Oct 22 11:25:18 +0000 2016,"RT @ATT: Watch the @GreenDay @iHeartRadio Album Release Party Tonight, 9pm ET/PT on AUDIENCE. DIRECTV ch 239/U-verse ch 1114. https://t.co/…",,,Twitter
Dallas3,32.8293128,-96.8272358,5616 Lemmon Ave,75209,Sat Oct 22 11:11:13 +0000 2016,"RT @ATT: Some people may wait a lifetime, but you don't have to. On 11/2-3, AT&amp;T customers can buy @kelly_clarkson tix early. https://t.co/…",,,Twitter
Dallas3,32.8293128,-96.8272358,5616 Lemmon Ave,75209,Sat Oct 22 11:10:17 +0000 2016,RT @ATT: Welcome to the team! @taylorswift13 https://t.co/4h86nLYuLo https://t.co/gAHOi7fPrZ,,,Twitter
Dallas3,32.8293128,-96.8272358,5616 Lemmon Ave,75209,Sat Oct 22 10:32:04 +0000 2016,RT @ATT: Welcome to the team! @taylorswift13 https://t.co/4h86nLYuLo https://t.co/gAHOi7fPrZ,,,Twitter
Dallas3,32.8293128,-96.8272358,5616 Lemmon Ave,75209,Sat Oct 22 10:09:24 +0000 2016,"RT @ATT: Watch the @GreenDay @iHeartRadio Album Release Party Tonight, 9pm ET/PT on AUDIENCE. DIRECTV ch 239/U-verse ch 1114. https://t.co/…",,,Twitter
Dallas3,32.8293128,-96.8272358,5616 Lemmon Ave,75209,Sat Oct 22 09:31:15 +0000 2016,RT @ATT: Welcome to the team! @taylorswift13 https://t.co/4h86nLYuLo https://t.co/gAHOi7fPrZ,,,Twitter
Dallas3,32.8293128,-96.8272358,5616 Lemmon Ave,75209,Sat Oct 22 09:20:26 +0000 2016,RT @ATT: Welcome to the team! @taylorswift13 https://t.co/4h86nLYuLo https://t.co/gAHOi7fPrZ,,,Twitter
Dallas3,32.8293128,-96.8272358,5616 Lemmon Ave,75209,Sat Oct 22 09:16:31 +0000 2016,RT @ATT: Welcome to the team! @taylorswift13 https://t.co/4h86nLYuLo https://t.co/gAHOi7fPrZ,,,Twitter
Dallas3,32.8293128,-96.8272358,5616 Lemmon Ave,75209,Sat Oct 22 08:56:14 +0000 2016,RT @ATT: Welcome to the team! @taylorswift13 https://t.co/4h86nLYuLo https://t.co/gAHOi7fPrZ,,,Twitter
Dallas3,32.8293128,-96.8272358,5616 Lemmon Ave,75209,Sat Oct 22 08:31:46 +0000 2016,RT @ATT: Welcome to the team! @taylorswift13 https://t.co/4h86nLYuLo https://t.co/gAHOi7fPrZ,,,Twitter
Dallas3,32.8293128,-96.8272358,5616 Lemmon Ave,75209,Sat Oct 22 08:30:02 +0000 2016,RT @ATT: Welcome to the team! @taylorswift13 https://t.co/4h86nLYuLo https://t.co/gAHOi7fPrZ,,,Twitter
Dallas3,32.8293128,-96.8272358,5616 Lemmon Ave,75209,Sat Oct 22 08:04:41 +0000 2016,"RT @ATT: Watch the @GreenDay @iHeartRadio Album Release Party Tonight, 9pm ET/PT on AUDIENCE. DIRECTV ch 239/U-verse ch 1114. https://t.co/…",,,Twitter
Dallas3,32.8293128,-96.8272358,5616 Lemmon Ave,75209,Sat Oct 22 07:50:05 +0000 2016,RT @ATT: Welcome to the team! @taylorswift13 https://t.co/4h86nLYuLo https://t.co/gAHOi7fPrZ,,,Twitter
Dallas3,32.8293128,-96.8272358,5616 Lemmon Ave,75209,Sat Oct 22 07:40:44 +0000 2016,"RT @ATT: Watch the @GreenDay @iHeartRadio Album Release Party Tonight, 9pm ET/PT on AUDIENCE. DIRECTV ch 239/U-verse ch 1114. https://t.co/…",,,Twitter
Dallas3,32.8293128,-96.8272358,5616 Lemmon Ave,75209,Sat Oct 22 07:34:56 +0000 2016,RT @ATT: Welcome to the team! @taylorswift13 https://t.co/4h86nLYuLo https://t.co/gAHOi7fPrZ,,,Twitter
Dallas3,32.8293128,-96.8272358,5616 Lemmon Ave,75209,Sat Oct 22 07:28:37 +0000 2016,RT @ATT: Welcome to the team! @taylorswift13 https://t.co/4h86nLYuLo https://t.co/gAHOi7fPrZ,,,Twitter
Dallas3,32.8293128,-96.8272358,5616 Lemmon Ave,75209,Sat Oct 22 06:50:55 +0000 2016,RT @ATT: Are you ready for the revolution? Watch the @GreenDay @iHeartRadio Album Release Party now. #iHeartGreenDay https://t.co/ec2gZXKu7U,,,Twitter
Dallas3,32.8293128,-96.8272358,5616 Lemmon Ave,75209,Sat Oct 22 06:42:08 +0000 2016,RT @ATT: Welcome to the team! @taylorswift13 https://t.co/4h86nLYuLo https://t.co/gAHOi7fPrZ,,,Twitter
Dallas3,32.8293128,-96.8272358,5616 Lemmon Ave,75209,Sat Oct 22 05:51:03 +0000 2016,RT @ATT: Welcome to the team! @taylorswift13 https://t.co/4h86nLYuLo https://t.co/gAHOi7fPrZ,,,Twitter
Dallas3,32.8293128,-96.8272358,5616 Lemmon Ave,75209,Sat Oct 22 05:47:52 +0000 2016,"RT @ATT: Watch the @GreenDay @iHeartRadio Album Release Party Tonight, 9pm ET/PT on AUDIENCE. DIRECTV ch 239/U-verse ch 1114. https://t.co/…",,,Twitter
Dallas3,32.8293128,-96.8272358,5616 Lemmon Ave,75209,Sat Oct 22 05:04:57 +0000 2016,"RT @ATT: Watch the @GreenDay @iHeartRadio Album Release Party Tonight, 9pm ET/PT on AUDIENCE. DIRECTV ch 239/U-verse ch 1114. https://t.co/…",,,Twitter
Dallas3,32.8293128,-96.8272358,5616 Lemmon Ave,75209,Sat Oct 22 04:58:57 +0000 2016,"RT @ATT: Watch the @GreenDay @iHeartRadio Album Release Party Tonight, 9pm ET/PT on AUDIENCE. DIRECTV ch 239/U-verse ch 1114. https://t.co/…",,,Twitter
Dallas3,32.8293128,-96.8272358,5616 Lemmon Ave,75209,Sat Oct 22 04:37:08 +0000 2016,RT @Uverse: 💋 the ❄️ goodbye 👋 + catch #IceAge Collision Course OnDemand. https://t.co/jzwn0xrX8j https://t.co/WVs9FZcuTm,,,Twitter
Dallas3,32.8293128,-96.8272358,5616 Lemmon Ave,75209,Sat Oct 22 04:24:51 +0000 2016,"RT @ATT: Watch the @GreenDay @iHeartRadio Album Release Party Tonight, 9pm ET/PT on AUDIENCE. DIRECTV ch 239/U-verse ch 1114. https://t.co/…",,,Twitter
Dallas3,32.8293128,-96.8272358,5616 Lemmon Ave,75209,Sat Oct 22 04:20:13 +0000 2016,"@ATTCares usual customer service. NOT! Tech Support says its open 24/7 but elec voice says ""that office is closed"" #goodbye #toughluck",,,Twitter
Dallas3,32.8293128,-96.8272358,5616 Lemmon Ave,75209,Sat Oct 22 04:06:03 +0000 2016,RT @ATT: Welcome to the team! @taylorswift13 https://t.co/4h86nLYuLo https://t.co/gAHOi7fPrZ,,,Twitter
Dallas3,32.8293128,-96.8272358,5616 Lemmon Ave,75209,Sat Oct 22 03:58:41 +0000 2016,@ATT our internet hasn't been working all day - what's the deal #dallas!!,,,Twitter
Dallas3,32.8293128,-96.8272358,5616 Lemmon Ave,75209,Sat Oct 22 03:56:42 +0000 2016,"RT @ATT: Watch the @GreenDay @iHeartRadio Album Release Party Tonight, 9pm ET/PT on AUDIENCE. DIRECTV ch 239/U-verse ch 1114. https://t.co/…",,,Twitter
Dallas3,32.8293128,-96.8272358,5616 Lemmon Ave,75209,Sat Oct 22 03:51:05 +0000 2016,RT @ATT: Welcome to the team! @taylorswift13 https://t.co/4h86nLYuLo https://t.co/gAHOi7fPrZ,,,Twitter
Dallas3,32.8293128,-96.8272358,5616 Lemmon Ave,75209,Sat Oct 22 03:45:00 +0000 2016,"RT @ATT: Watch the @GreenDay @iHeartRadio Album Release Party Tonight, 9pm ET/PT on AUDIENCE. DIRECTV ch 239/U-verse ch 1114. https://t.co/…",,,Twitter
