Store,Latitude,Longitude,Address,Zip,CreatedAt,Text,Senti,Rating,Source
Dallas3,32.8293128,-96.8272358,5616 Lemmon Ave,75209,Fri Oct 28 14:10:10 +0000 2016,"On the blog today: The advantage of a @ATT Go Phone! See how you can WIN one.
https://t.co/JVCj3nA75H
#ATTGoPhone #ad",,,Twitter
Dallas3,32.8293128,-96.8272358,5616 Lemmon Ave,75209,Fri Oct 28 13:52:04 +0000 2016,RT @ATT: Welcome to the team! @taylorswift13 https://t.co/4h86nLYuLo https://t.co/gAHOi7fPrZ,,,Twitter
Dallas3,32.8293128,-96.8272358,5616 Lemmon Ave,75209,Fri Oct 28 13:40:56 +0000 2016,RT @attJOBS: Being true to who you are is what makes you amazing. #LGBTHistoryMonth https://t.co/75LhrHJp4m https://t.co/edacto21vN,,,Twitter
Dallas3,32.8293128,-96.8272358,5616 Lemmon Ave,75209,Fri Oct 28 13:39:58 +0000 2016,RT @ATT: Welcome to the team! @taylorswift13 https://t.co/4h86nLYuLo https://t.co/gAHOi7fPrZ,,,Twitter
Dallas3,32.8293128,-96.8272358,5616 Lemmon Ave,75209,Fri Oct 28 13:33:44 +0000 2016,HA this guy had one of those @ATT stop texting &amp; driving bumper stickers but was holding up traffic because he was texting &amp; driving HA,,,Twitter
Dallas3,32.8293128,-96.8272358,5616 Lemmon Ave,75209,Fri Oct 28 13:31:04 +0000 2016,Move to cloud has created collaboration possibilities unthinkable 20 years ago https://t.co/nrmXqjKfQV #greatcollaborate #attemployee,,,Twitter
Dallas3,32.8293128,-96.8272358,5616 Lemmon Ave,75209,Fri Oct 28 13:19:06 +0000 2016,"DallasBizNews: Sneak peek of the brand new Trinity Forest Golf Club, future host of the Byron Nelson: https://t.co/tiLGGIRHK2",,,Twitter
Dallas3,32.8293128,-96.8272358,5616 Lemmon Ave,75209,Fri Oct 28 13:15:02 +0000 2016,"Sneak peek of the brand new Trinity Forest Golf Club, future host of the Byron Nelson: https://t.co/F6LZE1tEK6",,,Twitter
Dallas3,32.8293128,-96.8272358,5616 Lemmon Ave,75209,Fri Oct 28 13:12:07 +0000 2016,RT @JimMitchell18: AT&amp;T CEO Randall Stephenson issues a bold challenge to confront racial tensions @DMNOpinion  @ATT https://t.co/Hcz6KCPMSu,,,Twitter
Dallas3,32.8293128,-96.8272358,5616 Lemmon Ave,75209,Fri Oct 28 13:11:01 +0000 2016,RT @ATT: Get a sweet deal on the new iPhone 7 when you switch to AT&amp;T and have DIRECTV. https://t.co/JO08KrMKj7 https://t.co/tAcB2wPVFO,,,Twitter
Dallas3,32.8293128,-96.8272358,5616 Lemmon Ave,75209,Fri Oct 28 13:10:01 +0000 2016,Being true to who you are is what makes you amazing. #LGBTHistoryMonth https://t.co/75LhrHJp4m https://t.co/edacto21vN,,,Twitter
Dallas3,32.8293128,-96.8272358,5616 Lemmon Ave,75209,Fri Oct 28 13:07:01 +0000 2016,"We’re a proud sponsor of the TedxWomen Conference in Brno, Czech Republic!
https://t.co/0rqTuyGFsy… https://t.co/s6Vf586n3T",,,Twitter
Dallas3,32.8293128,-96.8272358,5616 Lemmon Ave,75209,Fri Oct 28 13:01:24 +0000 2016,RT @ATT: Get a sweet deal on the new iPhone 7 when you switch to AT&amp;T and have DIRECTV. https://t.co/JO08KrMKj7 https://t.co/tAcB2wPVFO,,,Twitter
Dallas3,32.8293128,-96.8272358,5616 Lemmon Ave,75209,Fri Oct 28 12:59:55 +0000 2016,"@ATTCares 😒it's handled. Pls some1 look @ submit link 4 move online. Tried on app, phone, laptop, explorer &amp; Firefox-Still didn't work.",,,Twitter
Dallas3,32.8293128,-96.8272358,5616 Lemmon Ave,75209,Fri Oct 28 12:57:18 +0000 2016,RT @7onashoestring: Power Up Family Camping with Kids : ZTE Spro 2 Smart Projector from AT&amp;T https://t.co/4HAr8I5TTS #reviveoldpost,,,Twitter
Dallas3,32.8293128,-96.8272358,5616 Lemmon Ave,75209,Fri Oct 28 12:50:26 +0000 2016,RT @7onashoestring: Power Up Family Camping with Kids : ZTE Spro 2 Smart Projector from AT&amp;T https://t.co/4HAr8I5TTS #reviveoldpost,,,Twitter
Dallas3,32.8293128,-96.8272358,5616 Lemmon Ave,75209,Fri Oct 28 12:49:29 +0000 2016,RT @ATT: Welcome to the team! @taylorswift13 https://t.co/4h86nLYuLo https://t.co/gAHOi7fPrZ,,,Twitter
Dallas3,32.8293128,-96.8272358,5616 Lemmon Ave,75209,Fri Oct 28 12:47:30 +0000 2016,"RT @SportsDayHS: Due to conflicts, no #txhsfb at AT&amp;T Stadium for the first 3 rounds 😭
…but now we have The Star.
Details: https://t.co/UxR…",,,Twitter
Dallas3,32.8293128,-96.8272358,5616 Lemmon Ave,75209,Fri Oct 28 12:37:05 +0000 2016,RT @7onashoestring: Power Up Family Camping with Kids : ZTE Spro 2 Smart Projector from AT&amp;T https://t.co/4HAr8I5TTS #reviveoldpost,,,Twitter
Dallas3,32.8293128,-96.8272358,5616 Lemmon Ave,75209,Fri Oct 28 12:30:08 +0000 2016,RT @7onashoestring: Power Up Family Camping with Kids : ZTE Spro 2 Smart Projector from AT&amp;T https://t.co/4HAr8I5TTS #reviveoldpost,,,Twitter
Dallas3,32.8293128,-96.8272358,5616 Lemmon Ave,75209,Fri Oct 28 12:30:05 +0000 2016,RT @7onashoestring: Power Up Family Camping with Kids : ZTE Spro 2 Smart Projector from AT&amp;T https://t.co/4HAr8I5TTS #reviveoldpost,,,Twitter
Dallas3,32.8293128,-96.8272358,5616 Lemmon Ave,75209,Fri Oct 28 12:26:25 +0000 2016,Power Up Family Camping with Kids : ZTE Spro 2 Smart Projector from AT&amp;T https://t.co/4HAr8I5TTS #reviveoldpost,,,Twitter
Dallas3,32.8293128,-96.8272358,5616 Lemmon Ave,75209,Fri Oct 28 12:13:19 +0000 2016,"RT @DMNBiz: Sorry, @ATT, FCC ruling may put an end to creepy, targeted advertising plans https://t.co/3odrIP7GAK | @agarre https://t.co/LNX…",,,Twitter
Dallas3,32.8293128,-96.8272358,5616 Lemmon Ave,75209,Fri Oct 28 11:58:26 +0000 2016,RT @attJOBS: We have a long history of #WomeninSTEM dating back to 1918! Stop by booth 1447 &amp; see what we offer today: https://t.co/7nH0AIo…,,,Twitter
Dallas3,32.8293128,-96.8272358,5616 Lemmon Ave,75209,Fri Oct 28 11:58:13 +0000 2016,RT @ATTBusinessCare: See how to run a Timesheet report for a select user at AT&amp;T Workforce Manager at https://t.co/BZMidWNYUZ https://t.co/…,,,Twitter
Dallas3,32.8293128,-96.8272358,5616 Lemmon Ave,75209,Fri Oct 28 11:57:05 +0000 2016,"RT @SportsDayHS: Due to conflicts, no #txhsfb at AT&amp;T Stadium for the first 3 rounds 😭
…but now we have The Star.
Details: https://t.co/UxR…",,,Twitter
Dallas3,32.8293128,-96.8272358,5616 Lemmon Ave,75209,Fri Oct 28 11:51:33 +0000 2016,RT @ATT: Get a sweet deal on the new iPhone 7 when you switch to AT&amp;T and have DIRECTV. https://t.co/JO08KrMKj7 https://t.co/tAcB2wPVFO,,,Twitter
Dallas3,32.8293128,-96.8272358,5616 Lemmon Ave,75209,Fri Oct 28 11:43:56 +0000 2016,"RT @dallascowboys: Won't be at #PHIvsDAL? 
You can watch LIVE using @DIRECTV's Sunday Ticket! 

Sign up here: https://t.co/jeY0kih32V https…",,,Twitter
Dallas3,32.8293128,-96.8272358,5616 Lemmon Ave,75209,Fri Oct 28 11:39:05 +0000 2016,"From Comcast to T-Mobile, DirecTV to Sprint, these four merger cases shed light on AT&amp;T-Time Warner https://t.co/b0kVLVcFxa",,,Twitter
Dallas3,32.8293128,-96.8272358,5616 Lemmon Ave,75209,Fri Oct 28 11:20:16 +0000 2016,RT @ATT: Get a sweet deal on the new iPhone 7 when you switch to AT&amp;T and have DIRECTV. https://t.co/JO08KrMKj7 https://t.co/tAcB2wPVFO,,,Twitter
Dallas3,32.8293128,-96.8272358,5616 Lemmon Ave,75209,Fri Oct 28 11:05:35 +0000 2016,The crucial question hanging over the AT&amp;T-Time Warner deal: Does it create more competition for cable? https://t.co/fwLQTF5JCc,,,Twitter
Dallas3,32.8293128,-96.8272358,5616 Lemmon Ave,75209,Fri Oct 28 11:03:07 +0000 2016,RT @ATTBusiness: Our IoT Starter Kit is more than just a developer data plan. Get the tools to design and launch an #IoT device now: https:…,,,Twitter
Dallas3,32.8293128,-96.8272358,5616 Lemmon Ave,75209,Fri Oct 28 11:02:32 +0000 2016,"RT @dallascowboys: Won't be at #PHIvsDAL? 
You can watch LIVE using @DIRECTV's Sunday Ticket! 

Sign up here: https://t.co/jeY0kih32V https…",,,Twitter
Dallas3,32.8293128,-96.8272358,5616 Lemmon Ave,75209,Fri Oct 28 11:01:55 +0000 2016,Let's explore | AT&amp;T GoPhone giveaway. You could WIN a smartphone and $45 refill… https://t.co/JVCj3nA75H https://t.co/VxdcTboWGh,,,Twitter
Dallas3,32.8293128,-96.8272358,5616 Lemmon Ave,75209,Fri Oct 28 11:00:02 +0000 2016,See how to run a Timesheet report for a select user at AT&amp;T Workforce Manager at https://t.co/BZMidWNYUZ https://t.co/XlgqDpBwkD,,,Twitter
Dallas3,32.8293128,-96.8272358,5616 Lemmon Ave,75209,Fri Oct 28 10:59:00 +0000 2016,RT @cyntgm: @Mercyme2911 I love it! We had such a great time in San Antonio. Thank you for making it such a great place to work! Awesome To…,,,Twitter
Dallas3,32.8293128,-96.8272358,5616 Lemmon Ave,75209,Fri Oct 28 10:57:22 +0000 2016,"RT @dallascowboys: Won't be at #PHIvsDAL? 
You can watch LIVE using @DIRECTV's Sunday Ticket! 

Sign up here: https://t.co/jeY0kih32V https…",,,Twitter
Dallas3,32.8293128,-96.8272358,5616 Lemmon Ave,75209,Fri Oct 28 10:57:10 +0000 2016,"From Comcast to T-Mobile, DirecTV to Sprint, these four merger cases shed light on #ATT-Time Warner https://t.co/lL6CesIKF5 #DFW #realestate",,,Twitter
Dallas3,32.8293128,-96.8272358,5616 Lemmon Ave,75209,Fri Oct 28 10:37:07 +0000 2016,RT @ATT: Welcome to the team! @taylorswift13 https://t.co/4h86nLYuLo https://t.co/gAHOi7fPrZ,,,Twitter
Dallas3,32.8293128,-96.8272358,5616 Lemmon Ave,75209,Fri Oct 28 10:12:23 +0000 2016,"@ATTCares I DM'd you and the last person I heard from was at 11:30 pm last night. 🙄🙄🙄😡😡😡
#terminationinprogress
#customerservice 😂 joke",,,Twitter
Dallas3,32.8293128,-96.8272358,5616 Lemmon Ave,75209,Fri Oct 28 08:57:56 +0000 2016,RT @attJOBS: Hear from Kristin how our Business Sales Leadership Development Program led to her successful career: https://t.co/aitAtDInv5…,,,Twitter
Dallas3,32.8293128,-96.8272358,5616 Lemmon Ave,75209,Fri Oct 28 08:51:42 +0000 2016,RT @attJOBS: Hear from Kristin how our Business Sales Leadership Development Program led to her successful career: https://t.co/aitAtDInv5…,,,Twitter
Dallas3,32.8293128,-96.8272358,5616 Lemmon Ave,75209,Fri Oct 28 08:34:20 +0000 2016,RT @ATT: Welcome to the team! @taylorswift13 https://t.co/4h86nLYuLo https://t.co/gAHOi7fPrZ,,,Twitter
Dallas3,32.8293128,-96.8272358,5616 Lemmon Ave,75209,Fri Oct 28 06:56:15 +0000 2016,RT @ATT: Welcome to the team! @taylorswift13 https://t.co/4h86nLYuLo https://t.co/gAHOi7fPrZ,,,Twitter
Dallas3,32.8293128,-96.8272358,5616 Lemmon Ave,75209,Fri Oct 28 06:44:16 +0000 2016,RT @ATT: Welcome to the team! @taylorswift13 https://t.co/4h86nLYuLo https://t.co/gAHOi7fPrZ,,,Twitter
Dallas3,32.8293128,-96.8272358,5616 Lemmon Ave,75209,Fri Oct 28 06:40:41 +0000 2016,@ATTCares @ATT I've been waiting for a CSM to return my call since Monday.  Is this the new service we can expect of  #attmerger,,,Twitter
Dallas3,32.8293128,-96.8272358,5616 Lemmon Ave,75209,Fri Oct 28 06:26:14 +0000 2016,RT @ATT: Welcome to the team! @taylorswift13 https://t.co/4h86nLYuLo https://t.co/gAHOi7fPrZ,,,Twitter
Dallas3,32.8293128,-96.8272358,5616 Lemmon Ave,75209,Fri Oct 28 06:24:35 +0000 2016,RT @ATT: Get a sweet deal on the new iPhone 7 when you switch to AT&amp;T and have DIRECTV. https://t.co/JO08KrMKj7 https://t.co/tAcB2wPVFO,,,Twitter
Dallas3,32.8293128,-96.8272358,5616 Lemmon Ave,75209,Fri Oct 28 05:34:53 +0000 2016,RT @ATT: Welcome to the team! @taylorswift13 https://t.co/4h86nLYuLo https://t.co/gAHOi7fPrZ,,,Twitter
Dallas3,32.8293128,-96.8272358,5616 Lemmon Ave,75209,Fri Oct 28 05:29:39 +0000 2016,RT @ATTBusiness: Our IoT Starter Kit is more than just a developer data plan. Get the tools to design and launch an #IoT device now: https:…,,,Twitter
Dallas3,32.8293128,-96.8272358,5616 Lemmon Ave,75209,Fri Oct 28 05:29:30 +0000 2016,RT @ATT: Get a sweet deal on the new iPhone 7 when you switch to AT&amp;T and have DIRECTV. https://t.co/JO08KrMKj7 https://t.co/tAcB2wPVFO,,,Twitter
Dallas3,32.8293128,-96.8272358,5616 Lemmon Ave,75209,Fri Oct 28 05:21:55 +0000 2016,"@eliblumenthal Hi Eli, could you please send us a DM with your account details so that we can take a look at this issue? Thank you.",,,Twitter
Dallas3,32.8293128,-96.8272358,5616 Lemmon Ave,75209,Fri Oct 28 05:17:32 +0000 2016,@aesensten We are aware of a service issue in the LA area and we’re working to resolve it as quickly as possible.,,,Twitter
Dallas3,32.8293128,-96.8272358,5616 Lemmon Ave,75209,Fri Oct 28 05:16:43 +0000 2016,"RT @dallascowboys: Won't be at #PHIvsDAL? 
You can watch LIVE using @DIRECTV's Sunday Ticket! 

Sign up here: https://t.co/jeY0kih32V https…",,,Twitter
Dallas3,32.8293128,-96.8272358,5616 Lemmon Ave,75209,Fri Oct 28 05:15:48 +0000 2016,"@RockyMntnMike Hi, could you please send us a DM with your account info so that we can take a look at your account. Thank you.",,,Twitter
Dallas3,32.8293128,-96.8272358,5616 Lemmon Ave,75209,Fri Oct 28 05:10:28 +0000 2016,"RT @SportsDayHS: Due to conflicts, no #txhsfb at AT&amp;T Stadium for the first 3 rounds 😭
…but now we have The Star.
Details: https://t.co/UxR…",,,Twitter
Dallas3,32.8293128,-96.8272358,5616 Lemmon Ave,75209,Fri Oct 28 05:09:10 +0000 2016,RT @ATT: Who made you a college 🏈 fan? Share with #MadeMeAFanContest for a chance to win. Rules https://t.co/hU3I3wFn5V https://t.co/seJBJK…,,,Twitter
Dallas3,32.8293128,-96.8272358,5616 Lemmon Ave,75209,Fri Oct 28 05:03:43 +0000 2016,@Mercyme2911 I love it! We had such a great time in San Antonio. Thank you for making it such a great place to work! Awesome Town Hall! #ATT,,,Twitter
Dallas3,32.8293128,-96.8272358,5616 Lemmon Ave,75209,Fri Oct 28 04:56:08 +0000 2016,"@ThemePark We're aware of a service issue affecting some wireline customers in the LA area, and we’re working to resolve it ASAP.",,,Twitter
Dallas3,32.8293128,-96.8272358,5616 Lemmon Ave,75209,Fri Oct 28 04:53:06 +0000 2016,RT @ATT: Welcome to the team! @taylorswift13 https://t.co/4h86nLYuLo https://t.co/gAHOi7fPrZ,,,Twitter
Dallas3,32.8293128,-96.8272358,5616 Lemmon Ave,75209,Fri Oct 28 04:50:11 +0000 2016,"RT @ATT: @youdontknowjen Hi Jennifer, thank you for the shout out - we are so happy that you found the right phone! https://t.co/nJ0MZyCGJS",,,Twitter
Dallas3,32.8293128,-96.8272358,5616 Lemmon Ave,75209,Fri Oct 28 04:27:00 +0000 2016,"RT @SportsDayHS: Due to conflicts, no #txhsfb at AT&amp;T Stadium for the first 3 rounds 😭
…but now we have The Star.
Details: https://t.co/UxR…",,,Twitter
Dallas3,32.8293128,-96.8272358,5616 Lemmon Ave,75209,Fri Oct 28 04:26:41 +0000 2016,Lea Michele ATT and TOMS Year Celebration Shoebox in Santa Monica https://t.co/VPsAd3XTsm #LeaMichele,,,Twitter
Dallas3,32.8293128,-96.8272358,5616 Lemmon Ave,75209,Fri Oct 28 04:21:08 +0000 2016,RT @ATT: Welcome to the team! @taylorswift13 https://t.co/4h86nLYuLo https://t.co/gAHOi7fPrZ,,,Twitter
Dallas3,32.8293128,-96.8272358,5616 Lemmon Ave,75209,Fri Oct 28 04:20:22 +0000 2016,RT @ATT: Welcome to the team! @taylorswift13 https://t.co/4h86nLYuLo https://t.co/gAHOi7fPrZ,,,Twitter
Dallas3,32.8293128,-96.8272358,5616 Lemmon Ave,75209,Fri Oct 28 04:03:03 +0000 2016,RT @ATT: Welcome to the team! @taylorswift13 https://t.co/4h86nLYuLo https://t.co/gAHOi7fPrZ,,,Twitter
Dallas3,32.8293128,-96.8272358,5616 Lemmon Ave,75209,Fri Oct 28 03:59:53 +0000 2016,"RT @dallascowboys: Won't be at #PHIvsDAL? 
You can watch LIVE using @DIRECTV's Sunday Ticket! 

Sign up here: https://t.co/jeY0kih32V https…",,,Twitter
Dallas3,32.8293128,-96.8272358,5616 Lemmon Ave,75209,Fri Oct 28 03:59:40 +0000 2016,"@youdontknowjen Hi Jennifer, thank you for the shout out - we are so happy that you found the right phone! https://t.co/nJ0MZyCGJS",,,Twitter
Dallas3,32.8293128,-96.8272358,5616 Lemmon Ave,75209,Fri Oct 28 03:43:45 +0000 2016,@jlopezomg We're aware of a service issue affecting some customers the LA area and we’re working to resolve it as quickly as possible.,,,Twitter
Dallas3,32.8293128,-96.8272358,5616 Lemmon Ave,75209,Fri Oct 28 03:42:39 +0000 2016,"RT @dallascowboys: Won't be at #PHIvsDAL? 
You can watch LIVE using @DIRECTV's Sunday Ticket! 

Sign up here: https://t.co/jeY0kih32V https…",,,Twitter
Dallas3,32.8293128,-96.8272358,5616 Lemmon Ave,75209,Fri Oct 28 03:36:08 +0000 2016,RT @BriMalandro: this is gross bc @ATT is actually trash in each and every way possible https://t.co/kD2jnR7zXZ,,,Twitter
Dallas3,32.8293128,-96.8272358,5616 Lemmon Ave,75209,Fri Oct 28 03:35:36 +0000 2016,RT @ATT: Get a sweet deal on the new iPhone 7 when you switch to AT&amp;T and have DIRECTV. https://t.co/JO08KrMKj7 https://t.co/tAcB2wPVFO,,,Twitter
Dallas3,32.8293128,-96.8272358,5616 Lemmon Ave,75209,Fri Oct 28 03:34:17 +0000 2016,"RT @DBJHoopfer: Sneak peek of the brand new Trinity Forest Golf Club, future host of AT&amp;T Byron Nelson (Video) https://t.co/slwxhkjktv via…",,,Twitter
Dallas3,32.8293128,-96.8272358,5616 Lemmon Ave,75209,Fri Oct 28 03:28:51 +0000 2016,@ATT sux. How do you get to the end of move my service application and can't even submit the damn application. I pay too much for this crap.,,,Twitter
Dallas3,32.8293128,-96.8272358,5616 Lemmon Ave,75209,Fri Oct 28 03:24:02 +0000 2016,@Crypt_Concepts Check all the channel listings and packages here: https://t.co/9QShDELSg7 DM us if you have further questions. ^CrisH,,,Twitter
Dallas3,32.8293128,-96.8272358,5616 Lemmon Ave,75209,Fri Oct 28 03:23:28 +0000 2016,RT @ATT: Get a sweet deal on the new iPhone 7 when you switch to AT&amp;T and have DIRECTV. https://t.co/JO08KrMKj7 https://t.co/tAcB2wPVFO,,,Twitter
Dallas3,32.8293128,-96.8272358,5616 Lemmon Ave,75209,Fri Oct 28 03:21:37 +0000 2016,@footnoted We are aware of a service issue in the LA area and we’re working to resolve it as quickly as possible.,,,Twitter
Dallas3,32.8293128,-96.8272358,5616 Lemmon Ave,75209,Fri Oct 28 03:21:19 +0000 2016,Sign the petition: Tell @TheJusticeDept to stop the @ATT-@TWXCorp merger https://t.co/t6CX0eJEg0 via @CREDOMobile #p2,,,Twitter
Dallas3,32.8293128,-96.8272358,5616 Lemmon Ave,75209,Fri Oct 28 03:10:03 +0000 2016,RT @ATT: Welcome to the team! @taylorswift13 https://t.co/4h86nLYuLo https://t.co/gAHOi7fPrZ,,,Twitter
Dallas3,32.8293128,-96.8272358,5616 Lemmon Ave,75209,Fri Oct 28 03:09:16 +0000 2016,RT @ATT: Get a sweet deal on the new iPhone 7 when you switch to AT&amp;T and have DIRECTV. https://t.co/JO08KrMKj7 https://t.co/tAcB2wPVFO,,,Twitter
Dallas3,32.8293128,-96.8272358,5616 Lemmon Ave,75209,Fri Oct 28 02:10:09 +0000 2016,"RT @SportsDayHS: Due to conflicts, no #txhsfb at AT&amp;T Stadium for the first 3 rounds 😭
…but now we have The Star.
Details: https://t.co/UxR…",,,Twitter
Dallas3,32.8293128,-96.8272358,5616 Lemmon Ave,75209,Fri Oct 28 02:09:11 +0000 2016,"RT @SportsDayHS: Due to conflicts, no #txhsfb at AT&amp;T Stadium for the first 3 rounds 😭
…but now we have The Star.
Details: https://t.co/UxR…",,,Twitter
Dallas3,32.8293128,-96.8272358,5616 Lemmon Ave,75209,Fri Oct 28 02:08:20 +0000 2016,"RT @SportsDayHS: Due to conflicts, no #txhsfb at AT&amp;T Stadium for the first 3 rounds 😭
…but now we have The Star.
Details: https://t.co/UxR…",,,Twitter
Dallas3,32.8293128,-96.8272358,5616 Lemmon Ave,75209,Fri Oct 28 02:08:01 +0000 2016,"RT @SportsDayHS: Due to conflicts, no #txhsfb at AT&amp;T Stadium for the first 3 rounds 😭
…but now we have The Star.
Details: https://t.co/UxR…",,,Twitter
Dallas3,32.8293128,-96.8272358,5616 Lemmon Ave,75209,Fri Oct 28 02:05:43 +0000 2016,"Sorry, @ATT, FCC ruling may put an end to creepy, targeted advertising plans https://t.co/3odrIP7GAK | @agarre https://t.co/LNXw1pr9lW",,,Twitter
Dallas3,32.8293128,-96.8272358,5616 Lemmon Ave,75209,Fri Oct 28 02:00:10 +0000 2016,AT&amp;T and Ericsson demonstrate 5G network capabilities at Texas Wireless Summit https://t.co/Mo4o7l0XAE #attemployee https://t.co/TdEc4sBW66,,,Twitter
Dallas3,32.8293128,-96.8272358,5616 Lemmon Ave,75209,Fri Oct 28 01:24:30 +0000 2016,"RT @attJOBS: We have all the #interview tips you need in one list! Learn what to do before, during and after your next interview: https://t…",,,Twitter
Dallas3,32.8293128,-96.8272358,5616 Lemmon Ave,75209,Fri Oct 28 01:20:20 +0000 2016,AT&amp;T launches first LTE-M site to grow IOT https://t.co/5NzkgTM1ky #attemployee https://t.co/tQGHVXY1Mv,,,Twitter
Dallas3,32.8293128,-96.8272358,5616 Lemmon Ave,75209,Fri Oct 28 01:04:10 +0000 2016,"The AT&amp;T-Time Warner Deal: Perspective from the Great Trustbuster, Part II — Theodore Roosevelt Spells Out the Two…… https://t.co/ijmHlaGegG",,,Twitter
Dallas3,32.8293128,-96.8272358,5616 Lemmon Ave,75209,Fri Oct 28 01:02:25 +0000 2016,RT @BillNicholsDMN: Why Jordan Spieth is the perfect ambassador for AT&amp;T Byron Nelson's move to new home in 2018 https://t.co/makT7VH1Z3 vi…,,,Twitter
Dallas3,32.8293128,-96.8272358,5616 Lemmon Ave,75209,Fri Oct 28 01:01:32 +0000 2016,RT @ATT: Welcome to the team! @taylorswift13 https://t.co/4h86nLYuLo https://t.co/gAHOi7fPrZ,,,Twitter
Dallas3,32.8293128,-96.8272358,5616 Lemmon Ave,75209,Fri Oct 28 00:46:54 +0000 2016,RT @DBJShinneman: Analysts saying margins could be as thin as $1 or $2 for DirecTV Now https://t.co/HdOEEzVjgp @DallasBizNews $T,,,Twitter
Dallas3,32.8293128,-96.8272358,5616 Lemmon Ave,75209,Fri Oct 28 00:45:04 +0000 2016,RT @ATT: Have a magical Halloween with the @LGUSAMobile #LGV20. https://t.co/yOfwY7oeQ0 https://t.co/AhKdm4NbiY,,,Twitter
Dallas3,32.8293128,-96.8272358,5616 Lemmon Ave,75209,Fri Oct 28 00:38:03 +0000 2016,"RT @DecksInThePark: Get to Klyde Warren Park tonight for the Decks in the Park - Halloween Edition, Powered by @ATT The fun all starts at 6…",,,Twitter
Dallas3,32.8293128,-96.8272358,5616 Lemmon Ave,75209,Fri Oct 28 00:29:27 +0000 2016,"RT @attJOBS: We have all the #interview tips you need in one list! Learn what to do before, during and after your next interview: https://t…",,,Twitter
Dallas3,32.8293128,-96.8272358,5616 Lemmon Ave,75209,Fri Oct 28 00:18:00 +0000 2016,"RT @dallascowboys: Won't be at #PHIvsDAL? 
You can watch LIVE using @DIRECTV's Sunday Ticket! 

Sign up here: https://t.co/jeY0kih32V https…",,,Twitter
Dallas3,32.8293128,-96.8272358,5616 Lemmon Ave,75209,Fri Oct 28 00:15:37 +0000 2016,"RT @dallascowboys: Won't be at #PHIvsDAL? 
You can watch LIVE using @DIRECTV's Sunday Ticket! 

Sign up here: https://t.co/jeY0kih32V https…",,,Twitter
Dallas3,32.8293128,-96.8272358,5616 Lemmon Ave,75209,Fri Oct 28 00:14:55 +0000 2016,RT @ATT: Welcome to the team! @taylorswift13 https://t.co/4h86nLYuLo https://t.co/gAHOi7fPrZ,,,Twitter
Dallas3,32.8293128,-96.8272358,5616 Lemmon Ave,75209,Fri Oct 28 00:00:01 +0000 2016,Want to create a BYOD policy that meets your business needs? 5 guidelines here. https://t.co/YqF1AFnEXv https://t.co/WgJQEjA7kA,,,Twitter
Dallas3,32.8293128,-96.8272358,5616 Lemmon Ave,75209,Thu Oct 27 23:59:59 +0000 2016,"RT @dallasnews: Trump gets litigious, AT&amp;T gets bigger, @TomiLahren wins bigly: Your weekend news digest https://t.co/tjOy7OJCri https://t.…",,,Twitter
Store,Latitude,Longitude,Address,Zip,CreatedAt,Text,Senti,Rating,Source
Dallas3,32.8293128,-96.8272358,5616 Lemmon Ave,75209,Fri Oct 28 18:07:36 +0000 2016,"RT @ATT: Before you start your engines 🏁, join @RedBullRacing driver Max Verstappen in taking the #ItCanWait pledge today at https://t.co/l…",,,Twitter
Dallas3,32.8293128,-96.8272358,5616 Lemmon Ave,75209,Fri Oct 28 18:06:18 +0000 2016,RT @ATT: Welcome to the team! @taylorswift13 https://t.co/4h86nLYuLo https://t.co/gAHOi7fPrZ,,,Twitter
Dallas3,32.8293128,-96.8272358,5616 Lemmon Ave,75209,Fri Oct 28 18:05:23 +0000 2016,RT @ATT: Get a sweet deal on the new iPhone 7 when you switch to AT&amp;T and have DIRECTV. https://t.co/JO08KrMKj7 https://t.co/tAcB2wPVFO,,,Twitter
Dallas3,32.8293128,-96.8272358,5616 Lemmon Ave,75209,Fri Oct 28 18:03:09 +0000 2016,RT @ATT: 12 tracks of punk rock perfection. Watch @GreenDay’s @iHeartRadio Album Release Party on AT&amp;T LIVE. #iHeartGreenDay https://t.co/0…,,,Twitter
Dallas3,32.8293128,-96.8272358,5616 Lemmon Ave,75209,Fri Oct 28 18:00:38 +0000 2016,"RT @ATT: Before you start your engines 🏁, join @RedBullRacing driver Max Verstappen in taking the #ItCanWait pledge today at https://t.co/l…",,,Twitter
Dallas3,32.8293128,-96.8272358,5616 Lemmon Ave,75209,Fri Oct 28 17:55:58 +0000 2016,RT @ATT: Have a magical Halloween with the @LGUSAMobile #LGV20. https://t.co/yOfwY7oeQ0 https://t.co/AhKdm4NbiY,,,Twitter
Dallas3,32.8293128,-96.8272358,5616 Lemmon Ave,75209,Fri Oct 28 17:54:04 +0000 2016,"RT @dallascowboys: Won't be at #PHIvsDAL? 
You can watch LIVE using @DIRECTV's Sunday Ticket! 

Sign up here: https://t.co/jeY0kih32V https…",,,Twitter
Dallas3,32.8293128,-96.8272358,5616 Lemmon Ave,75209,Fri Oct 28 16:45:26 +0000 2016,RT @ATT: Welcome to the team! @taylorswift13 https://t.co/4h86nLYuLo https://t.co/gAHOi7fPrZ,,,Twitter
Dallas3,32.8293128,-96.8272358,5616 Lemmon Ave,75209,Fri Oct 28 16:41:33 +0000 2016,RT @ATT: Get a sweet deal on the new iPhone 7 when you switch to AT&amp;T and have DIRECTV. https://t.co/JO08KrMKj7 https://t.co/tAcB2wPVFO,,,Twitter
Dallas3,32.8293128,-96.8272358,5616 Lemmon Ave,75209,Fri Oct 28 16:25:08 +0000 2016,RT @ATT: Who made you a college 🏈 fan? Share with #MadeMeAFanContest for a chance to win. Rules https://t.co/hU3I3wFn5V https://t.co/seJBJK…,,,Twitter
Dallas3,32.8293128,-96.8272358,5616 Lemmon Ave,75209,Fri Oct 28 16:13:05 +0000 2016,RT @ATT: 12 tracks of punk rock perfection. Watch @GreenDay’s @iHeartRadio Album Release Party on AT&amp;T LIVE. #iHeartGreenDay https://t.co/0…,,,Twitter
Dallas3,32.8293128,-96.8272358,5616 Lemmon Ave,75209,Fri Oct 28 16:09:07 +0000 2016,RT @ATT: 12 tracks of punk rock perfection. Watch @GreenDay’s @iHeartRadio Album Release Party on AT&amp;T LIVE. #iHeartGreenDay https://t.co/0…,,,Twitter
Dallas3,32.8293128,-96.8272358,5616 Lemmon Ave,75209,Fri Oct 28 16:03:10 +0000 2016,RT @ATT: 12 tracks of punk rock perfection. Watch @GreenDay’s @iHeartRadio Album Release Party on AT&amp;T LIVE. #iHeartGreenDay https://t.co/0…,,,Twitter
Dallas3,32.8293128,-96.8272358,5616 Lemmon Ave,75209,Fri Oct 28 15:59:58 +0000 2016,RT @ATT: The #futureofvideo is mobile and the #futureofmobile is video. Time Warner + AT&amp;T make it happen! @twxcorp https://t.co/GKx4U9TQYg,,,Twitter
Dallas3,32.8293128,-96.8272358,5616 Lemmon Ave,75209,Fri Oct 28 15:50:44 +0000 2016,RT @ATT: Welcome to the team! @taylorswift13 https://t.co/4h86nLYuLo https://t.co/gAHOi7fPrZ,,,Twitter
Dallas3,32.8293128,-96.8272358,5616 Lemmon Ave,75209,Fri Oct 28 15:48:00 +0000 2016,"RT @ATT: @AdalineTarver It's a special, invitation-only concert. We’ll share ticketing details later. Follow AT&amp;T + Taylor Nation for the l…",,,Twitter
Dallas3,32.8293128,-96.8272358,5616 Lemmon Ave,75209,Fri Oct 28 15:47:54 +0000 2016,RT @ATT: @ts6swift Not necessarily.  We’ll be giving away lots of tickets to Taylor fans including AT&amp;T customers and special guests.,,,Twitter
Dallas3,32.8293128,-96.8272358,5616 Lemmon Ave,75209,Fri Oct 28 15:35:48 +0000 2016,RT @ATT: Get a sweet deal on the new iPhone 7 when you switch to AT&amp;T and have DIRECTV. https://t.co/JO08KrMKj7 https://t.co/tAcB2wPVFO,,,Twitter
Dallas3,32.8293128,-96.8272358,5616 Lemmon Ave,75209,Fri Oct 28 15:21:00 +0000 2016,RT @ATT: Welcome to the team! @taylorswift13 https://t.co/4h86nLYuLo https://t.co/gAHOi7fPrZ,,,Twitter
Dallas3,32.8293128,-96.8272358,5616 Lemmon Ave,75209,Fri Oct 28 15:19:58 +0000 2016,RT @ATT: Welcome to the team! @taylorswift13 https://t.co/4h86nLYuLo https://t.co/gAHOi7fPrZ,,,Twitter
Dallas3,32.8293128,-96.8272358,5616 Lemmon Ave,75209,Fri Oct 28 14:52:37 +0000 2016,"RT @ATT: @brianb Woo-hoo! We understand your need for speed, Brian. Tuesday can't come fast enough!",,,Twitter
Dallas3,32.8293128,-96.8272358,5616 Lemmon Ave,75209,Fri Oct 28 14:44:53 +0000 2016,RT @ATT: Get a sweet deal on the new iPhone 7 when you switch to AT&amp;T and have DIRECTV. https://t.co/JO08KrMKj7 https://t.co/tAcB2wPVFO,,,Twitter
Dallas3,32.8293128,-96.8272358,5616 Lemmon Ave,75209,Fri Oct 28 14:40:07 +0000 2016,"RT @ATT: @brianb Woo-hoo! We understand your need for speed, Brian. Tuesday can't come fast enough!",,,Twitter
Dallas3,32.8293128,-96.8272358,5616 Lemmon Ave,75209,Fri Oct 28 14:10:10 +0000 2016,"On the blog today: The advantage of a @ATT Go Phone! See how you can WIN one.
https://t.co/JVCj3nA75H
#ATTGoPhone #ad",,,Twitter
Dallas3,32.8293128,-96.8272358,5616 Lemmon Ave,75209,Fri Oct 28 13:52:04 +0000 2016,RT @ATT: Welcome to the team! @taylorswift13 https://t.co/4h86nLYuLo https://t.co/gAHOi7fPrZ,,,Twitter
Dallas3,32.8293128,-96.8272358,5616 Lemmon Ave,75209,Fri Oct 28 13:39:58 +0000 2016,RT @ATT: Welcome to the team! @taylorswift13 https://t.co/4h86nLYuLo https://t.co/gAHOi7fPrZ,,,Twitter
Dallas3,32.8293128,-96.8272358,5616 Lemmon Ave,75209,Fri Oct 28 13:33:44 +0000 2016,HA this guy had one of those @ATT stop texting &amp; driving bumper stickers but was holding up traffic because he was texting &amp; driving HA,,,Twitter
Dallas3,32.8293128,-96.8272358,5616 Lemmon Ave,75209,Fri Oct 28 13:12:07 +0000 2016,RT @JimMitchell18: AT&amp;T CEO Randall Stephenson issues a bold challenge to confront racial tensions @DMNOpinion  @ATT https://t.co/Hcz6KCPMSu,,,Twitter
Dallas3,32.8293128,-96.8272358,5616 Lemmon Ave,75209,Fri Oct 28 13:11:01 +0000 2016,RT @ATT: Get a sweet deal on the new iPhone 7 when you switch to AT&amp;T and have DIRECTV. https://t.co/JO08KrMKj7 https://t.co/tAcB2wPVFO,,,Twitter
Dallas3,32.8293128,-96.8272358,5616 Lemmon Ave,75209,Fri Oct 28 13:01:24 +0000 2016,RT @ATT: Get a sweet deal on the new iPhone 7 when you switch to AT&amp;T and have DIRECTV. https://t.co/JO08KrMKj7 https://t.co/tAcB2wPVFO,,,Twitter
Dallas3,32.8293128,-96.8272358,5616 Lemmon Ave,75209,Fri Oct 28 12:59:55 +0000 2016,"@ATTCares 😒it's handled. Pls some1 look @ submit link 4 move online. Tried on app, phone, laptop, explorer &amp; Firefox-Still didn't work.",,,Twitter
Dallas3,32.8293128,-96.8272358,5616 Lemmon Ave,75209,Fri Oct 28 12:49:29 +0000 2016,RT @ATT: Welcome to the team! @taylorswift13 https://t.co/4h86nLYuLo https://t.co/gAHOi7fPrZ,,,Twitter
Dallas3,32.8293128,-96.8272358,5616 Lemmon Ave,75209,Fri Oct 28 12:13:19 +0000 2016,"RT @DMNBiz: Sorry, @ATT, FCC ruling may put an end to creepy, targeted advertising plans https://t.co/3odrIP7GAK | @agarre https://t.co/LNX…",,,Twitter
Dallas3,32.8293128,-96.8272358,5616 Lemmon Ave,75209,Fri Oct 28 11:51:33 +0000 2016,RT @ATT: Get a sweet deal on the new iPhone 7 when you switch to AT&amp;T and have DIRECTV. https://t.co/JO08KrMKj7 https://t.co/tAcB2wPVFO,,,Twitter
Dallas3,32.8293128,-96.8272358,5616 Lemmon Ave,75209,Fri Oct 28 11:43:56 +0000 2016,"RT @dallascowboys: Won't be at #PHIvsDAL? 
You can watch LIVE using @DIRECTV's Sunday Ticket! 

Sign up here: https://t.co/jeY0kih32V https…",,,Twitter
Dallas3,32.8293128,-96.8272358,5616 Lemmon Ave,75209,Fri Oct 28 11:20:16 +0000 2016,RT @ATT: Get a sweet deal on the new iPhone 7 when you switch to AT&amp;T and have DIRECTV. https://t.co/JO08KrMKj7 https://t.co/tAcB2wPVFO,,,Twitter
Dallas3,32.8293128,-96.8272358,5616 Lemmon Ave,75209,Fri Oct 28 11:02:32 +0000 2016,"RT @dallascowboys: Won't be at #PHIvsDAL? 
You can watch LIVE using @DIRECTV's Sunday Ticket! 

Sign up here: https://t.co/jeY0kih32V https…",,,Twitter
Dallas3,32.8293128,-96.8272358,5616 Lemmon Ave,75209,Fri Oct 28 10:57:22 +0000 2016,"RT @dallascowboys: Won't be at #PHIvsDAL? 
You can watch LIVE using @DIRECTV's Sunday Ticket! 

Sign up here: https://t.co/jeY0kih32V https…",,,Twitter
Dallas3,32.8293128,-96.8272358,5616 Lemmon Ave,75209,Fri Oct 28 10:37:07 +0000 2016,RT @ATT: Welcome to the team! @taylorswift13 https://t.co/4h86nLYuLo https://t.co/gAHOi7fPrZ,,,Twitter
Dallas3,32.8293128,-96.8272358,5616 Lemmon Ave,75209,Fri Oct 28 10:12:23 +0000 2016,"@ATTCares I DM'd you and the last person I heard from was at 11:30 pm last night. 🙄🙄🙄😡😡😡
#terminationinprogress
#customerservice 😂 joke",,,Twitter
Dallas3,32.8293128,-96.8272358,5616 Lemmon Ave,75209,Fri Oct 28 08:34:20 +0000 2016,RT @ATT: Welcome to the team! @taylorswift13 https://t.co/4h86nLYuLo https://t.co/gAHOi7fPrZ,,,Twitter
Dallas3,32.8293128,-96.8272358,5616 Lemmon Ave,75209,Fri Oct 28 06:56:15 +0000 2016,RT @ATT: Welcome to the team! @taylorswift13 https://t.co/4h86nLYuLo https://t.co/gAHOi7fPrZ,,,Twitter
Dallas3,32.8293128,-96.8272358,5616 Lemmon Ave,75209,Fri Oct 28 06:44:16 +0000 2016,RT @ATT: Welcome to the team! @taylorswift13 https://t.co/4h86nLYuLo https://t.co/gAHOi7fPrZ,,,Twitter
Dallas3,32.8293128,-96.8272358,5616 Lemmon Ave,75209,Fri Oct 28 06:40:41 +0000 2016,@ATTCares @ATT I've been waiting for a CSM to return my call since Monday.  Is this the new service we can expect of  #attmerger,,,Twitter
Dallas3,32.8293128,-96.8272358,5616 Lemmon Ave,75209,Fri Oct 28 06:26:14 +0000 2016,RT @ATT: Welcome to the team! @taylorswift13 https://t.co/4h86nLYuLo https://t.co/gAHOi7fPrZ,,,Twitter
Dallas3,32.8293128,-96.8272358,5616 Lemmon Ave,75209,Fri Oct 28 06:24:35 +0000 2016,RT @ATT: Get a sweet deal on the new iPhone 7 when you switch to AT&amp;T and have DIRECTV. https://t.co/JO08KrMKj7 https://t.co/tAcB2wPVFO,,,Twitter
Dallas3,32.8293128,-96.8272358,5616 Lemmon Ave,75209,Fri Oct 28 05:34:53 +0000 2016,RT @ATT: Welcome to the team! @taylorswift13 https://t.co/4h86nLYuLo https://t.co/gAHOi7fPrZ,,,Twitter
Dallas3,32.8293128,-96.8272358,5616 Lemmon Ave,75209,Fri Oct 28 05:29:30 +0000 2016,RT @ATT: Get a sweet deal on the new iPhone 7 when you switch to AT&amp;T and have DIRECTV. https://t.co/JO08KrMKj7 https://t.co/tAcB2wPVFO,,,Twitter
Dallas3,32.8293128,-96.8272358,5616 Lemmon Ave,75209,Fri Oct 28 05:16:43 +0000 2016,"RT @dallascowboys: Won't be at #PHIvsDAL? 
You can watch LIVE using @DIRECTV's Sunday Ticket! 

Sign up here: https://t.co/jeY0kih32V https…",,,Twitter
Dallas3,32.8293128,-96.8272358,5616 Lemmon Ave,75209,Fri Oct 28 05:09:10 +0000 2016,RT @ATT: Who made you a college 🏈 fan? Share with #MadeMeAFanContest for a chance to win. Rules https://t.co/hU3I3wFn5V https://t.co/seJBJK…,,,Twitter
Dallas3,32.8293128,-96.8272358,5616 Lemmon Ave,75209,Fri Oct 28 04:53:06 +0000 2016,RT @ATT: Welcome to the team! @taylorswift13 https://t.co/4h86nLYuLo https://t.co/gAHOi7fPrZ,,,Twitter
Dallas3,32.8293128,-96.8272358,5616 Lemmon Ave,75209,Fri Oct 28 04:50:11 +0000 2016,"RT @ATT: @youdontknowjen Hi Jennifer, thank you for the shout out - we are so happy that you found the right phone! https://t.co/nJ0MZyCGJS",,,Twitter
Dallas3,32.8293128,-96.8272358,5616 Lemmon Ave,75209,Fri Oct 28 04:21:08 +0000 2016,RT @ATT: Welcome to the team! @taylorswift13 https://t.co/4h86nLYuLo https://t.co/gAHOi7fPrZ,,,Twitter
Dallas3,32.8293128,-96.8272358,5616 Lemmon Ave,75209,Fri Oct 28 04:20:22 +0000 2016,RT @ATT: Welcome to the team! @taylorswift13 https://t.co/4h86nLYuLo https://t.co/gAHOi7fPrZ,,,Twitter
Dallas3,32.8293128,-96.8272358,5616 Lemmon Ave,75209,Fri Oct 28 04:05:32 +0000 2016,RT @ATT: @jlopezomg We're aware of a service issue affecting some customers the LA area and we’re working to resolve it as quickly as possi…,,,Twitter
Dallas3,32.8293128,-96.8272358,5616 Lemmon Ave,75209,Fri Oct 28 04:03:03 +0000 2016,RT @ATT: Welcome to the team! @taylorswift13 https://t.co/4h86nLYuLo https://t.co/gAHOi7fPrZ,,,Twitter
Dallas3,32.8293128,-96.8272358,5616 Lemmon Ave,75209,Fri Oct 28 03:59:53 +0000 2016,"RT @dallascowboys: Won't be at #PHIvsDAL? 
You can watch LIVE using @DIRECTV's Sunday Ticket! 

Sign up here: https://t.co/jeY0kih32V https…",,,Twitter
Dallas3,32.8293128,-96.8272358,5616 Lemmon Ave,75209,Fri Oct 28 03:42:39 +0000 2016,"RT @dallascowboys: Won't be at #PHIvsDAL? 
You can watch LIVE using @DIRECTV's Sunday Ticket! 

Sign up here: https://t.co/jeY0kih32V https…",,,Twitter
Dallas3,32.8293128,-96.8272358,5616 Lemmon Ave,75209,Fri Oct 28 03:36:08 +0000 2016,RT @BriMalandro: this is gross bc @ATT is actually trash in each and every way possible https://t.co/kD2jnR7zXZ,,,Twitter
Dallas3,32.8293128,-96.8272358,5616 Lemmon Ave,75209,Fri Oct 28 03:35:36 +0000 2016,RT @ATT: Get a sweet deal on the new iPhone 7 when you switch to AT&amp;T and have DIRECTV. https://t.co/JO08KrMKj7 https://t.co/tAcB2wPVFO,,,Twitter
Dallas3,32.8293128,-96.8272358,5616 Lemmon Ave,75209,Fri Oct 28 03:28:51 +0000 2016,@ATT sux. How do you get to the end of move my service application and can't even submit the damn application. I pay too much for this crap.,,,Twitter
Dallas3,32.8293128,-96.8272358,5616 Lemmon Ave,75209,Fri Oct 28 03:23:28 +0000 2016,RT @ATT: Get a sweet deal on the new iPhone 7 when you switch to AT&amp;T and have DIRECTV. https://t.co/JO08KrMKj7 https://t.co/tAcB2wPVFO,,,Twitter
Dallas3,32.8293128,-96.8272358,5616 Lemmon Ave,75209,Fri Oct 28 03:21:19 +0000 2016,Sign the petition: Tell @TheJusticeDept to stop the @ATT-@TWXCorp merger https://t.co/t6CX0eJEg0 via @CREDOMobile #p2,,,Twitter
Dallas3,32.8293128,-96.8272358,5616 Lemmon Ave,75209,Fri Oct 28 03:10:03 +0000 2016,RT @ATT: Welcome to the team! @taylorswift13 https://t.co/4h86nLYuLo https://t.co/gAHOi7fPrZ,,,Twitter
Dallas3,32.8293128,-96.8272358,5616 Lemmon Ave,75209,Fri Oct 28 03:09:16 +0000 2016,RT @ATT: Get a sweet deal on the new iPhone 7 when you switch to AT&amp;T and have DIRECTV. https://t.co/JO08KrMKj7 https://t.co/tAcB2wPVFO,,,Twitter
Dallas3,32.8293128,-96.8272358,5616 Lemmon Ave,75209,Fri Oct 28 02:05:43 +0000 2016,"Sorry, @ATT, FCC ruling may put an end to creepy, targeted advertising plans https://t.co/3odrIP7GAK | @agarre https://t.co/LNXw1pr9lW",,,Twitter
Dallas3,32.8293128,-96.8272358,5616 Lemmon Ave,75209,Fri Oct 28 01:01:32 +0000 2016,RT @ATT: Welcome to the team! @taylorswift13 https://t.co/4h86nLYuLo https://t.co/gAHOi7fPrZ,,,Twitter
Dallas3,32.8293128,-96.8272358,5616 Lemmon Ave,75209,Fri Oct 28 00:45:04 +0000 2016,RT @ATT: Have a magical Halloween with the @LGUSAMobile #LGV20. https://t.co/yOfwY7oeQ0 https://t.co/AhKdm4NbiY,,,Twitter
Dallas3,32.8293128,-96.8272358,5616 Lemmon Ave,75209,Fri Oct 28 00:38:03 +0000 2016,"RT @DecksInThePark: Get to Klyde Warren Park tonight for the Decks in the Park - Halloween Edition, Powered by @ATT The fun all starts at 6…",,,Twitter
Dallas3,32.8293128,-96.8272358,5616 Lemmon Ave,75209,Fri Oct 28 00:18:00 +0000 2016,"RT @dallascowboys: Won't be at #PHIvsDAL? 
You can watch LIVE using @DIRECTV's Sunday Ticket! 

Sign up here: https://t.co/jeY0kih32V https…",,,Twitter
Dallas3,32.8293128,-96.8272358,5616 Lemmon Ave,75209,Fri Oct 28 00:15:37 +0000 2016,"RT @dallascowboys: Won't be at #PHIvsDAL? 
You can watch LIVE using @DIRECTV's Sunday Ticket! 

Sign up here: https://t.co/jeY0kih32V https…",,,Twitter
Dallas3,32.8293128,-96.8272358,5616 Lemmon Ave,75209,Fri Oct 28 00:14:55 +0000 2016,RT @ATT: Welcome to the team! @taylorswift13 https://t.co/4h86nLYuLo https://t.co/gAHOi7fPrZ,,,Twitter
Dallas3,32.8293128,-96.8272358,5616 Lemmon Ave,75209,Fri Oct 28 00:04:37 +0000 2016,RT @ATT: AT&amp;T #Fiber - The future of the internet is now! Starting with a 1000 Mbps connection. https://t.co/Rw8zxmVDRY,,,Twitter
Dallas3,32.8293128,-96.8272358,5616 Lemmon Ave,75209,Thu Oct 27 23:57:14 +0000 2016,"RT @dallascowboys: Won't be at #PHIvsDAL? 
You can watch LIVE using @DIRECTV's Sunday Ticket! 

Sign up here: https://t.co/jeY0kih32V https…",,,Twitter
Dallas3,32.8293128,-96.8272358,5616 Lemmon Ave,75209,Thu Oct 27 23:57:11 +0000 2016,"RT @dallascowboys: Won't be at #PHIvsDAL? 
You can watch LIVE using @DIRECTV's Sunday Ticket! 

Sign up here: https://t.co/jeY0kih32V https…",,,Twitter
Dallas3,32.8293128,-96.8272358,5616 Lemmon Ave,75209,Thu Oct 27 23:50:22 +0000 2016,RT @ATT: Get a sweet deal on the new iPhone 7 when you switch to AT&amp;T and have DIRECTV. https://t.co/JO08KrMKj7 https://t.co/tAcB2wPVFO,,,Twitter
Dallas3,32.8293128,-96.8272358,5616 Lemmon Ave,75209,Thu Oct 27 23:28:07 +0000 2016,RT @ATT: Welcome to the team! @taylorswift13 https://t.co/4h86nLYuLo https://t.co/gAHOi7fPrZ,,,Twitter
Dallas3,32.8293128,-96.8272358,5616 Lemmon Ave,75209,Thu Oct 27 23:26:03 +0000 2016,"RT @dallascowboys: Won't be at #PHIvsDAL? 
You can watch LIVE using @DIRECTV's Sunday Ticket! 

Sign up here: https://t.co/jeY0kih32V https…",,,Twitter
Dallas3,32.8293128,-96.8272358,5616 Lemmon Ave,75209,Thu Oct 27 23:24:22 +0000 2016,RT @ATT: Welcome to the team! @taylorswift13 https://t.co/4h86nLYuLo https://t.co/gAHOi7fPrZ,,,Twitter
Dallas3,32.8293128,-96.8272358,5616 Lemmon Ave,75209,Thu Oct 27 23:10:59 +0000 2016,RT @Uverse: #Momaholics unite! The craziness continues in the season premiere of @MomCBS at 9/8c. https://t.co/UMb4myZolA,,,Twitter
Dallas3,32.8293128,-96.8272358,5616 Lemmon Ave,75209,Thu Oct 27 22:59:45 +0000 2016,"RT @DecksInThePark: Get to Klyde Warren Park tonight for the Decks in the Park - Halloween Edition, Powered by @ATT The fun all starts at 6…",,,Twitter
Dallas3,32.8293128,-96.8272358,5616 Lemmon Ave,75209,Thu Oct 27 22:59:26 +0000 2016,"RT @dallascowboys: Won't be at #PHIvsDAL? 
You can watch LIVE using @DIRECTV's Sunday Ticket! 

Sign up here: https://t.co/jeY0kih32V https…",,,Twitter
Dallas3,32.8293128,-96.8272358,5616 Lemmon Ave,75209,Thu Oct 27 22:49:58 +0000 2016,RT @ATT: Welcome to the team! @taylorswift13 https://t.co/4h86nLYuLo https://t.co/gAHOi7fPrZ,,,Twitter
Dallas3,32.8293128,-96.8272358,5616 Lemmon Ave,75209,Thu Oct 27 22:49:24 +0000 2016,"RT @dallascowboys: Won't be at #PHIvsDAL? 
You can watch LIVE using @DIRECTV's Sunday Ticket! 

Sign up here: https://t.co/jeY0kih32V https…",,,Twitter
Dallas3,32.8293128,-96.8272358,5616 Lemmon Ave,75209,Thu Oct 27 22:49:10 +0000 2016,"RT @dallascowboys: Won't be at #PHIvsDAL? 
You can watch LIVE using @DIRECTV's Sunday Ticket! 

Sign up here: https://t.co/jeY0kih32V https…",,,Twitter
Dallas3,32.8293128,-96.8272358,5616 Lemmon Ave,75209,Thu Oct 27 22:47:51 +0000 2016,"RT @dallascowboys: Won't be at #PHIvsDAL? 
You can watch LIVE using @DIRECTV's Sunday Ticket! 

Sign up here: https://t.co/jeY0kih32V https…",,,Twitter
Dallas3,32.8293128,-96.8272358,5616 Lemmon Ave,75209,Thu Oct 27 22:40:48 +0000 2016,"RT @dallascowboys: Won't be at #PHIvsDAL? 
You can watch LIVE using @DIRECTV's Sunday Ticket! 

Sign up here: https://t.co/jeY0kih32V https…",,,Twitter
Dallas3,32.8293128,-96.8272358,5616 Lemmon Ave,75209,Thu Oct 27 22:38:48 +0000 2016,"RT @dallascowboys: Won't be at #PHIvsDAL? 
You can watch LIVE using @DIRECTV's Sunday Ticket! 

Sign up here: https://t.co/jeY0kih32V https…",,,Twitter
Dallas3,32.8293128,-96.8272358,5616 Lemmon Ave,75209,Thu Oct 27 22:37:41 +0000 2016,"RT @dallascowboys: Won't be at #PHIvsDAL? 
You can watch LIVE using @DIRECTV's Sunday Ticket! 

Sign up here: https://t.co/jeY0kih32V https…",,,Twitter
Dallas3,32.8293128,-96.8272358,5616 Lemmon Ave,75209,Thu Oct 27 22:30:12 +0000 2016,"RT @dallascowboys: Won't be at #PHIvsDAL? 
You can watch LIVE using @DIRECTV's Sunday Ticket! 

Sign up here: https://t.co/jeY0kih32V https…",,,Twitter
Dallas3,32.8293128,-96.8272358,5616 Lemmon Ave,75209,Thu Oct 27 22:28:17 +0000 2016,"RT @dallascowboys: Won't be at #PHIvsDAL? 
You can watch LIVE using @DIRECTV's Sunday Ticket! 

Sign up here: https://t.co/jeY0kih32V https…",,,Twitter
Dallas3,32.8293128,-96.8272358,5616 Lemmon Ave,75209,Thu Oct 27 22:27:32 +0000 2016,RT @ATT: Have a magical Halloween with the @LGUSAMobile #LGV20. https://t.co/yOfwY7oeQ0 https://t.co/AhKdm4NbiY,,,Twitter
Dallas3,32.8293128,-96.8272358,5616 Lemmon Ave,75209,Thu Oct 27 22:20:37 +0000 2016,"RT @dallascowboys: Won't be at #PHIvsDAL? 
You can watch LIVE using @DIRECTV's Sunday Ticket! 

Sign up here: https://t.co/jeY0kih32V https…",,,Twitter
Dallas3,32.8293128,-96.8272358,5616 Lemmon Ave,75209,Thu Oct 27 22:19:02 +0000 2016,"RT @dallascowboys: Won't be at #PHIvsDAL? 
You can watch LIVE using @DIRECTV's Sunday Ticket! 

Sign up here: https://t.co/jeY0kih32V https…",,,Twitter
Dallas3,32.8293128,-96.8272358,5616 Lemmon Ave,75209,Thu Oct 27 22:16:57 +0000 2016,"RT @dallascowboys: Won't be at #PHIvsDAL? 
You can watch LIVE using @DIRECTV's Sunday Ticket! 

Sign up here: https://t.co/jeY0kih32V https…",,,Twitter
Dallas3,32.8293128,-96.8272358,5616 Lemmon Ave,75209,Thu Oct 27 22:16:08 +0000 2016,RT @ATT: Have a magical Halloween with the @LGUSAMobile #LGV20. https://t.co/yOfwY7oeQ0 https://t.co/AhKdm4NbiY,,,Twitter
Dallas3,32.8293128,-96.8272358,5616 Lemmon Ave,75209,Thu Oct 27 22:15:33 +0000 2016,"RT @dallascowboys: Won't be at #PHIvsDAL? 
You can watch LIVE using @DIRECTV's Sunday Ticket! 

Sign up here: https://t.co/jeY0kih32V https…",,,Twitter
Dallas3,32.8293128,-96.8272358,5616 Lemmon Ave,75209,Thu Oct 27 22:14:57 +0000 2016,"RT @dallascowboys: Won't be at #PHIvsDAL? 
You can watch LIVE using @DIRECTV's Sunday Ticket! 

Sign up here: https://t.co/jeY0kih32V https…",,,Twitter
Dallas3,32.8293128,-96.8272358,5616 Lemmon Ave,75209,Thu Oct 27 22:14:45 +0000 2016,RT @ATT: Get a sweet deal on the new iPhone 7 when you switch to AT&amp;T and have DIRECTV. https://t.co/JO08KrMKj7 https://t.co/tAcB2wPVFO,,,Twitter
Dallas3,32.8293128,-96.8272358,5616 Lemmon Ave,75209,Thu Oct 27 22:14:03 +0000 2016,"RT @dallascowboys: Won't be at #PHIvsDAL? 
You can watch LIVE using @DIRECTV's Sunday Ticket! 

Sign up here: https://t.co/jeY0kih32V https…",,,Twitter
Dallas3,32.8293128,-96.8272358,5616 Lemmon Ave,75209,Fri Oct 28 18:45:40 +0000 2016,"Dropped phone analysis, @ATT #surveillance &amp; why burner phones can't help (sorry, drug dealers...and journalists).… https://t.co/T3rVcu919z",,,Twitter
Dallas3,32.8293128,-96.8272358,5616 Lemmon Ave,75209,Fri Oct 28 16:27:00 +0000 2016,Exciting to hear Stephenson and team talk live about the AT&amp;T/TW merger. #lifeatatt #att #apca https://t.co/x76tIMp7CK,,,Twitter
Dallas3,32.8293128,-96.8272358,5616 Lemmon Ave,75209,Fri Oct 28 10:57:10 +0000 2016,"From Comcast to T-Mobile, DirecTV to Sprint, these four merger cases shed light on #ATT-Time Warner https://t.co/lL6CesIKF5 #DFW #realestate",,,Twitter
Dallas3,32.8293128,-96.8272358,5616 Lemmon Ave,75209,Fri Oct 28 05:03:43 +0000 2016,@Mercyme2911 I love it! We had such a great time in San Antonio. Thank you for making it such a great place to work! Awesome Town Hall! #ATT,,,Twitter
Dallas3,32.8293128,-96.8272358,5616 Lemmon Ave,75209,Thu Oct 27 19:51:40 +0000 2016,"RT @DFWSmallBiz: Sorry, #ATT, FCC ruling may put an end to creepy, targeted advertising plans https://t.co/pz8mmbULB9 #DFW #Tech",,,Twitter
Dallas3,32.8293128,-96.8272358,5616 Lemmon Ave,75209,Thu Oct 27 19:19:15 +0000 2016,"Sorry, #ATT, FCC ruling may put an end to creepy, targeted advertising plans https://t.co/pz8mmbULB9 #DFW #Tech",,,Twitter
Dallas3,32.8293128,-96.8272358,5616 Lemmon Ave,75209,Thu Oct 27 18:21:27 +0000 2016,@ShawnAnderson02 @arstechnica check your date! This story pubbed on 10/24 but today's Ars Technica says otherwise. #FCC #ATT #timewarner,,,Twitter
Dallas3,32.8293128,-96.8272358,5616 Lemmon Ave,75209,Thu Oct 27 17:40:24 +0000 2016,"Q. If we knew about #ATT's #Hemisphere in 2013, why is @kennethlipp's 10/25/2016 story a big deal? A. New docs re:… https://t.co/3vt9gZItpw",,,Twitter
Dallas3,32.8293128,-96.8272358,5616 Lemmon Ave,75209,Thu Oct 27 16:39:53 +0000 2016,"""The #FCC approved new #privacy rules Thurs that may be bad news for #ATT..."" #TimeWarner #Hemisphere #bitcoin #data https://t.co/ZrbaP3Zcrf",,,Twitter
Dallas3,32.8293128,-96.8272358,5616 Lemmon Ave,75209,Thu Oct 27 11:47:18 +0000 2016,"RT @AnnaLDavis1: A #bitcoin powered server, #TimeWarner AND #Hemisphere? What's next @ATT, total world domination? #ATT #surveillance #mono…",,,Twitter
Dallas3,32.8293128,-96.8272358,5616 Lemmon Ave,75209,Thu Oct 27 11:46:51 +0000 2016,"RT @AnnaLDavis1: A #bitcoin powered server, #TimeWarner AND #Hemisphere? What's next @ATT, total world domination? #ATT #surveillance #mono…",,,Twitter
Dallas3,32.8293128,-96.8272358,5616 Lemmon Ave,75209,Thu Oct 27 01:46:05 +0000 2016,RT @DFWSmallBiz: #ATT and Time Warner still need a green light from the government https://t.co/SpQc64wTdG #DFW #Tech,,,Twitter
Dallas3,32.8293128,-96.8272358,5616 Lemmon Ave,75209,Wed Oct 26 23:28:16 +0000 2016,#ATT and Time Warner still need a green light from the government https://t.co/SpQc64wTdG #DFW #Tech,,,Twitter
Dallas3,32.8293128,-96.8272358,5616 Lemmon Ave,75209,Wed Oct 26 18:14:24 +0000 2016,"A #bitcoin powered server, #TimeWarner AND #Hemisphere? What's next @ATT, total world domination? #ATT… https://t.co/KqCO6E98um",,,Twitter
Dallas3,32.8293128,-96.8272358,5616 Lemmon Ave,75209,Wed Oct 26 16:42:56 +0000 2016,"Interesting-How #ATT, #TimeWarner #merger could impact #Dallas footprint https://t.co/FOrClxl8eV @DallasBizNews #media #content",,,Twitter
Dallas3,32.8293128,-96.8272358,5616 Lemmon Ave,75209,Wed Oct 26 16:21:15 +0000 2016,The code names and secret meetings that got the #ATT-Time Warner deal done https://t.co/TotfnMDncL #DFW,,,Twitter
Dallas3,32.8293128,-96.8272358,5616 Lemmon Ave,75209,Wed Oct 26 16:13:45 +0000 2016,The code names and secret meetings that got the #ATT-Time Warner deal done https://t.co/PU33R0uwMC #DFW #realestate,,,Twitter
Dallas3,32.8293128,-96.8272358,5616 Lemmon Ave,75209,Wed Oct 26 16:13:43 +0000 2016,The code names and secret meetings that got the #ATT-Time Warner deal done https://t.co/3rhzsaMiJF #DFW #Tech,,,Twitter
Dallas3,32.8293128,-96.8272358,5616 Lemmon Ave,75209,Wed Oct 26 06:32:53 +0000 2016,#Nothappy #ATT #ByronNelson to Move from #Irving #FSDallas to Trinity Forest Golf Club in 2018 https://t.co/Mkf8ZjnEQ5 via @golf_com,,,Twitter
Dallas3,32.8293128,-96.8272358,5616 Lemmon Ave,75209,Tue Oct 25 23:34:33 +0000 2016,Dallas-based @ATT accused of profiting from decades of #hemisphere #surveillance data. #ATT @SteveBrownDMN… https://t.co/gZmy2Vq0o1,,,Twitter
Dallas3,32.8293128,-96.8272358,5616 Lemmon Ave,75209,Tue Oct 25 23:27:04 +0000 2016,RT @iMeloOfficial: AT&amp;T Wants to Sell You a Hundred Streaming Channels for $35 a Month #SmartNews #ATT  https://t.co/qbEM8zGXBn,,,Twitter
Dallas3,32.8293128,-96.8272358,5616 Lemmon Ave,75209,Tue Oct 25 23:11:43 +0000 2016,AT&amp;T Wants to Sell You a Hundred Streaming Channels for $35 a Month #SmartNews #ATT  https://t.co/qbEM8zGXBn,,,Twitter
Dallas3,32.8293128,-96.8272358,5616 Lemmon Ave,75209,Tue Oct 25 19:28:12 +0000 2016,#ATT's Latin America assets could figure more prominently after Time Warner deal https://t.co/3Z934kkpSh #DFW #Tech,,,Twitter
Dallas3,32.8293128,-96.8272358,5616 Lemmon Ave,75209,Tue Oct 25 19:03:13 +0000 2016,#ATT announces launch of DirecTV Now for $35 a month https://t.co/QOyfkCUX2v #DFW,,,Twitter
Dallas3,32.8293128,-96.8272358,5616 Lemmon Ave,75209,Tue Oct 25 18:26:09 +0000 2016,#ATT announces launch of DirecTV Now for $35 a month https://t.co/gi4hMBNfnP #DFW #Tech,,,Twitter
Dallas3,32.8293128,-96.8272358,5616 Lemmon Ave,75209,Tue Oct 25 18:01:48 +0000 2016,With the insane number of problems Ive had with @Uverse they should be switching me to giga power for free #worstinternetever #uverse,,,Twitter
Dallas3,32.8293128,-96.8272358,5616 Lemmon Ave,75209,Tue Oct 25 17:59:20 +0000 2016,Seriously if you live in DFW don't get @Uverse their customer service sucks and they have no sense of urgency #at&amp;tuverse #uverse,,,Twitter
Dallas3,32.8293128,-96.8272358,5616 Lemmon Ave,75209,Tue Oct 25 17:23:14 +0000 2016,"How to talk about the #ATT, Time Warner deal like an insider https://t.co/vO3oDsR86f #DFW #Tech",,,Twitter
Dallas3,32.8293128,-96.8272358,5616 Lemmon Ave,75209,Tue Oct 25 11:07:38 +0000 2016,"Early voting records, rising #healthcare costs, #ATT merger updates: Your Tuesday morning #news… https://t.co/VB5Nw3sGwF #DFW #realestate",,,Twitter
Dallas3,32.8293128,-96.8272358,5616 Lemmon Ave,75209,Tue Oct 25 00:43:35 +0000 2016,How have Texas lawmakers reacted to #ATT's megamerger? Mostly with silence https://t.co/pEhGRqrkYE #DFW #Tech,,,Twitter
Dallas3,32.8293128,-96.8272358,5616 Lemmon Ave,75209,Mon Oct 24 22:40:14 +0000 2016,#ATT begins push to sell customers on Time Warner merger https://t.co/PvOgKogTHM #DFW #Tech,,,Twitter
Dallas3,32.8293128,-96.8272358,5616 Lemmon Ave,75209,Mon Oct 24 21:47:13 +0000 2016,How have Texas lawmakers reacted to Dallas-based #ATT's mega-merger? Mostly with silence https://t.co/fpNVOUNo6x #DFW,,,Twitter
Dallas3,32.8293128,-96.8272358,5616 Lemmon Ave,75209,Mon Oct 24 20:36:11 +0000 2016,Treasure trove: Here's the brand powerhouse #ATT inherits in Time Warner deal https://t.co/9dZOA1bVTJ #DFW #Tech,,,Twitter
Dallas3,32.8293128,-96.8272358,5616 Lemmon Ave,75209,Mon Oct 24 17:26:13 +0000 2016,"If merger deal fails, #ATT and Time Warner would pay big https://t.co/WXwONzftnl #DFW #Tech",,,Twitter
Dallas3,32.8293128,-96.8272358,5616 Lemmon Ave,75209,Mon Oct 24 17:17:05 +0000 2016,AT&amp;T to buy Time Warner in media mega-deal https://t.co/7X75Grd1Jz #TimeWarner #att #technology https://t.co/Ol0F1gvPLT,,,Twitter
Dallas3,32.8293128,-96.8272358,5616 Lemmon Ave,75209,Mon Oct 24 16:23:11 +0000 2016,Hold on a sec: Time Warner Cable isn't part of #ATT deal https://t.co/3ZznGU0dq7 #DFW #Tech,,,Twitter
Dallas3,32.8293128,-96.8272358,5616 Lemmon Ave,75209,Mon Oct 24 15:43:27 +0000 2016,Hold on a sec: Time Warner Cable isn't part of #ATT deal https://t.co/H3PJxKq3pf #DFW,,,Twitter
Dallas3,32.8293128,-96.8272358,5616 Lemmon Ave,75209,Mon Oct 24 15:21:15 +0000 2016,"Don't expect a change in viewpoint for CNN, #ATT chief says https://t.co/FhwYrpRz3j #DFW #Tech",,,Twitter
Dallas3,32.8293128,-96.8272358,5616 Lemmon Ave,75209,Mon Oct 24 14:33:18 +0000 2016,"Netflix's Ted Sarandos Talks 'Narcos,' Competitors and AT&amp;T's Time Warner Deal https://t.co/RxFYMHOiJk via @thr #netflix #TimeWarner #ATT",,,Twitter
Dallas3,32.8293128,-96.8272358,5616 Lemmon Ave,75209,Mon Oct 24 13:58:52 +0000 2016,#atttimewarner #att Chm Stephenson should improve what he has instead of building monuments! This merger is BAD for consumers!,,,Twitter
Dallas3,32.8293128,-96.8272358,5616 Lemmon Ave,75209,Mon Oct 24 13:28:03 +0000 2016,"First DIRECTV now Time Warner
#ATT...#TheEmpire https://t.co/1GvKLoL4qV",,,Twitter
Dallas3,32.8293128,-96.8272358,5616 Lemmon Ave,75209,Mon Oct 24 13:15:15 +0000 2016,#ATT CEO Randall Stephenson confident Time Warner merger will get past regulators https://t.co/16x5x51ksj #DFW #Tech,,,Twitter
Dallas3,32.8293128,-96.8272358,5616 Lemmon Ave,75209,Mon Oct 24 06:34:21 +0000 2016,#ATT's quarterly results give hints on urgency behind Time Warner deal https://t.co/wKS5ECE5tD #DFW,,,Twitter
Dallas3,32.8293128,-96.8272358,5616 Lemmon Ave,75209,Mon Oct 24 04:16:39 +0000 2016,@ATTCares #ATT has the worst customer service. Been told multiple stories. Customer since Cingular. Terminating and going to @VZWSupport,,,Twitter
Dallas3,32.8293128,-96.8272358,5616 Lemmon Ave,75209,Mon Oct 24 03:51:06 +0000 2016,"RT @Paul_O_Williams: AT&amp;T, Time Warner Team Up To Fight For The Future Of TV https://t.co/pMeNsiaYKa #TimeWarner #ATT",,,Twitter
Dallas3,32.8293128,-96.8272358,5616 Lemmon Ave,75209,Mon Oct 24 03:48:26 +0000 2016,"RT @Paul_O_Williams: AT&amp;T, Time Warner Team Up To Fight For The Future Of TV https://t.co/pMeNsiaYKa #TimeWarner #ATT",,,Twitter
Dallas3,32.8293128,-96.8272358,5616 Lemmon Ave,75209,Mon Oct 24 03:37:53 +0000 2016,"RT @Paul_O_Williams: AT&amp;T, Time Warner Team Up To Fight For The Future Of TV https://t.co/pMeNsiaYKa #TimeWarner #ATT",,,Twitter
Dallas3,32.8293128,-96.8272358,5616 Lemmon Ave,75209,Mon Oct 24 03:25:06 +0000 2016,"AT&amp;T, Time Warner Team Up To Fight For The Future Of TV https://t.co/pMeNsiaYKa #TimeWarner #ATT",,,Twitter
Dallas3,32.8293128,-96.8272358,5616 Lemmon Ave,75209,Sun Oct 23 22:51:38 +0000 2016,RT @DFWSmallBiz: #ATT's quarterly results give hints on urgency behind Time Warner deal https://t.co/QolTzZMFr5 #DFW #Tech,,,Twitter
Dallas3,32.8293128,-96.8272358,5616 Lemmon Ave,75209,Sun Oct 23 22:50:57 +0000 2016,#ATT's quarterly results give hints on urgency behind Time Warner deal https://t.co/QolTzZMFr5 #DFW #Tech,,,Twitter
Dallas3,32.8293128,-96.8272358,5616 Lemmon Ave,75209,Sun Oct 23 22:50:56 +0000 2016,#ATT's quarterly results give hints on urgency behind Time Warner deal https://t.co/eZe4bl14Kv #DFW #realestate,,,Twitter
Dallas3,32.8293128,-96.8272358,5616 Lemmon Ave,75209,Sun Oct 23 16:43:02 +0000 2016,"RT @DFWSmallBiz: Trump gets litigious, #ATT gets bigger, Tomi Lahren wins bigly: Your weekend digest https://t.co/kqlGayGHLj #DFW #realesta…",,,Twitter
Dallas3,32.8293128,-96.8272358,5616 Lemmon Ave,75209,Sun Oct 23 16:37:44 +0000 2016,"RT @DFWSmallBiz: Trump gets litigious, #ATT gets bigger, Tomi Lahren wins bigly: Your weekend digest https://t.co/kqlGayGHLj #DFW #realesta…",,,Twitter
Dallas3,32.8293128,-96.8272358,5616 Lemmon Ave,75209,Sun Oct 23 16:37:22 +0000 2016,"Trump gets litigious, #ATT gets bigger, Tomi Lahren wins bigly: Your weekend digest https://t.co/kqlGayGHLj #DFW #realestate",,,Twitter
Dallas3,32.8293128,-96.8272358,5616 Lemmon Ave,75209,Sun Oct 23 15:26:39 +0000 2016,"Trump gets litigious, #ATT gets bigger, Tomi Lahren wins bigly: Your weekend digest https://t.co/FftP9HwG81 #DFW",,,Twitter
Dallas3,32.8293128,-96.8272358,5616 Lemmon Ave,75209,Sun Oct 23 10:26:06 +0000 2016,Donald Trump says he would block #ATT-Time Warner merger if elected https://t.co/ml1I85qW57 #DFW #realestate,,,Twitter
Dallas3,32.8293128,-96.8272358,5616 Lemmon Ave,75209,Sun Oct 23 09:22:08 +0000 2016,"How the #ATT-Time Warner deal changes the TV, mobile landscapes https://t.co/zb0i5M5AUp #DFW",,,Twitter
Dallas3,32.8293128,-96.8272358,5616 Lemmon Ave,75209,Sun Oct 23 06:19:12 +0000 2016,"Can #ATT and Time Warner avoid a left-brain, right-brain culture clash? https://t.co/YA3AFz4pDA #DFW",,,Twitter
Dallas3,32.8293128,-96.8272358,5616 Lemmon Ave,75209,Sun Oct 23 06:19:11 +0000 2016,"How the #ATT-Time Warner deal changes the TV, mobile landscapes https://t.co/7H4lqt4o0n #DFW #realestate",,,Twitter
Dallas3,32.8293128,-96.8272358,5616 Lemmon Ave,75209,Sun Oct 23 04:15:07 +0000 2016,"Can #ATT and Time Warner avoid a left-brain, right-brain culture clash? https://t.co/oCpgX3nm7c #DFW #realestate",,,Twitter
Dallas3,32.8293128,-96.8272358,5616 Lemmon Ave,75209,Sun Oct 23 03:17:09 +0000 2016,"Even by Texas standards, #ATT deal is huge. Take a look at how recent deals stack up https://t.co/XCN7EGXUD1 #DFW",,,Twitter
Dallas3,32.8293128,-96.8272358,5616 Lemmon Ave,75209,Sun Oct 23 03:14:08 +0000 2016,"How the #ATT-Time Warner deal changes the TV, mobile landscapes https://t.co/5mfdSixviI #DFW #Tech",,,Twitter
Dallas3,32.8293128,-96.8272358,5616 Lemmon Ave,75209,Sun Oct 23 02:46:06 +0000 2016,#ATT-#TimeWarner #merger couldn't possibly receive a legal go-ahead from the @FTC and @FCC?? https://t.co/m48yLsjbxV #ConsumerChoice?,,,Twitter
Dallas3,32.8293128,-96.8272358,5616 Lemmon Ave,75209,Sun Oct 23 02:13:13 +0000 2016,"Can #ATT and Time Warner avoid a left-brain, right-brain culture clash? https://t.co/mONOuCH8Al #DFW #Tech",,,Twitter
Dallas3,32.8293128,-96.8272358,5616 Lemmon Ave,75209,Sun Oct 23 01:16:17 +0000 2016,"It’s official: AT&amp;T is buying Time Warner. So, get ready to lose your unlimited data plans TWC Internet users. #FCC #ATT #BadBiz #Unreal",,,Twitter
Dallas3,32.8293128,-96.8272358,5616 Lemmon Ave,75209,Sun Oct 23 01:10:14 +0000 2016,"Even by Texas standards, #ATT deal is huge. Take a look at how recent deals stack up https://t.co/UY360tYzWV #DFW #Tech",,,Twitter
Dallas3,32.8293128,-96.8272358,5616 Lemmon Ave,75209,Sun Oct 23 01:10:11 +0000 2016,"Even by Texas standards, #ATT deal is huge. Take a look at how recent deals stack up https://t.co/NTV3RloclV #DFW #realestate",,,Twitter
Dallas3,32.8293128,-96.8272358,5616 Lemmon Ave,75209,Sun Oct 23 00:29:08 +0000 2016,"#Dallas based #ATT w/ #TimeWarner largest net providers 4 #SouthDallas.  We must consider making Internet a utility.
https://t.co/ACzaANYS4Y",,,Twitter
Dallas3,32.8293128,-96.8272358,5616 Lemmon Ave,75209,Sat Oct 22 23:50:52 +0000 2016,"The Streaming TV Game just got real #ATT #atttimewarner 
https://t.co/Yg84Ly4sly",,,Twitter
Dallas3,32.8293128,-96.8272358,5616 Lemmon Ave,75209,Sat Oct 22 21:13:16 +0000 2016,Donald Trump says he would block #ATT-Time Warner merger if elected https://t.co/gmfuMRjSNu #DFW,,,Twitter
Dallas3,32.8293128,-96.8272358,5616 Lemmon Ave,75209,Sat Oct 22 21:12:47 +0000 2016,RT @JMDmultimedia: No way this goes well for consumers … #TimeWarner #ATT https://t.co/HiDiZ8DOnZ,,,Twitter
Dallas3,32.8293128,-96.8272358,5616 Lemmon Ave,75209,Sat Oct 22 21:07:56 +0000 2016,No way this goes well for consumers … #TimeWarner #ATT https://t.co/HiDiZ8DOnZ,,,Twitter
Dallas3,32.8293128,-96.8272358,5616 Lemmon Ave,75209,Sat Oct 22 21:03:12 +0000 2016,Donald Trump says he would block #ATT-Time Warner merger if elected https://t.co/fqel5wAwZt #DFW #Tech,,,Twitter
Dallas3,32.8293128,-96.8272358,5616 Lemmon Ave,75209,Sat Oct 22 19:29:01 +0000 2016,Wowzers!  #ATT #TimeWarner https://t.co/e2zyh95MpW,,,Twitter
Dallas3,32.8293128,-96.8272358,5616 Lemmon Ave,75209,Sat Oct 22 18:11:07 +0000 2016,New report: #ATT has $85 billion deal in 'principle' to buy Time Warner https://t.co/XXn7zJ72c1 #DFW,,,Twitter
Dallas3,32.8293128,-96.8272358,5616 Lemmon Ave,75209,Sat Oct 22 16:30:01 +0000 2016,"#TimeWarner worth at least $70B if acquisition deal w/ #ATT is reached, could be biggest of decade @dallasnews… https://t.co/Msfi1ERKhT",,,Twitter
Dallas3,32.8293128,-96.8272358,5616 Lemmon Ave,75209,Sat Oct 22 15:53:18 +0000 2016,New report: #ATT has $85 billion deal in 'principle' to buy Time Warner https://t.co/nEmqM4qxRL #DFW #realestate,,,Twitter
Dallas3,32.8293128,-96.8272358,5616 Lemmon Ave,75209,Sat Oct 22 15:53:15 +0000 2016,New report: #ATT has $85 billion deal in 'principle' to buy Time Warner https://t.co/7FpUGOVmQ9 #DFW #Tech,,,Twitter
Dallas3,32.8293128,-96.8272358,5616 Lemmon Ave,75209,Sat Oct 22 04:25:09 +0000 2016,Why #ATT's pursuit of Time Warner makes sense: ‘It takes an elephant to eat an elephant’ https://t.co/dgP5AIFf5o #DFW #realestate,,,Twitter
Dallas3,32.8293128,-96.8272358,5616 Lemmon Ave,75209,Sat Oct 22 03:01:10 +0000 2016,Why #ATT's pursuit of Time Warner makes sense: ‘It takes an elephant to eat an elephant’ https://t.co/0Bnw3LMJ5A #DFW,,,Twitter
Dallas3,32.8293128,-96.8272358,5616 Lemmon Ave,75209,Sat Oct 22 03:00:44 +0000 2016,#Roadto5G with  #At&amp;t #ATT  @EricssonNA  @ATT https://t.co/wx0bjI240e,,,Twitter
Dallas3,32.8293128,-96.8272358,5616 Lemmon Ave,75209,Sat Oct 22 01:22:14 +0000 2016,Why #ATT's pursuit of Time Warner makes sense: ‘It takes an elephant to eat an elephant’ https://t.co/LYfEf9N6eM #DFW #Tech,,,Twitter
Dallas3,32.8293128,-96.8272358,5616 Lemmon Ave,75209,Fri Oct 21 22:45:15 +0000 2016,#TimeWarner got out of their unprofitable content distrubution business. #ATT wants TW's content. So... https://t.co/FMWyeQNmVc,,,Twitter
Dallas3,32.8293128,-96.8272358,5616 Lemmon Ave,75209,Fri Oct 21 16:18:53 +0000 2016,Is AT&amp;T U-Verse down in downtown Dallas? No cable &amp; no internet. #ATT #uverse,,,Twitter
Dallas3,32.8293128,-96.8272358,5616 Lemmon Ave,75209,Thu Oct 20 17:45:34 +0000 2016,RT @SirJamesGray: using my phone as a wifi hotspot for my mac since #ATT sucks and somehow can’t provide adequate wifi service to our home,,,Twitter
Dallas3,32.8293128,-96.8272358,5616 Lemmon Ave,75209,Thu Oct 20 15:06:37 +0000 2016,"Macs are cheaper for businesses, and even IBM says so https://t.co/HAy58slizz via @Recode #ATT @att",,,Twitter
Dallas3,32.8293128,-96.8272358,5616 Lemmon Ave,75209,Wed Oct 19 18:55:49 +0000 2016,@InTheBleachers We've been fighting this battle for like 2 months. #ATT can kick rocks. They've sent multiple people out and still not right,,,Twitter
Dallas3,32.8293128,-96.8272358,5616 Lemmon Ave,75209,Wed Oct 19 15:23:51 +0000 2016,RT @Ruthiesrolling: .@DtownDallasInc @ATT Come see us @browderstplaza for lunch today! #grilledcheese #att #DowntownDallas #lunch https://t…,,,Twitter
Dallas3,32.8293128,-96.8272358,5616 Lemmon Ave,75209,Wed Oct 19 14:14:40 +0000 2016,"New media agency lands #ATT, opens shop in #Dallas and plans to hire 100 people https://t.co/mkUAQFpGsw #DFW",,,Twitter
Dallas3,32.8293128,-96.8272358,5616 Lemmon Ave,75209,Wed Oct 19 13:10:41 +0000 2016,.@DtownDallasInc @ATT Come see us @browderstplaza for lunch today! #grilledcheese #att #DowntownDallas #lunch https://t.co/Ys6krkrdId,,,Twitter
Dallas3,32.8293128,-96.8272358,5616 Lemmon Ave,75209,Wed Oct 19 02:05:37 +0000 2016,Trying to unlock #ATT mobile phone. Bought phone from a store employee &amp; trying to unlock. Denied. 1st owner must u… https://t.co/JXZmzohKmX,,,Twitter
