Store,Latitude,Longitude,Address,Zip,CreatedAt,Text,Senti,Rating,Source
Dallas17,32.739229,-96.682466,1530 S Buckner Blvd,75217,Fri Oct 28 04:27:00 +0000 2016,"RT @SportsDayHS: Due to conflicts, no #txhsfb at AT&amp;T Stadium for the first 3 rounds 😭
…but now we have The Star.
Details: https://t.co/UxR…",,,Twitter
Dallas17,32.739229,-96.682466,1530 S Buckner Blvd,75217,Fri Oct 28 04:26:41 +0000 2016,Lea Michele ATT and TOMS Year Celebration Shoebox in Santa Monica https://t.co/VPsAd3XTsm #LeaMichele,,,Twitter
Dallas17,32.739229,-96.682466,1530 S Buckner Blvd,75217,Fri Oct 28 04:21:08 +0000 2016,RT @ATT: Welcome to the team! @taylorswift13 https://t.co/4h86nLYuLo https://t.co/gAHOi7fPrZ,,,Twitter
Dallas17,32.739229,-96.682466,1530 S Buckner Blvd,75217,Fri Oct 28 04:20:22 +0000 2016,RT @ATT: Welcome to the team! @taylorswift13 https://t.co/4h86nLYuLo https://t.co/gAHOi7fPrZ,,,Twitter
Dallas17,32.739229,-96.682466,1530 S Buckner Blvd,75217,Fri Oct 28 04:03:03 +0000 2016,RT @ATT: Welcome to the team! @taylorswift13 https://t.co/4h86nLYuLo https://t.co/gAHOi7fPrZ,,,Twitter
Dallas17,32.739229,-96.682466,1530 S Buckner Blvd,75217,Fri Oct 28 03:59:40 +0000 2016,"@youdontknowjen Hi Jennifer, thank you for the shout out - we are so happy that you found the right phone! https://t.co/nJ0MZyCGJS",,,Twitter
Dallas17,32.739229,-96.682466,1530 S Buckner Blvd,75217,Fri Oct 28 03:43:45 +0000 2016,@jlopezomg We're aware of a service issue affecting some customers the LA area and we’re working to resolve it as quickly as possible.,,,Twitter
Dallas17,32.739229,-96.682466,1530 S Buckner Blvd,75217,Fri Oct 28 03:36:08 +0000 2016,RT @BriMalandro: this is gross bc @ATT is actually trash in each and every way possible https://t.co/kD2jnR7zXZ,,,Twitter
Dallas17,32.739229,-96.682466,1530 S Buckner Blvd,75217,Fri Oct 28 03:35:36 +0000 2016,RT @ATT: Get a sweet deal on the new iPhone 7 when you switch to AT&amp;T and have DIRECTV. https://t.co/JO08KrMKj7 https://t.co/tAcB2wPVFO,,,Twitter
Dallas17,32.739229,-96.682466,1530 S Buckner Blvd,75217,Fri Oct 28 03:34:17 +0000 2016,"RT @DBJHoopfer: Sneak peek of the brand new Trinity Forest Golf Club, future host of AT&amp;T Byron Nelson (Video) https://t.co/slwxhkjktv via…",,,Twitter
Dallas17,32.739229,-96.682466,1530 S Buckner Blvd,75217,Fri Oct 28 03:28:51 +0000 2016,@ATT sux. How do you get to the end of move my service application and can't even submit the damn application. I pay too much for this crap.,,,Twitter
Dallas17,32.739229,-96.682466,1530 S Buckner Blvd,75217,Fri Oct 28 03:24:02 +0000 2016,@Crypt_Concepts Check all the channel listings and packages here: https://t.co/9QShDELSg7 DM us if you have further questions. ^CrisH,,,Twitter
Dallas17,32.739229,-96.682466,1530 S Buckner Blvd,75217,Fri Oct 28 03:23:28 +0000 2016,RT @ATT: Get a sweet deal on the new iPhone 7 when you switch to AT&amp;T and have DIRECTV. https://t.co/JO08KrMKj7 https://t.co/tAcB2wPVFO,,,Twitter
Dallas17,32.739229,-96.682466,1530 S Buckner Blvd,75217,Fri Oct 28 03:21:37 +0000 2016,@footnoted We are aware of a service issue in the LA area and we’re working to resolve it as quickly as possible.,,,Twitter
Dallas17,32.739229,-96.682466,1530 S Buckner Blvd,75217,Fri Oct 28 03:21:19 +0000 2016,Sign the petition: Tell @TheJusticeDept to stop the @ATT-@TWXCorp merger https://t.co/t6CX0eJEg0 via @CREDOMobile #p2,,,Twitter
Dallas17,32.739229,-96.682466,1530 S Buckner Blvd,75217,Fri Oct 28 03:10:03 +0000 2016,RT @ATT: Welcome to the team! @taylorswift13 https://t.co/4h86nLYuLo https://t.co/gAHOi7fPrZ,,,Twitter
Dallas17,32.739229,-96.682466,1530 S Buckner Blvd,75217,Fri Oct 28 03:09:16 +0000 2016,RT @ATT: Get a sweet deal on the new iPhone 7 when you switch to AT&amp;T and have DIRECTV. https://t.co/JO08KrMKj7 https://t.co/tAcB2wPVFO,,,Twitter
Dallas17,32.739229,-96.682466,1530 S Buckner Blvd,75217,Fri Oct 28 02:10:09 +0000 2016,"RT @SportsDayHS: Due to conflicts, no #txhsfb at AT&amp;T Stadium for the first 3 rounds 😭
…but now we have The Star.
Details: https://t.co/UxR…",,,Twitter
Dallas17,32.739229,-96.682466,1530 S Buckner Blvd,75217,Fri Oct 28 02:09:11 +0000 2016,"RT @SportsDayHS: Due to conflicts, no #txhsfb at AT&amp;T Stadium for the first 3 rounds 😭
…but now we have The Star.
Details: https://t.co/UxR…",,,Twitter
Dallas17,32.739229,-96.682466,1530 S Buckner Blvd,75217,Fri Oct 28 02:08:20 +0000 2016,"RT @SportsDayHS: Due to conflicts, no #txhsfb at AT&amp;T Stadium for the first 3 rounds 😭
…but now we have The Star.
Details: https://t.co/UxR…",,,Twitter
Dallas17,32.739229,-96.682466,1530 S Buckner Blvd,75217,Fri Oct 28 02:08:01 +0000 2016,"RT @SportsDayHS: Due to conflicts, no #txhsfb at AT&amp;T Stadium for the first 3 rounds 😭
…but now we have The Star.
Details: https://t.co/UxR…",,,Twitter
Dallas17,32.739229,-96.682466,1530 S Buckner Blvd,75217,Fri Oct 28 02:05:43 +0000 2016,"Sorry, @ATT, FCC ruling may put an end to creepy, targeted advertising plans https://t.co/3odrIP7GAK | @agarre https://t.co/LNXw1pr9lW",,,Twitter
Dallas17,32.739229,-96.682466,1530 S Buckner Blvd,75217,Fri Oct 28 02:00:10 +0000 2016,AT&amp;T and Ericsson demonstrate 5G network capabilities at Texas Wireless Summit https://t.co/Mo4o7l0XAE #attemployee https://t.co/TdEc4sBW66,,,Twitter
Dallas17,32.739229,-96.682466,1530 S Buckner Blvd,75217,Fri Oct 28 01:24:30 +0000 2016,"RT @attJOBS: We have all the #interview tips you need in one list! Learn what to do before, during and after your next interview: https://t…",,,Twitter
Dallas17,32.739229,-96.682466,1530 S Buckner Blvd,75217,Fri Oct 28 01:20:20 +0000 2016,AT&amp;T launches first LTE-M site to grow IOT https://t.co/5NzkgTM1ky #attemployee https://t.co/tQGHVXY1Mv,,,Twitter
Dallas17,32.739229,-96.682466,1530 S Buckner Blvd,75217,Fri Oct 28 01:04:10 +0000 2016,"The AT&amp;T-Time Warner Deal: Perspective from the Great Trustbuster, Part II — Theodore Roosevelt Spells Out the Two…… https://t.co/ijmHlaGegG",,,Twitter
Dallas17,32.739229,-96.682466,1530 S Buckner Blvd,75217,Fri Oct 28 01:02:25 +0000 2016,RT @BillNicholsDMN: Why Jordan Spieth is the perfect ambassador for AT&amp;T Byron Nelson's move to new home in 2018 https://t.co/makT7VH1Z3 vi…,,,Twitter
Dallas17,32.739229,-96.682466,1530 S Buckner Blvd,75217,Fri Oct 28 01:01:32 +0000 2016,RT @ATT: Welcome to the team! @taylorswift13 https://t.co/4h86nLYuLo https://t.co/gAHOi7fPrZ,,,Twitter
Dallas17,32.739229,-96.682466,1530 S Buckner Blvd,75217,Fri Oct 28 00:46:54 +0000 2016,RT @DBJShinneman: Analysts saying margins could be as thin as $1 or $2 for DirecTV Now https://t.co/HdOEEzVjgp @DallasBizNews $T,,,Twitter
Dallas17,32.739229,-96.682466,1530 S Buckner Blvd,75217,Fri Oct 28 00:45:04 +0000 2016,RT @ATT: Have a magical Halloween with the @LGUSAMobile #LGV20. https://t.co/yOfwY7oeQ0 https://t.co/AhKdm4NbiY,,,Twitter
Dallas17,32.739229,-96.682466,1530 S Buckner Blvd,75217,Fri Oct 28 00:38:03 +0000 2016,"RT @DecksInThePark: Get to Klyde Warren Park tonight for the Decks in the Park - Halloween Edition, Powered by @ATT The fun all starts at 6…",,,Twitter
Dallas17,32.739229,-96.682466,1530 S Buckner Blvd,75217,Fri Oct 28 00:29:27 +0000 2016,"RT @attJOBS: We have all the #interview tips you need in one list! Learn what to do before, during and after your next interview: https://t…",,,Twitter
Dallas17,32.739229,-96.682466,1530 S Buckner Blvd,75217,Fri Oct 28 00:14:55 +0000 2016,RT @ATT: Welcome to the team! @taylorswift13 https://t.co/4h86nLYuLo https://t.co/gAHOi7fPrZ,,,Twitter
Dallas17,32.739229,-96.682466,1530 S Buckner Blvd,75217,Fri Oct 28 00:00:01 +0000 2016,Want to create a BYOD policy that meets your business needs? 5 guidelines here. https://t.co/YqF1AFnEXv https://t.co/WgJQEjA7kA,,,Twitter
Dallas17,32.739229,-96.682466,1530 S Buckner Blvd,75217,Thu Oct 27 23:59:59 +0000 2016,"RT @dallasnews: Trump gets litigious, AT&amp;T gets bigger, @TomiLahren wins bigly: Your weekend news digest https://t.co/tjOy7OJCri https://t.…",,,Twitter
Dallas17,32.739229,-96.682466,1530 S Buckner Blvd,75217,Thu Oct 27 23:52:41 +0000 2016,RT @ATTBusiness: Our IoT Starter Kit is more than just a developer data plan. Get the tools to design and launch an #IoT device now: https:…,,,Twitter
Dallas17,32.739229,-96.682466,1530 S Buckner Blvd,75217,Thu Oct 27 23:50:22 +0000 2016,RT @ATT: Get a sweet deal on the new iPhone 7 when you switch to AT&amp;T and have DIRECTV. https://t.co/JO08KrMKj7 https://t.co/tAcB2wPVFO,,,Twitter
Dallas17,32.739229,-96.682466,1530 S Buckner Blvd,75217,Thu Oct 27 23:42:36 +0000 2016,"RT @attJOBS: We have all the #interview tips you need in one list! Learn what to do before, during and after your next interview: https://t…",,,Twitter
Dallas17,32.739229,-96.682466,1530 S Buckner Blvd,75217,Thu Oct 27 23:28:07 +0000 2016,RT @ATT: Welcome to the team! @taylorswift13 https://t.co/4h86nLYuLo https://t.co/gAHOi7fPrZ,,,Twitter
Dallas17,32.739229,-96.682466,1530 S Buckner Blvd,75217,Thu Oct 27 23:24:22 +0000 2016,RT @ATT: Welcome to the team! @taylorswift13 https://t.co/4h86nLYuLo https://t.co/gAHOi7fPrZ,,,Twitter
Dallas17,32.739229,-96.682466,1530 S Buckner Blvd,75217,Thu Oct 27 23:10:59 +0000 2016,RT @Uverse: #Momaholics unite! The craziness continues in the season premiere of @MomCBS at 9/8c. https://t.co/UMb4myZolA,,,Twitter
Dallas17,32.739229,-96.682466,1530 S Buckner Blvd,75217,Thu Oct 27 22:59:45 +0000 2016,"RT @DecksInThePark: Get to Klyde Warren Park tonight for the Decks in the Park - Halloween Edition, Powered by @ATT The fun all starts at 6…",,,Twitter
Dallas17,32.739229,-96.682466,1530 S Buckner Blvd,75217,Thu Oct 27 22:52:04 +0000 2016,"RT @attJOBS: We have all the #interview tips you need in one list! Learn what to do before, during and after your next interview: https://t…",,,Twitter
Dallas17,32.739229,-96.682466,1530 S Buckner Blvd,75217,Thu Oct 27 22:50:25 +0000 2016,RT @DBJShinneman: Analysts saying margins could be as thin as $1 or $2 for DirecTV Now https://t.co/HdOEEzVjgp @DallasBizNews $T,,,Twitter
Dallas17,32.739229,-96.682466,1530 S Buckner Blvd,75217,Thu Oct 27 22:49:58 +0000 2016,RT @ATT: Welcome to the team! @taylorswift13 https://t.co/4h86nLYuLo https://t.co/gAHOi7fPrZ,,,Twitter
Dallas17,32.739229,-96.682466,1530 S Buckner Blvd,75217,Thu Oct 27 22:49:22 +0000 2016,RT @attJOBS: We’re lucky to have a lot of #WomenWhoInspire us at AT&amp;T. Meet a few of them: https://t.co/8juFZJTY20 https://t.co/H6mCC5fGEj,,,Twitter
Dallas17,32.739229,-96.682466,1530 S Buckner Blvd,75217,Thu Oct 27 22:33:59 +0000 2016,RT @ATTBusiness: Our IoT Starter Kit is more than just a developer data plan. Get the tools to design and launch an #IoT device now: https:…,,,Twitter
Dallas17,32.739229,-96.682466,1530 S Buckner Blvd,75217,Thu Oct 27 22:27:32 +0000 2016,RT @ATT: Have a magical Halloween with the @LGUSAMobile #LGV20. https://t.co/yOfwY7oeQ0 https://t.co/AhKdm4NbiY,,,Twitter
Dallas17,32.739229,-96.682466,1530 S Buckner Blvd,75217,Thu Oct 27 22:20:39 +0000 2016,"AT&amp;T doubles down on downtown, revamping Dallas HQ and adding 1,000 workers: AT&amp;T has announced… https://t.co/Z80FnV51s1 | @dallasecodev",,,Twitter
Dallas17,32.739229,-96.682466,1530 S Buckner Blvd,75217,Thu Oct 27 22:16:08 +0000 2016,RT @ATT: Have a magical Halloween with the @LGUSAMobile #LGV20. https://t.co/yOfwY7oeQ0 https://t.co/AhKdm4NbiY,,,Twitter
Dallas17,32.739229,-96.682466,1530 S Buckner Blvd,75217,Thu Oct 27 22:14:45 +0000 2016,RT @ATT: Get a sweet deal on the new iPhone 7 when you switch to AT&amp;T and have DIRECTV. https://t.co/JO08KrMKj7 https://t.co/tAcB2wPVFO,,,Twitter
Dallas17,32.739229,-96.682466,1530 S Buckner Blvd,75217,Thu Oct 27 22:13:10 +0000 2016,RT @ATT: Have a magical Halloween with the @LGUSAMobile #LGV20. https://t.co/yOfwY7oeQ0 https://t.co/AhKdm4NbiY,,,Twitter
Dallas17,32.739229,-96.682466,1530 S Buckner Blvd,75217,Thu Oct 27 22:12:03 +0000 2016,RT @ATT: Have a magical Halloween with the @LGUSAMobile #LGV20. https://t.co/yOfwY7oeQ0 https://t.co/AhKdm4NbiY,,,Twitter
Dallas17,32.739229,-96.682466,1530 S Buckner Blvd,75217,Thu Oct 27 22:06:41 +0000 2016,RT @ATT: Get a sweet deal on the new iPhone 7 when you switch to AT&amp;T and have DIRECTV. https://t.co/JO08KrMKj7 https://t.co/tAcB2wPVFO,,,Twitter
Dallas17,32.739229,-96.682466,1530 S Buckner Blvd,75217,Thu Oct 27 22:01:58 +0000 2016,"dallascowboys: Won't be at #PHIvsDAL? 
You can watch LIVE using DIRECTV's Sunday Ticket! 

Sign up here: … https://t.co/41tyr4bmzf",,,Twitter
Dallas17,32.739229,-96.682466,1530 S Buckner Blvd,75217,Thu Oct 27 21:59:34 +0000 2016,RT @ATT: Get a sweet deal on the new iPhone 7 when you switch to AT&amp;T and have DIRECTV. https://t.co/JO08KrMKj7 https://t.co/tAcB2wPVFO,,,Twitter
Dallas17,32.739229,-96.682466,1530 S Buckner Blvd,75217,Thu Oct 27 21:58:14 +0000 2016,"New media agency lands AT&amp;T, opens shop in Dallas and plans to hire 100 people: New York City… https://t.co/0tExaKdrD0 | @dallasecodev",,,Twitter
Dallas17,32.739229,-96.682466,1530 S Buckner Blvd,75217,Thu Oct 27 21:52:16 +0000 2016,RT @ATT: Have a magical Halloween with the @LGUSAMobile #LGV20. https://t.co/yOfwY7oeQ0 https://t.co/AhKdm4NbiY,,,Twitter
Dallas17,32.739229,-96.682466,1530 S Buckner Blvd,75217,Thu Oct 27 21:49:51 +0000 2016,RT @ATT: Have a magical Halloween with the @LGUSAMobile #LGV20. https://t.co/yOfwY7oeQ0 https://t.co/AhKdm4NbiY,,,Twitter
Dallas17,32.739229,-96.682466,1530 S Buckner Blvd,75217,Thu Oct 27 21:46:04 +0000 2016,Have a magical Halloween with the @LGUSAMobile #LGV20. https://t.co/yOfwY7oeQ0 https://t.co/AhKdm4NbiY,,,Twitter
Dallas17,32.739229,-96.682466,1530 S Buckner Blvd,75217,Thu Oct 27 21:37:19 +0000 2016,RT @ATT: Get a sweet deal on the new iPhone 7 when you switch to AT&amp;T and have DIRECTV. https://t.co/JO08KrMKj7 https://t.co/tAcB2wPVFO,,,Twitter
Dallas17,32.739229,-96.682466,1530 S Buckner Blvd,75217,Thu Oct 27 21:36:06 +0000 2016,5 orgs changing the way we define disability: RESOLUTION: @ATT Original Documentary 10/30 @ 2PM #ATTimpact https://t.co/UGbZn5PGP5 (client),,,Twitter
Dallas17,32.739229,-96.682466,1530 S Buckner Blvd,75217,Thu Oct 27 21:28:22 +0000 2016,Sign the petition: Tell @TheJusticeDept to stop the @ATT-@TWXCorp merger https://t.co/7fXUcxw76q via @CREDOMobile #p2,,,Twitter
Dallas17,32.739229,-96.682466,1530 S Buckner Blvd,75217,Thu Oct 27 21:24:47 +0000 2016,@ATTCares done,,,Twitter
Dallas17,32.739229,-96.682466,1530 S Buckner Blvd,75217,Thu Oct 27 21:21:11 +0000 2016,"RT @dallasnews: Sorry, @ATT, FCC ruling may put an end to creepy, targeted advertising plans https://t.co/LCXbQwV4we | @agarre https://t.co…",,,Twitter
Dallas17,32.739229,-96.682466,1530 S Buckner Blvd,75217,Thu Oct 27 21:16:44 +0000 2016,"RT @dallasnews: Sorry, @ATT, FCC ruling may put an end to creepy, targeted advertising plans https://t.co/LCXbQwV4we | @agarre https://t.co…",,,Twitter
Dallas17,32.739229,-96.682466,1530 S Buckner Blvd,75217,Thu Oct 27 21:15:51 +0000 2016,"RT @dallasnews: Sorry, @ATT, FCC ruling may put an end to creepy, targeted advertising plans https://t.co/LCXbQwV4we | @agarre https://t.co…",,,Twitter
Dallas17,32.739229,-96.682466,1530 S Buckner Blvd,75217,Thu Oct 27 21:15:33 +0000 2016,"Sorry, @ATT, FCC ruling may put an end to creepy, targeted advertising plans https://t.co/LCXbQwV4we | @agarre https://t.co/L2eLRqbh0g",,,Twitter
Dallas17,32.739229,-96.682466,1530 S Buckner Blvd,75217,Thu Oct 27 21:08:12 +0000 2016,"RT @DBJHoopfer: Sneak peek of the brand new Trinity Forest Golf Club, future host of AT&amp;T Byron Nelson (Video) https://t.co/slwxhkjktv via…",,,Twitter
Dallas17,32.739229,-96.682466,1530 S Buckner Blvd,75217,Thu Oct 27 21:06:28 +0000 2016,@ATTCares it doesn't help. Tried this with tech support Tuesday and today.,,,Twitter
Dallas17,32.739229,-96.682466,1530 S Buckner Blvd,75217,Thu Oct 27 21:04:00 +0000 2016,Did you miss us at #WE16 today? Not to worry – you can check out our technology development programs online: https://t.co/yirOgcrIuj,,,Twitter
Dallas17,32.739229,-96.682466,1530 S Buckner Blvd,75217,Thu Oct 27 21:02:25 +0000 2016,"@ATTCares but today, tech support says there was an issue in my building and an tech needs to come out and fix it",,,Twitter
Dallas17,32.739229,-96.682466,1530 S Buckner Blvd,75217,Thu Oct 27 21:02:00 +0000 2016,@ATTCares finally getting tech to come out tomorrow. Techs were in my apt building Tuesday but blew me off &amp; said knew nothing about issue.,,,Twitter
Dallas17,32.739229,-96.682466,1530 S Buckner Blvd,75217,Thu Oct 27 21:01:04 +0000 2016,"@ATTCares I asked for a tech to come out Tuesday but they swore it was the modem; it wasn't. Promised next day delivery, it wasn't",,,Twitter
Dallas17,32.739229,-96.682466,1530 S Buckner Blvd,75217,Thu Oct 27 21:00:05 +0000 2016,Our IoT Starter Kit is more than just a developer data plan. Get the tools to design and launch an #IoT device now:… https://t.co/zhnOv3cJ6P,,,Twitter
Dallas17,32.739229,-96.682466,1530 S Buckner Blvd,75217,Thu Oct 27 21:00:02 +0000 2016,#Momaholics unite! The craziness continues in the season premiere of @MomCBS at 9/8c. https://t.co/UMb4myZolA,,,Twitter
Dallas17,32.739229,-96.682466,1530 S Buckner Blvd,75217,Thu Oct 27 20:56:57 +0000 2016,@ATTCares 2 modems with no service,,,Twitter
Dallas17,32.739229,-96.682466,1530 S Buckner Blvd,75217,Thu Oct 27 20:56:31 +0000 2016,"@lpranna04 Hi Lisa, we don't like to hear that. Can you DM us your account/contact info and more details? We'd like to take a look for you.",,,Twitter
Dallas17,32.739229,-96.682466,1530 S Buckner Blvd,75217,Thu Oct 27 20:49:42 +0000 2016,RT @ATT: Get a sweet deal on the new iPhone 7 when you switch to AT&amp;T and have DIRECTV. https://t.co/JO08KrMKj7 https://t.co/tAcB2wPVFO,,,Twitter
Dallas17,32.739229,-96.682466,1530 S Buckner Blvd,75217,Thu Oct 27 20:48:35 +0000 2016,.@ATTCares https://t.co/OnYPz3Ghii,,,Twitter
Dallas17,32.739229,-96.682466,1530 S Buckner Blvd,75217,Thu Oct 27 20:48:07 +0000 2016,.@Uverse your tech support service Tuesday &amp; today has been lackluster. Will definitely be looking at all options of cancelling service.,,,Twitter
Dallas17,32.739229,-96.682466,1530 S Buckner Blvd,75217,Thu Oct 27 20:42:10 +0000 2016,Getting a little #InspiredMobility on Social Media Sunday | AT&amp;T https://t.co/PHxRgkb8Tm https://t.co/ZFBUQlt9Hl,,,Twitter
Dallas17,32.739229,-96.682466,1530 S Buckner Blvd,75217,Thu Oct 27 20:34:26 +0000 2016,"RT @attJOBS: We have all the #interview tips you need in one list! Learn what to do before, during and after your next interview: https://t…",,,Twitter
Dallas17,32.739229,-96.682466,1530 S Buckner Blvd,75217,Thu Oct 27 20:30:06 +0000 2016,RT @ATT: Welcome to the team! @taylorswift13 https://t.co/4h86nLYuLo https://t.co/gAHOi7fPrZ,,,Twitter
Dallas17,32.739229,-96.682466,1530 S Buckner Blvd,75217,Thu Oct 27 20:29:16 +0000 2016,Sanders: ‘We must do everything possible’ to press Clinton on AT&amp;T-Time Warner https://t.co/nwyEr8yVNm,,,Twitter
Dallas17,32.739229,-96.682466,1530 S Buckner Blvd,75217,Thu Oct 27 20:27:00 +0000 2016,RT @ATT: Welcome to the team! @taylorswift13 https://t.co/4h86nLYuLo https://t.co/gAHOi7fPrZ,,,Twitter
Dallas17,32.739229,-96.682466,1530 S Buckner Blvd,75217,Thu Oct 27 20:18:58 +0000 2016,RT @ATTBusiness: We're navigating the known threat landscape to help protect your org. See more in our new cybersecurity report: https://t.…,,,Twitter
Dallas17,32.739229,-96.682466,1530 S Buckner Blvd,75217,Thu Oct 27 20:12:53 +0000 2016,Sharing our latest data-driven report on common #cybersecurity threats. Folks are saying it's our best yet...I'll le…https://t.co/7ADqKg1XeZ,,,Twitter
Dallas17,32.739229,-96.682466,1530 S Buckner Blvd,75217,Thu Oct 27 20:07:17 +0000 2016,"Just wanted to let you know @ATTCares, I hope to switch to another provider ASAP bc of this. https://t.co/x7rUpdhaEb",,,Twitter
Dallas17,32.739229,-96.682466,1530 S Buckner Blvd,75217,Thu Oct 27 20:05:59 +0000 2016,RT @attJOBS: We’re lucky to have a lot of #WomenWhoInspire us at AT&amp;T. Meet a few of them: https://t.co/8juFZJTY20 https://t.co/H6mCC5fGEj,,,Twitter
Dallas17,32.739229,-96.682466,1530 S Buckner Blvd,75217,Thu Oct 27 20:05:27 +0000 2016,RT @ATTBusiness: AT&amp;T Labs is on track to revolutionize the way #AI plays in the network…but that’s not all! More from Mazin Gilbert: https…,,,Twitter
Dallas17,32.739229,-96.682466,1530 S Buckner Blvd,75217,Thu Oct 27 19:59:05 +0000 2016,RT @ATT: Get a sweet deal on the new iPhone 7 when you switch to AT&amp;T and have DIRECTV. https://t.co/JO08KrMKj7 https://t.co/tAcB2wPVFO,,,Twitter
Dallas17,32.739229,-96.682466,1530 S Buckner Blvd,75217,Thu Oct 27 19:57:12 +0000 2016,"RT @attJOBS: We have all the #interview tips you need in one list! Learn what to do before, during and after your next interview: https://t…",,,Twitter
Dallas17,32.739229,-96.682466,1530 S Buckner Blvd,75217,Thu Oct 27 19:56:50 +0000 2016,"RT @attJOBS: We have all the #interview tips you need in one list! Learn what to do before, during and after your next interview: https://t…",,,Twitter
Dallas17,32.739229,-96.682466,1530 S Buckner Blvd,75217,Thu Oct 27 19:54:46 +0000 2016,"RT @DecksInThePark: Get to Klyde Warren Park tonight for the Decks in the Park - Halloween Edition, Powered by @ATT The fun all starts at 6…",,,Twitter
Dallas17,32.739229,-96.682466,1530 S Buckner Blvd,75217,Thu Oct 27 19:53:24 +0000 2016,"Sorry, @ATT: #FCC ruling may put an end to creepy, targeted #advertising plans https://t.co/TZ6dsf3ZGP via @dallasnews #anonymous",,,Twitter
Dallas17,32.739229,-96.682466,1530 S Buckner Blvd,75217,Thu Oct 27 19:51:40 +0000 2016,"RT @DFWSmallBiz: Sorry, #ATT, FCC ruling may put an end to creepy, targeted advertising plans https://t.co/pz8mmbULB9 #DFW #Tech",,,Twitter
Dallas17,32.739229,-96.682466,1530 S Buckner Blvd,75217,Thu Oct 27 21:01:04 +0000 2016,"@ATTCares I asked for a tech to come out Tuesday but they swore it was the modem; it wasn't. Promised next day delivery, it wasn't",,,Twitter
Dallas17,32.739229,-96.682466,1530 S Buckner Blvd,75217,Thu Oct 27 20:56:57 +0000 2016,@ATTCares 2 modems with no service,,,Twitter
Dallas17,32.739229,-96.682466,1530 S Buckner Blvd,75217,Thu Oct 27 20:49:42 +0000 2016,RT @ATT: Get a sweet deal on the new iPhone 7 when you switch to AT&amp;T and have DIRECTV. https://t.co/JO08KrMKj7 https://t.co/tAcB2wPVFO,,,Twitter
Dallas17,32.739229,-96.682466,1530 S Buckner Blvd,75217,Thu Oct 27 20:48:35 +0000 2016,.@ATTCares https://t.co/OnYPz3Ghii,,,Twitter
Dallas17,32.739229,-96.682466,1530 S Buckner Blvd,75217,Thu Oct 27 20:48:07 +0000 2016,.@Uverse your tech support service Tuesday &amp; today has been lackluster. Will definitely be looking at all options of cancelling service.,,,Twitter
Dallas17,32.739229,-96.682466,1530 S Buckner Blvd,75217,Thu Oct 27 20:30:06 +0000 2016,RT @ATT: Welcome to the team! @taylorswift13 https://t.co/4h86nLYuLo https://t.co/gAHOi7fPrZ,,,Twitter
Dallas17,32.739229,-96.682466,1530 S Buckner Blvd,75217,Thu Oct 27 20:27:00 +0000 2016,RT @ATT: Welcome to the team! @taylorswift13 https://t.co/4h86nLYuLo https://t.co/gAHOi7fPrZ,,,Twitter
Dallas17,32.739229,-96.682466,1530 S Buckner Blvd,75217,Thu Oct 27 20:07:17 +0000 2016,"Just wanted to let you know @ATTCares, I hope to switch to another provider ASAP bc of this. https://t.co/x7rUpdhaEb",,,Twitter
Dallas17,32.739229,-96.682466,1530 S Buckner Blvd,75217,Thu Oct 27 19:59:05 +0000 2016,RT @ATT: Get a sweet deal on the new iPhone 7 when you switch to AT&amp;T and have DIRECTV. https://t.co/JO08KrMKj7 https://t.co/tAcB2wPVFO,,,Twitter
Dallas17,32.739229,-96.682466,1530 S Buckner Blvd,75217,Thu Oct 27 19:54:46 +0000 2016,"RT @DecksInThePark: Get to Klyde Warren Park tonight for the Decks in the Park - Halloween Edition, Powered by @ATT The fun all starts at 6…",,,Twitter
Dallas17,32.739229,-96.682466,1530 S Buckner Blvd,75217,Thu Oct 27 19:53:24 +0000 2016,"Sorry, @ATT: #FCC ruling may put an end to creepy, targeted #advertising plans https://t.co/TZ6dsf3ZGP via @dallasnews #anonymous",,,Twitter
Dallas17,32.739229,-96.682466,1530 S Buckner Blvd,75217,Thu Oct 27 19:31:20 +0000 2016,"Sorry, @ATT, FCC ruling may put an end to creepy, targeted advertising plans https://t.co/3odrIP7GAK | @agarre https://t.co/fEfcSyydmL",,,Twitter
Dallas17,32.739229,-96.682466,1530 S Buckner Blvd,75217,Thu Oct 27 19:26:56 +0000 2016,RT @ATT: Welcome to the team! @taylorswift13 https://t.co/4h86nLYuLo https://t.co/gAHOi7fPrZ,,,Twitter
Dallas17,32.739229,-96.682466,1530 S Buckner Blvd,75217,Thu Oct 27 19:14:43 +0000 2016,RT @ATT: The #futureofvideo is mobile and the #futureofmobile is video. Time Warner + AT&amp;T make it happen! @twxcorp https://t.co/GKx4U9TQYg,,,Twitter
Dallas17,32.739229,-96.682466,1530 S Buckner Blvd,75217,Thu Oct 27 19:12:50 +0000 2016,RT @ATT: Get a sweet deal on the new iPhone 7 when you switch to AT&amp;T and have DIRECTV. https://t.co/JO08KrMKj7 https://t.co/tAcB2wPVFO,,,Twitter
Dallas17,32.739229,-96.682466,1530 S Buckner Blvd,75217,Thu Oct 27 19:05:47 +0000 2016,RT @ATT: Get a sweet deal on the new iPhone 7 when you switch to AT&amp;T and have DIRECTV. https://t.co/JO08KrMKj7 https://t.co/tAcB2wPVFO,,,Twitter
Dallas17,32.739229,-96.682466,1530 S Buckner Blvd,75217,Thu Oct 27 19:05:09 +0000 2016,RT @ATT: Get a sweet deal on the new iPhone 7 when you switch to AT&amp;T and have DIRECTV. https://t.co/JO08KrMKj7 https://t.co/tAcB2wPVFO,,,Twitter
Dallas17,32.739229,-96.682466,1530 S Buckner Blvd,75217,Thu Oct 27 16:56:23 +0000 2016,RT @ATT: Get a sweet deal on the new iPhone 7 when you switch to AT&amp;T and have DIRECTV. https://t.co/JO08KrMKj7 https://t.co/tAcB2wPVFO,,,Twitter
Dallas17,32.739229,-96.682466,1530 S Buckner Blvd,75217,Thu Oct 27 16:40:04 +0000 2016,RT @Uverse: @__Eddie7 That's what we're here for! ✊,,,Twitter
Dallas17,32.739229,-96.682466,1530 S Buckner Blvd,75217,Thu Oct 27 16:32:49 +0000 2016,"RT @DecksInThePark: Get to Klyde Warren Park tonight for the Decks in the Park - Halloween Edition, Powered by @ATT The fun all starts at 6…",,,Twitter
Dallas17,32.739229,-96.682466,1530 S Buckner Blvd,75217,Thu Oct 27 16:26:17 +0000 2016,RT @ATT: Welcome to the team! @taylorswift13 https://t.co/4h86nLYuLo https://t.co/gAHOi7fPrZ,,,Twitter
Dallas17,32.739229,-96.682466,1530 S Buckner Blvd,75217,Thu Oct 27 16:14:56 +0000 2016,@MurphysLawX @DecksInThePark @ATT you got a costume?,,,Twitter
Dallas17,32.739229,-96.682466,1530 S Buckner Blvd,75217,Thu Oct 27 15:43:51 +0000 2016,"RT @DecksInThePark: Get to Klyde Warren Park tonight for the Decks in the Park - Halloween Edition, Powered by @ATT The fun all starts at 6…",,,Twitter
Dallas17,32.739229,-96.682466,1530 S Buckner Blvd,75217,Thu Oct 27 15:38:56 +0000 2016,RT @ATT: Get a sweet deal on the new iPhone 7 when you switch to AT&amp;T and have DIRECTV. https://t.co/JO08KrMKj7 https://t.co/tAcB2wPVFO,,,Twitter
Dallas17,32.739229,-96.682466,1530 S Buckner Blvd,75217,Thu Oct 27 15:30:05 +0000 2016,"Get to Klyde Warren Park tonight for the Decks in the Park - Halloween Edition, Powered by @ATT The fun all starts… https://t.co/k2Ahrdrs6R",,,Twitter
Dallas17,32.739229,-96.682466,1530 S Buckner Blvd,75217,Thu Oct 27 15:25:02 +0000 2016,RT @ATT: Welcome to the team! @taylorswift13 https://t.co/4h86nLYuLo https://t.co/gAHOi7fPrZ,,,Twitter
Dallas17,32.739229,-96.682466,1530 S Buckner Blvd,75217,Thu Oct 27 15:22:40 +0000 2016,"RT @ATT: @RealAsKENbe Hi there, we wanted to clarify - Time Warner Cable is owned by Charter Communications which is separate from Time War…",,,Twitter
Dallas17,32.739229,-96.682466,1530 S Buckner Blvd,75217,Thu Oct 27 14:58:50 +0000 2016,RT @GeoffBlaine: Can't even get a gig out of @ATT GigaPower or 1000 or whatever they're calling it now. This dude's blazin'. https://t.co/I…,,,Twitter
Dallas17,32.739229,-96.682466,1530 S Buckner Blvd,75217,Thu Oct 27 14:57:31 +0000 2016,Can't even get a gig out of @ATT GigaPower or 1000 or whatever they're calling it now. This dude's blazin'. https://t.co/IYD4ftJHRU,,,Twitter
Dallas17,32.739229,-96.682466,1530 S Buckner Blvd,75217,Thu Oct 27 14:55:47 +0000 2016,RT @ATT: Get a sweet deal on the new iPhone 7 when you switch to AT&amp;T and have DIRECTV. https://t.co/JO08KrMKj7 https://t.co/tAcB2wPVFO,,,Twitter
Dallas17,32.739229,-96.682466,1530 S Buckner Blvd,75217,Thu Oct 27 14:53:52 +0000 2016,RT @ATT: Welcome to the team! @taylorswift13 https://t.co/4h86nLYuLo https://t.co/gAHOi7fPrZ,,,Twitter
Dallas17,32.739229,-96.682466,1530 S Buckner Blvd,75217,Thu Oct 27 14:05:48 +0000 2016,Sign the petition: Tell @TheJusticeDept to stop the @ATT-@TWXCorp merger https://t.co/hyI3LL7oR6 via @CREDOMobile #p2,,,Twitter
Dallas17,32.739229,-96.682466,1530 S Buckner Blvd,75217,Thu Oct 27 13:31:51 +0000 2016,RT @ATT: Welcome to the team! @taylorswift13 https://t.co/4h86nLYuLo https://t.co/gAHOi7fPrZ,,,Twitter
Dallas17,32.739229,-96.682466,1530 S Buckner Blvd,75217,Thu Oct 27 13:30:53 +0000 2016,RT @ATT: Welcome to the team! @taylorswift13 https://t.co/4h86nLYuLo https://t.co/gAHOi7fPrZ,,,Twitter
Dallas17,32.739229,-96.682466,1530 S Buckner Blvd,75217,Thu Oct 27 13:30:30 +0000 2016,Getting a little #InspiredMobility on Social Media Sunday | @ATT https://t.co/eHImGWAwjK https://t.co/7ArWewRkcV,,,Twitter
Dallas17,32.739229,-96.682466,1530 S Buckner Blvd,75217,Thu Oct 27 13:24:52 +0000 2016,RT @ATT: Welcome to the team! @taylorswift13 https://t.co/4h86nLYuLo https://t.co/gAHOi7fPrZ,,,Twitter
Dallas17,32.739229,-96.682466,1530 S Buckner Blvd,75217,Thu Oct 27 13:14:33 +0000 2016,RT @ATT: Get a sweet deal on the new iPhone 7 when you switch to AT&amp;T and have DIRECTV. https://t.co/JO08KrMKj7 https://t.co/tAcB2wPVFO,,,Twitter
Dallas17,32.739229,-96.682466,1530 S Buckner Blvd,75217,Thu Oct 27 12:45:32 +0000 2016,RT @ATT: Get a sweet deal on the new iPhone 7 when you switch to AT&amp;T and have DIRECTV. https://t.co/JO08KrMKj7 https://t.co/tAcB2wPVFO,,,Twitter
Dallas17,32.739229,-96.682466,1530 S Buckner Blvd,75217,Thu Oct 27 12:38:37 +0000 2016,RT @ATT: Welcome to the team! @taylorswift13 https://t.co/4h86nLYuLo https://t.co/gAHOi7fPrZ,,,Twitter
Dallas17,32.739229,-96.682466,1530 S Buckner Blvd,75217,Thu Oct 27 12:31:24 +0000 2016,RT @ATT: Get a sweet deal on the new iPhone 7 when you switch to AT&amp;T and have DIRECTV. https://t.co/JO08KrMKj7 https://t.co/tAcB2wPVFO,,,Twitter
Dallas17,32.739229,-96.682466,1530 S Buckner Blvd,75217,Thu Oct 27 12:29:55 +0000 2016,RT @ATT: Welcome to the team! @taylorswift13 https://t.co/4h86nLYuLo https://t.co/gAHOi7fPrZ,,,Twitter
Dallas17,32.739229,-96.682466,1530 S Buckner Blvd,75217,Thu Oct 27 12:29:30 +0000 2016,RT @ATT: Get a sweet deal on the new iPhone 7 when you switch to AT&amp;T and have DIRECTV. https://t.co/JO08KrMKj7 https://t.co/tAcB2wPVFO,,,Twitter
Dallas17,32.739229,-96.682466,1530 S Buckner Blvd,75217,Thu Oct 27 11:47:18 +0000 2016,"RT @AnnaLDavis1: A #bitcoin powered server, #TimeWarner AND #Hemisphere? What's next @ATT, total world domination? #ATT #surveillance #mono…",,,Twitter
Dallas17,32.739229,-96.682466,1530 S Buckner Blvd,75217,Thu Oct 27 11:46:51 +0000 2016,"RT @AnnaLDavis1: A #bitcoin powered server, #TimeWarner AND #Hemisphere? What's next @ATT, total world domination? #ATT #surveillance #mono…",,,Twitter
Dallas17,32.739229,-96.682466,1530 S Buckner Blvd,75217,Thu Oct 27 11:36:48 +0000 2016,RT @ATT: Get a sweet deal on the new iPhone 7 when you switch to AT&amp;T and have DIRECTV. https://t.co/JO08KrMKj7 https://t.co/tAcB2wPVFO,,,Twitter
Dallas17,32.739229,-96.682466,1530 S Buckner Blvd,75217,Thu Oct 27 11:24:05 +0000 2016,RT @ATT: Get a sweet deal on the new iPhone 7 when you switch to AT&amp;T and have DIRECTV. https://t.co/JO08KrMKj7 https://t.co/tAcB2wPVFO,,,Twitter
Dallas17,32.739229,-96.682466,1530 S Buckner Blvd,75217,Thu Oct 27 11:20:31 +0000 2016,RT @ATT: Welcome to the team! @taylorswift13 https://t.co/4h86nLYuLo https://t.co/gAHOi7fPrZ,,,Twitter
Dallas17,32.739229,-96.682466,1530 S Buckner Blvd,75217,Thu Oct 27 11:16:40 +0000 2016,The Latin America assets of @ATT could figure more prominently after Time Warner deal https://t.co/vS9caPpg8X |… https://t.co/wC2P1bslye,,,Twitter
Dallas17,32.739229,-96.682466,1530 S Buckner Blvd,75217,Thu Oct 27 11:12:11 +0000 2016,RT @ATT: Get a sweet deal on the new iPhone 7 when you switch to AT&amp;T and have DIRECTV. https://t.co/JO08KrMKj7 https://t.co/tAcB2wPVFO,,,Twitter
Dallas17,32.739229,-96.682466,1530 S Buckner Blvd,75217,Thu Oct 27 10:59:54 +0000 2016,RT @ATT: Get a sweet deal on the new iPhone 7 when you switch to AT&amp;T and have DIRECTV. https://t.co/JO08KrMKj7 https://t.co/tAcB2wPVFO,,,Twitter
Dallas17,32.739229,-96.682466,1530 S Buckner Blvd,75217,Thu Oct 27 10:17:18 +0000 2016,RT @ATT: Welcome to the team! @taylorswift13 https://t.co/4h86nLYuLo https://t.co/gAHOi7fPrZ,,,Twitter
Dallas17,32.739229,-96.682466,1530 S Buckner Blvd,75217,Thu Oct 27 09:47:19 +0000 2016,@TheOrangeCone @DIRECTV notice how others answered but @directtv didnt? Customer service yay!,,,Twitter
Dallas17,32.739229,-96.682466,1530 S Buckner Blvd,75217,Thu Oct 27 09:34:21 +0000 2016,RT @ATT: Get a sweet deal on the new iPhone 7 when you switch to AT&amp;T and have DIRECTV. https://t.co/JO08KrMKj7 https://t.co/tAcB2wPVFO,,,Twitter
Dallas17,32.739229,-96.682466,1530 S Buckner Blvd,75217,Thu Oct 27 09:29:23 +0000 2016,RT @ATT: Who made you a college 🏈 fan? Share with #MadeMeAFanContest for a chance to win. Rules https://t.co/hU3I3wFn5V https://t.co/seJBJK…,,,Twitter
Dallas17,32.739229,-96.682466,1530 S Buckner Blvd,75217,Thu Oct 27 08:44:38 +0000 2016,RT @ATT: Welcome to the team! @taylorswift13 https://t.co/4h86nLYuLo https://t.co/gAHOi7fPrZ,,,Twitter
Dallas17,32.739229,-96.682466,1530 S Buckner Blvd,75217,Thu Oct 27 08:23:01 +0000 2016,RT @ATT: Welcome to the team! @taylorswift13 https://t.co/4h86nLYuLo https://t.co/gAHOi7fPrZ,,,Twitter
Dallas17,32.739229,-96.682466,1530 S Buckner Blvd,75217,Thu Oct 27 08:19:50 +0000 2016,RT @ATT: Welcome to the team! @taylorswift13 https://t.co/4h86nLYuLo https://t.co/gAHOi7fPrZ,,,Twitter
Dallas17,32.739229,-96.682466,1530 S Buckner Blvd,75217,Thu Oct 27 08:19:29 +0000 2016,RT @ATT: Get a sweet deal on the new iPhone 7 when you switch to AT&amp;T and have DIRECTV. https://t.co/JO08KrMKj7 https://t.co/tAcB2wPVFO,,,Twitter
Dallas17,32.739229,-96.682466,1530 S Buckner Blvd,75217,Thu Oct 27 07:50:24 +0000 2016,RT @ATT: Welcome to the team! @taylorswift13 https://t.co/4h86nLYuLo https://t.co/gAHOi7fPrZ,,,Twitter
Dallas17,32.739229,-96.682466,1530 S Buckner Blvd,75217,Thu Oct 27 07:45:54 +0000 2016,RT @ATT: Another reason to smile for the camera. The #LGV20 from @LGUSAMobile will be available in stores starting today. https://t.co/TILu…,,,Twitter
Dallas17,32.739229,-96.682466,1530 S Buckner Blvd,75217,Thu Oct 27 05:57:00 +0000 2016,RT @ATT: Welcome to the team! @taylorswift13 https://t.co/4h86nLYuLo https://t.co/gAHOi7fPrZ,,,Twitter
Dallas17,32.739229,-96.682466,1530 S Buckner Blvd,75217,Thu Oct 27 04:52:50 +0000 2016,RT @ATT: Welcome to the team! @taylorswift13 https://t.co/4h86nLYuLo https://t.co/gAHOi7fPrZ,,,Twitter
Dallas17,32.739229,-96.682466,1530 S Buckner Blvd,75217,Thu Oct 27 04:49:11 +0000 2016,RT @ATT: Welcome to the team! @taylorswift13 https://t.co/4h86nLYuLo https://t.co/gAHOi7fPrZ,,,Twitter
Dallas17,32.739229,-96.682466,1530 S Buckner Blvd,75217,Thu Oct 27 04:40:52 +0000 2016,RT @ATT: Welcome to the team! @taylorswift13 https://t.co/4h86nLYuLo https://t.co/gAHOi7fPrZ,,,Twitter
Dallas17,32.739229,-96.682466,1530 S Buckner Blvd,75217,Thu Oct 27 04:39:16 +0000 2016,RT @ATT: Welcome to the team! @taylorswift13 https://t.co/4h86nLYuLo https://t.co/gAHOi7fPrZ,,,Twitter
Dallas17,32.739229,-96.682466,1530 S Buckner Blvd,75217,Thu Oct 27 04:31:21 +0000 2016,RT @ATT: Welcome to the team! @taylorswift13 https://t.co/4h86nLYuLo https://t.co/gAHOi7fPrZ,,,Twitter
Dallas17,32.739229,-96.682466,1530 S Buckner Blvd,75217,Thu Oct 27 04:31:05 +0000 2016,@AroundTI accepts @ATT's challenge. Unite For Change. STEM in the Schoolyard. #OneUpThat? There is only one way. https://t.co/VJGVno1eoK,,,Twitter
Dallas17,32.739229,-96.682466,1530 S Buckner Blvd,75217,Thu Oct 27 04:14:26 +0000 2016,RT @ATT: Welcome to the team! @taylorswift13 https://t.co/4h86nLYuLo https://t.co/gAHOi7fPrZ,,,Twitter
Dallas17,32.739229,-96.682466,1530 S Buckner Blvd,75217,Thu Oct 27 03:34:38 +0000 2016,RT @1845realty: Since when do you merge two accounts @ATT and expect your consumers to be strong armed into your methods??? #attsucks #terr…,,,Twitter
Dallas17,32.739229,-96.682466,1530 S Buckner Blvd,75217,Thu Oct 27 03:29:28 +0000 2016,"RT @SVotta88: Hey @ATT appreciate being on hold for 39 minutes now waiting to talk about my ""rewards"" I am supposed to get.",,,Twitter
Dallas17,32.739229,-96.682466,1530 S Buckner Blvd,75217,Thu Oct 27 03:29:02 +0000 2016,RT @ATT: Get a sweet deal on the new iPhone 7 when you switch to AT&amp;T and have DIRECTV. https://t.co/JO08KrMKj7 https://t.co/tAcB2wPVFO,,,Twitter
Dallas17,32.739229,-96.682466,1530 S Buckner Blvd,75217,Thu Oct 27 03:12:34 +0000 2016,RT @ohxnelli: Now I understand why people say @ATT has terrible customer service. Smdh.,,,Twitter
Dallas17,32.739229,-96.682466,1530 S Buckner Blvd,75217,Thu Oct 27 02:14:58 +0000 2016,@ATTCares Any idea how long? Have to go outside to use the phones. Ridiculous. Been like that for days.,,,Twitter
Dallas17,32.739229,-96.682466,1530 S Buckner Blvd,75217,Thu Oct 27 02:09:56 +0000 2016,"RT @ATT: @Fixxxer92 Thanks for bringing something this serious to our attention, Richard. We are investigating this and will take appropria…",,,Twitter
Dallas17,32.739229,-96.682466,1530 S Buckner Blvd,75217,Thu Oct 27 01:33:23 +0000 2016,RT @ATT: Get a sweet deal on the new iPhone 7 when you switch to AT&amp;T and have DIRECTV. https://t.co/JO08KrMKj7 https://t.co/tAcB2wPVFO,,,Twitter
Dallas17,32.739229,-96.682466,1530 S Buckner Blvd,75217,Thu Oct 27 01:25:40 +0000 2016,"RT @ATT: @OmarCorrea Rock star speeds just for you, Omar! 👍 https://t.co/u1hBT5Wj7Z",,,Twitter
Dallas17,32.739229,-96.682466,1530 S Buckner Blvd,75217,Thu Oct 27 01:14:15 +0000 2016,RT @ATT: Welcome to the team! @taylorswift13 https://t.co/4h86nLYuLo https://t.co/gAHOi7fPrZ,,,Twitter
Dallas17,32.739229,-96.682466,1530 S Buckner Blvd,75217,Thu Oct 27 01:12:29 +0000 2016,RT @ATT: Welcome to the team! @taylorswift13 https://t.co/4h86nLYuLo https://t.co/gAHOi7fPrZ,,,Twitter
Dallas17,32.739229,-96.682466,1530 S Buckner Blvd,75217,Thu Oct 27 01:10:40 +0000 2016,RT @ATT: Welcome to the team! @taylorswift13 https://t.co/4h86nLYuLo https://t.co/gAHOi7fPrZ,,,Twitter
Dallas17,32.739229,-96.682466,1530 S Buckner Blvd,75217,Thu Oct 27 00:47:36 +0000 2016,@ATT @DIRECTV shame on you for costing me money due to mistakes made by your agents! I need contact from management as I need some answers!!,,,Twitter
Dallas17,32.739229,-96.682466,1530 S Buckner Blvd,75217,Thu Oct 27 00:40:01 +0000 2016,RT @ATT: Welcome to the team! @taylorswift13 https://t.co/4h86nLYuLo https://t.co/gAHOi7fPrZ,,,Twitter
Dallas17,32.739229,-96.682466,1530 S Buckner Blvd,75217,Thu Oct 27 00:22:07 +0000 2016,RT @ATT: Who made you a college 🏈 fan? Share with #MadeMeAFanContest for a chance to win. Rules https://t.co/hU3I3wFn5V https://t.co/seJBJK…,,,Twitter
Dallas17,32.739229,-96.682466,1530 S Buckner Blvd,75217,Thu Oct 27 00:16:50 +0000 2016,RT @ATT: Who made you a college 🏈 fan? Share with #MadeMeAFanContest for a chance to win. Rules https://t.co/hU3I3wFn5V https://t.co/seJBJK…,,,Twitter
Dallas17,32.739229,-96.682466,1530 S Buckner Blvd,75217,Thu Oct 27 00:11:18 +0000 2016,RT @ATT: Welcome to the team! @taylorswift13 https://t.co/4h86nLYuLo https://t.co/gAHOi7fPrZ,,,Twitter
Dallas17,32.739229,-96.682466,1530 S Buckner Blvd,75217,Wed Oct 26 23:49:18 +0000 2016,RT @ATT: Welcome to the team! @taylorswift13 https://t.co/4h86nLYuLo https://t.co/gAHOi7fPrZ,,,Twitter
Dallas17,32.739229,-96.682466,1530 S Buckner Blvd,75217,Wed Oct 26 23:47:59 +0000 2016,RT @JTeespeak: So great hangin w/ @GavinDeGraw thx to @DFWAcuraDealers @McDonalds &amp; @ATT  @JackFMDFW @MoreHits1037 https://t.co/V4rDDvLfkB,,,Twitter
Dallas17,32.739229,-96.682466,1530 S Buckner Blvd,75217,Wed Oct 26 23:31:00 +0000 2016,RT @ATT: Welcome to the team! @taylorswift13 https://t.co/4h86nLYuLo https://t.co/gAHOi7fPrZ,,,Twitter
Dallas17,32.739229,-96.682466,1530 S Buckner Blvd,75217,Wed Oct 26 23:24:55 +0000 2016,RT @Mike_Rawlings: This is a day of celebration. Special thanks to @PGATOUR and @ATT for helping bring @attbyronnelson to Dallas. https://t…,,,Twitter
Dallas17,32.739229,-96.682466,1530 S Buckner Blvd,75217,Wed Oct 26 23:09:17 +0000 2016,RT @ATT: Welcome to the team! @taylorswift13 https://t.co/4h86nLYuLo https://t.co/gAHOi7fPrZ,,,Twitter
Dallas17,32.739229,-96.682466,1530 S Buckner Blvd,75217,Wed Oct 26 22:57:11 +0000 2016,RT @ATT: Welcome to the team! @taylorswift13 https://t.co/4h86nLYuLo https://t.co/gAHOi7fPrZ,,,Twitter
Dallas17,32.739229,-96.682466,1530 S Buckner Blvd,75217,Wed Oct 26 22:50:47 +0000 2016,RT @ATT: Who made you a college 🏈 fan? Share with #MadeMeAFanContest for a chance to win. Rules https://t.co/hU3I3wFn5V https://t.co/seJBJK…,,,Twitter
Dallas17,32.739229,-96.682466,1530 S Buckner Blvd,75217,Wed Oct 26 22:50:11 +0000 2016,RT @ATT: Get a sweet deal on the new iPhone 7 when you switch to AT&amp;T and have DIRECTV. https://t.co/JO08KrMKj7 https://t.co/tAcB2wPVFO,,,Twitter
Dallas17,32.739229,-96.682466,1530 S Buckner Blvd,75217,Wed Oct 26 22:48:38 +0000 2016,RT @ATT: Welcome to the team! @taylorswift13 https://t.co/4h86nLYuLo https://t.co/gAHOi7fPrZ,,,Twitter
Dallas17,32.739229,-96.682466,1530 S Buckner Blvd,75217,Wed Oct 26 22:41:00 +0000 2016,PETITION: Stop the @ATT-@twxcorp takeover! https://t.co/t0o2boGyxE via @demandprogress #NoMoreMergers,,,Twitter
Dallas17,32.739229,-96.682466,1530 S Buckner Blvd,75217,Wed Oct 26 22:35:32 +0000 2016,RT @ATT: Get a sweet deal on the new iPhone 7 when you switch to AT&amp;T and have DIRECTV. https://t.co/JO08KrMKj7 https://t.co/tAcB2wPVFO,,,Twitter
Dallas17,32.739229,-96.682466,1530 S Buckner Blvd,75217,Wed Oct 26 22:32:54 +0000 2016,PETITION: Stop the @ATT-@twxcorp merger! https://t.co/SygwvpZCf1 via @demandprogress #NoMoreMergers,,,Twitter
Dallas17,32.739229,-96.682466,1530 S Buckner Blvd,75217,Wed Oct 26 22:10:17 +0000 2016,RT @Uverse: Looking for a new trainer? Check out @JillianMichaels Fit Fusion TV: https://t.co/wHpiTE8VdG https://t.co/Os2SQH8UbG,,,Twitter
Dallas17,32.739229,-96.682466,1530 S Buckner Blvd,75217,Wed Oct 26 22:05:55 +0000 2016,"@ATT y'all sent me a new phone with a case and they're both broken, what the heck??!!???",,,Twitter
Dallas17,32.739229,-96.682466,1530 S Buckner Blvd,75217,Wed Oct 26 22:05:46 +0000 2016,RT @ATT: Get a sweet deal on the new iPhone 7 when you switch to AT&amp;T and have DIRECTV. https://t.co/JO08KrMKj7 https://t.co/tAcB2wPVFO,,,Twitter
