Store,Latitude,Longitude,Address,Zip,CreatedAt,Text,Senti,Rating,Source
Dallas6,32.8740567,-96.771404,9100 N Central Expressway Suite 105,75231,Thu Oct 20 03:38:46 +0000 2016,"RT @RickTweetTweet: Women in Tech Q&amp;A: Kay Kapoor - President, AT&amp;T Global Business-Public Sector #WomeninTech #LifeAtATT https://t.co/SRsJ…",,,Twitter
Dallas6,32.8740567,-96.771404,9100 N Central Expressway Suite 105,75231,Thu Oct 20 03:22:58 +0000 2016,@ATT @ATTCares Thank you for the information.,,,Twitter
Dallas6,32.8740567,-96.771404,9100 N Central Expressway Suite 105,75231,Thu Oct 20 03:16:24 +0000 2016,"RT @ATT: Before you vote, grab the remote and tune into the final #debatenight at 8/7c. #UNLVPresDebate https://t.co/afLxTSZMLW",,,Twitter
Dallas6,32.8740567,-96.771404,9100 N Central Expressway Suite 105,75231,Thu Oct 20 03:14:17 +0000 2016,@ATTCares so glad I rushed home to watch the debate.  No home internet or TV is ridiculous.,,,Twitter
Dallas6,32.8740567,-96.771404,9100 N Central Expressway Suite 105,75231,Thu Oct 20 02:58:46 +0000 2016,RT @tonyromo: I wanna thank @DIRECTV for allowing me to show off my true self.  ;)  embarrassing is an understatement http://t.co/F0NniFESlL,,,Twitter
Dallas6,32.8740567,-96.771404,9100 N Central Expressway Suite 105,75231,Thu Oct 20 02:55:42 +0000 2016,@ATTCares Uverse down again. 5/7 calls over the past week and still not getting what I need.,,,Twitter
Dallas6,32.8740567,-96.771404,9100 N Central Expressway Suite 105,75231,Thu Oct 20 02:44:02 +0000 2016,RT @attJOBS: Share what you love about technology with our customers. Now Hiring throughout the Bay Area! https://t.co/ig3a1FgKS4 https://t…,,,Twitter
Dallas6,32.8740567,-96.771404,9100 N Central Expressway Suite 105,75231,Thu Oct 20 02:42:36 +0000 2016,RT @attJOBS: Share what you love about technology with our customers. Now Hiring throughout the Bay Area! https://t.co/ig3a1FgKS4 https://t…,,,Twitter
Dallas6,32.8740567,-96.771404,9100 N Central Expressway Suite 105,75231,Thu Oct 20 02:34:06 +0000 2016,"RT @ATT: Before you vote, grab the remote and tune into the final #debatenight at 8/7c. #UNLVPresDebate https://t.co/afLxTSZMLW",,,Twitter
Dallas6,32.8740567,-96.771404,9100 N Central Expressway Suite 105,75231,Thu Oct 20 02:32:15 +0000 2016,RT @ATT: Welcome to the team! @taylorswift13 https://t.co/4h86nLYuLo https://t.co/gAHOi7fPrZ,,,Twitter
Dallas6,32.8740567,-96.771404,9100 N Central Expressway Suite 105,75231,Thu Oct 20 02:31:20 +0000 2016,RT @ATT: Get a sweet deal on the new iPhone 7 when you switch to AT&amp;T and have DIRECTV. https://t.co/TQVeUkmeZ6 https://t.co/zfZmNpe8AP,,,Twitter
Dallas6,32.8740567,-96.771404,9100 N Central Expressway Suite 105,75231,Thu Oct 20 02:23:05 +0000 2016,RT @ATT: Welcome to the team! @taylorswift13 https://t.co/4h86nLYuLo https://t.co/gAHOi7fPrZ,,,Twitter
Dallas6,32.8740567,-96.771404,9100 N Central Expressway Suite 105,75231,Thu Oct 20 02:11:25 +0000 2016,@ATTCares are those song lyrics? Seems like there should be music playing,,,Twitter
Dallas6,32.8740567,-96.771404,9100 N Central Expressway Suite 105,75231,Thu Oct 20 02:10:34 +0000 2016,RT @ATT: Who made you a college 🏈 fan? Share with #MadeMeAFanContest for a chance to win. Rules https://t.co/hU3I3wFn5V https://t.co/xZbxUJ…,,,Twitter
Dallas6,32.8740567,-96.771404,9100 N Central Expressway Suite 105,75231,Thu Oct 20 02:07:58 +0000 2016,RT @ATT: Get a sweet deal on the new iPhone 7 when you switch to AT&amp;T and have DIRECTV. https://t.co/TQVeUkmeZ6 https://t.co/zfZmNpe8AP,,,Twitter
Dallas6,32.8740567,-96.771404,9100 N Central Expressway Suite 105,75231,Thu Oct 20 02:00:01 +0000 2016,See how to add files to a folder in Box from AT&amp;T at t https://t.co/11FyOL95sf https://t.co/rdtvxhAjTM,,,Twitter
Dallas6,32.8740567,-96.771404,9100 N Central Expressway Suite 105,75231,Thu Oct 20 01:47:09 +0000 2016,RT @ATT: Welcome to the team! @taylorswift13 https://t.co/4h86nLYuLo https://t.co/gAHOi7fPrZ,,,Twitter
Dallas6,32.8740567,-96.771404,9100 N Central Expressway Suite 105,75231,Thu Oct 20 01:36:47 +0000 2016,RT @ATT: Who made you a college 🏈 fan? Share with #MadeMeAFanContest for a chance to win. Rules https://t.co/hU3I3wFn5V https://t.co/xZbxUJ…,,,Twitter
Dallas6,32.8740567,-96.771404,9100 N Central Expressway Suite 105,75231,Thu Oct 20 01:36:05 +0000 2016,"RT @ATT: Before you vote, grab the remote and tune into the final #debatenight at 8/7c. #UNLVPresDebate https://t.co/afLxTSZMLW",,,Twitter
Dallas6,32.8740567,-96.771404,9100 N Central Expressway Suite 105,75231,Thu Oct 20 01:34:13 +0000 2016,RT @ATT: Get a sweet deal on the new iPhone 7 when you switch to AT&amp;T and have DIRECTV. https://t.co/TQVeUkmeZ6 https://t.co/zfZmNpe8AP,,,Twitter
Dallas6,32.8740567,-96.771404,9100 N Central Expressway Suite 105,75231,Thu Oct 20 01:34:10 +0000 2016,"Roundup: J&amp;J and AT&amp;T Grow in Houston, Inspyr and Meshify Move On https://t.co/cXMfylBNAU #Texas",,,Twitter
Dallas6,32.8740567,-96.771404,9100 N Central Expressway Suite 105,75231,Thu Oct 20 01:30:19 +0000 2016,RT @attJOBS: Our employees broke records with @Stop_Hunger_Now at our ERG Conference! Learn how they made an #ATTimpact:  https://t.co/3s0Z…,,,Twitter
Dallas6,32.8740567,-96.771404,9100 N Central Expressway Suite 105,75231,Thu Oct 20 01:27:01 +0000 2016,RT @RickTweetTweet: Listen: Life At AT&amp;T Podcast with 3  #Women Vice Presidents #LifeatATT  #WomenLeaders #ATTDiversity https://t.co/MsMDVK…,,,Twitter
Dallas6,32.8740567,-96.771404,9100 N Central Expressway Suite 105,75231,Thu Oct 20 01:21:45 +0000 2016,@dalton_trigg @dallasmavs @DIRECTV STEP. UP. Direct TV.,,,Twitter
Dallas6,32.8740567,-96.771404,9100 N Central Expressway Suite 105,75231,Thu Oct 20 01:20:18 +0000 2016,Would you hire this man? This story of perseverance will surprise. #LifeAtATT https://t.co/B6OPoXCPUY #attemployee https://t.co/MME6koUEei,,,Twitter
Dallas6,32.8740567,-96.771404,9100 N Central Expressway Suite 105,75231,Thu Oct 20 01:13:11 +0000 2016,@TheTimMurray @ATT ridiculous!,,,Twitter
Dallas6,32.8740567,-96.771404,9100 N Central Expressway Suite 105,75231,Thu Oct 20 01:05:23 +0000 2016,RT @ATT: Get a sweet deal on the new iPhone 7 when you switch to AT&amp;T and have DIRECTV. https://t.co/TQVeUkmeZ6 https://t.co/zfZmNpe8AP,,,Twitter
Dallas6,32.8740567,-96.771404,9100 N Central Expressway Suite 105,75231,Thu Oct 20 00:58:44 +0000 2016,RT @ATT: Get a sweet deal on the new iPhone 7 when you switch to AT&amp;T and have DIRECTV. https://t.co/TQVeUkmeZ6 https://t.co/zfZmNpe8AP,,,Twitter
Dallas6,32.8740567,-96.771404,9100 N Central Expressway Suite 105,75231,Thu Oct 20 00:45:01 +0000 2016,"RT @DMNBiz: New media agency lands @ATT, opens shop in Dallas and plans to employ 100 people https://t.co/DFRmKVwrSP @mitchschnurman https:…",,,Twitter
Dallas6,32.8740567,-96.771404,9100 N Central Expressway Suite 105,75231,Thu Oct 20 00:44:40 +0000 2016,"RT @attJOBS: Through technology, we're helping to connect students with mentors across the country. Here's how: https://t.co/aIHtIbm2d3 #AT…",,,Twitter
Dallas6,32.8740567,-96.771404,9100 N Central Expressway Suite 105,75231,Thu Oct 20 00:36:56 +0000 2016,RT @theresambates: New National Effort to Help Schools End #Cyberbullying | AT&amp;T https://t.co/fkbYzogAU8 via @sharethis,,,Twitter
Dallas6,32.8740567,-96.771404,9100 N Central Expressway Suite 105,75231,Thu Oct 20 00:34:32 +0000 2016,@ATT @ATTCares: Any plans on expanding in Zip Code 73012? Thanks!,,,Twitter
Dallas6,32.8740567,-96.771404,9100 N Central Expressway Suite 105,75231,Thu Oct 20 00:34:15 +0000 2016,RT @ATT: Get a sweet deal on the new iPhone 7 when you switch to AT&amp;T and have DIRECTV. https://t.co/TQVeUkmeZ6 https://t.co/zfZmNpe8AP,,,Twitter
Dallas6,32.8740567,-96.771404,9100 N Central Expressway Suite 105,75231,Thu Oct 20 00:31:51 +0000 2016,RT @ATT: Get a sweet deal on the new iPhone 7 when you switch to AT&amp;T and have DIRECTV. https://t.co/TQVeUkmeZ6 https://t.co/zfZmNpe8AP,,,Twitter
Dallas6,32.8740567,-96.771404,9100 N Central Expressway Suite 105,75231,Thu Oct 20 00:30:22 +0000 2016,@DIRECTV Please forward to all of your male employees. https://t.co/nAKxTU3x4W,,,Twitter
Dallas6,32.8740567,-96.771404,9100 N Central Expressway Suite 105,75231,Thu Oct 20 00:19:45 +0000 2016,Christy Berry Chairs Prelude Lights at AT&amp;T Performing Arts Center’s Inaugural “Prelude” to Aurora https://t.co/W9YDDaS8mO,,,Twitter
Dallas6,32.8740567,-96.771404,9100 N Central Expressway Suite 105,75231,Thu Oct 20 00:10:29 +0000 2016,RT @ATT: Welcome to the team! @taylorswift13 https://t.co/4h86nLYuLo https://t.co/gAHOi7fPrZ,,,Twitter
Dallas6,32.8740567,-96.771404,9100 N Central Expressway Suite 105,75231,Wed Oct 19 23:59:49 +0000 2016,@DIRECTV your staff is really in need of updated training on how to behave around women AND how to respond to sexual harassment complaints,,,Twitter
Dallas6,32.8740567,-96.771404,9100 N Central Expressway Suite 105,75231,Wed Oct 19 23:58:15 +0000 2016,@DIRECTV I was sexually harassed by 3 members of your staff. I tried to handle this privately thru  website to no avail. Who can I email?,,,Twitter
Dallas6,32.8740567,-96.771404,9100 N Central Expressway Suite 105,75231,Wed Oct 19 23:51:17 +0000 2016,"@ATT I need this fiber in Lubbock, TX!!",,,Twitter
Dallas6,32.8740567,-96.771404,9100 N Central Expressway Suite 105,75231,Wed Oct 19 23:44:11 +0000 2016,RT @ATT: Get a sweet deal on the new iPhone 7 when you switch to AT&amp;T and have DIRECTV. https://t.co/TQVeUkmeZ6 https://t.co/zfZmNpe8AP,,,Twitter
Dallas6,32.8740567,-96.771404,9100 N Central Expressway Suite 105,75231,Wed Oct 19 23:37:27 +0000 2016,"RT @dallasnews: New media agency @Hearts_Science lands @ATT, opens shop in Dallas and plans to employ 100 people https://t.co/f5bPR9R5EQ @m…",,,Twitter
Dallas6,32.8740567,-96.771404,9100 N Central Expressway Suite 105,75231,Wed Oct 19 23:35:22 +0000 2016,"New media agency lands @ATT, opens shop in Dallas and plans to employ 100 people https://t.co/DFRmKVwrSP… https://t.co/TzAKIz7Otr",,,Twitter
Dallas6,32.8740567,-96.771404,9100 N Central Expressway Suite 105,75231,Wed Oct 19 23:34:12 +0000 2016,RT @ATT: Get a sweet deal on the new iPhone 7 when you switch to AT&amp;T and have DIRECTV. https://t.co/TQVeUkmeZ6 https://t.co/zfZmNpe8AP,,,Twitter
Dallas6,32.8740567,-96.771404,9100 N Central Expressway Suite 105,75231,Wed Oct 19 23:32:24 +0000 2016,"RT @ATT: Before you vote, grab the remote and tune into the final #debatenight at 8/7c. #UNLVPresDebate https://t.co/afLxTSZMLW",,,Twitter
Dallas6,32.8740567,-96.771404,9100 N Central Expressway Suite 105,75231,Wed Oct 19 23:22:47 +0000 2016,RT @ATT: Get a sweet deal on the new iPhone 7 when you switch to AT&amp;T and have DIRECTV. https://t.co/TQVeUkmeZ6 https://t.co/zfZmNpe8AP,,,Twitter
Dallas6,32.8740567,-96.771404,9100 N Central Expressway Suite 105,75231,Wed Oct 19 23:21:02 +0000 2016,"RT @ATT: Before you vote, grab the remote and tune into the final #debatenight at 8/7c. #UNLVPresDebate https://t.co/afLxTSZMLW",,,Twitter
Dallas6,32.8740567,-96.771404,9100 N Central Expressway Suite 105,75231,Wed Oct 19 23:15:33 +0000 2016,"RT @RickTweetTweet: Women in Tech Q&amp;A: Kay Kapoor - President, AT&amp;T Global Business-Public Sector #WomeninTech #LifeAtATT https://t.co/SRsJ…",,,Twitter
Dallas6,32.8740567,-96.771404,9100 N Central Expressway Suite 105,75231,Wed Oct 19 23:07:13 +0000 2016,"RT @dallasnews: New media agency @Hearts_Science lands @ATT, opens shop in Dallas and plans to employ 100 people https://t.co/f5bPR9R5EQ @m…",,,Twitter
Dallas6,32.8740567,-96.771404,9100 N Central Expressway Suite 105,75231,Wed Oct 19 23:04:42 +0000 2016,"RT @ATT: Before you vote, grab the remote and tune into the final #debatenight at 8/7c. #UNLVPresDebate https://t.co/afLxTSZMLW",,,Twitter
Dallas6,32.8740567,-96.771404,9100 N Central Expressway Suite 105,75231,Wed Oct 19 23:00:29 +0000 2016,@ATTCares @SamsungSupport before it EXPLODES!,,,Twitter
Dallas6,32.8740567,-96.771404,9100 N Central Expressway Suite 105,75231,Wed Oct 19 22:53:18 +0000 2016,RT @Uverse: The #13NightsOfHalloween begin TONIGHT on @FreeformTV with R.L. Stein's Monsterville: Cabinet of Souls at 7/6c! 🎃 https://t.co/…,,,Twitter
Dallas6,32.8740567,-96.771404,9100 N Central Expressway Suite 105,75231,Wed Oct 19 22:46:12 +0000 2016,RT @Uverse: The #13NightsOfHalloween begin TONIGHT on @FreeformTV with R.L. Stein's Monsterville: Cabinet of Souls at 7/6c! 🎃 https://t.co/…,,,Twitter
Dallas6,32.8740567,-96.771404,9100 N Central Expressway Suite 105,75231,Wed Oct 19 22:36:23 +0000 2016,RT @Uverse: The #13NightsOfHalloween begin TONIGHT on @FreeformTV with R.L. Stein's Monsterville: Cabinet of Souls at 7/6c! 🎃 https://t.co/…,,,Twitter
Dallas6,32.8740567,-96.771404,9100 N Central Expressway Suite 105,75231,Wed Oct 19 22:35:06 +0000 2016,RT @Uverse: The #13NightsOfHalloween begin TONIGHT on @FreeformTV with R.L. Stein's Monsterville: Cabinet of Souls at 7/6c! 🎃 https://t.co/…,,,Twitter
Dallas6,32.8740567,-96.771404,9100 N Central Expressway Suite 105,75231,Wed Oct 19 22:31:21 +0000 2016,"RT @dallasnews: New media agency @Hearts_Science lands @ATT, opens shop in Dallas and plans to employ 100 people https://t.co/f5bPR9R5EQ @m…",,,Twitter
Dallas6,32.8740567,-96.771404,9100 N Central Expressway Suite 105,75231,Wed Oct 19 22:28:10 +0000 2016,@martmig7 @ATT what happened here? LoL,,,Twitter
Dallas6,32.8740567,-96.771404,9100 N Central Expressway Suite 105,75231,Wed Oct 19 22:27:50 +0000 2016,RT @ATT: Welcome to the team! @taylorswift13 https://t.co/4h86nLYuLo https://t.co/gAHOi7fPrZ,,,Twitter
Dallas6,32.8740567,-96.771404,9100 N Central Expressway Suite 105,75231,Wed Oct 19 22:25:06 +0000 2016,"RT @ATT: Before you vote, grab the remote and tune into the final #debatenight at 8/7c. #UNLVPresDebate https://t.co/afLxTSZMLW",,,Twitter
Dallas6,32.8740567,-96.771404,9100 N Central Expressway Suite 105,75231,Wed Oct 19 22:20:44 +0000 2016,RT @Uverse: The #13NightsOfHalloween begin TONIGHT on @FreeformTV with R.L. Stein's Monsterville: Cabinet of Souls at 7/6c! 🎃 https://t.co/…,,,Twitter
Dallas6,32.8740567,-96.771404,9100 N Central Expressway Suite 105,75231,Wed Oct 19 22:16:08 +0000 2016,RT @ATT: Get a sweet deal on the new iPhone 7 when you switch to AT&amp;T and have DIRECTV. https://t.co/TQVeUkmeZ6 https://t.co/zfZmNpe8AP,,,Twitter
Dallas6,32.8740567,-96.771404,9100 N Central Expressway Suite 105,75231,Wed Oct 19 22:11:19 +0000 2016,"RT @ATT: Before you vote, grab the remote and tune into the final #debatenight at 8/7c. #UNLVPresDebate https://t.co/afLxTSZMLW",,,Twitter
Dallas6,32.8740567,-96.771404,9100 N Central Expressway Suite 105,75231,Wed Oct 19 22:11:06 +0000 2016,RT @Uverse: The #13NightsOfHalloween begin TONIGHT on @FreeformTV with R.L. Stein's Monsterville: Cabinet of Souls at 7/6c! 🎃 https://t.co/…,,,Twitter
Dallas6,32.8740567,-96.771404,9100 N Central Expressway Suite 105,75231,Wed Oct 19 22:10:17 +0000 2016,A day in the life of an AT&amp;T PR maven with @MaddieLittrell #LifeatATT https://t.co/tCY2KB9iMW #attemployee https://t.co/esY0kn4peR,,,Twitter
Dallas6,32.8740567,-96.771404,9100 N Central Expressway Suite 105,75231,Wed Oct 19 22:08:04 +0000 2016,RT @Uverse: The #13NightsOfHalloween begin TONIGHT on @FreeformTV with R.L. Stein's Monsterville: Cabinet of Souls at 7/6c! 🎃 https://t.co/…,,,Twitter
Dallas6,32.8740567,-96.771404,9100 N Central Expressway Suite 105,75231,Wed Oct 19 22:07:56 +0000 2016,RT @Uverse: The #13NightsOfHalloween begin TONIGHT on @FreeformTV with R.L. Stein's Monsterville: Cabinet of Souls at 7/6c! 🎃 https://t.co/…,,,Twitter
Dallas6,32.8740567,-96.771404,9100 N Central Expressway Suite 105,75231,Wed Oct 19 22:07:35 +0000 2016,RT @Uverse: The #13NightsOfHalloween begin TONIGHT on @FreeformTV with R.L. Stein's Monsterville: Cabinet of Souls at 7/6c! 🎃 https://t.co/…,,,Twitter
Dallas6,32.8740567,-96.771404,9100 N Central Expressway Suite 105,75231,Wed Oct 19 22:06:47 +0000 2016,RT @Uverse: The #13NightsOfHalloween begin TONIGHT on @FreeformTV with R.L. Stein's Monsterville: Cabinet of Souls at 7/6c! 🎃 https://t.co/…,,,Twitter
Dallas6,32.8740567,-96.771404,9100 N Central Expressway Suite 105,75231,Wed Oct 19 22:01:12 +0000 2016,RT @ATT: Welcome to the team! @taylorswift13 https://t.co/4h86nLYuLo https://t.co/gAHOi7fPrZ,,,Twitter
Dallas6,32.8740567,-96.771404,9100 N Central Expressway Suite 105,75231,Wed Oct 19 22:00:01 +0000 2016,The #13NightsOfHalloween begin TONIGHT on @FreeformTV with R.L. Stein's Monsterville: Cabinet of Souls at 7/6c! 🎃 https://t.co/eHP6CuoIsz,,,Twitter
Dallas6,32.8740567,-96.771404,9100 N Central Expressway Suite 105,75231,Wed Oct 19 21:49:59 +0000 2016,RT @RickTweetTweet: Listen: Life At AT&amp;T Podcast with 3  #Women Vice Presidents #LifeatATT  #WomenLeaders #ATTDiversity https://t.co/MsMDVK…,,,Twitter
Dallas6,32.8740567,-96.771404,9100 N Central Expressway Suite 105,75231,Wed Oct 19 21:49:02 +0000 2016,RT @ATT: Get a sweet deal on the new iPhone 7 when you switch to AT&amp;T and have DIRECTV. https://t.co/TQVeUkmeZ6 https://t.co/zfZmNpe8AP,,,Twitter
Dallas6,32.8740567,-96.771404,9100 N Central Expressway Suite 105,75231,Wed Oct 19 21:42:26 +0000 2016,"RT @dallasnews: New media agency @Hearts_Science lands @ATT, opens shop in Dallas and plans to employ 100 people https://t.co/f5bPR9R5EQ @m…",,,Twitter
Dallas6,32.8740567,-96.771404,9100 N Central Expressway Suite 105,75231,Wed Oct 19 21:41:16 +0000 2016,"RT @ATT: Before you vote, grab the remote and tune into the final #debatenight at 8/7c. #UNLVPresDebate https://t.co/afLxTSZMLW",,,Twitter
Dallas6,32.8740567,-96.771404,9100 N Central Expressway Suite 105,75231,Wed Oct 19 21:30:20 +0000 2016,"RT @ATT: Before you vote, grab the remote and tune into the final #debatenight at 8/7c. #UNLVPresDebate https://t.co/afLxTSZMLW",,,Twitter
Dallas6,32.8740567,-96.771404,9100 N Central Expressway Suite 105,75231,Wed Oct 19 21:28:50 +0000 2016,"RT @ATT: Before you vote, grab the remote and tune into the final #debatenight at 8/7c. #UNLVPresDebate https://t.co/afLxTSZMLW",,,Twitter
Dallas6,32.8740567,-96.771404,9100 N Central Expressway Suite 105,75231,Wed Oct 19 21:27:19 +0000 2016,"RT @Uverse: @steenfox You're breaking our heart - if you can tell us more about the issue you're having, we can help get to the bottom of i…",,,Twitter
Dallas6,32.8740567,-96.771404,9100 N Central Expressway Suite 105,75231,Wed Oct 19 21:15:14 +0000 2016,RT @ATT: Welcome to the team! @taylorswift13 https://t.co/4h86nLYuLo https://t.co/gAHOi7fPrZ,,,Twitter
Dallas6,32.8740567,-96.771404,9100 N Central Expressway Suite 105,75231,Wed Oct 19 21:14:49 +0000 2016,"RT @ATT: Before you vote, grab the remote and tune into the final #debatenight at 8/7c. #UNLVPresDebate https://t.co/afLxTSZMLW",,,Twitter
Dallas6,32.8740567,-96.771404,9100 N Central Expressway Suite 105,75231,Wed Oct 19 21:14:16 +0000 2016,@tayIorhq We’ll be giving away lots of tickets to fans and AT&amp;T customers soon. We’ll share details later.,,,Twitter
Dallas6,32.8740567,-96.771404,9100 N Central Expressway Suite 105,75231,Wed Oct 19 21:10:15 +0000 2016,VOTE TRUMP for term limits and kicking out all the crooked politicians. https://t.co/tVKIE9dcCg,,,Twitter
Dallas6,32.8740567,-96.771404,9100 N Central Expressway Suite 105,75231,Wed Oct 19 21:06:50 +0000 2016,"RT @ATT: Before you vote, grab the remote and tune into the final #debatenight at 8/7c. #UNLVPresDebate https://t.co/afLxTSZMLW",,,Twitter
Dallas6,32.8740567,-96.771404,9100 N Central Expressway Suite 105,75231,Wed Oct 19 21:05:26 +0000 2016,"RT @ATT: Before you vote, grab the remote and tune into the final #debatenight at 8/7c. #UNLVPresDebate https://t.co/afLxTSZMLW",,,Twitter
Dallas6,32.8740567,-96.771404,9100 N Central Expressway Suite 105,75231,Wed Oct 19 21:05:09 +0000 2016,Christy Berry Chairs Prelude Lights at AT&amp;T Performing Arts Center’s Inaugural “Prelude” to Aurora https://t.co/Td0TSIUgiY #Agents,,,Twitter
Dallas6,32.8740567,-96.771404,9100 N Central Expressway Suite 105,75231,Wed Oct 19 21:02:39 +0000 2016,"RT @ATT: Before you vote, grab the remote and tune into the final #debatenight at 8/7c. #UNLVPresDebate https://t.co/afLxTSZMLW",,,Twitter
Dallas6,32.8740567,-96.771404,9100 N Central Expressway Suite 105,75231,Wed Oct 19 21:01:48 +0000 2016,"Before you vote, grab the remote and tune into the final #debatenight  at 8/7c. #UNLVPresDebate https://t.co/2Qz5Vaq4aS",,,Twitter
Dallas6,32.8740567,-96.771404,9100 N Central Expressway Suite 105,75231,Wed Oct 19 21:01:13 +0000 2016,"RT @ATT: Before you vote, grab the remote and tune into the final #debatenight at 8/7c. #UNLVPresDebate https://t.co/afLxTSZMLW",,,Twitter
Dallas6,32.8740567,-96.771404,9100 N Central Expressway Suite 105,75231,Wed Oct 19 21:00:59 +0000 2016,"RT @ATT: Before you vote, grab the remote and tune into the final #debatenight at 8/7c. #UNLVPresDebate https://t.co/afLxTSZMLW",,,Twitter
Dallas6,32.8740567,-96.771404,9100 N Central Expressway Suite 105,75231,Wed Oct 19 21:00:47 +0000 2016,"RT @ATT: Before you vote, grab the remote and tune into the final #debatenight at 8/7c. #UNLVPresDebate https://t.co/afLxTSZMLW",,,Twitter
Dallas6,32.8740567,-96.771404,9100 N Central Expressway Suite 105,75231,Wed Oct 19 21:00:33 +0000 2016,"RT @ATT: Before you vote, grab the remote and tune into the final #debatenight at 8/7c. #UNLVPresDebate https://t.co/afLxTSZMLW",,,Twitter
Dallas6,32.8740567,-96.771404,9100 N Central Expressway Suite 105,75231,Wed Oct 19 21:00:20 +0000 2016,Very proud of our Christy Berry! https://t.co/JSXZZYSnb7,,,Twitter
Dallas6,32.8740567,-96.771404,9100 N Central Expressway Suite 105,75231,Wed Oct 19 21:00:04 +0000 2016,"Before you vote, grab the remote and tune into the final #debatenight at 8/7c. #UNLVPresDebate https://t.co/afLxTSZMLW",,,Twitter
Dallas6,32.8740567,-96.771404,9100 N Central Expressway Suite 105,75231,Wed Oct 19 21:00:03 +0000 2016,Christy Berry Chairs Prelude Lights at AT&amp;T Performing Arts Center’s Inaugural “Prelude” to Aurora... https://t.co/FgOKJpWMjD,,,Twitter
Dallas6,32.8740567,-96.771404,9100 N Central Expressway Suite 105,75231,Wed Oct 19 20:59:50 +0000 2016,"Christy Berry Chairs Prelude Lights at AT&amp;T Performing Arts Center’s Inaugural “Prelude” to Aurora
 https://t.co/4UFc1RCL0T",,,Twitter
Dallas6,32.8740567,-96.771404,9100 N Central Expressway Suite 105,75231,Wed Oct 19 20:57:59 +0000 2016,"New media agency lands AT&amp;amp;T, opens shop in Dallas and plans to employ 100 people https://t.co/MSoQrwOsVC via @dallasnews",,,Twitter
Dallas6,32.8740567,-96.771404,9100 N Central Expressway Suite 105,75231,Wed Oct 19 20:57:20 +0000 2016,RT @ATT: Who made you a college 🏈 fan? Share with #MadeMeAFanContest for a chance to win. Rules https://t.co/hU3I3wFn5V https://t.co/xZbxUJ…,,,Twitter
Dallas6,32.8740567,-96.771404,9100 N Central Expressway Suite 105,75231,Wed Oct 19 20:54:51 +0000 2016,RT @ATT: Goals. Highlights. Interviews. Head to https://t.co/1KS2s33o0G for exclusive MLS content! #SoccerEverywhere https://t.co/jcgMlqKBj4,,,Twitter
Dallas6,32.8740567,-96.771404,9100 N Central Expressway Suite 105,75231,Wed Oct 19 20:54:35 +0000 2016,RT @ATT: Goals. Highlights. Interviews. Head to https://t.co/1KS2s33o0G for exclusive MLS content! #SoccerEverywhere https://t.co/jcgMlqKBj4,,,Twitter
Dallas6,32.8740567,-96.771404,9100 N Central Expressway Suite 105,75231,Wed Oct 19 20:53:28 +0000 2016,RT @ATT: Who made you a college 🏈 fan? Share with #MadeMeAFanContest for a chance to win. Rules https://t.co/hU3I3wFn5V https://t.co/xZbxUJ…,,,Twitter
