Store,Latitude,Longitude,Address,Zip,CreatedAt,Text,Senti,Rating,Source
Dallas1,32.776664,-96.796988,"208 S Akard Street, Ste 110",75202,Tue Oct 25 11:07:38 +0000 2016,"Early voting records, rising #healthcare costs, #ATT merger updates: Your Tuesday morning #news… https://t.co/VB5Nw3sGwF #DFW #realestate",,,Twitter
Dallas1,32.776664,-96.796988,"208 S Akard Street, Ste 110",75202,Tue Oct 25 11:01:53 +0000 2016,"RT @dallasnews: #EarlyVoting records, rising health care costs, AT&amp;T merger updates: Your Tuesday morning news roundup | https://t.co/qEnxI…",,,Twitter
Dallas1,32.776664,-96.796988,"208 S Akard Street, Ste 110",75202,Tue Oct 25 11:01:15 +0000 2016,"#EarlyVoting records, rising health care costs, AT&amp;T merger updates: Your Tuesday morning news roundup |… https://t.co/sC7d5rKUbh",,,Twitter
Dallas1,32.776664,-96.796988,"208 S Akard Street, Ste 110",75202,Tue Oct 25 10:48:21 +0000 2016,.@nytimes Major #entertainment companies margins are eroding - struggling to find new ways to reach customers. https://t.co/E5GMMLIvpA,,,Twitter
Dallas1,32.776664,-96.796988,"208 S Akard Street, Ste 110",75202,Tue Oct 25 10:46:24 +0000 2016,What the AT https://t.co/u1XAUeyhPI,,,Twitter
Dallas1,32.776664,-96.796988,"208 S Akard Street, Ste 110",75202,Tue Oct 25 10:29:50 +0000 2016,RT @attJOBS: Our new #SanFrancisco flagship store is restored and ready for the future with our latest technology. Take a look: https://t.c…,,,Twitter
Dallas1,32.776664,-96.796988,"208 S Akard Street, Ste 110",75202,Tue Oct 25 10:28:08 +0000 2016,RT @attJOBS: You don't have to go back to school to continue learning. Try these tips to learn something new: https://t.co/N1AjraH8jR #Moti…,,,Twitter
Dallas1,32.776664,-96.796988,"208 S Akard Street, Ste 110",75202,Tue Oct 25 10:23:13 +0000 2016,RT @ATT: The #futureofvideo is mobile and the #futureofmobile is video. Time Warner + AT&amp;T make it happen! @twxcorp https://t.co/GKx4U9TQYg,,,Twitter
Dallas1,32.776664,-96.796988,"208 S Akard Street, Ste 110",75202,Tue Oct 25 10:21:14 +0000 2016,"""Morning Agenda: A New Media Order, Crisis Echos, MetLife Disputes Its Status"" by AMIE TSANG via NYT The New York … https://t.co/vsPz9VuVcJ",,,Twitter
Dallas1,32.776664,-96.796988,"208 S Akard Street, Ste 110",75202,Tue Oct 25 10:17:10 +0000 2016,"RT @dmn_cowboys: No playoff games at AT&amp;T Stadium the first 3 rounds, but The Star may host postseason games the first 5 rounds  https://t.…",,,Twitter
Dallas1,32.776664,-96.796988,"208 S Akard Street, Ste 110",75202,Tue Oct 25 10:14:17 +0000 2016,"RT @bodyrecruit: @WomenOfATT_ERG 
AT&amp;T Hiring Sales Executive Field Sales #Des Peres, MO. Spread the word about the good #LifeAtATT. https:…",,,Twitter
Dallas1,32.776664,-96.796988,"208 S Akard Street, Ste 110",75202,Tue Oct 25 10:10:39 +0000 2016,RT @RickTweetTweet: AT&amp;T Employees Break Records for Stop Hunger Now #ATTimpact https://t.co/f7k0rq100P #attemployee https://t.co/pUbfsZkOYe,,,Twitter
Dallas1,32.776664,-96.796988,"208 S Akard Street, Ste 110",75202,Tue Oct 25 09:47:21 +0000 2016,RT @ATTBusiness: #IoT makes reaching into this vending machine like reaching into a garden. Check it out: https://t.co/1Dk54D1pvz #National…,,,Twitter
Dallas1,32.776664,-96.796988,"208 S Akard Street, Ste 110",75202,Tue Oct 25 09:29:32 +0000 2016,RT @ATT: Welcome to the team! @taylorswift13 https://t.co/4h86nLYuLo https://t.co/gAHOi7fPrZ,,,Twitter
Dallas1,32.776664,-96.796988,"208 S Akard Street, Ste 110",75202,Tue Oct 25 08:57:40 +0000 2016,RT @ATT: Welcome to the team! @taylorswift13 https://t.co/4h86nLYuLo https://t.co/gAHOi7fPrZ,,,Twitter
Dallas1,32.776664,-96.796988,"208 S Akard Street, Ste 110",75202,Tue Oct 25 08:54:06 +0000 2016,RT @ATT: Welcome to the team! @taylorswift13 https://t.co/4h86nLYuLo https://t.co/gAHOi7fPrZ,,,Twitter
Dallas1,32.776664,-96.796988,"208 S Akard Street, Ste 110",75202,Tue Oct 25 08:53:21 +0000 2016,RT @ATT: Welcome to the team! @taylorswift13 https://t.co/4h86nLYuLo https://t.co/gAHOi7fPrZ,,,Twitter
Dallas1,32.776664,-96.796988,"208 S Akard Street, Ste 110",75202,Tue Oct 25 08:50:16 +0000 2016,RT @ATT: Welcome to the team! @taylorswift13 https://t.co/4h86nLYuLo https://t.co/gAHOi7fPrZ,,,Twitter
Dallas1,32.776664,-96.796988,"208 S Akard Street, Ste 110",75202,Tue Oct 25 08:41:45 +0000 2016,"@Ask_Spectrum good, because I hate ATT Cable and Internet.
I'm happy you bought TWC and now you can make it better!",,,Twitter
Dallas1,32.776664,-96.796988,"208 S Akard Street, Ste 110",75202,Tue Oct 25 07:31:33 +0000 2016,Look at this goddamn chart - The Verge https://t.co/63CmwDA7SN,,,Twitter
Dallas1,32.776664,-96.796988,"208 S Akard Street, Ste 110",75202,Tue Oct 25 07:20:42 +0000 2016,RT @ATT: Get a sweet deal on the new iPhone 7 when you switch to AT&amp;T and have DIRECTV. https://t.co/TQVeUkmeZ6 https://t.co/zfZmNpe8AP,,,Twitter
Dallas1,32.776664,-96.796988,"208 S Akard Street, Ste 110",75202,Tue Oct 25 07:11:49 +0000 2016,RT @ATT: Get a sweet deal on the new iPhone 7 when you switch to AT&amp;T and have DIRECTV. https://t.co/TQVeUkmeZ6 https://t.co/zfZmNpe8AP,,,Twitter
Dallas1,32.776664,-96.796988,"208 S Akard Street, Ste 110",75202,Tue Oct 25 07:11:29 +0000 2016,RT @ATT: Another reason to smile for the camera. The #LGV20 from @LGUSAMobile will be available in stores starting today. https://t.co/TILu…,,,Twitter
Dallas1,32.776664,-96.796988,"208 S Akard Street, Ste 110",75202,Tue Oct 25 06:48:32 +0000 2016,"RT @dmn_cowboys: No playoff games at AT&amp;T Stadium the first 3 rounds, but The Star may host postseason games the first 5 rounds  https://t.…",,,Twitter
Dallas1,32.776664,-96.796988,"208 S Akard Street, Ste 110",75202,Tue Oct 25 06:48:11 +0000 2016,RT @ATT: Welcome to the team! @taylorswift13 https://t.co/4h86nLYuLo https://t.co/gAHOi7fPrZ,,,Twitter
Dallas1,32.776664,-96.796988,"208 S Akard Street, Ste 110",75202,Tue Oct 25 06:25:47 +0000 2016,RT @ATT: Welcome to the team! @taylorswift13 https://t.co/4h86nLYuLo https://t.co/gAHOi7fPrZ,,,Twitter
Dallas1,32.776664,-96.796988,"208 S Akard Street, Ste 110",75202,Tue Oct 25 06:20:06 +0000 2016,RT @ATT: Welcome to the team! @taylorswift13 https://t.co/4h86nLYuLo https://t.co/gAHOi7fPrZ,,,Twitter
Dallas1,32.776664,-96.796988,"208 S Akard Street, Ste 110",75202,Tue Oct 25 06:16:28 +0000 2016,RT @ATT: Welcome to the team! @taylorswift13 https://t.co/4h86nLYuLo https://t.co/gAHOi7fPrZ,,,Twitter
Dallas1,32.776664,-96.796988,"208 S Akard Street, Ste 110",75202,Tue Oct 25 06:12:12 +0000 2016,RT @ATT: Welcome to the team! @taylorswift13 https://t.co/4h86nLYuLo https://t.co/gAHOi7fPrZ,,,Twitter
Dallas1,32.776664,-96.796988,"208 S Akard Street, Ste 110",75202,Tue Oct 25 06:10:15 +0000 2016,Netflix’s Reed Hastings believes AT&amp;T Time Warner merger could be good for consumers https://t.co/oM6Y3qrqKZ https://t.co/Cm0q7RXBuI,,,Twitter
Dallas1,32.776664,-96.796988,"208 S Akard Street, Ste 110",75202,Tue Oct 25 05:59:23 +0000 2016,Swift Opposition to Resurrection of AT&amp;T Giant - The New York Times https://t.co/icO0gx1a4e,,,Twitter
Dallas1,32.776664,-96.796988,"208 S Akard Street, Ste 110",75202,Tue Oct 25 05:40:48 +0000 2016,RT @ATT: Welcome to the team! @taylorswift13 https://t.co/4h86nLYuLo https://t.co/gAHOi7fPrZ,,,Twitter
Dallas1,32.776664,-96.796988,"208 S Akard Street, Ste 110",75202,Tue Oct 25 05:39:26 +0000 2016,Netflix’s Reed Hastings believes AT&amp;T Time Warner merger could be good for consumers https://t.co/vvUXTN4VJl,,,Twitter
Dallas1,32.776664,-96.796988,"208 S Akard Street, Ste 110",75202,Tue Oct 25 05:16:10 +0000 2016,"RT @ATT: We’ve invented something so simple, you never saw it coming. https://t.co/BGiXAhWIcU https://t.co/mtFsW0A3Dd",,,Twitter
Dallas1,32.776664,-96.796988,"208 S Akard Street, Ste 110",75202,Tue Oct 25 05:13:03 +0000 2016,Why does my wifi not work @ATT,,,Twitter
Dallas1,32.776664,-96.796988,"208 S Akard Street, Ste 110",75202,Tue Oct 25 05:11:53 +0000 2016,"RT @ATT: @JenSwirsky Thanks for the shout out, Jen! We will make sure to share the #ATTLove ❤️ https://t.co/uUV9AnWu93",,,Twitter
Dallas1,32.776664,-96.796988,"208 S Akard Street, Ste 110",75202,Tue Oct 25 05:09:52 +0000 2016,RT @ATT: Welcome to the team! @taylorswift13 https://t.co/4h86nLYuLo https://t.co/gAHOi7fPrZ,,,Twitter
Dallas1,32.776664,-96.796988,"208 S Akard Street, Ste 110",75202,Tue Oct 25 04:54:33 +0000 2016,RT @ATT: Get a sweet deal on the new iPhone 7 when you switch to AT&amp;T and have DIRECTV. https://t.co/TQVeUkmeZ6 https://t.co/zfZmNpe8AP,,,Twitter
Dallas1,32.776664,-96.796988,"208 S Akard Street, Ste 110",75202,Tue Oct 25 04:46:18 +0000 2016,@ATT customer service may be the death of me tonight. I might actually die before they get my wifi to work on my computer 😑,,,Twitter
Dallas1,32.776664,-96.796988,"208 S Akard Street, Ste 110",75202,Tue Oct 25 04:45:31 +0000 2016,RT @ATTBusiness: Business-ready is one thing; cybersecurity readiness is another. Access info you need to help defend your data: https://t.…,,,Twitter
Dallas1,32.776664,-96.796988,"208 S Akard Street, Ste 110",75202,Tue Oct 25 04:12:10 +0000 2016,"No playoff games at AT&amp;T Stadium the first 3 rounds, but The Star may host postseason games the first 5 rounds  https://t.co/ZjUcRZLiqY",,,Twitter
Dallas1,32.776664,-96.796988,"208 S Akard Street, Ste 110",75202,Tue Oct 25 04:05:19 +0000 2016,RT @ATT: Welcome to the team! @taylorswift13 https://t.co/4h86nLYuLo https://t.co/gAHOi7fPrZ,,,Twitter
Dallas1,32.776664,-96.796988,"208 S Akard Street, Ste 110",75202,Tue Oct 25 04:04:42 +0000 2016,RT @ATT: Welcome to the team! @taylorswift13 https://t.co/4h86nLYuLo https://t.co/gAHOi7fPrZ,,,Twitter
Dallas1,32.776664,-96.796988,"208 S Akard Street, Ste 110",75202,Tue Oct 25 04:02:08 +0000 2016,RT @ATT: Welcome to the team! @taylorswift13 https://t.co/4h86nLYuLo https://t.co/gAHOi7fPrZ,,,Twitter
Dallas1,32.776664,-96.796988,"208 S Akard Street, Ste 110",75202,Tue Oct 25 03:46:30 +0000 2016,"@JenSwirsky Thanks for the shout out, Jen! We will make sure to share the #ATTLove ❤️ https://t.co/uUV9AnWu93",,,Twitter
Dallas1,32.776664,-96.796988,"208 S Akard Street, Ste 110",75202,Tue Oct 25 03:44:01 +0000 2016,"Check your DMs, Rick https://t.co/Y1gHGcEQVq",,,Twitter
Dallas1,32.776664,-96.796988,"208 S Akard Street, Ste 110",75202,Tue Oct 25 03:35:03 +0000 2016,RT @ATT: Welcome to the team! @taylorswift13 https://t.co/4h86nLYuLo https://t.co/gAHOi7fPrZ,,,Twitter
Dallas1,32.776664,-96.796988,"208 S Akard Street, Ste 110",75202,Tue Oct 25 03:22:03 +0000 2016,"@Cassiiidy____ Hi, could you please send us a DM with more details and your account info? Thank you.",,,Twitter
Dallas1,32.776664,-96.796988,"208 S Akard Street, Ste 110",75202,Tue Oct 25 03:19:49 +0000 2016,"RT @dallasnews: .@CNN, @HBO and more: A look at the brands @ATT inherits in its Time Warner deal https://t.co/nVGFN5muR4 | @paul_o_donnell…",,,Twitter
Dallas1,32.776664,-96.796988,"208 S Akard Street, Ste 110",75202,Tue Oct 25 03:12:36 +0000 2016,RT @ATT: Get a sweet deal on the new iPhone 7 when you switch to AT&amp;T and have DIRECTV. https://t.co/TQVeUkmeZ6 https://t.co/zfZmNpe8AP,,,Twitter
Dallas1,32.776664,-96.796988,"208 S Akard Street, Ste 110",75202,Tue Oct 25 03:09:57 +0000 2016,"RT @DMNBiz: Speak now: Why critics want the $108 billion marriage of AT&amp;T, Time Warner to fail https://t.co/KckQ3FG5S7 | @krobijake https:/…",,,Twitter
Dallas1,32.776664,-96.796988,"208 S Akard Street, Ste 110",75202,Tue Oct 25 03:09:52 +0000 2016,RT @ATT: Welcome to the team! @taylorswift13 https://t.co/4h86nLYuLo https://t.co/gAHOi7fPrZ,,,Twitter
Dallas1,32.776664,-96.796988,"208 S Akard Street, Ste 110",75202,Tue Oct 25 03:05:48 +0000 2016,RT @ATT: Another reason to smile for the camera. The #LGV20 from @LGUSAMobile will be available in stores starting today. https://t.co/TILu…,,,Twitter
Dallas1,32.776664,-96.796988,"208 S Akard Street, Ste 110",75202,Tue Oct 25 03:05:34 +0000 2016,"Speak now: Why critics want the $108 billion marriage of AT&amp;T, Time Warner to fail https://t.co/KckQ3FG5S7 |… https://t.co/uSrUuUORM1",,,Twitter
Dallas1,32.776664,-96.796988,"208 S Akard Street, Ste 110",75202,Tue Oct 25 02:57:49 +0000 2016,"AT&amp;T-TimeWarner, Comcast-NBCU, Disney-ESPN, 21st Century Fox, CBS all to affect the future. @SMUSportMgt #sportsbiz  https://t.co/Hxp1bs9v3o",,,Twitter
Dallas1,32.776664,-96.796988,"208 S Akard Street, Ste 110",75202,Tue Oct 25 02:57:18 +0000 2016,"@ATTCares my order hadn't been cancelled to begin with. Really frustrating, especially the number of times I've been hung up on -4-",,,Twitter
Dallas1,32.776664,-96.796988,"208 S Akard Street, Ste 110",75202,Tue Oct 25 02:56:31 +0000 2016,@ATTCares cancelled only to get a confirmation email from directtv letting me know my order was processed. Called them &amp; found out -3-,,,Twitter
Dallas1,32.776664,-96.796988,"208 S Akard Street, Ste 110",75202,Tue Oct 25 02:55:46 +0000 2016,@ATTCares I'm not able to have att/directtv. I've called numerous times and have gotten the run around. I was told earlier it was -2-,,,Twitter
Dallas1,32.776664,-96.796988,"208 S Akard Street, Ste 110",75202,Tue Oct 25 02:55:08 +0000 2016,@ATTCares I called earlier today to have directtv and internet installed by you guys at my new apartment. Found out after moving in that -1-,,,Twitter
Dallas1,32.776664,-96.796988,"208 S Akard Street, Ste 110",75202,Tue Oct 25 02:49:50 +0000 2016,RT @ATTBusiness: Maximize taste + minimize waste w/ #IoT! See how @ndustrialio preserves the nation’s food supply:  https://t.co/mKztl4Nw9n…,,,Twitter
Dallas1,32.776664,-96.796988,"208 S Akard Street, Ste 110",75202,Tue Oct 25 02:49:28 +0000 2016,RT @ATTBusiness: Maximize taste + minimize waste w/ #IoT! See how @ndustrialio preserves the nation’s food supply:  https://t.co/mKztl4Nw9n…,,,Twitter
Dallas1,32.776664,-96.796988,"208 S Akard Street, Ste 110",75202,Tue Oct 25 02:45:40 +0000 2016,"Dear @ATT: If I'm calling to cancel a service, I don't need to be transferred to a retention department.",,,Twitter
Dallas1,32.776664,-96.796988,"208 S Akard Street, Ste 110",75202,Tue Oct 25 02:42:33 +0000 2016,@AndyDTID @ATT that's messed up and they need to find a way to compensate you #badservice,,,Twitter
Dallas1,32.776664,-96.796988,"208 S Akard Street, Ste 110",75202,Tue Oct 25 02:37:40 +0000 2016,"No, Time Warner Cable isn't part of @ATT merger and here's why https://t.co/TZXzNjG2cF | @melissa_repko https://t.co/q4fqP9AQ1t",,,Twitter
Dallas1,32.776664,-96.796988,"208 S Akard Street, Ste 110",75202,Tue Oct 25 02:36:01 +0000 2016,"RT @dallasnews: .@CNN, @HBO and more: A look at the brands @ATT inherits in its Time Warner deal https://t.co/nVGFN5muR4 | @paul_o_donnell…",,,Twitter
Dallas1,32.776664,-96.796988,"208 S Akard Street, Ste 110",75202,Tue Oct 25 02:27:56 +0000 2016,RT @ATT: Get a sweet deal on the new iPhone 7 when you switch to AT&amp;T and have DIRECTV. https://t.co/TQVeUkmeZ6 https://t.co/zfZmNpe8AP,,,Twitter
Dallas1,32.776664,-96.796988,"208 S Akard Street, Ste 110",75202,Tue Oct 25 02:25:14 +0000 2016,@ATTCares finally got through all steps. Still not working g,,,Twitter
Dallas1,32.776664,-96.796988,"208 S Akard Street, Ste 110",75202,Tue Oct 25 02:24:56 +0000 2016,"@ATTCares trying but just keep getting a spinning wheel and ""preparing",,,Twitter
Dallas1,32.776664,-96.796988,"208 S Akard Street, Ste 110",75202,Tue Oct 25 02:21:30 +0000 2016,RT @ATT: Welcome to the team! @taylorswift13 https://t.co/4h86nLYuLo https://t.co/gAHOi7fPrZ,,,Twitter
Dallas1,32.776664,-96.796988,"208 S Akard Street, Ste 110",75202,Tue Oct 25 02:20:16 +0000 2016,RT @ATT: Welcome to the team! @taylorswift13 https://t.co/4h86nLYuLo https://t.co/gAHOi7fPrZ,,,Twitter
Dallas1,32.776664,-96.796988,"208 S Akard Street, Ste 110",75202,Tue Oct 25 02:19:01 +0000 2016,"RT @dallasnews: .@CNN, @HBO and more: A look at the brands @ATT inherits in its Time Warner deal https://t.co/nVGFN5muR4 | @paul_o_donnell…",,,Twitter
Dallas1,32.776664,-96.796988,"208 S Akard Street, Ste 110",75202,Tue Oct 25 02:18:04 +0000 2016,".@CNN, @HBO and more: A look at the brands @ATT inherits in its Time Warner deal https://t.co/nVGFN5muR4 |… https://t.co/5BByE6S7xA",,,Twitter
Dallas1,32.776664,-96.796988,"208 S Akard Street, Ste 110",75202,Tue Oct 25 02:12:28 +0000 2016,"@bestmvno i have a iphone6 which is compatible with @TotalWireless . If i switch now from att, will by device be locked to cdma or unlocked?",,,Twitter
Dallas1,32.776664,-96.796988,"208 S Akard Street, Ste 110",75202,Tue Oct 25 02:08:47 +0000 2016,RT @ATT: Welcome to the team! @taylorswift13 https://t.co/4h86nLYuLo https://t.co/gAHOi7fPrZ,,,Twitter
Dallas1,32.776664,-96.796988,"208 S Akard Street, Ste 110",75202,Tue Oct 25 02:06:40 +0000 2016,RT @ATT: The #futureofvideo is mobile and the #futureofmobile is video. Time Warner + AT&amp;T make it happen! @twxcorp https://t.co/GKx4U9TQYg,,,Twitter
Dallas1,32.776664,-96.796988,"208 S Akard Street, Ste 110",75202,Tue Oct 25 02:02:05 +0000 2016,"@ATTCares no, no error code. I've tried rebooting and plug/unplugging",,,Twitter
Dallas1,32.776664,-96.796988,"208 S Akard Street, Ste 110",75202,Tue Oct 25 02:00:38 +0000 2016,RT @attJOBS: See what #LifeAtATT is like for the women of AT&amp;T: https://t.co/9rguQ7QaFV https://t.co/xsQ0cX6Inq,,,Twitter
Dallas1,32.776664,-96.796988,"208 S Akard Street, Ste 110",75202,Tue Oct 25 02:00:09 +0000 2016,"""AT&amp;T-Time Warner Deal Is a Strike in the Dark"" by FARHAD MANJOO via NYT https://t.co/ly9goIeTJh https://t.co/2NK6xWPSFd",,,Twitter
Dallas1,32.776664,-96.796988,"208 S Akard Street, Ste 110",75202,Tue Oct 25 02:00:01 +0000 2016,Learn how to start using AT&amp;T Business Messenger for iPhone https://t.co/V9JIzwBSqC https://t.co/pS0xrKsgKm,,,Twitter
Dallas1,32.776664,-96.796988,"208 S Akard Street, Ste 110",75202,Tue Oct 25 01:59:33 +0000 2016,".@att the power has been out for 8 hours now, can we get a hotel reservation for this lack of service?",,,Twitter
Dallas1,32.776664,-96.796988,"208 S Akard Street, Ste 110",75202,Tue Oct 25 01:56:20 +0000 2016,"""AT&amp;T-Time Warner Deal Is a Strike in the Dark"" via @nytimes https://t.co/Ys2leUx4XH https://t.co/Zi84sBZczE",,,Twitter
Dallas1,32.776664,-96.796988,"208 S Akard Street, Ste 110",75202,Tue Oct 25 01:53:26 +0000 2016,RT @ATT: Welcome to the team! @taylorswift13 https://t.co/4h86nLYuLo https://t.co/gAHOi7fPrZ,,,Twitter
Dallas1,32.776664,-96.796988,"208 S Akard Street, Ste 110",75202,Tue Oct 25 01:51:18 +0000 2016,AT&amp;T Employees Break Records for Stop Hunger Now #ATTimpact https://t.co/f7k0rq100P #attemployee https://t.co/pUbfsZkOYe,,,Twitter
Dallas1,32.776664,-96.796988,"208 S Akard Street, Ste 110",75202,Tue Oct 25 01:51:13 +0000 2016,RT @ATTBusiness: #IoT makes reaching into this vending machine like reaching into a garden. Check it out: https://t.co/1Dk54D1pvz #National…,,,Twitter
Dallas1,32.776664,-96.796988,"208 S Akard Street, Ste 110",75202,Tue Oct 25 01:47:13 +0000 2016,RT @ATT: Another reason to smile for the camera. The #LGV20 from @LGUSAMobile will be available in stores starting today. https://t.co/TILu…,,,Twitter
Dallas1,32.776664,-96.796988,"208 S Akard Street, Ste 110",75202,Tue Oct 25 01:43:40 +0000 2016,When the @Uverse has been in and out all day. And it's finally just stopped all together. 🙄😒😤,,,Twitter
Dallas1,32.776664,-96.796988,"208 S Akard Street, Ste 110",75202,Tue Oct 25 01:43:07 +0000 2016,RT @ATT: Welcome to the team! @taylorswift13 https://t.co/4h86nLYuLo https://t.co/gAHOi7fPrZ,,,Twitter
Dallas1,32.776664,-96.796988,"208 S Akard Street, Ste 110",75202,Tue Oct 25 01:41:22 +0000 2016,"RT @bodyrecruit: @WomenOfATT_ERG 
AT&amp;T Hiring Sales Executive Field Sales #Des Peres, MO. Spread the word about the good #LifeAtATT. https:…",,,Twitter
Dallas1,32.776664,-96.796988,"208 S Akard Street, Ste 110",75202,Tue Oct 25 01:39:11 +0000 2016,"RT @ATTLatino: Bañado de sol y arena con una canción más dulce que el caramelo, comparte lo mejor de #Cuba desde tu móvil. https://t.co/e3S…",,,Twitter
Dallas1,32.776664,-96.796988,"208 S Akard Street, Ste 110",75202,Tue Oct 25 01:35:39 +0000 2016,.@ATT CEO Randall Stephenson confident @twxcorp merger will get past regulators https://t.co/D8PCh3orgV… https://t.co/a3F1MJApkp,,,Twitter
Dallas1,32.776664,-96.796988,"208 S Akard Street, Ste 110",75202,Tue Oct 25 01:33:14 +0000 2016,Why AT&amp;T’s CEO should think twice before going through with the Time Warner deal https://t.co/aymKIn8Knf #TrueDat,,,Twitter
Dallas1,32.776664,-96.796988,"208 S Akard Street, Ste 110",75202,Tue Oct 25 01:31:30 +0000 2016,RT @ATT: Welcome to the team! @taylorswift13 https://t.co/4h86nLYuLo https://t.co/gAHOi7fPrZ,,,Twitter
Dallas1,32.776664,-96.796988,"208 S Akard Street, Ste 110",75202,Tue Oct 25 01:26:00 +0000 2016,RT @ATT: Welcome to the team! @taylorswift13 https://t.co/4h86nLYuLo https://t.co/gAHOi7fPrZ,,,Twitter
Dallas1,32.776664,-96.796988,"208 S Akard Street, Ste 110",75202,Tue Oct 25 01:25:40 +0000 2016,RT @attJOBS: Our new #SanFrancisco flagship store is restored and ready for the future with our latest technology. Take a look: https://t.c…,,,Twitter
Dallas1,32.776664,-96.796988,"208 S Akard Street, Ste 110",75202,Tue Oct 25 01:21:43 +0000 2016,RT @dallasnews: Stadium Club is almost half a football field long. Can Cowboys fans fill it when teams isn't playing? | https://t.co/UU393U…,,,Twitter
Dallas1,32.776664,-96.796988,"208 S Akard Street, Ste 110",75202,Tue Oct 25 01:20:16 +0000 2016,"AT&amp;T research shows most businesses suffer from preventable cyberattacks, not new or unknown threats… https://t.co/g0ACBM4Rfm",,,Twitter
Dallas1,32.776664,-96.796988,"208 S Akard Street, Ste 110",75202,Tue Oct 25 01:17:35 +0000 2016,RT @dallasnews: Stadium Club is almost half a football field long. Can Cowboys fans fill it when teams isn't playing? | https://t.co/UU393U…,,,Twitter
Dallas1,32.776664,-96.796988,"208 S Akard Street, Ste 110",75202,Tue Oct 25 01:16:58 +0000 2016,Stadium Club is almost half a football field long. Can Cowboys fans fill it when teams isn't playing? |… https://t.co/gPWspIrWXt,,,Twitter
Dallas1,32.776664,-96.796988,"208 S Akard Street, Ste 110",75202,Tue Oct 25 00:59:14 +0000 2016,RT @ATT: Welcome to the team! @taylorswift13 https://t.co/4h86nLYuLo https://t.co/gAHOi7fPrZ,,,Twitter
Store,Latitude,Longitude,Address,Zip,CreatedAt,Text,Senti,Rating,Source
Dallas1,32.776664,-96.796988,"208 S Akard Street, Ste 110",75202,Sun Oct 23 02:56:17 +0000 2016,RT @ATT: The #futureofvideo is mobile and the #futureofmobile is video. Time Warner + AT&amp;T make it happen! @twxcorp https://t.co/GKx4U9TQYg,,,Twitter
Dallas1,32.776664,-96.796988,"208 S Akard Street, Ste 110",75202,Sun Oct 23 02:55:59 +0000 2016,RT @ATT: The #futureofvideo is mobile and the #futureofmobile is video. Time Warner + AT&amp;T make it happen! @twxcorp https://t.co/GKx4U9TQYg,,,Twitter
Dallas1,32.776664,-96.796988,"208 S Akard Street, Ste 110",75202,Sun Oct 23 02:55:34 +0000 2016,RT @ATT: Welcome to the team! @taylorswift13 https://t.co/4h86nLYuLo https://t.co/gAHOi7fPrZ,,,Twitter
Dallas1,32.776664,-96.796988,"208 S Akard Street, Ste 110",75202,Sun Oct 23 02:54:19 +0000 2016,RT @ATT: Welcome to the team! @taylorswift13 https://t.co/4h86nLYuLo https://t.co/gAHOi7fPrZ,,,Twitter
Dallas1,32.776664,-96.796988,"208 S Akard Street, Ste 110",75202,Sun Oct 23 02:52:26 +0000 2016,RT @ATT: Welcome to the team! @taylorswift13 https://t.co/4h86nLYuLo https://t.co/gAHOi7fPrZ,,,Twitter
Dallas1,32.776664,-96.796988,"208 S Akard Street, Ste 110",75202,Sun Oct 23 02:52:05 +0000 2016,RT @ATT: The #futureofvideo is mobile and the #futureofmobile is video. Time Warner + AT&amp;T make it happen! @twxcorp https://t.co/GKx4U9TQYg,,,Twitter
Dallas1,32.776664,-96.796988,"208 S Akard Street, Ste 110",75202,Sun Oct 23 02:48:55 +0000 2016,RT @ATT: The #futureofvideo is mobile and the #futureofmobile is video. Time Warner + AT&amp;T make it happen! @twxcorp https://t.co/GKx4U9TQYg,,,Twitter
Dallas1,32.776664,-96.796988,"208 S Akard Street, Ste 110",75202,Sun Oct 23 02:48:14 +0000 2016,"RT @ATT: Watch the @GreenDay @iHeartRadio Album Release Party Tonight, 9pm ET/PT on AUDIENCE. DIRECTV ch 239/U-verse ch 1114. https://t.co/…",,,Twitter
Dallas1,32.776664,-96.796988,"208 S Akard Street, Ste 110",75202,Sun Oct 23 02:48:05 +0000 2016,RT @ATT: The #futureofvideo is mobile and the #futureofmobile is video. Time Warner + AT&amp;T make it happen! @twxcorp https://t.co/GKx4U9TQYg,,,Twitter
Dallas1,32.776664,-96.796988,"208 S Akard Street, Ste 110",75202,Sun Oct 23 02:47:17 +0000 2016,RT @ATT: Welcome to the team! @taylorswift13 https://t.co/4h86nLYuLo https://t.co/gAHOi7fPrZ,,,Twitter
Dallas1,32.776664,-96.796988,"208 S Akard Street, Ste 110",75202,Sun Oct 23 02:46:53 +0000 2016,RT @ATT: The #futureofvideo is mobile and the #futureofmobile is video. Time Warner + AT&amp;T make it happen! @twxcorp https://t.co/GKx4U9TQYg,,,Twitter
Dallas1,32.776664,-96.796988,"208 S Akard Street, Ste 110",75202,Sun Oct 23 02:46:51 +0000 2016,RT @ATT: Welcome to the team! @taylorswift13 https://t.co/4h86nLYuLo https://t.co/gAHOi7fPrZ,,,Twitter
Dallas1,32.776664,-96.796988,"208 S Akard Street, Ste 110",75202,Sun Oct 23 02:46:11 +0000 2016,RT @ATT: The #futureofvideo is mobile and the #futureofmobile is video. Time Warner + AT&amp;T make it happen! @twxcorp https://t.co/GKx4U9TQYg,,,Twitter
Dallas1,32.776664,-96.796988,"208 S Akard Street, Ste 110",75202,Sun Oct 23 02:44:47 +0000 2016,RT @ATT: The #futureofvideo is mobile and the #futureofmobile is video. Time Warner + AT&amp;T make it happen! @twxcorp https://t.co/GKx4U9TQYg,,,Twitter
Dallas1,32.776664,-96.796988,"208 S Akard Street, Ste 110",75202,Sun Oct 23 02:41:53 +0000 2016,RT @ATT: The #futureofvideo is mobile and the #futureofmobile is video. Time Warner + AT&amp;T make it happen! @twxcorp https://t.co/GKx4U9TQYg,,,Twitter
Dallas1,32.776664,-96.796988,"208 S Akard Street, Ste 110",75202,Sun Oct 23 02:38:12 +0000 2016,RT @ATT: The #futureofvideo is mobile and the #futureofmobile is video. Time Warner + AT&amp;T make it happen! @twxcorp https://t.co/GKx4U9TQYg,,,Twitter
Dallas1,32.776664,-96.796988,"208 S Akard Street, Ste 110",75202,Sun Oct 23 02:37:27 +0000 2016,RT @ATT: The #futureofvideo is mobile and the #futureofmobile is video. Time Warner + AT&amp;T make it happen! @twxcorp https://t.co/GKx4U9TQYg,,,Twitter
Dallas1,32.776664,-96.796988,"208 S Akard Street, Ste 110",75202,Sun Oct 23 02:34:03 +0000 2016,RT @ATT: The #futureofvideo is mobile and the #futureofmobile is video. Time Warner + AT&amp;T make it happen! @twxcorp https://t.co/GKx4U9TQYg,,,Twitter
Dallas1,32.776664,-96.796988,"208 S Akard Street, Ste 110",75202,Sun Oct 23 02:34:02 +0000 2016,RT @ATT: The #futureofvideo is mobile and the #futureofmobile is video. Time Warner + AT&amp;T make it happen! @twxcorp https://t.co/GKx4U9TQYg,,,Twitter
Dallas1,32.776664,-96.796988,"208 S Akard Street, Ste 110",75202,Sun Oct 23 02:33:24 +0000 2016,RT @ATT: The #futureofvideo is mobile and the #futureofmobile is video. Time Warner + AT&amp;T make it happen! @twxcorp https://t.co/GKx4U9TQYg,,,Twitter
Dallas1,32.776664,-96.796988,"208 S Akard Street, Ste 110",75202,Sun Oct 23 02:33:12 +0000 2016,RT @ATT: The #futureofvideo is mobile and the #futureofmobile is video. Time Warner + AT&amp;T make it happen! @twxcorp https://t.co/GKx4U9TQYg,,,Twitter
Dallas1,32.776664,-96.796988,"208 S Akard Street, Ste 110",75202,Sun Oct 23 02:33:04 +0000 2016,RT @ATT: The #futureofvideo is mobile and the #futureofmobile is video. Time Warner + AT&amp;T make it happen! @twxcorp https://t.co/GKx4U9TQYg,,,Twitter
Dallas1,32.776664,-96.796988,"208 S Akard Street, Ste 110",75202,Sun Oct 23 02:32:23 +0000 2016,RT @ATT: The #futureofvideo is mobile and the #futureofmobile is video. Time Warner + AT&amp;T make it happen! @twxcorp https://t.co/GKx4U9TQYg,,,Twitter
Dallas1,32.776664,-96.796988,"208 S Akard Street, Ste 110",75202,Sun Oct 23 02:30:37 +0000 2016,Haven't we already broken up a couple of @ATT #monopolies?  Heres to the death of competition and the rise of all our prices. #atttimewarner,,,Twitter
Dallas1,32.776664,-96.796988,"208 S Akard Street, Ste 110",75202,Sun Oct 23 02:30:11 +0000 2016,RT @ATT: The #futureofvideo is mobile and the #futureofmobile is video. Time Warner + AT&amp;T make it happen! @twxcorp https://t.co/GKx4U9TQYg,,,Twitter
Dallas1,32.776664,-96.796988,"208 S Akard Street, Ste 110",75202,Sun Oct 23 02:22:00 +0000 2016,RT @ATT: The #futureofvideo is mobile and the #futureofmobile is video. Time Warner + AT&amp;T make it happen! @twxcorp https://t.co/GKx4U9TQYg,,,Twitter
Dallas1,32.776664,-96.796988,"208 S Akard Street, Ste 110",75202,Sun Oct 23 02:21:46 +0000 2016,RT @ATT: The #futureofvideo is mobile and the #futureofmobile is video. Time Warner + AT&amp;T make it happen! @twxcorp https://t.co/GKx4U9TQYg,,,Twitter
Dallas1,32.776664,-96.796988,"208 S Akard Street, Ste 110",75202,Sun Oct 23 02:20:38 +0000 2016,RT @ATT: Get a sweet deal on the new iPhone 7 when you switch to AT&amp;T and have DIRECTV. https://t.co/TQVeUkmeZ6 https://t.co/zfZmNpe8AP,,,Twitter
Dallas1,32.776664,-96.796988,"208 S Akard Street, Ste 110",75202,Sun Oct 23 02:20:23 +0000 2016,RT @ATT: The #futureofvideo is mobile and the #futureofmobile is video. Time Warner + AT&amp;T make it happen! @twxcorp https://t.co/GKx4U9TQYg,,,Twitter
Dallas1,32.776664,-96.796988,"208 S Akard Street, Ste 110",75202,Sun Oct 23 02:19:59 +0000 2016,RT @ATT: Welcome to the team! @taylorswift13 https://t.co/4h86nLYuLo https://t.co/gAHOi7fPrZ,,,Twitter
Dallas1,32.776664,-96.796988,"208 S Akard Street, Ste 110",75202,Sun Oct 23 02:18:52 +0000 2016,RT @ATT: Welcome to the team! @taylorswift13 https://t.co/4h86nLYuLo https://t.co/gAHOi7fPrZ,,,Twitter
Dallas1,32.776664,-96.796988,"208 S Akard Street, Ste 110",75202,Sun Oct 23 02:16:37 +0000 2016,"RT @ATT: Watch the @GreenDay @iHeartRadio Album Release Party Tonight, 9pm ET/PT on AUDIENCE. DIRECTV ch 239/U-verse ch 1114. https://t.co/…",,,Twitter
Dallas1,32.776664,-96.796988,"208 S Akard Street, Ste 110",75202,Sun Oct 23 02:15:26 +0000 2016,RT @ATT: Get a sweet deal on the new iPhone 7 when you switch to AT&amp;T and have DIRECTV. https://t.co/TQVeUkmeZ6 https://t.co/zfZmNpe8AP,,,Twitter
Dallas1,32.776664,-96.796988,"208 S Akard Street, Ste 110",75202,Sun Oct 23 02:14:40 +0000 2016,RT @ATT: Get a sweet deal on the new iPhone 7 when you switch to AT&amp;T and have DIRECTV. https://t.co/TQVeUkmeZ6 https://t.co/zfZmNpe8AP,,,Twitter
Dallas1,32.776664,-96.796988,"208 S Akard Street, Ste 110",75202,Sun Oct 23 02:13:17 +0000 2016,RT @ATT: Welcome to the team! @taylorswift13 https://t.co/4h86nLYuLo https://t.co/gAHOi7fPrZ,,,Twitter
Dallas1,32.776664,-96.796988,"208 S Akard Street, Ste 110",75202,Sun Oct 23 02:11:38 +0000 2016,RT @ATT: The #futureofvideo is mobile and the #futureofmobile is video. Time Warner + AT&amp;T make it happen! @twxcorp https://t.co/GKx4U9TQYg,,,Twitter
Dallas1,32.776664,-96.796988,"208 S Akard Street, Ste 110",75202,Sun Oct 23 02:10:34 +0000 2016,RT @ATT: The #futureofvideo is mobile and the #futureofmobile is video. Time Warner + AT&amp;T make it happen! @twxcorp https://t.co/GKx4U9TQYg,,,Twitter
Dallas1,32.776664,-96.796988,"208 S Akard Street, Ste 110",75202,Sun Oct 23 02:09:21 +0000 2016,RT @ATT: The #futureofvideo is mobile and the #futureofmobile is video. Time Warner + AT&amp;T make it happen! @twxcorp https://t.co/GKx4U9TQYg,,,Twitter
Dallas1,32.776664,-96.796988,"208 S Akard Street, Ste 110",75202,Sun Oct 23 02:08:33 +0000 2016,RT @ATT: Are you ready for the revolution? Watch the @GreenDay @iHeartRadio Album Release Party now. #iHeartGreenDay https://t.co/ec2gZXKu7U,,,Twitter
Dallas1,32.776664,-96.796988,"208 S Akard Street, Ste 110",75202,Sun Oct 23 02:08:16 +0000 2016,RT @ATT: The #futureofvideo is mobile and the #futureofmobile is video. Time Warner + AT&amp;T make it happen! @twxcorp https://t.co/GKx4U9TQYg,,,Twitter
Dallas1,32.776664,-96.796988,"208 S Akard Street, Ste 110",75202,Sun Oct 23 02:07:58 +0000 2016,RT @ATT: Las Vegas- Celebrate #LGBTHistoryMonth by heading over to Snapchat and using our exclusive filters! https://t.co/HiHbHuJHD1,,,Twitter
Dallas1,32.776664,-96.796988,"208 S Akard Street, Ste 110",75202,Sun Oct 23 02:06:39 +0000 2016,RT @ATT: Welcome to the team! @taylorswift13 https://t.co/4h86nLYuLo https://t.co/gAHOi7fPrZ,,,Twitter
Dallas1,32.776664,-96.796988,"208 S Akard Street, Ste 110",75202,Sun Oct 23 02:05:23 +0000 2016,RT @ATT: The #futureofvideo is mobile and the #futureofmobile is video. Time Warner + AT&amp;T make it happen! @twxcorp https://t.co/GKx4U9TQYg,,,Twitter
Dallas1,32.776664,-96.796988,"208 S Akard Street, Ste 110",75202,Sun Oct 23 02:04:53 +0000 2016,RT @ATT: The #futureofvideo is mobile and the #futureofmobile is video. Time Warner + AT&amp;T make it happen! @twxcorp https://t.co/GKx4U9TQYg,,,Twitter
Dallas1,32.776664,-96.796988,"208 S Akard Street, Ste 110",75202,Sun Oct 23 02:04:18 +0000 2016,RT @ATT: The #futureofvideo is mobile and the #futureofmobile is video. Time Warner + AT&amp;T make it happen! @twxcorp https://t.co/GKx4U9TQYg,,,Twitter
Dallas1,32.776664,-96.796988,"208 S Akard Street, Ste 110",75202,Sun Oct 23 02:02:15 +0000 2016,RT @ATT: The #futureofvideo is mobile and the #futureofmobile is video. Time Warner + AT&amp;T make it happen! @twxcorp https://t.co/GKx4U9TQYg,,,Twitter
Dallas1,32.776664,-96.796988,"208 S Akard Street, Ste 110",75202,Sun Oct 23 01:59:53 +0000 2016,RT @ATT: The #futureofvideo is mobile and the #futureofmobile is video. Time Warner + AT&amp;T make it happen! @twxcorp https://t.co/GKx4U9TQYg,,,Twitter
Dallas1,32.776664,-96.796988,"208 S Akard Street, Ste 110",75202,Sun Oct 23 01:58:15 +0000 2016,RT @ATT: Welcome to the team! @taylorswift13 https://t.co/4h86nLYuLo https://t.co/gAHOi7fPrZ,,,Twitter
Dallas1,32.776664,-96.796988,"208 S Akard Street, Ste 110",75202,Sun Oct 23 01:49:47 +0000 2016,"RT @ATT: Watch the @GreenDay @iHeartRadio Album Release Party Tonight, 9pm ET/PT on AUDIENCE. DIRECTV ch 239/U-verse ch 1114. https://t.co/…",,,Twitter
Dallas1,32.776664,-96.796988,"208 S Akard Street, Ste 110",75202,Sun Oct 23 01:48:02 +0000 2016,RT @ATT: Get a sweet deal on the new iPhone 7 when you switch to AT&amp;T and have DIRECTV. https://t.co/TQVeUkmeZ6 https://t.co/zfZmNpe8AP,,,Twitter
Dallas1,32.776664,-96.796988,"208 S Akard Street, Ste 110",75202,Sun Oct 23 01:47:38 +0000 2016,"RT @ATT: Watch the @GreenDay @iHeartRadio Album Release Party Tonight, 9pm ET/PT on AUDIENCE. DIRECTV ch 239/U-verse ch 1114. https://t.co/…",,,Twitter
Dallas1,32.776664,-96.796988,"208 S Akard Street, Ste 110",75202,Sun Oct 23 01:44:20 +0000 2016,RT @ATT: The #futureofvideo is mobile and the #futureofmobile is video. Time Warner + AT&amp;T make it happen! @twxcorp https://t.co/GKx4U9TQYg,,,Twitter
Dallas1,32.776664,-96.796988,"208 S Akard Street, Ste 110",75202,Sun Oct 23 01:43:31 +0000 2016,RT @ATT: Are you ready for the revolution? Watch the @GreenDay @iHeartRadio Album Release Party now. #iHeartGreenDay https://t.co/ec2gZXKu7U,,,Twitter
Dallas1,32.776664,-96.796988,"208 S Akard Street, Ste 110",75202,Sun Oct 23 01:42:44 +0000 2016,RT @ATT: The #futureofvideo is mobile and the #futureofmobile is video. Time Warner + AT&amp;T make it happen! @twxcorp https://t.co/GKx4U9TQYg,,,Twitter
Dallas1,32.776664,-96.796988,"208 S Akard Street, Ste 110",75202,Sun Oct 23 01:40:43 +0000 2016,"RT @ATT: Watch the @GreenDay @iHeartRadio Album Release Party Tonight, 9pm ET/PT on AUDIENCE. DIRECTV ch 239/U-verse ch 1114. https://t.co/…",,,Twitter
Dallas1,32.776664,-96.796988,"208 S Akard Street, Ste 110",75202,Sun Oct 23 01:40:13 +0000 2016,RT @ATT: The #futureofvideo is mobile and the #futureofmobile is video. Time Warner + AT&amp;T make it happen! @twxcorp https://t.co/GKx4U9TQYg,,,Twitter
Dallas1,32.776664,-96.796988,"208 S Akard Street, Ste 110",75202,Sun Oct 23 01:39:39 +0000 2016,RT @ATT: The #futureofvideo is mobile and the #futureofmobile is video. Time Warner + AT&amp;T make it happen! @twxcorp https://t.co/GKx4U9TQYg,,,Twitter
Dallas1,32.776664,-96.796988,"208 S Akard Street, Ste 110",75202,Sun Oct 23 01:36:51 +0000 2016,RT @ATT: The #futureofvideo is mobile and the #futureofmobile is video. Time Warner + AT&amp;T make it happen! @twxcorp https://t.co/GKx4U9TQYg,,,Twitter
Dallas1,32.776664,-96.796988,"208 S Akard Street, Ste 110",75202,Sun Oct 23 01:36:16 +0000 2016,RT @ATT: The #futureofvideo is mobile and the #futureofmobile is video. Time Warner + AT&amp;T make it happen! @twxcorp https://t.co/GKx4U9TQYg,,,Twitter
Dallas1,32.776664,-96.796988,"208 S Akard Street, Ste 110",75202,Sun Oct 23 01:36:01 +0000 2016,RT @ATT: The #futureofvideo is mobile and the #futureofmobile is video. Time Warner + AT&amp;T make it happen! @twxcorp https://t.co/GKx4U9TQYg,,,Twitter
Dallas1,32.776664,-96.796988,"208 S Akard Street, Ste 110",75202,Sun Oct 23 01:32:37 +0000 2016,"RT @ATT: Watch the @GreenDay @iHeartRadio Album Release Party Tonight, 9pm ET/PT on AUDIENCE. DIRECTV ch 239/U-verse ch 1114. https://t.co/…",,,Twitter
Dallas1,32.776664,-96.796988,"208 S Akard Street, Ste 110",75202,Sun Oct 23 01:32:04 +0000 2016,"RT @ATT: Some people may wait a lifetime, but you don't have to. On 11/2-3, AT&amp;T customers can buy @kelly_clarkson tix early. https://t.co/…",,,Twitter
Dallas1,32.776664,-96.796988,"208 S Akard Street, Ste 110",75202,Sun Oct 23 01:30:43 +0000 2016,RT @ATT: The #futureofvideo is mobile and the #futureofmobile is video. Time Warner + AT&amp;T make it happen! @twxcorp https://t.co/GKx4U9TQYg,,,Twitter
Dallas1,32.776664,-96.796988,"208 S Akard Street, Ste 110",75202,Sun Oct 23 01:29:37 +0000 2016,RT @ATT: The #futureofvideo is mobile and the #futureofmobile is video. Time Warner + AT&amp;T make it happen! @twxcorp https://t.co/GKx4U9TQYg,,,Twitter
Dallas1,32.776664,-96.796988,"208 S Akard Street, Ste 110",75202,Sun Oct 23 01:29:00 +0000 2016,RT @ATT: The #futureofvideo is mobile and the #futureofmobile is video. Time Warner + AT&amp;T make it happen! @twxcorp https://t.co/GKx4U9TQYg,,,Twitter
Dallas1,32.776664,-96.796988,"208 S Akard Street, Ste 110",75202,Sun Oct 23 01:25:08 +0000 2016,RT @ATT: Welcome to the team! @taylorswift13 https://t.co/4h86nLYuLo https://t.co/gAHOi7fPrZ,,,Twitter
Dallas1,32.776664,-96.796988,"208 S Akard Street, Ste 110",75202,Sun Oct 23 01:24:04 +0000 2016,"RT @ATT: @EliteTravelGal Enjoy your new gear, Stacy! 😍 https://t.co/GodmaxF4Xq",,,Twitter
Dallas1,32.776664,-96.796988,"208 S Akard Street, Ste 110",75202,Sun Oct 23 01:18:48 +0000 2016,RT @ATT: The #futureofvideo is mobile and the #futureofmobile is video. Time Warner + AT&amp;T make it happen! @twxcorp https://t.co/GKx4U9TQYg,,,Twitter
Dallas1,32.776664,-96.796988,"208 S Akard Street, Ste 110",75202,Sun Oct 23 01:16:01 +0000 2016,RT @ATT: The #futureofvideo is mobile and the #futureofmobile is video. Time Warner + AT&amp;T make it happen! @twxcorp https://t.co/GKx4U9TQYg,,,Twitter
Dallas1,32.776664,-96.796988,"208 S Akard Street, Ste 110",75202,Sun Oct 23 01:15:50 +0000 2016,RT @ATT: The #futureofvideo is mobile and the #futureofmobile is video. Time Warner + AT&amp;T make it happen! @twxcorp https://t.co/GKx4U9TQYg,,,Twitter
Dallas1,32.776664,-96.796988,"208 S Akard Street, Ste 110",75202,Sun Oct 23 01:11:07 +0000 2016,RT @ATT: Welcome to the team! @taylorswift13 https://t.co/4h86nLYuLo https://t.co/gAHOi7fPrZ,,,Twitter
Dallas1,32.776664,-96.796988,"208 S Akard Street, Ste 110",75202,Sun Oct 23 01:09:18 +0000 2016,",@ATT statement re: deal to purchase Time Warner https://t.co/0qE8E6LSSZ",,,Twitter
Dallas1,32.776664,-96.796988,"208 S Akard Street, Ste 110",75202,Sun Oct 23 01:08:20 +0000 2016,RT @ATT: The #futureofvideo is mobile and the #futureofmobile is video. Time Warner + AT&amp;T make it happen! @twxcorp https://t.co/GKx4U9TQYg,,,Twitter
Dallas1,32.776664,-96.796988,"208 S Akard Street, Ste 110",75202,Sun Oct 23 01:05:18 +0000 2016,"RT @ATT: Some people may wait a lifetime, but you don't have to. On 11/2-3, AT&amp;T customers can buy @kelly_clarkson tix early. https://t.co/…",,,Twitter
Dallas1,32.776664,-96.796988,"208 S Akard Street, Ste 110",75202,Sun Oct 23 01:04:54 +0000 2016,RT @ATT: The #futureofvideo is mobile and the #futureofmobile is video. Time Warner + AT&amp;T make it happen! @twxcorp https://t.co/GKx4U9TQYg,,,Twitter
Dallas1,32.776664,-96.796988,"208 S Akard Street, Ste 110",75202,Sun Oct 23 01:02:15 +0000 2016,RT @ATT: The #futureofvideo is mobile and the #futureofmobile is video. Time Warner + AT&amp;T make it happen! @twxcorp https://t.co/GKx4U9TQYg,,,Twitter
Dallas1,32.776664,-96.796988,"208 S Akard Street, Ste 110",75202,Sun Oct 23 01:01:22 +0000 2016,RT @ATT: The #futureofvideo is mobile and the #futureofmobile is video. Time Warner + AT&amp;T make it happen! @twxcorp https://t.co/GKx4U9TQYg,,,Twitter
Dallas1,32.776664,-96.796988,"208 S Akard Street, Ste 110",75202,Sun Oct 23 00:59:33 +0000 2016,RT @ATT: The #futureofvideo is mobile and the #futureofmobile is video. Time Warner + AT&amp;T make it happen! @twxcorp https://t.co/GKx4U9TQYg,,,Twitter
Dallas1,32.776664,-96.796988,"208 S Akard Street, Ste 110",75202,Sun Oct 23 00:59:29 +0000 2016,RT @ATT: Welcome to the team! @taylorswift13 https://t.co/4h86nLYuLo https://t.co/gAHOi7fPrZ,,,Twitter
Dallas1,32.776664,-96.796988,"208 S Akard Street, Ste 110",75202,Sun Oct 23 00:58:43 +0000 2016,RT @ATT: Welcome to the team! @taylorswift13 https://t.co/4h86nLYuLo https://t.co/gAHOi7fPrZ,,,Twitter
Dallas1,32.776664,-96.796988,"208 S Akard Street, Ste 110",75202,Sun Oct 23 00:56:51 +0000 2016,RT @ATT: The #futureofvideo is mobile and the #futureofmobile is video. Time Warner + AT&amp;T make it happen! @twxcorp https://t.co/GKx4U9TQYg,,,Twitter
Dallas1,32.776664,-96.796988,"208 S Akard Street, Ste 110",75202,Sun Oct 23 00:54:46 +0000 2016,RT @ATT: The #futureofvideo is mobile and the #futureofmobile is video. Time Warner + AT&amp;T make it happen! @twxcorp https://t.co/GKx4U9TQYg,,,Twitter
Dallas1,32.776664,-96.796988,"208 S Akard Street, Ste 110",75202,Sun Oct 23 00:54:38 +0000 2016,RT @ATT: Welcome to the team! @taylorswift13 https://t.co/4h86nLYuLo https://t.co/gAHOi7fPrZ,,,Twitter
Dallas1,32.776664,-96.796988,"208 S Akard Street, Ste 110",75202,Sun Oct 23 00:52:09 +0000 2016,RT @ATT: The #futureofvideo is mobile and the #futureofmobile is video. Time Warner + AT&amp;T make it happen! @twxcorp https://t.co/GKx4U9TQYg,,,Twitter
Dallas1,32.776664,-96.796988,"208 S Akard Street, Ste 110",75202,Sun Oct 23 00:51:33 +0000 2016,RT @ATT: The #futureofvideo is mobile and the #futureofmobile is video. Time Warner + AT&amp;T make it happen! @twxcorp https://t.co/GKx4U9TQYg,,,Twitter
Dallas1,32.776664,-96.796988,"208 S Akard Street, Ste 110",75202,Sun Oct 23 00:51:32 +0000 2016,RT @ATT: The #futureofvideo is mobile and the #futureofmobile is video. Time Warner + AT&amp;T make it happen! @twxcorp https://t.co/GKx4U9TQYg,,,Twitter
Dallas1,32.776664,-96.796988,"208 S Akard Street, Ste 110",75202,Sun Oct 23 00:50:26 +0000 2016,RT @ATT: Welcome to the team! @taylorswift13 https://t.co/4h86nLYuLo https://t.co/gAHOi7fPrZ,,,Twitter
Dallas1,32.776664,-96.796988,"208 S Akard Street, Ste 110",75202,Sun Oct 23 00:50:15 +0000 2016,RT @ATT: The #futureofvideo is mobile and the #futureofmobile is video. Time Warner + AT&amp;T make it happen! @twxcorp https://t.co/GKx4U9TQYg,,,Twitter
Dallas1,32.776664,-96.796988,"208 S Akard Street, Ste 110",75202,Sun Oct 23 00:49:17 +0000 2016,RT @ATT: The #futureofvideo is mobile and the #futureofmobile is video. Time Warner + AT&amp;T make it happen! @twxcorp https://t.co/GKx4U9TQYg,,,Twitter
Dallas1,32.776664,-96.796988,"208 S Akard Street, Ste 110",75202,Sun Oct 23 00:47:24 +0000 2016,RT @ATT: The #futureofvideo is mobile and the #futureofmobile is video. Time Warner + AT&amp;T make it happen! @twxcorp https://t.co/GKx4U9TQYg,,,Twitter
Dallas1,32.776664,-96.796988,"208 S Akard Street, Ste 110",75202,Sun Oct 23 00:47:06 +0000 2016,"RT @ATT: Watch the @GreenDay @iHeartRadio Album Release Party Tonight, 9pm ET/PT on AUDIENCE. DIRECTV ch 239/U-verse ch 1114. https://t.co/…",,,Twitter
Dallas1,32.776664,-96.796988,"208 S Akard Street, Ste 110",75202,Sun Oct 23 00:45:59 +0000 2016,RT @ATT: Welcome to the team! @taylorswift13 https://t.co/4h86nLYuLo https://t.co/gAHOi7fPrZ,,,Twitter
Dallas1,32.776664,-96.796988,"208 S Akard Street, Ste 110",75202,Sun Oct 23 00:45:41 +0000 2016,RT @ATT: The #futureofvideo is mobile and the #futureofmobile is video. Time Warner + AT&amp;T make it happen! @twxcorp https://t.co/GKx4U9TQYg,,,Twitter
Dallas1,32.776664,-96.796988,"208 S Akard Street, Ste 110",75202,Sun Oct 23 00:44:46 +0000 2016,RT @ATT: The #futureofvideo is mobile and the #futureofmobile is video. Time Warner + AT&amp;T make it happen! @twxcorp https://t.co/GKx4U9TQYg,,,Twitter
Dallas1,32.776664,-96.796988,"208 S Akard Street, Ste 110",75202,Sun Oct 23 00:44:36 +0000 2016,RT @ATT: The #futureofvideo is mobile and the #futureofmobile is video. Time Warner + AT&amp;T make it happen! @twxcorp https://t.co/GKx4U9TQYg,,,Twitter
Dallas1,32.776664,-96.796988,"208 S Akard Street, Ste 110",75202,Sun Oct 23 00:44:29 +0000 2016,"RT @ATT: Some people may wait a lifetime, but you don't have to. On 11/2-3, AT&amp;T customers can buy @kelly_clarkson tix early. https://t.co/…",,,Twitter
Dallas1,32.776664,-96.796988,"208 S Akard Street, Ste 110",75202,Sun Oct 23 00:43:29 +0000 2016,"RT @ATT: @EliteTravelGal Enjoy your new gear, Stacy! 😍 https://t.co/GodmaxF4Xq",,,Twitter
Dallas1,32.776664,-96.796988,"208 S Akard Street, Ste 110",75202,Sun Oct 23 00:40:27 +0000 2016,RT @ATT: The #futureofvideo is mobile and the #futureofmobile is video. Time Warner + AT&amp;T make it happen! @twxcorp https://t.co/GKx4U9TQYg,,,Twitter
Dallas1,32.776664,-96.796988,"208 S Akard Street, Ste 110",75202,Sun Oct 23 00:38:54 +0000 2016,"RT @ATT: Watch the @GreenDay @iHeartRadio Album Release Party Tonight, 9pm ET/PT on AUDIENCE. DIRECTV ch 239/U-verse ch 1114. https://t.co/…",,,Twitter
