Store,Latitude,Longitude,Address,Zip,CreatedAt,Text,Senti,Rating,Source
Dallas7,32.8957338,-96.8079243,5959 Royal Lane,75230,Tue Oct 25 01:56:20 +0000 2016,"""AT&amp;T-Time Warner Deal Is a Strike in the Dark"" via @nytimes https://t.co/Ys2leUx4XH https://t.co/Zi84sBZczE",,,Twitter
Dallas7,32.8957338,-96.8079243,5959 Royal Lane,75230,Tue Oct 25 01:53:26 +0000 2016,RT @ATT: Welcome to the team! @taylorswift13 https://t.co/4h86nLYuLo https://t.co/gAHOi7fPrZ,,,Twitter
Dallas7,32.8957338,-96.8079243,5959 Royal Lane,75230,Tue Oct 25 01:51:18 +0000 2016,AT&amp;T Employees Break Records for Stop Hunger Now #ATTimpact https://t.co/f7k0rq100P #attemployee https://t.co/pUbfsZkOYe,,,Twitter
Dallas7,32.8957338,-96.8079243,5959 Royal Lane,75230,Tue Oct 25 01:51:13 +0000 2016,RT @ATTBusiness: #IoT makes reaching into this vending machine like reaching into a garden. Check it out: https://t.co/1Dk54D1pvz #National…,,,Twitter
Dallas7,32.8957338,-96.8079243,5959 Royal Lane,75230,Tue Oct 25 01:47:13 +0000 2016,RT @ATT: Another reason to smile for the camera. The #LGV20 from @LGUSAMobile will be available in stores starting today. https://t.co/TILu…,,,Twitter
Dallas7,32.8957338,-96.8079243,5959 Royal Lane,75230,Tue Oct 25 01:43:40 +0000 2016,When the @Uverse has been in and out all day. And it's finally just stopped all together. 🙄😒😤,,,Twitter
Dallas7,32.8957338,-96.8079243,5959 Royal Lane,75230,Tue Oct 25 01:43:07 +0000 2016,RT @ATT: Welcome to the team! @taylorswift13 https://t.co/4h86nLYuLo https://t.co/gAHOi7fPrZ,,,Twitter
Dallas7,32.8957338,-96.8079243,5959 Royal Lane,75230,Tue Oct 25 01:41:22 +0000 2016,"RT @bodyrecruit: @WomenOfATT_ERG 
AT&amp;T Hiring Sales Executive Field Sales #Des Peres, MO. Spread the word about the good #LifeAtATT. https:…",,,Twitter
Dallas7,32.8957338,-96.8079243,5959 Royal Lane,75230,Tue Oct 25 01:39:11 +0000 2016,"RT @ATTLatino: Bañado de sol y arena con una canción más dulce que el caramelo, comparte lo mejor de #Cuba desde tu móvil. https://t.co/e3S…",,,Twitter
Dallas7,32.8957338,-96.8079243,5959 Royal Lane,75230,Tue Oct 25 01:35:39 +0000 2016,.@ATT CEO Randall Stephenson confident @twxcorp merger will get past regulators https://t.co/D8PCh3orgV… https://t.co/a3F1MJApkp,,,Twitter
Dallas7,32.8957338,-96.8079243,5959 Royal Lane,75230,Tue Oct 25 01:33:14 +0000 2016,Why AT&amp;T’s CEO should think twice before going through with the Time Warner deal https://t.co/aymKIn8Knf #TrueDat,,,Twitter
Dallas7,32.8957338,-96.8079243,5959 Royal Lane,75230,Tue Oct 25 01:31:30 +0000 2016,RT @ATT: Welcome to the team! @taylorswift13 https://t.co/4h86nLYuLo https://t.co/gAHOi7fPrZ,,,Twitter
Dallas7,32.8957338,-96.8079243,5959 Royal Lane,75230,Tue Oct 25 01:26:00 +0000 2016,RT @ATT: Welcome to the team! @taylorswift13 https://t.co/4h86nLYuLo https://t.co/gAHOi7fPrZ,,,Twitter
Dallas7,32.8957338,-96.8079243,5959 Royal Lane,75230,Tue Oct 25 01:25:40 +0000 2016,RT @attJOBS: Our new #SanFrancisco flagship store is restored and ready for the future with our latest technology. Take a look: https://t.c…,,,Twitter
Dallas7,32.8957338,-96.8079243,5959 Royal Lane,75230,Tue Oct 25 01:21:43 +0000 2016,RT @dallasnews: Stadium Club is almost half a football field long. Can Cowboys fans fill it when teams isn't playing? | https://t.co/UU393U…,,,Twitter
Dallas7,32.8957338,-96.8079243,5959 Royal Lane,75230,Tue Oct 25 01:20:16 +0000 2016,"AT&amp;T research shows most businesses suffer from preventable cyberattacks, not new or unknown threats… https://t.co/g0ACBM4Rfm",,,Twitter
Dallas7,32.8957338,-96.8079243,5959 Royal Lane,75230,Tue Oct 25 01:17:35 +0000 2016,RT @dallasnews: Stadium Club is almost half a football field long. Can Cowboys fans fill it when teams isn't playing? | https://t.co/UU393U…,,,Twitter
Dallas7,32.8957338,-96.8079243,5959 Royal Lane,75230,Tue Oct 25 01:16:58 +0000 2016,Stadium Club is almost half a football field long. Can Cowboys fans fill it when teams isn't playing? |… https://t.co/gPWspIrWXt,,,Twitter
Dallas7,32.8957338,-96.8079243,5959 Royal Lane,75230,Tue Oct 25 00:59:14 +0000 2016,RT @ATT: Welcome to the team! @taylorswift13 https://t.co/4h86nLYuLo https://t.co/gAHOi7fPrZ,,,Twitter
Dallas7,32.8957338,-96.8079243,5959 Royal Lane,75230,Tue Oct 25 00:55:06 +0000 2016,RT @ATTBusiness: Maximize taste + minimize waste w/ #IoT! See how @ndustrialio preserves the nation’s food supply:  https://t.co/mKztl4Nw9n…,,,Twitter
Dallas7,32.8957338,-96.8079243,5959 Royal Lane,75230,Tue Oct 25 00:43:35 +0000 2016,How have Texas lawmakers reacted to #ATT's megamerger? Mostly with silence https://t.co/pEhGRqrkYE #DFW #Tech,,,Twitter
Dallas7,32.8957338,-96.8079243,5959 Royal Lane,75230,Tue Oct 25 00:41:11 +0000 2016,"AT&amp;T, Time Warner CEOs discuss the new deal https://t.co/nkbsxE6erD",,,Twitter
Dallas7,32.8957338,-96.8079243,5959 Royal Lane,75230,Tue Oct 25 00:36:01 +0000 2016,AT&amp;T begins push to sell customers on Time Warner merger https://t.co/Hy26OVyKjI | @melissa_repko https://t.co/Y4ZIF09HoA,,,Twitter
Dallas7,32.8957338,-96.8079243,5959 Royal Lane,75230,Tue Oct 25 00:31:22 +0000 2016,"""A Chilly Reaction to AT&amp;T-Time Warner Deal"" by BROOKS BARNES and EMILY STEEL via NYT The New York Times https://t.co/Sh0zVtn8eT",,,Twitter
Dallas7,32.8957338,-96.8079243,5959 Royal Lane,75230,Tue Oct 25 00:18:48 +0000 2016,RT @ATT: Welcome to the team! @taylorswift13 https://t.co/4h86nLYuLo https://t.co/gAHOi7fPrZ,,,Twitter
Dallas7,32.8957338,-96.8079243,5959 Royal Lane,75230,Tue Oct 25 00:14:54 +0000 2016,RT @ATT: Welcome to the team! @taylorswift13 https://t.co/4h86nLYuLo https://t.co/gAHOi7fPrZ,,,Twitter
Dallas7,32.8957338,-96.8079243,5959 Royal Lane,75230,Tue Oct 25 00:02:03 +0000 2016,"AT&amp;T merger, new DART line, Ebola nurse settlement: Your Monday evening roundup  https://t.co/IZMApGloMU https://t.co/vHIcGSydZz",,,Twitter
Dallas7,32.8957338,-96.8079243,5959 Royal Lane,75230,Mon Oct 24 23:54:44 +0000 2016,@att Randall Stephenson is so full of S*** he stinks! @ErinBurnett controlling the content supply limits the market.,,,Twitter
Dallas7,32.8957338,-96.8079243,5959 Royal Lane,75230,Mon Oct 24 23:53:30 +0000 2016,RT @TheLovellGroup: @ATT agrees to buy @TWC for more than $80B https://t.co/Pwyyf1vQTn https://t.co/WNMresoQ5Q,,,Twitter
Dallas7,32.8957338,-96.8079243,5959 Royal Lane,75230,Mon Oct 24 23:51:25 +0000 2016,"Even by Texas standards, @ATT deal is huge. Take a look at how recent deals stack up https://t.co/DgVMKlf2Rv… https://t.co/NxclqVYgKx",,,Twitter
Dallas7,32.8957338,-96.8079243,5959 Royal Lane,75230,Mon Oct 24 23:50:38 +0000 2016,RT @DMNBiz: AT&amp;T's quarterly results give hints on urgency behind Time Warner deal https://t.co/Cx1AXLE7xF | @Conor_Shine https://t.co/Iffy…,,,Twitter
Dallas7,32.8957338,-96.8079243,5959 Royal Lane,75230,Mon Oct 24 23:46:07 +0000 2016,"""With AT&amp;T-Time Warner Deal Brewing, a Focus on Preserving CNN’s Integrity"" by MICHAEL M. GRYNBAUM via NYT The New… https://t.co/k85YD4Q06j",,,Twitter
Dallas7,32.8957338,-96.8079243,5959 Royal Lane,75230,Mon Oct 24 23:45:23 +0000 2016,ATT tryna get it https://t.co/pvA8HinLOQ,,,Twitter
Dallas7,32.8957338,-96.8079243,5959 Royal Lane,75230,Mon Oct 24 23:43:15 +0000 2016,@ATTCares I never heard back from you.  I did DM you.,,,Twitter
Dallas7,32.8957338,-96.8079243,5959 Royal Lane,75230,Mon Oct 24 23:38:59 +0000 2016,RT @ATT: Welcome to the team! @taylorswift13 https://t.co/4h86nLYuLo https://t.co/gAHOi7fPrZ,,,Twitter
Dallas7,32.8957338,-96.8079243,5959 Royal Lane,75230,Mon Oct 24 23:36:10 +0000 2016,"""Why AT&amp;T Isn’t Sweating the Breakup Fee in Its Time Warner Deal"" by LESLIE PICKER via NYT The New York Times https://t.co/P6i91bNwti",,,Twitter
Dallas7,32.8957338,-96.8079243,5959 Royal Lane,75230,Mon Oct 24 23:36:03 +0000 2016,RT @ATT: Another reason to smile for the camera. The #LGV20 from @LGUSAMobile will be available in stores starting today. https://t.co/TILu…,,,Twitter
Dallas7,32.8957338,-96.8079243,5959 Royal Lane,75230,Mon Oct 24 23:35:59 +0000 2016,@perssonifierat Tack för att du följer mig Martin! Och en riktigt bra Twitter handle!,,,Twitter
Dallas7,32.8957338,-96.8079243,5959 Royal Lane,75230,Mon Oct 24 23:35:25 +0000 2016,"Jon Snow will now work for AT&amp;T (The 3:59, Ep. 128)     - CNET: We know nothing. Plus, more on the Samsung Ga... https://t.co/1b9zBo8FW4",,,Twitter
Dallas7,32.8957338,-96.8079243,5959 Royal Lane,75230,Mon Oct 24 23:35:14 +0000 2016,AT&amp;T's quarterly results give hints on urgency behind Time Warner deal https://t.co/Cx1AXLE7xF | @Conor_Shine https://t.co/IffyiACABV,,,Twitter
Dallas7,32.8957338,-96.8079243,5959 Royal Lane,75230,Mon Oct 24 23:29:40 +0000 2016,"RT @dallasnews: No, Time Warner Cable isn't part of @ATT merger and here's why https://t.co/D3z9z8xwh8 | @melissa_repko https://t.co/KyBHpz…",,,Twitter
Dallas7,32.8957338,-96.8079243,5959 Royal Lane,75230,Mon Oct 24 23:28:21 +0000 2016,@ATTCares 75219,,,Twitter
Dallas7,32.8957338,-96.8079243,5959 Royal Lane,75230,Mon Oct 24 23:19:56 +0000 2016,"@ATTCares James, I can find a link myself",,,Twitter
Dallas7,32.8957338,-96.8079243,5959 Royal Lane,75230,Mon Oct 24 23:19:54 +0000 2016,RT @ATT: Welcome to the team! @taylorswift13 https://t.co/4h86nLYuLo https://t.co/gAHOi7fPrZ,,,Twitter
Dallas7,32.8957338,-96.8079243,5959 Royal Lane,75230,Mon Oct 24 23:06:24 +0000 2016,"I gotta give you guys credit, @ATTCares @ATT. Cable and internet going out after 5 days is actually impressive",,,Twitter
Dallas7,32.8957338,-96.8079243,5959 Royal Lane,75230,Mon Oct 24 23:00:03 +0000 2016,RT @ATTBusiness: Maximize taste + minimize waste w/ #IoT! See how @ndustrialio preserves the nation’s food supply:  https://t.co/mKztl4Nw9n…,,,Twitter
Dallas7,32.8957338,-96.8079243,5959 Royal Lane,75230,Mon Oct 24 23:00:02 +0000 2016,Maximize taste + minimize waste w/ #IoT! See how @ndustrialio preserves the nation’s food supply:… https://t.co/eWZTPyv6Jp,,,Twitter
Dallas7,32.8957338,-96.8079243,5959 Royal Lane,75230,Mon Oct 24 22:55:29 +0000 2016,@Ask_Spectrum So Spectrum buys TWC... So now ATT Buys TWC how does that work? Anyways im happy you bought TWC Now maybe my bill will go down,,,Twitter
Dallas7,32.8957338,-96.8079243,5959 Royal Lane,75230,Mon Oct 24 22:54:59 +0000 2016,RT @ATT: Get a sweet deal on the new iPhone 7 when you switch to AT&amp;T and have DIRECTV. https://t.co/TQVeUkmeZ6 https://t.co/zfZmNpe8AP,,,Twitter
Dallas7,32.8957338,-96.8079243,5959 Royal Lane,75230,Mon Oct 24 22:54:06 +0000 2016,"RT @dallasnews: Trump gets litigious, AT&amp;T gets bigger, @TomiLahren wins bigly: Your weekend news digest https://t.co/tjOy7OJCri https://t.…",,,Twitter
Dallas7,32.8957338,-96.8079243,5959 Royal Lane,75230,Mon Oct 24 22:53:32 +0000 2016,@GetSpectrum So Spectrum buys TWC... So now ATT Buys TWC how does that work? Anyways im happy you bought TWC Now maybe my bill will go down,,,Twitter
Dallas7,32.8957338,-96.8079243,5959 Royal Lane,75230,Mon Oct 24 22:49:40 +0000 2016,"RT @ATT: Watch the @GreenDay @iHeartRadio Album Release Party Tonight, 9pm ET/PT on AUDIENCE. DIRECTV ch 239/U-verse ch 1114. https://t.co/…",,,Twitter
Dallas7,32.8957338,-96.8079243,5959 Royal Lane,75230,Mon Oct 24 22:44:30 +0000 2016,Massive AT&amp;T-Time Warner Deal Expected To Vastly Reshape Media Landscape https://t.co/y8PPiK2FiR @SMUSportMgt #sportsbiz,,,Twitter
Dallas7,32.8957338,-96.8079243,5959 Royal Lane,75230,Mon Oct 24 22:40:30 +0000 2016,RT @attJOBS: Our development programs can put you on the right career path. Why? Just ask Brad: https://t.co/bmAjmMvvte #BeTheFuture https:…,,,Twitter
Dallas7,32.8957338,-96.8079243,5959 Royal Lane,75230,Mon Oct 24 22:40:14 +0000 2016,#ATT begins push to sell customers on Time Warner merger https://t.co/PvOgKogTHM #DFW #Tech,,,Twitter
Dallas7,32.8957338,-96.8079243,5959 Royal Lane,75230,Mon Oct 24 22:35:28 +0000 2016,".@CNN, .@HBO and more: A look at the brands .@ATT inherits in its Time Warner deal https://t.co/dhOhNjd68C |… https://t.co/MmyzcPt2Ll",,,Twitter
Dallas7,32.8957338,-96.8079243,5959 Royal Lane,75230,Mon Oct 24 22:33:37 +0000 2016,RT @ATT: @RJSinko19 What a finish!  Who is your favorite MLS Player? #SoccerEverywhere https://t.co/REdso83NwO,,,Twitter
Dallas7,32.8957338,-96.8079243,5959 Royal Lane,75230,Mon Oct 24 22:30:35 +0000 2016,AT&amp;T has begun its push to sell customers on Time Warner merger -- and win regulatory approval.  https://t.co/SHWgljkPYo,,,Twitter
Dallas7,32.8957338,-96.8079243,5959 Royal Lane,75230,Mon Oct 24 22:29:57 +0000 2016,@theshoafer What a goal!  Who is your favorite MLS Player? https://t.co/Y4qW7D5Em9,,,Twitter
Dallas7,32.8957338,-96.8079243,5959 Royal Lane,75230,Mon Oct 24 22:29:40 +0000 2016,@RJSinko19 What a finish!  Who is your favorite MLS Player? #SoccerEverywhere https://t.co/REdso83NwO,,,Twitter
Dallas7,32.8957338,-96.8079243,5959 Royal Lane,75230,Mon Oct 24 22:27:52 +0000 2016,"RT @dallasnews: Your evening roundup: Ebola nurse settles lawsuit, AT&amp;T optimistic about merger approval, early voting starts https://t.co/…",,,Twitter
Dallas7,32.8957338,-96.8079243,5959 Royal Lane,75230,Mon Oct 24 22:27:01 +0000 2016,RT @ATT: Welcome to the team! @taylorswift13 https://t.co/4h86nLYuLo https://t.co/gAHOi7fPrZ,,,Twitter
Dallas7,32.8957338,-96.8079243,5959 Royal Lane,75230,Mon Oct 24 22:26:29 +0000 2016,"RT @dallasnews: Trump gets litigious, AT&amp;T gets bigger, @TomiLahren wins bigly: Your weekend news digest https://t.co/tjOy7OJCri https://t.…",,,Twitter
Dallas7,32.8957338,-96.8079243,5959 Royal Lane,75230,Mon Oct 24 22:26:29 +0000 2016,RT @melissa_repko: Here's a look at the brands AT&amp;T would inherit with the Time Warner deal: https://t.co/rFNTHkFY7Q,,,Twitter
Dallas7,32.8957338,-96.8079243,5959 Royal Lane,75230,Mon Oct 24 22:23:50 +0000 2016,"RT @dallasnews: Trump gets litigious, AT&amp;T gets bigger, @TomiLahren wins bigly: Your weekend news digest https://t.co/tjOy7OJCri https://t.…",,,Twitter
Dallas7,32.8957338,-96.8079243,5959 Royal Lane,75230,Mon Oct 24 22:21:35 +0000 2016,RT @ATT: Welcome to the team! @taylorswift13 https://t.co/4h86nLYuLo https://t.co/gAHOi7fPrZ,,,Twitter
Dallas7,32.8957338,-96.8079243,5959 Royal Lane,75230,Mon Oct 24 22:20:12 +0000 2016,@BethAnneCarroll What a season! Who is your favorite MLS Player? #SoccerEverywhere,,,Twitter
Dallas7,32.8957338,-96.8079243,5959 Royal Lane,75230,Mon Oct 24 22:17:16 +0000 2016,@JMar_lewis What a great day of action! What MLS Club do you support? #SoccerEverywhere,,,Twitter
Dallas7,32.8957338,-96.8079243,5959 Royal Lane,75230,Mon Oct 24 22:17:03 +0000 2016,Here's a look at the brands AT&amp;T would inherit with the Time Warner deal: https://t.co/rFNTHkFY7Q,,,Twitter
Dallas7,32.8957338,-96.8079243,5959 Royal Lane,75230,Mon Oct 24 22:16:57 +0000 2016,"RT @dallasnews: Your evening roundup: Ebola nurse settles lawsuit, AT&amp;T optimistic about merger approval, early voting starts https://t.co/…",,,Twitter
Dallas7,32.8957338,-96.8079243,5959 Royal Lane,75230,Mon Oct 24 22:16:39 +0000 2016,@s0c_butterfly Incredible day of action! Who is your favorite MLS player? #SoccerEverywhere,,,Twitter
Dallas7,32.8957338,-96.8079243,5959 Royal Lane,75230,Mon Oct 24 22:12:04 +0000 2016,"RT @dallasnews: Your evening roundup: Ebola nurse settles lawsuit, AT&amp;T optimistic about merger approval, early voting starts https://t.co/…",,,Twitter
Dallas7,32.8957338,-96.8079243,5959 Royal Lane,75230,Mon Oct 24 22:10:16 +0000 2016,How IoT maximizes taste and minimizes waste https://t.co/YuDyS3TCJB #attemployee https://t.co/lvQ2hWsa8P,,,Twitter
Dallas7,32.8957338,-96.8079243,5959 Royal Lane,75230,Mon Oct 24 22:08:25 +0000 2016,"Your evening roundup: Ebola nurse settles lawsuit, AT&amp;T optimistic about merger approval, early voting starts… https://t.co/gmdpFLE1Hm",,,Twitter
Dallas7,32.8957338,-96.8079243,5959 Royal Lane,75230,Mon Oct 24 22:06:40 +0000 2016,"How the AT&amp;T-Time Warner deal changes the TV, mobile landscapes https://t.co/r8vR9j26fH | @Conor_Shine https://t.co/TnnO9muFlG",,,Twitter
Dallas7,32.8957338,-96.8079243,5959 Royal Lane,75230,Mon Oct 24 22:00:02 +0000 2016,"Bañado de sol y arena con una canción más dulce que el caramelo, comparte lo mejor de #Cuba desde tu móvil.… https://t.co/7NjXV0keRh",,,Twitter
Dallas7,32.8957338,-96.8079243,5959 Royal Lane,75230,Mon Oct 24 21:47:13 +0000 2016,How have Texas lawmakers reacted to Dallas-based #ATT's mega-merger? Mostly with silence https://t.co/fpNVOUNo6x #DFW,,,Twitter
Dallas7,32.8957338,-96.8079243,5959 Royal Lane,75230,Mon Oct 24 21:46:25 +0000 2016,RT @ATT: Another reason to smile for the camera. The #LGV20 from @LGUSAMobile will be available in stores starting today. https://t.co/TILu…,,,Twitter
Dallas7,32.8957338,-96.8079243,5959 Royal Lane,75230,Mon Oct 24 21:45:18 +0000 2016,"Hey @att this is my life, come and goes, fast, then slow #HelpTheBrotherOut  https://t.co/zNlDTAOEPR #speedtest",,,Twitter
Dallas7,32.8957338,-96.8079243,5959 Royal Lane,75230,Mon Oct 24 21:43:46 +0000 2016,"RT @dallasnews: No, Time Warner Cable isn't part of @ATT merger and here's why https://t.co/D3z9z8xwh8 | @melissa_repko https://t.co/KyBHpz…",,,Twitter
Dallas7,32.8957338,-96.8079243,5959 Royal Lane,75230,Mon Oct 24 21:40:06 +0000 2016,RT @attJOBS: Our new #SanFrancisco flagship store is restored and ready for the future with our latest technology. Take a look: https://t.c…,,,Twitter
Dallas7,32.8957338,-96.8079243,5959 Royal Lane,75230,Mon Oct 24 21:39:36 +0000 2016,"RT @ATT: Mother Nature is unpredictable, so we rely on our Network Disaster Recovery team to connect you when you need it most. https://t.c…",,,Twitter
Dallas7,32.8957338,-96.8079243,5959 Royal Lane,75230,Mon Oct 24 21:39:34 +0000 2016,RT @attJOBS: Our new #SanFrancisco flagship store is restored and ready for the future with our latest technology. Take a look: https://t.c…,,,Twitter
Dallas7,32.8957338,-96.8079243,5959 Royal Lane,75230,Mon Oct 24 21:39:15 +0000 2016,@DIRECTV about to make a formal complaint as we were suppose to get a $200.00 voucher card from Direct TV when we signed up.  NEVER GOT IT,,,Twitter
Dallas7,32.8957338,-96.8079243,5959 Royal Lane,75230,Mon Oct 24 21:34:28 +0000 2016,What to make of an AT&amp;T and Time Warner merger https://t.co/MR1GACrb0r,,,Twitter
Dallas7,32.8957338,-96.8079243,5959 Royal Lane,75230,Mon Oct 24 21:33:46 +0000 2016,RT @ATT: Another reason to smile for the camera. The #LGV20 from @LGUSAMobile will be available in stores starting today. https://t.co/TILu…,,,Twitter
Dallas7,32.8957338,-96.8079243,5959 Royal Lane,75230,Mon Oct 24 21:33:32 +0000 2016,Did we get #TrumpClintoned by @Ask_Spectrum and @ATT ?! 😵😵😵😵😵😵😮😮😮😮😮 https://t.co/oDvU1CBLMO,,,Twitter
Dallas7,32.8957338,-96.8079243,5959 Royal Lane,75230,Mon Oct 24 21:28:50 +0000 2016,"RT @dallasnews: No, Time Warner Cable isn't part of @ATT merger and here's why https://t.co/D3z9z8xwh8 | @melissa_repko https://t.co/KyBHpz…",,,Twitter
Dallas7,32.8957338,-96.8079243,5959 Royal Lane,75230,Mon Oct 24 21:28:29 +0000 2016,"RT @DMNBiz: Speak now: Why critics want the $108 billion marriage of AT&amp;T, Time Warner to fail https://t.co/KckQ3FG5S7 https://t.co/tMlNG6j…",,,Twitter
Dallas7,32.8957338,-96.8079243,5959 Royal Lane,75230,Mon Oct 24 21:28:18 +0000 2016,RT @attJOBS: Our new #SanFrancisco flagship store is restored and ready for the future with our latest technology. Take a look: https://t.c…,,,Twitter
Dallas7,32.8957338,-96.8079243,5959 Royal Lane,75230,Mon Oct 24 21:26:38 +0000 2016,"RT @dallasnews: No, Time Warner Cable isn't part of @ATT merger and here's why https://t.co/D3z9z8xwh8 | @melissa_repko https://t.co/KyBHpz…",,,Twitter
Dallas7,32.8957338,-96.8079243,5959 Royal Lane,75230,Mon Oct 24 21:23:56 +0000 2016,"Speak now: Why critics want the $108 billion marriage of AT&amp;T, Time Warner to fail https://t.co/KckQ3FG5S7 https://t.co/tMlNG6jU7k",,,Twitter
Dallas7,32.8957338,-96.8079243,5959 Royal Lane,75230,Mon Oct 24 21:22:05 +0000 2016,"No, Time Warner Cable isn't part of AT&amp;amp;T merger and here's why https://t.co/LQYJHEtnWj via @dallasnews",,,Twitter
Dallas7,32.8957338,-96.8079243,5959 Royal Lane,75230,Mon Oct 24 21:20:36 +0000 2016,RT @ATT: Another reason to smile for the camera. The #LGV20 from @LGUSAMobile will be available in stores starting today. https://t.co/TILu…,,,Twitter
Dallas7,32.8957338,-96.8079243,5959 Royal Lane,75230,Mon Oct 24 21:20:01 +0000 2016,Our new #SanFrancisco flagship store is restored and ready for the future with our latest technology. Take a look:… https://t.co/UHa06M6DNQ,,,Twitter
Dallas7,32.8957338,-96.8079243,5959 Royal Lane,75230,Mon Oct 24 21:19:38 +0000 2016,"RT @dallasnews: No, Time Warner Cable isn't part of @ATT merger and here's why https://t.co/D3z9z8xwh8 | @melissa_repko https://t.co/KyBHpz…",,,Twitter
Dallas7,32.8957338,-96.8079243,5959 Royal Lane,75230,Mon Oct 24 21:18:22 +0000 2016,"RT @dallasnews: No, Time Warner Cable isn't part of @ATT merger and here's why https://t.co/D3z9z8xwh8 | @melissa_repko https://t.co/KyBHpz…",,,Twitter
Dallas7,32.8957338,-96.8079243,5959 Royal Lane,75230,Mon Oct 24 21:18:22 +0000 2016,"RT @dallasnews: No, Time Warner Cable isn't part of @ATT merger and here's why https://t.co/D3z9z8xwh8 | @melissa_repko https://t.co/KyBHpz…",,,Twitter
Dallas7,32.8957338,-96.8079243,5959 Royal Lane,75230,Mon Oct 24 21:17:05 +0000 2016,"No, Time Warner Cable isn't part of @ATT merger and here's why https://t.co/D3z9z8xwh8 | @melissa_repko https://t.co/KyBHpzkP7e",,,Twitter
