Dallas12,32.836504,-96.771185,5618 E Mockingbird Lane,75206,Sat Oct 22 14:26:22 +0000 2016,RT @ATT: Welcome to the team! @taylorswift13 https://t.co/4h86nLYuLo https://t.co/gAHOi7fPrZ,,,Twitter
Dallas12,32.836504,-96.771185,5618 E Mockingbird Lane,75206,Sat Oct 22 14:25:46 +0000 2016,"RT @Mail4Felicia: Going on FOUR days without @ATT wireless service, can't get @ATTCares to respond to my latest msg. #ATTCommunity #Custome…",,,Twitter
Dallas12,32.836504,-96.771185,5618 E Mockingbird Lane,75206,Sat Oct 22 14:13:42 +0000 2016,RT @ATT: Welcome to the team! @taylorswift13 https://t.co/4h86nLYuLo https://t.co/gAHOi7fPrZ,,,Twitter
Dallas12,32.836504,-96.771185,5618 E Mockingbird Lane,75206,Sat Oct 22 14:08:41 +0000 2016,@ATTCares Thanks for shout out/offer of help.  Tech office now open.  Maybe update your website that tech support is not open for biz 24/7?,,,Twitter
Dallas12,32.836504,-96.771185,5618 E Mockingbird Lane,75206,Sat Oct 22 13:59:17 +0000 2016,RT @ATT: Welcome to the team! @taylorswift13 https://t.co/4h86nLYuLo https://t.co/gAHOi7fPrZ,,,Twitter
Dallas12,32.836504,-96.771185,5618 E Mockingbird Lane,75206,Sat Oct 22 13:53:34 +0000 2016,RT @ATT: Welcome to the team! @taylorswift13 https://t.co/4h86nLYuLo https://t.co/gAHOi7fPrZ,,,Twitter
Dallas12,32.836504,-96.771185,5618 E Mockingbird Lane,75206,Sat Oct 22 13:49:02 +0000 2016,"RT @ATT: Watch the @GreenDay @iHeartRadio Album Release Party Tonight, 9pm ET/PT on AUDIENCE. DIRECTV ch 239/U-verse ch 1114. https://t.co/…",,,Twitter
Dallas12,32.836504,-96.771185,5618 E Mockingbird Lane,75206,Sat Oct 22 13:45:19 +0000 2016,"RT @ATT: Watch the @GreenDay @iHeartRadio Album Release Party Tonight, 9pm ET/PT on AUDIENCE. DIRECTV ch 239/U-verse ch 1114. https://t.co/…",,,Twitter
Dallas12,32.836504,-96.771185,5618 E Mockingbird Lane,75206,Sat Oct 22 13:44:54 +0000 2016,"RT @ATT: Watch the @GreenDay @iHeartRadio Album Release Party Tonight, 9pm ET/PT on AUDIENCE. DIRECTV ch 239/U-verse ch 1114. https://t.co/…",,,Twitter
Dallas12,32.836504,-96.771185,5618 E Mockingbird Lane,75206,Sat Oct 22 13:39:55 +0000 2016,RT @ATT: Get a sweet deal on the new iPhone 7 when you switch to AT&amp;T and have DIRECTV. https://t.co/TQVeUkmeZ6 https://t.co/zfZmNpe8AP,,,Twitter
Dallas12,32.836504,-96.771185,5618 E Mockingbird Lane,75206,Sat Oct 22 13:27:30 +0000 2016,"RT @ATT: Watch the @GreenDay @iHeartRadio Album Release Party Tonight, 9pm ET/PT on AUDIENCE. DIRECTV ch 239/U-verse ch 1114. https://t.co/…",,,Twitter
Dallas12,32.836504,-96.771185,5618 E Mockingbird Lane,75206,Sat Oct 22 13:26:42 +0000 2016,RT @ATT: Welcome to the team! @taylorswift13 https://t.co/4h86nLYuLo https://t.co/gAHOi7fPrZ,,,Twitter
Dallas12,32.836504,-96.771185,5618 E Mockingbird Lane,75206,Sat Oct 22 13:21:03 +0000 2016,RT @ATT: Welcome to the team! @taylorswift13 https://t.co/4h86nLYuLo https://t.co/gAHOi7fPrZ,,,Twitter
Dallas12,32.836504,-96.771185,5618 E Mockingbird Lane,75206,Sat Oct 22 13:16:50 +0000 2016,"RT @ATT: Watch the @GreenDay @iHeartRadio Album Release Party Tonight, 9pm ET/PT on AUDIENCE. DIRECTV ch 239/U-verse ch 1114. https://t.co/…",,,Twitter
Dallas12,32.836504,-96.771185,5618 E Mockingbird Lane,75206,Sat Oct 22 13:00:02 +0000 2016,"RT @ATT: Watch the @GreenDay @iHeartRadio Album Release Party Tonight, 9pm ET/PT on AUDIENCE. DIRECTV ch 239/U-verse ch 1114. https://t.co/…",,,Twitter
Dallas12,32.836504,-96.771185,5618 E Mockingbird Lane,75206,Sat Oct 22 12:55:31 +0000 2016,"RT @ATT: Watch the @GreenDay @iHeartRadio Album Release Party Tonight, 9pm ET/PT on AUDIENCE. DIRECTV ch 239/U-verse ch 1114. https://t.co/…",,,Twitter
Dallas12,32.836504,-96.771185,5618 E Mockingbird Lane,75206,Sat Oct 22 12:30:25 +0000 2016,RT @ATT: Las Vegas- Celebrate #LGBTHistoryMonth by heading over to Snapchat and using our exclusive filters! https://t.co/HiHbHuJHD1,,,Twitter
Dallas12,32.836504,-96.771185,5618 E Mockingbird Lane,75206,Sat Oct 22 11:55:01 +0000 2016,RT @ATT: Welcome to the team! @taylorswift13 https://t.co/4h86nLYuLo https://t.co/gAHOi7fPrZ,,,Twitter
Dallas12,32.836504,-96.771185,5618 E Mockingbird Lane,75206,Sat Oct 22 11:39:34 +0000 2016,RT @ATT: Welcome to the team! @taylorswift13 https://t.co/4h86nLYuLo https://t.co/gAHOi7fPrZ,,,Twitter
Dallas12,32.836504,-96.771185,5618 E Mockingbird Lane,75206,Sat Oct 22 11:38:53 +0000 2016,RT @ATT: Welcome to the team! @taylorswift13 https://t.co/4h86nLYuLo https://t.co/gAHOi7fPrZ,,,Twitter
Dallas12,32.836504,-96.771185,5618 E Mockingbird Lane,75206,Sat Oct 22 11:25:18 +0000 2016,"RT @ATT: Watch the @GreenDay @iHeartRadio Album Release Party Tonight, 9pm ET/PT on AUDIENCE. DIRECTV ch 239/U-verse ch 1114. https://t.co/…",,,Twitter
Dallas12,32.836504,-96.771185,5618 E Mockingbird Lane,75206,Sat Oct 22 11:11:13 +0000 2016,"RT @ATT: Some people may wait a lifetime, but you don't have to. On 11/2-3, AT&amp;T customers can buy @kelly_clarkson tix early. https://t.co/…",,,Twitter
Dallas12,32.836504,-96.771185,5618 E Mockingbird Lane,75206,Sat Oct 22 11:10:17 +0000 2016,RT @ATT: Welcome to the team! @taylorswift13 https://t.co/4h86nLYuLo https://t.co/gAHOi7fPrZ,,,Twitter
Dallas12,32.836504,-96.771185,5618 E Mockingbird Lane,75206,Sat Oct 22 10:32:04 +0000 2016,RT @ATT: Welcome to the team! @taylorswift13 https://t.co/4h86nLYuLo https://t.co/gAHOi7fPrZ,,,Twitter
Dallas12,32.836504,-96.771185,5618 E Mockingbird Lane,75206,Sat Oct 22 10:09:24 +0000 2016,"RT @ATT: Watch the @GreenDay @iHeartRadio Album Release Party Tonight, 9pm ET/PT on AUDIENCE. DIRECTV ch 239/U-verse ch 1114. https://t.co/…",,,Twitter
Dallas12,32.836504,-96.771185,5618 E Mockingbird Lane,75206,Sat Oct 22 09:31:15 +0000 2016,RT @ATT: Welcome to the team! @taylorswift13 https://t.co/4h86nLYuLo https://t.co/gAHOi7fPrZ,,,Twitter
Dallas12,32.836504,-96.771185,5618 E Mockingbird Lane,75206,Sat Oct 22 09:20:26 +0000 2016,RT @ATT: Welcome to the team! @taylorswift13 https://t.co/4h86nLYuLo https://t.co/gAHOi7fPrZ,,,Twitter
Dallas12,32.836504,-96.771185,5618 E Mockingbird Lane,75206,Sat Oct 22 09:16:31 +0000 2016,RT @ATT: Welcome to the team! @taylorswift13 https://t.co/4h86nLYuLo https://t.co/gAHOi7fPrZ,,,Twitter
Dallas12,32.836504,-96.771185,5618 E Mockingbird Lane,75206,Sat Oct 22 08:56:14 +0000 2016,RT @ATT: Welcome to the team! @taylorswift13 https://t.co/4h86nLYuLo https://t.co/gAHOi7fPrZ,,,Twitter
Dallas12,32.836504,-96.771185,5618 E Mockingbird Lane,75206,Sat Oct 22 08:31:46 +0000 2016,RT @ATT: Welcome to the team! @taylorswift13 https://t.co/4h86nLYuLo https://t.co/gAHOi7fPrZ,,,Twitter
Dallas12,32.836504,-96.771185,5618 E Mockingbird Lane,75206,Sat Oct 22 08:30:02 +0000 2016,RT @ATT: Welcome to the team! @taylorswift13 https://t.co/4h86nLYuLo https://t.co/gAHOi7fPrZ,,,Twitter
Dallas12,32.836504,-96.771185,5618 E Mockingbird Lane,75206,Sat Oct 22 08:04:41 +0000 2016,"RT @ATT: Watch the @GreenDay @iHeartRadio Album Release Party Tonight, 9pm ET/PT on AUDIENCE. DIRECTV ch 239/U-verse ch 1114. https://t.co/…",,,Twitter
Dallas12,32.836504,-96.771185,5618 E Mockingbird Lane,75206,Sat Oct 22 07:50:05 +0000 2016,RT @ATT: Welcome to the team! @taylorswift13 https://t.co/4h86nLYuLo https://t.co/gAHOi7fPrZ,,,Twitter
Dallas12,32.836504,-96.771185,5618 E Mockingbird Lane,75206,Sat Oct 22 07:40:44 +0000 2016,"RT @ATT: Watch the @GreenDay @iHeartRadio Album Release Party Tonight, 9pm ET/PT on AUDIENCE. DIRECTV ch 239/U-verse ch 1114. https://t.co/…",,,Twitter
Dallas12,32.836504,-96.771185,5618 E Mockingbird Lane,75206,Sat Oct 22 07:34:56 +0000 2016,RT @ATT: Welcome to the team! @taylorswift13 https://t.co/4h86nLYuLo https://t.co/gAHOi7fPrZ,,,Twitter
Dallas12,32.836504,-96.771185,5618 E Mockingbird Lane,75206,Sat Oct 22 07:28:37 +0000 2016,RT @ATT: Welcome to the team! @taylorswift13 https://t.co/4h86nLYuLo https://t.co/gAHOi7fPrZ,,,Twitter
Dallas12,32.836504,-96.771185,5618 E Mockingbird Lane,75206,Sat Oct 22 06:50:55 +0000 2016,RT @ATT: Are you ready for the revolution? Watch the @GreenDay @iHeartRadio Album Release Party now. #iHeartGreenDay https://t.co/ec2gZXKu7U,,,Twitter
Dallas12,32.836504,-96.771185,5618 E Mockingbird Lane,75206,Sat Oct 22 06:42:08 +0000 2016,RT @ATT: Welcome to the team! @taylorswift13 https://t.co/4h86nLYuLo https://t.co/gAHOi7fPrZ,,,Twitter
Dallas12,32.836504,-96.771185,5618 E Mockingbird Lane,75206,Sat Oct 22 05:51:03 +0000 2016,RT @ATT: Welcome to the team! @taylorswift13 https://t.co/4h86nLYuLo https://t.co/gAHOi7fPrZ,,,Twitter
Dallas12,32.836504,-96.771185,5618 E Mockingbird Lane,75206,Sat Oct 22 05:47:52 +0000 2016,"RT @ATT: Watch the @GreenDay @iHeartRadio Album Release Party Tonight, 9pm ET/PT on AUDIENCE. DIRECTV ch 239/U-verse ch 1114. https://t.co/…",,,Twitter
Dallas12,32.836504,-96.771185,5618 E Mockingbird Lane,75206,Sat Oct 22 05:04:57 +0000 2016,"RT @ATT: Watch the @GreenDay @iHeartRadio Album Release Party Tonight, 9pm ET/PT on AUDIENCE. DIRECTV ch 239/U-verse ch 1114. https://t.co/…",,,Twitter
Dallas12,32.836504,-96.771185,5618 E Mockingbird Lane,75206,Sat Oct 22 04:58:57 +0000 2016,"RT @ATT: Watch the @GreenDay @iHeartRadio Album Release Party Tonight, 9pm ET/PT on AUDIENCE. DIRECTV ch 239/U-verse ch 1114. https://t.co/…",,,Twitter
Dallas12,32.836504,-96.771185,5618 E Mockingbird Lane,75206,Sat Oct 22 04:37:08 +0000 2016,RT @Uverse: 💋 the ❄️ goodbye 👋 + catch #IceAge Collision Course OnDemand. https://t.co/jzwn0xrX8j https://t.co/WVs9FZcuTm,,,Twitter
Dallas12,32.836504,-96.771185,5618 E Mockingbird Lane,75206,Sat Oct 22 04:24:51 +0000 2016,"RT @ATT: Watch the @GreenDay @iHeartRadio Album Release Party Tonight, 9pm ET/PT on AUDIENCE. DIRECTV ch 239/U-verse ch 1114. https://t.co/…",,,Twitter
Dallas12,32.836504,-96.771185,5618 E Mockingbird Lane,75206,Sat Oct 22 04:20:13 +0000 2016,"@ATTCares usual customer service. NOT! Tech Support says its open 24/7 but elec voice says ""that office is closed"" #goodbye #toughluck",,,Twitter
Dallas12,32.836504,-96.771185,5618 E Mockingbird Lane,75206,Sat Oct 22 04:06:03 +0000 2016,RT @ATT: Welcome to the team! @taylorswift13 https://t.co/4h86nLYuLo https://t.co/gAHOi7fPrZ,,,Twitter
Dallas12,32.836504,-96.771185,5618 E Mockingbird Lane,75206,Sat Oct 22 03:58:41 +0000 2016,@ATT our internet hasn't been working all day - what's the deal #dallas!!,,,Twitter
Dallas12,32.836504,-96.771185,5618 E Mockingbird Lane,75206,Sat Oct 22 03:56:42 +0000 2016,"RT @ATT: Watch the @GreenDay @iHeartRadio Album Release Party Tonight, 9pm ET/PT on AUDIENCE. DIRECTV ch 239/U-verse ch 1114. https://t.co/…",,,Twitter
Dallas12,32.836504,-96.771185,5618 E Mockingbird Lane,75206,Sat Oct 22 03:51:05 +0000 2016,RT @ATT: Welcome to the team! @taylorswift13 https://t.co/4h86nLYuLo https://t.co/gAHOi7fPrZ,,,Twitter
Dallas12,32.836504,-96.771185,5618 E Mockingbird Lane,75206,Sat Oct 22 03:45:00 +0000 2016,"RT @ATT: Watch the @GreenDay @iHeartRadio Album Release Party Tonight, 9pm ET/PT on AUDIENCE. DIRECTV ch 239/U-verse ch 1114. https://t.co/…",,,Twitter
Dallas12,32.836504,-96.771185,5618 E Mockingbird Lane,75206,Sat Oct 22 03:42:55 +0000 2016,RT @ATT: Welcome to the team! @taylorswift13 https://t.co/4h86nLYuLo https://t.co/gAHOi7fPrZ,,,Twitter
Dallas12,32.836504,-96.771185,5618 E Mockingbird Lane,75206,Sat Oct 22 03:37:04 +0000 2016,"RT @ATT: Some people may wait a lifetime, but you don't have to. On 11/2-3, AT&amp;T customers can buy @kelly_clarkson tix early. https://t.co/…",,,Twitter
Dallas12,32.836504,-96.771185,5618 E Mockingbird Lane,75206,Sat Oct 22 03:25:35 +0000 2016,"RT @ATT: Watch the @GreenDay @iHeartRadio Album Release Party Tonight, 9pm ET/PT on AUDIENCE. DIRECTV ch 239/U-verse ch 1114. https://t.co/…",,,Twitter
Dallas12,32.836504,-96.771185,5618 E Mockingbird Lane,75206,Sat Oct 22 03:21:50 +0000 2016,RT @ATT: @Emma_Wilson44 We’ll be giving away tickets to Taylor fans including AT&amp;T customers + special guests. We’ll share ticketing detail…,,,Twitter
Dallas12,32.836504,-96.771185,5618 E Mockingbird Lane,75206,Sat Oct 22 03:17:26 +0000 2016,"RT @ATT: Some people may wait a lifetime, but you don't have to. On 11/2-3, AT&amp;T customers can buy @kelly_clarkson tix early. https://t.co/…",,,Twitter
Dallas12,32.836504,-96.771185,5618 E Mockingbird Lane,75206,Sat Oct 22 03:15:07 +0000 2016,RT @ATT: Welcome to the team! @taylorswift13 https://t.co/4h86nLYuLo https://t.co/gAHOi7fPrZ,,,Twitter
Dallas12,32.836504,-96.771185,5618 E Mockingbird Lane,75206,Sat Oct 22 03:13:08 +0000 2016,"RT @ATT: Watch the @GreenDay @iHeartRadio Album Release Party Tonight, 9pm ET/PT on AUDIENCE. DIRECTV ch 239/U-verse ch 1114. https://t.co/…",,,Twitter
Dallas12,32.836504,-96.771185,5618 E Mockingbird Lane,75206,Sat Oct 22 03:12:49 +0000 2016,"RT @ATT: Watch the @GreenDay @iHeartRadio Album Release Party Tonight, 9pm ET/PT on AUDIENCE. DIRECTV ch 239/U-verse ch 1114. https://t.co/…",,,Twitter
Dallas12,32.836504,-96.771185,5618 E Mockingbird Lane,75206,Sat Oct 22 03:05:05 +0000 2016,RT @ATT: Welcome to the team! @taylorswift13 https://t.co/4h86nLYuLo https://t.co/gAHOi7fPrZ,,,Twitter
Dallas12,32.836504,-96.771185,5618 E Mockingbird Lane,75206,Sat Oct 22 03:02:51 +0000 2016,RT @ATT: Welcome to the team! @taylorswift13 https://t.co/4h86nLYuLo https://t.co/gAHOi7fPrZ,,,Twitter
Dallas12,32.836504,-96.771185,5618 E Mockingbird Lane,75206,Sat Oct 22 03:00:44 +0000 2016,#Roadto5G with  #At&amp;t #ATT  @EricssonNA  @ATT https://t.co/wx0bjI240e,,,Twitter
Dallas12,32.836504,-96.771185,5618 E Mockingbird Lane,75206,Sat Oct 22 03:00:04 +0000 2016,"RT @ATT: Watch the @GreenDay @iHeartRadio Album Release Party Tonight, 9pm ET/PT on AUDIENCE. DIRECTV ch 239/U-verse ch 1114. https://t.co/…",,,Twitter
Dallas12,32.836504,-96.771185,5618 E Mockingbird Lane,75206,Sat Oct 22 02:31:11 +0000 2016,"RT @ATT: Some people may wait a lifetime, but you don't have to. On 11/2-3, AT&amp;T customers can buy @kelly_clarkson tix early. https://t.co/…",,,Twitter
Dallas12,32.836504,-96.771185,5618 E Mockingbird Lane,75206,Sat Oct 22 02:30:37 +0000 2016,"RT @ATT: Watch the @GreenDay @iHeartRadio Album Release Party Tonight, 9pm ET/PT on AUDIENCE. DIRECTV ch 239/U-verse ch 1114. https://t.co/…",,,Twitter
Dallas12,32.836504,-96.771185,5618 E Mockingbird Lane,75206,Sat Oct 22 02:26:33 +0000 2016,RT @ATT: Are you ready for the revolution? Watch the @GreenDay @iHeartRadio Album Release Party now. #iHeartGreenDay https://t.co/ec2gZXKu7U,,,Twitter
Dallas12,32.836504,-96.771185,5618 E Mockingbird Lane,75206,Sat Oct 22 02:25:09 +0000 2016,RT @ATT: Get a sweet deal on the new iPhone 7 when you switch to AT&amp;T and have DIRECTV. https://t.co/TQVeUkmeZ6 https://t.co/zfZmNpe8AP,,,Twitter
Dallas12,32.836504,-96.771185,5618 E Mockingbird Lane,75206,Sat Oct 22 02:22:33 +0000 2016,@ATT agrees in principle to buy Time Warner for $85 billion  https://t.co/ym97zYu1oG,,,Twitter
Dallas12,32.836504,-96.771185,5618 E Mockingbird Lane,75206,Sat Oct 22 02:16:38 +0000 2016,RT @ATT: Are you ready for the revolution? Watch the @GreenDay @iHeartRadio Album Release Party now. #iHeartGreenDay https://t.co/ec2gZXKu7U,,,Twitter
Dallas12,32.836504,-96.771185,5618 E Mockingbird Lane,75206,Sat Oct 22 02:01:41 +0000 2016,"RT @ATT: Watch the @GreenDay @iHeartRadio Album Release Party Tonight, 9pm ET/PT on AUDIENCE. DIRECTV ch 239/U-verse ch 1114. https://t.co/…",,,Twitter
Dallas12,32.836504,-96.771185,5618 E Mockingbird Lane,75206,Sat Oct 22 01:46:11 +0000 2016,RT @ATT: Get a sweet deal on the new iPhone 7 when you switch to AT&amp;T and have DIRECTV. https://t.co/TQVeUkmeZ6 https://t.co/zfZmNpe8AP,,,Twitter
Dallas12,32.836504,-96.771185,5618 E Mockingbird Lane,75206,Sat Oct 22 01:43:22 +0000 2016,RT @ATT: Welcome to the team! @taylorswift13 https://t.co/4h86nLYuLo https://t.co/gAHOi7fPrZ,,,Twitter
Dallas12,32.836504,-96.771185,5618 E Mockingbird Lane,75206,Sat Oct 22 01:42:21 +0000 2016,"Going on FOUR days without @ATT wireless service, can't get @ATTCares to respond to my latest msg. #ATTCommunity #CustomerService",,,Twitter
Dallas12,32.836504,-96.771185,5618 E Mockingbird Lane,75206,Sat Oct 22 01:37:16 +0000 2016,RT @ATT: Are you ready for the revolution? Watch the @GreenDay @iHeartRadio Album Release Party now. #iHeartGreenDay https://t.co/ec2gZXKu7U,,,Twitter
Dallas12,32.836504,-96.771185,5618 E Mockingbird Lane,75206,Sat Oct 22 01:13:55 +0000 2016,"RT @ATT: Watch the @GreenDay @iHeartRadio Album Release Party Tonight, 9pm ET/PT on AUDIENCE. DIRECTV ch 239/U-verse ch 1114. https://t.co/…",,,Twitter
Dallas12,32.836504,-96.771185,5618 E Mockingbird Lane,75206,Sat Oct 22 01:02:05 +0000 2016,"RT @ATT: Watch the @GreenDay @iHeartRadio Album Release Party Tonight, 9pm ET/PT on AUDIENCE. DIRECTV ch 239/U-verse ch 1114. https://t.co/…",,,Twitter
Dallas12,32.836504,-96.771185,5618 E Mockingbird Lane,75206,Sat Oct 22 00:51:12 +0000 2016,"RT @ATT: Watch the @GreenDay @iHeartRadio Album Release Party Tonight, 9pm ET/PT on AUDIENCE. DIRECTV ch 239/U-verse ch 1114. https://t.co/…",,,Twitter
Dallas12,32.836504,-96.771185,5618 E Mockingbird Lane,75206,Sat Oct 22 00:48:42 +0000 2016,"RT @ATT: Watch the @GreenDay @iHeartRadio Album Release Party Tonight, 9pm ET/PT on AUDIENCE. DIRECTV ch 239/U-verse ch 1114. https://t.co/…",,,Twitter
Dallas12,32.836504,-96.771185,5618 E Mockingbird Lane,75206,Sat Oct 22 00:38:35 +0000 2016,"RT @ATT: Some people may wait a lifetime, but you don't have to. On 11/2-3, AT&amp;T customers can buy @kelly_clarkson tix early. https://t.co/…",,,Twitter
Dallas12,32.836504,-96.771185,5618 E Mockingbird Lane,75206,Sat Oct 22 00:35:35 +0000 2016,"RT @ATT: Watch the @GreenDay @iHeartRadio Album Release Party Tonight, 9pm ET/PT on AUDIENCE. DIRECTV ch 239/U-verse ch 1114. https://t.co/…",,,Twitter
Dallas12,32.836504,-96.771185,5618 E Mockingbird Lane,75206,Sat Oct 22 00:31:31 +0000 2016,RT @theeagledallas: WATCH Green Day's album release party with @iHeartRadio &amp; @ATT TONIGHT 9PM ET/PT 🎸 https://t.co/xa5cQQVGxg https://t.co…,,,Twitter
Dallas12,32.836504,-96.771185,5618 E Mockingbird Lane,75206,Sat Oct 22 00:30:02 +0000 2016,WATCH Green Day's album release party with @iHeartRadio &amp; @ATT TONIGHT 9PM ET/PT 🎸 https://t.co/xa5cQQVGxg https://t.co/s6unQBd9wY,,,Twitter
Dallas12,32.836504,-96.771185,5618 E Mockingbird Lane,75206,Sat Oct 22 00:24:06 +0000 2016,RT @Jacqueline062: @ATT has the worst customer service imaginable. 😡,,,Twitter
Dallas12,32.836504,-96.771185,5618 E Mockingbird Lane,75206,Sat Oct 22 00:15:02 +0000 2016,RT @ATT: Welcome to the team! @taylorswift13 https://t.co/4h86nLYuLo https://t.co/gAHOi7fPrZ,,,Twitter
Dallas12,32.836504,-96.771185,5618 E Mockingbird Lane,75206,Sat Oct 22 00:07:32 +0000 2016,RT @ATT: Welcome to the team! @taylorswift13 https://t.co/4h86nLYuLo https://t.co/gAHOi7fPrZ,,,Twitter
Dallas12,32.836504,-96.771185,5618 E Mockingbird Lane,75206,Sat Oct 22 00:06:16 +0000 2016,"RT @ATT: Watch the @GreenDay @iHeartRadio Album Release Party Tonight, 9pm ET/PT on AUDIENCE. DIRECTV ch 239/U-verse ch 1114. https://t.co/…",,,Twitter
Dallas12,32.836504,-96.771185,5618 E Mockingbird Lane,75206,Fri Oct 21 23:50:39 +0000 2016,"RT @ATT: Some people may wait a lifetime, but you don't have to. On 11/2-3, AT&amp;T customers can buy @kelly_clarkson tix early. https://t.co/…",,,Twitter
Dallas12,32.836504,-96.771185,5618 E Mockingbird Lane,75206,Fri Oct 21 23:47:29 +0000 2016,"RT @ATT: Some people may wait a lifetime, but you don't have to. On 11/2-3, AT&amp;T customers can buy @kelly_clarkson tix early. https://t.co/…",,,Twitter
Dallas12,32.836504,-96.771185,5618 E Mockingbird Lane,75206,Fri Oct 21 23:46:45 +0000 2016,"RT @ATT: Watch the @GreenDay @iHeartRadio Album Release Party Tonight, 9pm ET/PT on AUDIENCE. DIRECTV ch 239/U-verse ch 1114. https://t.co/…",,,Twitter
Dallas12,32.836504,-96.771185,5618 E Mockingbird Lane,75206,Fri Oct 21 23:43:47 +0000 2016,"RT @ATT: Watch the @GreenDay @iHeartRadio Album Release Party Tonight, 9pm ET/PT on AUDIENCE. DIRECTV ch 239/U-verse ch 1114. https://t.co/…",,,Twitter
Dallas12,32.836504,-96.771185,5618 E Mockingbird Lane,75206,Fri Oct 21 23:40:54 +0000 2016,"RT @ATT: Some people may wait a lifetime, but you don't have to. On 11/2-3, AT&amp;T customers can buy @kelly_clarkson tix early. https://t.co/…",,,Twitter
Dallas12,32.836504,-96.771185,5618 E Mockingbird Lane,75206,Fri Oct 21 23:34:22 +0000 2016,"RT @ATT: Watch the @GreenDay @iHeartRadio Album Release Party Tonight, 9pm ET/PT on AUDIENCE. DIRECTV ch 239/U-verse ch 1114. https://t.co/…",,,Twitter
Dallas12,32.836504,-96.771185,5618 E Mockingbird Lane,75206,Fri Oct 21 23:33:45 +0000 2016,RT @ATT: Welcome to the team! @taylorswift13 https://t.co/4h86nLYuLo https://t.co/gAHOi7fPrZ,,,Twitter
Dallas12,32.836504,-96.771185,5618 E Mockingbird Lane,75206,Fri Oct 21 23:24:16 +0000 2016,RT @ATT: Welcome to the team! @taylorswift13 https://t.co/4h86nLYuLo https://t.co/gAHOi7fPrZ,,,Twitter
Dallas12,32.836504,-96.771185,5618 E Mockingbird Lane,75206,Fri Oct 21 23:18:07 +0000 2016,"RT @ATT: Watch the @GreenDay @iHeartRadio Album Release Party Tonight, 9pm ET/PT on AUDIENCE. DIRECTV ch 239/U-verse ch 1114. https://t.co/…",,,Twitter
Dallas12,32.836504,-96.771185,5618 E Mockingbird Lane,75206,Fri Oct 21 23:11:45 +0000 2016,"RT @ATT: Some people may wait a lifetime, but you don't have to. On 11/2-3, AT&amp;T customers can buy @kelly_clarkson tix early. https://t.co/…",,,Twitter
Dallas12,32.836504,-96.771185,5618 E Mockingbird Lane,75206,Fri Oct 21 23:10:51 +0000 2016,"@ATTCares Thanks, but no concern. Just pointing out the fantastic service!",,,Twitter
Dallas12,32.836504,-96.771185,5618 E Mockingbird Lane,75206,Fri Oct 21 23:06:22 +0000 2016,.@ATTCares Nice tower! https://t.co/3bZYFyYgxj,,,Twitter
Dallas12,32.836504,-96.771185,5618 E Mockingbird Lane,75206,Fri Oct 21 23:03:48 +0000 2016,RT @ATT: Welcome to the team! @taylorswift13 https://t.co/4h86nLYuLo https://t.co/gAHOi7fPrZ,,,Twitter
Dallas12,32.836504,-96.771185,5618 E Mockingbird Lane,75206,Fri Oct 21 22:58:28 +0000 2016,"RT @ATT: Watch the @GreenDay @iHeartRadio Album Release Party Tonight, 9pm ET/PT on AUDIENCE. DIRECTV ch 239/U-verse ch 1114. https://t.co/…",,,Twitter
