Store,Latitude,Longitude,Address,Zip,CreatedAt,Text,Senti,Rating,Source
Dallas6,32.8740567,-96.771404,9100 N Central Expressway Suite 105,75231,Sat Oct 22 20:31:14 +0000 2016,this is gross bc @ATT is actually trash in each and every way possible https://t.co/kD2jnR7zXZ,,,Twitter
Dallas6,32.8740567,-96.771404,9100 N Central Expressway Suite 105,75231,Sat Oct 22 20:27:20 +0000 2016,RT @wfaachannel8: AT&amp;T agrees to buy Time Warner for more than $80B https://t.co/9LtV0RAUgV https://t.co/zqmbwnbOeo,,,Twitter
Dallas6,32.8740567,-96.771404,9100 N Central Expressway Suite 105,75231,Sat Oct 22 20:24:26 +0000 2016,"RT @dallasnews: Updated: Report says AT&amp;T, Time Warner boards meeting today to approve $80 billion deal https://t.co/ESCmoMhXLr | @krobijak…",,,Twitter
Dallas6,32.8740567,-96.771404,9100 N Central Expressway Suite 105,75231,Sat Oct 22 20:24:14 +0000 2016,RT @wfaachannel8: AT&amp;T agrees to buy Time Warner https://t.co/ovK4kZyTE4,,,Twitter
Dallas6,32.8740567,-96.771404,9100 N Central Expressway Suite 105,75231,Sat Oct 22 20:22:33 +0000 2016,RT @wfaachannel8: AT&amp;T agrees to buy Time Warner for more than $80B https://t.co/9LtV0RAUgV https://t.co/zqmbwnbOeo,,,Twitter
Dallas6,32.8740567,-96.771404,9100 N Central Expressway Suite 105,75231,Sat Oct 22 20:20:51 +0000 2016,RT @DMNBiz: Stadium Club is almost half a football field long. Can Cowboys fans fill it when teams isn't playing? | https://t.co/BmFzkykjit…,,,Twitter
Dallas6,32.8740567,-96.771404,9100 N Central Expressway Suite 105,75231,Sat Oct 22 20:20:23 +0000 2016,Stadium Club is almost half a football field long. Can Cowboys fans fill it when teams isn't playing? |… https://t.co/XfXJHXSsDS,,,Twitter
Dallas6,32.8740567,-96.771404,9100 N Central Expressway Suite 105,75231,Sat Oct 22 20:19:20 +0000 2016,"RT @ATT: Watch the @GreenDay @iHeartRadio Album Release Party Tonight, 9pm ET/PT on AUDIENCE. DIRECTV ch 239/U-verse ch 1114. https://t.co/…",,,Twitter
Dallas6,32.8740567,-96.771404,9100 N Central Expressway Suite 105,75231,Sat Oct 22 20:18:45 +0000 2016,RT @wfaachannel8: AT&amp;T agrees to buy Time Warner https://t.co/ovK4kZyTE4,,,Twitter
Dallas6,32.8740567,-96.771404,9100 N Central Expressway Suite 105,75231,Sat Oct 22 20:17:49 +0000 2016,AT&amp;T Agrees to Buy Time Warner for More Than $80 Billion  https://t.co/v9yQYny789,,,Twitter
Dallas6,32.8740567,-96.771404,9100 N Central Expressway Suite 105,75231,Sat Oct 22 20:15:11 +0000 2016,"RT @theblaze: Report: AT&amp;T wants to buy Time Warner in $80 billion mega-deal
https://t.co/QEDAC95J1T https://t.co/ChTnEiekcu",,,Twitter
Dallas6,32.8740567,-96.771404,9100 N Central Expressway Suite 105,75231,Sat Oct 22 20:14:33 +0000 2016,"@SteampunkMuppet Living in apts, there aren't other options. They only allow ATT and TWC. Looking forward to buying a little more now :/",,,Twitter
Dallas6,32.8740567,-96.771404,9100 N Central Expressway Suite 105,75231,Sat Oct 22 20:11:37 +0000 2016,Trump would reject deal between AT&amp;T and Time Warner https://t.co/dJpkqPZwUX,,,Twitter
Dallas6,32.8740567,-96.771404,9100 N Central Expressway Suite 105,75231,Sat Oct 22 20:00:01 +0000 2016,Famoso por sus coches clásicos y ritmo salsero – ahora puedes compartir a la cultura #Cubana desde tu móvil:… https://t.co/u6FCV67I4K,,,Twitter
Dallas6,32.8740567,-96.771404,9100 N Central Expressway Suite 105,75231,Sat Oct 22 19:59:47 +0000 2016,RT @wfaachannel8: AT&amp;T agrees to buy Time Warner https://t.co/ovK4kZyTE4,,,Twitter
Dallas6,32.8740567,-96.771404,9100 N Central Expressway Suite 105,75231,Sat Oct 22 19:59:07 +0000 2016,RT @wfaachannel8: AT&amp;T agrees to buy Time Warner https://t.co/ovK4kZyTE4,,,Twitter
Dallas6,32.8740567,-96.771404,9100 N Central Expressway Suite 105,75231,Sat Oct 22 19:59:06 +0000 2016,AT&amp;T Reaches Blockbuster Deal to Buy Time Warner  https://t.co/pdNiSpXF7Z,,,Twitter
Dallas6,32.8740567,-96.771404,9100 N Central Expressway Suite 105,75231,Sat Oct 22 19:58:49 +0000 2016,"RT @dallasnews: Updated: Report says AT&amp;T, Time Warner boards meeting today to approve $80 billion deal https://t.co/ESCmoMhXLr | @krobijak…",,,Twitter
Dallas6,32.8740567,-96.771404,9100 N Central Expressway Suite 105,75231,Sat Oct 22 19:58:42 +0000 2016,RT @wfaachannel8: AT&amp;T agrees to buy Time Warner https://t.co/ovK4kZyTE4,,,Twitter
Dallas6,32.8740567,-96.771404,9100 N Central Expressway Suite 105,75231,Sat Oct 22 19:58:16 +0000 2016,RT @wfaachannel8: AT&amp;T agrees to buy Time Warner https://t.co/ovK4kZyTE4,,,Twitter
Dallas6,32.8740567,-96.771404,9100 N Central Expressway Suite 105,75231,Sat Oct 22 19:57:46 +0000 2016,AT&amp;T agrees to buy Time Warner https://t.co/R91iNRj1QW,,,Twitter
Dallas6,32.8740567,-96.771404,9100 N Central Expressway Suite 105,75231,Sat Oct 22 19:57:45 +0000 2016,AT&amp;T agrees to buy Time Warner https://t.co/ovK4kZyTE4,,,Twitter
Dallas6,32.8740567,-96.771404,9100 N Central Expressway Suite 105,75231,Sat Oct 22 19:56:32 +0000 2016,"https://t.co/15Vzs83eHM
 Via #CNNMoneyStream",,,Twitter
Dallas6,32.8740567,-96.771404,9100 N Central Expressway Suite 105,75231,Sat Oct 22 19:56:31 +0000 2016,"Updated: Report says AT&amp;T, Time Warner boards meeting today to approve $80 billion deal https://t.co/ESCmoMhXLr |… https://t.co/1cdH1trwCc",,,Twitter
Dallas6,32.8740567,-96.771404,9100 N Central Expressway Suite 105,75231,Sat Oct 22 19:56:25 +0000 2016,No @Uverse already sucks. Where will I go when I finally get fed up? https://t.co/clWyY63dKJ,,,Twitter
Dallas6,32.8740567,-96.771404,9100 N Central Expressway Suite 105,75231,Sat Oct 22 19:51:51 +0000 2016,"RT @theblaze: Report: AT&amp;T wants to buy Time Warner in $80 billion mega-deal
https://t.co/QEDAC95J1T https://t.co/ChTnEiekcu",,,Twitter
Dallas6,32.8740567,-96.771404,9100 N Central Expressway Suite 105,75231,Sat Oct 22 19:51:48 +0000 2016,AT https://t.co/hlEAt5NARk,,,Twitter
Dallas6,32.8740567,-96.771404,9100 N Central Expressway Suite 105,75231,Sat Oct 22 19:49:35 +0000 2016,"RT @theblaze: Report: AT&amp;T wants to buy Time Warner in $80 billion mega-deal
https://t.co/QEDAC95J1T https://t.co/ChTnEiekcu",,,Twitter
Dallas6,32.8740567,-96.771404,9100 N Central Expressway Suite 105,75231,Sat Oct 22 19:49:13 +0000 2016,RT @ATT: Welcome to the team! @taylorswift13 https://t.co/4h86nLYuLo https://t.co/gAHOi7fPrZ,,,Twitter
Dallas6,32.8740567,-96.771404,9100 N Central Expressway Suite 105,75231,Sat Oct 22 19:48:51 +0000 2016,"RT @theblaze: Report: AT&amp;T wants to buy Time Warner in $80 billion mega-deal
https://t.co/QEDAC95J1T https://t.co/ChTnEiekcu",,,Twitter
Dallas6,32.8740567,-96.771404,9100 N Central Expressway Suite 105,75231,Sat Oct 22 19:48:39 +0000 2016,"RT @theblaze: Report: AT&amp;T wants to buy Time Warner in $80 billion mega-deal
https://t.co/QEDAC95J1T https://t.co/ChTnEiekcu",,,Twitter
Dallas6,32.8740567,-96.771404,9100 N Central Expressway Suite 105,75231,Sat Oct 22 19:47:35 +0000 2016,RT @dallasnews: Report: AT&amp;T-Time Warner merger getting closer as boards meet today to approve $80 billion deal https://t.co/E6Ev3HDFfu htt…,,,Twitter
Dallas6,32.8740567,-96.771404,9100 N Central Expressway Suite 105,75231,Sat Oct 22 19:43:43 +0000 2016,Donald Trump says he would block AT&amp;amp;T-Time Warner merger if elected https://t.co/kh0N8cocJx via @dallasnews,,,Twitter
Dallas6,32.8740567,-96.771404,9100 N Central Expressway Suite 105,75231,Sat Oct 22 19:42:37 +0000 2016,"RT @theblaze: Report: AT&amp;T wants to buy Time Warner in $80 billion mega-deal
https://t.co/QEDAC95J1T https://t.co/ChTnEiekcu",,,Twitter
Dallas6,32.8740567,-96.771404,9100 N Central Expressway Suite 105,75231,Sat Oct 22 19:42:32 +0000 2016,RT @dallasnews: Report: AT&amp;T-Time Warner merger getting closer as boards meet today to approve $80 billion deal https://t.co/E6Ev3HDFfu htt…,,,Twitter
Dallas6,32.8740567,-96.771404,9100 N Central Expressway Suite 105,75231,Sat Oct 22 19:42:22 +0000 2016,"AT&amp;T Preps ""Media Colossus"" with Time Warner at Customers' Expense - https://t.co/9ighRaF0Xx",,,Twitter
Dallas6,32.8740567,-96.771404,9100 N Central Expressway Suite 105,75231,Sat Oct 22 19:41:36 +0000 2016,Report: AT&amp;T-Time Warner merger getting closer as boards meet today to approve $80 billion deal… https://t.co/jhLow5p0ud,,,Twitter
Dallas6,32.8740567,-96.771404,9100 N Central Expressway Suite 105,75231,Sat Oct 22 19:41:28 +0000 2016,"RT @theblaze: Report: AT&amp;T wants to buy Time Warner in $80 billion mega-deal
https://t.co/QEDAC95J1T https://t.co/ChTnEiekcu",,,Twitter
Dallas6,32.8740567,-96.771404,9100 N Central Expressway Suite 105,75231,Sat Oct 22 19:41:11 +0000 2016,"RT @theblaze: Report: AT&amp;T wants to buy Time Warner in $80 billion mega-deal
https://t.co/QEDAC95J1T https://t.co/ChTnEiekcu",,,Twitter
Dallas6,32.8740567,-96.771404,9100 N Central Expressway Suite 105,75231,Sat Oct 22 19:40:34 +0000 2016,AT&amp;T Agrees to Buy Time Warner for More Than $80 Billion - https://t.co/0pzW2ZR24l https://t.co/rdbwVLsnwk,,,Twitter
Dallas6,32.8740567,-96.771404,9100 N Central Expressway Suite 105,75231,Sat Oct 22 19:40:24 +0000 2016,"RT @theblaze: Report: AT&amp;T wants to buy Time Warner in $80 billion mega-deal
https://t.co/QEDAC95J1T https://t.co/ChTnEiekcu",,,Twitter
Dallas6,32.8740567,-96.771404,9100 N Central Expressway Suite 105,75231,Sat Oct 22 19:40:19 +0000 2016,"RT @theblaze: Report: AT&amp;T wants to buy Time Warner in $80 billion mega-deal
https://t.co/QEDAC95J1T https://t.co/ChTnEiekcu",,,Twitter
Dallas6,32.8740567,-96.771404,9100 N Central Expressway Suite 105,75231,Sat Oct 22 19:40:19 +0000 2016,"RT @dallasnews: Updated: Report says AT&amp;T, Time Warner boards meeting today to approve $80 billion deal https://t.co/ESCmoMhXLr | @krobijak…",,,Twitter
Dallas6,32.8740567,-96.771404,9100 N Central Expressway Suite 105,75231,Sat Oct 22 19:40:03 +0000 2016,"Report: AT&amp;T wants to buy Time Warner in $80 billion mega-deal
https://t.co/QEDAC95J1T https://t.co/ChTnEiekcu",,,Twitter
Dallas6,32.8740567,-96.771404,9100 N Central Expressway Suite 105,75231,Sat Oct 22 19:38:02 +0000 2016,RT @ATT: Welcome to the team! @taylorswift13 https://t.co/4h86nLYuLo https://t.co/gAHOi7fPrZ,,,Twitter
Dallas6,32.8740567,-96.771404,9100 N Central Expressway Suite 105,75231,Sat Oct 22 19:37:57 +0000 2016,"RT @dallasnews: Updated: Report says AT&amp;T, Time Warner boards meeting today to approve $80 billion deal https://t.co/ESCmoMhXLr | @krobijak…",,,Twitter
Dallas6,32.8740567,-96.771404,9100 N Central Expressway Suite 105,75231,Sat Oct 22 19:37:14 +0000 2016,"RT @dallasnews: Updated: Report says AT&amp;T, Time Warner boards meeting today to approve $80 billion deal https://t.co/ESCmoMhXLr | @krobijak…",,,Twitter
Dallas6,32.8740567,-96.771404,9100 N Central Expressway Suite 105,75231,Sat Oct 22 19:36:49 +0000 2016,"Updated: Report says AT&amp;T, Time Warner boards meeting today to approve $80 billion deal https://t.co/ESCmoMhXLr |… https://t.co/nqT5Ml7Dcu",,,Twitter
Dallas6,32.8740567,-96.771404,9100 N Central Expressway Suite 105,75231,Sat Oct 22 19:36:23 +0000 2016,When your blankity-blank cable goes out right before kickoff #TAMUvsBAMA #GigEm @ATT,,,Twitter
Dallas6,32.8740567,-96.771404,9100 N Central Expressway Suite 105,75231,Sat Oct 22 19:31:50 +0000 2016,Why AT&amp;T Buying Time Warner Makes Sense via @forbes https://t.co/QaDOWw1pG8,,,Twitter
Dallas6,32.8740567,-96.771404,9100 N Central Expressway Suite 105,75231,Sat Oct 22 19:31:42 +0000 2016,"AT&amp;T-Time Warner mega-deal is near
https://t.co/pmCuy8Xyno",,,Twitter
Dallas6,32.8740567,-96.771404,9100 N Central Expressway Suite 105,75231,Sat Oct 22 19:30:41 +0000 2016,RT @ATT: Welcome to the team! @taylorswift13 https://t.co/4h86nLYuLo https://t.co/gAHOi7fPrZ,,,Twitter
Dallas6,32.8740567,-96.771404,9100 N Central Expressway Suite 105,75231,Sat Oct 22 19:29:01 +0000 2016,Wowzers!  #ATT #TimeWarner https://t.co/e2zyh95MpW,,,Twitter
Dallas6,32.8740567,-96.771404,9100 N Central Expressway Suite 105,75231,Sat Oct 22 19:26:41 +0000 2016,RT @ATT: Welcome to the team! @taylorswift13 https://t.co/4h86nLYuLo https://t.co/gAHOi7fPrZ,,,Twitter
Dallas6,32.8740567,-96.771404,9100 N Central Expressway Suite 105,75231,Sat Oct 22 19:24:22 +0000 2016,Lots of questions arise as @WSJ reports that @ATT has agreed to buy Time Warner for upwards of $80 BILLION. Service costs? Jobs?,,,Twitter
Dallas6,32.8740567,-96.771404,9100 N Central Expressway Suite 105,75231,Sat Oct 22 19:22:19 +0000 2016,Donald Trump says he would block AT&amp;T-Time Warner merger if elected https://t.co/FcDwhEONfu via @dallasnews,,,Twitter
Dallas6,32.8740567,-96.771404,9100 N Central Expressway Suite 105,75231,Sat Oct 22 19:20:47 +0000 2016,AT&amp;T agrees to buy Time Warner for more than $80B https://t.co/h1MeuXw2BC,,,Twitter
Dallas6,32.8740567,-96.771404,9100 N Central Expressway Suite 105,75231,Sat Oct 22 19:19:57 +0000 2016,Having a bad customer service day. Sadly I'm not surprised at @ATT but totally shocked at my @Apple experience especially live in a store.,,,Twitter
Dallas6,32.8740567,-96.771404,9100 N Central Expressway Suite 105,75231,Sat Oct 22 19:19:27 +0000 2016,"WSJ: AT&amp;T agrees to acquire Time Warner for &gt;$80 billion, deal to be announced shortly https://t.co/8n4VTOFUmU… https://t.co/kaWAI3Y9pJ",,,Twitter
Dallas6,32.8740567,-96.771404,9100 N Central Expressway Suite 105,75231,Sat Oct 22 19:19:02 +0000 2016,Why AT&amp;T's pursuit of Time Warner makes sense: It takes an elephant to eat an elephant https://t.co/dYiu3fo9m1 via @dallasnews,,,Twitter
Dallas6,32.8740567,-96.771404,9100 N Central Expressway Suite 105,75231,Sat Oct 22 19:14:39 +0000 2016,Smmfh we need the real government to break these companies up!! https://t.co/h5CCPljMlE,,,Twitter
Dallas6,32.8740567,-96.771404,9100 N Central Expressway Suite 105,75231,Sat Oct 22 19:13:37 +0000 2016,RT @ATT: Welcome to the team! @taylorswift13 https://t.co/4h86nLYuLo https://t.co/gAHOi7fPrZ,,,Twitter
Dallas6,32.8740567,-96.771404,9100 N Central Expressway Suite 105,75231,Sat Oct 22 19:13:37 +0000 2016,RT @wfaachannel8: AT&amp;T agrees to buy Time Warner for more than $80B https://t.co/9LtV0RAUgV https://t.co/zqmbwnbOeo,,,Twitter
Dallas6,32.8740567,-96.771404,9100 N Central Expressway Suite 105,75231,Sat Oct 22 19:08:25 +0000 2016,RT @wfaachannel8: AT&amp;T agrees to buy Time Warner for more than $80B https://t.co/9LtV0RAUgV https://t.co/zqmbwnbOeo,,,Twitter
Dallas6,32.8740567,-96.771404,9100 N Central Expressway Suite 105,75231,Sat Oct 22 19:07:29 +0000 2016,Sources: AT&amp;T-Time Warner mega-deal is near https://t.co/uKDPTI8v6j,,,Twitter
Dallas6,32.8740567,-96.771404,9100 N Central Expressway Suite 105,75231,Sat Oct 22 19:05:56 +0000 2016,"RT @ATT: Watch the @GreenDay @iHeartRadio Album Release Party Tonight, 9pm ET/PT on AUDIENCE. DIRECTV ch 239/U-verse ch 1114. https://t.co/…",,,Twitter
Dallas6,32.8740567,-96.771404,9100 N Central Expressway Suite 105,75231,Sat Oct 22 19:04:21 +0000 2016,Will AT&amp;T buy Time Warner create new media giant? https://t.co/nL9A8YgvPv,,,Twitter
Dallas6,32.8740567,-96.771404,9100 N Central Expressway Suite 105,75231,Sat Oct 22 19:04:21 +0000 2016,"AT&amp;T could buy Time Warner, creating new media giant https://t.co/y45vV7DkMM",,,Twitter
Dallas6,32.8740567,-96.771404,9100 N Central Expressway Suite 105,75231,Sat Oct 22 19:04:17 +0000 2016,RT @wfaachannel8: AT&amp;T agrees to buy Time Warner for more than $80B https://t.co/9LtV0RAUgV https://t.co/zqmbwnbOeo,,,Twitter
Dallas6,32.8740567,-96.771404,9100 N Central Expressway Suite 105,75231,Sat Oct 22 19:03:53 +0000 2016,Not sure about this one. https://t.co/pGPourra26,,,Twitter
Dallas6,32.8740567,-96.771404,9100 N Central Expressway Suite 105,75231,Sat Oct 22 19:03:05 +0000 2016,AT&amp;T agrees to buy Time Warner for more than $80B https://t.co/9LtV0RAUgV https://t.co/zqmbwnbOeo,,,Twitter
Dallas6,32.8740567,-96.771404,9100 N Central Expressway Suite 105,75231,Sat Oct 22 19:00:04 +0000 2016,"RT @Anna_lyzes: DC Comics included.

AT&amp;T to buy HBO, CNN, and the rest of Time Warner for more than $80 billion  https://t.co/k1p1TcVNZy",,,Twitter
Dallas6,32.8740567,-96.771404,9100 N Central Expressway Suite 105,75231,Sat Oct 22 18:58:33 +0000 2016,@ClayTravis Because that DirecTV deal is working out so well for them,,,Twitter
Dallas6,32.8740567,-96.771404,9100 N Central Expressway Suite 105,75231,Sat Oct 22 18:58:14 +0000 2016,Donald Trump says he would block AT&amp;T-Time Warner merger if elected https://t.co/ZR1ARxw80c #DFW #Tech,,,Twitter
Dallas6,32.8740567,-96.771404,9100 N Central Expressway Suite 105,75231,Sat Oct 22 18:58:13 +0000 2016,Donald Trump says he would block AT&amp;T-Time Warner merger if elected https://t.co/crX4HRdZmZ #DFW #realestate,,,Twitter
Dallas6,32.8740567,-96.771404,9100 N Central Expressway Suite 105,75231,Sat Oct 22 18:51:17 +0000 2016,RT @ATT: Welcome to the team! @taylorswift13 https://t.co/4h86nLYuLo https://t.co/gAHOi7fPrZ,,,Twitter
Dallas6,32.8740567,-96.771404,9100 N Central Expressway Suite 105,75231,Sat Oct 22 18:48:03 +0000 2016,"RT @ATT: Some people may wait a lifetime, but you don't have to. On 11/2-3, AT&amp;T customers can buy @kelly_clarkson tix early. https://t.co/…",,,Twitter
Dallas6,32.8740567,-96.771404,9100 N Central Expressway Suite 105,75231,Sat Oct 22 18:45:25 +0000 2016,First @DIRECTV and now Time Warner. @ATT is going all out in cable. https://t.co/Lbl5YbFVSf,,,Twitter
Dallas6,32.8740567,-96.771404,9100 N Central Expressway Suite 105,75231,Sat Oct 22 18:42:34 +0000 2016,@GameOfThrones 4 @ATT $T buys @DIRECTV &amp; @HBO 's #TimeWarner while @timarmstrongaol of @verizon buys @AOL &amp; @Yahoo… https://t.co/SaXbGlATXK,,,Twitter
Dallas6,32.8740567,-96.771404,9100 N Central Expressway Suite 105,75231,Sat Oct 22 18:40:53 +0000 2016,"DC Comics included.

AT&amp;T to buy HBO, CNN, and the rest of Time Warner for more than $80 billion  https://t.co/k1p1TcVNZy",,,Twitter
Dallas6,32.8740567,-96.771404,9100 N Central Expressway Suite 105,75231,Sat Oct 22 18:38:39 +0000 2016,"Report: AT&amp;T to buy Time Warner for more than $80 billion
https://t.co/GW76Pr2wlT",,,Twitter
Dallas6,32.8740567,-96.771404,9100 N Central Expressway Suite 105,75231,Sat Oct 22 18:31:55 +0000 2016,@ATT Reaches Deal to Buy @twxcorp for More Than $80 Billion https://t.co/vCwS3Ef4uf via @WSJ,,,Twitter
Dallas6,32.8740567,-96.771404,9100 N Central Expressway Suite 105,75231,Sat Oct 22 18:26:58 +0000 2016,RT @AddBrocke: Holy shit: AT&amp;T Agrees to Buy Time Warner for More Than $80 Billion https://t.co/Md0zH7rAgG https://t.co/ECknFqcMtY,,,Twitter
Dallas6,32.8740567,-96.771404,9100 N Central Expressway Suite 105,75231,Sat Oct 22 18:26:16 +0000 2016,Wonder if they'll start doing something similar to the ATT+DTV promotion with TWC https://t.co/7ziGCoP5me,,,Twitter
Dallas6,32.8740567,-96.771404,9100 N Central Expressway Suite 105,75231,Sat Oct 22 18:22:08 +0000 2016,"RT @ATT: Hey, Bears! @ATT + @TOMS are coming to game day this week to share their story &amp; #CelebrateGood with fans. Stop by! https://t.co/M…",,,Twitter
Dallas6,32.8740567,-96.771404,9100 N Central Expressway Suite 105,75231,Sat Oct 22 18:21:28 +0000 2016,Holy shit: AT&amp;T Agrees to Buy Time Warner for More Than $80 Billion https://t.co/Md0zH7rAgG https://t.co/ECknFqcMtY,,,Twitter
Dallas6,32.8740567,-96.771404,9100 N Central Expressway Suite 105,75231,Sat Oct 22 18:21:14 +0000 2016,Why AT&amp;T's pursuit of Time Warner makes sense: ‘It takes an elephant to eat an elephant’ https://t.co/fdu6t8JekW |… https://t.co/eblF478tOz,,,Twitter
Dallas6,32.8740567,-96.771404,9100 N Central Expressway Suite 105,75231,Sat Oct 22 18:21:09 +0000 2016,"""AT&amp;T Agrees to Buy Time Warner for More Than $80 Billion"" by MICHAEL J. de la MERCED via NYT The New York Times https://t.co/wom6uHr0FY",,,Twitter
Dallas6,32.8740567,-96.771404,9100 N Central Expressway Suite 105,75231,Sat Oct 22 18:20:37 +0000 2016,Watch the CEO of AT&amp;T - and new owner of Time Warner - explain why Black Lives Matter: An extraordinary… https://t.co/5ZvdSTVUIR | @Recode,,,Twitter
Dallas6,32.8740567,-96.771404,9100 N Central Expressway Suite 105,75231,Sat Oct 22 18:19:06 +0000 2016,"RT @ATT: Some people may wait a lifetime, but you don't have to. On 11/2-3, AT&amp;T customers can buy @kelly_clarkson tix early. https://t.co/…",,,Twitter
Dallas6,32.8740567,-96.771404,9100 N Central Expressway Suite 105,75231,Sat Oct 22 18:18:11 +0000 2016,WSJ: AT&amp;T Reaches Deal To Purchase Time Warner For $80 Billion https://t.co/uMRJOUduRM #DFW,,,Twitter
Dallas6,32.8740567,-96.771404,9100 N Central Expressway Suite 105,75231,Sat Oct 22 18:17:50 +0000 2016,RT @ATT: Welcome to the team! @taylorswift13 https://t.co/4h86nLYuLo https://t.co/gAHOi7fPrZ,,,Twitter
Dallas6,32.8740567,-96.771404,9100 N Central Expressway Suite 105,75231,Sat Oct 22 18:11:07 +0000 2016,New report: #ATT has $85 billion deal in 'principle' to buy Time Warner https://t.co/XXn7zJ72c1 #DFW,,,Twitter
Dallas6,32.8740567,-96.771404,9100 N Central Expressway Suite 105,75231,Sat Oct 22 18:09:13 +0000 2016,RT @ATT: Who made you a college 🏈 fan? Share with #MadeMeAFanContest for a chance to win. Rules https://t.co/hU3I3wFn5V https://t.co/xZbxUJ…,,,Twitter
Dallas6,32.8740567,-96.771404,9100 N Central Expressway Suite 105,75231,Sat Oct 22 18:04:12 +0000 2016,@caroljsroth so what are your thoughts on the @ATT @TWC deal?,,,Twitter
Dallas6,32.8740567,-96.771404,9100 N Central Expressway Suite 105,75231,Sat Oct 22 18:04:07 +0000 2016,#dallas New report: AT&amp;T has $85 billion deal in 'principle' to buy Time Warner https://t.co/30nUNhrxWv,,,Twitter
Dallas6,32.8740567,-96.771404,9100 N Central Expressway Suite 105,75231,Sat Oct 22 18:02:11 +0000 2016,"AT&amp;T to buy HBO, CNN, and the rest of Time Warner for more than $80 billion https://t.co/gUOIBEjnbj @scottia https://t.co/X8W3mGDKR1",,,Twitter
Dallas6,32.8740567,-96.771404,9100 N Central Expressway Suite 105,75231,Sat Oct 22 18:01:18 +0000 2016,RT @ATT: Welcome to the team! @taylorswift13 https://t.co/4h86nLYuLo https://t.co/gAHOi7fPrZ,,,Twitter
Dallas6,32.8740567,-96.771404,9100 N Central Expressway Suite 105,75231,Sat Oct 22 17:55:30 +0000 2016,ATT just bought Time Warner for $80B.. sweet baby Jesus,,,Twitter
