Store,Latitude,Longitude,Address,Zip,CreatedAt,Text,Senti,Rating,Source
Dallas7,32.8957338,-96.8079243,5959 Royal Lane,75230,Tue Oct 25 12:28:29 +0000 2016,"No, AT&amp;T-Time Warner tie-up won't ax your 'Game of Thrones'     - CNET: A megamerger joining the telecom gian... https://t.co/gsd7Y4RCEF",,,Twitter
Dallas7,32.8957338,-96.8079243,5959 Royal Lane,75230,Tue Oct 25 12:25:53 +0000 2016,RT @dallasnews: .@ATT CEO Randall Stephenson confident @twxcorp merger will get past regulators https://t.co/2Re2eGzanm #atttimewarner | @M…,,,Twitter
Dallas7,32.8957338,-96.8079243,5959 Royal Lane,75230,Tue Oct 25 12:24:47 +0000 2016,RT @dallasnews: How have Texas lawmakers reacted to @ATT's megamerger? Mostly with silence | https://t.co/kyNP8BfpgC @tombenning https://t.…,,,Twitter
Dallas7,32.8957338,-96.8079243,5959 Royal Lane,75230,Tue Oct 25 12:24:25 +0000 2016,RT @dallasnews: How have Texas lawmakers reacted to @ATT's megamerger? Mostly with silence | https://t.co/kyNP8BfpgC @tombenning https://t.…,,,Twitter
Dallas7,32.8957338,-96.8079243,5959 Royal Lane,75230,Tue Oct 25 12:22:42 +0000 2016,RT @dallasnews: How have Texas lawmakers reacted to @ATT's megamerger? Mostly with silence | https://t.co/kyNP8BfpgC @tombenning https://t.…,,,Twitter
Dallas7,32.8957338,-96.8079243,5959 Royal Lane,75230,Tue Oct 25 12:22:32 +0000 2016,RT @dallasnews: How have Texas lawmakers reacted to @ATT's megamerger? Mostly with silence | https://t.co/kyNP8BfpgC @tombenning https://t.…,,,Twitter
Dallas7,32.8957338,-96.8079243,5959 Royal Lane,75230,Tue Oct 25 12:22:06 +0000 2016,RT @ATTBusiness: Business-ready is one thing; cybersecurity readiness is another. Access info you need to help defend your data: https://t.…,,,Twitter
Dallas7,32.8957338,-96.8079243,5959 Royal Lane,75230,Tue Oct 25 12:21:49 +0000 2016,How have Texas lawmakers reacted to @ATT's megamerger? Mostly with silence | https://t.co/kyNP8BfpgC @tombenning https://t.co/Y6ujgjT3FM,,,Twitter
Dallas7,32.8957338,-96.8079243,5959 Royal Lane,75230,Tue Oct 25 12:14:45 +0000 2016,"RT @DMNBiz: .@CNN, .@HBO and more: A look at the brands .@ATT inherits in its Time Warner deal https://t.co/dhOhNjd68C | @paul_o_donnell ht…",,,Twitter
Dallas7,32.8957338,-96.8079243,5959 Royal Lane,75230,Tue Oct 25 12:11:26 +0000 2016,"RT @bodyrecruit: @TheNETwork_Natl 
AT&amp;T Hiring Sales Executive Field Sales #Des Peres, MO. Spread the word about the good #LifeAtATT. https…",,,Twitter
Dallas7,32.8957338,-96.8079243,5959 Royal Lane,75230,Tue Oct 25 12:05:51 +0000 2016,".@CNN, .@HBO and more: A look at the brands .@ATT inherits in its Time Warner deal https://t.co/dhOhNjd68C |… https://t.co/nkWx7Vwp2x",,,Twitter
Dallas7,32.8957338,-96.8079243,5959 Royal Lane,75230,Tue Oct 25 12:00:00 +0000 2016,See how to change your status in AT&amp;T Business Messenger for iPhone at https://t.co/0f5VB7upGe,,,Twitter
Dallas7,32.8957338,-96.8079243,5959 Royal Lane,75230,Tue Oct 25 11:35:49 +0000 2016,RT @ATT: Welcome to the team! @taylorswift13 https://t.co/4h86nLYuLo https://t.co/gAHOi7fPrZ,,,Twitter
Dallas7,32.8957338,-96.8079243,5959 Royal Lane,75230,Tue Oct 25 11:23:36 +0000 2016,"Early voting records, rising health care costs, AT&amp;T merger updates: Your Tuesday morning news roundup:  https://t.co/3pq27kmR8t",,,Twitter
Dallas7,32.8957338,-96.8079243,5959 Royal Lane,75230,Tue Oct 25 11:12:59 +0000 2016,"RT @dallasnews: #EarlyVoting records, rising health care costs, AT&amp;T merger updates: Your Tuesday morning news roundup | https://t.co/qEnxI…",,,Twitter
Dallas7,32.8957338,-96.8079243,5959 Royal Lane,75230,Tue Oct 25 11:08:25 +0000 2016,"Don't expect a change in viewpoint for @CNN, @ATT chief says https://t.co/oYaURY2xEH | @agarre https://t.co/TWUkvBhIvM",,,Twitter
Dallas7,32.8957338,-96.8079243,5959 Royal Lane,75230,Tue Oct 25 11:07:38 +0000 2016,"Early voting records, rising #healthcare costs, #ATT merger updates: Your Tuesday morning #news… https://t.co/VB5Nw3sGwF #DFW #realestate",,,Twitter
Dallas7,32.8957338,-96.8079243,5959 Royal Lane,75230,Tue Oct 25 11:01:53 +0000 2016,"RT @dallasnews: #EarlyVoting records, rising health care costs, AT&amp;T merger updates: Your Tuesday morning news roundup | https://t.co/qEnxI…",,,Twitter
Dallas7,32.8957338,-96.8079243,5959 Royal Lane,75230,Tue Oct 25 11:01:15 +0000 2016,"#EarlyVoting records, rising health care costs, AT&amp;T merger updates: Your Tuesday morning news roundup |… https://t.co/sC7d5rKUbh",,,Twitter
Dallas7,32.8957338,-96.8079243,5959 Royal Lane,75230,Tue Oct 25 10:48:21 +0000 2016,.@nytimes Major #entertainment companies margins are eroding - struggling to find new ways to reach customers. https://t.co/E5GMMLIvpA,,,Twitter
Dallas7,32.8957338,-96.8079243,5959 Royal Lane,75230,Tue Oct 25 10:29:50 +0000 2016,RT @attJOBS: Our new #SanFrancisco flagship store is restored and ready for the future with our latest technology. Take a look: https://t.c…,,,Twitter
Dallas7,32.8957338,-96.8079243,5959 Royal Lane,75230,Tue Oct 25 10:28:08 +0000 2016,RT @attJOBS: You don't have to go back to school to continue learning. Try these tips to learn something new: https://t.co/N1AjraH8jR #Moti…,,,Twitter
Dallas7,32.8957338,-96.8079243,5959 Royal Lane,75230,Tue Oct 25 10:23:13 +0000 2016,RT @ATT: The #futureofvideo is mobile and the #futureofmobile is video. Time Warner + AT&amp;T make it happen! @twxcorp https://t.co/GKx4U9TQYg,,,Twitter
Dallas7,32.8957338,-96.8079243,5959 Royal Lane,75230,Tue Oct 25 10:21:14 +0000 2016,"""Morning Agenda: A New Media Order, Crisis Echos, MetLife Disputes Its Status"" by AMIE TSANG via NYT The New York … https://t.co/vsPz9VuVcJ",,,Twitter
Dallas7,32.8957338,-96.8079243,5959 Royal Lane,75230,Tue Oct 25 10:17:10 +0000 2016,"RT @dmn_cowboys: No playoff games at AT&amp;T Stadium the first 3 rounds, but The Star may host postseason games the first 5 rounds  https://t.…",,,Twitter
Dallas7,32.8957338,-96.8079243,5959 Royal Lane,75230,Tue Oct 25 10:14:17 +0000 2016,"RT @bodyrecruit: @WomenOfATT_ERG 
AT&amp;T Hiring Sales Executive Field Sales #Des Peres, MO. Spread the word about the good #LifeAtATT. https:…",,,Twitter
Dallas7,32.8957338,-96.8079243,5959 Royal Lane,75230,Tue Oct 25 10:10:39 +0000 2016,RT @RickTweetTweet: AT&amp;T Employees Break Records for Stop Hunger Now #ATTimpact https://t.co/f7k0rq100P #attemployee https://t.co/pUbfsZkOYe,,,Twitter
Dallas7,32.8957338,-96.8079243,5959 Royal Lane,75230,Tue Oct 25 09:47:21 +0000 2016,RT @ATTBusiness: #IoT makes reaching into this vending machine like reaching into a garden. Check it out: https://t.co/1Dk54D1pvz #National…,,,Twitter
Dallas7,32.8957338,-96.8079243,5959 Royal Lane,75230,Tue Oct 25 09:29:32 +0000 2016,RT @ATT: Welcome to the team! @taylorswift13 https://t.co/4h86nLYuLo https://t.co/gAHOi7fPrZ,,,Twitter
Dallas7,32.8957338,-96.8079243,5959 Royal Lane,75230,Tue Oct 25 08:57:40 +0000 2016,RT @ATT: Welcome to the team! @taylorswift13 https://t.co/4h86nLYuLo https://t.co/gAHOi7fPrZ,,,Twitter
Dallas7,32.8957338,-96.8079243,5959 Royal Lane,75230,Tue Oct 25 08:54:06 +0000 2016,RT @ATT: Welcome to the team! @taylorswift13 https://t.co/4h86nLYuLo https://t.co/gAHOi7fPrZ,,,Twitter
Dallas7,32.8957338,-96.8079243,5959 Royal Lane,75230,Tue Oct 25 08:53:21 +0000 2016,RT @ATT: Welcome to the team! @taylorswift13 https://t.co/4h86nLYuLo https://t.co/gAHOi7fPrZ,,,Twitter
Dallas7,32.8957338,-96.8079243,5959 Royal Lane,75230,Tue Oct 25 08:50:16 +0000 2016,RT @ATT: Welcome to the team! @taylorswift13 https://t.co/4h86nLYuLo https://t.co/gAHOi7fPrZ,,,Twitter
Dallas7,32.8957338,-96.8079243,5959 Royal Lane,75230,Tue Oct 25 08:41:45 +0000 2016,"@Ask_Spectrum good, because I hate ATT Cable and Internet.
I'm happy you bought TWC and now you can make it better!",,,Twitter
Dallas7,32.8957338,-96.8079243,5959 Royal Lane,75230,Tue Oct 25 07:43:13 +0000 2016,#Netflix CEO reacts to AT&amp;T and #Time_Warner deal https://t.co/3fPhhXnu4K @scottia https://t.co/3yFDElgwcl,,,Twitter
Dallas7,32.8957338,-96.8079243,5959 Royal Lane,75230,Tue Oct 25 07:31:33 +0000 2016,Look at this goddamn chart - The Verge https://t.co/63CmwDA7SN,,,Twitter
Dallas7,32.8957338,-96.8079243,5959 Royal Lane,75230,Tue Oct 25 07:20:42 +0000 2016,RT @ATT: Get a sweet deal on the new iPhone 7 when you switch to AT&amp;T and have DIRECTV. https://t.co/TQVeUkmeZ6 https://t.co/zfZmNpe8AP,,,Twitter
Dallas7,32.8957338,-96.8079243,5959 Royal Lane,75230,Tue Oct 25 07:11:49 +0000 2016,RT @ATT: Get a sweet deal on the new iPhone 7 when you switch to AT&amp;T and have DIRECTV. https://t.co/TQVeUkmeZ6 https://t.co/zfZmNpe8AP,,,Twitter
Dallas7,32.8957338,-96.8079243,5959 Royal Lane,75230,Tue Oct 25 07:11:29 +0000 2016,RT @ATT: Another reason to smile for the camera. The #LGV20 from @LGUSAMobile will be available in stores starting today. https://t.co/TILu…,,,Twitter
Dallas7,32.8957338,-96.8079243,5959 Royal Lane,75230,Tue Oct 25 06:48:32 +0000 2016,"RT @dmn_cowboys: No playoff games at AT&amp;T Stadium the first 3 rounds, but The Star may host postseason games the first 5 rounds  https://t.…",,,Twitter
Dallas7,32.8957338,-96.8079243,5959 Royal Lane,75230,Tue Oct 25 06:48:11 +0000 2016,RT @ATT: Welcome to the team! @taylorswift13 https://t.co/4h86nLYuLo https://t.co/gAHOi7fPrZ,,,Twitter
Dallas7,32.8957338,-96.8079243,5959 Royal Lane,75230,Tue Oct 25 06:25:47 +0000 2016,RT @ATT: Welcome to the team! @taylorswift13 https://t.co/4h86nLYuLo https://t.co/gAHOi7fPrZ,,,Twitter
Dallas7,32.8957338,-96.8079243,5959 Royal Lane,75230,Tue Oct 25 06:20:06 +0000 2016,RT @ATT: Welcome to the team! @taylorswift13 https://t.co/4h86nLYuLo https://t.co/gAHOi7fPrZ,,,Twitter
Dallas7,32.8957338,-96.8079243,5959 Royal Lane,75230,Tue Oct 25 06:16:28 +0000 2016,RT @ATT: Welcome to the team! @taylorswift13 https://t.co/4h86nLYuLo https://t.co/gAHOi7fPrZ,,,Twitter
Dallas7,32.8957338,-96.8079243,5959 Royal Lane,75230,Tue Oct 25 06:12:12 +0000 2016,RT @ATT: Welcome to the team! @taylorswift13 https://t.co/4h86nLYuLo https://t.co/gAHOi7fPrZ,,,Twitter
Dallas7,32.8957338,-96.8079243,5959 Royal Lane,75230,Tue Oct 25 06:10:15 +0000 2016,Netflix’s Reed Hastings believes AT&amp;T Time Warner merger could be good for consumers https://t.co/oM6Y3qrqKZ https://t.co/Cm0q7RXBuI,,,Twitter
Dallas7,32.8957338,-96.8079243,5959 Royal Lane,75230,Tue Oct 25 06:06:28 +0000 2016,RT @scottia: #Netflix’s #Reed_Hastings believes AT&amp;T #Time_Warner merger could be good for consumers https://t.co/ab8puDlgi1 @scottia https…,,,Twitter
Dallas7,32.8957338,-96.8079243,5959 Royal Lane,75230,Tue Oct 25 05:59:23 +0000 2016,Swift Opposition to Resurrection of AT&amp;T Giant - The New York Times https://t.co/icO0gx1a4e,,,Twitter
Dallas7,32.8957338,-96.8079243,5959 Royal Lane,75230,Tue Oct 25 05:59:07 +0000 2016,#Netflix’s #Reed_Hastings believes AT&amp;T #Time_Warner merger could be good for consumers https://t.co/ab8puDlgi1… https://t.co/NTOLPzYjCe,,,Twitter
Dallas7,32.8957338,-96.8079243,5959 Royal Lane,75230,Tue Oct 25 05:40:48 +0000 2016,RT @ATT: Welcome to the team! @taylorswift13 https://t.co/4h86nLYuLo https://t.co/gAHOi7fPrZ,,,Twitter
Dallas7,32.8957338,-96.8079243,5959 Royal Lane,75230,Tue Oct 25 05:39:26 +0000 2016,Netflix’s Reed Hastings believes AT&amp;T Time Warner merger could be good for consumers https://t.co/vvUXTN4VJl,,,Twitter
Dallas7,32.8957338,-96.8079243,5959 Royal Lane,75230,Tue Oct 25 05:16:10 +0000 2016,"RT @ATT: We’ve invented something so simple, you never saw it coming. https://t.co/BGiXAhWIcU https://t.co/mtFsW0A3Dd",,,Twitter
Dallas7,32.8957338,-96.8079243,5959 Royal Lane,75230,Tue Oct 25 05:13:03 +0000 2016,Why does my wifi not work @ATT,,,Twitter
Dallas7,32.8957338,-96.8079243,5959 Royal Lane,75230,Tue Oct 25 05:11:53 +0000 2016,"RT @ATT: @JenSwirsky Thanks for the shout out, Jen! We will make sure to share the #ATTLove ❤️ https://t.co/uUV9AnWu93",,,Twitter
Dallas7,32.8957338,-96.8079243,5959 Royal Lane,75230,Tue Oct 25 05:09:52 +0000 2016,RT @ATT: Welcome to the team! @taylorswift13 https://t.co/4h86nLYuLo https://t.co/gAHOi7fPrZ,,,Twitter
Dallas7,32.8957338,-96.8079243,5959 Royal Lane,75230,Tue Oct 25 04:54:33 +0000 2016,RT @ATT: Get a sweet deal on the new iPhone 7 when you switch to AT&amp;T and have DIRECTV. https://t.co/TQVeUkmeZ6 https://t.co/zfZmNpe8AP,,,Twitter
Dallas7,32.8957338,-96.8079243,5959 Royal Lane,75230,Tue Oct 25 04:46:18 +0000 2016,@ATT customer service may be the death of me tonight. I might actually die before they get my wifi to work on my computer 😑,,,Twitter
Dallas7,32.8957338,-96.8079243,5959 Royal Lane,75230,Tue Oct 25 04:45:31 +0000 2016,RT @ATTBusiness: Business-ready is one thing; cybersecurity readiness is another. Access info you need to help defend your data: https://t.…,,,Twitter
Dallas7,32.8957338,-96.8079243,5959 Royal Lane,75230,Tue Oct 25 04:12:10 +0000 2016,"No playoff games at AT&amp;T Stadium the first 3 rounds, but The Star may host postseason games the first 5 rounds  https://t.co/ZjUcRZLiqY",,,Twitter
Dallas7,32.8957338,-96.8079243,5959 Royal Lane,75230,Tue Oct 25 04:05:19 +0000 2016,RT @ATT: Welcome to the team! @taylorswift13 https://t.co/4h86nLYuLo https://t.co/gAHOi7fPrZ,,,Twitter
Dallas7,32.8957338,-96.8079243,5959 Royal Lane,75230,Tue Oct 25 04:04:42 +0000 2016,RT @ATT: Welcome to the team! @taylorswift13 https://t.co/4h86nLYuLo https://t.co/gAHOi7fPrZ,,,Twitter
Dallas7,32.8957338,-96.8079243,5959 Royal Lane,75230,Tue Oct 25 04:02:08 +0000 2016,RT @ATT: Welcome to the team! @taylorswift13 https://t.co/4h86nLYuLo https://t.co/gAHOi7fPrZ,,,Twitter
Dallas7,32.8957338,-96.8079243,5959 Royal Lane,75230,Tue Oct 25 03:46:30 +0000 2016,"@JenSwirsky Thanks for the shout out, Jen! We will make sure to share the #ATTLove ❤️ https://t.co/uUV9AnWu93",,,Twitter
Dallas7,32.8957338,-96.8079243,5959 Royal Lane,75230,Tue Oct 25 03:44:01 +0000 2016,"Check your DMs, Rick https://t.co/Y1gHGcEQVq",,,Twitter
Dallas7,32.8957338,-96.8079243,5959 Royal Lane,75230,Tue Oct 25 03:35:03 +0000 2016,RT @ATT: Welcome to the team! @taylorswift13 https://t.co/4h86nLYuLo https://t.co/gAHOi7fPrZ,,,Twitter
Dallas7,32.8957338,-96.8079243,5959 Royal Lane,75230,Tue Oct 25 03:22:03 +0000 2016,"@Cassiiidy____ Hi, could you please send us a DM with more details and your account info? Thank you.",,,Twitter
Dallas7,32.8957338,-96.8079243,5959 Royal Lane,75230,Tue Oct 25 03:19:49 +0000 2016,"RT @dallasnews: .@CNN, @HBO and more: A look at the brands @ATT inherits in its Time Warner deal https://t.co/nVGFN5muR4 | @paul_o_donnell…",,,Twitter
Dallas7,32.8957338,-96.8079243,5959 Royal Lane,75230,Tue Oct 25 03:12:36 +0000 2016,RT @ATT: Get a sweet deal on the new iPhone 7 when you switch to AT&amp;T and have DIRECTV. https://t.co/TQVeUkmeZ6 https://t.co/zfZmNpe8AP,,,Twitter
Dallas7,32.8957338,-96.8079243,5959 Royal Lane,75230,Tue Oct 25 03:09:57 +0000 2016,"RT @DMNBiz: Speak now: Why critics want the $108 billion marriage of AT&amp;T, Time Warner to fail https://t.co/KckQ3FG5S7 | @krobijake https:/…",,,Twitter
Dallas7,32.8957338,-96.8079243,5959 Royal Lane,75230,Tue Oct 25 03:09:52 +0000 2016,RT @ATT: Welcome to the team! @taylorswift13 https://t.co/4h86nLYuLo https://t.co/gAHOi7fPrZ,,,Twitter
Dallas7,32.8957338,-96.8079243,5959 Royal Lane,75230,Tue Oct 25 03:05:48 +0000 2016,RT @ATT: Another reason to smile for the camera. The #LGV20 from @LGUSAMobile will be available in stores starting today. https://t.co/TILu…,,,Twitter
Dallas7,32.8957338,-96.8079243,5959 Royal Lane,75230,Tue Oct 25 03:05:34 +0000 2016,"Speak now: Why critics want the $108 billion marriage of AT&amp;T, Time Warner to fail https://t.co/KckQ3FG5S7 |… https://t.co/uSrUuUORM1",,,Twitter
Dallas7,32.8957338,-96.8079243,5959 Royal Lane,75230,Tue Oct 25 02:57:49 +0000 2016,"AT&amp;T-TimeWarner, Comcast-NBCU, Disney-ESPN, 21st Century Fox, CBS all to affect the future. @SMUSportMgt #sportsbiz  https://t.co/Hxp1bs9v3o",,,Twitter
Dallas7,32.8957338,-96.8079243,5959 Royal Lane,75230,Tue Oct 25 02:57:18 +0000 2016,"@ATTCares my order hadn't been cancelled to begin with. Really frustrating, especially the number of times I've been hung up on -4-",,,Twitter
Dallas7,32.8957338,-96.8079243,5959 Royal Lane,75230,Tue Oct 25 02:56:31 +0000 2016,@ATTCares cancelled only to get a confirmation email from directtv letting me know my order was processed. Called them &amp; found out -3-,,,Twitter
Dallas7,32.8957338,-96.8079243,5959 Royal Lane,75230,Tue Oct 25 02:55:46 +0000 2016,@ATTCares I'm not able to have att/directtv. I've called numerous times and have gotten the run around. I was told earlier it was -2-,,,Twitter
Dallas7,32.8957338,-96.8079243,5959 Royal Lane,75230,Tue Oct 25 02:55:08 +0000 2016,@ATTCares I called earlier today to have directtv and internet installed by you guys at my new apartment. Found out after moving in that -1-,,,Twitter
Dallas7,32.8957338,-96.8079243,5959 Royal Lane,75230,Tue Oct 25 02:51:22 +0000 2016,@Brandonnnnn69 @Kid_Estrada90 it got bought out by att so higher prices,,,Twitter
Dallas7,32.8957338,-96.8079243,5959 Royal Lane,75230,Tue Oct 25 02:49:50 +0000 2016,RT @ATTBusiness: Maximize taste + minimize waste w/ #IoT! See how @ndustrialio preserves the nation’s food supply:  https://t.co/mKztl4Nw9n…,,,Twitter
Dallas7,32.8957338,-96.8079243,5959 Royal Lane,75230,Tue Oct 25 02:49:28 +0000 2016,RT @ATTBusiness: Maximize taste + minimize waste w/ #IoT! See how @ndustrialio preserves the nation’s food supply:  https://t.co/mKztl4Nw9n…,,,Twitter
Dallas7,32.8957338,-96.8079243,5959 Royal Lane,75230,Tue Oct 25 02:45:40 +0000 2016,"Dear @ATT: If I'm calling to cancel a service, I don't need to be transferred to a retention department.",,,Twitter
Dallas7,32.8957338,-96.8079243,5959 Royal Lane,75230,Tue Oct 25 02:42:33 +0000 2016,@AndyDTID @ATT that's messed up and they need to find a way to compensate you #badservice,,,Twitter
Dallas7,32.8957338,-96.8079243,5959 Royal Lane,75230,Tue Oct 25 02:37:40 +0000 2016,"No, Time Warner Cable isn't part of @ATT merger and here's why https://t.co/TZXzNjG2cF | @melissa_repko https://t.co/q4fqP9AQ1t",,,Twitter
Dallas7,32.8957338,-96.8079243,5959 Royal Lane,75230,Tue Oct 25 02:36:01 +0000 2016,"RT @dallasnews: .@CNN, @HBO and more: A look at the brands @ATT inherits in its Time Warner deal https://t.co/nVGFN5muR4 | @paul_o_donnell…",,,Twitter
Dallas7,32.8957338,-96.8079243,5959 Royal Lane,75230,Tue Oct 25 02:27:56 +0000 2016,RT @ATT: Get a sweet deal on the new iPhone 7 when you switch to AT&amp;T and have DIRECTV. https://t.co/TQVeUkmeZ6 https://t.co/zfZmNpe8AP,,,Twitter
Dallas7,32.8957338,-96.8079243,5959 Royal Lane,75230,Tue Oct 25 02:25:14 +0000 2016,@ATTCares finally got through all steps. Still not working g,,,Twitter
Dallas7,32.8957338,-96.8079243,5959 Royal Lane,75230,Tue Oct 25 02:24:56 +0000 2016,"@ATTCares trying but just keep getting a spinning wheel and ""preparing",,,Twitter
Dallas7,32.8957338,-96.8079243,5959 Royal Lane,75230,Tue Oct 25 02:21:30 +0000 2016,RT @ATT: Welcome to the team! @taylorswift13 https://t.co/4h86nLYuLo https://t.co/gAHOi7fPrZ,,,Twitter
Dallas7,32.8957338,-96.8079243,5959 Royal Lane,75230,Tue Oct 25 02:20:16 +0000 2016,RT @ATT: Welcome to the team! @taylorswift13 https://t.co/4h86nLYuLo https://t.co/gAHOi7fPrZ,,,Twitter
Dallas7,32.8957338,-96.8079243,5959 Royal Lane,75230,Tue Oct 25 02:19:01 +0000 2016,"RT @dallasnews: .@CNN, @HBO and more: A look at the brands @ATT inherits in its Time Warner deal https://t.co/nVGFN5muR4 | @paul_o_donnell…",,,Twitter
Dallas7,32.8957338,-96.8079243,5959 Royal Lane,75230,Tue Oct 25 02:18:04 +0000 2016,".@CNN, @HBO and more: A look at the brands @ATT inherits in its Time Warner deal https://t.co/nVGFN5muR4 |… https://t.co/5BByE6S7xA",,,Twitter
Dallas7,32.8957338,-96.8079243,5959 Royal Lane,75230,Tue Oct 25 02:12:28 +0000 2016,"@bestmvno i have a iphone6 which is compatible with @TotalWireless . If i switch now from att, will by device be locked to cdma or unlocked?",,,Twitter
Dallas7,32.8957338,-96.8079243,5959 Royal Lane,75230,Tue Oct 25 02:08:47 +0000 2016,RT @ATT: Welcome to the team! @taylorswift13 https://t.co/4h86nLYuLo https://t.co/gAHOi7fPrZ,,,Twitter
Dallas7,32.8957338,-96.8079243,5959 Royal Lane,75230,Tue Oct 25 02:06:40 +0000 2016,RT @ATT: The #futureofvideo is mobile and the #futureofmobile is video. Time Warner + AT&amp;T make it happen! @twxcorp https://t.co/GKx4U9TQYg,,,Twitter
Dallas7,32.8957338,-96.8079243,5959 Royal Lane,75230,Tue Oct 25 02:02:05 +0000 2016,"@ATTCares no, no error code. I've tried rebooting and plug/unplugging",,,Twitter
Dallas7,32.8957338,-96.8079243,5959 Royal Lane,75230,Tue Oct 25 02:00:38 +0000 2016,RT @attJOBS: See what #LifeAtATT is like for the women of AT&amp;T: https://t.co/9rguQ7QaFV https://t.co/xsQ0cX6Inq,,,Twitter
Dallas7,32.8957338,-96.8079243,5959 Royal Lane,75230,Tue Oct 25 02:00:09 +0000 2016,"""AT&amp;T-Time Warner Deal Is a Strike in the Dark"" by FARHAD MANJOO via NYT https://t.co/ly9goIeTJh https://t.co/2NK6xWPSFd",,,Twitter
Dallas7,32.8957338,-96.8079243,5959 Royal Lane,75230,Tue Oct 25 02:00:01 +0000 2016,Learn how to start using AT&amp;T Business Messenger for iPhone https://t.co/V9JIzwBSqC https://t.co/pS0xrKsgKm,,,Twitter
Dallas7,32.8957338,-96.8079243,5959 Royal Lane,75230,Tue Oct 25 01:59:33 +0000 2016,".@att the power has been out for 8 hours now, can we get a hotel reservation for this lack of service?",,,Twitter
