Store,Latitude,Longitude,Address,Zip,CreatedAt,Text,Senti,Rating,Source
Dallas2,32.8111091,-96.8092962,3329 Oak Lawn Avenue,75219,Mon Oct 24 13:45:36 +0000 2016,RT @attJOBS: Last year we donated $1M to @GirlsWhoCode &amp; the future careers of women technologists everywhere! #GHC16 https://t.co/rKDF99f5…,,,Twitter
Dallas2,32.8111091,-96.8092962,3329 Oak Lawn Avenue,75219,Mon Oct 24 13:45:10 +0000 2016,RT @attJOBS: Our development programs can put you on the right career path. Why? Just ask Brad: https://t.co/bmAjmMvvte #BeTheFuture https:…,,,Twitter
Dallas2,32.8111091,-96.8092962,3329 Oak Lawn Avenue,75219,Mon Oct 24 13:36:16 +0000 2016,AT&amp;T's quarterly results give hints on urgency behind Time Warner deal https://t.co/Cx1AXLE7xF | @Conor_Shine https://t.co/l5uJCUsAyP,,,Twitter
Dallas2,32.8111091,-96.8092962,3329 Oak Lawn Avenue,75219,Mon Oct 24 13:31:39 +0000 2016,Millennials grew up in the age of cell phones and the Internet https://t.co/nrmXqjKfQV #voip #attemployee,,,Twitter
Dallas2,32.8111091,-96.8092962,3329 Oak Lawn Avenue,75219,Mon Oct 24 13:28:03 +0000 2016,"First DIRECTV now Time Warner
#ATT...#TheEmpire https://t.co/1GvKLoL4qV",,,Twitter
Dallas2,32.8111091,-96.8092962,3329 Oak Lawn Avenue,75219,Mon Oct 24 13:25:25 +0000 2016,AT&amp;T CEO Vows ‘Independence’ for CNN in Merger With Time Warner https://t.co/5U4X6Viz1r https://t.co/CP5tCpbRpv,,,Twitter
Dallas2,32.8111091,-96.8092962,3329 Oak Lawn Avenue,75219,Mon Oct 24 13:23:37 +0000 2016,RT @ATT: Get a sweet deal on the new iPhone 7 when you switch to AT&amp;T and have DIRECTV. https://t.co/TQVeUkmeZ6 https://t.co/zfZmNpe8AP,,,Twitter
Dallas2,32.8111091,-96.8092962,3329 Oak Lawn Avenue,75219,Mon Oct 24 13:22:05 +0000 2016,RT @ATT: Welcome to the team! @taylorswift13 https://t.co/4h86nLYuLo https://t.co/gAHOi7fPrZ,,,Twitter
Dallas2,32.8111091,-96.8092962,3329 Oak Lawn Avenue,75219,Mon Oct 24 13:16:29 +0000 2016,RT @ATT: Welcome to the team! @taylorswift13 https://t.co/4h86nLYuLo https://t.co/gAHOi7fPrZ,,,Twitter
Dallas2,32.8111091,-96.8092962,3329 Oak Lawn Avenue,75219,Mon Oct 24 13:15:15 +0000 2016,#ATT CEO Randall Stephenson confident Time Warner merger will get past regulators https://t.co/16x5x51ksj #DFW #Tech,,,Twitter
Dallas2,32.8111091,-96.8092962,3329 Oak Lawn Avenue,75219,Mon Oct 24 13:10:14 +0000 2016,RT @melissa_repko: AT&amp;T's quarterly results give hints on urgency behind Time Warner deal. https://t.co/C7bG16Q5sP,,,Twitter
Dallas2,32.8111091,-96.8092962,3329 Oak Lawn Avenue,75219,Mon Oct 24 13:00:32 +0000 2016,AT&amp;T will acquire Time Warner for $85.4B in content play | Macworld https://t.co/l0dPH8O5IF,,,Twitter
Dallas2,32.8111091,-96.8092962,3329 Oak Lawn Avenue,75219,Mon Oct 24 12:56:09 +0000 2016,@dohertyjf @DamonGochneaur @PPCKirk as a former t-mobile customer I could never get coverage inside buildings. Eventually switched to att,,,Twitter
Dallas2,32.8111091,-96.8092962,3329 Oak Lawn Avenue,75219,Mon Oct 24 12:54:37 +0000 2016,RT @ATT: Get a sweet deal on the new iPhone 7 when you switch to AT&amp;T and have DIRECTV. https://t.co/TQVeUkmeZ6 https://t.co/zfZmNpe8AP,,,Twitter
Dallas2,32.8111091,-96.8092962,3329 Oak Lawn Avenue,75219,Mon Oct 24 12:54:11 +0000 2016,AT&amp;T CEO Randall Stephenson confident Time Warner merger will get past regulators:  https://t.co/RO9nlYU1rT,,,Twitter
Dallas2,32.8111091,-96.8092962,3329 Oak Lawn Avenue,75219,Mon Oct 24 12:47:09 +0000 2016,If the @blakeshelton and @adamlevine bromance didn't exist…😲💔 #AlternateScaryEnding #TheVoice https://t.co/m85NuKj4cJ,,,Twitter
Dallas2,32.8111091,-96.8092962,3329 Oak Lawn Avenue,75219,Mon Oct 24 12:41:54 +0000 2016,RT @ATT: Welcome to the team! @taylorswift13 https://t.co/4h86nLYuLo https://t.co/gAHOi7fPrZ,,,Twitter
Dallas2,32.8111091,-96.8092962,3329 Oak Lawn Avenue,75219,Mon Oct 24 12:41:14 +0000 2016,RT @ATT: Welcome to the team! @taylorswift13 https://t.co/4h86nLYuLo https://t.co/gAHOi7fPrZ,,,Twitter
Dallas2,32.8111091,-96.8092962,3329 Oak Lawn Avenue,75219,Mon Oct 24 12:36:06 +0000 2016,RT @dallasnews: AT&amp;T's quarterly results give hints on urgency behind Time Warner deal https://t.co/zdffIY4Gfa | @Conor_Shine https://t.co/…,,,Twitter
Dallas2,32.8111091,-96.8092962,3329 Oak Lawn Avenue,75219,Mon Oct 24 12:32:34 +0000 2016,"RT @DMNBiz: How the AT&amp;T-Time Warner deal changes the TV, mobile landscapes https://t.co/r8vR9j26fH | @Conor_Shine https://t.co/wKkVSeIClY",,,Twitter
Dallas2,32.8111091,-96.8092962,3329 Oak Lawn Avenue,75219,Mon Oct 24 12:29:35 +0000 2016,"@ATTCares I just deleted both the ESPN app and WatchESPN app, and I got this. #notcool https://t.co/vnioR48eql",,,Twitter
Dallas2,32.8111091,-96.8092962,3329 Oak Lawn Avenue,75219,Mon Oct 24 12:29:28 +0000 2016,Get caught up on the weekend's news on AT&amp;T and Time Warner: https://t.co/n8u8eFTAHO @dallasnews @DMNBiz,,,Twitter
Dallas2,32.8111091,-96.8092962,3329 Oak Lawn Avenue,75219,Mon Oct 24 12:26:52 +0000 2016,Bernie Sanders: Obama “Should Kill” AT&amp;T-Time Warner Deal | Deadline https://t.co/Ae7kYLqa7V,,,Twitter
Dallas2,32.8111091,-96.8092962,3329 Oak Lawn Avenue,75219,Mon Oct 24 12:25:53 +0000 2016,"Trump, Clinton weigh in on AT&amp;T, Time Warner merger: Trump said he'll block it; Clinton said she has concerns. https://t.co/Mk3P0chIcL",,,Twitter
Dallas2,32.8111091,-96.8092962,3329 Oak Lawn Avenue,75219,Mon Oct 24 12:21:07 +0000 2016,"Speak now: Why critics want the $108 billion marriage of AT&amp;T, Time Warner to fail. https://t.co/Mk3P0chIcL",,,Twitter
Dallas2,32.8111091,-96.8092962,3329 Oak Lawn Avenue,75219,Mon Oct 24 12:18:24 +0000 2016,RT @ATT: Welcome to the team! @taylorswift13 https://t.co/4h86nLYuLo https://t.co/gAHOi7fPrZ,,,Twitter
Dallas2,32.8111091,-96.8092962,3329 Oak Lawn Avenue,75219,Mon Oct 24 12:16:26 +0000 2016,"@ATT's Stephenson: Nature of Time Warner deal different than anything we've ever done. A ""vertical integration."" https://t.co/51BRxIchHN",,,Twitter
Dallas2,32.8111091,-96.8092962,3329 Oak Lawn Avenue,75219,Mon Oct 24 12:16:25 +0000 2016,AT&amp;T's quarterly results give hints on urgency behind Time Warner deal https://t.co/zdffIY4Gfa | @Conor_Shine https://t.co/OfexXWZ31F,,,Twitter
Dallas2,32.8111091,-96.8092962,3329 Oak Lawn Avenue,75219,Mon Oct 24 12:14:57 +0000 2016,AT&amp;T's quarterly results give hints on urgency behind Time Warner deal. https://t.co/C7bG16Q5sP,,,Twitter
Dallas2,32.8111091,-96.8092962,3329 Oak Lawn Avenue,75219,Mon Oct 24 12:10:35 +0000 2016,Swift Opposition to Resurrection of AT&amp;T Giant - The New York Times https://t.co/ZNLknFsgV4,,,Twitter
Dallas2,32.8111091,-96.8092962,3329 Oak Lawn Avenue,75219,Mon Oct 24 12:06:40 +0000 2016,"How the AT&amp;T-Time Warner deal changes the TV, mobile landscapes https://t.co/r8vR9j26fH | @Conor_Shine https://t.co/wKkVSeIClY",,,Twitter
Dallas2,32.8111091,-96.8092962,3329 Oak Lawn Avenue,75219,Mon Oct 24 12:03:22 +0000 2016,RT @ATT: Welcome to the team! @taylorswift13 https://t.co/4h86nLYuLo https://t.co/gAHOi7fPrZ,,,Twitter
Dallas2,32.8111091,-96.8092962,3329 Oak Lawn Avenue,75219,Mon Oct 24 11:56:45 +0000 2016,"Time Warner, AT&amp;T CEOs on $85 billion merger https://t.co/PI8HphhyP9",,,Twitter
Dallas2,32.8111091,-96.8092962,3329 Oak Lawn Avenue,75219,Mon Oct 24 11:49:43 +0000 2016,"Double the men, double the funny! Tune in to @CBS for the debut of #ManWithAPlan starting at 8/7c, followed by… https://t.co/5ggF3t6qtX",,,Twitter
Dallas2,32.8111091,-96.8092962,3329 Oak Lawn Avenue,75219,Mon Oct 24 11:45:45 +0000 2016,#NationalFoodDay has us like...🍢 🍗 🍅. Celebrate with @RevRunWisdom's Kabob recipe: https://t.co/ghgN1AEUfM… https://t.co/5M7HExQFFS,,,Twitter
Dallas2,32.8111091,-96.8092962,3329 Oak Lawn Avenue,75219,Mon Oct 24 11:44:46 +0000 2016,"RT @dallasnews: Trump gets litigious, AT&amp;T gets bigger, @TomiLahren wins bigly: Your weekend news digest https://t.co/tjOy7OJCri https://t.…",,,Twitter
Dallas2,32.8111091,-96.8092962,3329 Oak Lawn Avenue,75219,Mon Oct 24 11:39:08 +0000 2016,RT @ATT: Welcome to the team! @taylorswift13 https://t.co/4h86nLYuLo https://t.co/gAHOi7fPrZ,,,Twitter
Dallas2,32.8111091,-96.8092962,3329 Oak Lawn Avenue,75219,Mon Oct 24 11:37:49 +0000 2016,RT @ATTBusinessCare: Not sure where to start when sharing a bigtincan from AT&amp;T story? Learn how at https://t.co/rRv9IpNopm https://t.co/cw…,,,Twitter
Dallas2,32.8111091,-96.8092962,3329 Oak Lawn Avenue,75219,Mon Oct 24 11:36:53 +0000 2016,RT @ATT: Welcome to the team! @taylorswift13 https://t.co/4h86nLYuLo https://t.co/gAHOi7fPrZ,,,Twitter
Dallas2,32.8111091,-96.8092962,3329 Oak Lawn Avenue,75219,Mon Oct 24 11:09:48 +0000 2016,RT @ATT: Welcome to the team! @taylorswift13 https://t.co/4h86nLYuLo https://t.co/gAHOi7fPrZ,,,Twitter
Dallas2,32.8111091,-96.8092962,3329 Oak Lawn Avenue,75219,Mon Oct 24 11:05:30 +0000 2016,RT @ATT: Get a sweet deal on the new iPhone 7 when you switch to AT&amp;T and have DIRECTV. https://t.co/TQVeUkmeZ6 https://t.co/zfZmNpe8AP,,,Twitter
Dallas2,32.8111091,-96.8092962,3329 Oak Lawn Avenue,75219,Mon Oct 24 11:00:02 +0000 2016,Not sure where to start when sharing a bigtincan from AT&amp;T story? Learn how at https://t.co/rRv9IpNopm https://t.co/cwwirYxwcp,,,Twitter
Dallas2,32.8111091,-96.8092962,3329 Oak Lawn Avenue,75219,Mon Oct 24 10:56:18 +0000 2016,RT @ATT: Get a sweet deal on the new iPhone 7 when you switch to AT&amp;T and have DIRECTV. https://t.co/TQVeUkmeZ6 https://t.co/zfZmNpe8AP,,,Twitter
Dallas2,32.8111091,-96.8092962,3329 Oak Lawn Avenue,75219,Mon Oct 24 10:36:03 +0000 2016,RT @ATT: Welcome to the team! @taylorswift13 https://t.co/4h86nLYuLo https://t.co/gAHOi7fPrZ,,,Twitter
Dallas2,32.8111091,-96.8092962,3329 Oak Lawn Avenue,75219,Mon Oct 24 10:28:11 +0000 2016,RT @ATT: Welcome to the team! @taylorswift13 https://t.co/4h86nLYuLo https://t.co/gAHOi7fPrZ,,,Twitter
Dallas2,32.8111091,-96.8092962,3329 Oak Lawn Avenue,75219,Mon Oct 24 10:20:43 +0000 2016,"Speak now: Why critics want the $108 billion marriage of AT&amp;T, Time Warner to fail via @dallasnews #biz  https://t.co/onzE0HAAvJ",,,Twitter
Dallas2,32.8111091,-96.8092962,3329 Oak Lawn Avenue,75219,Mon Oct 24 10:08:47 +0000 2016,RT @ATT: Get a sweet deal on the new iPhone 7 when you switch to AT&amp;T and have DIRECTV. https://t.co/TQVeUkmeZ6 https://t.co/zfZmNpe8AP,,,Twitter
Dallas2,32.8111091,-96.8092962,3329 Oak Lawn Avenue,75219,Mon Oct 24 10:06:22 +0000 2016,"""Morning Agenda: AT&amp;T and Time Warner, Behind the Curtain at Teneo"" by AMIE TSANG via NYT The New York Times https://t.co/i4I04e4s7U",,,Twitter
Dallas2,32.8111091,-96.8092962,3329 Oak Lawn Avenue,75219,Mon Oct 24 09:55:24 +0000 2016,RT @ATT: Welcome to the team! @taylorswift13 https://t.co/4h86nLYuLo https://t.co/gAHOi7fPrZ,,,Twitter
Dallas2,32.8111091,-96.8092962,3329 Oak Lawn Avenue,75219,Mon Oct 24 09:37:47 +0000 2016,RT @ATT: Welcome to the team! @taylorswift13 https://t.co/4h86nLYuLo https://t.co/gAHOi7fPrZ,,,Twitter
Dallas2,32.8111091,-96.8092962,3329 Oak Lawn Avenue,75219,Mon Oct 24 08:48:23 +0000 2016,RT @ATT: Welcome to the team! @taylorswift13 https://t.co/4h86nLYuLo https://t.co/gAHOi7fPrZ,,,Twitter
Dallas2,32.8111091,-96.8092962,3329 Oak Lawn Avenue,75219,Mon Oct 24 08:45:35 +0000 2016,RT @ATT: Welcome to the team! @taylorswift13 https://t.co/4h86nLYuLo https://t.co/gAHOi7fPrZ,,,Twitter
Dallas2,32.8111091,-96.8092962,3329 Oak Lawn Avenue,75219,Mon Oct 24 08:19:36 +0000 2016,RT @ATT: Welcome to the team! @taylorswift13 https://t.co/4h86nLYuLo https://t.co/gAHOi7fPrZ,,,Twitter
Dallas2,32.8111091,-96.8092962,3329 Oak Lawn Avenue,75219,Mon Oct 24 08:19:33 +0000 2016,RT @ATT: Get a sweet deal on the new iPhone 7 when you switch to AT&amp;T and have DIRECTV. https://t.co/TQVeUkmeZ6 https://t.co/zfZmNpe8AP,,,Twitter
Dallas2,32.8111091,-96.8092962,3329 Oak Lawn Avenue,75219,Mon Oct 24 08:09:09 +0000 2016,"RT @ATT: Mother Nature is unpredictable, so we rely on our Network Disaster Recovery team to connect you when you need it most. https://t.c…",,,Twitter
Dallas2,32.8111091,-96.8092962,3329 Oak Lawn Avenue,75219,Mon Oct 24 08:06:48 +0000 2016,RT @ATT: The #futureofvideo is mobile and the #futureofmobile is video. Time Warner + AT&amp;T make it happen! @twxcorp https://t.co/GKx4U9TQYg,,,Twitter
Dallas2,32.8111091,-96.8092962,3329 Oak Lawn Avenue,75219,Mon Oct 24 07:49:16 +0000 2016,RT @ATT: The #futureofvideo is mobile and the #futureofmobile is video. Time Warner + AT&amp;T make it happen! @twxcorp https://t.co/GKx4U9TQYg,,,Twitter
Dallas2,32.8111091,-96.8092962,3329 Oak Lawn Avenue,75219,Mon Oct 24 07:48:55 +0000 2016,RT @ATT: Get a sweet deal on the new iPhone 7 when you switch to AT&amp;T and have DIRECTV. https://t.co/TQVeUkmeZ6 https://t.co/zfZmNpe8AP,,,Twitter
Dallas2,32.8111091,-96.8092962,3329 Oak Lawn Avenue,75219,Mon Oct 24 07:33:23 +0000 2016,"RT @dallasnews: Trump gets litigious, AT&amp;T gets bigger, @TomiLahren wins bigly: Your weekend news digest https://t.co/tjOy7OJCri https://t.…",,,Twitter
Dallas2,32.8111091,-96.8092962,3329 Oak Lawn Avenue,75219,Mon Oct 24 07:20:11 +0000 2016,RT @attJOBS: Hear from Kristin how our Business Sales Leadership Development Program led to her successful career: https://t.co/aitAtDInv5…,,,Twitter
Dallas2,32.8111091,-96.8092962,3329 Oak Lawn Avenue,75219,Mon Oct 24 07:09:44 +0000 2016,"RT @dallasnews: Trump gets litigious, AT&amp;T gets bigger, @TomiLahren wins bigly: Your weekend news digest https://t.co/tjOy7OJCri https://t.…",,,Twitter
Dallas2,32.8111091,-96.8092962,3329 Oak Lawn Avenue,75219,Mon Oct 24 07:08:14 +0000 2016,RT @ATT: Welcome to the team! @taylorswift13 https://t.co/4h86nLYuLo https://t.co/gAHOi7fPrZ,,,Twitter
Dallas2,32.8111091,-96.8092962,3329 Oak Lawn Avenue,75219,Mon Oct 24 06:44:12 +0000 2016,RT @ATT: The #futureofvideo is mobile and the #futureofmobile is video. Time Warner + AT&amp;T make it happen! @twxcorp https://t.co/GKx4U9TQYg,,,Twitter
Dallas2,32.8111091,-96.8092962,3329 Oak Lawn Avenue,75219,Mon Oct 24 06:43:19 +0000 2016,"RT @ATT: Mother Nature is unpredictable, so we rely on our Network Disaster Recovery team to connect you when you need it most. https://t.c…",,,Twitter
Dallas2,32.8111091,-96.8092962,3329 Oak Lawn Avenue,75219,Mon Oct 24 06:43:00 +0000 2016,Did AT&amp;T Just Signal The Top? https://t.co/PSYPlfe5g0,,,Twitter
Dallas2,32.8111091,-96.8092962,3329 Oak Lawn Avenue,75219,Mon Oct 24 06:34:21 +0000 2016,#ATT's quarterly results give hints on urgency behind Time Warner deal https://t.co/wKS5ECE5tD #DFW,,,Twitter
Dallas2,32.8111091,-96.8092962,3329 Oak Lawn Avenue,75219,Mon Oct 24 05:53:36 +0000 2016,RT @ATT: The #futureofvideo is mobile and the #futureofmobile is video. Time Warner + AT&amp;T make it happen! @twxcorp https://t.co/GKx4U9TQYg,,,Twitter
Dallas2,32.8111091,-96.8092962,3329 Oak Lawn Avenue,75219,Mon Oct 24 05:18:56 +0000 2016,"RT @dallasnews: Critics of proposed $108 billion AT&amp;T, Time Warner marriage speak out  https://t.co/w3Yu4yr5QC https://t.co/Fer8DbdTsu",,,Twitter
Dallas2,32.8111091,-96.8092962,3329 Oak Lawn Avenue,75219,Mon Oct 24 05:06:43 +0000 2016,"RT @dallasnews: Trump gets litigious, AT&amp;T gets bigger, @TomiLahren wins bigly: Your weekend news digest https://t.co/tjOy7OJCri https://t.…",,,Twitter
Dallas2,32.8111091,-96.8092962,3329 Oak Lawn Avenue,75219,Mon Oct 24 04:59:22 +0000 2016,"RT @ATT: Mother Nature is unpredictable, so we rely on our Network Disaster Recovery team to connect you when you need it most. https://t.c…",,,Twitter
Dallas2,32.8111091,-96.8092962,3329 Oak Lawn Avenue,75219,Mon Oct 24 04:48:50 +0000 2016,@VZWSupport we have been customers of @ATTCares for 18 yrs and the disregard they have for our business is shameful. I am looking at options,,,Twitter
Dallas2,32.8111091,-96.8092962,3329 Oak Lawn Avenue,75219,Mon Oct 24 04:29:04 +0000 2016,Cuban: AT&amp;T-Time Warner will create more competition https://t.co/MLdPCHy52m https://t.co/r4Pp5K9uGV,,,Twitter
Dallas2,32.8111091,-96.8092962,3329 Oak Lawn Avenue,75219,Mon Oct 24 04:26:42 +0000 2016,"RT @DFWSmallBiz: Speak now: Why critics want the $108 billion marriage of AT&amp;T, Time Warner to fail https://t.co/oM7uIpEQrX #DFW #Tech",,,Twitter
Dallas2,32.8111091,-96.8092962,3329 Oak Lawn Avenue,75219,Mon Oct 24 04:17:52 +0000 2016,RT @ATT: Get a sweet deal on the new iPhone 7 when you switch to AT&amp;T and have DIRECTV. https://t.co/TQVeUkmeZ6 https://t.co/zfZmNpe8AP,,,Twitter
Dallas2,32.8111091,-96.8092962,3329 Oak Lawn Avenue,75219,Mon Oct 24 04:16:39 +0000 2016,@ATTCares #ATT has the worst customer service. Been told multiple stories. Customer since Cingular. Terminating and going to @VZWSupport,,,Twitter
Dallas2,32.8111091,-96.8092962,3329 Oak Lawn Avenue,75219,Mon Oct 24 04:07:35 +0000 2016,RT @ATT: The #futureofvideo is mobile and the #futureofmobile is video. Time Warner + AT&amp;T make it happen! @twxcorp https://t.co/GKx4U9TQYg,,,Twitter
Dallas2,32.8111091,-96.8092962,3329 Oak Lawn Avenue,75219,Mon Oct 24 03:52:38 +0000 2016,RT @ATT: Who made you a college 🏈 fan? Share with #MadeMeAFanContest for a chance to win. Rules https://t.co/hU3I3wFn5V https://t.co/xZbxUJ…,,,Twitter
Dallas2,32.8111091,-96.8092962,3329 Oak Lawn Avenue,75219,Mon Oct 24 03:51:51 +0000 2016,"RT @dallasnews: Trump gets litigious, AT&amp;T gets bigger, @TomiLahren wins bigly: Your weekend news digest https://t.co/tjOy7OJCri https://t.…",,,Twitter
Dallas2,32.8111091,-96.8092962,3329 Oak Lawn Avenue,75219,Mon Oct 24 03:51:06 +0000 2016,"RT @Paul_O_Williams: AT&amp;T, Time Warner Team Up To Fight For The Future Of TV https://t.co/pMeNsiaYKa #TimeWarner #ATT",,,Twitter
Dallas2,32.8111091,-96.8092962,3329 Oak Lawn Avenue,75219,Mon Oct 24 03:48:26 +0000 2016,"RT @Paul_O_Williams: AT&amp;T, Time Warner Team Up To Fight For The Future Of TV https://t.co/pMeNsiaYKa #TimeWarner #ATT",,,Twitter
Dallas2,32.8111091,-96.8092962,3329 Oak Lawn Avenue,75219,Mon Oct 24 03:37:53 +0000 2016,"RT @Paul_O_Williams: AT&amp;T, Time Warner Team Up To Fight For The Future Of TV https://t.co/pMeNsiaYKa #TimeWarner #ATT",,,Twitter
Dallas2,32.8111091,-96.8092962,3329 Oak Lawn Avenue,75219,Mon Oct 24 03:33:11 +0000 2016,RT @ATT: Get a sweet deal on the new iPhone 7 when you switch to AT&amp;T and have DIRECTV. https://t.co/TQVeUkmeZ6 https://t.co/zfZmNpe8AP,,,Twitter
Dallas2,32.8111091,-96.8092962,3329 Oak Lawn Avenue,75219,Mon Oct 24 03:27:37 +0000 2016,RT @ATT: Welcome to the team! @taylorswift13 https://t.co/4h86nLYuLo https://t.co/gAHOi7fPrZ,,,Twitter
Dallas2,32.8111091,-96.8092962,3329 Oak Lawn Avenue,75219,Mon Oct 24 03:25:23 +0000 2016,@JGFoundSuccess lol I apologize at&amp;t uverse doesn't offer more sophistication for your tastes.,,,Twitter
Dallas2,32.8111091,-96.8092962,3329 Oak Lawn Avenue,75219,Mon Oct 24 03:25:06 +0000 2016,"AT&amp;T, Time Warner Team Up To Fight For The Future Of TV https://t.co/pMeNsiaYKa #TimeWarner #ATT",,,Twitter
Dallas2,32.8111091,-96.8092962,3329 Oak Lawn Avenue,75219,Mon Oct 24 03:08:50 +0000 2016,"RT @dallasnews: Trump gets litigious, AT&amp;T gets bigger, @TomiLahren wins bigly: Your weekend news digest https://t.co/tjOy7OJCri https://t.…",,,Twitter
Dallas2,32.8111091,-96.8092962,3329 Oak Lawn Avenue,75219,Mon Oct 24 03:04:15 +0000 2016,"RT @dallasnews: Trump gets litigious, AT&amp;T gets bigger, @TomiLahren wins bigly: Your weekend news digest https://t.co/tjOy7OJCri https://t.…",,,Twitter
Dallas2,32.8111091,-96.8092962,3329 Oak Lawn Avenue,75219,Mon Oct 24 02:54:28 +0000 2016,"@jayrosen_nyu Bought DirecTV. Content costs a lot of $. Time Warner has great content: CNN, HBO, TBS. It's that simple.",,,Twitter
Dallas2,32.8111091,-96.8092962,3329 Oak Lawn Avenue,75219,Mon Oct 24 02:53:48 +0000 2016,@ts6swift Not necessarily.  We’ll be giving away lots of tickets to Taylor fans including AT&amp;T customers and special guests.,,,Twitter
Dallas2,32.8111091,-96.8092962,3329 Oak Lawn Avenue,75219,Mon Oct 24 02:52:04 +0000 2016,"#dallas Speak now: Why critics want the $108 billion marriage of AT&amp;T, Time Warner to fail https://t.co/ATqYQAzC9B",,,Twitter
Dallas2,32.8111091,-96.8092962,3329 Oak Lawn Avenue,75219,Mon Oct 24 02:51:52 +0000 2016,"RT @dallasnews: Trump gets litigious, AT&amp;T gets bigger, @TomiLahren wins bigly: Your weekend news digest https://t.co/tjOy7OJCri https://t.…",,,Twitter
Dallas2,32.8111091,-96.8092962,3329 Oak Lawn Avenue,75219,Mon Oct 24 02:49:34 +0000 2016,@DIRECTVService we already got help over the phone thanks,,,Twitter
Dallas2,32.8111091,-96.8092962,3329 Oak Lawn Avenue,75219,Mon Oct 24 02:32:50 +0000 2016,RT @ATT: Welcome to the team! @taylorswift13 https://t.co/4h86nLYuLo https://t.co/gAHOi7fPrZ,,,Twitter
Dallas2,32.8111091,-96.8092962,3329 Oak Lawn Avenue,75219,Mon Oct 24 02:16:51 +0000 2016,"RT @ATT: Mother Nature is unpredictable, so we rely on our Network Disaster Recovery team to connect you when you need it most. https://t.c…",,,Twitter
Dallas2,32.8111091,-96.8092962,3329 Oak Lawn Avenue,75219,Mon Oct 24 02:10:26 +0000 2016,@DIRECTV is there some system-wide outage? Both are receivers out at the same time.,,,Twitter
Dallas2,32.8111091,-96.8092962,3329 Oak Lawn Avenue,75219,Mon Oct 24 02:06:33 +0000 2016,RT @dallasnews: Huge Stadium Club expects that fans with a taste for the @DallasCowboys won't leave it feeling empty | https://t.co/UU393Uz…,,,Twitter
Dallas2,32.8111091,-96.8092962,3329 Oak Lawn Avenue,75219,Mon Oct 24 02:00:24 +0000 2016,AT&amp;amp;T's quarterly results give hints on urgency behind Time Warner deal https://t.co/KGfW4ITIEC via @dallasnews,,,Twitter
Dallas2,32.8111091,-96.8092962,3329 Oak Lawn Avenue,75219,Mon Oct 24 02:00:03 +0000 2016,#dallas AT&amp;T's quarterly results give hints on urgency behind Time Warner deal https://t.co/tm58VUGa7A,,,Twitter
Dallas2,32.8111091,-96.8092962,3329 Oak Lawn Avenue,75219,Mon Oct 24 01:57:57 +0000 2016,RT @ATT: The #futureofvideo is mobile and the #futureofmobile is video. Time Warner + AT&amp;T make it happen! @twxcorp https://t.co/GKx4U9TQYg,,,Twitter
Store,Latitude,Longitude,Address,Zip,CreatedAt,Text,Senti,Rating,Source
Dallas2,32.8111091,-96.8092962,3329 Oak Lawn Avenue,75219,Fri Oct 21 14:43:46 +0000 2016,RT @ATT: Are you ready for the revolution? Watch the @GreenDay @iHeartRadio Album Release Party now. #iHeartGreenDay https://t.co/ec2gZXKu7U,,,Twitter
Dallas2,32.8111091,-96.8092962,3329 Oak Lawn Avenue,75219,Fri Oct 21 14:38:37 +0000 2016,"RT @ATT: Watch the @GreenDay @iHeartRadio Album Release Party Tonight, 9pm ET/PT on AUDIENCE. DIRECTV ch 239/U-verse ch 1114. https://t.co/…",,,Twitter
Dallas2,32.8111091,-96.8092962,3329 Oak Lawn Avenue,75219,Fri Oct 21 14:37:45 +0000 2016,RT @ATT: Welcome to the team! @taylorswift13 https://t.co/4h86nLYuLo https://t.co/gAHOi7fPrZ,,,Twitter
Dallas2,32.8111091,-96.8092962,3329 Oak Lawn Avenue,75219,Fri Oct 21 14:36:07 +0000 2016,RT @ATT: Are you ready for the revolution? Watch the @GreenDay @iHeartRadio Album Release Party now. #iHeartGreenDay https://t.co/ec2gZXKu7U,,,Twitter
Dallas2,32.8111091,-96.8092962,3329 Oak Lawn Avenue,75219,Fri Oct 21 13:39:07 +0000 2016,RT @ATT: Welcome to the team! @taylorswift13 https://t.co/4h86nLYuLo https://t.co/gAHOi7fPrZ,,,Twitter
Dallas2,32.8111091,-96.8092962,3329 Oak Lawn Avenue,75219,Fri Oct 21 13:35:01 +0000 2016,"RT @ATT: @Beau_Walker Hey there, sorry to hear that. What happened? We'd love to help.",,,Twitter
Dallas2,32.8111091,-96.8092962,3329 Oak Lawn Avenue,75219,Fri Oct 21 13:28:35 +0000 2016,RT @ATT: Welcome to the team! @taylorswift13 https://t.co/4h86nLYuLo https://t.co/gAHOi7fPrZ,,,Twitter
Dallas2,32.8111091,-96.8092962,3329 Oak Lawn Avenue,75219,Fri Oct 21 13:25:08 +0000 2016,RT @ATT: Get a sweet deal on the new iPhone 7 when you switch to AT&amp;T and have DIRECTV. https://t.co/TQVeUkmeZ6 https://t.co/zfZmNpe8AP,,,Twitter
Dallas2,32.8111091,-96.8092962,3329 Oak Lawn Avenue,75219,Fri Oct 21 13:14:12 +0000 2016,RT @ATT: Welcome to the team! @taylorswift13 https://t.co/4h86nLYuLo https://t.co/gAHOi7fPrZ,,,Twitter
Dallas2,32.8111091,-96.8092962,3329 Oak Lawn Avenue,75219,Fri Oct 21 11:44:12 +0000 2016,RT @ATT: Welcome to the team! @taylorswift13 https://t.co/4h86nLYuLo https://t.co/gAHOi7fPrZ,,,Twitter
Dallas2,32.8111091,-96.8092962,3329 Oak Lawn Avenue,75219,Fri Oct 21 11:43:07 +0000 2016,RT @ATT: Welcome to the team! @taylorswift13 https://t.co/4h86nLYuLo https://t.co/gAHOi7fPrZ,,,Twitter
Dallas2,32.8111091,-96.8092962,3329 Oak Lawn Avenue,75219,Fri Oct 21 11:28:51 +0000 2016,"@dallasnews @Hearts_Science @ATT @mitchschnurman I AGREE WITH THIS ONLINE,  BUT EVERY  ONE  NEEDS  HIGH  SPEED INTERNET NOW",,,Twitter
Dallas2,32.8111091,-96.8092962,3329 Oak Lawn Avenue,75219,Fri Oct 21 11:06:55 +0000 2016,"Dallas-based @ATT, TimeWarner (@twxcorp) discussed a takeover in recent weeks https://t.co/oHHLVaAY0m  $twx $t https://t.co/ZDXbzw9cd9",,,Twitter
Dallas2,32.8111091,-96.8092962,3329 Oak Lawn Avenue,75219,Fri Oct 21 10:55:02 +0000 2016,RT @ATT: Who made you a college 🏈 fan? Share with #MadeMeAFanContest for a chance to win. Rules https://t.co/hU3I3wFn5V https://t.co/xZbxUJ…,,,Twitter
Dallas2,32.8111091,-96.8092962,3329 Oak Lawn Avenue,75219,Fri Oct 21 10:48:38 +0000 2016,RT @ATT: Get a sweet deal on the new iPhone 7 when you switch to AT&amp;T and have DIRECTV. https://t.co/TQVeUkmeZ6 https://t.co/zfZmNpe8AP,,,Twitter
Dallas2,32.8111091,-96.8092962,3329 Oak Lawn Avenue,75219,Fri Oct 21 10:14:50 +0000 2016,RT @ATT: Welcome to the team! @taylorswift13 https://t.co/4h86nLYuLo https://t.co/gAHOi7fPrZ,,,Twitter
Dallas2,32.8111091,-96.8092962,3329 Oak Lawn Avenue,75219,Fri Oct 21 10:13:50 +0000 2016,RT @ATT: Welcome to the team! @taylorswift13 https://t.co/4h86nLYuLo https://t.co/gAHOi7fPrZ,,,Twitter
Dallas2,32.8111091,-96.8092962,3329 Oak Lawn Avenue,75219,Fri Oct 21 09:12:56 +0000 2016,RT @ATT: Who made you a college 🏈 fan? Share with #MadeMeAFanContest for a chance to win. Rules https://t.co/hU3I3wFn5V https://t.co/xZbxUJ…,,,Twitter
Dallas2,32.8111091,-96.8092962,3329 Oak Lawn Avenue,75219,Fri Oct 21 07:44:42 +0000 2016,RT @rjohnson1911: Wow DMs but not call to resolve and offer @sprintcare ...I am disappointed...@ATTCares has already reached out to me! #sp…,,,Twitter
Dallas2,32.8111091,-96.8092962,3329 Oak Lawn Avenue,75219,Fri Oct 21 07:19:26 +0000 2016,RT @ATT: Get a sweet deal on the new iPhone 7 when you switch to AT&amp;T and have DIRECTV. https://t.co/TQVeUkmeZ6 https://t.co/zfZmNpe8AP,,,Twitter
Dallas2,32.8111091,-96.8092962,3329 Oak Lawn Avenue,75219,Fri Oct 21 05:46:20 +0000 2016,RT @ATT: Welcome to the team! @taylorswift13 https://t.co/4h86nLYuLo https://t.co/gAHOi7fPrZ,,,Twitter
Dallas2,32.8111091,-96.8092962,3329 Oak Lawn Avenue,75219,Fri Oct 21 04:54:14 +0000 2016,RT @ATT: Welcome to the team! @taylorswift13 https://t.co/4h86nLYuLo https://t.co/gAHOi7fPrZ,,,Twitter
Dallas2,32.8111091,-96.8092962,3329 Oak Lawn Avenue,75219,Fri Oct 21 04:44:01 +0000 2016,RT @ATT: RT if you’ll be doing the time warp with Frank N. Furter and the gang tonight during @RockyHorrorFOX at 8/7 on @FOXTV. #RockyHorro…,,,Twitter
Dallas2,32.8111091,-96.8092962,3329 Oak Lawn Avenue,75219,Fri Oct 21 04:42:11 +0000 2016,RT @ATT: Welcome to the team! @taylorswift13 https://t.co/4h86nLYuLo https://t.co/gAHOi7fPrZ,,,Twitter
Dallas2,32.8111091,-96.8092962,3329 Oak Lawn Avenue,75219,Fri Oct 21 04:24:30 +0000 2016,RT @Uverse: RT if you're on your feet doing the time warp! It's just a jump to the left. #RockyHorror,,,Twitter
Dallas2,32.8111091,-96.8092962,3329 Oak Lawn Avenue,75219,Fri Oct 21 04:18:06 +0000 2016,RT @ATT: Who made you a college 🏈 fan? Share with #MadeMeAFanContest for a chance to win. Rules https://t.co/hU3I3wFn5V https://t.co/xZbxUJ…,,,Twitter
Dallas2,32.8111091,-96.8092962,3329 Oak Lawn Avenue,75219,Fri Oct 21 04:16:16 +0000 2016,RT @ATT: RT if you’ll be doing the time warp with Frank N. Furter and the gang tonight during @RockyHorrorFOX at 8/7 on @FOXTV. #RockyHorro…,,,Twitter
Dallas2,32.8111091,-96.8092962,3329 Oak Lawn Avenue,75219,Fri Oct 21 04:11:14 +0000 2016,RT @ATT: Who made you a college 🏈 fan? Share with #MadeMeAFanContest for a chance to win. Rules https://t.co/hU3I3wFn5V https://t.co/xZbxUJ…,,,Twitter
Dallas2,32.8111091,-96.8092962,3329 Oak Lawn Avenue,75219,Fri Oct 21 03:46:50 +0000 2016,RT @ATT: Get a sweet deal on the new iPhone 7 when you switch to AT&amp;T and have DIRECTV. https://t.co/TQVeUkmeZ6 https://t.co/zfZmNpe8AP,,,Twitter
Dallas2,32.8111091,-96.8092962,3329 Oak Lawn Avenue,75219,Fri Oct 21 03:43:53 +0000 2016,RT @ATT: RT if you’ll be doing the time warp with Frank N. Furter and the gang tonight during @RockyHorrorFOX at 8/7 on @FOXTV. #RockyHorro…,,,Twitter
Dallas2,32.8111091,-96.8092962,3329 Oak Lawn Avenue,75219,Fri Oct 21 03:38:33 +0000 2016,RT @ATT: Welcome to the team! @taylorswift13 https://t.co/4h86nLYuLo https://t.co/gAHOi7fPrZ,,,Twitter
Dallas2,32.8111091,-96.8092962,3329 Oak Lawn Avenue,75219,Fri Oct 21 03:38:22 +0000 2016,RT @ATT: Get a sweet deal on the new iPhone 7 when you switch to AT&amp;T and have DIRECTV. https://t.co/TQVeUkmeZ6 https://t.co/zfZmNpe8AP,,,Twitter
Dallas2,32.8111091,-96.8092962,3329 Oak Lawn Avenue,75219,Fri Oct 21 03:27:47 +0000 2016,RT @StephBloom: So @ATT SUCKS! I have lost signal on my TV 27 TIMES in 24 hours!!!! I WANT TO TALK TO A REAL PERSON! #help,,,Twitter
Dallas2,32.8111091,-96.8092962,3329 Oak Lawn Avenue,75219,Fri Oct 21 03:11:10 +0000 2016,RT @Uverse: Things are getting steamy on @RockyHorrorFox and we don't hate it. #RockyHorror 😏,,,Twitter
Dallas2,32.8111091,-96.8092962,3329 Oak Lawn Avenue,75219,Fri Oct 21 03:10:14 +0000 2016,RT @StephBloom: So @ATT SUCKS! I have lost signal on my TV 27 TIMES in 24 hours!!!! I WANT TO TALK TO A REAL PERSON! #help,,,Twitter
Dallas2,32.8111091,-96.8092962,3329 Oak Lawn Avenue,75219,Fri Oct 21 02:51:03 +0000 2016,RT @ATT: RT if you’ll be doing the time warp with Frank N. Furter and the gang tonight during @RockyHorrorFOX at 8/7 on @FOXTV. #RockyHorro…,,,Twitter
Dallas2,32.8111091,-96.8092962,3329 Oak Lawn Avenue,75219,Fri Oct 21 02:50:46 +0000 2016,RT @Uverse: Things are getting steamy on @RockyHorrorFox and we don't hate it. #RockyHorror 😏,,,Twitter
Dallas2,32.8111091,-96.8092962,3329 Oak Lawn Avenue,75219,Fri Oct 21 02:45:46 +0000 2016,RT @ATT: Welcome to the team! @taylorswift13 https://t.co/4h86nLYuLo https://t.co/gAHOi7fPrZ,,,Twitter
Dallas2,32.8111091,-96.8092962,3329 Oak Lawn Avenue,75219,Fri Oct 21 02:30:53 +0000 2016,So @ATT SUCKS! I have lost signal on my TV 27 TIMES in 24 hours!!!! I WANT TO TALK TO A REAL PERSON! #help,,,Twitter
Dallas2,32.8111091,-96.8092962,3329 Oak Lawn Avenue,75219,Fri Oct 21 02:15:54 +0000 2016,RT @ATT: Welcome to the team! @taylorswift13 https://t.co/4h86nLYuLo https://t.co/gAHOi7fPrZ,,,Twitter
Dallas2,32.8111091,-96.8092962,3329 Oak Lawn Avenue,75219,Fri Oct 21 02:00:12 +0000 2016,RT @ATT: RT if you’ll be doing the time warp with Frank N. Furter and the gang tonight during @RockyHorrorFOX at 8/7 on @FOXTV. #RockyHorro…,,,Twitter
Dallas2,32.8111091,-96.8092962,3329 Oak Lawn Avenue,75219,Fri Oct 21 01:58:55 +0000 2016,RT @Uverse: Nobody puts Riff Raff in the corner on @RockyHorrorFox #RockyHorror 😡,,,Twitter
Dallas2,32.8111091,-96.8092962,3329 Oak Lawn Avenue,75219,Fri Oct 21 01:57:24 +0000 2016,RT @Uverse: Nobody puts Riff Raff in the corner on @RockyHorrorFox #RockyHorror 😡,,,Twitter
Dallas2,32.8111091,-96.8092962,3329 Oak Lawn Avenue,75219,Fri Oct 21 01:43:36 +0000 2016,RT @ATT: Who made you a college 🏈 fan? Share with #MadeMeAFanContest for a chance to win. Rules https://t.co/hU3I3wFn5V https://t.co/xZbxUJ…,,,Twitter
Dallas2,32.8111091,-96.8092962,3329 Oak Lawn Avenue,75219,Fri Oct 21 01:41:23 +0000 2016,RT @ATT: Get a sweet deal on the new iPhone 7 when you switch to AT&amp;T and have DIRECTV. https://t.co/TQVeUkmeZ6 https://t.co/zfZmNpe8AP,,,Twitter
Dallas2,32.8111091,-96.8092962,3329 Oak Lawn Avenue,75219,Fri Oct 21 01:38:40 +0000 2016,RT @Uverse: Brad sure does look good in 👠👠 #RockyHorror 😉,,,Twitter
Dallas2,32.8111091,-96.8092962,3329 Oak Lawn Avenue,75219,Fri Oct 21 01:31:32 +0000 2016,RT @ATT: Welcome to the team! @taylorswift13 https://t.co/4h86nLYuLo https://t.co/gAHOi7fPrZ,,,Twitter
Dallas2,32.8111091,-96.8092962,3329 Oak Lawn Avenue,75219,Fri Oct 21 01:30:15 +0000 2016,RT @Uverse: Things are getting steamy on @RockyHorrorFox and we don't hate it. #RockyHorror 😏,,,Twitter
Dallas2,32.8111091,-96.8092962,3329 Oak Lawn Avenue,75219,Fri Oct 21 01:28:42 +0000 2016,RT @Uverse: Who else is watching The #RockyHorrorPictureShowLIVE on @FOX? Tweet along as we do the ⏰ warp again. https://t.co/0Sztr7Ehil,,,Twitter
Dallas2,32.8111091,-96.8092962,3329 Oak Lawn Avenue,75219,Fri Oct 21 01:22:06 +0000 2016,@MelEarl372 @ATT @TMobile Oh interesting. I've had a decent experience @verizon but I'm listening. 👂🏻👂🏻,,,Twitter
Dallas2,32.8111091,-96.8092962,3329 Oak Lawn Avenue,75219,Fri Oct 21 01:17:26 +0000 2016,RT @Uverse: Things are getting steamy on @RockyHorrorFox and we don't hate it. #RockyHorror 😏,,,Twitter
Dallas2,32.8111091,-96.8092962,3329 Oak Lawn Avenue,75219,Fri Oct 21 01:13:37 +0000 2016,RT @Uverse: Sing it Janet! 🎵Touch A Touch A Touch A Touch Me🎵👅 #RockyHorror,,,Twitter
Dallas2,32.8111091,-96.8092962,3329 Oak Lawn Avenue,75219,Fri Oct 21 01:12:21 +0000 2016,RT @Uverse: Things are getting steamy on @RockyHorrorFox and we don't hate it. #RockyHorror 😏,,,Twitter
Dallas2,32.8111091,-96.8092962,3329 Oak Lawn Avenue,75219,Fri Oct 21 01:11:56 +0000 2016,RT @ATT: RT if you’ll be doing the time warp with Frank N. Furter and the gang tonight during @RockyHorrorFOX at 8/7 on @FOXTV. #RockyHorro…,,,Twitter
Dallas2,32.8111091,-96.8092962,3329 Oak Lawn Avenue,75219,Fri Oct 21 01:10:30 +0000 2016,"RT @JeromyABailey: Hey @verizon, when are we going to unlimited data so I don't have to switch to @ATT?",,,Twitter
Dallas2,32.8111091,-96.8092962,3329 Oak Lawn Avenue,75219,Fri Oct 21 01:09:28 +0000 2016,RT @ATT: Get a sweet deal on the new iPhone 7 when you switch to AT&amp;T and have DIRECTV. https://t.co/TQVeUkmeZ6 https://t.co/zfZmNpe8AP,,,Twitter
Dallas2,32.8111091,-96.8092962,3329 Oak Lawn Avenue,75219,Fri Oct 21 01:09:00 +0000 2016,RT @Uverse: Things are getting steamy on @RockyHorrorFox and we don't hate it. #RockyHorror 😏,,,Twitter
Dallas2,32.8111091,-96.8092962,3329 Oak Lawn Avenue,75219,Fri Oct 21 01:08:50 +0000 2016,"Hey @verizon, when are we going to unlimited data so I don't have to switch to @ATT?",,,Twitter
Dallas2,32.8111091,-96.8092962,3329 Oak Lawn Avenue,75219,Fri Oct 21 01:08:28 +0000 2016,RT @Uverse: Things are getting steamy on @RockyHorrorFox and we don't hate it. #RockyHorror 😏,,,Twitter
Dallas2,32.8111091,-96.8092962,3329 Oak Lawn Avenue,75219,Fri Oct 21 01:07:52 +0000 2016,RT @Uverse: Things are getting steamy on @RockyHorrorFox and we don't hate it. #RockyHorror 😏,,,Twitter
Dallas2,32.8111091,-96.8092962,3329 Oak Lawn Avenue,75219,Fri Oct 21 01:07:25 +0000 2016,RT @Uverse: Things are getting steamy on @RockyHorrorFox and we don't hate it. #RockyHorror 😏,,,Twitter
Dallas2,32.8111091,-96.8092962,3329 Oak Lawn Avenue,75219,Fri Oct 21 01:06:57 +0000 2016,RT @Uverse: Things are getting steamy on @RockyHorrorFox and we don't hate it. #RockyHorror 😏,,,Twitter
Dallas2,32.8111091,-96.8092962,3329 Oak Lawn Avenue,75219,Fri Oct 21 01:05:17 +0000 2016,RT @Uverse: Things are getting steamy on @RockyHorrorFox and we don't hate it. #RockyHorror 😏,,,Twitter
Dallas2,32.8111091,-96.8092962,3329 Oak Lawn Avenue,75219,Fri Oct 21 01:04:30 +0000 2016,RT @Uverse: Things are getting steamy on @RockyHorrorFox and we don't hate it. #RockyHorror 😏,,,Twitter
Dallas2,32.8111091,-96.8092962,3329 Oak Lawn Avenue,75219,Fri Oct 21 01:04:17 +0000 2016,RT @ATT: RT if you’ll be doing the time warp with Frank N. Furter and the gang tonight during @RockyHorrorFOX at 8/7 on @FOXTV. #RockyHorro…,,,Twitter
Dallas2,32.8111091,-96.8092962,3329 Oak Lawn Avenue,75219,Fri Oct 21 01:03:46 +0000 2016,RT @Uverse: Things are getting steamy on @RockyHorrorFox and we don't hate it. #RockyHorror 😏,,,Twitter
Dallas2,32.8111091,-96.8092962,3329 Oak Lawn Avenue,75219,Fri Oct 21 01:03:13 +0000 2016,RT @Uverse: Things are getting steamy on @RockyHorrorFox and we don't hate it. #RockyHorror 😏,,,Twitter
Dallas2,32.8111091,-96.8092962,3329 Oak Lawn Avenue,75219,Fri Oct 21 01:03:11 +0000 2016,RT @Uverse: Things are getting steamy on @RockyHorrorFox and we don't hate it. #RockyHorror 😏,,,Twitter
Dallas2,32.8111091,-96.8092962,3329 Oak Lawn Avenue,75219,Fri Oct 21 01:02:01 +0000 2016,RT @Uverse: Things are getting steamy on @RockyHorrorFox and we don't hate it. #RockyHorror 😏,,,Twitter
Dallas2,32.8111091,-96.8092962,3329 Oak Lawn Avenue,75219,Fri Oct 21 01:01:58 +0000 2016,RT @Uverse: Things are getting steamy on @RockyHorrorFox and we don't hate it. #RockyHorror 😏,,,Twitter
Dallas2,32.8111091,-96.8092962,3329 Oak Lawn Avenue,75219,Fri Oct 21 01:01:57 +0000 2016,RT @Uverse: Things are getting steamy on @RockyHorrorFox and we don't hate it. #RockyHorror 😏,,,Twitter
Dallas2,32.8111091,-96.8092962,3329 Oak Lawn Avenue,75219,Fri Oct 21 01:01:48 +0000 2016,RT @Uverse: Things are getting steamy on @RockyHorrorFox and we don't hate it. #RockyHorror 😏,,,Twitter
Dallas2,32.8111091,-96.8092962,3329 Oak Lawn Avenue,75219,Fri Oct 21 00:59:32 +0000 2016,RT @ATT: Welcome to the team! @taylorswift13 https://t.co/4h86nLYuLo https://t.co/gAHOi7fPrZ,,,Twitter
Dallas2,32.8111091,-96.8092962,3329 Oak Lawn Avenue,75219,Fri Oct 21 00:44:39 +0000 2016,How many more days before #AT&amp;T @ATTCares gets #home #Internet service working again?  Keep getting runaround when I call. #CustomerService,,,Twitter
Dallas2,32.8111091,-96.8092962,3329 Oak Lawn Avenue,75219,Fri Oct 21 00:40:12 +0000 2016,RT @Uverse: Sha la la la 🎶 #RockyHorror https://t.co/W813kv2gh0,,,Twitter
Dallas2,32.8111091,-96.8092962,3329 Oak Lawn Avenue,75219,Fri Oct 21 00:39:22 +0000 2016,RT @ATT: RT if you’ll be doing the time warp with Frank N. Furter and the gang tonight during @RockyHorrorFOX at 8/7 on @FOXTV. #RockyHorro…,,,Twitter
Dallas2,32.8111091,-96.8092962,3329 Oak Lawn Avenue,75219,Fri Oct 21 00:38:37 +0000 2016,RT @ATT: Who made you a college 🏈 fan? Share with #MadeMeAFanContest for a chance to win. Rules https://t.co/hU3I3wFn5V https://t.co/xZbxUJ…,,,Twitter
Dallas2,32.8111091,-96.8092962,3329 Oak Lawn Avenue,75219,Fri Oct 21 00:33:10 +0000 2016,RT @Uverse: Dr. Frank N. Furter has arrived and she is F.I.E.R.C.E. #RockyHorror 👄👠,,,Twitter
Dallas2,32.8111091,-96.8092962,3329 Oak Lawn Avenue,75219,Fri Oct 21 00:31:55 +0000 2016,RT @ATT: RT if you’ll be doing the time warp with Frank N. Furter and the gang tonight during @RockyHorrorFOX at 8/7 on @FOXTV. #RockyHorro…,,,Twitter
Dallas2,32.8111091,-96.8092962,3329 Oak Lawn Avenue,75219,Fri Oct 21 00:25:43 +0000 2016,RT @Uverse: RT if you're on your feet doing the time warp! It's just a jump to the left. #RockyHorror,,,Twitter
Dallas2,32.8111091,-96.8092962,3329 Oak Lawn Avenue,75219,Fri Oct 21 00:24:11 +0000 2016,RT @Uverse: RT if you're on your feet doing the time warp! It's just a jump to the left. #RockyHorror,,,Twitter
Dallas2,32.8111091,-96.8092962,3329 Oak Lawn Avenue,75219,Fri Oct 21 00:23:07 +0000 2016,RT @Uverse: RT if you're on your feet doing the time warp! It's just a jump to the left. #RockyHorror,,,Twitter
Dallas2,32.8111091,-96.8092962,3329 Oak Lawn Avenue,75219,Fri Oct 21 00:22:53 +0000 2016,RT @Uverse: RT if you're on your feet doing the time warp! It's just a jump to the left. #RockyHorror,,,Twitter
Dallas2,32.8111091,-96.8092962,3329 Oak Lawn Avenue,75219,Fri Oct 21 00:10:34 +0000 2016,RT @Uverse: Oh Brad! #RockyHorror https://t.co/tqNGljYdMU,,,Twitter
Dallas2,32.8111091,-96.8092962,3329 Oak Lawn Avenue,75219,Fri Oct 21 00:07:55 +0000 2016,RT @ATT: RT if you’ll be doing the time warp with Frank N. Furter and the gang tonight during @RockyHorrorFOX at 8/7 on @FOXTV. #RockyHorro…,,,Twitter
Dallas2,32.8111091,-96.8092962,3329 Oak Lawn Avenue,75219,Fri Oct 21 00:02:58 +0000 2016,RT @ATT: AT&amp;T #Fiber - The future of the internet is now! Starting with a 1000 Mbps connection. https://t.co/Rw8zxmVDRY,,,Twitter
Dallas2,32.8111091,-96.8092962,3329 Oak Lawn Avenue,75219,Fri Oct 21 00:01:34 +0000 2016,RT @ATT: AT&amp;T #Fiber - The future of the internet is now! Starting with a 1000 Mbps connection. https://t.co/Rw8zxmVDRY,,,Twitter
Dallas2,32.8111091,-96.8092962,3329 Oak Lawn Avenue,75219,Thu Oct 20 23:56:07 +0000 2016,RT @ATT: Welcome to the team! @taylorswift13 https://t.co/4h86nLYuLo https://t.co/gAHOi7fPrZ,,,Twitter
Dallas2,32.8111091,-96.8092962,3329 Oak Lawn Avenue,75219,Thu Oct 20 23:40:46 +0000 2016,RT @ATT: RT if you’ll be doing the time warp with Frank N. Furter and the gang tonight during @RockyHorrorFOX at 8/7 on @FOXTV. #RockyHorro…,,,Twitter
Dallas2,32.8111091,-96.8092962,3329 Oak Lawn Avenue,75219,Thu Oct 20 23:25:49 +0000 2016,RT @Uverse: Who else is watching The #RockyHorrorPictureShowLIVE on @FOX? Tweet along as we do the ⏰ warp again. https://t.co/0Sztr7Ehil,,,Twitter
Dallas2,32.8111091,-96.8092962,3329 Oak Lawn Avenue,75219,Thu Oct 20 23:18:39 +0000 2016,RT @ATT: Get a sweet deal on the new iPhone 7 when you switch to AT&amp;T and have DIRECTV. https://t.co/TQVeUkmeZ6 https://t.co/zfZmNpe8AP,,,Twitter
Dallas2,32.8111091,-96.8092962,3329 Oak Lawn Avenue,75219,Thu Oct 20 23:06:07 +0000 2016,RT @ATT: RT if you’ll be doing the time warp with Frank N. Furter and the gang tonight during @RockyHorrorFOX at 8/7 on @FOXTV. #RockyHorro…,,,Twitter
Dallas2,32.8111091,-96.8092962,3329 Oak Lawn Avenue,75219,Thu Oct 20 23:04:43 +0000 2016,Dear @ATT I need customer service please have someone contact me. RE Cell &amp; UVerse,,,Twitter
Dallas2,32.8111091,-96.8092962,3329 Oak Lawn Avenue,75219,Thu Oct 20 23:04:39 +0000 2016,RT @ATT: .@BinghamDb and @indicowie go undercover at an @MLS game…and you just have to watch the rest: https://t.co/fGvGIRRfFj https://t.co…,,,Twitter
Dallas2,32.8111091,-96.8092962,3329 Oak Lawn Avenue,75219,Thu Oct 20 23:02:51 +0000 2016,RT @ATT: RT if you’ll be doing the time warp with Frank N. Furter and the gang tonight during @RockyHorrorFOX at 8/7 on @FOXTV. #RockyHorro…,,,Twitter
Dallas2,32.8111091,-96.8092962,3329 Oak Lawn Avenue,75219,Thu Oct 20 23:01:41 +0000 2016,RT @ATT: Get a sweet deal on the new iPhone 7 when you switch to AT&amp;T and have DIRECTV. https://t.co/TQVeUkmeZ6 https://t.co/zfZmNpe8AP,,,Twitter
Dallas2,32.8111091,-96.8092962,3329 Oak Lawn Avenue,75219,Thu Oct 20 23:00:43 +0000 2016,RT @ATT: RT if you’ll be doing the time warp with Frank N. Furter and the gang tonight during @RockyHorrorFOX at 8/7 on @FOXTV. #RockyHorro…,,,Twitter
Dallas2,32.8111091,-96.8092962,3329 Oak Lawn Avenue,75219,Thu Oct 20 22:55:42 +0000 2016,RT @ATT: RT if you’ll be doing the time warp with Frank N. Furter and the gang tonight during @RockyHorrorFOX at 8/7 on @FOXTV. #RockyHorro…,,,Twitter
Dallas2,32.8111091,-96.8092962,3329 Oak Lawn Avenue,75219,Thu Oct 20 22:50:42 +0000 2016,RT @ATT: RT if you’ll be doing the time warp with Frank N. Furter and the gang tonight during @RockyHorrorFOX at 8/7 on @FOXTV. #RockyHorro…,,,Twitter
