Store,Latitude,Longitude,Address,Zip,CreatedAt,Text,Senti,Rating,Source
Dallas7,32.8957338,-96.8079243,5959 Royal Lane,75230,Wed Oct 19 15:48:37 +0000 2016,RT @ATT: Who made you a college 🏈 fan? Share with #MadeMeAFanContest for a chance to win. Rules https://t.co/hU3I3wFn5V https://t.co/xZbxUJ…,,,Twitter
Dallas7,32.8957338,-96.8079243,5959 Royal Lane,75230,Wed Oct 19 15:45:28 +0000 2016,"@Zimm102090 YEAH, Danielle! 🙌 Happy Wednesday to you! https://t.co/hpAAFZAWEA",,,Twitter
Dallas7,32.8957338,-96.8079243,5959 Royal Lane,75230,Wed Oct 19 15:39:35 +0000 2016,"@gsepi Woo-hoo! Anytime, Joe :) https://t.co/WDMqAZSHwC",,,Twitter
Dallas7,32.8957338,-96.8079243,5959 Royal Lane,75230,Wed Oct 19 15:37:46 +0000 2016,RT @ATT: Welcome to the team! @taylorswift13 https://t.co/4h86nLYuLo https://t.co/gAHOi7fPrZ,,,Twitter
Dallas7,32.8957338,-96.8079243,5959 Royal Lane,75230,Wed Oct 19 15:36:46 +0000 2016,RT @ATT: Welcome to the team! @taylorswift13 https://t.co/4h86nLYuLo https://t.co/gAHOi7fPrZ,,,Twitter
Dallas7,32.8957338,-96.8079243,5959 Royal Lane,75230,Wed Oct 19 15:36:24 +0000 2016,"@CalebDNH2O Seems like they've got the right idea! Watch out if they move on to dogs, Caleb! ;)",,,Twitter
Dallas7,32.8957338,-96.8079243,5959 Royal Lane,75230,Wed Oct 19 15:35:15 +0000 2016,"New media agency @Hearts_Science lands @ATT, opens shop in Dallas and plans to employ 100 people… https://t.co/BLIleSHPev",,,Twitter
Dallas7,32.8957338,-96.8079243,5959 Royal Lane,75230,Wed Oct 19 15:25:28 +0000 2016,"[Hearts &amp; Science recently opened a shop in downtown Dallas, across the street from AT&amp;T headquarters. Over 30... https://t.co/tAOGJ6Ucj3",,,Twitter
Dallas7,32.8957338,-96.8079243,5959 Royal Lane,75230,Wed Oct 19 15:23:51 +0000 2016,RT @Ruthiesrolling: .@DtownDallasInc @ATT Come see us @browderstplaza for lunch today! #grilledcheese #att #DowntownDallas #lunch https://t…,,,Twitter
Dallas7,32.8957338,-96.8079243,5959 Royal Lane,75230,Wed Oct 19 15:23:45 +0000 2016,RT @attJOBS: Our employees broke records with @Stop_Hunger_Now at our ERG Conference! Learn how they made an #ATTimpact:  https://t.co/3s0Z…,,,Twitter
Dallas7,32.8957338,-96.8079243,5959 Royal Lane,75230,Wed Oct 19 15:09:05 +0000 2016,RT @ATT: Welcome to the team! @taylorswift13 https://t.co/4h86nLYuLo https://t.co/gAHOi7fPrZ,,,Twitter
Dallas7,32.8957338,-96.8079243,5959 Royal Lane,75230,Wed Oct 19 15:00:49 +0000 2016,AT&amp;T Employees Break Records for Stop Hunger Now #ATTimpact  #LifeAtATT https://t.co/lpkejnKD59 #attemployee https://t.co/W9FD5Qt8wZ,,,Twitter
Dallas7,32.8957338,-96.8079243,5959 Royal Lane,75230,Wed Oct 19 15:00:42 +0000 2016,AT&amp;T Debuts Cuba Roaming https://t.co/br6loEZPiH #attemployee https://t.co/k7YQVQauX4,,,Twitter
Dallas7,32.8957338,-96.8079243,5959 Royal Lane,75230,Wed Oct 19 15:00:05 +0000 2016,Puertorriqueña. Inspiradora. Luchadora. @DeniseBidot habla sobre su pasión por romper estereotipos.… https://t.co/fEYPg1cNHT,,,Twitter
Dallas7,32.8957338,-96.8079243,5959 Royal Lane,75230,Wed Oct 19 14:59:41 +0000 2016,"Listen: Life At AT&amp;T Podcast ""Vice Presidents"" - with 3 #womenofATT #LifeatATT https://t.co/lwGGwG5OnJ #attemployee https://t.co/EiK7aP0WEr",,,Twitter
Dallas7,32.8957338,-96.8079243,5959 Royal Lane,75230,Wed Oct 19 14:55:28 +0000 2016,Join a Community of Innovation With a Job at AT&amp;T https://t.co/M8cBUfBLzN via @dailymuse @caroqliu,,,Twitter
Dallas7,32.8957338,-96.8079243,5959 Royal Lane,75230,Wed Oct 19 14:54:08 +0000 2016,RT @attJOBS: Our employees broke records with @Stop_Hunger_Now at our ERG Conference! Learn how they made an #ATTimpact:  https://t.co/3s0Z…,,,Twitter
Dallas7,32.8957338,-96.8079243,5959 Royal Lane,75230,Wed Oct 19 14:53:45 +0000 2016,"RT @ConnectToGood: Our colleagues in Europe, the Middle East &amp; Asia are spreading the @ATT  Aspire mission around the globe: https://t.co/c…",,,Twitter
Dallas7,32.8957338,-96.8079243,5959 Royal Lane,75230,Wed Oct 19 14:47:54 +0000 2016,RT @RickTweetTweet: Listen: Life At AT&amp;T Podcast with 3  #Women Vice Presidents #LifeatATT  #WomenLeaders #ATTDiversity https://t.co/MsMDVK…,,,Twitter
Dallas7,32.8957338,-96.8079243,5959 Royal Lane,75230,Wed Oct 19 14:47:46 +0000 2016,"RT @RickTweetTweet: Women in Tech Q&amp;A: Kay Kapoor - President, AT&amp;T Global Business-Public Sector #WomeninTech #LifeAtATT https://t.co/SRsJ…",,,Twitter
Dallas7,32.8957338,-96.8079243,5959 Royal Lane,75230,Wed Oct 19 14:47:40 +0000 2016,AT&amp;T Employees Break Records for Stop Hunger Now #ATTimpact https://t.co/6KYeAO3a1B #attemployee https://t.co/udUXXJ2j14,,,Twitter
Dallas7,32.8957338,-96.8079243,5959 Royal Lane,75230,Wed Oct 19 14:44:53 +0000 2016,"RT @attJOBS: Through technology, we're helping to connect students with mentors across the country. Here's how: https://t.co/aIHtIbm2d3 #AT…",,,Twitter
Dallas7,32.8957338,-96.8079243,5959 Royal Lane,75230,Wed Oct 19 14:44:45 +0000 2016,RT @attJOBS: See what #LifeAtATT is like for the women of AT&amp;T: https://t.co/9rguQ7QaFV https://t.co/xsQ0cX6Inq,,,Twitter
Dallas7,32.8957338,-96.8079243,5959 Royal Lane,75230,Wed Oct 19 14:44:39 +0000 2016,RT @attJOBS: Our employees broke records with @Stop_Hunger_Now at our ERG Conference! Learn how they made an #ATTimpact:  https://t.co/3s0Z…,,,Twitter
Dallas7,32.8957338,-96.8079243,5959 Royal Lane,75230,Wed Oct 19 14:42:56 +0000 2016,RT @ConnectToGood: Jeffrey mentors students online via @neprisapp. You too can make a difference. Become a mentor! https://t.co/HoNDJnO9Y0…,,,Twitter
Dallas7,32.8957338,-96.8079243,5959 Royal Lane,75230,Wed Oct 19 14:42:55 +0000 2016,"@EWaso24 It certainly is, we love your soccer passion! Follow and DM us, we have something for you. #SoccerEverywhere",,,Twitter
Dallas7,32.8957338,-96.8079243,5959 Royal Lane,75230,Wed Oct 19 14:36:52 +0000 2016,@Fizzle24 What a huge goal! Who is your favorite MLS player? #SoccerEverywhere,,,Twitter
Dallas7,32.8957338,-96.8079243,5959 Royal Lane,75230,Wed Oct 19 14:35:11 +0000 2016,@hammackgeo What an amazing finish! Which MLS team do you support? #SoccerEverywhere,,,Twitter
Dallas7,32.8957338,-96.8079243,5959 Royal Lane,75230,Wed Oct 19 14:14:40 +0000 2016,"New media agency lands #ATT, opens shop in #Dallas and plans to hire 100 people https://t.co/mkUAQFpGsw #DFW",,,Twitter
Dallas7,32.8957338,-96.8079243,5959 Royal Lane,75230,Wed Oct 19 13:41:46 +0000 2016,"New media agency lands @ATT, opens shop in Dallas and plans to hire 100 people https://t.co/IvMoukoQQl via @dallasnews",,,Twitter
Dallas7,32.8957338,-96.8079243,5959 Royal Lane,75230,Wed Oct 19 13:40:37 +0000 2016,"New media agency lands AT&amp;T, opens shop in Dallas and plans to hire 100 people - Dallas News: Dallas NewsNew ... https://t.co/oGT0IP5rdK",,,Twitter
Dallas7,32.8957338,-96.8079243,5959 Royal Lane,75230,Wed Oct 19 13:38:14 +0000 2016,AT&amp;T's commitment to the LGBT community #LifeatATT #LoveEveryone https://t.co/wejb8FsOQt #attemployee https://t.co/ctt2Z0PpF6,,,Twitter
Dallas7,32.8957338,-96.8079243,5959 Royal Lane,75230,Wed Oct 19 13:31:31 +0000 2016,In the past people could travel but most jobs couldnt https://t.co/ZnDYPDPKEW #greatcollaborate #attemployee,,,Twitter
Dallas7,32.8957338,-96.8079243,5959 Royal Lane,75230,Wed Oct 19 13:30:10 +0000 2016,"RT @ATT: @OmarCorrea Rock star speeds just for you, Omar! 👍 https://t.co/u1hBT5Wj7Z",,,Twitter
Dallas7,32.8957338,-96.8079243,5959 Royal Lane,75230,Wed Oct 19 13:26:31 +0000 2016,T-minus 2 hours until the Everything is Fine Webcast! AT&amp;T employees can tune in at https://t.co/vLdzH826xu… https://t.co/theJLvanti,,,Twitter
Dallas7,32.8957338,-96.8079243,5959 Royal Lane,75230,Wed Oct 19 13:16:53 +0000 2016,RT @ATT: Welcome to the team! @taylorswift13 https://t.co/4h86nLYuLo https://t.co/gAHOi7fPrZ,,,Twitter
Dallas7,32.8957338,-96.8079243,5959 Royal Lane,75230,Wed Oct 19 13:10:41 +0000 2016,.@DtownDallasInc @ATT Come see us @browderstplaza for lunch today! #grilledcheese #att #DowntownDallas #lunch https://t.co/Ys6krkrdId,,,Twitter
Dallas7,32.8957338,-96.8079243,5959 Royal Lane,75230,Wed Oct 19 13:02:21 +0000 2016,RT @attJOBS: Our employees broke records with @Stop_Hunger_Now at our ERG Conference! Learn how they made an #ATTimpact:  https://t.co/3s0Z…,,,Twitter
Dallas7,32.8957338,-96.8079243,5959 Royal Lane,75230,Wed Oct 19 12:51:28 +0000 2016,Our employees broke records with @Stop_Hunger_Now at our ERG Conference! Learn how they made an #ATTimpact:… https://t.co/5Yf3WUNoRx,,,Twitter
Dallas7,32.8957338,-96.8079243,5959 Royal Lane,75230,Wed Oct 19 12:12:33 +0000 2016,RT @ATT: Welcome to the team! @taylorswift13 https://t.co/4h86nLYuLo https://t.co/gAHOi7fPrZ,,,Twitter
Dallas7,32.8957338,-96.8079243,5959 Royal Lane,75230,Wed Oct 19 11:35:37 +0000 2016,RT @ATT: Welcome to the team! @taylorswift13 https://t.co/4h86nLYuLo https://t.co/gAHOi7fPrZ,,,Twitter
Dallas7,32.8957338,-96.8079243,5959 Royal Lane,75230,Wed Oct 19 11:32:14 +0000 2016,"New media agency lands AT&amp;T, opens shop in Dallas and plans to hire 100 people https://t.co/mC5VKqTbwN",,,Twitter
Dallas7,32.8957338,-96.8079243,5959 Royal Lane,75230,Wed Oct 19 11:00:01 +0000 2016,Need to cancel an AT&amp;T Workforce Manager order? Take a look at our tutorial at https://t.co/mm5DGoRC18 https://t.co/CDsDLy4Ngz,,,Twitter
Dallas7,32.8957338,-96.8079243,5959 Royal Lane,75230,Wed Oct 19 10:53:18 +0000 2016,RT @attJOBS: See what #LifeAtATT is like for the women of AT&amp;T: https://t.co/9rguQ7QaFV https://t.co/xsQ0cX6Inq,,,Twitter
Dallas7,32.8957338,-96.8079243,5959 Royal Lane,75230,Wed Oct 19 10:17:29 +0000 2016,RT @ATT: Welcome to the team! @taylorswift13 https://t.co/4h86nLYuLo https://t.co/gAHOi7fPrZ,,,Twitter
Dallas7,32.8957338,-96.8079243,5959 Royal Lane,75230,Wed Oct 19 09:24:56 +0000 2016,RT @ATT: Welcome to the team! @taylorswift13 https://t.co/4h86nLYuLo https://t.co/gAHOi7fPrZ,,,Twitter
Dallas7,32.8957338,-96.8079243,5959 Royal Lane,75230,Wed Oct 19 07:43:27 +0000 2016,RT @ATT: Welcome to the team! @taylorswift13 https://t.co/4h86nLYuLo https://t.co/gAHOi7fPrZ,,,Twitter
Dallas7,32.8957338,-96.8079243,5959 Royal Lane,75230,Wed Oct 19 07:33:18 +0000 2016,RT @ATT: Welcome to the team! @taylorswift13 https://t.co/4h86nLYuLo https://t.co/gAHOi7fPrZ,,,Twitter
Dallas7,32.8957338,-96.8079243,5959 Royal Lane,75230,Wed Oct 19 07:11:58 +0000 2016,RT @ATT: Welcome to the team! @taylorswift13 https://t.co/4h86nLYuLo https://t.co/gAHOi7fPrZ,,,Twitter
Dallas7,32.8957338,-96.8079243,5959 Royal Lane,75230,Wed Oct 19 06:24:35 +0000 2016,RT @ATT: Welcome to the team! @taylorswift13 https://t.co/4h86nLYuLo https://t.co/gAHOi7fPrZ,,,Twitter
Dallas7,32.8957338,-96.8079243,5959 Royal Lane,75230,Wed Oct 19 06:24:11 +0000 2016,https://t.co/DCARd26t4R,,,Twitter
Dallas7,32.8957338,-96.8079243,5959 Royal Lane,75230,Wed Oct 19 06:19:41 +0000 2016,RT @ATT: Welcome to the team! @taylorswift13 https://t.co/4h86nLYuLo https://t.co/gAHOi7fPrZ,,,Twitter
Dallas7,32.8957338,-96.8079243,5959 Royal Lane,75230,Wed Oct 19 06:18:39 +0000 2016,RT @ATT: Welcome to the team! @taylorswift13 https://t.co/4h86nLYuLo https://t.co/gAHOi7fPrZ,,,Twitter
Dallas7,32.8957338,-96.8079243,5959 Royal Lane,75230,Wed Oct 19 05:50:12 +0000 2016,RT @JordanSpieth: .@NotahBegay3 with the birdie for Team @ATT at the #SpiethShootout https://t.co/ssL2vULkxd,,,Twitter
Dallas7,32.8957338,-96.8079243,5959 Royal Lane,75230,Wed Oct 19 05:06:02 +0000 2016,FUCKIN UVERSE DIDNT RECORD ALL OF ATLANTA FOR ME IM SICK,,,Twitter
Dallas7,32.8957338,-96.8079243,5959 Royal Lane,75230,Wed Oct 19 04:49:12 +0000 2016,RT @RickTweetTweet: Listen: Life At AT&amp;T Podcast with 3  #Women Vice Presidents #LifeatATT  #WomenLeaders #ATTDiversity https://t.co/MsMDVK…,,,Twitter
Dallas7,32.8957338,-96.8079243,5959 Royal Lane,75230,Wed Oct 19 04:47:48 +0000 2016,https://t.co/WpgKW3vPOD,,,Twitter
Dallas7,32.8957338,-96.8079243,5959 Royal Lane,75230,Wed Oct 19 04:41:00 +0000 2016,I'm watching Munyar Rhazy https://t.co/0rPZUwryge via @sharethis,,,Twitter
Dallas7,32.8957338,-96.8079243,5959 Royal Lane,75230,Wed Oct 19 04:34:52 +0000 2016,@Uverse I'm not paying anything bill until you get this service fixed. #notmeetingservicelevel #tiredofcallingcustomersupport #uversesucks,,,Twitter
Dallas7,32.8957338,-96.8079243,5959 Royal Lane,75230,Wed Oct 19 03:51:07 +0000 2016,"@ATTCares they chose to fill a full 16:9 screen when original film is 2.40:1, changing original vision. Who makes these choices?",,,Twitter
Dallas7,32.8957338,-96.8079243,5959 Royal Lane,75230,Wed Oct 19 03:43:38 +0000 2016,"@ATTCares Ondemand movie being played. TV is set correct. The problem is distributor/broadcaster choices, not hardware on my end.",,,Twitter
Dallas7,32.8957338,-96.8079243,5959 Royal Lane,75230,Wed Oct 19 03:25:40 +0000 2016,"RT @RickTweetTweet: Women in Tech Q&amp;A: Kay Kapoor - President, AT&amp;T Global Business-Public Sector #WomeninTech #LifeAtATT https://t.co/SRsJ…",,,Twitter
Dallas7,32.8957338,-96.8079243,5959 Royal Lane,75230,Wed Oct 19 03:21:54 +0000 2016,@ATTCares the arts district,,,Twitter
Dallas7,32.8957338,-96.8079243,5959 Royal Lane,75230,Wed Oct 19 03:10:09 +0000 2016,RT @EJHolland247: 👎🏻👎🏻👎🏻 Team @ATT  https://t.co/sbavZ9EPEX,,,Twitter
Dallas7,32.8957338,-96.8079243,5959 Royal Lane,75230,Wed Oct 19 03:09:25 +0000 2016,👎🏻👎🏻👎🏻 Team @ATT  https://t.co/sbavZ9EPEX,,,Twitter
Dallas7,32.8957338,-96.8079243,5959 Royal Lane,75230,Wed Oct 19 02:48:25 +0000 2016,"Dear @ATT and @Uverse, please stop center crop. If a movie was shot in 2.35:1 it should be broadcasted that way. I want my money back.",,,Twitter
Dallas7,32.8957338,-96.8079243,5959 Royal Lane,75230,Wed Oct 19 02:43:56 +0000 2016,RT @RickTweetTweet: Listen: Life At AT&amp;T Podcast with 3  #Women Vice Presidents #LifeatATT  #WomenLeaders #ATTDiversity https://t.co/MsMDVK…,,,Twitter
Dallas7,32.8957338,-96.8079243,5959 Royal Lane,75230,Wed Oct 19 02:42:44 +0000 2016,@ATTCares I'm steaming #nextflix but it's all of sudden figured out the probs. We're good for now. Thanks for responding.  :),,,Twitter
Dallas7,32.8957338,-96.8079243,5959 Royal Lane,75230,Wed Oct 19 02:37:34 +0000 2016,RT @RickTweetTweet: Listen: Life At AT&amp;T Podcast with 3  #Women Vice Presidents #LifeatATT  #WomenLeaders #ATTDiversity https://t.co/MsMDVK…,,,Twitter
Dallas7,32.8957338,-96.8079243,5959 Royal Lane,75230,Wed Oct 19 02:36:59 +0000 2016,RT @RickTweetTweet: Listen: Life At AT&amp;T Podcast with 3  #Women Vice Presidents #LifeatATT  #WomenLeaders #ATTDiversity https://t.co/MsMDVK…,,,Twitter
Dallas7,32.8957338,-96.8079243,5959 Royal Lane,75230,Wed Oct 19 02:36:09 +0000 2016,"RT @RickTweetTweet: Women in Tech Q&amp;A: Kay Kapoor - President, AT&amp;T Global Business-Public Sector #WomeninTech #LifeAtATT https://t.co/SRsJ…",,,Twitter
Dallas7,32.8957338,-96.8079243,5959 Royal Lane,75230,Wed Oct 19 02:36:03 +0000 2016,RT @ATT: Welcome to the team! @taylorswift13 https://t.co/4h86nLYuLo https://t.co/gAHOi7fPrZ,,,Twitter
Dallas7,32.8957338,-96.8079243,5959 Royal Lane,75230,Wed Oct 19 02:26:57 +0000 2016,@bobskoda @tine712 @Braveheart_USA We have One America News OANN on UVERSE,,,Twitter
Dallas7,32.8957338,-96.8079243,5959 Royal Lane,75230,Wed Oct 19 02:26:08 +0000 2016,"Gotta love that one bar, @ATTCares. https://t.co/IduQedlep6",,,Twitter
Dallas7,32.8957338,-96.8079243,5959 Royal Lane,75230,Wed Oct 19 02:22:53 +0000 2016,RT @ATTBusinessCare: See how to use a custom signature in your AT&amp;T Landline Texting messages https://t.co/oX1F9ocbVw https://t.co/6pXYWH2y…,,,Twitter
Dallas7,32.8957338,-96.8079243,5959 Royal Lane,75230,Wed Oct 19 02:22:19 +0000 2016,RT @ATTBusinessCare: Looking to change your bigtincan from AT&amp;T password? Check out our tutorial at https://t.co/DMWuWr4MbE https://t.co/5J…,,,Twitter
Dallas7,32.8957338,-96.8079243,5959 Royal Lane,75230,Wed Oct 19 02:22:11 +0000 2016,RT @RickTweetTweet: Listen: Life At AT&amp;T Podcast with 3  #Women Vice Presidents #LifeatATT  #WomenLeaders #ATTDiversity https://t.co/MsMDVK…,,,Twitter
Dallas7,32.8957338,-96.8079243,5959 Royal Lane,75230,Wed Oct 19 02:22:04 +0000 2016,@ATTCares the past 3 weeks or so maybe more. This is unacceptable.,,,Twitter
Dallas7,32.8957338,-96.8079243,5959 Royal Lane,75230,Wed Oct 19 02:22:02 +0000 2016,@ATTCares doing the same thing. Now it seems like the DVR has stopped working as well. This is beyond annoying. We've had a tech here for,,,Twitter
Dallas7,32.8957338,-96.8079243,5959 Royal Lane,75230,Wed Oct 19 02:22:01 +0000 2016,"@ATTCares the service cuts out about 5-10 times per hour. We've had techs come out and move the wap, out in new hardware, rewire, and still",,,Twitter
Dallas7,32.8957338,-96.8079243,5959 Royal Lane,75230,Wed Oct 19 02:20:48 +0000 2016,"RT @RickTweetTweet: Women in Tech Q&amp;A: Kay Kapoor - President, AT&amp;T Global Business-Public Sector #WomeninTech #LifeAtATT https://t.co/SRsJ…",,,Twitter
Dallas7,32.8957338,-96.8079243,5959 Royal Lane,75230,Wed Oct 19 02:20:42 +0000 2016,RT @ATT: Heading to Cuba? Take your phone along for the trip + stay connected to those back home. https://t.co/euhz4Z6Zbb https://t.co/AiPS…,,,Twitter
Dallas7,32.8957338,-96.8079243,5959 Royal Lane,75230,Wed Oct 19 02:20:34 +0000 2016,RT @attJOBS: See what #LifeAtATT is like for the women of AT&amp;T: https://t.co/9rguQ7QaFV https://t.co/xsQ0cX6Inq,,,Twitter
Dallas7,32.8957338,-96.8079243,5959 Royal Lane,75230,Wed Oct 19 02:15:28 +0000 2016,RT @ATT: Welcome to the team! @taylorswift13 https://t.co/4h86nLYuLo https://t.co/gAHOi7fPrZ,,,Twitter
Dallas7,32.8957338,-96.8079243,5959 Royal Lane,75230,Wed Oct 19 02:09:42 +0000 2016,"RT @attJOBS: Through technology, we're helping to connect students with mentors across the country. Here's how: https://t.co/aIHtIbm2d3 #AT…",,,Twitter
Dallas7,32.8957338,-96.8079243,5959 Royal Lane,75230,Wed Oct 19 02:07:42 +0000 2016,RT @ATT: Welcome to the team! @taylorswift13 https://t.co/4h86nLYuLo https://t.co/gAHOi7fPrZ,,,Twitter
Dallas7,32.8957338,-96.8079243,5959 Royal Lane,75230,Wed Oct 19 02:06:06 +0000 2016,RT @ATT: Welcome to the team! @taylorswift13 https://t.co/4h86nLYuLo https://t.co/gAHOi7fPrZ,,,Twitter
Dallas7,32.8957338,-96.8079243,5959 Royal Lane,75230,Wed Oct 19 02:05:37 +0000 2016,Trying to unlock #ATT mobile phone. Bought phone from a store employee &amp; trying to unlock. Denied. 1st owner must u… https://t.co/JXZmzohKmX,,,Twitter
Dallas7,32.8957338,-96.8079243,5959 Royal Lane,75230,Wed Oct 19 02:03:39 +0000 2016,RT @ATT: Welcome to the team! @taylorswift13 https://t.co/4h86nLYuLo https://t.co/gAHOi7fPrZ,,,Twitter
Dallas7,32.8957338,-96.8079243,5959 Royal Lane,75230,Wed Oct 19 02:01:20 +0000 2016,Dear @Uverse I'm having all sorts of probs right now. Broadband mainly. But #Spectrum has moved into town. Hmm...how should I choose.,,,Twitter
Dallas7,32.8957338,-96.8079243,5959 Royal Lane,75230,Wed Oct 19 01:57:50 +0000 2016,"RT @RickTweetTweet: Women in Tech Q&amp;A: Kay Kapoor - President, AT&amp;T Global Business-Public Sector #WomeninTech #LifeAtATT https://t.co/SRsJ…",,,Twitter
Dallas7,32.8957338,-96.8079243,5959 Royal Lane,75230,Wed Oct 19 01:57:36 +0000 2016,"RT @ATT: @trenni We're blushing, Trenni! Thank you. 😊 #ATTLove https://t.co/HG7mV71mOU",,,Twitter
Dallas7,32.8957338,-96.8079243,5959 Royal Lane,75230,Wed Oct 19 01:55:01 +0000 2016,"@Vinnie_L_F We are working to add this programming, please check back again soon.",,,Twitter
Dallas7,32.8957338,-96.8079243,5959 Royal Lane,75230,Wed Oct 19 01:50:23 +0000 2016,RT @RickTweetTweet: Listen: Life At AT&amp;T Podcast with 3  #Women Vice Presidents #LifeatATT  #WomenLeaders #ATTDiversity https://t.co/MsMDVK…,,,Twitter
Dallas7,32.8957338,-96.8079243,5959 Royal Lane,75230,Wed Oct 19 01:46:20 +0000 2016,Listen: Life At AT&amp;T Podcast with 3  #Women Vice Presidents #LifeatATT  #WomenLeaders #ATTDiversity… https://t.co/oekS8APiq3,,,Twitter
Dallas7,32.8957338,-96.8079243,5959 Royal Lane,75230,Wed Oct 19 01:31:51 +0000 2016,RT @ATT: Welcome to the team! @taylorswift13 https://t.co/4h86nLYuLo https://t.co/gAHOi7fPrZ,,,Twitter
Dallas7,32.8957338,-96.8079243,5959 Royal Lane,75230,Wed Oct 19 01:21:40 +0000 2016,@Uverse is your wifi down in Dallas?,,,Twitter
Dallas7,32.8957338,-96.8079243,5959 Royal Lane,75230,Wed Oct 19 01:21:20 +0000 2016,@ATTCares nothing. Is this going to be our whole second year of the contract? I'm ready to switch.,,,Twitter
Dallas7,32.8957338,-96.8079243,5959 Royal Lane,75230,Wed Oct 19 01:21:19 +0000 2016,@ATTCares why does your service suck so much? I see this screen more than the actual TV.  Numerous repair men have… https://t.co/j0ehOZUeUG,,,Twitter
