Store,Latitude,Longitude,Address,Zip,CreatedAt,Text,Senti,Rating,Source
Dallas13,32.845283,-96.787396,6417 Hillcrest Ave,75205,Tue Oct 25 19:18:13 +0000 2016,"AT&amp;T CEO Stephenson speaks, reveals long-awaited price point for DirecTV Now: AT&amp;T’s first foray into streaming TV… https://t.co/77HfyrT2aN",,,Twitter
Dallas13,32.845283,-96.787396,6417 Hillcrest Ave,75205,Tue Oct 25 19:18:10 +0000 2016,"AT&amp;T CEO Stephenson speaks, reveals long-awaited price point for DirecTV Now https://t.co/aI6Fk9WDoE #Dallas",,,Twitter
Dallas13,32.845283,-96.787396,6417 Hillcrest Ave,75205,Tue Oct 25 19:13:17 +0000 2016,"@JenSwirsky Jen, you're making our day! Thanks for the #ATTLove. https://t.co/isGmJhfqMn",,,Twitter
Dallas13,32.845283,-96.787396,6417 Hillcrest Ave,75205,Tue Oct 25 19:11:38 +0000 2016,DallasBizNews: RT DBJShinneman: Stephenson said some new stuff about DirecTV Now and Time Warner this morning https://t.co/QfjPIqRLFx $T D…,,,Twitter
Dallas13,32.845283,-96.787396,6417 Hillcrest Ave,75205,Tue Oct 25 19:11:34 +0000 2016,RT @DBJShinneman: Stephenson said some new stuff about DirecTV Now and Time Warner this morning https://t.co/fgq2QFh1dC $T @DallasBizNews,,,Twitter
Dallas13,32.845283,-96.787396,6417 Hillcrest Ave,75205,Tue Oct 25 19:10:03 +0000 2016,Stephenson said some new stuff about DirecTV Now and Time Warner this morning https://t.co/fgq2QFh1dC $T @DallasBizNews,,,Twitter
Dallas13,32.845283,-96.787396,6417 Hillcrest Ave,75205,Tue Oct 25 19:03:13 +0000 2016,#ATT announces launch of DirecTV Now for $35 a month https://t.co/QOyfkCUX2v #DFW,,,Twitter
Dallas13,32.845283,-96.787396,6417 Hillcrest Ave,75205,Tue Oct 25 19:02:03 +0000 2016,RT @attJOBS: At the end of an interview you have a chance to make a lasting impression. Take it! Learn how: https://t.co/Fq9rgFL6f3 #Career…,,,Twitter
Dallas13,32.845283,-96.787396,6417 Hillcrest Ave,75205,Tue Oct 25 19:01:24 +0000 2016,RT @attJOBS: We're helping connect youth to their first jobs by signing on to the White House's First Job Compact. Learn more: https://t.co…,,,Twitter
Dallas13,32.845283,-96.787396,6417 Hillcrest Ave,75205,Tue Oct 25 19:00:36 +0000 2016,"RT @attJOBS: With the power to shape new accessibility tech (like a speech-to-text hearing aid), #InclusionWorks at AT&amp;T. https://t.co/P4aq…",,,Twitter
Dallas13,32.845283,-96.787396,6417 Hillcrest Ave,75205,Tue Oct 25 19:00:23 +0000 2016,AT&amp;T announces launch of new video streaming product DirecTV Now for $35 a month. https://t.co/v7LI0v8hPx,,,Twitter
Dallas13,32.845283,-96.787396,6417 Hillcrest Ave,75205,Tue Oct 25 18:55:19 +0000 2016,What’s different about 5G than previous “G’s”? https://t.co/5LAELBQ3aq #attemployee https://t.co/aLAuzCLFvV,,,Twitter
Dallas13,32.845283,-96.787396,6417 Hillcrest Ave,75205,Tue Oct 25 18:55:19 +0000 2016,@eyeMediaDiva talks what makes for a good brand influencer on #TheBridgeATT https://t.co/7WZA2Dmkuz #attemployee https://t.co/mOdZ59mkpJ,,,Twitter
Dallas13,32.845283,-96.787396,6417 Hillcrest Ave,75205,Tue Oct 25 18:55:16 +0000 2016,"When They Destroy, We Deploy: NDR 2016 by the Numbers https://t.co/mQ8vLMk9Xk #attemployee https://t.co/gMhMY9sbcm",,,Twitter
Dallas13,32.845283,-96.787396,6417 Hillcrest Ave,75205,Tue Oct 25 18:36:05 +0000 2016,RT @attJOBS: Share what you love about technology with our customers. Now Hiring throughout the Bay Area! https://t.co/ig3a1FgKS4 https://t…,,,Twitter
Dallas13,32.845283,-96.787396,6417 Hillcrest Ave,75205,Tue Oct 25 18:34:47 +0000 2016,RT @ATTBusiness: Watch how to protect your business from evolving threats. Get our report to learn more: https://t.co/8Ixmpp7esC #ATTCyberC…,,,Twitter
Dallas13,32.845283,-96.787396,6417 Hillcrest Ave,75205,Tue Oct 25 18:33:45 +0000 2016,Useful glossary of AT&amp;T and Time Warner speak from @melissa_repko https://t.co/LCHlH0nhzZ via @dallasnews,,,Twitter
Dallas13,32.845283,-96.787396,6417 Hillcrest Ave,75205,Tue Oct 25 18:33:40 +0000 2016,Just watched the @WSJ feed featuring the CEOs of ATT and Time Warner. Looks like we're all getting $35 cable/satellite and free college!,,,Twitter
Dallas13,32.845283,-96.787396,6417 Hillcrest Ave,75205,Tue Oct 25 18:33:31 +0000 2016,AT&amp;T's online-only DirecTV service costs $35 a month - It's been just a few days since AT&amp;amp;T announced that ... https://t.co/kexlWuU5Z7,,,Twitter
Dallas13,32.845283,-96.787396,6417 Hillcrest Ave,75205,Tue Oct 25 18:27:17 +0000 2016,@ATT might have the worst customer service out there. Honestly should consider changing dept name to Customer Disservice.,,,Twitter
Dallas13,32.845283,-96.787396,6417 Hillcrest Ave,75205,Tue Oct 25 18:26:23 +0000 2016,AT&amp;T's online-only DirecTV service costs $35 a month https://t.co/IwkgY69xXz via @engadget,,,Twitter
Dallas13,32.845283,-96.787396,6417 Hillcrest Ave,75205,Tue Oct 25 18:26:09 +0000 2016,#ATT announces launch of DirecTV Now for $35 a month https://t.co/gi4hMBNfnP #DFW #Tech,,,Twitter
Dallas13,32.845283,-96.787396,6417 Hillcrest Ave,75205,Tue Oct 25 18:25:32 +0000 2016,"AT&amp;T Will Launch $35-Per-Month Streaming TV With 100+ Channels: ""DirecTV Now"" will launch with partnerships f... https://t.co/fO3PRHd0Kq",,,Twitter
Dallas13,32.845283,-96.787396,6417 Hillcrest Ave,75205,Tue Oct 25 18:23:56 +0000 2016,RT @melissa_repko: AT&amp;T CEO Randall Stephenson says DirecTV Now streaming service will launch in late November and cost $35 per month.,,,Twitter
Dallas13,32.845283,-96.787396,6417 Hillcrest Ave,75205,Tue Oct 25 18:23:30 +0000 2016,We have a DirecTV Now price point: AT&amp;T CEO Stephenson says at #WSJlive that streaming product will cost $35 a month,,,Twitter
Dallas13,32.845283,-96.787396,6417 Hillcrest Ave,75205,Tue Oct 25 18:22:11 +0000 2016,RT @melissa_repko: AT&amp;T CEO Randall Stephenson says DirecTV Now streaming service will launch in late November and cost $35 per month.,,,Twitter
Dallas13,32.845283,-96.787396,6417 Hillcrest Ave,75205,Tue Oct 25 18:21:00 +0000 2016,An AT&amp;T-Time Warner Merger Won’t Do Jack for Consumers - https://t.co/JtVwGYawGf,,,Twitter
Dallas13,32.845283,-96.787396,6417 Hillcrest Ave,75205,Tue Oct 25 18:20:21 +0000 2016,AT&amp;T will offer $35 subscription with 100 channels and includes mobile streaming https://t.co/8w9jZaG10C,,,Twitter
Dallas13,32.845283,-96.787396,6417 Hillcrest Ave,75205,Tue Oct 25 18:19:36 +0000 2016,RT @PhilipTKingston: https://t.co/5ITqgbqyPo,,,Twitter
Dallas13,32.845283,-96.787396,6417 Hillcrest Ave,75205,Tue Oct 25 18:16:52 +0000 2016,AT&amp;T's online-only DirecTV service costs $35 a month - It's been just a few days since AT&amp;amp;T announced that ... https://t.co/d2scuHvVu4,,,Twitter
Dallas13,32.845283,-96.787396,6417 Hillcrest Ave,75205,Tue Oct 25 18:15:34 +0000 2016,RT @melissa_repko: Stephenson rejects consumer concerns that merger is ploy to raise prices. He points to $35/month price of new streaming…,,,Twitter
Dallas13,32.845283,-96.787396,6417 Hillcrest Ave,75205,Tue Oct 25 18:15:11 +0000 2016,RT @melissa_repko: AT&amp;T CEO Randall Stephenson says DirecTV Now streaming service will launch in late November and cost $35 per month.,,,Twitter
Dallas13,32.845283,-96.787396,6417 Hillcrest Ave,75205,Tue Oct 25 18:14:29 +0000 2016,https://t.co/5ITqgbqyPo,,,Twitter
Dallas13,32.845283,-96.787396,6417 Hillcrest Ave,75205,Tue Oct 25 18:06:27 +0000 2016,RT @SportsDayDFW: Big 12's decision on football divisions expected in near future; AT&amp;T Stadium favored to host title game? https://t.co/km…,,,Twitter
Dallas13,32.845283,-96.787396,6417 Hillcrest Ave,75205,Tue Oct 25 18:05:46 +0000 2016,"Stephenson rejects consumer concerns that merger is ploy to raise prices. He points to $35/month price of new streaming product, DirecTV Now",,,Twitter
Dallas13,32.845283,-96.787396,6417 Hillcrest Ave,75205,Tue Oct 25 18:03:46 +0000 2016,@Uverse I hope you guys realize people have to work from home and the internet these days is as important as air. Fix your shitty internet,,,Twitter
Dallas13,32.845283,-96.787396,6417 Hillcrest Ave,75205,Tue Oct 25 18:01:48 +0000 2016,With the insane number of problems Ive had with @Uverse they should be switching me to giga power for free #worstinternetever #uverse,,,Twitter
Dallas13,32.845283,-96.787396,6417 Hillcrest Ave,75205,Tue Oct 25 18:01:17 +0000 2016,RT @ATTBusiness: Watch how to protect your business from evolving threats. Get our report to learn more: https://t.co/8Ixmpp7esC #ATTCyberC…,,,Twitter
Dallas13,32.845283,-96.787396,6417 Hillcrest Ave,75205,Tue Oct 25 17:59:58 +0000 2016,RT @ATT: Welcome to the team! @taylorswift13 https://t.co/4h86nLYuLo https://t.co/gAHOi7fPrZ,,,Twitter
Dallas13,32.845283,-96.787396,6417 Hillcrest Ave,75205,Tue Oct 25 17:59:20 +0000 2016,Seriously if you live in DFW don't get @Uverse their customer service sucks and they have no sense of urgency #at&amp;tuverse #uverse,,,Twitter
Dallas13,32.845283,-96.787396,6417 Hillcrest Ave,75205,Tue Oct 25 17:58:32 +0000 2016,I used to think @Uverse was more reliable than TWC but Ive never had a worse experience with my internet problems than Ive had with att,,,Twitter
Dallas13,32.845283,-96.787396,6417 Hillcrest Ave,75205,Tue Oct 25 17:57:18 +0000 2016,RT @ATT: Welcome to the team! @taylorswift13 https://t.co/4h86nLYuLo https://t.co/gAHOi7fPrZ,,,Twitter
Dallas13,32.845283,-96.787396,6417 Hillcrest Ave,75205,Tue Oct 25 17:55:57 +0000 2016,AT&amp;T CEO Randall Stephenson says DirecTV Now streaming service will launch in late November and cost $35 per month.,,,Twitter
Dallas13,32.845283,-96.787396,6417 Hillcrest Ave,75205,Tue Oct 25 17:50:21 +0000 2016,"RT @dallasnews: Can @ATT and @twxcorp avoid a left-brain, right-brain culture clash? https://t.co/yHdZP2gthZ | @MitchSchnurman https://t.co…",,,Twitter
Dallas13,32.845283,-96.787396,6417 Hillcrest Ave,75205,Tue Oct 25 17:48:13 +0000 2016,@ATTCares still not working :(,,,Twitter
Dallas13,32.845283,-96.787396,6417 Hillcrest Ave,75205,Tue Oct 25 17:47:18 +0000 2016,RT @SportsDayDFW: Big 12's decision on football divisions expected in near future; AT&amp;T Stadium favored to host title game? https://t.co/km…,,,Twitter
Dallas13,32.845283,-96.787396,6417 Hillcrest Ave,75205,Tue Oct 25 17:46:38 +0000 2016,@MaxAulakh Hi Max. We want to help get to the bottom of this. Are you able to DM us your account number and contact phone number?,,,Twitter
Dallas13,32.845283,-96.787396,6417 Hillcrest Ave,75205,Tue Oct 25 17:45:11 +0000 2016,damn s/o @ATT for spying on Americans for profit AND providing shit internet,,,Twitter
Dallas13,32.845283,-96.787396,6417 Hillcrest Ave,75205,Tue Oct 25 17:40:35 +0000 2016,Millennials - largest generation of US workforce &amp; likely over 1/2 global by 2020 https://t.co/nrmXqjKfQV #telecom #attemployee,,,Twitter
Dallas13,32.845283,-96.787396,6417 Hillcrest Ave,75205,Tue Oct 25 17:37:35 +0000 2016,"Iowa Sen. Grassley calls for review of AT&amp;T, Time Warner deal https://t.co/OhjWTbq6ks",,,Twitter
Dallas13,32.845283,-96.787396,6417 Hillcrest Ave,75205,Tue Oct 25 17:37:06 +0000 2016,AT&amp;T begins push to sell customers on Time Warner merger https://t.co/Hy26OVyKjI | @melissa_repko https://t.co/ysgmhStvKk,,,Twitter
Dallas13,32.845283,-96.787396,6417 Hillcrest Ave,75205,Tue Oct 25 17:32:33 +0000 2016,RT @ATTBusiness: Watch how to protect your business from evolving threats. Get our report to learn more: https://t.co/8Ixmpp7esC #ATTCyberC…,,,Twitter
Dallas13,32.845283,-96.787396,6417 Hillcrest Ave,75205,Tue Oct 25 17:31:02 +0000 2016,RT @ATT: Another reason to smile for the camera. The #LGV20 from @LGUSAMobile will be available in stores starting today. https://t.co/TILu…,,,Twitter
Dallas13,32.845283,-96.787396,6417 Hillcrest Ave,75205,Tue Oct 25 17:28:52 +0000 2016,RT @attJOBS: Our new #SanFrancisco flagship store is restored and ready for the future with our latest technology. Take a look: https://t.c…,,,Twitter
Dallas13,32.845283,-96.787396,6417 Hillcrest Ave,75205,Tue Oct 25 17:23:14 +0000 2016,"How to talk about the #ATT, Time Warner deal like an insider https://t.co/vO3oDsR86f #DFW #Tech",,,Twitter
Dallas13,32.845283,-96.787396,6417 Hillcrest Ave,75205,Tue Oct 25 17:15:33 +0000 2016,New media agency Hearts &amp; Science lands AT&amp;T / opens #Dallas shop / plans to hire 100 people. Welcome to Big D! https://t.co/UQ76xMu0sE,,,Twitter
Dallas13,32.845283,-96.787396,6417 Hillcrest Ave,75205,Tue Oct 25 17:11:34 +0000 2016,RT @ATT: Another reason to smile for the camera. The #LGV20 from @LGUSAMobile will be available in stores starting today. https://t.co/TILu…,,,Twitter
Dallas13,32.845283,-96.787396,6417 Hillcrest Ave,75205,Tue Oct 25 17:07:48 +0000 2016,"RT @dmn_cowboys: No playoff games at AT&amp;T Stadium the first 3 rounds, but The Star may host postseason games the first 5 rounds  https://t.…",,,Twitter
Dallas13,32.845283,-96.787396,6417 Hillcrest Ave,75205,Tue Oct 25 17:05:06 +0000 2016,Why Democrats and Republicans both want to stop the AT&amp;T/Time Warner merger https://t.co/NsiQ6GFYIv,,,Twitter
Dallas13,32.845283,-96.787396,6417 Hillcrest Ave,75205,Tue Oct 25 17:01:05 +0000 2016,RT @attJOBS: Share what you love about tech with our diverse customer base. Now Hiring in the Bay Area! https://t.co/vK804bbb18 https://t.c…,,,Twitter
Dallas13,32.845283,-96.787396,6417 Hillcrest Ave,75205,Tue Oct 25 16:56:13 +0000 2016,RT @attJOBS: Our new #SanFrancisco flagship store is restored and ready for the future with our latest technology. Take a look: https://t.c…,,,Twitter
Dallas13,32.845283,-96.787396,6417 Hillcrest Ave,75205,Tue Oct 25 16:54:28 +0000 2016,"RT @dmn_cowboys: No playoff games at AT&amp;T Stadium the first 3 rounds, but The Star may host postseason games the first 5 rounds  https://t.…",,,Twitter
Dallas13,32.845283,-96.787396,6417 Hillcrest Ave,75205,Tue Oct 25 16:54:28 +0000 2016,"How to talk about the AT&amp;T, Time Warner deal like an insider. https://t.co/3AB12cPQEs",,,Twitter
Dallas13,32.845283,-96.787396,6417 Hillcrest Ave,75205,Tue Oct 25 16:52:02 +0000 2016,"RT @dmn_cowboys: No playoff games at AT&amp;T Stadium the first 3 rounds, but The Star may host postseason games the first 5 rounds  https://t.…",,,Twitter
Dallas13,32.845283,-96.787396,6417 Hillcrest Ave,75205,Tue Oct 25 16:51:42 +0000 2016,"RT @dmn_cowboys: No playoff games at AT&amp;T Stadium the first 3 rounds, but The Star may host postseason games the first 5 rounds  https://t.…",,,Twitter
Dallas13,32.845283,-96.787396,6417 Hillcrest Ave,75205,Tue Oct 25 16:51:29 +0000 2016,RT @ATT: Get a sweet deal on the new iPhone 7 when you switch to AT&amp;T and have DIRECTV. https://t.co/TQVeUkmeZ6 https://t.co/zfZmNpe8AP,,,Twitter
Dallas13,32.845283,-96.787396,6417 Hillcrest Ave,75205,Tue Oct 25 16:49:54 +0000 2016,#ESports 101 for the uninitiated on #TheBridgeATT https://t.co/4GKkDEBZaJ #attemployee https://t.co/O3jHI7KUb4,,,Twitter
Dallas13,32.845283,-96.787396,6417 Hillcrest Ave,75205,Tue Oct 25 16:48:24 +0000 2016,"When you work from home and the Wifi is down 🙃

And they can't come to fix it until tomorrow night... @ATTCares",,,Twitter
Dallas13,32.845283,-96.787396,6417 Hillcrest Ave,75205,Tue Oct 25 16:47:56 +0000 2016,Big 12's decision on football divisions expected in near future; AT&amp;T Stadium favored to host title game?… https://t.co/8DTbd1iyWP,,,Twitter
Dallas13,32.845283,-96.787396,6417 Hillcrest Ave,75205,Tue Oct 25 16:46:59 +0000 2016,RT @dallasnews: What to make of an AT&amp;T and Time Warner merger | @DMNOpinion https://t.co/pwyOcObJxn https://t.co/VfavqBHiwK,,,Twitter
Dallas13,32.845283,-96.787396,6417 Hillcrest Ave,75205,Tue Oct 25 16:46:43 +0000 2016,@DIRECTV Im having problems with my box and all i keep getting is fucked up customer service. ..,,,Twitter
Dallas13,32.845283,-96.787396,6417 Hillcrest Ave,75205,Tue Oct 25 16:46:17 +0000 2016,What to make of an AT&amp;T and Time Warner merger | @DMNOpinion https://t.co/pwyOcObJxn https://t.co/VfavqBHiwK,,,Twitter
Dallas13,32.845283,-96.787396,6417 Hillcrest Ave,75205,Tue Oct 25 16:40:17 +0000 2016,RT @ATT: Welcome to the team! @taylorswift13 https://t.co/4h86nLYuLo https://t.co/gAHOi7fPrZ,,,Twitter
Dallas13,32.845283,-96.787396,6417 Hillcrest Ave,75205,Tue Oct 25 16:37:45 +0000 2016,Big 12's decision on football divisions expected in near future; AT&amp;T Stadium favored to host title game? https://t.co/zrnRIY7P48,,,Twitter
Dallas13,32.845283,-96.787396,6417 Hillcrest Ave,75205,Tue Oct 25 16:37:00 +0000 2016,Big 12's decision on football divisions expected in near future; AT&amp;T Stadium favored to host title game? - D... https://t.co/tX2mO4Kcit,,,Twitter
Dallas13,32.845283,-96.787396,6417 Hillcrest Ave,75205,Tue Oct 25 16:29:26 +0000 2016,[At least potentially] AT&amp;T Deal Offers Ad-Industry Aid -- WSJ https://t.co/kulq3UP5jO via @Nasdaq,,,Twitter
Dallas13,32.845283,-96.787396,6417 Hillcrest Ave,75205,Tue Oct 25 16:27:36 +0000 2016,@ATTCares what details? Look at the picture and take in how stupid it is.,,,Twitter
Dallas13,32.845283,-96.787396,6417 Hillcrest Ave,75205,Tue Oct 25 16:25:12 +0000 2016,The new AT&amp;T could control the path from the cable box to your phone https://t.co/cCSmTmGWfJ // Interesting deal..… https://t.co/yG2a53AHJJ,,,Twitter
Dallas13,32.845283,-96.787396,6417 Hillcrest Ave,75205,Tue Oct 25 16:25:00 +0000 2016,What to make of an AT&amp;T and Time Warner merger https://t.co/GS89pWNIJu https://t.co/xsnOAOF6sF,,,Twitter
Dallas13,32.845283,-96.787396,6417 Hillcrest Ave,75205,Tue Oct 25 16:24:56 +0000 2016,RT @ATT: Another reason to smile for the camera. The #LGV20 from @LGUSAMobile will be available in stores starting today. https://t.co/TILu…,,,Twitter
Dallas13,32.845283,-96.787396,6417 Hillcrest Ave,75205,Tue Oct 25 16:23:48 +0000 2016,"@JMar_lewis We love your soccer passion! Follow and DM us, we have something for you #SoccerEverywhere",,,Twitter
Dallas13,32.845283,-96.787396,6417 Hillcrest Ave,75205,Tue Oct 25 16:20:29 +0000 2016,"""AT&amp;T Set to Lobby for Merger With Deep Pockets and a Big Network"" via @nytimes https://t.co/Gx1AiAutKf https://t.co/5tRMdWeqfw",,,Twitter
Dallas13,32.845283,-96.787396,6417 Hillcrest Ave,75205,Tue Oct 25 16:19:17 +0000 2016,"Hey @ATTCares if Uverse service is out in my neighborhood, can I get a discount on my extra mobile data usage?",,,Twitter
Dallas13,32.845283,-96.787396,6417 Hillcrest Ave,75205,Tue Oct 25 16:18:27 +0000 2016,RT @ATT: Get a sweet deal on the new iPhone 7 when you switch to AT&amp;T and have DIRECTV. https://t.co/TQVeUkmeZ6 https://t.co/zfZmNpe8AP,,,Twitter
Dallas13,32.845283,-96.787396,6417 Hillcrest Ave,75205,Tue Oct 25 16:17:34 +0000 2016,"RT @dallasnews: Can @ATT and @twxcorp avoid a left-brain, right-brain culture clash? https://t.co/yHdZP2gthZ | @MitchSchnurman https://t.co…",,,Twitter
Dallas13,32.845283,-96.787396,6417 Hillcrest Ave,75205,Tue Oct 25 16:16:44 +0000 2016,"Can @ATT and @twxcorp avoid a left-brain, right-brain culture clash? https://t.co/yHdZP2gthZ | @MitchSchnurman https://t.co/7NGS7Iampy",,,Twitter
Dallas13,32.845283,-96.787396,6417 Hillcrest Ave,75205,Tue Oct 25 16:15:35 +0000 2016,"Me: If I pay you every month, will you give me internet? 
ATT: yep
Me:wifi is down
ATT: We'll fix it. For a fee.
Me: but I already pay you",,,Twitter
Dallas13,32.845283,-96.787396,6417 Hillcrest Ave,75205,Tue Oct 25 16:15:34 +0000 2016,"""AT&amp;T Set to Lobby for Merger With Deep Pockets and a Big Network"" by CECILIA KANG and ERI… https://t.co/ghFQggHyyr https://t.co/VZKXs8yAU8",,,Twitter
Dallas13,32.845283,-96.787396,6417 Hillcrest Ave,75205,Tue Oct 25 16:08:34 +0000 2016,RT @ATT: Welcome to the team! @taylorswift13 https://t.co/4h86nLYuLo https://t.co/gAHOi7fPrZ,,,Twitter
Dallas13,32.845283,-96.787396,6417 Hillcrest Ave,75205,Tue Oct 25 15:58:50 +0000 2016,RT @ATTBusiness: Watch how to protect your business from evolving threats. Get our report to learn more: https://t.co/8Ixmpp7esC #ATTCyberC…,,,Twitter
Dallas13,32.845283,-96.787396,6417 Hillcrest Ave,75205,Tue Oct 25 15:58:42 +0000 2016,Watch how to protect your business from evolving threats. Get our report to learn more: https://t.co/8Ixmpp7esC… https://t.co/Uwj6XaJ20N,,,Twitter
Dallas13,32.845283,-96.787396,6417 Hillcrest Ave,75205,Tue Oct 25 15:51:46 +0000 2016,RT @ATT: Welcome to the team! @taylorswift13 https://t.co/4h86nLYuLo https://t.co/gAHOi7fPrZ,,,Twitter
Dallas13,32.845283,-96.787396,6417 Hillcrest Ave,75205,Tue Oct 25 15:49:38 +0000 2016,RT @ATT: Welcome to the team! @taylorswift13 https://t.co/4h86nLYuLo https://t.co/gAHOi7fPrZ,,,Twitter
Dallas13,32.845283,-96.787396,6417 Hillcrest Ave,75205,Tue Oct 25 15:37:56 +0000 2016,"RT @dallasnews: #EarlyVoting records, rising health care costs, AT&amp;T merger updates: Your Tuesday morning news roundup | https://t.co/qEnxI…",,,Twitter
Dallas13,32.845283,-96.787396,6417 Hillcrest Ave,75205,Tue Oct 25 15:33:42 +0000 2016,RT @ATTBusiness: Maximize taste + minimize waste w/ #IoT! See how @ndustrialio preserves the nation’s food supply:  https://t.co/mKztl4Nw9n…,,,Twitter
Dallas13,32.845283,-96.787396,6417 Hillcrest Ave,75205,Tue Oct 25 15:33:11 +0000 2016,RT @ATTBusiness: Maximize taste + minimize waste w/ #IoT! See how @ndustrialio preserves the nation’s food supply:  https://t.co/mKztl4Nw9n…,,,Twitter
Dallas13,32.845283,-96.787396,6417 Hillcrest Ave,75205,Tue Oct 25 15:25:40 +0000 2016,RT @ATT: Welcome to the team! @taylorswift13 https://t.co/4h86nLYuLo https://t.co/gAHOi7fPrZ,,,Twitter
Dallas13,32.845283,-96.787396,6417 Hillcrest Ave,75205,Tue Oct 25 15:21:06 +0000 2016,RT @ATT: Welcome to the team! @taylorswift13 https://t.co/4h86nLYuLo https://t.co/gAHOi7fPrZ,,,Twitter
Dallas13,32.845283,-96.787396,6417 Hillcrest Ave,75205,Tue Oct 25 15:18:09 +0000 2016,RT @attJOBS: Our new #SanFrancisco flagship store is restored and ready for the future with our latest technology. Take a look: https://t.c…,,,Twitter
Dallas13,32.845283,-96.787396,6417 Hillcrest Ave,75205,Sun Oct 23 20:11:55 +0000 2016,RT @ATT: Welcome to the team! @taylorswift13 https://t.co/4h86nLYuLo https://t.co/gAHOi7fPrZ,,,Twitter
Dallas13,32.845283,-96.787396,6417 Hillcrest Ave,75205,Sun Oct 23 20:08:36 +0000 2016,@ATTCares how quick could you get service to my house in Irving? Apparently after 4 years of service my ISP sh*t the bed and need a quote.,,,Twitter
Dallas13,32.845283,-96.787396,6417 Hillcrest Ave,75205,Sun Oct 23 20:08:12 +0000 2016,RT @ATT: The #futureofvideo is mobile and the #futureofmobile is video. Time Warner + AT&amp;T make it happen! @twxcorp https://t.co/GKx4U9TQYg,,,Twitter
Dallas13,32.845283,-96.787396,6417 Hillcrest Ave,75205,Sun Oct 23 20:04:46 +0000 2016,RT @ATT: Welcome to the team! @taylorswift13 https://t.co/4h86nLYuLo https://t.co/gAHOi7fPrZ,,,Twitter
Dallas13,32.845283,-96.787396,6417 Hillcrest Ave,75205,Sun Oct 23 19:59:03 +0000 2016,"RT @ATT: @marariann_ This is a special, invitation-only concert, but we’ll be giving away lots of tickets to fans and AT&amp;T customers soon.",,,Twitter
Dallas13,32.845283,-96.787396,6417 Hillcrest Ave,75205,Sun Oct 23 19:59:00 +0000 2016,RT @ATT: Welcome to the team! @taylorswift13 https://t.co/4h86nLYuLo https://t.co/gAHOi7fPrZ,,,Twitter
Dallas13,32.845283,-96.787396,6417 Hillcrest Ave,75205,Sun Oct 23 19:58:43 +0000 2016,"RT @ATT: Some people may wait a lifetime, but you don't have to. On 11/2-3, AT&amp;T customers can buy @kelly_clarkson tix early. https://t.co/…",,,Twitter
Dallas13,32.845283,-96.787396,6417 Hillcrest Ave,75205,Sun Oct 23 19:42:10 +0000 2016,RT @ATT: Welcome to the team! @taylorswift13 https://t.co/4h86nLYuLo https://t.co/gAHOi7fPrZ,,,Twitter
Dallas13,32.845283,-96.787396,6417 Hillcrest Ave,75205,Sun Oct 23 19:36:03 +0000 2016,"RT @PhilipTKingston: Why do I suddenly feel so good about @BCBSAssociation? Hint, hint, @ATT @DtownDallasInc https://t.co/dEwVDTELlT",,,Twitter
Dallas13,32.845283,-96.787396,6417 Hillcrest Ave,75205,Sun Oct 23 19:33:28 +0000 2016,RT @ATT: The #futureofvideo is mobile and the #futureofmobile is video. Time Warner + AT&amp;T make it happen! @twxcorp https://t.co/GKx4U9TQYg,,,Twitter
Dallas13,32.845283,-96.787396,6417 Hillcrest Ave,75205,Sun Oct 23 19:30:55 +0000 2016,"Why do I suddenly feel so good about @BCBSAssociation? Hint, hint, @ATT @DtownDallasInc https://t.co/dEwVDTELlT",,,Twitter
Dallas13,32.845283,-96.787396,6417 Hillcrest Ave,75205,Sun Oct 23 19:24:04 +0000 2016,RT @ATT: The #futureofvideo is mobile and the #futureofmobile is video. Time Warner + AT&amp;T make it happen! @twxcorp https://t.co/GKx4U9TQYg,,,Twitter
Dallas13,32.845283,-96.787396,6417 Hillcrest Ave,75205,Sun Oct 23 19:23:09 +0000 2016,RT @ATT: @_Reflection5H Not necessarily. We’ll be giving away lots of tickets to Taylor fans including AT&amp;T customers &amp; special guests.,,,Twitter
Dallas13,32.845283,-96.787396,6417 Hillcrest Ave,75205,Sun Oct 23 19:22:21 +0000 2016,RT @ATT: Who made you a college 🏈 fan? Share with #MadeMeAFanContest for a chance to win. Rules https://t.co/hU3I3wFn5V https://t.co/xZbxUJ…,,,Twitter
Dallas13,32.845283,-96.787396,6417 Hillcrest Ave,75205,Sun Oct 23 19:21:41 +0000 2016,RT @ATT: The #futureofvideo is mobile and the #futureofmobile is video. Time Warner + AT&amp;T make it happen! @twxcorp https://t.co/GKx4U9TQYg,,,Twitter
Dallas13,32.845283,-96.787396,6417 Hillcrest Ave,75205,Sun Oct 23 18:58:28 +0000 2016,RT @ATT: Welcome to the team! @taylorswift13 https://t.co/4h86nLYuLo https://t.co/gAHOi7fPrZ,,,Twitter
Dallas13,32.845283,-96.787396,6417 Hillcrest Ave,75205,Sun Oct 23 18:53:44 +0000 2016,RT @ATT: @Emma_Wilson44 We’ll be giving away tickets to Taylor fans including AT&amp;T customers + special guests. We’ll share ticketing detail…,,,Twitter
Dallas13,32.845283,-96.787396,6417 Hillcrest Ave,75205,Sun Oct 23 18:52:29 +0000 2016,RT @ATT: @_Reflection5H Not necessarily. We’ll be giving away lots of tickets to Taylor fans including AT&amp;T customers &amp; special guests.,,,Twitter
Dallas13,32.845283,-96.787396,6417 Hillcrest Ave,75205,Sun Oct 23 18:52:02 +0000 2016,RT @ATT: Welcome to the team! @taylorswift13 https://t.co/4h86nLYuLo https://t.co/gAHOi7fPrZ,,,Twitter
Dallas13,32.845283,-96.787396,6417 Hillcrest Ave,75205,Sun Oct 23 18:48:09 +0000 2016,RT @ATT: @_Reflection5H Not necessarily. We’ll be giving away lots of tickets to Taylor fans including AT&amp;T customers &amp; special guests.,,,Twitter
Dallas13,32.845283,-96.787396,6417 Hillcrest Ave,75205,Sun Oct 23 18:43:53 +0000 2016,RT @ATT: @_Reflection5H Not necessarily. We’ll be giving away lots of tickets to Taylor fans including AT&amp;T customers &amp; special guests.,,,Twitter
Dallas13,32.845283,-96.787396,6417 Hillcrest Ave,75205,Sun Oct 23 18:41:47 +0000 2016,RT @ATT: The #futureofvideo is mobile and the #futureofmobile is video. Time Warner + AT&amp;T make it happen! @twxcorp https://t.co/GKx4U9TQYg,,,Twitter
Dallas13,32.845283,-96.787396,6417 Hillcrest Ave,75205,Sun Oct 23 18:38:43 +0000 2016,RT @ATT: The #futureofvideo is mobile and the #futureofmobile is video. Time Warner + AT&amp;T make it happen! @twxcorp https://t.co/GKx4U9TQYg,,,Twitter
Dallas13,32.845283,-96.787396,6417 Hillcrest Ave,75205,Sun Oct 23 18:34:57 +0000 2016,RT @ATT: The #futureofvideo is mobile and the #futureofmobile is video. Time Warner + AT&amp;T make it happen! @twxcorp https://t.co/GKx4U9TQYg,,,Twitter
Dallas13,32.845283,-96.787396,6417 Hillcrest Ave,75205,Sun Oct 23 18:31:29 +0000 2016,RT @ATT: Welcome to the team! @taylorswift13 https://t.co/4h86nLYuLo https://t.co/gAHOi7fPrZ,,,Twitter
Dallas13,32.845283,-96.787396,6417 Hillcrest Ave,75205,Sun Oct 23 18:27:05 +0000 2016,RT @ATT: The #futureofvideo is mobile and the #futureofmobile is video. Time Warner + AT&amp;T make it happen! @twxcorp https://t.co/GKx4U9TQYg,,,Twitter
Dallas13,32.845283,-96.787396,6417 Hillcrest Ave,75205,Sun Oct 23 18:26:42 +0000 2016,RT @ATT: The #futureofvideo is mobile and the #futureofmobile is video. Time Warner + AT&amp;T make it happen! @twxcorp https://t.co/GKx4U9TQYg,,,Twitter
Dallas13,32.845283,-96.787396,6417 Hillcrest Ave,75205,Sun Oct 23 18:25:47 +0000 2016,RT @ATT: The #futureofvideo is mobile and the #futureofmobile is video. Time Warner + AT&amp;T make it happen! @twxcorp https://t.co/GKx4U9TQYg,,,Twitter
Dallas13,32.845283,-96.787396,6417 Hillcrest Ave,75205,Sun Oct 23 18:18:24 +0000 2016,"RT @dallasnews: New media agency @Hearts_Science lands @ATT, opens shop in Dallas and plans to employ 100 people https://t.co/f5bPR9R5EQ @m…",,,Twitter
Dallas13,32.845283,-96.787396,6417 Hillcrest Ave,75205,Sun Oct 23 18:18:01 +0000 2016,@DK0021 @TWC @ATT and fuck time warner lol,,,Twitter
Dallas13,32.845283,-96.787396,6417 Hillcrest Ave,75205,Sun Oct 23 18:17:43 +0000 2016,@DK0021 @TWC @ATT ive had att uverse for a bit now. I came from fios but uverse is pretty good so far,,,Twitter
Dallas13,32.845283,-96.787396,6417 Hillcrest Ave,75205,Sun Oct 23 18:15:42 +0000 2016,"New media agency @Hearts_Science lands @ATT, opens shop in Dallas and plans to employ 100 people… https://t.co/ZhNktrU4U7",,,Twitter
Dallas13,32.845283,-96.787396,6417 Hillcrest Ave,75205,Sun Oct 23 18:11:48 +0000 2016,RT @ATT: @_Reflection5H Not necessarily. We’ll be giving away lots of tickets to Taylor fans including AT&amp;T customers &amp; special guests.,,,Twitter
Dallas13,32.845283,-96.787396,6417 Hillcrest Ave,75205,Sun Oct 23 18:11:33 +0000 2016,RT @ATT: @_Reflection5H Not necessarily. We’ll be giving away lots of tickets to Taylor fans including AT&amp;T customers &amp; special guests.,,,Twitter
Dallas13,32.845283,-96.787396,6417 Hillcrest Ave,75205,Sun Oct 23 18:10:37 +0000 2016,RT @ATT: @tayIorhq We’ll be giving away lots of tickets to fans and AT&amp;T customers soon. We’ll share details later.,,,Twitter
Dallas13,32.845283,-96.787396,6417 Hillcrest Ave,75205,Sun Oct 23 17:54:53 +0000 2016,RT @ATT: @tayIorhq We’ll be giving away lots of tickets to fans and AT&amp;T customers soon. We’ll share details later.,,,Twitter
Dallas13,32.845283,-96.787396,6417 Hillcrest Ave,75205,Sun Oct 23 17:53:04 +0000 2016,RT @ATT: Are you ready for the revolution? Watch the @GreenDay @iHeartRadio Album Release Party now. #iHeartGreenDay https://t.co/ec2gZXKu7U,,,Twitter
Dallas13,32.845283,-96.787396,6417 Hillcrest Ave,75205,Sun Oct 23 17:43:28 +0000 2016,RT @ATT: The #futureofvideo is mobile and the #futureofmobile is video. Time Warner + AT&amp;T make it happen! @twxcorp https://t.co/GKx4U9TQYg,,,Twitter
Dallas13,32.845283,-96.787396,6417 Hillcrest Ave,75205,Sun Oct 23 17:38:44 +0000 2016,Excited about your collaboration w @ATT introducing first nationwide Brackets For Good tourney! #BFGUSA @BracketsForGood 🏀@UnitedWayDallas,,,Twitter
Dallas13,32.845283,-96.787396,6417 Hillcrest Ave,75205,Sun Oct 23 17:34:02 +0000 2016,RT @ATT: Welcome to the team! @taylorswift13 https://t.co/4h86nLYuLo https://t.co/gAHOi7fPrZ,,,Twitter
Dallas13,32.845283,-96.787396,6417 Hillcrest Ave,75205,Sun Oct 23 17:27:34 +0000 2016,RT @ATT: Welcome to the team! @taylorswift13 https://t.co/4h86nLYuLo https://t.co/gAHOi7fPrZ,,,Twitter
Dallas13,32.845283,-96.787396,6417 Hillcrest Ave,75205,Sun Oct 23 17:21:51 +0000 2016,RT @ATT: The #futureofvideo is mobile and the #futureofmobile is video. Time Warner + AT&amp;T make it happen! @twxcorp https://t.co/GKx4U9TQYg,,,Twitter
Dallas13,32.845283,-96.787396,6417 Hillcrest Ave,75205,Sun Oct 23 17:20:12 +0000 2016,RT @ATT: The #futureofvideo is mobile and the #futureofmobile is video. Time Warner + AT&amp;T make it happen! @twxcorp https://t.co/GKx4U9TQYg,,,Twitter
Dallas13,32.845283,-96.787396,6417 Hillcrest Ave,75205,Sun Oct 23 17:19:29 +0000 2016,121.80 Download 29.3 Upload. I won't get this with @ATT  https://t.co/Anlh4ywdw9 #speedtest #Time Warner Cable via @openspeedtest,,,Twitter
Dallas13,32.845283,-96.787396,6417 Hillcrest Ave,75205,Sun Oct 23 17:13:40 +0000 2016,RT @ATT: The #futureofvideo is mobile and the #futureofmobile is video. Time Warner + AT&amp;T make it happen! @twxcorp https://t.co/GKx4U9TQYg,,,Twitter
Dallas13,32.845283,-96.787396,6417 Hillcrest Ave,75205,Sun Oct 23 17:11:36 +0000 2016,"RT @ATT: Some people may wait a lifetime, but you don't have to. On 11/2-3, AT&amp;T customers can buy @kelly_clarkson tix early. https://t.co/…",,,Twitter
Dallas13,32.845283,-96.787396,6417 Hillcrest Ave,75205,Sun Oct 23 17:09:39 +0000 2016,RT @ATT: The #futureofvideo is mobile and the #futureofmobile is video. Time Warner + AT&amp;T make it happen! @twxcorp https://t.co/GKx4U9TQYg,,,Twitter
Dallas13,32.845283,-96.787396,6417 Hillcrest Ave,75205,Sun Oct 23 17:08:59 +0000 2016,There goes my excellent internet service. @ATT is horrible: AT&amp;T seeks to buy Time Warner for nearly $86bn - https://t.co/muPvqHM10M,,,Twitter
Dallas13,32.845283,-96.787396,6417 Hillcrest Ave,75205,Sun Oct 23 17:07:19 +0000 2016,RT @ATT: The #futureofvideo is mobile and the #futureofmobile is video. Time Warner + AT&amp;T make it happen! @twxcorp https://t.co/GKx4U9TQYg,,,Twitter
Dallas13,32.845283,-96.787396,6417 Hillcrest Ave,75205,Sun Oct 23 17:01:38 +0000 2016,RT @ATT: The #futureofvideo is mobile and the #futureofmobile is video. Time Warner + AT&amp;T make it happen! @twxcorp https://t.co/GKx4U9TQYg,,,Twitter
Dallas13,32.845283,-96.787396,6417 Hillcrest Ave,75205,Sun Oct 23 17:00:15 +0000 2016,RT @ATT: Welcome to the team! @taylorswift13 https://t.co/4h86nLYuLo https://t.co/gAHOi7fPrZ,,,Twitter
Dallas13,32.845283,-96.787396,6417 Hillcrest Ave,75205,Sun Oct 23 16:54:20 +0000 2016,When you read a #googlesurvey about a @ATT store and you know who the customer is talking about specifically… https://t.co/kLBxNJxHp2,,,Twitter
Dallas13,32.845283,-96.787396,6417 Hillcrest Ave,75205,Sun Oct 23 16:51:12 +0000 2016,RT @ATT: Who made you a college 🏈 fan? Share with #MadeMeAFanContest for a chance to win. Rules https://t.co/hU3I3wFn5V https://t.co/xZbxUJ…,,,Twitter
Dallas13,32.845283,-96.787396,6417 Hillcrest Ave,75205,Sun Oct 23 16:46:31 +0000 2016,RT @ATT: Get a sweet deal on the new iPhone 7 when you switch to AT&amp;T and have DIRECTV. https://t.co/TQVeUkmeZ6 https://t.co/zfZmNpe8AP,,,Twitter
Dallas13,32.845283,-96.787396,6417 Hillcrest Ave,75205,Sun Oct 23 16:46:30 +0000 2016,RT @ATT: Welcome to the team! @taylorswift13 https://t.co/4h86nLYuLo https://t.co/gAHOi7fPrZ,,,Twitter
Dallas13,32.845283,-96.787396,6417 Hillcrest Ave,75205,Sun Oct 23 16:45:34 +0000 2016,RT @ATT: The #futureofvideo is mobile and the #futureofmobile is video. Time Warner + AT&amp;T make it happen! @twxcorp https://t.co/GKx4U9TQYg,,,Twitter
Dallas13,32.845283,-96.787396,6417 Hillcrest Ave,75205,Sun Oct 23 16:45:09 +0000 2016,RT @ATT: The #futureofvideo is mobile and the #futureofmobile is video. Time Warner + AT&amp;T make it happen! @twxcorp https://t.co/GKx4U9TQYg,,,Twitter
Dallas13,32.845283,-96.787396,6417 Hillcrest Ave,75205,Sun Oct 23 16:40:17 +0000 2016,RT @ATT: The #futureofvideo is mobile and the #futureofmobile is video. Time Warner + AT&amp;T make it happen! @twxcorp https://t.co/GKx4U9TQYg,,,Twitter
Dallas13,32.845283,-96.787396,6417 Hillcrest Ave,75205,Sun Oct 23 16:38:04 +0000 2016,RT @ATT: The #futureofvideo is mobile and the #futureofmobile is video. Time Warner + AT&amp;T make it happen! @twxcorp https://t.co/GKx4U9TQYg,,,Twitter
Dallas13,32.845283,-96.787396,6417 Hillcrest Ave,75205,Sun Oct 23 16:34:20 +0000 2016,RT @ATT: The #futureofvideo is mobile and the #futureofmobile is video. Time Warner + AT&amp;T make it happen! @twxcorp https://t.co/GKx4U9TQYg,,,Twitter
Dallas13,32.845283,-96.787396,6417 Hillcrest Ave,75205,Sun Oct 23 16:30:11 +0000 2016,RT @ATT: The #futureofvideo is mobile and the #futureofmobile is video. Time Warner + AT&amp;T make it happen! @twxcorp https://t.co/GKx4U9TQYg,,,Twitter
Dallas13,32.845283,-96.787396,6417 Hillcrest Ave,75205,Sun Oct 23 16:27:37 +0000 2016,RT @ATT: The #futureofvideo is mobile and the #futureofmobile is video. Time Warner + AT&amp;T make it happen! @twxcorp https://t.co/GKx4U9TQYg,,,Twitter
Dallas13,32.845283,-96.787396,6417 Hillcrest Ave,75205,Sun Oct 23 16:25:52 +0000 2016,RT @ATT: Welcome to the team! @taylorswift13 https://t.co/4h86nLYuLo https://t.co/gAHOi7fPrZ,,,Twitter
Dallas13,32.845283,-96.787396,6417 Hillcrest Ave,75205,Sun Oct 23 16:23:03 +0000 2016,RT @ATT: The #futureofvideo is mobile and the #futureofmobile is video. Time Warner + AT&amp;T make it happen! @twxcorp https://t.co/GKx4U9TQYg,,,Twitter
Dallas13,32.845283,-96.787396,6417 Hillcrest Ave,75205,Sun Oct 23 16:23:02 +0000 2016,RT @ATT: The #futureofvideo is mobile and the #futureofmobile is video. Time Warner + AT&amp;T make it happen! @twxcorp https://t.co/GKx4U9TQYg,,,Twitter
Dallas13,32.845283,-96.787396,6417 Hillcrest Ave,75205,Sun Oct 23 16:22:32 +0000 2016,RT @ATT: Welcome to the team! @taylorswift13 https://t.co/4h86nLYuLo https://t.co/gAHOi7fPrZ,,,Twitter
Dallas13,32.845283,-96.787396,6417 Hillcrest Ave,75205,Sun Oct 23 16:20:52 +0000 2016,RT @ATT: The #futureofvideo is mobile and the #futureofmobile is video. Time Warner + AT&amp;T make it happen! @twxcorp https://t.co/GKx4U9TQYg,,,Twitter
Dallas13,32.845283,-96.787396,6417 Hillcrest Ave,75205,Sun Oct 23 16:19:51 +0000 2016,RT @ATT: The #futureofvideo is mobile and the #futureofmobile is video. Time Warner + AT&amp;T make it happen! @twxcorp https://t.co/GKx4U9TQYg,,,Twitter
Dallas13,32.845283,-96.787396,6417 Hillcrest Ave,75205,Sun Oct 23 16:16:23 +0000 2016,RT @ATT: Welcome to the team! @taylorswift13 https://t.co/4h86nLYuLo https://t.co/gAHOi7fPrZ,,,Twitter
Dallas13,32.845283,-96.787396,6417 Hillcrest Ave,75205,Sun Oct 23 16:11:52 +0000 2016,RT @ATT: The #futureofvideo is mobile and the #futureofmobile is video. Time Warner + AT&amp;T make it happen! @twxcorp https://t.co/GKx4U9TQYg,,,Twitter
Dallas13,32.845283,-96.787396,6417 Hillcrest Ave,75205,Sun Oct 23 16:05:22 +0000 2016,RT @ATT: The #futureofvideo is mobile and the #futureofmobile is video. Time Warner + AT&amp;T make it happen! @twxcorp https://t.co/GKx4U9TQYg,,,Twitter
Dallas13,32.845283,-96.787396,6417 Hillcrest Ave,75205,Sun Oct 23 16:02:57 +0000 2016,RT @ATT: The #futureofvideo is mobile and the #futureofmobile is video. Time Warner + AT&amp;T make it happen! @twxcorp https://t.co/GKx4U9TQYg,,,Twitter
Dallas13,32.845283,-96.787396,6417 Hillcrest Ave,75205,Sun Oct 23 16:02:47 +0000 2016,RT @ATT: Who made you a college 🏈 fan? Share with #MadeMeAFanContest for a chance to win. Rules https://t.co/hU3I3wFn5V https://t.co/xZbxUJ…,,,Twitter
Dallas13,32.845283,-96.787396,6417 Hillcrest Ave,75205,Sun Oct 23 15:56:44 +0000 2016,RT @ATT: The #futureofvideo is mobile and the #futureofmobile is video. Time Warner + AT&amp;T make it happen! @twxcorp https://t.co/GKx4U9TQYg,,,Twitter
Dallas13,32.845283,-96.787396,6417 Hillcrest Ave,75205,Sun Oct 23 15:54:54 +0000 2016,RT @ATT: The #futureofvideo is mobile and the #futureofmobile is video. Time Warner + AT&amp;T make it happen! @twxcorp https://t.co/GKx4U9TQYg,,,Twitter
Dallas13,32.845283,-96.787396,6417 Hillcrest Ave,75205,Sun Oct 23 15:49:57 +0000 2016,RT @ATT: The #futureofvideo is mobile and the #futureofmobile is video. Time Warner + AT&amp;T make it happen! @twxcorp https://t.co/GKx4U9TQYg,,,Twitter
Dallas13,32.845283,-96.787396,6417 Hillcrest Ave,75205,Sun Oct 23 15:42:49 +0000 2016,@KeithSmithNBA @colezwicker @DIRECTV Ridiculous. In years past it was available for renewal in September.,,,Twitter
Dallas13,32.845283,-96.787396,6417 Hillcrest Ave,75205,Sun Oct 23 15:41:47 +0000 2016,RT @ATT: Welcome to the team! @taylorswift13 https://t.co/4h86nLYuLo https://t.co/gAHOi7fPrZ,,,Twitter
Dallas13,32.845283,-96.787396,6417 Hillcrest Ave,75205,Sun Oct 23 15:40:53 +0000 2016,@KeithSmithNBA @colezwicker @DIRECTV What did you find out?,,,Twitter
Dallas13,32.845283,-96.787396,6417 Hillcrest Ave,75205,Sun Oct 23 15:37:56 +0000 2016,RT @ATT: Who made you a college 🏈 fan? Share with #MadeMeAFanContest for a chance to win. Rules https://t.co/hU3I3wFn5V https://t.co/xZbxUJ…,,,Twitter
Dallas13,32.845283,-96.787396,6417 Hillcrest Ave,75205,Sun Oct 23 15:31:40 +0000 2016,RT @ATT: The #futureofvideo is mobile and the #futureofmobile is video. Time Warner + AT&amp;T make it happen! @twxcorp https://t.co/GKx4U9TQYg,,,Twitter
Dallas13,32.845283,-96.787396,6417 Hillcrest Ave,75205,Sun Oct 23 15:25:23 +0000 2016,@ESPNCFB @ATT @espn this is the only thing that makes me feel better about A&amp;M losing,,,Twitter
Dallas13,32.845283,-96.787396,6417 Hillcrest Ave,75205,Sun Oct 23 15:21:27 +0000 2016,RT @ATT: The #futureofvideo is mobile and the #futureofmobile is video. Time Warner + AT&amp;T make it happen! @twxcorp https://t.co/GKx4U9TQYg,,,Twitter
Dallas13,32.845283,-96.787396,6417 Hillcrest Ave,75205,Sun Oct 23 15:21:16 +0000 2016,RT @ATT: Are you ready for the revolution? Watch the @GreenDay @iHeartRadio Album Release Party now. #iHeartGreenDay https://t.co/ec2gZXKu7U,,,Twitter
Dallas13,32.845283,-96.787396,6417 Hillcrest Ave,75205,Sun Oct 23 15:16:57 +0000 2016,"RT @ATT: We want to see your #ATTRedCarpet watch party! Tweet us your plans, and tune in on @AudienceNetwork on 11/2! #CMAAwards50 https://…",,,Twitter
Dallas13,32.845283,-96.787396,6417 Hillcrest Ave,75205,Sun Oct 23 15:16:26 +0000 2016,RT @ATT: The #futureofvideo is mobile and the #futureofmobile is video. Time Warner + AT&amp;T make it happen! @twxcorp https://t.co/GKx4U9TQYg,,,Twitter
Dallas13,32.845283,-96.787396,6417 Hillcrest Ave,75205,Sun Oct 23 15:16:22 +0000 2016,@Rewritehell @dkberman @DIRECTV @ATT agreed! Here here!,,,Twitter
Dallas13,32.845283,-96.787396,6417 Hillcrest Ave,75205,Sun Oct 23 15:15:35 +0000 2016,RT @ATT: The #futureofvideo is mobile and the #futureofmobile is video. Time Warner + AT&amp;T make it happen! @twxcorp https://t.co/GKx4U9TQYg,,,Twitter
Dallas13,32.845283,-96.787396,6417 Hillcrest Ave,75205,Sun Oct 23 15:12:06 +0000 2016,RT @ATT: The #futureofvideo is mobile and the #futureofmobile is video. Time Warner + AT&amp;T make it happen! @twxcorp https://t.co/GKx4U9TQYg,,,Twitter
Dallas13,32.845283,-96.787396,6417 Hillcrest Ave,75205,Sun Oct 23 15:10:56 +0000 2016,RT @ATT: The #futureofvideo is mobile and the #futureofmobile is video. Time Warner + AT&amp;T make it happen! @twxcorp https://t.co/GKx4U9TQYg,,,Twitter
Dallas13,32.845283,-96.787396,6417 Hillcrest Ave,75205,Sun Oct 23 15:06:44 +0000 2016,RT @ATT: The #futureofvideo is mobile and the #futureofmobile is video. Time Warner + AT&amp;T make it happen! @twxcorp https://t.co/GKx4U9TQYg,,,Twitter
Dallas13,32.845283,-96.787396,6417 Hillcrest Ave,75205,Sun Oct 23 15:04:58 +0000 2016,"Worst experience I have ever had , I pay for insurance every month on my phone with @ATT and i can't even get the insurance to do their job!",,,Twitter
Dallas13,32.845283,-96.787396,6417 Hillcrest Ave,75205,Sun Oct 23 15:04:29 +0000 2016,"@JohnVotava @ATT @sprint Actually, that's completely false. ATT will deliver better plans AND content to our customers. #attemployee",,,Twitter
Dallas13,32.845283,-96.787396,6417 Hillcrest Ave,75205,Sun Oct 23 15:04:17 +0000 2016,RT @ATT: The #futureofvideo is mobile and the #futureofmobile is video. Time Warner + AT&amp;T make it happen! @twxcorp https://t.co/GKx4U9TQYg,,,Twitter
Dallas13,32.845283,-96.787396,6417 Hillcrest Ave,75205,Sun Oct 23 15:02:19 +0000 2016,RT @ATT: The #futureofvideo is mobile and the #futureofmobile is video. Time Warner + AT&amp;T make it happen! @twxcorp https://t.co/GKx4U9TQYg,,,Twitter
Dallas13,32.845283,-96.787396,6417 Hillcrest Ave,75205,Sun Oct 23 15:02:06 +0000 2016,RT @ATT: The #futureofvideo is mobile and the #futureofmobile is video. Time Warner + AT&amp;T make it happen! @twxcorp https://t.co/GKx4U9TQYg,,,Twitter
Dallas13,32.845283,-96.787396,6417 Hillcrest Ave,75205,Sun Oct 23 15:01:43 +0000 2016,RT @ATT: The #futureofvideo is mobile and the #futureofmobile is video. Time Warner + AT&amp;T make it happen! @twxcorp https://t.co/GKx4U9TQYg,,,Twitter
Dallas13,32.845283,-96.787396,6417 Hillcrest Ave,75205,Sun Oct 23 15:00:43 +0000 2016,RT @ATT: The #futureofvideo is mobile and the #futureofmobile is video. Time Warner + AT&amp;T make it happen! @twxcorp https://t.co/GKx4U9TQYg,,,Twitter
Dallas13,32.845283,-96.787396,6417 Hillcrest Ave,75205,Sun Oct 23 14:34:14 +0000 2016,RT @ATT: The #futureofvideo is mobile and the #futureofmobile is video. Time Warner + AT&amp;T make it happen! @twxcorp https://t.co/GKx4U9TQYg,,,Twitter
