Store,Latitude,Longitude,Address,Zip,CreatedAt,Text,Senti,Rating,Source
Dallas14,32.853358,-96.817694,5567 W Lovers Ln,75209,Wed Oct 19 18:11:04 +0000 2016,RT @ATT: Get a sweet deal on the new iPhone 7 when you switch to AT&amp;T and have DIRECTV. https://t.co/TQVeUkmeZ6 https://t.co/zfZmNpe8AP,,,Twitter
Dallas14,32.853358,-96.817694,5567 W Lovers Ln,75209,Wed Oct 19 18:08:47 +0000 2016,"@gsepi We’d love to feature this tweet on the AT&amp;T THANKS site! If you’re fine with that, please fill out this form: https://t.co/EXD6wS8Osg",,,Twitter
Dallas14,32.853358,-96.817694,5567 W Lovers Ln,75209,Wed Oct 19 18:05:05 +0000 2016,RT @ATT: Get a sweet deal on the new iPhone 7 when you switch to AT&amp;T and have DIRECTV. https://t.co/TQVeUkmeZ6 https://t.co/zfZmNpe8AP,,,Twitter
Dallas14,32.853358,-96.817694,5567 W Lovers Ln,75209,Wed Oct 19 18:00:41 +0000 2016,"RT @melissa_repko: New marketing agency lands AT&amp;T, opens shop in Dallas and plans to employ 100 people. https://t.co/KTALGnMJl9 via @dalla…",,,Twitter
Dallas14,32.853358,-96.817694,5567 W Lovers Ln,75209,Wed Oct 19 17:50:00 +0000 2016,"DFW: Win Tickets To ‘Luke Bryan’ Saturday, October 22nd At AT&amp;T Stadium https://t.co/wntCQ0qQgB",,,Twitter
Dallas14,32.853358,-96.817694,5567 W Lovers Ln,75209,Wed Oct 19 17:50:00 +0000 2016,"DFW: Win Tickets To ‘Luke Bryan’ Saturday, October 22nd At AT&amp;T Stadium https://t.co/JuQwaAzzX3",,,Twitter
Dallas14,32.853358,-96.817694,5567 W Lovers Ln,75209,Wed Oct 19 17:43:32 +0000 2016,AT&amp;T Fiber Launching in at Least 10 New Metros https://t.co/LdJ9fUnaOB #attemployee https://t.co/C7cYiCR302,,,Twitter
Dallas14,32.853358,-96.817694,5567 W Lovers Ln,75209,Wed Oct 19 17:43:31 +0000 2016,Exploring the @statefairoftx today with my @att GoPhone. Come along with me on snapchat and IG Stories (👻... https://t.co/G40kX1vCfi,,,Twitter
Dallas14,32.853358,-96.817694,5567 W Lovers Ln,75209,Wed Oct 19 17:43:28 +0000 2016,Exploring the @statefairoftx today with my att GoPhone. Come along with me on snapchat and IG… https://t.co/j3e2hxBC6e,,,Twitter
Dallas14,32.853358,-96.817694,5567 W Lovers Ln,75209,Wed Oct 19 17:43:17 +0000 2016,4 big security threats that make you vulnerable https://t.co/W4HrBpvCt1 #attemployee https://t.co/8I148L4f97,,,Twitter
Dallas14,32.853358,-96.817694,5567 W Lovers Ln,75209,Wed Oct 19 17:43:14 +0000 2016,No more overages thanks to @ATT unlimited data. You got something right for a change lol,,,Twitter
Dallas14,32.853358,-96.817694,5567 W Lovers Ln,75209,Wed Oct 19 17:43:03 +0000 2016,A day in the life of an AT&amp;T PR maven with @MaddieLittrell #LifeatATT https://t.co/DixxVWS9I6 #attemployee https://t.co/aYTEgIvgI9,,,Twitter
Dallas14,32.853358,-96.817694,5567 W Lovers Ln,75209,Wed Oct 19 17:40:37 +0000 2016,Progressive companies use telework or telecommuting to move work to their people https://t.co/ZnDYPDPKEW #telecom #attemployee,,,Twitter
Dallas14,32.853358,-96.817694,5567 W Lovers Ln,75209,Wed Oct 19 17:37:56 +0000 2016,RT @ATT: Who made you a college 🏈 fan? Share with #MadeMeAFanContest for a chance to win. Rules https://t.co/hU3I3wFn5V https://t.co/xZbxUJ…,,,Twitter
Dallas14,32.853358,-96.817694,5567 W Lovers Ln,75209,Wed Oct 19 17:32:50 +0000 2016,New IoT Security Guidelines - via @ATTBusiness | https://t.co/lFAqsbuvoC #NetworkingExchange,,,Twitter
Dallas14,32.853358,-96.817694,5567 W Lovers Ln,75209,Wed Oct 19 17:15:55 +0000 2016,"New media agency lands AT&amp;T, opens shop in Dallas and plans to employ 100 people https://t.co/N5I72HQCMH via @dallasnews",,,Twitter
Dallas14,32.853358,-96.817694,5567 W Lovers Ln,75209,Wed Oct 19 17:15:13 +0000 2016,RT @ATT: Goals. Highlights. Interviews. Head to https://t.co/1KS2s33o0G for exclusive MLS content! #SoccerEverywhere https://t.co/jcgMlqKBj4,,,Twitter
Dallas14,32.853358,-96.817694,5567 W Lovers Ln,75209,Wed Oct 19 17:10:46 +0000 2016,RT @ATT: Who made you a college 🏈 fan? Share with #MadeMeAFanContest for a chance to win. Rules https://t.co/hU3I3wFn5V https://t.co/xZbxUJ…,,,Twitter
Dallas14,32.853358,-96.817694,5567 W Lovers Ln,75209,Wed Oct 19 17:10:09 +0000 2016,RT @ATT: Who made you a college 🏈 fan? Share with #MadeMeAFanContest for a chance to win. Rules https://t.co/hU3I3wFn5V https://t.co/xZbxUJ…,,,Twitter
Dallas14,32.853358,-96.817694,5567 W Lovers Ln,75209,Wed Oct 19 17:04:26 +0000 2016,"This @ATT GoPhone has the best camera! Wait until you see mi pics from the @StateFairOfTX 
#ATTGoPhone #ad https://t.co/vcPjgWvw8l",,,Twitter
Dallas14,32.853358,-96.817694,5567 W Lovers Ln,75209,Wed Oct 19 17:00:39 +0000 2016,RT @ATT: Goals. Highlights. Interviews. Head to https://t.co/1KS2s33o0G for exclusive MLS content! #SoccerEverywhere https://t.co/jcgMlqKBj4,,,Twitter
Dallas14,32.853358,-96.817694,5567 W Lovers Ln,75209,Wed Oct 19 17:00:27 +0000 2016,RT @ATT: Goals. Highlights. Interviews. Head to https://t.co/1KS2s33o0G for exclusive MLS content! #SoccerEverywhere https://t.co/jcgMlqKBj4,,,Twitter
Dallas14,32.853358,-96.817694,5567 W Lovers Ln,75209,Wed Oct 19 17:00:09 +0000 2016,Goals. Highlights. Interviews. Head to https://t.co/1KS2s33o0G for exclusive MLS content! #SoccerEverywhere https://t.co/jcgMlqKBj4,,,Twitter
Dallas14,32.853358,-96.817694,5567 W Lovers Ln,75209,Wed Oct 19 16:52:45 +0000 2016,Getting caught up with Marco at the @ATT booth today! Blog post coming soon about my AT&amp;T GoPhone giveaway.… https://t.co/7hsZGVR6Zm,,,Twitter
Dallas14,32.853358,-96.817694,5567 W Lovers Ln,75209,Wed Oct 19 16:42:42 +0000 2016,RT @ATT: Get a sweet deal on the new iPhone 7 when you switch to AT&amp;T and have DIRECTV. https://t.co/TQVeUkmeZ6 https://t.co/zfZmNpe8AP,,,Twitter
Dallas14,32.853358,-96.817694,5567 W Lovers Ln,75209,Wed Oct 19 16:36:45 +0000 2016,RT @ATT: Welcome to the team! @taylorswift13 https://t.co/4h86nLYuLo https://t.co/gAHOi7fPrZ,,,Twitter
Dallas14,32.853358,-96.817694,5567 W Lovers Ln,75209,Wed Oct 19 16:35:27 +0000 2016,AT&amp;T's commitment to the LGBT community #LifeatATT https://t.co/xWBnmHcTPO #attemployee https://t.co/3K6DXbScUJ,,,Twitter
Dallas14,32.853358,-96.817694,5567 W Lovers Ln,75209,Wed Oct 19 16:35:19 +0000 2016,"Women in Tech Q&amp;A: Kay Kapoor - President, AT&amp;T Global Business-Public Sector https://t.co/axpRMKau7d #attemployee https://t.co/LV3Ip0kTie",,,Twitter
Dallas14,32.853358,-96.817694,5567 W Lovers Ln,75209,Wed Oct 19 16:30:27 +0000 2016,RT @ATT: Welcome to the team! @taylorswift13 https://t.co/4h86nLYuLo https://t.co/gAHOi7fPrZ,,,Twitter
Dallas14,32.853358,-96.817694,5567 W Lovers Ln,75209,Wed Oct 19 16:30:21 +0000 2016,RT @ATT: Get a sweet deal on the new iPhone 7 when you switch to AT&amp;T and have DIRECTV. https://t.co/TQVeUkmeZ6 https://t.co/zfZmNpe8AP,,,Twitter
Dallas14,32.853358,-96.817694,5567 W Lovers Ln,75209,Wed Oct 19 16:24:32 +0000 2016,"New marketing agency lands AT&amp;T, opens shop in Dallas and plans to employ 100 people. https://t.co/KTALGnMJl9 via @dallasnews",,,Twitter
Dallas14,32.853358,-96.817694,5567 W Lovers Ln,75209,Wed Oct 19 16:15:05 +0000 2016,RT @ATT: Welcome to the team! @taylorswift13 https://t.co/4h86nLYuLo https://t.co/gAHOi7fPrZ,,,Twitter
Dallas14,32.853358,-96.817694,5567 W Lovers Ln,75209,Wed Oct 19 16:12:05 +0000 2016,Interested in PR at AT&amp;T? My girl @MaddieLittrell is one of the best around here! #LifeatATT… https://t.co/3lZukOREUk,,,Twitter
Dallas14,32.853358,-96.817694,5567 W Lovers Ln,75209,Wed Oct 19 16:10:16 +0000 2016,"New media agency lands AT&amp;amp;T, opens shop in Dallas and plans to employ 100 people https://t.co/dKTzYwIe3P via @dallasnews #attemployee",,,Twitter
Dallas14,32.853358,-96.817694,5567 W Lovers Ln,75209,Wed Oct 19 16:09:23 +0000 2016,RT @ATT: Get a sweet deal on the new iPhone 7 when you switch to AT&amp;T and have DIRECTV. https://t.co/TQVeUkmeZ6 https://t.co/zfZmNpe8AP,,,Twitter
Dallas14,32.853358,-96.817694,5567 W Lovers Ln,75209,Wed Oct 19 16:00:08 +0000 2016,"RT @ATT: @gsepi Woo-hoo! Anytime, Joe :) https://t.co/WDMqAZSHwC",,,Twitter
Dallas14,32.853358,-96.817694,5567 W Lovers Ln,75209,Wed Oct 19 15:56:15 +0000 2016,RT @ATT: Get a sweet deal on the new iPhone 7 when you switch to AT&amp;T and have DIRECTV. https://t.co/TQVeUkmeZ6 https://t.co/zfZmNpe8AP,,,Twitter
Dallas14,32.853358,-96.817694,5567 W Lovers Ln,75209,Wed Oct 19 15:55:00 +0000 2016,RT @ATT: Get a sweet deal on the new iPhone 7 when you switch to AT&amp;T and have DIRECTV. https://t.co/TQVeUkmeZ6 https://t.co/zfZmNpe8AP,,,Twitter
Dallas14,32.853358,-96.817694,5567 W Lovers Ln,75209,Wed Oct 19 15:54:30 +0000 2016,RT @ATT: Welcome to the team! @taylorswift13 https://t.co/4h86nLYuLo https://t.co/gAHOi7fPrZ,,,Twitter
Dallas14,32.853358,-96.817694,5567 W Lovers Ln,75209,Wed Oct 19 15:53:11 +0000 2016,RT @ATT: Get a sweet deal on the new iPhone 7 when you switch to AT&amp;T and have DIRECTV. https://t.co/TQVeUkmeZ6 https://t.co/zfZmNpe8AP,,,Twitter
Dallas14,32.853358,-96.817694,5567 W Lovers Ln,75209,Wed Oct 19 15:48:37 +0000 2016,RT @ATT: Who made you a college 🏈 fan? Share with #MadeMeAFanContest for a chance to win. Rules https://t.co/hU3I3wFn5V https://t.co/xZbxUJ…,,,Twitter
Dallas14,32.853358,-96.817694,5567 W Lovers Ln,75209,Wed Oct 19 15:45:28 +0000 2016,"@Zimm102090 YEAH, Danielle! 🙌 Happy Wednesday to you! https://t.co/hpAAFZAWEA",,,Twitter
Dallas14,32.853358,-96.817694,5567 W Lovers Ln,75209,Wed Oct 19 15:39:35 +0000 2016,"@gsepi Woo-hoo! Anytime, Joe :) https://t.co/WDMqAZSHwC",,,Twitter
Dallas14,32.853358,-96.817694,5567 W Lovers Ln,75209,Wed Oct 19 15:37:46 +0000 2016,RT @ATT: Welcome to the team! @taylorswift13 https://t.co/4h86nLYuLo https://t.co/gAHOi7fPrZ,,,Twitter
Dallas14,32.853358,-96.817694,5567 W Lovers Ln,75209,Wed Oct 19 15:36:46 +0000 2016,RT @ATT: Welcome to the team! @taylorswift13 https://t.co/4h86nLYuLo https://t.co/gAHOi7fPrZ,,,Twitter
Dallas14,32.853358,-96.817694,5567 W Lovers Ln,75209,Wed Oct 19 15:36:24 +0000 2016,"@CalebDNH2O Seems like they've got the right idea! Watch out if they move on to dogs, Caleb! ;)",,,Twitter
Dallas14,32.853358,-96.817694,5567 W Lovers Ln,75209,Wed Oct 19 15:35:15 +0000 2016,"New media agency @Hearts_Science lands @ATT, opens shop in Dallas and plans to employ 100 people… https://t.co/BLIleSHPev",,,Twitter
Dallas14,32.853358,-96.817694,5567 W Lovers Ln,75209,Wed Oct 19 15:25:28 +0000 2016,"[Hearts &amp; Science recently opened a shop in downtown Dallas, across the street from AT&amp;T headquarters. Over 30... https://t.co/tAOGJ6Ucj3",,,Twitter
Dallas14,32.853358,-96.817694,5567 W Lovers Ln,75209,Wed Oct 19 15:23:51 +0000 2016,RT @Ruthiesrolling: .@DtownDallasInc @ATT Come see us @browderstplaza for lunch today! #grilledcheese #att #DowntownDallas #lunch https://t…,,,Twitter
Dallas14,32.853358,-96.817694,5567 W Lovers Ln,75209,Wed Oct 19 15:23:45 +0000 2016,RT @attJOBS: Our employees broke records with @Stop_Hunger_Now at our ERG Conference! Learn how they made an #ATTimpact:  https://t.co/3s0Z…,,,Twitter
Dallas14,32.853358,-96.817694,5567 W Lovers Ln,75209,Wed Oct 19 15:09:05 +0000 2016,RT @ATT: Welcome to the team! @taylorswift13 https://t.co/4h86nLYuLo https://t.co/gAHOi7fPrZ,,,Twitter
Dallas14,32.853358,-96.817694,5567 W Lovers Ln,75209,Wed Oct 19 15:00:49 +0000 2016,AT&amp;T Employees Break Records for Stop Hunger Now #ATTimpact  #LifeAtATT https://t.co/lpkejnKD59 #attemployee https://t.co/W9FD5Qt8wZ,,,Twitter
Dallas14,32.853358,-96.817694,5567 W Lovers Ln,75209,Wed Oct 19 15:00:42 +0000 2016,AT&amp;T Debuts Cuba Roaming https://t.co/br6loEZPiH #attemployee https://t.co/k7YQVQauX4,,,Twitter
Dallas14,32.853358,-96.817694,5567 W Lovers Ln,75209,Wed Oct 19 15:00:05 +0000 2016,Puertorriqueña. Inspiradora. Luchadora. @DeniseBidot habla sobre su pasión por romper estereotipos.… https://t.co/fEYPg1cNHT,,,Twitter
Dallas14,32.853358,-96.817694,5567 W Lovers Ln,75209,Wed Oct 19 14:59:41 +0000 2016,"Listen: Life At AT&amp;T Podcast ""Vice Presidents"" - with 3 #womenofATT #LifeatATT https://t.co/lwGGwG5OnJ #attemployee https://t.co/EiK7aP0WEr",,,Twitter
Dallas14,32.853358,-96.817694,5567 W Lovers Ln,75209,Wed Oct 19 14:55:28 +0000 2016,Join a Community of Innovation With a Job at AT&amp;T https://t.co/M8cBUfBLzN via @dailymuse @caroqliu,,,Twitter
Dallas14,32.853358,-96.817694,5567 W Lovers Ln,75209,Wed Oct 19 14:54:08 +0000 2016,RT @attJOBS: Our employees broke records with @Stop_Hunger_Now at our ERG Conference! Learn how they made an #ATTimpact:  https://t.co/3s0Z…,,,Twitter
Dallas14,32.853358,-96.817694,5567 W Lovers Ln,75209,Wed Oct 19 14:53:45 +0000 2016,"RT @ConnectToGood: Our colleagues in Europe, the Middle East &amp; Asia are spreading the @ATT  Aspire mission around the globe: https://t.co/c…",,,Twitter
Dallas14,32.853358,-96.817694,5567 W Lovers Ln,75209,Wed Oct 19 14:47:54 +0000 2016,RT @RickTweetTweet: Listen: Life At AT&amp;T Podcast with 3  #Women Vice Presidents #LifeatATT  #WomenLeaders #ATTDiversity https://t.co/MsMDVK…,,,Twitter
Dallas14,32.853358,-96.817694,5567 W Lovers Ln,75209,Wed Oct 19 14:47:46 +0000 2016,"RT @RickTweetTweet: Women in Tech Q&amp;A: Kay Kapoor - President, AT&amp;T Global Business-Public Sector #WomeninTech #LifeAtATT https://t.co/SRsJ…",,,Twitter
Dallas14,32.853358,-96.817694,5567 W Lovers Ln,75209,Wed Oct 19 14:47:40 +0000 2016,AT&amp;T Employees Break Records for Stop Hunger Now #ATTimpact https://t.co/6KYeAO3a1B #attemployee https://t.co/udUXXJ2j14,,,Twitter
Dallas14,32.853358,-96.817694,5567 W Lovers Ln,75209,Wed Oct 19 14:44:53 +0000 2016,"RT @attJOBS: Through technology, we're helping to connect students with mentors across the country. Here's how: https://t.co/aIHtIbm2d3 #AT…",,,Twitter
Dallas14,32.853358,-96.817694,5567 W Lovers Ln,75209,Wed Oct 19 14:44:45 +0000 2016,RT @attJOBS: See what #LifeAtATT is like for the women of AT&amp;T: https://t.co/9rguQ7QaFV https://t.co/xsQ0cX6Inq,,,Twitter
Dallas14,32.853358,-96.817694,5567 W Lovers Ln,75209,Wed Oct 19 14:44:39 +0000 2016,RT @attJOBS: Our employees broke records with @Stop_Hunger_Now at our ERG Conference! Learn how they made an #ATTimpact:  https://t.co/3s0Z…,,,Twitter
Dallas14,32.853358,-96.817694,5567 W Lovers Ln,75209,Wed Oct 19 14:42:56 +0000 2016,RT @ConnectToGood: Jeffrey mentors students online via @neprisapp. You too can make a difference. Become a mentor! https://t.co/HoNDJnO9Y0…,,,Twitter
Dallas14,32.853358,-96.817694,5567 W Lovers Ln,75209,Wed Oct 19 14:42:55 +0000 2016,"@EWaso24 It certainly is, we love your soccer passion! Follow and DM us, we have something for you. #SoccerEverywhere",,,Twitter
Dallas14,32.853358,-96.817694,5567 W Lovers Ln,75209,Wed Oct 19 14:36:52 +0000 2016,@Fizzle24 What a huge goal! Who is your favorite MLS player? #SoccerEverywhere,,,Twitter
Dallas14,32.853358,-96.817694,5567 W Lovers Ln,75209,Wed Oct 19 14:35:11 +0000 2016,@hammackgeo What an amazing finish! Which MLS team do you support? #SoccerEverywhere,,,Twitter
Dallas14,32.853358,-96.817694,5567 W Lovers Ln,75209,Wed Oct 19 14:14:40 +0000 2016,"New media agency lands #ATT, opens shop in #Dallas and plans to hire 100 people https://t.co/mkUAQFpGsw #DFW",,,Twitter
Dallas14,32.853358,-96.817694,5567 W Lovers Ln,75209,Wed Oct 19 13:41:46 +0000 2016,"New media agency lands @ATT, opens shop in Dallas and plans to hire 100 people https://t.co/IvMoukoQQl via @dallasnews",,,Twitter
Dallas14,32.853358,-96.817694,5567 W Lovers Ln,75209,Wed Oct 19 13:40:37 +0000 2016,"New media agency lands AT&amp;T, opens shop in Dallas and plans to hire 100 people - Dallas News: Dallas NewsNew ... https://t.co/oGT0IP5rdK",,,Twitter
Dallas14,32.853358,-96.817694,5567 W Lovers Ln,75209,Wed Oct 19 13:38:14 +0000 2016,AT&amp;T's commitment to the LGBT community #LifeatATT #LoveEveryone https://t.co/wejb8FsOQt #attemployee https://t.co/ctt2Z0PpF6,,,Twitter
Dallas14,32.853358,-96.817694,5567 W Lovers Ln,75209,Wed Oct 19 13:31:31 +0000 2016,In the past people could travel but most jobs couldnt https://t.co/ZnDYPDPKEW #greatcollaborate #attemployee,,,Twitter
Dallas14,32.853358,-96.817694,5567 W Lovers Ln,75209,Wed Oct 19 13:30:10 +0000 2016,"RT @ATT: @OmarCorrea Rock star speeds just for you, Omar! 👍 https://t.co/u1hBT5Wj7Z",,,Twitter
Dallas14,32.853358,-96.817694,5567 W Lovers Ln,75209,Wed Oct 19 13:26:31 +0000 2016,T-minus 2 hours until the Everything is Fine Webcast! AT&amp;T employees can tune in at https://t.co/vLdzH826xu… https://t.co/theJLvanti,,,Twitter
Dallas14,32.853358,-96.817694,5567 W Lovers Ln,75209,Wed Oct 19 13:16:53 +0000 2016,RT @ATT: Welcome to the team! @taylorswift13 https://t.co/4h86nLYuLo https://t.co/gAHOi7fPrZ,,,Twitter
Dallas14,32.853358,-96.817694,5567 W Lovers Ln,75209,Wed Oct 19 13:10:41 +0000 2016,.@DtownDallasInc @ATT Come see us @browderstplaza for lunch today! #grilledcheese #att #DowntownDallas #lunch https://t.co/Ys6krkrdId,,,Twitter
Dallas14,32.853358,-96.817694,5567 W Lovers Ln,75209,Wed Oct 19 13:02:21 +0000 2016,RT @attJOBS: Our employees broke records with @Stop_Hunger_Now at our ERG Conference! Learn how they made an #ATTimpact:  https://t.co/3s0Z…,,,Twitter
Dallas14,32.853358,-96.817694,5567 W Lovers Ln,75209,Wed Oct 19 12:51:28 +0000 2016,Our employees broke records with @Stop_Hunger_Now at our ERG Conference! Learn how they made an #ATTimpact:… https://t.co/5Yf3WUNoRx,,,Twitter
Dallas14,32.853358,-96.817694,5567 W Lovers Ln,75209,Wed Oct 19 12:12:33 +0000 2016,RT @ATT: Welcome to the team! @taylorswift13 https://t.co/4h86nLYuLo https://t.co/gAHOi7fPrZ,,,Twitter
Dallas14,32.853358,-96.817694,5567 W Lovers Ln,75209,Wed Oct 19 11:35:37 +0000 2016,RT @ATT: Welcome to the team! @taylorswift13 https://t.co/4h86nLYuLo https://t.co/gAHOi7fPrZ,,,Twitter
Dallas14,32.853358,-96.817694,5567 W Lovers Ln,75209,Wed Oct 19 11:32:14 +0000 2016,"New media agency lands AT&amp;T, opens shop in Dallas and plans to hire 100 people https://t.co/mC5VKqTbwN",,,Twitter
Dallas14,32.853358,-96.817694,5567 W Lovers Ln,75209,Wed Oct 19 11:00:01 +0000 2016,Need to cancel an AT&amp;T Workforce Manager order? Take a look at our tutorial at https://t.co/mm5DGoRC18 https://t.co/CDsDLy4Ngz,,,Twitter
Dallas14,32.853358,-96.817694,5567 W Lovers Ln,75209,Wed Oct 19 10:53:18 +0000 2016,RT @attJOBS: See what #LifeAtATT is like for the women of AT&amp;T: https://t.co/9rguQ7QaFV https://t.co/xsQ0cX6Inq,,,Twitter
Dallas14,32.853358,-96.817694,5567 W Lovers Ln,75209,Wed Oct 19 10:17:29 +0000 2016,RT @ATT: Welcome to the team! @taylorswift13 https://t.co/4h86nLYuLo https://t.co/gAHOi7fPrZ,,,Twitter
Dallas14,32.853358,-96.817694,5567 W Lovers Ln,75209,Wed Oct 19 09:24:56 +0000 2016,RT @ATT: Welcome to the team! @taylorswift13 https://t.co/4h86nLYuLo https://t.co/gAHOi7fPrZ,,,Twitter
Dallas14,32.853358,-96.817694,5567 W Lovers Ln,75209,Wed Oct 19 07:43:27 +0000 2016,RT @ATT: Welcome to the team! @taylorswift13 https://t.co/4h86nLYuLo https://t.co/gAHOi7fPrZ,,,Twitter
Dallas14,32.853358,-96.817694,5567 W Lovers Ln,75209,Wed Oct 19 07:33:18 +0000 2016,RT @ATT: Welcome to the team! @taylorswift13 https://t.co/4h86nLYuLo https://t.co/gAHOi7fPrZ,,,Twitter
Dallas14,32.853358,-96.817694,5567 W Lovers Ln,75209,Wed Oct 19 07:11:58 +0000 2016,RT @ATT: Welcome to the team! @taylorswift13 https://t.co/4h86nLYuLo https://t.co/gAHOi7fPrZ,,,Twitter
Dallas14,32.853358,-96.817694,5567 W Lovers Ln,75209,Wed Oct 19 06:24:35 +0000 2016,RT @ATT: Welcome to the team! @taylorswift13 https://t.co/4h86nLYuLo https://t.co/gAHOi7fPrZ,,,Twitter
Dallas14,32.853358,-96.817694,5567 W Lovers Ln,75209,Wed Oct 19 06:24:11 +0000 2016,https://t.co/DCARd26t4R,,,Twitter
Dallas14,32.853358,-96.817694,5567 W Lovers Ln,75209,Wed Oct 19 06:18:39 +0000 2016,RT @ATT: Welcome to the team! @taylorswift13 https://t.co/4h86nLYuLo https://t.co/gAHOi7fPrZ,,,Twitter
Dallas14,32.853358,-96.817694,5567 W Lovers Ln,75209,Wed Oct 19 05:50:12 +0000 2016,RT @JordanSpieth: .@NotahBegay3 with the birdie for Team @ATT at the #SpiethShootout https://t.co/ssL2vULkxd,,,Twitter
Dallas14,32.853358,-96.817694,5567 W Lovers Ln,75209,Wed Oct 19 05:06:02 +0000 2016,FUCKIN UVERSE DIDNT RECORD ALL OF ATLANTA FOR ME IM SICK,,,Twitter
Dallas14,32.853358,-96.817694,5567 W Lovers Ln,75209,Wed Oct 19 04:49:12 +0000 2016,RT @RickTweetTweet: Listen: Life At AT&amp;T Podcast with 3  #Women Vice Presidents #LifeatATT  #WomenLeaders #ATTDiversity https://t.co/MsMDVK…,,,Twitter
Dallas14,32.853358,-96.817694,5567 W Lovers Ln,75209,Wed Oct 19 04:47:48 +0000 2016,https://t.co/WpgKW3vPOD,,,Twitter
Dallas14,32.853358,-96.817694,5567 W Lovers Ln,75209,Wed Oct 19 03:51:07 +0000 2016,"@ATTCares they chose to fill a full 16:9 screen when original film is 2.40:1, changing original vision. Who makes these choices?",,,Twitter
Dallas14,32.853358,-96.817694,5567 W Lovers Ln,75209,Wed Oct 19 03:43:38 +0000 2016,"@ATTCares Ondemand movie being played. TV is set correct. The problem is distributor/broadcaster choices, not hardware on my end.",,,Twitter
Dallas14,32.853358,-96.817694,5567 W Lovers Ln,75209,Wed Oct 19 03:30:49 +0000 2016,@ATT when are you guys going to get a faster internet speed?,,,Twitter
