Store,Latitude,Longitude,Address,Zip,CreatedAt,Text,Senti,Rating,Source
Dallas5,32.8342578,-96.7045404,1152 North Buckner Blvd,75218,Sun Oct 23 23:53:22 +0000 2016,RT @ATT: The #futureofvideo is mobile and the #futureofmobile is video. Time Warner + AT&amp;T make it happen! @twxcorp https://t.co/GKx4U9TQYg,,,Twitter
Dallas5,32.8342578,-96.7045404,1152 North Buckner Blvd,75218,Sun Oct 23 23:52:10 +0000 2016,"RT @ATT: Mother Nature is unpredictable, so we rely on our Network Disaster Recovery team to connect you when you need it most. https://t.c…",,,Twitter
Dallas5,32.8342578,-96.7045404,1152 North Buckner Blvd,75218,Sun Oct 23 23:49:52 +0000 2016,"RT @dallasnews: New media agency @Hearts_Science lands @ATT, opens shop in Dallas and plans to employ 100 people https://t.co/f5bPR9R5EQ @m…",,,Twitter
Dallas5,32.8342578,-96.7045404,1152 North Buckner Blvd,75218,Sun Oct 23 23:46:09 +0000 2016,"""To Secure a Mega-Merger, AT&amp;T Plans to Shoulder Mega-Debt"" by LESLIE PICKER via NYT The New York Times https://t.co/6jdDhbiFNd",,,Twitter
Dallas5,32.8342578,-96.7045404,1152 North Buckner Blvd,75218,Sun Oct 23 23:38:53 +0000 2016,RT @ATT: The #futureofvideo is mobile and the #futureofmobile is video. Time Warner + AT&amp;T make it happen! @twxcorp https://t.co/GKx4U9TQYg,,,Twitter
Dallas5,32.8342578,-96.7045404,1152 North Buckner Blvd,75218,Sun Oct 23 23:33:09 +0000 2016,RT @ATT: The #futureofvideo is mobile and the #futureofmobile is video. Time Warner + AT&amp;T make it happen! @twxcorp https://t.co/GKx4U9TQYg,,,Twitter
Dallas5,32.8342578,-96.7045404,1152 North Buckner Blvd,75218,Sun Oct 23 23:27:43 +0000 2016,"@TwoBitWhackJob with @DIRECTV and #NFLSundayTicket, I can choose how I want to finish. 😏",,,Twitter
Dallas5,32.8342578,-96.7045404,1152 North Buckner Blvd,75218,Sun Oct 23 23:23:49 +0000 2016,"RT @dallasnews: Trump gets litigious, AT&amp;T gets bigger, @TomiLahren wins bigly: Your weekend news digest https://t.co/tjOy7OJCri https://t.…",,,Twitter
Dallas5,32.8342578,-96.7045404,1152 North Buckner Blvd,75218,Sun Oct 23 23:23:26 +0000 2016,RT @ATT: Welcome to the team! @taylorswift13 https://t.co/4h86nLYuLo https://t.co/gAHOi7fPrZ,,,Twitter
Dallas5,32.8342578,-96.7045404,1152 North Buckner Blvd,75218,Sun Oct 23 23:22:37 +0000 2016,RT @dallasnews: AT&amp;T's quarterly results give hints on urgency behind Time Warner deal  https://t.co/9FoLKn9M4E https://t.co/GuOfVi4Vty,,,Twitter
Dallas5,32.8342578,-96.7045404,1152 North Buckner Blvd,75218,Sun Oct 23 23:17:22 +0000 2016,RT @ATT: Welcome to the team! @taylorswift13 https://t.co/4h86nLYuLo https://t.co/gAHOi7fPrZ,,,Twitter
Dallas5,32.8342578,-96.7045404,1152 North Buckner Blvd,75218,Sun Oct 23 23:13:16 +0000 2016,"AT&amp;T to Purchase Time Warner for $85.4B: Here’s What You Need to Know: In its goal to become a media giant, AT&amp;T… https://t.co/7Rz6ffMbwm",,,Twitter
Dallas5,32.8342578,-96.7045404,1152 North Buckner Blvd,75218,Sun Oct 23 23:13:04 +0000 2016,RT @ATTBusiness: Cybersecurity preparedness starts w/ a strong incident response plan. Get info to help shield your org from attack: https:…,,,Twitter
Dallas5,32.8342578,-96.7045404,1152 North Buckner Blvd,75218,Sun Oct 23 23:09:49 +0000 2016,RT @dallasnews: AT&amp;T's quarterly results give hints on urgency behind Time Warner deal  https://t.co/9FoLKn9M4E https://t.co/GuOfVi4Vty,,,Twitter
Dallas5,32.8342578,-96.7045404,1152 North Buckner Blvd,75218,Sun Oct 23 23:09:20 +0000 2016,RT @dallasnews: AT&amp;T's quarterly results give hints on urgency behind Time Warner deal  https://t.co/9FoLKn9M4E https://t.co/GuOfVi4Vty,,,Twitter
Dallas5,32.8342578,-96.7045404,1152 North Buckner Blvd,75218,Sun Oct 23 23:07:17 +0000 2016,"AT&amp;T to Purchase Time Warner for $85.4B: Here’s What You Need to Know: In its goal to become a media giant, AT&amp;T… https://t.co/Y9VCVeXAI8",,,Twitter
Dallas5,32.8342578,-96.7045404,1152 North Buckner Blvd,75218,Sun Oct 23 23:07:15 +0000 2016,"AT&amp;T to Purchase Time Warner for $85.4B: Here’s What You Need to Know: In its goal to become a media giant, AT&amp;T… https://t.co/6Vj9sz0Jz6",,,Twitter
Dallas5,32.8342578,-96.7045404,1152 North Buckner Blvd,75218,Sun Oct 23 23:07:09 +0000 2016,AT&amp;T to Purchase Time Warner for $85.4B: Here’s What You Need to Know https://t.co/I96KswhXnw,,,Twitter
Dallas5,32.8342578,-96.7045404,1152 North Buckner Blvd,75218,Sun Oct 23 23:07:06 +0000 2016,"AT&amp;T to Purchase Time Warner for $85.4B: Here’s What You Need to Know: In its goal to become a media giant, AT&amp;T… https://t.co/oK8yYBvoEO",,,Twitter
Dallas5,32.8342578,-96.7045404,1152 North Buckner Blvd,75218,Sun Oct 23 23:03:10 +0000 2016,AT&amp;T's quarterly results give hints on urgency behind Time Warner deal  https://t.co/9FoLKn9M4E https://t.co/GuOfVi4Vty,,,Twitter
Dallas5,32.8342578,-96.7045404,1152 North Buckner Blvd,75218,Sun Oct 23 23:01:18 +0000 2016,RT @irvrealestate: AT&amp;T to Purchase Time Warner for $85.4B: Here’s What You Need to Know https://t.co/UaEs6GVqHH #Tech_Startups,,,Twitter
Dallas5,32.8342578,-96.7045404,1152 North Buckner Blvd,75218,Sun Oct 23 23:01:17 +0000 2016,Planning a #familyvacation soon? Here are 5 #travel apps and gadgets you will love! https://t.co/4QGytoJr8q,,,Twitter
Dallas5,32.8342578,-96.7045404,1152 North Buckner Blvd,75218,Sun Oct 23 23:00:04 +0000 2016,Who will survive in the new world? Find out on tonight's Season 7 premiere of @WalkingDead_AMC at 9/8c. #TWD https://t.co/nztIUgki6P,,,Twitter
Dallas5,32.8342578,-96.7045404,1152 North Buckner Blvd,75218,Sun Oct 23 22:59:57 +0000 2016,AT&amp;T's quarterly results give hints on urgency behind Time Warner deal:  https://t.co/RDzHeMmeUA,,,Twitter
Dallas5,32.8342578,-96.7045404,1152 North Buckner Blvd,75218,Sun Oct 23 22:55:13 +0000 2016,RT @ATT: Welcome to the team! @taylorswift13 https://t.co/4h86nLYuLo https://t.co/gAHOi7fPrZ,,,Twitter
Dallas5,32.8342578,-96.7045404,1152 North Buckner Blvd,75218,Sun Oct 23 22:54:53 +0000 2016,RT @ATT: The #futureofvideo is mobile and the #futureofmobile is video. Time Warner + AT&amp;T make it happen! @twxcorp https://t.co/GKx4U9TQYg,,,Twitter
Dallas5,32.8342578,-96.7045404,1152 North Buckner Blvd,75218,Sun Oct 23 22:53:06 +0000 2016,RT @ATT: The #futureofvideo is mobile and the #futureofmobile is video. Time Warner + AT&amp;T make it happen! @twxcorp https://t.co/GKx4U9TQYg,,,Twitter
Dallas5,32.8342578,-96.7045404,1152 North Buckner Blvd,75218,Sun Oct 23 22:52:57 +0000 2016,"AT&amp;T to Purchase Time Warner for $85.4B: Here’s What You Need to Know: In its goal to become a media giant, AT&amp;T… https://t.co/yG1mzZbfHH",,,Twitter
Dallas5,32.8342578,-96.7045404,1152 North Buckner Blvd,75218,Sun Oct 23 22:51:48 +0000 2016,RT @irvrealestate: AT&amp;T to Purchase Time Warner for $85.4B: Here’s What You Need to Know https://t.co/UaEs6GVqHH #Tech_Startups,,,Twitter
Dallas5,32.8342578,-96.7045404,1152 North Buckner Blvd,75218,Sun Oct 23 22:51:38 +0000 2016,RT @DFWSmallBiz: #ATT's quarterly results give hints on urgency behind Time Warner deal https://t.co/QolTzZMFr5 #DFW #Tech,,,Twitter
Dallas5,32.8342578,-96.7045404,1152 North Buckner Blvd,75218,Sun Oct 23 22:51:04 +0000 2016,AT&amp;T to Purchase Time Warner for $85.4B: Here’s What You Need to Know https://t.co/UaEs6GVqHH #Tech_Startups,,,Twitter
Dallas5,32.8342578,-96.7045404,1152 North Buckner Blvd,75218,Sun Oct 23 22:50:57 +0000 2016,#ATT's quarterly results give hints on urgency behind Time Warner deal https://t.co/QolTzZMFr5 #DFW #Tech,,,Twitter
Dallas5,32.8342578,-96.7045404,1152 North Buckner Blvd,75218,Sun Oct 23 22:50:56 +0000 2016,#ATT's quarterly results give hints on urgency behind Time Warner deal https://t.co/eZe4bl14Kv #DFW #realestate,,,Twitter
Dallas5,32.8342578,-96.7045404,1152 North Buckner Blvd,75218,Sun Oct 23 22:46:16 +0000 2016,"RT @DanielleDigest: .@ATT to Purchase @TWC for $85.4B: Here’s What You Need to Know
https://t.co/8wSSbVNUVK https://t.co/AhyTPE6l1T",,,Twitter
Dallas5,32.8342578,-96.7045404,1152 North Buckner Blvd,75218,Sun Oct 23 22:45:46 +0000 2016,RT @ATTBusiness: Cybersecurity preparedness starts w/ a strong incident response plan. Get info to help shield your org from attack: https:…,,,Twitter
Dallas5,32.8342578,-96.7045404,1152 North Buckner Blvd,75218,Sun Oct 23 22:43:38 +0000 2016,".@ATT to Purchase @TWC for $85.4B: Here’s What You Need to Know
https://t.co/8wSSbVNUVK https://t.co/AhyTPE6l1T",,,Twitter
Dallas5,32.8342578,-96.7045404,1152 North Buckner Blvd,75218,Sun Oct 23 22:42:41 +0000 2016,"RT @ATT: Mother Nature is unpredictable, so we rely on our Network Disaster Recovery team to connect you when you need it most. https://t.c…",,,Twitter
Dallas5,32.8342578,-96.7045404,1152 North Buckner Blvd,75218,Sun Oct 23 22:36:42 +0000 2016,@ATTCares It's 2016.  How about a digital optical audio port on the wireless genie.,,,Twitter
Dallas5,32.8342578,-96.7045404,1152 North Buckner Blvd,75218,Sun Oct 23 22:29:32 +0000 2016,"RT @dallasnews: Trump gets litigious, AT&amp;T gets bigger, @TomiLahren wins bigly: Your weekend news digest https://t.co/tjOy7OJCri https://t.…",,,Twitter
Dallas5,32.8342578,-96.7045404,1152 North Buckner Blvd,75218,Sun Oct 23 22:26:35 +0000 2016,RT @ATT: The #futureofvideo is mobile and the #futureofmobile is video. Time Warner + AT&amp;T make it happen! @twxcorp https://t.co/GKx4U9TQYg,,,Twitter
Dallas5,32.8342578,-96.7045404,1152 North Buckner Blvd,75218,Sun Oct 23 22:23:56 +0000 2016,Hey @ATTCares Instead of spending all your allowance on TWC How about a wireless box that has a decent audio connection? @DIRECTVService,,,Twitter
Dallas5,32.8342578,-96.7045404,1152 North Buckner Blvd,75218,Sun Oct 23 22:22:35 +0000 2016,"RT @dallasnews: Trump gets litigious, AT&amp;T gets bigger, @TomiLahren wins bigly: Your weekend news digest https://t.co/tjOy7OJCri https://t.…",,,Twitter
Dallas5,32.8342578,-96.7045404,1152 North Buckner Blvd,75218,Sun Oct 23 22:22:19 +0000 2016,"RT @ATT: Mother Nature is unpredictable, so we rely on our Network Disaster Recovery team to connect you when you need it most. https://t.c…",,,Twitter
Dallas5,32.8342578,-96.7045404,1152 North Buckner Blvd,75218,Sun Oct 23 22:13:03 +0000 2016,"RT @dallasnews: Trump gets litigious, AT&amp;T gets bigger, @TomiLahren wins bigly: Your weekend news digest https://t.co/tjOy7OJCri https://t.…",,,Twitter
Dallas5,32.8342578,-96.7045404,1152 North Buckner Blvd,75218,Sun Oct 23 22:11:56 +0000 2016,RT @ATT: Welcome to the team! @taylorswift13 https://t.co/4h86nLYuLo https://t.co/gAHOi7fPrZ,,,Twitter
Dallas5,32.8342578,-96.7045404,1152 North Buckner Blvd,75218,Sun Oct 23 22:08:20 +0000 2016,"RT @ATT: Mother Nature is unpredictable, so we rely on our Network Disaster Recovery team to connect you when you need it most. https://t.c…",,,Twitter
Dallas5,32.8342578,-96.7045404,1152 North Buckner Blvd,75218,Sun Oct 23 22:08:06 +0000 2016,RT @ATT: Welcome to the team! @taylorswift13 https://t.co/4h86nLYuLo https://t.co/gAHOi7fPrZ,,,Twitter
Dallas5,32.8342578,-96.7045404,1152 North Buckner Blvd,75218,Sun Oct 23 22:07:05 +0000 2016,"RT @dallasnews: Trump gets litigious, AT&amp;T gets bigger, @TomiLahren wins bigly: Your weekend news digest https://t.co/tjOy7OJCri https://t.…",,,Twitter
Dallas5,32.8342578,-96.7045404,1152 North Buckner Blvd,75218,Sun Oct 23 22:06:51 +0000 2016,RT @ATT: The #futureofvideo is mobile and the #futureofmobile is video. Time Warner + AT&amp;T make it happen! @twxcorp https://t.co/GKx4U9TQYg,,,Twitter
Dallas5,32.8342578,-96.7045404,1152 North Buckner Blvd,75218,Sun Oct 23 22:01:31 +0000 2016,AT&amp;T CEO pledges journalistic independence for CNN https://t.co/OEG9LsIR12,,,Twitter
Dallas5,32.8342578,-96.7045404,1152 North Buckner Blvd,75218,Sun Oct 23 21:56:10 +0000 2016,"RT @dallasnews: Trump gets litigious, AT&amp;T gets bigger, @TomiLahren wins bigly: Your weekend news digest https://t.co/tjOy7OJCri https://t.…",,,Twitter
Dallas5,32.8342578,-96.7045404,1152 North Buckner Blvd,75218,Sun Oct 23 21:52:45 +0000 2016,"RT @dallasnews: Trump gets litigious, AT&amp;T gets bigger, @TomiLahren wins bigly: Your weekend news digest https://t.co/tjOy7OJCri https://t.…",,,Twitter
Dallas5,32.8342578,-96.7045404,1152 North Buckner Blvd,75218,Sun Oct 23 21:51:36 +0000 2016,RT @ATT: The #futureofvideo is mobile and the #futureofmobile is video. Time Warner + AT&amp;T make it happen! @twxcorp https://t.co/GKx4U9TQYg,,,Twitter
Dallas5,32.8342578,-96.7045404,1152 North Buckner Blvd,75218,Sun Oct 23 21:50:45 +0000 2016,"RT @dallasnews: Trump gets litigious, AT&amp;T gets bigger, @TomiLahren wins bigly: Your weekend news digest https://t.co/tjOy7OJCri https://t.…",,,Twitter
Dallas5,32.8342578,-96.7045404,1152 North Buckner Blvd,75218,Sun Oct 23 21:46:59 +0000 2016,"RT @dallasnews: Trump gets litigious, AT&amp;T gets bigger, @TomiLahren wins bigly: Your weekend news digest https://t.co/tjOy7OJCri https://t.…",,,Twitter
Dallas5,32.8342578,-96.7045404,1152 North Buckner Blvd,75218,Sun Oct 23 21:39:12 +0000 2016,RT @ATT: The #futureofvideo is mobile and the #futureofmobile is video. Time Warner + AT&amp;T make it happen! @twxcorp https://t.co/GKx4U9TQYg,,,Twitter
Dallas5,32.8342578,-96.7045404,1152 North Buckner Blvd,75218,Sun Oct 23 21:37:35 +0000 2016,"RT @ATT: Mother Nature is unpredictable, so we rely on our Network Disaster Recovery team to connect you when you need it most. https://t.c…",,,Twitter
Dallas5,32.8342578,-96.7045404,1152 North Buckner Blvd,75218,Sun Oct 23 21:35:49 +0000 2016,RT @ATT: Welcome to the team! @taylorswift13 https://t.co/4h86nLYuLo https://t.co/gAHOi7fPrZ,,,Twitter
Dallas5,32.8342578,-96.7045404,1152 North Buckner Blvd,75218,Sun Oct 23 21:33:10 +0000 2016,RT @ATT: Welcome to the team! @taylorswift13 https://t.co/4h86nLYuLo https://t.co/gAHOi7fPrZ,,,Twitter
Dallas5,32.8342578,-96.7045404,1152 North Buckner Blvd,75218,Sun Oct 23 21:33:07 +0000 2016,RT @attJOBS: Hear from Kristin how our Business Sales Leadership Development Program led to her successful career: https://t.co/aitAtDInv5…,,,Twitter
Dallas5,32.8342578,-96.7045404,1152 North Buckner Blvd,75218,Sun Oct 23 21:29:50 +0000 2016,"RT @ATT: Mother Nature is unpredictable, so we rely on our Network Disaster Recovery team to connect you when you need it most. https://t.c…",,,Twitter
Dallas5,32.8342578,-96.7045404,1152 North Buckner Blvd,75218,Sun Oct 23 21:26:54 +0000 2016,"RT @dallasnews: Trump gets litigious, AT&amp;T gets bigger, @TomiLahren wins bigly: Your weekend news digest https://t.co/tjOy7OJCri https://t.…",,,Twitter
Dallas5,32.8342578,-96.7045404,1152 North Buckner Blvd,75218,Sun Oct 23 21:21:34 +0000 2016,"@pandadeer Yea, a lot of people have cut the cord in general for that reason. If you have a friend with DirecTV though you can probably",,,Twitter
Dallas5,32.8342578,-96.7045404,1152 North Buckner Blvd,75218,Sun Oct 23 21:17:07 +0000 2016,"RT @attJOBS: Our colleagues in Europe, the Middle East &amp; Asia are spreading the @ATT Aspire mission around the globe: https://t.co/ypGzlddr…",,,Twitter
Dallas5,32.8342578,-96.7045404,1152 North Buckner Blvd,75218,Sun Oct 23 21:16:57 +0000 2016,RT @RickTweetTweet: Breaking News!!! AT&amp;T to Acquire Time Warner! My family just got bigger! #LifeAtATT  #TimeWarner https://t.co/RUAJa5ciO…,,,Twitter
Dallas5,32.8342578,-96.7045404,1152 North Buckner Blvd,75218,Sun Oct 23 21:09:39 +0000 2016,RT @ATT: Get a sweet deal on the new iPhone 7 when you switch to AT&amp;T and have DIRECTV. https://t.co/TQVeUkmeZ6 https://t.co/zfZmNpe8AP,,,Twitter
Dallas5,32.8342578,-96.7045404,1152 North Buckner Blvd,75218,Sun Oct 23 21:06:11 +0000 2016,"RT @dallasnews: Trump gets litigious, AT&amp;T gets bigger, @TomiLahren wins bigly: Your weekend news digest https://t.co/tjOy7OJCri https://t.…",,,Twitter
Dallas5,32.8342578,-96.7045404,1152 North Buckner Blvd,75218,Sun Oct 23 21:04:44 +0000 2016,RT @ATT: The #futureofvideo is mobile and the #futureofmobile is video. Time Warner + AT&amp;T make it happen! @twxcorp https://t.co/GKx4U9TQYg,,,Twitter
Dallas5,32.8342578,-96.7045404,1152 North Buckner Blvd,75218,Sun Oct 23 21:03:36 +0000 2016,RT @ATT: Welcome to the team! @taylorswift13 https://t.co/4h86nLYuLo https://t.co/gAHOi7fPrZ,,,Twitter
Dallas5,32.8342578,-96.7045404,1152 North Buckner Blvd,75218,Sun Oct 23 20:59:06 +0000 2016,RT @ATT: The #futureofvideo is mobile and the #futureofmobile is video. Time Warner + AT&amp;T make it happen! @twxcorp https://t.co/GKx4U9TQYg,,,Twitter
Dallas5,32.8342578,-96.7045404,1152 North Buckner Blvd,75218,Sun Oct 23 20:56:36 +0000 2016,RT @ATT: Welcome to the team! @taylorswift13 https://t.co/4h86nLYuLo https://t.co/gAHOi7fPrZ,,,Twitter
Dallas5,32.8342578,-96.7045404,1152 North Buckner Blvd,75218,Sun Oct 23 20:56:02 +0000 2016,"RT @dallasnews: Trump gets litigious, AT&amp;T gets bigger, @TomiLahren wins bigly: Your weekend news digest https://t.co/tjOy7OJCri https://t.…",,,Twitter
Dallas5,32.8342578,-96.7045404,1152 North Buckner Blvd,75218,Sun Oct 23 20:55:56 +0000 2016,"RT @ATT: Mother Nature is unpredictable, so we rely on our Network Disaster Recovery team to connect you when you need it most. https://t.c…",,,Twitter
Dallas5,32.8342578,-96.7045404,1152 North Buckner Blvd,75218,Sun Oct 23 20:55:40 +0000 2016,RT @ATT: Welcome to the team! @taylorswift13 https://t.co/4h86nLYuLo https://t.co/gAHOi7fPrZ,,,Twitter
Dallas5,32.8342578,-96.7045404,1152 North Buckner Blvd,75218,Sun Oct 23 20:54:24 +0000 2016,"RT @ATT: Mother Nature is unpredictable, so we rely on our Network Disaster Recovery team to connect you when you need it most. https://t.c…",,,Twitter
Dallas5,32.8342578,-96.7045404,1152 North Buckner Blvd,75218,Sun Oct 23 20:53:00 +0000 2016,"Mother Nature is unpredictable, so we rely on our Network Disaster Recovery team to connect you when you need it mo… https://t.co/cZ6v6MCjzG",,,Twitter
Dallas5,32.8342578,-96.7045404,1152 North Buckner Blvd,75218,Sun Oct 23 20:42:39 +0000 2016,"And @Uverse &gt; @GetSpectrum/@TWC - Customer service has been top notch, I'm paying the same for so much more content and features.",,,Twitter
Dallas5,32.8342578,-96.7045404,1152 North Buckner Blvd,75218,Sun Oct 23 20:37:50 +0000 2016,"Not the @dallasnews I remember. Seriously folks, who cares about the ATT merger. We want @SMU on the front page! #PonyUpTempo",,,Twitter
Dallas5,32.8342578,-96.7045404,1152 North Buckner Blvd,75218,Sun Oct 23 20:30:27 +0000 2016,RT @ATT: The #futureofvideo is mobile and the #futureofmobile is video. Time Warner + AT&amp;T make it happen! @twxcorp https://t.co/GKx4U9TQYg,,,Twitter
Dallas5,32.8342578,-96.7045404,1152 North Buckner Blvd,75218,Sun Oct 23 20:26:46 +0000 2016,@JustinRoiland @DIRECTV That's why you gotta get your hands on some crystalized xanthanite. It's the only media experience worth having.,,,Twitter
Dallas5,32.8342578,-96.7045404,1152 North Buckner Blvd,75218,Sun Oct 23 20:24:21 +0000 2016,"RT @dallasnews: Trump gets litigious, AT&amp;T gets bigger, @TomiLahren wins bigly: Your weekend news digest https://t.co/tjOy7OJCri https://t.…",,,Twitter
Dallas5,32.8342578,-96.7045404,1152 North Buckner Blvd,75218,Sun Oct 23 20:20:38 +0000 2016,RT @Mike_Rawlings: I’m excited for Dallas-based AT&amp;T and hopeful that this merger will lead to great benefits for its employees and... http…,,,Twitter
Dallas5,32.8342578,-96.7045404,1152 North Buckner Blvd,75218,Sun Oct 23 20:11:55 +0000 2016,RT @ATT: Welcome to the team! @taylorswift13 https://t.co/4h86nLYuLo https://t.co/gAHOi7fPrZ,,,Twitter
Dallas5,32.8342578,-96.7045404,1152 North Buckner Blvd,75218,Sun Oct 23 20:11:19 +0000 2016,"What it means to ""own"" the news https://t.co/3NZLU71TUu",,,Twitter
Dallas5,32.8342578,-96.7045404,1152 North Buckner Blvd,75218,Sun Oct 23 20:10:01 +0000 2016,We're helping connect youth to their first jobs by signing on to the White House's First Job Compact. Learn more:… https://t.co/wNs66tV4dL,,,Twitter
Dallas5,32.8342578,-96.7045404,1152 North Buckner Blvd,75218,Sun Oct 23 20:08:36 +0000 2016,@ATTCares how quick could you get service to my house in Irving? Apparently after 4 years of service my ISP sh*t the bed and need a quote.,,,Twitter
Dallas5,32.8342578,-96.7045404,1152 North Buckner Blvd,75218,Sun Oct 23 20:08:12 +0000 2016,RT @ATT: The #futureofvideo is mobile and the #futureofmobile is video. Time Warner + AT&amp;T make it happen! @twxcorp https://t.co/GKx4U9TQYg,,,Twitter
Dallas5,32.8342578,-96.7045404,1152 North Buckner Blvd,75218,Sun Oct 23 20:08:08 +0000 2016,"RT @dallasnews: Trump gets litigious, AT&amp;T gets bigger, @TomiLahren wins bigly: Your weekend news digest https://t.co/tjOy7OJCri https://t.…",,,Twitter
Dallas5,32.8342578,-96.7045404,1152 North Buckner Blvd,75218,Sun Oct 23 20:07:08 +0000 2016,"RT @dallasnews: Trump gets litigious, AT&amp;T gets bigger, @TomiLahren wins bigly: Your weekend news digest https://t.co/tjOy7OJCri https://t.…",,,Twitter
Dallas5,32.8342578,-96.7045404,1152 North Buckner Blvd,75218,Sun Oct 23 20:04:46 +0000 2016,RT @ATT: Welcome to the team! @taylorswift13 https://t.co/4h86nLYuLo https://t.co/gAHOi7fPrZ,,,Twitter
Dallas5,32.8342578,-96.7045404,1152 North Buckner Blvd,75218,Sun Oct 23 20:03:11 +0000 2016,"RT @dallasnews: Trump gets litigious, AT&amp;T gets bigger, @TomiLahren wins bigly: Your weekend news digest https://t.co/tjOy7OJCri https://t.…",,,Twitter
Dallas5,32.8342578,-96.7045404,1152 North Buckner Blvd,75218,Sun Oct 23 20:01:22 +0000 2016,"""The Corporate Confidence of the AT&amp;T-Time Warner Deal"" by DAVID GELLES via NYT The New York Times https://t.co/JFswU8yCUE",,,Twitter
Dallas5,32.8342578,-96.7045404,1152 North Buckner Blvd,75218,Sun Oct 23 20:00:02 +0000 2016,Cybersecurity preparedness starts w/ a strong incident response plan. Get info to help shield your org from attack:… https://t.co/hWfn2dP47t,,,Twitter
Dallas5,32.8342578,-96.7045404,1152 North Buckner Blvd,75218,Sun Oct 23 19:59:00 +0000 2016,RT @ATT: Welcome to the team! @taylorswift13 https://t.co/4h86nLYuLo https://t.co/gAHOi7fPrZ,,,Twitter
Dallas5,32.8342578,-96.7045404,1152 North Buckner Blvd,75218,Sun Oct 23 19:58:43 +0000 2016,"RT @ATT: Some people may wait a lifetime, but you don't have to. On 11/2-3, AT&amp;T customers can buy @kelly_clarkson tix early. https://t.co/…",,,Twitter
Dallas5,32.8342578,-96.7045404,1152 North Buckner Blvd,75218,Sun Oct 23 19:42:10 +0000 2016,RT @ATT: Welcome to the team! @taylorswift13 https://t.co/4h86nLYuLo https://t.co/gAHOi7fPrZ,,,Twitter
Dallas5,32.8342578,-96.7045404,1152 North Buckner Blvd,75218,Sun Oct 23 19:40:05 +0000 2016,"RT @DMNBiz: The Stadium Club is almost half a football field long, but can Cowboys fans fill it year 'round? | https://t.co/BmFzkykjit @kro…",,,Twitter
Dallas5,32.8342578,-96.7045404,1152 North Buckner Blvd,75218,Sun Oct 23 19:36:03 +0000 2016,"RT @PhilipTKingston: Why do I suddenly feel so good about @BCBSAssociation? Hint, hint, @ATT @DtownDallasInc https://t.co/dEwVDTELlT",,,Twitter
Dallas5,32.8342578,-96.7045404,1152 North Buckner Blvd,75218,Sun Oct 23 19:35:58 +0000 2016,"RT @brandonformby: How the AT&amp;T-Time Warner deal changes the TV, mobile landscapes https://t.co/16O9QBsg4Y via @Conor_Shine",,,Twitter
Dallas5,32.8342578,-96.7045404,1152 North Buckner Blvd,75218,Wed Oct 19 22:07:56 +0000 2016,RT @Uverse: The #13NightsOfHalloween begin TONIGHT on @FreeformTV with R.L. Stein's Monsterville: Cabinet of Souls at 7/6c! 🎃 https://t.co/…,,,Twitter
Dallas5,32.8342578,-96.7045404,1152 North Buckner Blvd,75218,Wed Oct 19 22:07:35 +0000 2016,RT @Uverse: The #13NightsOfHalloween begin TONIGHT on @FreeformTV with R.L. Stein's Monsterville: Cabinet of Souls at 7/6c! 🎃 https://t.co/…,,,Twitter
Dallas5,32.8342578,-96.7045404,1152 North Buckner Blvd,75218,Wed Oct 19 22:06:47 +0000 2016,RT @Uverse: The #13NightsOfHalloween begin TONIGHT on @FreeformTV with R.L. Stein's Monsterville: Cabinet of Souls at 7/6c! 🎃 https://t.co/…,,,Twitter
Dallas5,32.8342578,-96.7045404,1152 North Buckner Blvd,75218,Wed Oct 19 22:01:12 +0000 2016,RT @ATT: Welcome to the team! @taylorswift13 https://t.co/4h86nLYuLo https://t.co/gAHOi7fPrZ,,,Twitter
Dallas5,32.8342578,-96.7045404,1152 North Buckner Blvd,75218,Wed Oct 19 21:49:02 +0000 2016,RT @ATT: Get a sweet deal on the new iPhone 7 when you switch to AT&amp;T and have DIRECTV. https://t.co/TQVeUkmeZ6 https://t.co/zfZmNpe8AP,,,Twitter
Dallas5,32.8342578,-96.7045404,1152 North Buckner Blvd,75218,Wed Oct 19 21:42:26 +0000 2016,"RT @dallasnews: New media agency @Hearts_Science lands @ATT, opens shop in Dallas and plans to employ 100 people https://t.co/f5bPR9R5EQ @m…",,,Twitter
Dallas5,32.8342578,-96.7045404,1152 North Buckner Blvd,75218,Wed Oct 19 21:41:16 +0000 2016,"RT @ATT: Before you vote, grab the remote and tune into the final #debatenight at 8/7c. #UNLVPresDebate https://t.co/afLxTSZMLW",,,Twitter
Dallas5,32.8342578,-96.7045404,1152 North Buckner Blvd,75218,Wed Oct 19 21:34:15 +0000 2016,RT @ATT: AT&amp;T #Fiber - The future of the internet is now! Starting with a 1000 Mbps connection. https://t.co/ELBHHMfflF,,,Twitter
Dallas5,32.8342578,-96.7045404,1152 North Buckner Blvd,75218,Wed Oct 19 21:30:20 +0000 2016,"RT @ATT: Before you vote, grab the remote and tune into the final #debatenight at 8/7c. #UNLVPresDebate https://t.co/afLxTSZMLW",,,Twitter
Dallas5,32.8342578,-96.7045404,1152 North Buckner Blvd,75218,Wed Oct 19 21:28:50 +0000 2016,"RT @ATT: Before you vote, grab the remote and tune into the final #debatenight at 8/7c. #UNLVPresDebate https://t.co/afLxTSZMLW",,,Twitter
Dallas5,32.8342578,-96.7045404,1152 North Buckner Blvd,75218,Wed Oct 19 21:27:19 +0000 2016,"RT @Uverse: @steenfox You're breaking our heart - if you can tell us more about the issue you're having, we can help get to the bottom of i…",,,Twitter
Dallas5,32.8342578,-96.7045404,1152 North Buckner Blvd,75218,Wed Oct 19 21:22:31 +0000 2016,"RT @ATT: New @ThomasRhett date has been added in Baltimore! AT&amp;T customers can purchase priority pre-sale tix 10/18-10/20.
https://t.co/vM8…",,,Twitter
Dallas5,32.8342578,-96.7045404,1152 North Buckner Blvd,75218,Wed Oct 19 21:15:19 +0000 2016,"RT @ATT: @ikywtred This is a special, invitation-only concert, but we’ll be giving away lots of tickets to fans and AT&amp;T customers soon.",,,Twitter
Dallas5,32.8342578,-96.7045404,1152 North Buckner Blvd,75218,Wed Oct 19 21:15:14 +0000 2016,RT @ATT: Welcome to the team! @taylorswift13 https://t.co/4h86nLYuLo https://t.co/gAHOi7fPrZ,,,Twitter
Dallas5,32.8342578,-96.7045404,1152 North Buckner Blvd,75218,Wed Oct 19 21:14:49 +0000 2016,"RT @ATT: Before you vote, grab the remote and tune into the final #debatenight at 8/7c. #UNLVPresDebate https://t.co/afLxTSZMLW",,,Twitter
Dallas5,32.8342578,-96.7045404,1152 North Buckner Blvd,75218,Wed Oct 19 21:06:50 +0000 2016,"RT @ATT: Before you vote, grab the remote and tune into the final #debatenight at 8/7c. #UNLVPresDebate https://t.co/afLxTSZMLW",,,Twitter
Dallas5,32.8342578,-96.7045404,1152 North Buckner Blvd,75218,Wed Oct 19 21:05:26 +0000 2016,"RT @ATT: Before you vote, grab the remote and tune into the final #debatenight at 8/7c. #UNLVPresDebate https://t.co/afLxTSZMLW",,,Twitter
Dallas5,32.8342578,-96.7045404,1152 North Buckner Blvd,75218,Wed Oct 19 21:02:39 +0000 2016,"RT @ATT: Before you vote, grab the remote and tune into the final #debatenight at 8/7c. #UNLVPresDebate https://t.co/afLxTSZMLW",,,Twitter
Dallas5,32.8342578,-96.7045404,1152 North Buckner Blvd,75218,Wed Oct 19 21:01:13 +0000 2016,"RT @ATT: Before you vote, grab the remote and tune into the final #debatenight at 8/7c. #UNLVPresDebate https://t.co/afLxTSZMLW",,,Twitter
Dallas5,32.8342578,-96.7045404,1152 North Buckner Blvd,75218,Wed Oct 19 21:00:59 +0000 2016,"RT @ATT: Before you vote, grab the remote and tune into the final #debatenight at 8/7c. #UNLVPresDebate https://t.co/afLxTSZMLW",,,Twitter
Dallas5,32.8342578,-96.7045404,1152 North Buckner Blvd,75218,Wed Oct 19 21:00:47 +0000 2016,"RT @ATT: Before you vote, grab the remote and tune into the final #debatenight at 8/7c. #UNLVPresDebate https://t.co/afLxTSZMLW",,,Twitter
Dallas5,32.8342578,-96.7045404,1152 North Buckner Blvd,75218,Wed Oct 19 21:00:33 +0000 2016,"RT @ATT: Before you vote, grab the remote and tune into the final #debatenight at 8/7c. #UNLVPresDebate https://t.co/afLxTSZMLW",,,Twitter
Dallas5,32.8342578,-96.7045404,1152 North Buckner Blvd,75218,Wed Oct 19 20:58:16 +0000 2016,RT @ATT: AT&amp;T #Fiber - The future of the internet is now! Starting with a 1000 Mbps connection. https://t.co/gptqILMHmT,,,Twitter
Dallas5,32.8342578,-96.7045404,1152 North Buckner Blvd,75218,Wed Oct 19 20:57:20 +0000 2016,RT @ATT: Who made you a college 🏈 fan? Share with #MadeMeAFanContest for a chance to win. Rules https://t.co/hU3I3wFn5V https://t.co/xZbxUJ…,,,Twitter
Dallas5,32.8342578,-96.7045404,1152 North Buckner Blvd,75218,Wed Oct 19 20:54:51 +0000 2016,RT @ATT: Goals. Highlights. Interviews. Head to https://t.co/1KS2s33o0G for exclusive MLS content! #SoccerEverywhere https://t.co/jcgMlqKBj4,,,Twitter
Dallas5,32.8342578,-96.7045404,1152 North Buckner Blvd,75218,Wed Oct 19 20:54:35 +0000 2016,RT @ATT: Goals. Highlights. Interviews. Head to https://t.co/1KS2s33o0G for exclusive MLS content! #SoccerEverywhere https://t.co/jcgMlqKBj4,,,Twitter
Dallas5,32.8342578,-96.7045404,1152 North Buckner Blvd,75218,Wed Oct 19 20:53:28 +0000 2016,RT @ATT: Who made you a college 🏈 fan? Share with #MadeMeAFanContest for a chance to win. Rules https://t.co/hU3I3wFn5V https://t.co/xZbxUJ…,,,Twitter
Dallas5,32.8342578,-96.7045404,1152 North Buckner Blvd,75218,Wed Oct 19 20:51:12 +0000 2016,RT @ATT: Get a sweet deal on the new iPhone 7 when you switch to AT&amp;T and have DIRECTV. https://t.co/TQVeUkmeZ6 https://t.co/zfZmNpe8AP,,,Twitter
Dallas5,32.8342578,-96.7045404,1152 North Buckner Blvd,75218,Wed Oct 19 20:46:21 +0000 2016,RT @ATT: Goals. Highlights. Interviews. Head to https://t.co/1KS2s33o0G for exclusive MLS content! #SoccerEverywhere https://t.co/jcgMlqKBj4,,,Twitter
Dallas5,32.8342578,-96.7045404,1152 North Buckner Blvd,75218,Wed Oct 19 20:45:54 +0000 2016,"RT @dallasnews: New media agency @Hearts_Science lands @ATT, opens shop in Dallas and plans to employ 100 people https://t.co/f5bPR9R5EQ @m…",,,Twitter
Dallas5,32.8342578,-96.7045404,1152 North Buckner Blvd,75218,Wed Oct 19 20:43:13 +0000 2016,RT @ATT: Welcome to the team! @taylorswift13 https://t.co/4h86nLYuLo https://t.co/gAHOi7fPrZ,,,Twitter
Dallas5,32.8342578,-96.7045404,1152 North Buckner Blvd,75218,Wed Oct 19 20:42:56 +0000 2016,RT @ATT: Welcome to the team! @taylorswift13 https://t.co/4h86nLYuLo https://t.co/gAHOi7fPrZ,,,Twitter
Dallas5,32.8342578,-96.7045404,1152 North Buckner Blvd,75218,Wed Oct 19 20:40:19 +0000 2016,RT @tonyromo: I wanna thank @DIRECTV for allowing me to show off my true self.  ;)  embarrassing is an understatement http://t.co/F0NniFESlL,,,Twitter
Dallas5,32.8342578,-96.7045404,1152 North Buckner Blvd,75218,Wed Oct 19 20:18:07 +0000 2016,"RT @ATT: See how you can get up to $650 in credits with AT&amp;T.
https://t.co/qJML2cmv5a",,,Twitter
Dallas5,32.8342578,-96.7045404,1152 North Buckner Blvd,75218,Wed Oct 19 19:28:28 +0000 2016,RT @ATT: Welcome to the team! @taylorswift13 https://t.co/4h86nLYuLo https://t.co/gAHOi7fPrZ,,,Twitter
Dallas5,32.8342578,-96.7045404,1152 North Buckner Blvd,75218,Wed Oct 19 19:21:41 +0000 2016,RT @ATT: Welcome to the team! @taylorswift13 https://t.co/4h86nLYuLo https://t.co/gAHOi7fPrZ,,,Twitter
Dallas5,32.8342578,-96.7045404,1152 North Buckner Blvd,75218,Wed Oct 19 19:18:46 +0000 2016,RT @ATT: Welcome to the team! @taylorswift13 https://t.co/4h86nLYuLo https://t.co/gAHOi7fPrZ,,,Twitter
Dallas5,32.8342578,-96.7045404,1152 North Buckner Blvd,75218,Wed Oct 19 19:15:56 +0000 2016,"New media agency @Hearts_Science lands @ATT, opens shop in Dallas and plans to employ 100 people… https://t.co/n2lLIGUReh",,,Twitter
Dallas5,32.8342578,-96.7045404,1152 North Buckner Blvd,75218,Wed Oct 19 19:11:36 +0000 2016,RT @ATT: Goals. Highlights. Interviews. Head to https://t.co/1KS2s33o0G for exclusive MLS content! #SoccerEverywhere https://t.co/jcgMlqKBj4,,,Twitter
Dallas5,32.8342578,-96.7045404,1152 North Buckner Blvd,75218,Wed Oct 19 19:05:08 +0000 2016,RT @ATT: Welcome to the team! @taylorswift13 https://t.co/4h86nLYuLo https://t.co/gAHOi7fPrZ,,,Twitter
Dallas5,32.8342578,-96.7045404,1152 North Buckner Blvd,75218,Wed Oct 19 18:59:36 +0000 2016,@DIRECTV @DIRECTVService When are you going to offer NBA League Pass?  Season starts in 6 days. Prior years it was available for preseason!,,,Twitter
Dallas5,32.8342578,-96.7045404,1152 North Buckner Blvd,75218,Wed Oct 19 18:50:44 +0000 2016,RT @ATT: Get a sweet deal on the new iPhone 7 when you switch to AT&amp;T and have DIRECTV. https://t.co/TQVeUkmeZ6 https://t.co/zfZmNpe8AP,,,Twitter
Dallas5,32.8342578,-96.7045404,1152 North Buckner Blvd,75218,Wed Oct 19 18:26:09 +0000 2016,RT @JordanSpieth: .@NotahBegay3 with the birdie for Team @ATT at the #SpiethShootout https://t.co/ssL2vULkxd,,,Twitter
Dallas5,32.8342578,-96.7045404,1152 North Buckner Blvd,75218,Wed Oct 19 18:11:04 +0000 2016,RT @ATT: Get a sweet deal on the new iPhone 7 when you switch to AT&amp;T and have DIRECTV. https://t.co/TQVeUkmeZ6 https://t.co/zfZmNpe8AP,,,Twitter
Dallas5,32.8342578,-96.7045404,1152 North Buckner Blvd,75218,Wed Oct 19 18:06:56 +0000 2016,RT @ATT: AT&amp;T #Fiber - The future of the internet is now! Starting with a 1000 Mbps connection. https://t.co/jCyj99eSoK,,,Twitter
Dallas5,32.8342578,-96.7045404,1152 North Buckner Blvd,75218,Wed Oct 19 18:05:05 +0000 2016,RT @ATT: Get a sweet deal on the new iPhone 7 when you switch to AT&amp;T and have DIRECTV. https://t.co/TQVeUkmeZ6 https://t.co/zfZmNpe8AP,,,Twitter
Dallas5,32.8342578,-96.7045404,1152 North Buckner Blvd,75218,Wed Oct 19 17:43:31 +0000 2016,Exploring the @statefairoftx today with my @att GoPhone. Come along with me on snapchat and IG Stories (👻... https://t.co/G40kX1vCfi,,,Twitter
Dallas5,32.8342578,-96.7045404,1152 North Buckner Blvd,75218,Wed Oct 19 17:43:14 +0000 2016,No more overages thanks to @ATT unlimited data. You got something right for a change lol,,,Twitter
Dallas5,32.8342578,-96.7045404,1152 North Buckner Blvd,75218,Wed Oct 19 17:37:56 +0000 2016,RT @ATT: Who made you a college 🏈 fan? Share with #MadeMeAFanContest for a chance to win. Rules https://t.co/hU3I3wFn5V https://t.co/xZbxUJ…,,,Twitter
Dallas5,32.8342578,-96.7045404,1152 North Buckner Blvd,75218,Wed Oct 19 17:15:13 +0000 2016,RT @ATT: Goals. Highlights. Interviews. Head to https://t.co/1KS2s33o0G for exclusive MLS content! #SoccerEverywhere https://t.co/jcgMlqKBj4,,,Twitter
Dallas5,32.8342578,-96.7045404,1152 North Buckner Blvd,75218,Wed Oct 19 17:10:46 +0000 2016,RT @ATT: Who made you a college 🏈 fan? Share with #MadeMeAFanContest for a chance to win. Rules https://t.co/hU3I3wFn5V https://t.co/xZbxUJ…,,,Twitter
Dallas5,32.8342578,-96.7045404,1152 North Buckner Blvd,75218,Wed Oct 19 17:10:09 +0000 2016,RT @ATT: Who made you a college 🏈 fan? Share with #MadeMeAFanContest for a chance to win. Rules https://t.co/hU3I3wFn5V https://t.co/xZbxUJ…,,,Twitter
Dallas5,32.8342578,-96.7045404,1152 North Buckner Blvd,75218,Wed Oct 19 17:04:26 +0000 2016,"This @ATT GoPhone has the best camera! Wait until you see mi pics from the @StateFairOfTX 
#ATTGoPhone #ad https://t.co/vcPjgWvw8l",,,Twitter
Dallas5,32.8342578,-96.7045404,1152 North Buckner Blvd,75218,Wed Oct 19 17:00:39 +0000 2016,RT @ATT: Goals. Highlights. Interviews. Head to https://t.co/1KS2s33o0G for exclusive MLS content! #SoccerEverywhere https://t.co/jcgMlqKBj4,,,Twitter
Dallas5,32.8342578,-96.7045404,1152 North Buckner Blvd,75218,Wed Oct 19 17:00:27 +0000 2016,RT @ATT: Goals. Highlights. Interviews. Head to https://t.co/1KS2s33o0G for exclusive MLS content! #SoccerEverywhere https://t.co/jcgMlqKBj4,,,Twitter
Dallas5,32.8342578,-96.7045404,1152 North Buckner Blvd,75218,Wed Oct 19 16:52:45 +0000 2016,Getting caught up with Marco at the @ATT booth today! Blog post coming soon about my AT&amp;T GoPhone giveaway.… https://t.co/7hsZGVR6Zm,,,Twitter
Dallas5,32.8342578,-96.7045404,1152 North Buckner Blvd,75218,Wed Oct 19 16:42:42 +0000 2016,RT @ATT: Get a sweet deal on the new iPhone 7 when you switch to AT&amp;T and have DIRECTV. https://t.co/TQVeUkmeZ6 https://t.co/zfZmNpe8AP,,,Twitter
Dallas5,32.8342578,-96.7045404,1152 North Buckner Blvd,75218,Wed Oct 19 16:36:45 +0000 2016,RT @ATT: Welcome to the team! @taylorswift13 https://t.co/4h86nLYuLo https://t.co/gAHOi7fPrZ,,,Twitter
Dallas5,32.8342578,-96.7045404,1152 North Buckner Blvd,75218,Wed Oct 19 16:30:27 +0000 2016,RT @ATT: Welcome to the team! @taylorswift13 https://t.co/4h86nLYuLo https://t.co/gAHOi7fPrZ,,,Twitter
Dallas5,32.8342578,-96.7045404,1152 North Buckner Blvd,75218,Wed Oct 19 16:30:21 +0000 2016,RT @ATT: Get a sweet deal on the new iPhone 7 when you switch to AT&amp;T and have DIRECTV. https://t.co/TQVeUkmeZ6 https://t.co/zfZmNpe8AP,,,Twitter
Dallas5,32.8342578,-96.7045404,1152 North Buckner Blvd,75218,Wed Oct 19 16:15:05 +0000 2016,RT @ATT: Welcome to the team! @taylorswift13 https://t.co/4h86nLYuLo https://t.co/gAHOi7fPrZ,,,Twitter
Dallas5,32.8342578,-96.7045404,1152 North Buckner Blvd,75218,Wed Oct 19 16:09:23 +0000 2016,RT @ATT: Get a sweet deal on the new iPhone 7 when you switch to AT&amp;T and have DIRECTV. https://t.co/TQVeUkmeZ6 https://t.co/zfZmNpe8AP,,,Twitter
Dallas5,32.8342578,-96.7045404,1152 North Buckner Blvd,75218,Wed Oct 19 16:00:08 +0000 2016,"RT @ATT: @gsepi Woo-hoo! Anytime, Joe :) https://t.co/WDMqAZSHwC",,,Twitter
Dallas5,32.8342578,-96.7045404,1152 North Buckner Blvd,75218,Wed Oct 19 15:56:15 +0000 2016,RT @ATT: Get a sweet deal on the new iPhone 7 when you switch to AT&amp;T and have DIRECTV. https://t.co/TQVeUkmeZ6 https://t.co/zfZmNpe8AP,,,Twitter
Dallas5,32.8342578,-96.7045404,1152 North Buckner Blvd,75218,Wed Oct 19 15:55:00 +0000 2016,RT @ATT: Get a sweet deal on the new iPhone 7 when you switch to AT&amp;T and have DIRECTV. https://t.co/TQVeUkmeZ6 https://t.co/zfZmNpe8AP,,,Twitter
Dallas5,32.8342578,-96.7045404,1152 North Buckner Blvd,75218,Wed Oct 19 15:54:30 +0000 2016,RT @ATT: Welcome to the team! @taylorswift13 https://t.co/4h86nLYuLo https://t.co/gAHOi7fPrZ,,,Twitter
Dallas5,32.8342578,-96.7045404,1152 North Buckner Blvd,75218,Wed Oct 19 15:53:11 +0000 2016,RT @ATT: Get a sweet deal on the new iPhone 7 when you switch to AT&amp;T and have DIRECTV. https://t.co/TQVeUkmeZ6 https://t.co/zfZmNpe8AP,,,Twitter
Dallas5,32.8342578,-96.7045404,1152 North Buckner Blvd,75218,Wed Oct 19 15:48:37 +0000 2016,RT @ATT: Who made you a college 🏈 fan? Share with #MadeMeAFanContest for a chance to win. Rules https://t.co/hU3I3wFn5V https://t.co/xZbxUJ…,,,Twitter
Dallas5,32.8342578,-96.7045404,1152 North Buckner Blvd,75218,Wed Oct 19 15:37:46 +0000 2016,RT @ATT: Welcome to the team! @taylorswift13 https://t.co/4h86nLYuLo https://t.co/gAHOi7fPrZ,,,Twitter
Dallas5,32.8342578,-96.7045404,1152 North Buckner Blvd,75218,Wed Oct 19 15:36:46 +0000 2016,RT @ATT: Welcome to the team! @taylorswift13 https://t.co/4h86nLYuLo https://t.co/gAHOi7fPrZ,,,Twitter
Dallas5,32.8342578,-96.7045404,1152 North Buckner Blvd,75218,Wed Oct 19 15:35:15 +0000 2016,"New media agency @Hearts_Science lands @ATT, opens shop in Dallas and plans to employ 100 people… https://t.co/BLIleSHPev",,,Twitter
Dallas5,32.8342578,-96.7045404,1152 North Buckner Blvd,75218,Wed Oct 19 15:23:51 +0000 2016,RT @Ruthiesrolling: .@DtownDallasInc @ATT Come see us @browderstplaza for lunch today! #grilledcheese #att #DowntownDallas #lunch https://t…,,,Twitter
Dallas5,32.8342578,-96.7045404,1152 North Buckner Blvd,75218,Wed Oct 19 15:09:05 +0000 2016,RT @ATT: Welcome to the team! @taylorswift13 https://t.co/4h86nLYuLo https://t.co/gAHOi7fPrZ,,,Twitter
Dallas5,32.8342578,-96.7045404,1152 North Buckner Blvd,75218,Wed Oct 19 14:53:45 +0000 2016,"RT @ConnectToGood: Our colleagues in Europe, the Middle East &amp; Asia are spreading the @ATT  Aspire mission around the globe: https://t.co/c…",,,Twitter
Dallas5,32.8342578,-96.7045404,1152 North Buckner Blvd,75218,Wed Oct 19 14:51:40 +0000 2016,RT @ATT: AT&amp;T #Fiber - The future of the internet is now! Starting with a 1000 Mbps connection. https://t.co/gptqILMHmT,,,Twitter
Dallas5,32.8342578,-96.7045404,1152 North Buckner Blvd,75218,Wed Oct 19 13:41:46 +0000 2016,"New media agency lands @ATT, opens shop in Dallas and plans to hire 100 people https://t.co/IvMoukoQQl via @dallasnews",,,Twitter
Dallas5,32.8342578,-96.7045404,1152 North Buckner Blvd,75218,Wed Oct 19 13:30:10 +0000 2016,"RT @ATT: @OmarCorrea Rock star speeds just for you, Omar! 👍 https://t.co/u1hBT5Wj7Z",,,Twitter
Dallas5,32.8342578,-96.7045404,1152 North Buckner Blvd,75218,Wed Oct 19 13:16:53 +0000 2016,RT @ATT: Welcome to the team! @taylorswift13 https://t.co/4h86nLYuLo https://t.co/gAHOi7fPrZ,,,Twitter
Dallas5,32.8342578,-96.7045404,1152 North Buckner Blvd,75218,Wed Oct 19 13:10:41 +0000 2016,.@DtownDallasInc @ATT Come see us @browderstplaza for lunch today! #grilledcheese #att #DowntownDallas #lunch https://t.co/Ys6krkrdId,,,Twitter
Dallas5,32.8342578,-96.7045404,1152 North Buckner Blvd,75218,Wed Oct 19 12:12:33 +0000 2016,RT @ATT: Welcome to the team! @taylorswift13 https://t.co/4h86nLYuLo https://t.co/gAHOi7fPrZ,,,Twitter
Dallas5,32.8342578,-96.7045404,1152 North Buckner Blvd,75218,Wed Oct 19 12:00:48 +0000 2016,"RT @ATT: @alwayswifty13 Hi there! This is a special, invitation-only concert, but we’ll be giving away tickets to fans and AT&amp;T customers s…",,,Twitter
Dallas5,32.8342578,-96.7045404,1152 North Buckner Blvd,75218,Wed Oct 19 11:41:42 +0000 2016,RT @ATT: AT&amp;T #Fiber - The future of the internet is now! Starting with a 1000 Mbps connection. https://t.co/gptqILMHmT,,,Twitter
Dallas5,32.8342578,-96.7045404,1152 North Buckner Blvd,75218,Wed Oct 19 11:35:37 +0000 2016,RT @ATT: Welcome to the team! @taylorswift13 https://t.co/4h86nLYuLo https://t.co/gAHOi7fPrZ,,,Twitter
Dallas5,32.8342578,-96.7045404,1152 North Buckner Blvd,75218,Wed Oct 19 10:17:29 +0000 2016,RT @ATT: Welcome to the team! @taylorswift13 https://t.co/4h86nLYuLo https://t.co/gAHOi7fPrZ,,,Twitter
Dallas5,32.8342578,-96.7045404,1152 North Buckner Blvd,75218,Wed Oct 19 09:51:00 +0000 2016,RT @ATT: @cyntitiswift We’re creating an amazing venue in Houston for this show.  Stay tuned for more details. Follow AT&amp;T &amp; Taylor Nation.,,,Twitter
Dallas5,32.8342578,-96.7045404,1152 North Buckner Blvd,75218,Wed Oct 19 09:24:56 +0000 2016,RT @ATT: Welcome to the team! @taylorswift13 https://t.co/4h86nLYuLo https://t.co/gAHOi7fPrZ,,,Twitter
Dallas5,32.8342578,-96.7045404,1152 North Buckner Blvd,75218,Wed Oct 19 07:43:27 +0000 2016,RT @ATT: Welcome to the team! @taylorswift13 https://t.co/4h86nLYuLo https://t.co/gAHOi7fPrZ,,,Twitter
Dallas5,32.8342578,-96.7045404,1152 North Buckner Blvd,75218,Wed Oct 19 07:33:18 +0000 2016,RT @ATT: Welcome to the team! @taylorswift13 https://t.co/4h86nLYuLo https://t.co/gAHOi7fPrZ,,,Twitter
Dallas5,32.8342578,-96.7045404,1152 North Buckner Blvd,75218,Wed Oct 19 07:26:26 +0000 2016,RT @ATT: AT&amp;T #Fiber - The future of the internet is now! Starting with a 1000 Mbps connection. https://t.co/oZ1julCt3F,,,Twitter
Dallas5,32.8342578,-96.7045404,1152 North Buckner Blvd,75218,Wed Oct 19 07:26:20 +0000 2016,RT @ATT: AT&amp;T #Fiber - The future of the internet is now! Starting with a 1000 Mbps connection. https://t.co/Rw8zxmVDRY,,,Twitter
Dallas5,32.8342578,-96.7045404,1152 North Buckner Blvd,75218,Wed Oct 19 07:11:58 +0000 2016,RT @ATT: Welcome to the team! @taylorswift13 https://t.co/4h86nLYuLo https://t.co/gAHOi7fPrZ,,,Twitter
Dallas5,32.8342578,-96.7045404,1152 North Buckner Blvd,75218,Wed Oct 19 06:48:52 +0000 2016,RT @ATT: AT&amp;T #Fiber - The future of the internet is now! Starting with a 1000 Mbps connection. https://t.co/oZ1julCt3F,,,Twitter
Dallas5,32.8342578,-96.7045404,1152 North Buckner Blvd,75218,Wed Oct 19 06:24:35 +0000 2016,RT @ATT: Welcome to the team! @taylorswift13 https://t.co/4h86nLYuLo https://t.co/gAHOi7fPrZ,,,Twitter
Dallas5,32.8342578,-96.7045404,1152 North Buckner Blvd,75218,Wed Oct 19 06:18:39 +0000 2016,RT @ATT: Welcome to the team! @taylorswift13 https://t.co/4h86nLYuLo https://t.co/gAHOi7fPrZ,,,Twitter
Dallas5,32.8342578,-96.7045404,1152 North Buckner Blvd,75218,Wed Oct 19 05:50:12 +0000 2016,RT @JordanSpieth: .@NotahBegay3 with the birdie for Team @ATT at the #SpiethShootout https://t.co/ssL2vULkxd,,,Twitter
Dallas5,32.8342578,-96.7045404,1152 North Buckner Blvd,75218,Wed Oct 19 05:47:28 +0000 2016,RT @ATT: AT&amp;T #Fiber - The future of the internet is now! Starting with a 1000 Mbps connection. https://t.co/gptqILMHmT,,,Twitter
Dallas5,32.8342578,-96.7045404,1152 North Buckner Blvd,75218,Wed Oct 19 04:16:09 +0000 2016,RT @ATT: AT&amp;T #Fiber - The future of the internet is now! Starting with a 1000 Mbps connection. https://t.co/Rw8zxmVDRY,,,Twitter
Dallas5,32.8342578,-96.7045404,1152 North Buckner Blvd,75218,Wed Oct 19 03:51:07 +0000 2016,"@ATTCares they chose to fill a full 16:9 screen when original film is 2.40:1, changing original vision. Who makes these choices?",,,Twitter
Dallas5,32.8342578,-96.7045404,1152 North Buckner Blvd,75218,Wed Oct 19 03:44:08 +0000 2016,RT @ATT: AT&amp;T #Fiber - The future of the internet is now! Starting with a 1000 Mbps connection. https://t.co/ELBHHMfflF,,,Twitter
