Store,Latitude,Longitude,Address,Zip,CreatedAt,Text,Senti,Rating,Source
Dallas4,32.8685017,-96.7757012,8687 N Central Expressway Suite 2340,75225,Wed Oct 26 15:00:26 +0000 2016,New #IoT Security Guidelines from the Dept of Homeland Security https://t.co/v8cqO8ioHn #attemployee https://t.co/iDBsFJGg1Y,,,Twitter
Dallas4,32.8685017,-96.7757012,8687 N Central Expressway Suite 2340,75225,Wed Oct 26 14:59:50 +0000 2016,Heading to vote early with my @ATT coworker! HQ is right by a voting place. #lifeatATT https://t.co/8zchRMkDG3,,,Twitter
Dallas4,32.8685017,-96.7757012,8687 N Central Expressway Suite 2340,75225,Wed Oct 26 14:59:40 +0000 2016,Just another day in the office. @JordanSpieth joins the @ATT Aspire  Accelerator presentations showcasing innovativ… https://t.co/KO1FM9rvPd,,,Twitter
Dallas4,32.8685017,-96.7757012,8687 N Central Expressway Suite 2340,75225,Wed Oct 26 14:58:46 +0000 2016,@ATTCares like that thought never crossed my mind.,,,Twitter
Dallas4,32.8685017,-96.7757012,8687 N Central Expressway Suite 2340,75225,Wed Oct 26 14:57:28 +0000 2016,Agree @ATT's #RandallStephenson is a 'southern gentleman' like @DaveLieber says? I've heard mostly good. @JimZarroli https://t.co/8MlQugMyQ3,,,Twitter
Dallas4,32.8685017,-96.7757012,8687 N Central Expressway Suite 2340,75225,Wed Oct 26 14:36:30 +0000 2016,How to talk about the @ATT-@twxcorp deal like an insider https://t.co/BS8al09DpH | @Melissa_Repko https://t.co/r69KlkAmBl,,,Twitter
Dallas4,32.8685017,-96.7757012,8687 N Central Expressway Suite 2340,75225,Wed Oct 26 14:34:17 +0000 2016,"Hey @ATT appreciate being on hold for 39 minutes now waiting to talk about my ""rewards"" I am supposed to get.",,,Twitter
Dallas4,32.8685017,-96.7757012,8687 N Central Expressway Suite 2340,75225,Wed Oct 26 14:27:28 +0000 2016,RT @ATT: Welcome to the team! @taylorswift13 https://t.co/4h86nLYuLo https://t.co/gAHOi7fPrZ,,,Twitter
Dallas4,32.8685017,-96.7757012,8687 N Central Expressway Suite 2340,75225,Wed Oct 26 14:26:50 +0000 2016,"RT @attJOBS: At AT&amp;T, we believe that inspiration stems from collaboration. That's why we give employees the access they need. https://t.co…",,,Twitter
Dallas4,32.8685017,-96.7757012,8687 N Central Expressway Suite 2340,75225,Wed Oct 26 14:23:29 +0000 2016,"RT @NerdButler: AT&amp;T Undercuts Cable TV With $35 Internet Streaming Service | WIRED
https://t.co/4FOS0tODt6 https://t.co/9L0r6PzMqe",,,Twitter
Dallas4,32.8685017,-96.7757012,8687 N Central Expressway Suite 2340,75225,Wed Oct 26 14:22:50 +0000 2016,RT @ATT: Welcome to the team! @taylorswift13 https://t.co/4h86nLYuLo https://t.co/gAHOi7fPrZ,,,Twitter
Dallas4,32.8685017,-96.7757012,8687 N Central Expressway Suite 2340,75225,Wed Oct 26 14:19:42 +0000 2016,"RT @paul_o_donnell: Lots of reader interest in this story yesterday. #topreadoftheday
https://t.co/RwZMZvtM1I via @dallasnews",,,Twitter
Dallas4,32.8685017,-96.7757012,8687 N Central Expressway Suite 2340,75225,Wed Oct 26 14:18:04 +0000 2016,"AT&amp;T Undercuts Cable TV With $35 Internet Streaming Service | WIRED
https://t.co/4FOS0tODt6 https://t.co/9L0r6PzMqe",,,Twitter
Dallas4,32.8685017,-96.7757012,8687 N Central Expressway Suite 2340,75225,Wed Oct 26 14:04:59 +0000 2016,@capritwotimes Oh no! That's not what we like to hear. Please DM us your account information so we can look into this for you.,,,Twitter
Dallas4,32.8685017,-96.7757012,8687 N Central Expressway Suite 2340,75225,Wed Oct 26 14:03:56 +0000 2016,RT @ATT: Welcome to the team! @taylorswift13 https://t.co/4h86nLYuLo https://t.co/gAHOi7fPrZ,,,Twitter
Dallas4,32.8685017,-96.7757012,8687 N Central Expressway Suite 2340,75225,Wed Oct 26 14:03:41 +0000 2016,Received my notice @Uverse will stop charging me a premium to opt out of their domestic spying/ad program.  Just in time for Time Warner/FTC,,,Twitter
Dallas4,32.8685017,-96.7757012,8687 N Central Expressway Suite 2340,75225,Wed Oct 26 14:02:37 +0000 2016,RT @ATTBusiness: Watch how to protect your business from evolving threats. Get our report to learn more: https://t.co/8Ixmpp7esC #ATTCyberC…,,,Twitter
Dallas4,32.8685017,-96.7757012,8687 N Central Expressway Suite 2340,75225,Wed Oct 26 14:00:56 +0000 2016,What’s different about 5G than previous “G’s”? https://t.co/AxI4gm6JdB #attemployee https://t.co/2F1KDK93ak,,,Twitter
Dallas4,32.8685017,-96.7757012,8687 N Central Expressway Suite 2340,75225,Wed Oct 26 14:00:02 +0000 2016,Looking for a new trainer? Check out @JillianMichaels Fit Fusion TV: https://t.co/wHpiTE8VdG https://t.co/Os2SQH8UbG,,,Twitter
Dallas4,32.8685017,-96.7757012,8687 N Central Expressway Suite 2340,75225,Wed Oct 26 13:57:02 +0000 2016,Documents show AT&amp;T secretly sells customer data to law enforcement https://t.co/NHOKuMEq8l,,,Twitter
Dallas4,32.8685017,-96.7757012,8687 N Central Expressway Suite 2340,75225,Wed Oct 26 13:49:27 +0000 2016,RT @ATTBusinessCare: Learn how to add a text messaging user to your pdvConnect from AT&amp;T account https://t.co/Aqu7w2lJjK https://t.co/BUzKt…,,,Twitter
Dallas4,32.8685017,-96.7757012,8687 N Central Expressway Suite 2340,75225,Wed Oct 26 13:48:18 +0000 2016,RT @ATTBusinessCare: See how to change your status in AT&amp;T Business Messenger for iPhone at https://t.co/0f5VB7upGe,,,Twitter
Dallas4,32.8685017,-96.7757012,8687 N Central Expressway Suite 2340,75225,Wed Oct 26 13:48:04 +0000 2016,"RT @bodyrecruit: @TheNETwork_Natl 
AT&amp;T Hiring Sales Executive Field Sales #Des Peres, MO. Spread the word about the good #LifeAtATT. https…",,,Twitter
Dallas4,32.8685017,-96.7757012,8687 N Central Expressway Suite 2340,75225,Wed Oct 26 13:47:22 +0000 2016,RT @ATTBusiness: Watch how to protect your business from evolving threats. Get our report to learn more: https://t.co/8Ixmpp7esC #ATTCyberC…,,,Twitter
Dallas4,32.8685017,-96.7757012,8687 N Central Expressway Suite 2340,75225,Wed Oct 26 13:44:39 +0000 2016,RT @kheinlein: AT&amp;T CEO Stephenson finally reveals price point for DirecTV Now https://t.co/VcroyovOhz via @DallasBizNews #attemployee,,,Twitter
Dallas4,32.8685017,-96.7757012,8687 N Central Expressway Suite 2340,75225,Wed Oct 26 13:42:50 +0000 2016,"RT @attJOBS: With the power to shape new accessibility tech (like a speech-to-text hearing aid), #InclusionWorks at AT&amp;T. https://t.co/P4aq…",,,Twitter
Dallas4,32.8685017,-96.7757012,8687 N Central Expressway Suite 2340,75225,Wed Oct 26 13:37:46 +0000 2016,"RT @paul_o_donnell: Lots of reader interest in this story yesterday. #topreadoftheday
https://t.co/RwZMZvtM1I via @dallasnews",,,Twitter
Dallas4,32.8685017,-96.7757012,8687 N Central Expressway Suite 2340,75225,Wed Oct 26 13:37:26 +0000 2016,"Lots of reader interest in this story yesterday. #topreadoftheday
https://t.co/RwZMZvtM1I via @dallasnews",,,Twitter
Dallas4,32.8685017,-96.7757012,8687 N Central Expressway Suite 2340,75225,Wed Oct 26 13:31:32 +0000 2016,3/4 millennials say that access to technology makes them more effective at work https://t.co/nrmXqjKfQV #cloud #attemployee,,,Twitter
Dallas4,32.8685017,-96.7757012,8687 N Central Expressway Suite 2340,75225,Wed Oct 26 13:31:27 +0000 2016,AT&amp;T Offers Online Service for $35 a Month in Test of a La Carte TV | https://t.co/bGxkLYsEvZ #marketing #advertis… https://t.co/i2McDsg0Kh,,,Twitter
Dallas4,32.8685017,-96.7757012,8687 N Central Expressway Suite 2340,75225,Wed Oct 26 13:20:26 +0000 2016,This shouldn't surprise ANYONE. @att has done lots of shitty things for profit. AT&amp;T Spied on Americans For Profit https://t.co/1RY0iaghgZ,,,Twitter
Dallas4,32.8685017,-96.7757012,8687 N Central Expressway Suite 2340,75225,Wed Oct 26 13:20:17 +0000 2016,AT&amp;T CEO Stephenson finally reveals price point for DirecTV Now https://t.co/VcroyovOhz via @DallasBizNews #attemployee,,,Twitter
Dallas4,32.8685017,-96.7757012,8687 N Central Expressway Suite 2340,75225,Wed Oct 26 12:51:04 +0000 2016,"RT @SportsDayHS: Due to conflicts, no #txhsfb at AT&amp;T Stadium for the first 3 rounds 😭
…but now we have The Star.
Details: https://t.co/UxR…",,,Twitter
Dallas4,32.8685017,-96.7757012,8687 N Central Expressway Suite 2340,75225,Wed Oct 26 12:47:18 +0000 2016,RT @ATT: Welcome to the team! @taylorswift13 https://t.co/4h86nLYuLo https://t.co/gAHOi7fPrZ,,,Twitter
Dallas4,32.8685017,-96.7757012,8687 N Central Expressway Suite 2340,75225,Wed Oct 26 12:44:19 +0000 2016,RT @ATT: Welcome to the team! @taylorswift13 https://t.co/4h86nLYuLo https://t.co/gAHOi7fPrZ,,,Twitter
Dallas4,32.8685017,-96.7757012,8687 N Central Expressway Suite 2340,75225,Wed Oct 26 12:41:54 +0000 2016,@BostonSugarBear @Lawssenhop @Snowden @ATT always a good idea to stay away from peeps on terrorist watch lists. Like journalists &amp; such. ;-),,,Twitter
Dallas4,32.8685017,-96.7757012,8687 N Central Expressway Suite 2340,75225,Wed Oct 26 12:40:18 +0000 2016,RT @ATT: Welcome to the team! @taylorswift13 https://t.co/4h86nLYuLo https://t.co/gAHOi7fPrZ,,,Twitter
Dallas4,32.8685017,-96.7757012,8687 N Central Expressway Suite 2340,75225,Wed Oct 26 12:35:58 +0000 2016,RT @ATT: Welcome to the team! @taylorswift13 https://t.co/4h86nLYuLo https://t.co/gAHOi7fPrZ,,,Twitter
Dallas4,32.8685017,-96.7757012,8687 N Central Expressway Suite 2340,75225,Wed Oct 26 12:19:28 +0000 2016,@ana60nda @BostonSugarBear @LordVoltimus @Snowden @ATT it's a clear violation of the 4th amendment. Search/seizure w/out probable cause.,,,Twitter
Dallas4,32.8685017,-96.7757012,8687 N Central Expressway Suite 2340,75225,Wed Oct 26 12:15:28 +0000 2016,@ATT can someone call me asap... Immediately,,,Twitter
Dallas4,32.8685017,-96.7757012,8687 N Central Expressway Suite 2340,75225,Wed Oct 26 12:14:49 +0000 2016,RT @DMNBiz: Hear our @MitchSchnurman discuss the AT&amp;T-Time Warner merger on Tuesday's @TexasStandard via #soundcloud https://t.co/4gIyBaQPkE,,,Twitter
Dallas4,32.8685017,-96.7757012,8687 N Central Expressway Suite 2340,75225,Wed Oct 26 12:06:08 +0000 2016,RT @Uverse: It’s showtime! Pump up #NationalPumpkinDay with Beetlejuice to get in the #Halloween spirit: https://t.co/WDktnIfl3g 🎃 https://…,,,Twitter
Dallas4,32.8685017,-96.7757012,8687 N Central Expressway Suite 2340,75225,Wed Oct 26 12:05:39 +0000 2016,The Latin America assets of @ATT could figure more prominently after Time Warner deal https://t.co/Op4NIxIxGZ |… https://t.co/jVYaRUGK5g,,,Twitter
Dallas4,32.8685017,-96.7757012,8687 N Central Expressway Suite 2340,75225,Wed Oct 26 12:02:14 +0000 2016,RT @ATT: The #futureofvideo is mobile and the #futureofmobile is video. Time Warner + AT&amp;T make it happen! @twxcorp https://t.co/GKx4U9TQYg,,,Twitter
Dallas4,32.8685017,-96.7757012,8687 N Central Expressway Suite 2340,75225,Wed Oct 26 12:01:35 +0000 2016,"RT @attJOBS: At AT&amp;T, we believe that inspiration stems from collaboration. That's why we give employees the access they need. https://t.co…",,,Twitter
Dallas4,32.8685017,-96.7757012,8687 N Central Expressway Suite 2340,75225,Wed Oct 26 12:00:45 +0000 2016,It’s showtime! Pump up #NationalPumpkinDay with Beetlejuice to get in the #Halloween spirit:… https://t.co/orCyGpFIaw,,,Twitter
Dallas4,32.8685017,-96.7757012,8687 N Central Expressway Suite 2340,75225,Wed Oct 26 12:00:01 +0000 2016,Learn how to add a text messaging user to your pdvConnect from AT&amp;T account https://t.co/Aqu7w2lJjK https://t.co/BUzKtN9fwM,,,Twitter
Dallas4,32.8685017,-96.7757012,8687 N Central Expressway Suite 2340,75225,Wed Oct 26 11:47:44 +0000 2016,RT @ATTBusiness: Watch how to protect your business from evolving threats. Get our report to learn more: https://t.co/8Ixmpp7esC #ATTCyberC…,,,Twitter
Dallas4,32.8685017,-96.7757012,8687 N Central Expressway Suite 2340,75225,Wed Oct 26 11:37:57 +0000 2016,"RT @SportsDayHS: Due to conflicts, no #txhsfb at AT&amp;T Stadium for the first 3 rounds 😭
…but now we have The Star.
Details: https://t.co/UxR…",,,Twitter
Dallas4,32.8685017,-96.7757012,8687 N Central Expressway Suite 2340,75225,Wed Oct 26 11:21:24 +0000 2016,Hear our @MitchSchnurman discuss the AT&amp;T-Time Warner merger on Tuesday's @TexasStandard via #soundcloud https://t.co/4gIyBaQPkE,,,Twitter
Dallas4,32.8685017,-96.7757012,8687 N Central Expressway Suite 2340,75225,Wed Oct 26 11:10:15 +0000 2016,"Don't expect a change in viewpoint for @CNN, @ATT chief says https://t.co/9xIAgD1Mzi | @agarre https://t.co/0C8y9rVgOl",,,Twitter
Dallas4,32.8685017,-96.7757012,8687 N Central Expressway Suite 2340,75225,Wed Oct 26 10:58:04 +0000 2016,"RT @SportsDayHS: Due to conflicts, no #txhsfb at AT&amp;T Stadium for the first 3 rounds 😭
…but now we have The Star.
Details: https://t.co/UxR…",,,Twitter
Dallas4,32.8685017,-96.7757012,8687 N Central Expressway Suite 2340,75225,Wed Oct 26 10:09:42 +0000 2016,"""Morning Agenda: New Antitrust Era, Relief for VW Owners, Apple’s Optimism"" by AMIE TSANG via NYT The New York Tim… https://t.co/lRbslh42eF",,,Twitter
Dallas4,32.8685017,-96.7757012,8687 N Central Expressway Suite 2340,75225,Wed Oct 26 09:26:31 +0000 2016,RT @DMNBiz: AT&amp;T announces launch of DirecTV Now for $35 a month https://t.co/ppsMdIJoVW | @Melissa_Repko https://t.co/aBYsECCgU3,,,Twitter
Dallas4,32.8685017,-96.7757012,8687 N Central Expressway Suite 2340,75225,Wed Oct 26 08:56:58 +0000 2016,RT @ATT: Welcome to the team! @taylorswift13 https://t.co/4h86nLYuLo https://t.co/gAHOi7fPrZ,,,Twitter
Dallas4,32.8685017,-96.7757012,8687 N Central Expressway Suite 2340,75225,Wed Oct 26 08:52:01 +0000 2016,Now I understand why people say @ATT has terrible customer service. Smdh.,,,Twitter
Dallas4,32.8685017,-96.7757012,8687 N Central Expressway Suite 2340,75225,Wed Oct 26 08:40:42 +0000 2016,RT @ATT: Welcome to the team! @taylorswift13 https://t.co/4h86nLYuLo https://t.co/gAHOi7fPrZ,,,Twitter
Dallas4,32.8685017,-96.7757012,8687 N Central Expressway Suite 2340,75225,Wed Oct 26 07:59:16 +0000 2016,RT @ATT: Welcome to the team! @taylorswift13 https://t.co/4h86nLYuLo https://t.co/gAHOi7fPrZ,,,Twitter
Dallas4,32.8685017,-96.7757012,8687 N Central Expressway Suite 2340,75225,Wed Oct 26 07:48:54 +0000 2016,RT @ATT: Welcome to the team! @taylorswift13 https://t.co/4h86nLYuLo https://t.co/gAHOi7fPrZ,,,Twitter
Dallas4,32.8685017,-96.7757012,8687 N Central Expressway Suite 2340,75225,Wed Oct 26 07:28:34 +0000 2016,RT @ATT: Welcome to the team! @taylorswift13 https://t.co/4h86nLYuLo https://t.co/gAHOi7fPrZ,,,Twitter
Dallas4,32.8685017,-96.7757012,8687 N Central Expressway Suite 2340,75225,Wed Oct 26 06:44:52 +0000 2016,RT @JTeespeak: So great hangin w/ @GavinDeGraw thx to @DFWAcuraDealers @McDonalds &amp; @ATT  @JackFMDFW @MoreHits1037 https://t.co/V4rDDvLfkB,,,Twitter
Dallas4,32.8685017,-96.7757012,8687 N Central Expressway Suite 2340,75225,Wed Oct 26 06:40:42 +0000 2016,@jsalinas300 @ATT fr mane I'm finna have to make a move to @TWCable_NEO,,,Twitter
Dallas4,32.8685017,-96.7757012,8687 N Central Expressway Suite 2340,75225,Wed Oct 26 06:37:47 +0000 2016,@jsalinas300 @einnordar I'm just tryin to Beat my meat but att hoen,,,Twitter
Dallas4,32.8685017,-96.7757012,8687 N Central Expressway Suite 2340,75225,Wed Oct 26 06:34:35 +0000 2016,#Breaking  AT&amp;T #ByronNelson will move locations ahead of schedule in 2018 https://t.co/iFH5zQr2SN via @sportsdaydfw,,,Twitter
Dallas4,32.8685017,-96.7757012,8687 N Central Expressway Suite 2340,75225,Wed Oct 26 06:32:53 +0000 2016,#Nothappy #ATT #ByronNelson to Move from #Irving #FSDallas to Trinity Forest Golf Club in 2018 https://t.co/Mkf8ZjnEQ5 via @golf_com,,,Twitter
Dallas4,32.8685017,-96.7757012,8687 N Central Expressway Suite 2340,75225,Wed Oct 26 06:22:32 +0000 2016,RT @ATTBusiness: Watch how to protect your business from evolving threats. Get our report to learn more: https://t.co/8Ixmpp7esC #ATTCyberC…,,,Twitter
Dallas4,32.8685017,-96.7757012,8687 N Central Expressway Suite 2340,75225,Wed Oct 26 06:15:42 +0000 2016,AT&amp;T is making millions from selling your phone records to law enforcement https://t.co/EVe9DaMLyi,,,Twitter
Dallas4,32.8685017,-96.7757012,8687 N Central Expressway Suite 2340,75225,Wed Oct 26 05:50:47 +0000 2016,RT @ATT: Welcome to the team! @taylorswift13 https://t.co/4h86nLYuLo https://t.co/gAHOi7fPrZ,,,Twitter
Dallas4,32.8685017,-96.7757012,8687 N Central Expressway Suite 2340,75225,Wed Oct 26 05:39:54 +0000 2016,"RT @SportsDayHS: Due to conflicts, no #txhsfb at AT&amp;T Stadium for the first 3 rounds 😭
…but now we have The Star.
Details: https://t.co/UxR…",,,Twitter
Dallas4,32.8685017,-96.7757012,8687 N Central Expressway Suite 2340,75225,Wed Oct 26 05:30:16 +0000 2016,"RT @attJOBS: With the power to shape new accessibility tech (like a speech-to-text hearing aid), #InclusionWorks at AT&amp;T. https://t.co/P4aq…",,,Twitter
Dallas4,32.8685017,-96.7757012,8687 N Central Expressway Suite 2340,75225,Wed Oct 26 05:18:23 +0000 2016,Bro @att wifi is fucking cheeks dude... always fucking slow,,,Twitter
Dallas4,32.8685017,-96.7757012,8687 N Central Expressway Suite 2340,75225,Wed Oct 26 05:18:07 +0000 2016,Five FC Dallas Goals up for AT&amp;T MLS Goal of the Year https://t.co/NhzMreHLxi,,,Twitter
Dallas4,32.8685017,-96.7757012,8687 N Central Expressway Suite 2340,75225,Wed Oct 26 05:11:44 +0000 2016,"RT @SportsDayHS: Due to conflicts, no #txhsfb at AT&amp;T Stadium for the first 3 rounds 😭
…but now we have The Star.
Details: https://t.co/UxR…",,,Twitter
Dallas4,32.8685017,-96.7757012,8687 N Central Expressway Suite 2340,75225,Wed Oct 26 05:10:57 +0000 2016,RT @BillNicholsDMN: Jordan Spieth to headline announcement of AT&amp;T Byron Nelson's early move to Trinity Forest in 2018 https://t.co/MKP4cN9…,,,Twitter
Dallas4,32.8685017,-96.7757012,8687 N Central Expressway Suite 2340,75225,Wed Oct 26 04:43:37 +0000 2016,RT @ATT: Get a sweet deal on the new iPhone 7 when you switch to AT&amp;T and have DIRECTV. https://t.co/TQVeUkmeZ6 https://t.co/zfZmNpe8AP,,,Twitter
Dallas4,32.8685017,-96.7757012,8687 N Central Expressway Suite 2340,75225,Wed Oct 26 04:35:29 +0000 2016,RT @ATT: Welcome to the team! @taylorswift13 https://t.co/4h86nLYuLo https://t.co/gAHOi7fPrZ,,,Twitter
Dallas4,32.8685017,-96.7757012,8687 N Central Expressway Suite 2340,75225,Wed Oct 26 04:33:06 +0000 2016,RT @ATT: Welcome to the team! @taylorswift13 https://t.co/4h86nLYuLo https://t.co/gAHOi7fPrZ,,,Twitter
Dallas4,32.8685017,-96.7757012,8687 N Central Expressway Suite 2340,75225,Wed Oct 26 04:25:59 +0000 2016,"⚡️ “AT&amp;T set to unveil DirecTV Now streaming bundle”

https://t.co/ICsuodFo1Q",,,Twitter
Dallas4,32.8685017,-96.7757012,8687 N Central Expressway Suite 2340,75225,Wed Oct 26 03:48:18 +0000 2016,@ATT thanks for selling our information. I hope your stock drops and you can't afford Time Warner,,,Twitter
Dallas4,32.8685017,-96.7757012,8687 N Central Expressway Suite 2340,75225,Wed Oct 26 03:26:13 +0000 2016,Presenting Sponsor @ATT employee engagement rocks. Don't believe me just WATCH @slkite5 @dahnahull! Excellent. Really excellent. #OneUpThat,,,Twitter
Dallas4,32.8685017,-96.7757012,8687 N Central Expressway Suite 2340,75225,Wed Oct 26 03:18:13 +0000 2016,RT @attJOBS: We ranked highest in the J.D. Power Wireless Purchase Experience for the 7th year in a row! https://t.co/2384V124FA https://t.…,,,Twitter
Dallas4,32.8685017,-96.7757012,8687 N Central Expressway Suite 2340,75225,Wed Oct 26 03:13:40 +0000 2016,RT @ATT: Welcome to the team! @taylorswift13 https://t.co/4h86nLYuLo https://t.co/gAHOi7fPrZ,,,Twitter
Dallas4,32.8685017,-96.7757012,8687 N Central Expressway Suite 2340,75225,Wed Oct 26 03:12:13 +0000 2016,RT @DMNBiz: AT&amp;T announces launch of DirecTV Now for $35 a month https://t.co/ppsMdIJoVW | @Melissa_Repko https://t.co/aBYsECCgU3,,,Twitter
Dallas4,32.8685017,-96.7757012,8687 N Central Expressway Suite 2340,75225,Wed Oct 26 03:10:49 +0000 2016,RT @DMNBiz: AT&amp;T announces launch of DirecTV Now for $35 a month https://t.co/ppsMdIJoVW | @Melissa_Repko https://t.co/aBYsECCgU3,,,Twitter
Dallas4,32.8685017,-96.7757012,8687 N Central Expressway Suite 2340,75225,Wed Oct 26 03:06:02 +0000 2016,AT&amp;T announces launch of DirecTV Now for $35 a month https://t.co/ppsMdIJoVW | @Melissa_Repko https://t.co/aBYsECCgU3,,,Twitter
Dallas4,32.8685017,-96.7757012,8687 N Central Expressway Suite 2340,75225,Wed Oct 26 02:58:19 +0000 2016,"RT @SportsDayHS: Due to conflicts, no #txhsfb at AT&amp;T Stadium for the first 3 rounds 😭
…but now we have The Star.
Details: https://t.co/UxR…",,,Twitter
Dallas4,32.8685017,-96.7757012,8687 N Central Expressway Suite 2340,75225,Wed Oct 26 02:55:30 +0000 2016,RT @BillNicholsDMN: Jordan Spieth to headline announcement of AT&amp;T Byron Nelson's early move to Trinity Forest in 2018 https://t.co/MKP4cN9…,,,Twitter
Dallas4,32.8685017,-96.7757012,8687 N Central Expressway Suite 2340,75225,Wed Oct 26 02:43:11 +0000 2016,RT @DGPerryman: AT&amp;T's online-only DirecTV service costs $35 a month - It's been just a few days since AT&amp;amp;T announced that ... https://…,,,Twitter
Dallas4,32.8685017,-96.7757012,8687 N Central Expressway Suite 2340,75225,Wed Oct 26 02:38:20 +0000 2016,"RT @SportsDayHS: Due to conflicts, no #txhsfb at AT&amp;T Stadium for the first 3 rounds 😭
…but now we have The Star.
Details: https://t.co/UxR…",,,Twitter
Dallas4,32.8685017,-96.7757012,8687 N Central Expressway Suite 2340,75225,Wed Oct 26 02:37:56 +0000 2016,"RT @SportsDayHS: Due to conflicts, no #txhsfb at AT&amp;T Stadium for the first 3 rounds 😭
…but now we have The Star.
Details: https://t.co/UxR…",,,Twitter
Dallas4,32.8685017,-96.7757012,8687 N Central Expressway Suite 2340,75225,Wed Oct 26 02:33:07 +0000 2016,"RT @SportsDayHS: Due to conflicts, no #txhsfb at AT&amp;T Stadium for the first 3 rounds 😭
…but now we have The Star.
Details: https://t.co/UxR…",,,Twitter
Dallas4,32.8685017,-96.7757012,8687 N Central Expressway Suite 2340,75225,Wed Oct 26 02:32:08 +0000 2016,"RT @SportsDayHS: Due to conflicts, no #txhsfb at AT&amp;T Stadium for the first 3 rounds 😭
…but now we have The Star.
Details: https://t.co/UxR…",,,Twitter
Dallas4,32.8685017,-96.7757012,8687 N Central Expressway Suite 2340,75225,Wed Oct 26 02:30:53 +0000 2016,"RT @SportsDayHS: Due to conflicts, no #txhsfb at AT&amp;T Stadium for the first 3 rounds 😭
…but now we have The Star.
Details: https://t.co/UxR…",,,Twitter
Dallas4,32.8685017,-96.7757012,8687 N Central Expressway Suite 2340,75225,Wed Oct 26 02:28:52 +0000 2016,RT @ATT: Welcome to the team! @taylorswift13 https://t.co/4h86nLYuLo https://t.co/gAHOi7fPrZ,,,Twitter
Dallas4,32.8685017,-96.7757012,8687 N Central Expressway Suite 2340,75225,Wed Oct 26 02:27:30 +0000 2016,RT @BillNicholsDMN: Jordan Spieth to headline announcement of AT&amp;T Byron Nelson's early move to Trinity Forest in 2018 https://t.co/MKP4cN9…,,,Twitter
Dallas4,32.8685017,-96.7757012,8687 N Central Expressway Suite 2340,75225,Wed Oct 26 02:26:58 +0000 2016,"RT @SportsDayHS: Due to conflicts, no #txhsfb at AT&amp;T Stadium for the first 3 rounds 😭
…but now we have The Star.
Details: https://t.co/UxR…",,,Twitter
Dallas4,32.8685017,-96.7757012,8687 N Central Expressway Suite 2340,75225,Wed Oct 26 02:24:30 +0000 2016,"RT @SportsDayHS: Due to conflicts, no #txhsfb at AT&amp;T Stadium for the first 3 rounds 😭
…but now we have The Star.
Details: https://t.co/UxR…",,,Twitter
Dallas4,32.8685017,-96.7757012,8687 N Central Expressway Suite 2340,75225,Wed Oct 26 02:24:21 +0000 2016,"RT @SportsDayHS: Due to conflicts, no #txhsfb at AT&amp;T Stadium for the first 3 rounds 😭
…but now we have The Star.
Details: https://t.co/UxR…",,,Twitter
Dallas4,32.8685017,-96.7757012,8687 N Central Expressway Suite 2340,75225,Wed Oct 26 02:23:48 +0000 2016,"RT @SportsDayHS: Due to conflicts, no #txhsfb at AT&amp;T Stadium for the first 3 rounds 😭
…but now we have The Star.
Details: https://t.co/UxR…",,,Twitter
Store,Latitude,Longitude,Address,Zip,CreatedAt,Text,Senti,Rating,Source
Dallas4,32.8685017,-96.7757012,8687 N Central Expressway Suite 2340,75225,Mon Oct 24 17:14:39 +0000 2016,RT @ATT: Are you ready for the revolution? Watch the @GreenDay @iHeartRadio Album Release Party now. #iHeartGreenDay https://t.co/ec2gZXKu7U,,,Twitter
Dallas4,32.8685017,-96.7757012,8687 N Central Expressway Suite 2340,75225,Mon Oct 24 17:12:20 +0000 2016,My iphone needs to hurry up and get here! 😩 @ATT,,,Twitter
Dallas4,32.8685017,-96.7757012,8687 N Central Expressway Suite 2340,75225,Mon Oct 24 17:12:00 +0000 2016,.@ATT CEO Randall Stephenson confident @twxcorp merger will get past regulators https://t.co/D8PCh3orgV… https://t.co/QR9Diiio3T,,,Twitter
Dallas4,32.8685017,-96.7757012,8687 N Central Expressway Suite 2340,75225,Mon Oct 24 17:07:14 +0000 2016,RT @ATT: The #futureofvideo is mobile and the #futureofmobile is video. Time Warner + AT&amp;T make it happen! @twxcorp https://t.co/GKx4U9TQYg,,,Twitter
Dallas4,32.8685017,-96.7757012,8687 N Central Expressway Suite 2340,75225,Mon Oct 24 17:01:07 +0000 2016,RT @ATT: Get a sweet deal on the new iPhone 7 when you switch to AT&amp;T and have DIRECTV. https://t.co/TQVeUkmeZ6 https://t.co/zfZmNpe8AP,,,Twitter
Dallas4,32.8685017,-96.7757012,8687 N Central Expressway Suite 2340,75225,Mon Oct 24 17:00:19 +0000 2016,"RT @ATT: Before you vote, grab the remote and tune into the final #debatenight at 8/7c. #UNLVPresDebate https://t.co/afLxTSZMLW",,,Twitter
Dallas4,32.8685017,-96.7757012,8687 N Central Expressway Suite 2340,75225,Mon Oct 24 16:59:20 +0000 2016,RT @ATT: Welcome to the team! @taylorswift13 https://t.co/4h86nLYuLo https://t.co/gAHOi7fPrZ,,,Twitter
Dallas4,32.8685017,-96.7757012,8687 N Central Expressway Suite 2340,75225,Mon Oct 24 16:54:02 +0000 2016,RT @ATT: The #futureofvideo is mobile and the #futureofmobile is video. Time Warner + AT&amp;T make it happen! @twxcorp https://t.co/GKx4U9TQYg,,,Twitter
Dallas4,32.8685017,-96.7757012,8687 N Central Expressway Suite 2340,75225,Mon Oct 24 16:53:09 +0000 2016,RT @ATT: The #futureofvideo is mobile and the #futureofmobile is video. Time Warner + AT&amp;T make it happen! @twxcorp https://t.co/GKx4U9TQYg,,,Twitter
Dallas4,32.8685017,-96.7757012,8687 N Central Expressway Suite 2340,75225,Mon Oct 24 16:29:54 +0000 2016,"RT @DanielleDigest: Stephenson: @ATT, @twxcorp Deal ‘Defining the Future of Media’
https://t.co/r1nu4O8kO4 https://t.co/64Lz26A1zN",,,Twitter
Dallas4,32.8685017,-96.7757012,8687 N Central Expressway Suite 2340,75225,Mon Oct 24 16:29:49 +0000 2016,"Stephenson: @ATT, @twxcorp Deal ‘Defining the Future of Media’
https://t.co/r1nu4O8kO4 https://t.co/64Lz26A1zN",,,Twitter
Dallas4,32.8685017,-96.7757012,8687 N Central Expressway Suite 2340,75225,Mon Oct 24 16:00:18 +0000 2016,RT @ATT: Welcome to the team! @taylorswift13 https://t.co/4h86nLYuLo https://t.co/gAHOi7fPrZ,,,Twitter
Dallas4,32.8685017,-96.7757012,8687 N Central Expressway Suite 2340,75225,Mon Oct 24 15:58:46 +0000 2016,"ICYMI: @ATT to Purchase @twxcorp for $85.4B: Here’s What You Need to Know
https://t.co/8wSSbVNUVK… https://t.co/tuuiKCCE9F",,,Twitter
Dallas4,32.8685017,-96.7757012,8687 N Central Expressway Suite 2340,75225,Mon Oct 24 15:54:41 +0000 2016,RT @ATT: Welcome to the team! @taylorswift13 https://t.co/4h86nLYuLo https://t.co/gAHOi7fPrZ,,,Twitter
Dallas4,32.8685017,-96.7757012,8687 N Central Expressway Suite 2340,75225,Mon Oct 24 15:51:42 +0000 2016,RT @ATT: Welcome to the team! @taylorswift13 https://t.co/4h86nLYuLo https://t.co/gAHOi7fPrZ,,,Twitter
Dallas4,32.8685017,-96.7757012,8687 N Central Expressway Suite 2340,75225,Mon Oct 24 15:41:20 +0000 2016,RT @ATT: The #futureofvideo is mobile and the #futureofmobile is video. Time Warner + AT&amp;T make it happen! @twxcorp https://t.co/GKx4U9TQYg,,,Twitter
Dallas4,32.8685017,-96.7757012,8687 N Central Expressway Suite 2340,75225,Mon Oct 24 15:16:19 +0000 2016,RT @ATT: Are you ready for the revolution? Watch the @GreenDay @iHeartRadio Album Release Party now. #iHeartGreenDay https://t.co/ec2gZXKu7U,,,Twitter
Dallas4,32.8685017,-96.7757012,8687 N Central Expressway Suite 2340,75225,Mon Oct 24 15:11:55 +0000 2016,RT @ATT: Are you ready for the revolution? Watch the @GreenDay @iHeartRadio Album Release Party now. #iHeartGreenDay https://t.co/ec2gZXKu7U,,,Twitter
Dallas4,32.8685017,-96.7757012,8687 N Central Expressway Suite 2340,75225,Mon Oct 24 15:03:11 +0000 2016,RT @ATT: Welcome to the team! @taylorswift13 https://t.co/4h86nLYuLo https://t.co/gAHOi7fPrZ,,,Twitter
Dallas4,32.8685017,-96.7757012,8687 N Central Expressway Suite 2340,75225,Mon Oct 24 14:53:51 +0000 2016,@ATTCares what is this crap? Charging me extra to use data from the previous period? On the next day? #dumbass https://t.co/QiiPsGJW7i,,,Twitter
Dallas4,32.8685017,-96.7757012,8687 N Central Expressway Suite 2340,75225,Mon Oct 24 14:31:53 +0000 2016,RT @ATT: The #futureofvideo is mobile and the #futureofmobile is video. Time Warner + AT&amp;T make it happen! @twxcorp https://t.co/GKx4U9TQYg,,,Twitter
Dallas4,32.8685017,-96.7757012,8687 N Central Expressway Suite 2340,75225,Mon Oct 24 14:25:54 +0000 2016,RT @ATT: Welcome to the team! @taylorswift13 https://t.co/4h86nLYuLo https://t.co/gAHOi7fPrZ,,,Twitter
Dallas4,32.8685017,-96.7757012,8687 N Central Expressway Suite 2340,75225,Mon Oct 24 14:04:07 +0000 2016,Hilton's 2011 artwork. Congrats to Dallas-based @ATT &amp; Randall Stephenson on deal that could create nation's larges… https://t.co/zN5LsvFuRt,,,Twitter
Dallas4,32.8685017,-96.7757012,8687 N Central Expressway Suite 2340,75225,Mon Oct 24 14:03:08 +0000 2016,RT @ATT: Are you ready for the revolution? Watch the @GreenDay @iHeartRadio Album Release Party now. #iHeartGreenDay https://t.co/ec2gZXKu7U,,,Twitter
Dallas4,32.8685017,-96.7757012,8687 N Central Expressway Suite 2340,75225,Mon Oct 24 14:00:31 +0000 2016,RT @ATT: Get a sweet deal on the new iPhone 7 when you switch to AT&amp;T and have DIRECTV. https://t.co/TQVeUkmeZ6 https://t.co/zfZmNpe8AP,,,Twitter
Dallas4,32.8685017,-96.7757012,8687 N Central Expressway Suite 2340,75225,Mon Oct 24 14:00:02 +0000 2016,@ATT agrees to buy @TWC for more than $80B https://t.co/Pwyyf1vQTn https://t.co/WNMresoQ5Q,,,Twitter
Dallas4,32.8685017,-96.7757012,8687 N Central Expressway Suite 2340,75225,Mon Oct 24 13:57:15 +0000 2016,#atttimewarner  @att been a att cust. for 20+ years. They are miserable now. Imagine how crappy after a mega merger!,,,Twitter
Dallas4,32.8685017,-96.7757012,8687 N Central Expressway Suite 2340,75225,Mon Oct 24 13:55:07 +0000 2016,"RT @ATT: Mother Nature is unpredictable, so we rely on our Network Disaster Recovery team to connect you when you need it most. https://t.c…",,,Twitter
Dallas4,32.8685017,-96.7757012,8687 N Central Expressway Suite 2340,75225,Mon Oct 24 13:54:44 +0000 2016,RT @ATT: AT&amp;T CEO Randall Stephenson addressed #MWC13 regarding challenges and opps for industry http://t.co/ruUa9WcblL http://t.co/E0qgeIj…,,,Twitter
Dallas4,32.8685017,-96.7757012,8687 N Central Expressway Suite 2340,75225,Mon Oct 24 13:49:02 +0000 2016,RT @ATT: Are you ready for the revolution? Watch the @GreenDay @iHeartRadio Album Release Party now. #iHeartGreenDay https://t.co/ec2gZXKu7U,,,Twitter
Dallas4,32.8685017,-96.7757012,8687 N Central Expressway Suite 2340,75225,Mon Oct 24 13:48:29 +0000 2016,"@NBALPSupport Is there still a deal between @DIRECTV and NBA for League Pass? Still not available and season starts tomorrow, ridiculous.",,,Twitter
Dallas4,32.8685017,-96.7757012,8687 N Central Expressway Suite 2340,75225,Mon Oct 24 13:23:37 +0000 2016,RT @ATT: Get a sweet deal on the new iPhone 7 when you switch to AT&amp;T and have DIRECTV. https://t.co/TQVeUkmeZ6 https://t.co/zfZmNpe8AP,,,Twitter
Dallas4,32.8685017,-96.7757012,8687 N Central Expressway Suite 2340,75225,Mon Oct 24 13:22:05 +0000 2016,RT @ATT: Welcome to the team! @taylorswift13 https://t.co/4h86nLYuLo https://t.co/gAHOi7fPrZ,,,Twitter
Dallas4,32.8685017,-96.7757012,8687 N Central Expressway Suite 2340,75225,Mon Oct 24 13:16:29 +0000 2016,RT @ATT: Welcome to the team! @taylorswift13 https://t.co/4h86nLYuLo https://t.co/gAHOi7fPrZ,,,Twitter
Dallas4,32.8685017,-96.7757012,8687 N Central Expressway Suite 2340,75225,Mon Oct 24 12:54:37 +0000 2016,RT @ATT: Get a sweet deal on the new iPhone 7 when you switch to AT&amp;T and have DIRECTV. https://t.co/TQVeUkmeZ6 https://t.co/zfZmNpe8AP,,,Twitter
Dallas4,32.8685017,-96.7757012,8687 N Central Expressway Suite 2340,75225,Mon Oct 24 12:41:54 +0000 2016,RT @ATT: Welcome to the team! @taylorswift13 https://t.co/4h86nLYuLo https://t.co/gAHOi7fPrZ,,,Twitter
Dallas4,32.8685017,-96.7757012,8687 N Central Expressway Suite 2340,75225,Mon Oct 24 12:41:14 +0000 2016,RT @ATT: Welcome to the team! @taylorswift13 https://t.co/4h86nLYuLo https://t.co/gAHOi7fPrZ,,,Twitter
Dallas4,32.8685017,-96.7757012,8687 N Central Expressway Suite 2340,75225,Mon Oct 24 12:29:35 +0000 2016,"@ATTCares I just deleted both the ESPN app and WatchESPN app, and I got this. #notcool https://t.co/vnioR48eql",,,Twitter
Dallas4,32.8685017,-96.7757012,8687 N Central Expressway Suite 2340,75225,Mon Oct 24 12:18:24 +0000 2016,RT @ATT: Welcome to the team! @taylorswift13 https://t.co/4h86nLYuLo https://t.co/gAHOi7fPrZ,,,Twitter
Dallas4,32.8685017,-96.7757012,8687 N Central Expressway Suite 2340,75225,Mon Oct 24 12:16:26 +0000 2016,"@ATT's Stephenson: Nature of Time Warner deal different than anything we've ever done. A ""vertical integration."" https://t.co/51BRxIchHN",,,Twitter
Dallas4,32.8685017,-96.7757012,8687 N Central Expressway Suite 2340,75225,Mon Oct 24 12:03:22 +0000 2016,RT @ATT: Welcome to the team! @taylorswift13 https://t.co/4h86nLYuLo https://t.co/gAHOi7fPrZ,,,Twitter
Dallas4,32.8685017,-96.7757012,8687 N Central Expressway Suite 2340,75225,Mon Oct 24 11:41:51 +0000 2016,RT @ATT: Are you ready for the revolution? Watch the @GreenDay @iHeartRadio Album Release Party now. #iHeartGreenDay https://t.co/ec2gZXKu7U,,,Twitter
Dallas4,32.8685017,-96.7757012,8687 N Central Expressway Suite 2340,75225,Mon Oct 24 11:39:08 +0000 2016,RT @ATT: Welcome to the team! @taylorswift13 https://t.co/4h86nLYuLo https://t.co/gAHOi7fPrZ,,,Twitter
Dallas4,32.8685017,-96.7757012,8687 N Central Expressway Suite 2340,75225,Mon Oct 24 11:36:53 +0000 2016,RT @ATT: Welcome to the team! @taylorswift13 https://t.co/4h86nLYuLo https://t.co/gAHOi7fPrZ,,,Twitter
Dallas4,32.8685017,-96.7757012,8687 N Central Expressway Suite 2340,75225,Mon Oct 24 11:29:59 +0000 2016,RT @ATT: Are you ready for the revolution? Watch the @GreenDay @iHeartRadio Album Release Party now. #iHeartGreenDay https://t.co/ec2gZXKu7U,,,Twitter
Dallas4,32.8685017,-96.7757012,8687 N Central Expressway Suite 2340,75225,Mon Oct 24 11:09:48 +0000 2016,RT @ATT: Welcome to the team! @taylorswift13 https://t.co/4h86nLYuLo https://t.co/gAHOi7fPrZ,,,Twitter
Dallas4,32.8685017,-96.7757012,8687 N Central Expressway Suite 2340,75225,Mon Oct 24 11:05:30 +0000 2016,RT @ATT: Get a sweet deal on the new iPhone 7 when you switch to AT&amp;T and have DIRECTV. https://t.co/TQVeUkmeZ6 https://t.co/zfZmNpe8AP,,,Twitter
Dallas4,32.8685017,-96.7757012,8687 N Central Expressway Suite 2340,75225,Mon Oct 24 10:56:18 +0000 2016,RT @ATT: Get a sweet deal on the new iPhone 7 when you switch to AT&amp;T and have DIRECTV. https://t.co/TQVeUkmeZ6 https://t.co/zfZmNpe8AP,,,Twitter
Dallas4,32.8685017,-96.7757012,8687 N Central Expressway Suite 2340,75225,Mon Oct 24 10:36:03 +0000 2016,RT @ATT: Welcome to the team! @taylorswift13 https://t.co/4h86nLYuLo https://t.co/gAHOi7fPrZ,,,Twitter
Dallas4,32.8685017,-96.7757012,8687 N Central Expressway Suite 2340,75225,Mon Oct 24 10:28:11 +0000 2016,RT @ATT: Welcome to the team! @taylorswift13 https://t.co/4h86nLYuLo https://t.co/gAHOi7fPrZ,,,Twitter
Dallas4,32.8685017,-96.7757012,8687 N Central Expressway Suite 2340,75225,Mon Oct 24 10:08:47 +0000 2016,RT @ATT: Get a sweet deal on the new iPhone 7 when you switch to AT&amp;T and have DIRECTV. https://t.co/TQVeUkmeZ6 https://t.co/zfZmNpe8AP,,,Twitter
Dallas4,32.8685017,-96.7757012,8687 N Central Expressway Suite 2340,75225,Mon Oct 24 09:55:24 +0000 2016,RT @ATT: Welcome to the team! @taylorswift13 https://t.co/4h86nLYuLo https://t.co/gAHOi7fPrZ,,,Twitter
Dallas4,32.8685017,-96.7757012,8687 N Central Expressway Suite 2340,75225,Mon Oct 24 09:37:47 +0000 2016,RT @ATT: Welcome to the team! @taylorswift13 https://t.co/4h86nLYuLo https://t.co/gAHOi7fPrZ,,,Twitter
Dallas4,32.8685017,-96.7757012,8687 N Central Expressway Suite 2340,75225,Mon Oct 24 08:48:23 +0000 2016,RT @ATT: Welcome to the team! @taylorswift13 https://t.co/4h86nLYuLo https://t.co/gAHOi7fPrZ,,,Twitter
Dallas4,32.8685017,-96.7757012,8687 N Central Expressway Suite 2340,75225,Mon Oct 24 08:45:35 +0000 2016,RT @ATT: Welcome to the team! @taylorswift13 https://t.co/4h86nLYuLo https://t.co/gAHOi7fPrZ,,,Twitter
Dallas4,32.8685017,-96.7757012,8687 N Central Expressway Suite 2340,75225,Mon Oct 24 08:19:36 +0000 2016,RT @ATT: Welcome to the team! @taylorswift13 https://t.co/4h86nLYuLo https://t.co/gAHOi7fPrZ,,,Twitter
Dallas4,32.8685017,-96.7757012,8687 N Central Expressway Suite 2340,75225,Mon Oct 24 08:19:33 +0000 2016,RT @ATT: Get a sweet deal on the new iPhone 7 when you switch to AT&amp;T and have DIRECTV. https://t.co/TQVeUkmeZ6 https://t.co/zfZmNpe8AP,,,Twitter
Dallas4,32.8685017,-96.7757012,8687 N Central Expressway Suite 2340,75225,Mon Oct 24 08:09:09 +0000 2016,"RT @ATT: Mother Nature is unpredictable, so we rely on our Network Disaster Recovery team to connect you when you need it most. https://t.c…",,,Twitter
Dallas4,32.8685017,-96.7757012,8687 N Central Expressway Suite 2340,75225,Mon Oct 24 08:06:48 +0000 2016,RT @ATT: The #futureofvideo is mobile and the #futureofmobile is video. Time Warner + AT&amp;T make it happen! @twxcorp https://t.co/GKx4U9TQYg,,,Twitter
Dallas4,32.8685017,-96.7757012,8687 N Central Expressway Suite 2340,75225,Mon Oct 24 07:49:16 +0000 2016,RT @ATT: The #futureofvideo is mobile and the #futureofmobile is video. Time Warner + AT&amp;T make it happen! @twxcorp https://t.co/GKx4U9TQYg,,,Twitter
Dallas4,32.8685017,-96.7757012,8687 N Central Expressway Suite 2340,75225,Mon Oct 24 07:48:55 +0000 2016,RT @ATT: Get a sweet deal on the new iPhone 7 when you switch to AT&amp;T and have DIRECTV. https://t.co/TQVeUkmeZ6 https://t.co/zfZmNpe8AP,,,Twitter
Dallas4,32.8685017,-96.7757012,8687 N Central Expressway Suite 2340,75225,Mon Oct 24 07:26:59 +0000 2016,RT @ATT: Are you ready for the revolution? Watch the @GreenDay @iHeartRadio Album Release Party now. #iHeartGreenDay https://t.co/ec2gZXKu7U,,,Twitter
Dallas4,32.8685017,-96.7757012,8687 N Central Expressway Suite 2340,75225,Mon Oct 24 07:08:14 +0000 2016,RT @ATT: Welcome to the team! @taylorswift13 https://t.co/4h86nLYuLo https://t.co/gAHOi7fPrZ,,,Twitter
Dallas4,32.8685017,-96.7757012,8687 N Central Expressway Suite 2340,75225,Mon Oct 24 06:44:12 +0000 2016,RT @ATT: The #futureofvideo is mobile and the #futureofmobile is video. Time Warner + AT&amp;T make it happen! @twxcorp https://t.co/GKx4U9TQYg,,,Twitter
Dallas4,32.8685017,-96.7757012,8687 N Central Expressway Suite 2340,75225,Mon Oct 24 06:43:19 +0000 2016,"RT @ATT: Mother Nature is unpredictable, so we rely on our Network Disaster Recovery team to connect you when you need it most. https://t.c…",,,Twitter
Dallas4,32.8685017,-96.7757012,8687 N Central Expressway Suite 2340,75225,Mon Oct 24 05:53:36 +0000 2016,RT @ATT: The #futureofvideo is mobile and the #futureofmobile is video. Time Warner + AT&amp;T make it happen! @twxcorp https://t.co/GKx4U9TQYg,,,Twitter
Dallas4,32.8685017,-96.7757012,8687 N Central Expressway Suite 2340,75225,Mon Oct 24 04:59:22 +0000 2016,"RT @ATT: Mother Nature is unpredictable, so we rely on our Network Disaster Recovery team to connect you when you need it most. https://t.c…",,,Twitter
Dallas4,32.8685017,-96.7757012,8687 N Central Expressway Suite 2340,75225,Mon Oct 24 04:48:50 +0000 2016,@VZWSupport we have been customers of @ATTCares for 18 yrs and the disregard they have for our business is shameful. I am looking at options,,,Twitter
Dallas4,32.8685017,-96.7757012,8687 N Central Expressway Suite 2340,75225,Mon Oct 24 04:17:52 +0000 2016,RT @ATT: Get a sweet deal on the new iPhone 7 when you switch to AT&amp;T and have DIRECTV. https://t.co/TQVeUkmeZ6 https://t.co/zfZmNpe8AP,,,Twitter
Dallas4,32.8685017,-96.7757012,8687 N Central Expressway Suite 2340,75225,Mon Oct 24 04:16:39 +0000 2016,@ATTCares #ATT has the worst customer service. Been told multiple stories. Customer since Cingular. Terminating and going to @VZWSupport,,,Twitter
Dallas4,32.8685017,-96.7757012,8687 N Central Expressway Suite 2340,75225,Mon Oct 24 04:07:35 +0000 2016,RT @ATT: The #futureofvideo is mobile and the #futureofmobile is video. Time Warner + AT&amp;T make it happen! @twxcorp https://t.co/GKx4U9TQYg,,,Twitter
Dallas4,32.8685017,-96.7757012,8687 N Central Expressway Suite 2340,75225,Mon Oct 24 03:52:38 +0000 2016,RT @ATT: Who made you a college 🏈 fan? Share with #MadeMeAFanContest for a chance to win. Rules https://t.co/hU3I3wFn5V https://t.co/xZbxUJ…,,,Twitter
Dallas4,32.8685017,-96.7757012,8687 N Central Expressway Suite 2340,75225,Mon Oct 24 03:33:11 +0000 2016,RT @ATT: Get a sweet deal on the new iPhone 7 when you switch to AT&amp;T and have DIRECTV. https://t.co/TQVeUkmeZ6 https://t.co/zfZmNpe8AP,,,Twitter
Dallas4,32.8685017,-96.7757012,8687 N Central Expressway Suite 2340,75225,Mon Oct 24 03:27:37 +0000 2016,RT @ATT: Welcome to the team! @taylorswift13 https://t.co/4h86nLYuLo https://t.co/gAHOi7fPrZ,,,Twitter
Dallas4,32.8685017,-96.7757012,8687 N Central Expressway Suite 2340,75225,Mon Oct 24 02:49:34 +0000 2016,@DIRECTVService we already got help over the phone thanks,,,Twitter
Dallas4,32.8685017,-96.7757012,8687 N Central Expressway Suite 2340,75225,Mon Oct 24 02:32:50 +0000 2016,RT @ATT: Welcome to the team! @taylorswift13 https://t.co/4h86nLYuLo https://t.co/gAHOi7fPrZ,,,Twitter
Dallas4,32.8685017,-96.7757012,8687 N Central Expressway Suite 2340,75225,Mon Oct 24 02:16:51 +0000 2016,"RT @ATT: Mother Nature is unpredictable, so we rely on our Network Disaster Recovery team to connect you when you need it most. https://t.c…",,,Twitter
Dallas4,32.8685017,-96.7757012,8687 N Central Expressway Suite 2340,75225,Mon Oct 24 02:10:26 +0000 2016,@DIRECTV is there some system-wide outage? Both are receivers out at the same time.,,,Twitter
Dallas4,32.8685017,-96.7757012,8687 N Central Expressway Suite 2340,75225,Mon Oct 24 01:57:57 +0000 2016,RT @ATT: The #futureofvideo is mobile and the #futureofmobile is video. Time Warner + AT&amp;T make it happen! @twxcorp https://t.co/GKx4U9TQYg,,,Twitter
Dallas4,32.8685017,-96.7757012,8687 N Central Expressway Suite 2340,75225,Mon Oct 24 01:56:55 +0000 2016,RT @ATT: The #futureofvideo is mobile and the #futureofmobile is video. Time Warner + AT&amp;T make it happen! @twxcorp https://t.co/GKx4U9TQYg,,,Twitter
Dallas4,32.8685017,-96.7757012,8687 N Central Expressway Suite 2340,75225,Mon Oct 24 01:41:44 +0000 2016,RT @ATT: Welcome to the team! @taylorswift13 https://t.co/4h86nLYuLo https://t.co/gAHOi7fPrZ,,,Twitter
Dallas4,32.8685017,-96.7757012,8687 N Central Expressway Suite 2340,75225,Mon Oct 24 01:27:29 +0000 2016,RT @Uverse: Who will survive in the new world? Find out on tonight's Season 7 premiere of @WalkingDead_AMC at 9/8c. #TWD https://t.co/nztIU…,,,Twitter
Dallas4,32.8685017,-96.7757012,8687 N Central Expressway Suite 2340,75225,Mon Oct 24 01:19:47 +0000 2016,RT @ATT: Welcome to the team! @taylorswift13 https://t.co/4h86nLYuLo https://t.co/gAHOi7fPrZ,,,Twitter
Dallas4,32.8685017,-96.7757012,8687 N Central Expressway Suite 2340,75225,Mon Oct 24 01:18:49 +0000 2016,"RT @ATT: Mother Nature is unpredictable, so we rely on our Network Disaster Recovery team to connect you when you need it most. https://t.c…",,,Twitter
Dallas4,32.8685017,-96.7757012,8687 N Central Expressway Suite 2340,75225,Mon Oct 24 01:10:15 +0000 2016,RT @ATT: Welcome to the team! @taylorswift13 https://t.co/4h86nLYuLo https://t.co/gAHOi7fPrZ,,,Twitter
Dallas4,32.8685017,-96.7757012,8687 N Central Expressway Suite 2340,75225,Mon Oct 24 01:04:02 +0000 2016,RT @ATT: The #futureofvideo is mobile and the #futureofmobile is video. Time Warner + AT&amp;T make it happen! @twxcorp https://t.co/GKx4U9TQYg,,,Twitter
Dallas4,32.8685017,-96.7757012,8687 N Central Expressway Suite 2340,75225,Mon Oct 24 00:53:17 +0000 2016,RT @ATT: Welcome to the team! @taylorswift13 https://t.co/4h86nLYuLo https://t.co/gAHOi7fPrZ,,,Twitter
Dallas4,32.8685017,-96.7757012,8687 N Central Expressway Suite 2340,75225,Mon Oct 24 00:51:50 +0000 2016,RT @ATT: Welcome to the team! @taylorswift13 https://t.co/4h86nLYuLo https://t.co/gAHOi7fPrZ,,,Twitter
Dallas4,32.8685017,-96.7757012,8687 N Central Expressway Suite 2340,75225,Mon Oct 24 00:46:05 +0000 2016,RT @ATT: Welcome to the team! @taylorswift13 https://t.co/4h86nLYuLo https://t.co/gAHOi7fPrZ,,,Twitter
Dallas4,32.8685017,-96.7757012,8687 N Central Expressway Suite 2340,75225,Mon Oct 24 00:45:56 +0000 2016,"RT @PhilipTKingston: Why do I suddenly feel so good about @BCBSAssociation? Hint, hint, @ATT @DtownDallasInc https://t.co/dEwVDTELlT",,,Twitter
Dallas4,32.8685017,-96.7757012,8687 N Central Expressway Suite 2340,75225,Mon Oct 24 00:37:09 +0000 2016,"RT @ATT: Mother Nature is unpredictable, so we rely on our Network Disaster Recovery team to connect you when you need it most. https://t.c…",,,Twitter
Dallas4,32.8685017,-96.7757012,8687 N Central Expressway Suite 2340,75225,Mon Oct 24 00:34:21 +0000 2016,Happy x1000 TY @DeloitteUS &amp; @JasonWDowning. You rock #socent in Big D. Will @ATT #GiveACheck &amp; #OneUpThat @UnitedWayDallas @UWGroundFloor?,,,Twitter
Dallas4,32.8685017,-96.7757012,8687 N Central Expressway Suite 2340,75225,Mon Oct 24 00:19:54 +0000 2016,"RT @ATT: Mother Nature is unpredictable, so we rely on our Network Disaster Recovery team to connect you when you need it most. https://t.c…",,,Twitter
Dallas4,32.8685017,-96.7757012,8687 N Central Expressway Suite 2340,75225,Mon Oct 24 00:10:23 +0000 2016,HAPPY to have @DeloitteUS as a #OneUpThat sponsor. Their support will change lives forever! @ATT can you #OneUpThat… https://t.co/mBGIi8KXoD,,,Twitter
Dallas4,32.8685017,-96.7757012,8687 N Central Expressway Suite 2340,75225,Mon Oct 24 00:07:45 +0000 2016,RT @ATT: The #futureofvideo is mobile and the #futureofmobile is video. Time Warner + AT&amp;T make it happen! @twxcorp https://t.co/GKx4U9TQYg,,,Twitter
Dallas4,32.8685017,-96.7757012,8687 N Central Expressway Suite 2340,75225,Mon Oct 24 00:07:25 +0000 2016,RT @ATT: The #futureofvideo is mobile and the #futureofmobile is video. Time Warner + AT&amp;T make it happen! @twxcorp https://t.co/GKx4U9TQYg,,,Twitter
Dallas4,32.8685017,-96.7757012,8687 N Central Expressway Suite 2340,75225,Mon Oct 24 00:05:47 +0000 2016,RT @ATT: The #futureofvideo is mobile and the #futureofmobile is video. Time Warner + AT&amp;T make it happen! @twxcorp https://t.co/GKx4U9TQYg,,,Twitter
Dallas4,32.8685017,-96.7757012,8687 N Central Expressway Suite 2340,75225,Sun Oct 23 23:53:22 +0000 2016,RT @ATT: The #futureofvideo is mobile and the #futureofmobile is video. Time Warner + AT&amp;T make it happen! @twxcorp https://t.co/GKx4U9TQYg,,,Twitter
Dallas4,32.8685017,-96.7757012,8687 N Central Expressway Suite 2340,75225,Sun Oct 23 23:52:10 +0000 2016,"RT @ATT: Mother Nature is unpredictable, so we rely on our Network Disaster Recovery team to connect you when you need it most. https://t.c…",,,Twitter
