Store,Latitude,Longitude,Address,Zip,CreatedAt,Text,Senti,Rating,Source
Dallas4,32.8685017,-96.7757012,8687 N Central Expressway Suite 2340,75225,Tue Oct 25 03:35:03 +0000 2016,RT @ATT: Welcome to the team! @taylorswift13 https://t.co/4h86nLYuLo https://t.co/gAHOi7fPrZ,,,Twitter
Dallas4,32.8685017,-96.7757012,8687 N Central Expressway Suite 2340,75225,Tue Oct 25 03:22:03 +0000 2016,"@Cassiiidy____ Hi, could you please send us a DM with more details and your account info? Thank you.",,,Twitter
Dallas4,32.8685017,-96.7757012,8687 N Central Expressway Suite 2340,75225,Tue Oct 25 03:19:49 +0000 2016,"RT @dallasnews: .@CNN, @HBO and more: A look at the brands @ATT inherits in its Time Warner deal https://t.co/nVGFN5muR4 | @paul_o_donnell…",,,Twitter
Dallas4,32.8685017,-96.7757012,8687 N Central Expressway Suite 2340,75225,Tue Oct 25 03:12:36 +0000 2016,RT @ATT: Get a sweet deal on the new iPhone 7 when you switch to AT&amp;T and have DIRECTV. https://t.co/TQVeUkmeZ6 https://t.co/zfZmNpe8AP,,,Twitter
Dallas4,32.8685017,-96.7757012,8687 N Central Expressway Suite 2340,75225,Tue Oct 25 03:09:57 +0000 2016,"RT @DMNBiz: Speak now: Why critics want the $108 billion marriage of AT&amp;T, Time Warner to fail https://t.co/KckQ3FG5S7 | @krobijake https:/…",,,Twitter
Dallas4,32.8685017,-96.7757012,8687 N Central Expressway Suite 2340,75225,Tue Oct 25 03:09:52 +0000 2016,RT @ATT: Welcome to the team! @taylorswift13 https://t.co/4h86nLYuLo https://t.co/gAHOi7fPrZ,,,Twitter
Dallas4,32.8685017,-96.7757012,8687 N Central Expressway Suite 2340,75225,Tue Oct 25 03:05:48 +0000 2016,RT @ATT: Another reason to smile for the camera. The #LGV20 from @LGUSAMobile will be available in stores starting today. https://t.co/TILu…,,,Twitter
Dallas4,32.8685017,-96.7757012,8687 N Central Expressway Suite 2340,75225,Tue Oct 25 03:05:34 +0000 2016,"Speak now: Why critics want the $108 billion marriage of AT&amp;T, Time Warner to fail https://t.co/KckQ3FG5S7 |… https://t.co/uSrUuUORM1",,,Twitter
Dallas4,32.8685017,-96.7757012,8687 N Central Expressway Suite 2340,75225,Tue Oct 25 02:57:49 +0000 2016,"AT&amp;T-TimeWarner, Comcast-NBCU, Disney-ESPN, 21st Century Fox, CBS all to affect the future. @SMUSportMgt #sportsbiz  https://t.co/Hxp1bs9v3o",,,Twitter
Dallas4,32.8685017,-96.7757012,8687 N Central Expressway Suite 2340,75225,Tue Oct 25 02:57:18 +0000 2016,"@ATTCares my order hadn't been cancelled to begin with. Really frustrating, especially the number of times I've been hung up on -4-",,,Twitter
Dallas4,32.8685017,-96.7757012,8687 N Central Expressway Suite 2340,75225,Tue Oct 25 02:56:31 +0000 2016,@ATTCares cancelled only to get a confirmation email from directtv letting me know my order was processed. Called them &amp; found out -3-,,,Twitter
Dallas4,32.8685017,-96.7757012,8687 N Central Expressway Suite 2340,75225,Tue Oct 25 02:55:46 +0000 2016,@ATTCares I'm not able to have att/directtv. I've called numerous times and have gotten the run around. I was told earlier it was -2-,,,Twitter
Dallas4,32.8685017,-96.7757012,8687 N Central Expressway Suite 2340,75225,Tue Oct 25 02:55:08 +0000 2016,@ATTCares I called earlier today to have directtv and internet installed by you guys at my new apartment. Found out after moving in that -1-,,,Twitter
Dallas4,32.8685017,-96.7757012,8687 N Central Expressway Suite 2340,75225,Tue Oct 25 02:49:50 +0000 2016,RT @ATTBusiness: Maximize taste + minimize waste w/ #IoT! See how @ndustrialio preserves the nation’s food supply:  https://t.co/mKztl4Nw9n…,,,Twitter
Dallas4,32.8685017,-96.7757012,8687 N Central Expressway Suite 2340,75225,Tue Oct 25 02:49:28 +0000 2016,RT @ATTBusiness: Maximize taste + minimize waste w/ #IoT! See how @ndustrialio preserves the nation’s food supply:  https://t.co/mKztl4Nw9n…,,,Twitter
Dallas4,32.8685017,-96.7757012,8687 N Central Expressway Suite 2340,75225,Tue Oct 25 02:45:40 +0000 2016,"Dear @ATT: If I'm calling to cancel a service, I don't need to be transferred to a retention department.",,,Twitter
Dallas4,32.8685017,-96.7757012,8687 N Central Expressway Suite 2340,75225,Tue Oct 25 02:42:33 +0000 2016,@AndyDTID @ATT that's messed up and they need to find a way to compensate you #badservice,,,Twitter
Dallas4,32.8685017,-96.7757012,8687 N Central Expressway Suite 2340,75225,Tue Oct 25 02:37:40 +0000 2016,"No, Time Warner Cable isn't part of @ATT merger and here's why https://t.co/TZXzNjG2cF | @melissa_repko https://t.co/q4fqP9AQ1t",,,Twitter
Dallas4,32.8685017,-96.7757012,8687 N Central Expressway Suite 2340,75225,Tue Oct 25 02:36:01 +0000 2016,"RT @dallasnews: .@CNN, @HBO and more: A look at the brands @ATT inherits in its Time Warner deal https://t.co/nVGFN5muR4 | @paul_o_donnell…",,,Twitter
Dallas4,32.8685017,-96.7757012,8687 N Central Expressway Suite 2340,75225,Tue Oct 25 02:27:56 +0000 2016,RT @ATT: Get a sweet deal on the new iPhone 7 when you switch to AT&amp;T and have DIRECTV. https://t.co/TQVeUkmeZ6 https://t.co/zfZmNpe8AP,,,Twitter
Dallas4,32.8685017,-96.7757012,8687 N Central Expressway Suite 2340,75225,Tue Oct 25 02:25:14 +0000 2016,@ATTCares finally got through all steps. Still not working g,,,Twitter
Dallas4,32.8685017,-96.7757012,8687 N Central Expressway Suite 2340,75225,Tue Oct 25 02:24:56 +0000 2016,"@ATTCares trying but just keep getting a spinning wheel and ""preparing",,,Twitter
Dallas4,32.8685017,-96.7757012,8687 N Central Expressway Suite 2340,75225,Tue Oct 25 02:21:30 +0000 2016,RT @ATT: Welcome to the team! @taylorswift13 https://t.co/4h86nLYuLo https://t.co/gAHOi7fPrZ,,,Twitter
Dallas4,32.8685017,-96.7757012,8687 N Central Expressway Suite 2340,75225,Tue Oct 25 02:20:16 +0000 2016,RT @ATT: Welcome to the team! @taylorswift13 https://t.co/4h86nLYuLo https://t.co/gAHOi7fPrZ,,,Twitter
Dallas4,32.8685017,-96.7757012,8687 N Central Expressway Suite 2340,75225,Tue Oct 25 02:19:01 +0000 2016,"RT @dallasnews: .@CNN, @HBO and more: A look at the brands @ATT inherits in its Time Warner deal https://t.co/nVGFN5muR4 | @paul_o_donnell…",,,Twitter
Dallas4,32.8685017,-96.7757012,8687 N Central Expressway Suite 2340,75225,Tue Oct 25 02:18:04 +0000 2016,".@CNN, @HBO and more: A look at the brands @ATT inherits in its Time Warner deal https://t.co/nVGFN5muR4 |… https://t.co/5BByE6S7xA",,,Twitter
Dallas4,32.8685017,-96.7757012,8687 N Central Expressway Suite 2340,75225,Tue Oct 25 02:12:28 +0000 2016,"@bestmvno i have a iphone6 which is compatible with @TotalWireless . If i switch now from att, will by device be locked to cdma or unlocked?",,,Twitter
Dallas4,32.8685017,-96.7757012,8687 N Central Expressway Suite 2340,75225,Tue Oct 25 02:08:47 +0000 2016,RT @ATT: Welcome to the team! @taylorswift13 https://t.co/4h86nLYuLo https://t.co/gAHOi7fPrZ,,,Twitter
Dallas4,32.8685017,-96.7757012,8687 N Central Expressway Suite 2340,75225,Tue Oct 25 02:06:40 +0000 2016,RT @ATT: The #futureofvideo is mobile and the #futureofmobile is video. Time Warner + AT&amp;T make it happen! @twxcorp https://t.co/GKx4U9TQYg,,,Twitter
Dallas4,32.8685017,-96.7757012,8687 N Central Expressway Suite 2340,75225,Tue Oct 25 02:02:05 +0000 2016,"@ATTCares no, no error code. I've tried rebooting and plug/unplugging",,,Twitter
Dallas4,32.8685017,-96.7757012,8687 N Central Expressway Suite 2340,75225,Tue Oct 25 02:00:38 +0000 2016,RT @attJOBS: See what #LifeAtATT is like for the women of AT&amp;T: https://t.co/9rguQ7QaFV https://t.co/xsQ0cX6Inq,,,Twitter
Dallas4,32.8685017,-96.7757012,8687 N Central Expressway Suite 2340,75225,Tue Oct 25 02:00:09 +0000 2016,"""AT&amp;T-Time Warner Deal Is a Strike in the Dark"" by FARHAD MANJOO via NYT https://t.co/ly9goIeTJh https://t.co/2NK6xWPSFd",,,Twitter
Dallas4,32.8685017,-96.7757012,8687 N Central Expressway Suite 2340,75225,Tue Oct 25 02:00:01 +0000 2016,Learn how to start using AT&amp;T Business Messenger for iPhone https://t.co/V9JIzwBSqC https://t.co/pS0xrKsgKm,,,Twitter
Dallas4,32.8685017,-96.7757012,8687 N Central Expressway Suite 2340,75225,Tue Oct 25 01:59:33 +0000 2016,".@att the power has been out for 8 hours now, can we get a hotel reservation for this lack of service?",,,Twitter
Dallas4,32.8685017,-96.7757012,8687 N Central Expressway Suite 2340,75225,Tue Oct 25 01:56:20 +0000 2016,"""AT&amp;T-Time Warner Deal Is a Strike in the Dark"" via @nytimes https://t.co/Ys2leUx4XH https://t.co/Zi84sBZczE",,,Twitter
Dallas4,32.8685017,-96.7757012,8687 N Central Expressway Suite 2340,75225,Tue Oct 25 01:53:26 +0000 2016,RT @ATT: Welcome to the team! @taylorswift13 https://t.co/4h86nLYuLo https://t.co/gAHOi7fPrZ,,,Twitter
Dallas4,32.8685017,-96.7757012,8687 N Central Expressway Suite 2340,75225,Tue Oct 25 01:51:18 +0000 2016,AT&amp;T Employees Break Records for Stop Hunger Now #ATTimpact https://t.co/f7k0rq100P #attemployee https://t.co/pUbfsZkOYe,,,Twitter
Dallas4,32.8685017,-96.7757012,8687 N Central Expressway Suite 2340,75225,Tue Oct 25 01:51:13 +0000 2016,RT @ATTBusiness: #IoT makes reaching into this vending machine like reaching into a garden. Check it out: https://t.co/1Dk54D1pvz #National…,,,Twitter
Dallas4,32.8685017,-96.7757012,8687 N Central Expressway Suite 2340,75225,Tue Oct 25 01:47:13 +0000 2016,RT @ATT: Another reason to smile for the camera. The #LGV20 from @LGUSAMobile will be available in stores starting today. https://t.co/TILu…,,,Twitter
Dallas4,32.8685017,-96.7757012,8687 N Central Expressway Suite 2340,75225,Tue Oct 25 01:43:40 +0000 2016,When the @Uverse has been in and out all day. And it's finally just stopped all together. 🙄😒😤,,,Twitter
Dallas4,32.8685017,-96.7757012,8687 N Central Expressway Suite 2340,75225,Tue Oct 25 01:43:07 +0000 2016,RT @ATT: Welcome to the team! @taylorswift13 https://t.co/4h86nLYuLo https://t.co/gAHOi7fPrZ,,,Twitter
Dallas4,32.8685017,-96.7757012,8687 N Central Expressway Suite 2340,75225,Tue Oct 25 01:41:22 +0000 2016,"RT @bodyrecruit: @WomenOfATT_ERG 
AT&amp;T Hiring Sales Executive Field Sales #Des Peres, MO. Spread the word about the good #LifeAtATT. https:…",,,Twitter
Dallas4,32.8685017,-96.7757012,8687 N Central Expressway Suite 2340,75225,Tue Oct 25 01:39:11 +0000 2016,"RT @ATTLatino: Bañado de sol y arena con una canción más dulce que el caramelo, comparte lo mejor de #Cuba desde tu móvil. https://t.co/e3S…",,,Twitter
Dallas4,32.8685017,-96.7757012,8687 N Central Expressway Suite 2340,75225,Tue Oct 25 01:35:39 +0000 2016,.@ATT CEO Randall Stephenson confident @twxcorp merger will get past regulators https://t.co/D8PCh3orgV… https://t.co/a3F1MJApkp,,,Twitter
Dallas4,32.8685017,-96.7757012,8687 N Central Expressway Suite 2340,75225,Tue Oct 25 01:33:14 +0000 2016,Why AT&amp;T’s CEO should think twice before going through with the Time Warner deal https://t.co/aymKIn8Knf #TrueDat,,,Twitter
Dallas4,32.8685017,-96.7757012,8687 N Central Expressway Suite 2340,75225,Tue Oct 25 01:31:30 +0000 2016,RT @ATT: Welcome to the team! @taylorswift13 https://t.co/4h86nLYuLo https://t.co/gAHOi7fPrZ,,,Twitter
Dallas4,32.8685017,-96.7757012,8687 N Central Expressway Suite 2340,75225,Tue Oct 25 01:26:00 +0000 2016,RT @ATT: Welcome to the team! @taylorswift13 https://t.co/4h86nLYuLo https://t.co/gAHOi7fPrZ,,,Twitter
Dallas4,32.8685017,-96.7757012,8687 N Central Expressway Suite 2340,75225,Tue Oct 25 01:25:40 +0000 2016,RT @attJOBS: Our new #SanFrancisco flagship store is restored and ready for the future with our latest technology. Take a look: https://t.c…,,,Twitter
Dallas4,32.8685017,-96.7757012,8687 N Central Expressway Suite 2340,75225,Tue Oct 25 01:21:43 +0000 2016,RT @dallasnews: Stadium Club is almost half a football field long. Can Cowboys fans fill it when teams isn't playing? | https://t.co/UU393U…,,,Twitter
Dallas4,32.8685017,-96.7757012,8687 N Central Expressway Suite 2340,75225,Tue Oct 25 01:20:16 +0000 2016,"AT&amp;T research shows most businesses suffer from preventable cyberattacks, not new or unknown threats… https://t.co/g0ACBM4Rfm",,,Twitter
Dallas4,32.8685017,-96.7757012,8687 N Central Expressway Suite 2340,75225,Tue Oct 25 01:17:35 +0000 2016,RT @dallasnews: Stadium Club is almost half a football field long. Can Cowboys fans fill it when teams isn't playing? | https://t.co/UU393U…,,,Twitter
Dallas4,32.8685017,-96.7757012,8687 N Central Expressway Suite 2340,75225,Tue Oct 25 01:16:58 +0000 2016,Stadium Club is almost half a football field long. Can Cowboys fans fill it when teams isn't playing? |… https://t.co/gPWspIrWXt,,,Twitter
Dallas4,32.8685017,-96.7757012,8687 N Central Expressway Suite 2340,75225,Tue Oct 25 00:59:14 +0000 2016,RT @ATT: Welcome to the team! @taylorswift13 https://t.co/4h86nLYuLo https://t.co/gAHOi7fPrZ,,,Twitter
Dallas4,32.8685017,-96.7757012,8687 N Central Expressway Suite 2340,75225,Tue Oct 25 00:55:06 +0000 2016,RT @ATTBusiness: Maximize taste + minimize waste w/ #IoT! See how @ndustrialio preserves the nation’s food supply:  https://t.co/mKztl4Nw9n…,,,Twitter
Dallas4,32.8685017,-96.7757012,8687 N Central Expressway Suite 2340,75225,Tue Oct 25 00:43:35 +0000 2016,How have Texas lawmakers reacted to #ATT's megamerger? Mostly with silence https://t.co/pEhGRqrkYE #DFW #Tech,,,Twitter
Dallas4,32.8685017,-96.7757012,8687 N Central Expressway Suite 2340,75225,Tue Oct 25 00:41:11 +0000 2016,"AT&amp;T, Time Warner CEOs discuss the new deal https://t.co/nkbsxE6erD",,,Twitter
Dallas4,32.8685017,-96.7757012,8687 N Central Expressway Suite 2340,75225,Tue Oct 25 00:36:01 +0000 2016,AT&amp;T begins push to sell customers on Time Warner merger https://t.co/Hy26OVyKjI | @melissa_repko https://t.co/Y4ZIF09HoA,,,Twitter
Dallas4,32.8685017,-96.7757012,8687 N Central Expressway Suite 2340,75225,Tue Oct 25 00:31:22 +0000 2016,"""A Chilly Reaction to AT&amp;T-Time Warner Deal"" by BROOKS BARNES and EMILY STEEL via NYT The New York Times https://t.co/Sh0zVtn8eT",,,Twitter
Dallas4,32.8685017,-96.7757012,8687 N Central Expressway Suite 2340,75225,Tue Oct 25 00:18:48 +0000 2016,RT @ATT: Welcome to the team! @taylorswift13 https://t.co/4h86nLYuLo https://t.co/gAHOi7fPrZ,,,Twitter
Dallas4,32.8685017,-96.7757012,8687 N Central Expressway Suite 2340,75225,Tue Oct 25 00:14:54 +0000 2016,RT @ATT: Welcome to the team! @taylorswift13 https://t.co/4h86nLYuLo https://t.co/gAHOi7fPrZ,,,Twitter
Dallas4,32.8685017,-96.7757012,8687 N Central Expressway Suite 2340,75225,Tue Oct 25 00:02:03 +0000 2016,"AT&amp;T merger, new DART line, Ebola nurse settlement: Your Monday evening roundup  https://t.co/IZMApGloMU https://t.co/vHIcGSydZz",,,Twitter
Dallas4,32.8685017,-96.7757012,8687 N Central Expressway Suite 2340,75225,Mon Oct 24 23:54:44 +0000 2016,@att Randall Stephenson is so full of S*** he stinks! @ErinBurnett controlling the content supply limits the market.,,,Twitter
Dallas4,32.8685017,-96.7757012,8687 N Central Expressway Suite 2340,75225,Mon Oct 24 23:53:30 +0000 2016,RT @TheLovellGroup: @ATT agrees to buy @TWC for more than $80B https://t.co/Pwyyf1vQTn https://t.co/WNMresoQ5Q,,,Twitter
Dallas4,32.8685017,-96.7757012,8687 N Central Expressway Suite 2340,75225,Mon Oct 24 23:51:25 +0000 2016,"Even by Texas standards, @ATT deal is huge. Take a look at how recent deals stack up https://t.co/DgVMKlf2Rv… https://t.co/NxclqVYgKx",,,Twitter
Dallas4,32.8685017,-96.7757012,8687 N Central Expressway Suite 2340,75225,Mon Oct 24 23:50:38 +0000 2016,RT @DMNBiz: AT&amp;T's quarterly results give hints on urgency behind Time Warner deal https://t.co/Cx1AXLE7xF | @Conor_Shine https://t.co/Iffy…,,,Twitter
Dallas4,32.8685017,-96.7757012,8687 N Central Expressway Suite 2340,75225,Mon Oct 24 23:46:07 +0000 2016,"""With AT&amp;T-Time Warner Deal Brewing, a Focus on Preserving CNN’s Integrity"" by MICHAEL M. GRYNBAUM via NYT The New… https://t.co/k85YD4Q06j",,,Twitter
Dallas4,32.8685017,-96.7757012,8687 N Central Expressway Suite 2340,75225,Mon Oct 24 23:45:23 +0000 2016,ATT tryna get it https://t.co/pvA8HinLOQ,,,Twitter
Dallas4,32.8685017,-96.7757012,8687 N Central Expressway Suite 2340,75225,Mon Oct 24 23:43:15 +0000 2016,@ATTCares I never heard back from you.  I did DM you.,,,Twitter
Dallas4,32.8685017,-96.7757012,8687 N Central Expressway Suite 2340,75225,Mon Oct 24 23:38:59 +0000 2016,RT @ATT: Welcome to the team! @taylorswift13 https://t.co/4h86nLYuLo https://t.co/gAHOi7fPrZ,,,Twitter
Dallas4,32.8685017,-96.7757012,8687 N Central Expressway Suite 2340,75225,Mon Oct 24 23:36:10 +0000 2016,"""Why AT&amp;T Isn’t Sweating the Breakup Fee in Its Time Warner Deal"" by LESLIE PICKER via NYT The New York Times https://t.co/P6i91bNwti",,,Twitter
Dallas4,32.8685017,-96.7757012,8687 N Central Expressway Suite 2340,75225,Mon Oct 24 23:36:03 +0000 2016,RT @ATT: Another reason to smile for the camera. The #LGV20 from @LGUSAMobile will be available in stores starting today. https://t.co/TILu…,,,Twitter
Dallas4,32.8685017,-96.7757012,8687 N Central Expressway Suite 2340,75225,Mon Oct 24 23:35:59 +0000 2016,@perssonifierat Tack för att du följer mig Martin! Och en riktigt bra Twitter handle!,,,Twitter
Dallas4,32.8685017,-96.7757012,8687 N Central Expressway Suite 2340,75225,Mon Oct 24 23:35:25 +0000 2016,"Jon Snow will now work for AT&amp;T (The 3:59, Ep. 128)     - CNET: We know nothing. Plus, more on the Samsung Ga... https://t.co/1b9zBo8FW4",,,Twitter
Dallas4,32.8685017,-96.7757012,8687 N Central Expressway Suite 2340,75225,Mon Oct 24 23:35:14 +0000 2016,AT&amp;T's quarterly results give hints on urgency behind Time Warner deal https://t.co/Cx1AXLE7xF | @Conor_Shine https://t.co/IffyiACABV,,,Twitter
Dallas4,32.8685017,-96.7757012,8687 N Central Expressway Suite 2340,75225,Mon Oct 24 23:29:40 +0000 2016,"RT @dallasnews: No, Time Warner Cable isn't part of @ATT merger and here's why https://t.co/D3z9z8xwh8 | @melissa_repko https://t.co/KyBHpz…",,,Twitter
Dallas4,32.8685017,-96.7757012,8687 N Central Expressway Suite 2340,75225,Mon Oct 24 23:28:21 +0000 2016,@ATTCares 75219,,,Twitter
Dallas4,32.8685017,-96.7757012,8687 N Central Expressway Suite 2340,75225,Mon Oct 24 23:19:56 +0000 2016,"@ATTCares James, I can find a link myself",,,Twitter
Dallas4,32.8685017,-96.7757012,8687 N Central Expressway Suite 2340,75225,Mon Oct 24 23:19:54 +0000 2016,RT @ATT: Welcome to the team! @taylorswift13 https://t.co/4h86nLYuLo https://t.co/gAHOi7fPrZ,,,Twitter
Dallas4,32.8685017,-96.7757012,8687 N Central Expressway Suite 2340,75225,Mon Oct 24 23:06:24 +0000 2016,"I gotta give you guys credit, @ATTCares @ATT. Cable and internet going out after 5 days is actually impressive",,,Twitter
Dallas4,32.8685017,-96.7757012,8687 N Central Expressway Suite 2340,75225,Mon Oct 24 23:00:03 +0000 2016,RT @ATTBusiness: Maximize taste + minimize waste w/ #IoT! See how @ndustrialio preserves the nation’s food supply:  https://t.co/mKztl4Nw9n…,,,Twitter
Dallas4,32.8685017,-96.7757012,8687 N Central Expressway Suite 2340,75225,Mon Oct 24 23:00:02 +0000 2016,Maximize taste + minimize waste w/ #IoT! See how @ndustrialio preserves the nation’s food supply:… https://t.co/eWZTPyv6Jp,,,Twitter
Dallas4,32.8685017,-96.7757012,8687 N Central Expressway Suite 2340,75225,Mon Oct 24 22:55:29 +0000 2016,@Ask_Spectrum So Spectrum buys TWC... So now ATT Buys TWC how does that work? Anyways im happy you bought TWC Now maybe my bill will go down,,,Twitter
Dallas4,32.8685017,-96.7757012,8687 N Central Expressway Suite 2340,75225,Mon Oct 24 22:54:59 +0000 2016,RT @ATT: Get a sweet deal on the new iPhone 7 when you switch to AT&amp;T and have DIRECTV. https://t.co/TQVeUkmeZ6 https://t.co/zfZmNpe8AP,,,Twitter
Dallas4,32.8685017,-96.7757012,8687 N Central Expressway Suite 2340,75225,Mon Oct 24 22:54:06 +0000 2016,"RT @dallasnews: Trump gets litigious, AT&amp;T gets bigger, @TomiLahren wins bigly: Your weekend news digest https://t.co/tjOy7OJCri https://t.…",,,Twitter
Dallas4,32.8685017,-96.7757012,8687 N Central Expressway Suite 2340,75225,Mon Oct 24 22:53:32 +0000 2016,@GetSpectrum So Spectrum buys TWC... So now ATT Buys TWC how does that work? Anyways im happy you bought TWC Now maybe my bill will go down,,,Twitter
Dallas4,32.8685017,-96.7757012,8687 N Central Expressway Suite 2340,75225,Mon Oct 24 22:49:40 +0000 2016,"RT @ATT: Watch the @GreenDay @iHeartRadio Album Release Party Tonight, 9pm ET/PT on AUDIENCE. DIRECTV ch 239/U-verse ch 1114. https://t.co/…",,,Twitter
Dallas4,32.8685017,-96.7757012,8687 N Central Expressway Suite 2340,75225,Mon Oct 24 22:44:30 +0000 2016,Massive AT&amp;T-Time Warner Deal Expected To Vastly Reshape Media Landscape https://t.co/y8PPiK2FiR @SMUSportMgt #sportsbiz,,,Twitter
Dallas4,32.8685017,-96.7757012,8687 N Central Expressway Suite 2340,75225,Mon Oct 24 22:40:30 +0000 2016,RT @attJOBS: Our development programs can put you on the right career path. Why? Just ask Brad: https://t.co/bmAjmMvvte #BeTheFuture https:…,,,Twitter
Dallas4,32.8685017,-96.7757012,8687 N Central Expressway Suite 2340,75225,Mon Oct 24 22:40:14 +0000 2016,#ATT begins push to sell customers on Time Warner merger https://t.co/PvOgKogTHM #DFW #Tech,,,Twitter
Dallas4,32.8685017,-96.7757012,8687 N Central Expressway Suite 2340,75225,Mon Oct 24 22:35:28 +0000 2016,".@CNN, .@HBO and more: A look at the brands .@ATT inherits in its Time Warner deal https://t.co/dhOhNjd68C |… https://t.co/MmyzcPt2Ll",,,Twitter
Dallas4,32.8685017,-96.7757012,8687 N Central Expressway Suite 2340,75225,Mon Oct 24 22:33:37 +0000 2016,RT @ATT: @RJSinko19 What a finish!  Who is your favorite MLS Player? #SoccerEverywhere https://t.co/REdso83NwO,,,Twitter
Dallas4,32.8685017,-96.7757012,8687 N Central Expressway Suite 2340,75225,Mon Oct 24 22:30:35 +0000 2016,AT&amp;T has begun its push to sell customers on Time Warner merger -- and win regulatory approval.  https://t.co/SHWgljkPYo,,,Twitter
Dallas4,32.8685017,-96.7757012,8687 N Central Expressway Suite 2340,75225,Mon Oct 24 22:29:57 +0000 2016,@theshoafer What a goal!  Who is your favorite MLS Player? https://t.co/Y4qW7D5Em9,,,Twitter
Dallas4,32.8685017,-96.7757012,8687 N Central Expressway Suite 2340,75225,Mon Oct 24 22:29:40 +0000 2016,@RJSinko19 What a finish!  Who is your favorite MLS Player? #SoccerEverywhere https://t.co/REdso83NwO,,,Twitter
Dallas4,32.8685017,-96.7757012,8687 N Central Expressway Suite 2340,75225,Mon Oct 24 22:27:52 +0000 2016,"RT @dallasnews: Your evening roundup: Ebola nurse settles lawsuit, AT&amp;T optimistic about merger approval, early voting starts https://t.co/…",,,Twitter
Dallas4,32.8685017,-96.7757012,8687 N Central Expressway Suite 2340,75225,Mon Oct 24 22:27:01 +0000 2016,RT @ATT: Welcome to the team! @taylorswift13 https://t.co/4h86nLYuLo https://t.co/gAHOi7fPrZ,,,Twitter
Dallas4,32.8685017,-96.7757012,8687 N Central Expressway Suite 2340,75225,Mon Oct 24 22:26:29 +0000 2016,"RT @dallasnews: Trump gets litigious, AT&amp;T gets bigger, @TomiLahren wins bigly: Your weekend news digest https://t.co/tjOy7OJCri https://t.…",,,Twitter
Dallas4,32.8685017,-96.7757012,8687 N Central Expressway Suite 2340,75225,Mon Oct 24 22:26:29 +0000 2016,RT @melissa_repko: Here's a look at the brands AT&amp;T would inherit with the Time Warner deal: https://t.co/rFNTHkFY7Q,,,Twitter
Dallas4,32.8685017,-96.7757012,8687 N Central Expressway Suite 2340,75225,Mon Oct 24 22:23:50 +0000 2016,"RT @dallasnews: Trump gets litigious, AT&amp;T gets bigger, @TomiLahren wins bigly: Your weekend news digest https://t.co/tjOy7OJCri https://t.…",,,Twitter
Store,Latitude,Longitude,Address,Zip,CreatedAt,Text,Senti,Rating,Source
Dallas4,32.8685017,-96.7757012,8687 N Central Expressway Suite 2340,75225,Sun Oct 23 00:01:04 +0000 2016,RT @ATT: Welcome to the team! @taylorswift13 https://t.co/4h86nLYuLo https://t.co/gAHOi7fPrZ,,,Twitter
Dallas4,32.8685017,-96.7757012,8687 N Central Expressway Suite 2340,75225,Sat Oct 22 23:55:51 +0000 2016,RT @ATT: Welcome to the team! @taylorswift13 https://t.co/4h86nLYuLo https://t.co/gAHOi7fPrZ,,,Twitter
Dallas4,32.8685017,-96.7757012,8687 N Central Expressway Suite 2340,75225,Sat Oct 22 23:50:50 +0000 2016,RT @ATT: Who made you a college 🏈 fan? Share with #MadeMeAFanContest for a chance to win. Rules https://t.co/hU3I3wFn5V https://t.co/xZbxUJ…,,,Twitter
Dallas4,32.8685017,-96.7757012,8687 N Central Expressway Suite 2340,75225,Sat Oct 22 23:48:59 +0000 2016,"If @ATT acquires @cnn, I am likely cancelling all of my personal and business accounts. #atttimewarner",,,Twitter
Dallas4,32.8685017,-96.7757012,8687 N Central Expressway Suite 2340,75225,Sat Oct 22 23:35:01 +0000 2016,@ATT WHY DO I HAVE NO SERVICE IN MY APARTMENT!!! https://t.co/dPyPTDRcGr,,,Twitter
Dallas4,32.8685017,-96.7757012,8687 N Central Expressway Suite 2340,75225,Sat Oct 22 23:31:28 +0000 2016,"RT @ATT: Watch the @GreenDay @iHeartRadio Album Release Party Tonight, 9pm ET/PT on AUDIENCE. DIRECTV ch 239/U-verse ch 1114. https://t.co/…",,,Twitter
Dallas4,32.8685017,-96.7757012,8687 N Central Expressway Suite 2340,75225,Sat Oct 22 23:19:58 +0000 2016,RT @ATT: Welcome to the team! @taylorswift13 https://t.co/4h86nLYuLo https://t.co/gAHOi7fPrZ,,,Twitter
Dallas4,32.8685017,-96.7757012,8687 N Central Expressway Suite 2340,75225,Sat Oct 22 23:15:38 +0000 2016,The fact that @ATT maybe merging with @TWC makes me infuriated. AT&amp;T is a garbage company constantly crashing &amp; slow. #atttimewarner,,,Twitter
Dallas4,32.8685017,-96.7757012,8687 N Central Expressway Suite 2340,75225,Sat Oct 22 23:14:24 +0000 2016,RT @ATT: Welcome to the team! @taylorswift13 https://t.co/4h86nLYuLo https://t.co/gAHOi7fPrZ,,,Twitter
Dallas4,32.8685017,-96.7757012,8687 N Central Expressway Suite 2340,75225,Sat Oct 22 23:07:35 +0000 2016,"RT @dmoer: @JasonWhitely @ATT @nytimes People, Time Warner isn't the Cable company. It's the media company (e.g. CNN, HBO, etc)",,,Twitter
Dallas4,32.8685017,-96.7757012,8687 N Central Expressway Suite 2340,75225,Sat Oct 22 23:06:17 +0000 2016,"@JasonWhitely @ATT @nytimes People, Time Warner isn't the Cable company. It's the media company (e.g. CNN, HBO, etc)",,,Twitter
Dallas4,32.8685017,-96.7757012,8687 N Central Expressway Suite 2340,75225,Sat Oct 22 23:05:58 +0000 2016,"ICYMI: Dallas-based @ATT, TimeWarner (@twxcorp) discussed a takeover in recent weeks https://t.co/oHHLVaAY0m  $twx… https://t.co/1oj8FUdp2S",,,Twitter
Dallas4,32.8685017,-96.7757012,8687 N Central Expressway Suite 2340,75225,Sat Oct 22 23:01:36 +0000 2016,"RT @ATT: Watch the @GreenDay @iHeartRadio Album Release Party Tonight, 9pm ET/PT on AUDIENCE. DIRECTV ch 239/U-verse ch 1114. https://t.co/…",,,Twitter
Dallas4,32.8685017,-96.7757012,8687 N Central Expressway Suite 2340,75225,Sat Oct 22 22:36:58 +0000 2016,My @Uverse DVR was unceremoniously updated this morning as I watched. Black hat or preemptive patch update after yesterday. Hmm.,,,Twitter
Dallas4,32.8685017,-96.7757012,8687 N Central Expressway Suite 2340,75225,Sat Oct 22 22:27:00 +0000 2016,"RT @ATT: Watch the @GreenDay @iHeartRadio Album Release Party Tonight, 9pm ET/PT on AUDIENCE. DIRECTV ch 239/U-verse ch 1114. https://t.co/…",,,Twitter
Dallas4,32.8685017,-96.7757012,8687 N Central Expressway Suite 2340,75225,Sat Oct 22 22:19:09 +0000 2016,RT @ATT: Welcome to the team! @taylorswift13 https://t.co/4h86nLYuLo https://t.co/gAHOi7fPrZ,,,Twitter
Dallas4,32.8685017,-96.7757012,8687 N Central Expressway Suite 2340,75225,Sat Oct 22 22:15:53 +0000 2016,RT @ATT: Get a sweet deal on the new iPhone 7 when you switch to AT&amp;T and have DIRECTV. https://t.co/TQVeUkmeZ6 https://t.co/zfZmNpe8AP,,,Twitter
Dallas4,32.8685017,-96.7757012,8687 N Central Expressway Suite 2340,75225,Sat Oct 22 22:15:15 +0000 2016,@launchany @fields @ATT how likely is this to be approved,,,Twitter
Dallas4,32.8685017,-96.7757012,8687 N Central Expressway Suite 2340,75225,Sat Oct 22 21:56:18 +0000 2016,RT @HomaBashNBC5: Lots of questions arise as @WSJ reports that @ATT has agreed to buy Time Warner for upwards of $80 BILLION. Service costs…,,,Twitter
Dallas4,32.8685017,-96.7757012,8687 N Central Expressway Suite 2340,75225,Sat Oct 22 21:42:35 +0000 2016,"RT @ATT: Watch the @GreenDay @iHeartRadio Album Release Party Tonight, 9pm ET/PT on AUDIENCE. DIRECTV ch 239/U-verse ch 1114. https://t.co/…",,,Twitter
Dallas4,32.8685017,-96.7757012,8687 N Central Expressway Suite 2340,75225,Sat Oct 22 21:41:00 +0000 2016,"Our colleagues in Europe, the Middle East &amp; Asia are spreading the @ATT Aspire mission around the globe:… https://t.co/4XzfCsG2t7",,,Twitter
Dallas4,32.8685017,-96.7757012,8687 N Central Expressway Suite 2340,75225,Sat Oct 22 21:36:44 +0000 2016,"RT @ATT: Watch the @GreenDay @iHeartRadio Album Release Party Tonight, 9pm ET/PT on AUDIENCE. DIRECTV ch 239/U-verse ch 1114. https://t.co/…",,,Twitter
Dallas4,32.8685017,-96.7757012,8687 N Central Expressway Suite 2340,75225,Sat Oct 22 21:30:02 +0000 2016,RT @ATT: Welcome to the team! @taylorswift13 https://t.co/4h86nLYuLo https://t.co/gAHOi7fPrZ,,,Twitter
Dallas4,32.8685017,-96.7757012,8687 N Central Expressway Suite 2340,75225,Sat Oct 22 21:26:16 +0000 2016,"RT @ATT: Watch the @GreenDay @iHeartRadio Album Release Party Tonight, 9pm ET/PT on AUDIENCE. DIRECTV ch 239/U-verse ch 1114. https://t.co/…",,,Twitter
Dallas4,32.8685017,-96.7757012,8687 N Central Expressway Suite 2340,75225,Sat Oct 22 20:57:01 +0000 2016,RT @BriMalandro: this is gross bc @ATT is actually trash in each and every way possible https://t.co/kD2jnR7zXZ,,,Twitter
Dallas4,32.8685017,-96.7757012,8687 N Central Expressway Suite 2340,75225,Sat Oct 22 20:47:22 +0000 2016,RT @HomaBashNBC5: Lots of questions arise as @WSJ reports that @ATT has agreed to buy Time Warner for upwards of $80 BILLION. Service costs…,,,Twitter
Dallas4,32.8685017,-96.7757012,8687 N Central Expressway Suite 2340,75225,Sat Oct 22 20:45:34 +0000 2016,"RT @ATT: Watch the @GreenDay @iHeartRadio Album Release Party Tonight, 9pm ET/PT on AUDIENCE. DIRECTV ch 239/U-verse ch 1114. https://t.co/…",,,Twitter
Dallas4,32.8685017,-96.7757012,8687 N Central Expressway Suite 2340,75225,Sat Oct 22 20:39:11 +0000 2016,"RT @ATT: Watch the @GreenDay @iHeartRadio Album Release Party Tonight, 9pm ET/PT on AUDIENCE. DIRECTV ch 239/U-verse ch 1114. https://t.co/…",,,Twitter
Dallas4,32.8685017,-96.7757012,8687 N Central Expressway Suite 2340,75225,Sat Oct 22 20:36:40 +0000 2016,RT @ATT: Welcome to the team! @taylorswift13 https://t.co/4h86nLYuLo https://t.co/gAHOi7fPrZ,,,Twitter
Dallas4,32.8685017,-96.7757012,8687 N Central Expressway Suite 2340,75225,Sat Oct 22 20:32:53 +0000 2016,RT @BriMalandro: this is gross bc @ATT is actually trash in each and every way possible https://t.co/kD2jnR7zXZ,,,Twitter
Dallas4,32.8685017,-96.7757012,8687 N Central Expressway Suite 2340,75225,Sat Oct 22 20:31:14 +0000 2016,this is gross bc @ATT is actually trash in each and every way possible https://t.co/kD2jnR7zXZ,,,Twitter
Dallas4,32.8685017,-96.7757012,8687 N Central Expressway Suite 2340,75225,Sat Oct 22 20:19:20 +0000 2016,"RT @ATT: Watch the @GreenDay @iHeartRadio Album Release Party Tonight, 9pm ET/PT on AUDIENCE. DIRECTV ch 239/U-verse ch 1114. https://t.co/…",,,Twitter
Dallas4,32.8685017,-96.7757012,8687 N Central Expressway Suite 2340,75225,Sat Oct 22 19:57:33 +0000 2016,RT @ATT: Las Vegas- Celebrate #LGBTHistoryMonth by heading over to Snapchat and using our exclusive filters! https://t.co/HiHbHuJHD1,,,Twitter
Dallas4,32.8685017,-96.7757012,8687 N Central Expressway Suite 2340,75225,Sat Oct 22 19:56:25 +0000 2016,No @Uverse already sucks. Where will I go when I finally get fed up? https://t.co/clWyY63dKJ,,,Twitter
Dallas4,32.8685017,-96.7757012,8687 N Central Expressway Suite 2340,75225,Sat Oct 22 19:49:13 +0000 2016,RT @ATT: Welcome to the team! @taylorswift13 https://t.co/4h86nLYuLo https://t.co/gAHOi7fPrZ,,,Twitter
Dallas4,32.8685017,-96.7757012,8687 N Central Expressway Suite 2340,75225,Sat Oct 22 19:38:02 +0000 2016,RT @ATT: Welcome to the team! @taylorswift13 https://t.co/4h86nLYuLo https://t.co/gAHOi7fPrZ,,,Twitter
Dallas4,32.8685017,-96.7757012,8687 N Central Expressway Suite 2340,75225,Sat Oct 22 19:36:23 +0000 2016,When your blankity-blank cable goes out right before kickoff #TAMUvsBAMA #GigEm @ATT,,,Twitter
Dallas4,32.8685017,-96.7757012,8687 N Central Expressway Suite 2340,75225,Sat Oct 22 19:30:41 +0000 2016,RT @ATT: Welcome to the team! @taylorswift13 https://t.co/4h86nLYuLo https://t.co/gAHOi7fPrZ,,,Twitter
Dallas4,32.8685017,-96.7757012,8687 N Central Expressway Suite 2340,75225,Sat Oct 22 19:26:41 +0000 2016,RT @ATT: Welcome to the team! @taylorswift13 https://t.co/4h86nLYuLo https://t.co/gAHOi7fPrZ,,,Twitter
Dallas4,32.8685017,-96.7757012,8687 N Central Expressway Suite 2340,75225,Sat Oct 22 19:24:22 +0000 2016,Lots of questions arise as @WSJ reports that @ATT has agreed to buy Time Warner for upwards of $80 BILLION. Service costs? Jobs?,,,Twitter
Dallas4,32.8685017,-96.7757012,8687 N Central Expressway Suite 2340,75225,Sat Oct 22 19:19:57 +0000 2016,Having a bad customer service day. Sadly I'm not surprised at @ATT but totally shocked at my @Apple experience especially live in a store.,,,Twitter
Dallas4,32.8685017,-96.7757012,8687 N Central Expressway Suite 2340,75225,Sat Oct 22 19:13:37 +0000 2016,RT @ATT: Welcome to the team! @taylorswift13 https://t.co/4h86nLYuLo https://t.co/gAHOi7fPrZ,,,Twitter
Dallas4,32.8685017,-96.7757012,8687 N Central Expressway Suite 2340,75225,Sat Oct 22 19:05:56 +0000 2016,"RT @ATT: Watch the @GreenDay @iHeartRadio Album Release Party Tonight, 9pm ET/PT on AUDIENCE. DIRECTV ch 239/U-verse ch 1114. https://t.co/…",,,Twitter
Dallas4,32.8685017,-96.7757012,8687 N Central Expressway Suite 2340,75225,Sat Oct 22 18:51:17 +0000 2016,RT @ATT: Welcome to the team! @taylorswift13 https://t.co/4h86nLYuLo https://t.co/gAHOi7fPrZ,,,Twitter
Dallas4,32.8685017,-96.7757012,8687 N Central Expressway Suite 2340,75225,Sat Oct 22 18:48:03 +0000 2016,"RT @ATT: Some people may wait a lifetime, but you don't have to. On 11/2-3, AT&amp;T customers can buy @kelly_clarkson tix early. https://t.co/…",,,Twitter
Dallas4,32.8685017,-96.7757012,8687 N Central Expressway Suite 2340,75225,Sat Oct 22 18:45:25 +0000 2016,First @DIRECTV and now Time Warner. @ATT is going all out in cable. https://t.co/Lbl5YbFVSf,,,Twitter
Dallas4,32.8685017,-96.7757012,8687 N Central Expressway Suite 2340,75225,Sat Oct 22 18:42:34 +0000 2016,@GameOfThrones 4 @ATT $T buys @DIRECTV &amp; @HBO 's #TimeWarner while @timarmstrongaol of @verizon buys @AOL &amp; @Yahoo… https://t.co/SaXbGlATXK,,,Twitter
Dallas4,32.8685017,-96.7757012,8687 N Central Expressway Suite 2340,75225,Sat Oct 22 18:38:21 +0000 2016,RT @ATT: Las Vegas- Celebrate #LGBTHistoryMonth by heading over to Snapchat and using our exclusive filters! https://t.co/HiHbHuJHD1,,,Twitter
Dallas4,32.8685017,-96.7757012,8687 N Central Expressway Suite 2340,75225,Sat Oct 22 18:31:55 +0000 2016,@ATT Reaches Deal to Buy @twxcorp for More Than $80 Billion https://t.co/vCwS3Ef4uf via @WSJ,,,Twitter
Dallas4,32.8685017,-96.7757012,8687 N Central Expressway Suite 2340,75225,Sat Oct 22 18:22:08 +0000 2016,"RT @ATT: Hey, Bears! @ATT + @TOMS are coming to game day this week to share their story &amp; #CelebrateGood with fans. Stop by! https://t.co/M…",,,Twitter
Dallas4,32.8685017,-96.7757012,8687 N Central Expressway Suite 2340,75225,Sat Oct 22 18:19:06 +0000 2016,"RT @ATT: Some people may wait a lifetime, but you don't have to. On 11/2-3, AT&amp;T customers can buy @kelly_clarkson tix early. https://t.co/…",,,Twitter
Dallas4,32.8685017,-96.7757012,8687 N Central Expressway Suite 2340,75225,Sat Oct 22 18:17:50 +0000 2016,RT @ATT: Welcome to the team! @taylorswift13 https://t.co/4h86nLYuLo https://t.co/gAHOi7fPrZ,,,Twitter
Dallas4,32.8685017,-96.7757012,8687 N Central Expressway Suite 2340,75225,Sat Oct 22 18:09:13 +0000 2016,RT @ATT: Who made you a college 🏈 fan? Share with #MadeMeAFanContest for a chance to win. Rules https://t.co/hU3I3wFn5V https://t.co/xZbxUJ…,,,Twitter
Dallas4,32.8685017,-96.7757012,8687 N Central Expressway Suite 2340,75225,Sat Oct 22 18:04:12 +0000 2016,@caroljsroth so what are your thoughts on the @ATT @TWC deal?,,,Twitter
Dallas4,32.8685017,-96.7757012,8687 N Central Expressway Suite 2340,75225,Sat Oct 22 18:01:18 +0000 2016,RT @ATT: Welcome to the team! @taylorswift13 https://t.co/4h86nLYuLo https://t.co/gAHOi7fPrZ,,,Twitter
Dallas4,32.8685017,-96.7757012,8687 N Central Expressway Suite 2340,75225,Sat Oct 22 17:51:05 +0000 2016,RT @ATT: Las Vegas- Celebrate #LGBTHistoryMonth by heading over to Snapchat and using our exclusive filters! https://t.co/HiHbHuJHD1,,,Twitter
Dallas4,32.8685017,-96.7757012,8687 N Central Expressway Suite 2340,75225,Sat Oct 22 17:49:13 +0000 2016,why iPhones cost almost $1000 but I just simply restarted my phone and it deleted all my messages for no reason 😐😐😐😐😐😐 @ATT @Apple U SUCK,,,Twitter
Dallas4,32.8685017,-96.7757012,8687 N Central Expressway Suite 2340,75225,Sat Oct 22 17:46:54 +0000 2016,"RT @ATT: Some people may wait a lifetime, but you don't have to. On 11/2-3, AT&amp;T customers can buy @kelly_clarkson tix early. https://t.co/…",,,Twitter
Dallas4,32.8685017,-96.7757012,8687 N Central Expressway Suite 2340,75225,Sat Oct 22 17:41:41 +0000 2016,RT @ATT: Are you ready for the revolution? Watch the @GreenDay @iHeartRadio Album Release Party now. #iHeartGreenDay https://t.co/ec2gZXKu7U,,,Twitter
Dallas4,32.8685017,-96.7757012,8687 N Central Expressway Suite 2340,75225,Sat Oct 22 17:33:06 +0000 2016,"RT @ATT: Hey, Bears! @ATT + @TOMS are coming to game day this week to share their story &amp; #CelebrateGood with fans. Stop by! https://t.co/M…",,,Twitter
Dallas4,32.8685017,-96.7757012,8687 N Central Expressway Suite 2340,75225,Sat Oct 22 17:25:45 +0000 2016,RT @ATT: Welcome to the team! @taylorswift13 https://t.co/4h86nLYuLo https://t.co/gAHOi7fPrZ,,,Twitter
Dallas4,32.8685017,-96.7757012,8687 N Central Expressway Suite 2340,75225,Sat Oct 22 17:24:57 +0000 2016,RT @ATT: Welcome to the team! @taylorswift13 https://t.co/4h86nLYuLo https://t.co/gAHOi7fPrZ,,,Twitter
Dallas4,32.8685017,-96.7757012,8687 N Central Expressway Suite 2340,75225,Sat Oct 22 17:12:46 +0000 2016,"RT @ATT: We want to see your #ATTRedCarpet watch party! Tweet us your plans, and tune in on @AudienceNetwork on 11/2! #CMAAwards50 https://…",,,Twitter
Dallas4,32.8685017,-96.7757012,8687 N Central Expressway Suite 2340,75225,Sat Oct 22 17:08:04 +0000 2016,"RT @ATT: Watch the @GreenDay @iHeartRadio Album Release Party Tonight, 9pm ET/PT on AUDIENCE. DIRECTV ch 239/U-verse ch 1114. https://t.co/…",,,Twitter
Dallas4,32.8685017,-96.7757012,8687 N Central Expressway Suite 2340,75225,Sat Oct 22 17:01:26 +0000 2016,RT @ATT: Welcome to the team! @taylorswift13 https://t.co/4h86nLYuLo https://t.co/gAHOi7fPrZ,,,Twitter
Dallas4,32.8685017,-96.7757012,8687 N Central Expressway Suite 2340,75225,Sat Oct 22 17:00:05 +0000 2016,"RT @ATT: Watch the @GreenDay @iHeartRadio Album Release Party Tonight, 9pm ET/PT on AUDIENCE. DIRECTV ch 239/U-verse ch 1114. https://t.co/…",,,Twitter
Dallas4,32.8685017,-96.7757012,8687 N Central Expressway Suite 2340,75225,Sat Oct 22 16:47:24 +0000 2016,RT @ATT: Welcome to the team! @taylorswift13 https://t.co/4h86nLYuLo https://t.co/gAHOi7fPrZ,,,Twitter
Dallas4,32.8685017,-96.7757012,8687 N Central Expressway Suite 2340,75225,Sat Oct 22 16:46:29 +0000 2016,I'll be done with @TWC if this happens. I left @ATT for a reason.  https://t.co/QxiMxFkSNQ,,,Twitter
Dallas4,32.8685017,-96.7757012,8687 N Central Expressway Suite 2340,75225,Sat Oct 22 16:44:17 +0000 2016,RT @ATT: Welcome to the team! @taylorswift13 https://t.co/4h86nLYuLo https://t.co/gAHOi7fPrZ,,,Twitter
Dallas4,32.8685017,-96.7757012,8687 N Central Expressway Suite 2340,75225,Sat Oct 22 16:43:43 +0000 2016,"RT @ATT: Watch the @GreenDay @iHeartRadio Album Release Party Tonight, 9pm ET/PT on AUDIENCE. DIRECTV ch 239/U-verse ch 1114. https://t.co/…",,,Twitter
Dallas4,32.8685017,-96.7757012,8687 N Central Expressway Suite 2340,75225,Sat Oct 22 16:29:18 +0000 2016,"@DIRECTV According to @AnthonyHotels, the host of the shows, his shows are to be on Monday evening. 2 of are. I can't find Hotel Showdown.",,,Twitter
Dallas4,32.8685017,-96.7757012,8687 N Central Expressway Suite 2340,75225,Sat Oct 22 16:24:50 +0000 2016,"RT @ATT: Watch the @GreenDay @iHeartRadio Album Release Party Tonight, 9pm ET/PT on AUDIENCE. DIRECTV ch 239/U-verse ch 1114. https://t.co/…",,,Twitter
Dallas4,32.8685017,-96.7757012,8687 N Central Expressway Suite 2340,75225,Sat Oct 22 16:15:54 +0000 2016,@JasonWhitely @wfaachannel8 @ATT @nytimes Why?,,,Twitter
Dallas4,32.8685017,-96.7757012,8687 N Central Expressway Suite 2340,75225,Sat Oct 22 16:12:09 +0000 2016,RT @ATT: Welcome to the team! @taylorswift13 https://t.co/4h86nLYuLo https://t.co/gAHOi7fPrZ,,,Twitter
Dallas4,32.8685017,-96.7757012,8687 N Central Expressway Suite 2340,75225,Sat Oct 22 16:09:13 +0000 2016,RT @ATT: Welcome to the team! @taylorswift13 https://t.co/4h86nLYuLo https://t.co/gAHOi7fPrZ,,,Twitter
Dallas4,32.8685017,-96.7757012,8687 N Central Expressway Suite 2340,75225,Sat Oct 22 16:05:36 +0000 2016,@JasonWhitely @ATT @nytimes Didn't spectrum just do that? My TWC bill now says Spectrum... But my bldg is now set up for ATT fiber...?,,,Twitter
Dallas4,32.8685017,-96.7757012,8687 N Central Expressway Suite 2340,75225,Sat Oct 22 15:58:00 +0000 2016,@ATTCares like ffs maybe @att should be a bit more transparent,,,Twitter
Dallas4,32.8685017,-96.7757012,8687 N Central Expressway Suite 2340,75225,Sat Oct 22 15:57:40 +0000 2016,"@ATTCares UNFORTUNATELY that doesn't list what the late fees are, when they occur, or anything more specific than BAD THINGS HAPPEN",,,Twitter
Dallas4,32.8685017,-96.7757012,8687 N Central Expressway Suite 2340,75225,Sat Oct 22 15:53:56 +0000 2016,"RT @ATT: See how you can get up to $650 in credits with AT&amp;T.
https://t.co/qJML2cmv5a",,,Twitter
Dallas4,32.8685017,-96.7757012,8687 N Central Expressway Suite 2340,75225,Sat Oct 22 15:51:35 +0000 2016,RT @ATT: @Emma_Wilson44 We’ll be giving away tickets to Taylor fans including AT&amp;T customers + special guests. We’ll share ticketing detail…,,,Twitter
Dallas4,32.8685017,-96.7757012,8687 N Central Expressway Suite 2340,75225,Sat Oct 22 15:51:08 +0000 2016,"RT @ATT: Watch the @GreenDay @iHeartRadio Album Release Party Tonight, 9pm ET/PT on AUDIENCE. DIRECTV ch 239/U-verse ch 1114. https://t.co/…",,,Twitter
Dallas4,32.8685017,-96.7757012,8687 N Central Expressway Suite 2340,75225,Sat Oct 22 15:40:40 +0000 2016,"RT @ATT: Watch the @GreenDay @iHeartRadio Album Release Party Tonight, 9pm ET/PT on AUDIENCE. DIRECTV ch 239/U-verse ch 1114. https://t.co/…",,,Twitter
Dallas4,32.8685017,-96.7757012,8687 N Central Expressway Suite 2340,75225,Sat Oct 22 15:38:11 +0000 2016,@ATTCares yeah I will I only get paid once a month,,,Twitter
Dallas4,32.8685017,-96.7757012,8687 N Central Expressway Suite 2340,75225,Sat Oct 22 15:35:45 +0000 2016,"RT @ATT: Watch the @GreenDay @iHeartRadio Album Release Party Tonight, 9pm ET/PT on AUDIENCE. DIRECTV ch 239/U-verse ch 1114. https://t.co/…",,,Twitter
Dallas4,32.8685017,-96.7757012,8687 N Central Expressway Suite 2340,75225,Sat Oct 22 15:31:34 +0000 2016,"RT @ATT: Hey, Bears! @ATT + @TOMS are coming to game day this week to share their story &amp; #CelebrateGood with fans. Stop by! https://t.co/M…",,,Twitter
Dallas4,32.8685017,-96.7757012,8687 N Central Expressway Suite 2340,75225,Sat Oct 22 15:30:48 +0000 2016,"RT @ATT: Watch the @GreenDay @iHeartRadio Album Release Party Tonight, 9pm ET/PT on AUDIENCE. DIRECTV ch 239/U-verse ch 1114. https://t.co/…",,,Twitter
Dallas4,32.8685017,-96.7757012,8687 N Central Expressway Suite 2340,75225,Sat Oct 22 15:20:55 +0000 2016,RT @ATT: Welcome to the team! @taylorswift13 https://t.co/4h86nLYuLo https://t.co/gAHOi7fPrZ,,,Twitter
Dallas4,32.8685017,-96.7757012,8687 N Central Expressway Suite 2340,75225,Sat Oct 22 15:19:21 +0000 2016,"RT @ATT: Watch the @GreenDay @iHeartRadio Album Release Party Tonight, 9pm ET/PT on AUDIENCE. DIRECTV ch 239/U-verse ch 1114. https://t.co/…",,,Twitter
Dallas4,32.8685017,-96.7757012,8687 N Central Expressway Suite 2340,75225,Sat Oct 22 15:14:45 +0000 2016,RT @ATT: Welcome to the team! @taylorswift13 https://t.co/4h86nLYuLo https://t.co/gAHOi7fPrZ,,,Twitter
Dallas4,32.8685017,-96.7757012,8687 N Central Expressway Suite 2340,75225,Sat Oct 22 15:05:49 +0000 2016,RT @ATT: Welcome to the team! @taylorswift13 https://t.co/4h86nLYuLo https://t.co/gAHOi7fPrZ,,,Twitter
Dallas4,32.8685017,-96.7757012,8687 N Central Expressway Suite 2340,75225,Sat Oct 22 15:00:54 +0000 2016,"RT @ATT: Hey, Bears! @ATT + @TOMS are coming to game day this week to share their story &amp; #CelebrateGood with fans. Stop by! https://t.co/M…",,,Twitter
Dallas4,32.8685017,-96.7757012,8687 N Central Expressway Suite 2340,75225,Sat Oct 22 14:54:39 +0000 2016,"Oops, I forgot to pay my @ATT bill last month.",,,Twitter
Dallas4,32.8685017,-96.7757012,8687 N Central Expressway Suite 2340,75225,Sat Oct 22 14:49:32 +0000 2016,RT @ATT: Welcome to the team! @taylorswift13 https://t.co/4h86nLYuLo https://t.co/gAHOi7fPrZ,,,Twitter
Dallas4,32.8685017,-96.7757012,8687 N Central Expressway Suite 2340,75225,Sat Oct 22 14:38:26 +0000 2016,RT @ATT: @_Reflection5H Not necessarily. We’ll be giving away lots of tickets to Taylor fans including AT&amp;T customers &amp; special guests.,,,Twitter
Dallas4,32.8685017,-96.7757012,8687 N Central Expressway Suite 2340,75225,Sat Oct 22 14:27:15 +0000 2016,"RT @ATT: Watch the @GreenDay @iHeartRadio Album Release Party Tonight, 9pm ET/PT on AUDIENCE. DIRECTV ch 239/U-verse ch 1114. https://t.co/…",,,Twitter
Dallas4,32.8685017,-96.7757012,8687 N Central Expressway Suite 2340,75225,Sat Oct 22 14:26:22 +0000 2016,RT @ATT: Welcome to the team! @taylorswift13 https://t.co/4h86nLYuLo https://t.co/gAHOi7fPrZ,,,Twitter
Dallas4,32.8685017,-96.7757012,8687 N Central Expressway Suite 2340,75225,Sat Oct 22 14:25:46 +0000 2016,"RT @Mail4Felicia: Going on FOUR days without @ATT wireless service, can't get @ATTCares to respond to my latest msg. #ATTCommunity #Custome…",,,Twitter
Dallas4,32.8685017,-96.7757012,8687 N Central Expressway Suite 2340,75225,Sat Oct 22 14:13:42 +0000 2016,RT @ATT: Welcome to the team! @taylorswift13 https://t.co/4h86nLYuLo https://t.co/gAHOi7fPrZ,,,Twitter
Dallas4,32.8685017,-96.7757012,8687 N Central Expressway Suite 2340,75225,Sat Oct 22 14:08:41 +0000 2016,@ATTCares Thanks for shout out/offer of help.  Tech office now open.  Maybe update your website that tech support is not open for biz 24/7?,,,Twitter
