Store,Latitude,Longitude,Address,Zip,CreatedAt,Text,Senti,Rating,Source
Dallas15,32.853965,-96.769903,5521 Greenville Ave,75206,Sun Oct 23 20:26:46 +0000 2016,@JustinRoiland @DIRECTV That's why you gotta get your hands on some crystalized xanthanite. It's the only media experience worth having.,,,Twitter
Dallas15,32.853965,-96.769903,5521 Greenville Ave,75206,Sun Oct 23 20:24:21 +0000 2016,"RT @dallasnews: Trump gets litigious, AT&amp;T gets bigger, @TomiLahren wins bigly: Your weekend news digest https://t.co/tjOy7OJCri https://t.…",,,Twitter
Dallas15,32.853965,-96.769903,5521 Greenville Ave,75206,Sun Oct 23 20:20:38 +0000 2016,RT @Mike_Rawlings: I’m excited for Dallas-based AT&amp;T and hopeful that this merger will lead to great benefits for its employees and... http…,,,Twitter
Dallas15,32.853965,-96.769903,5521 Greenville Ave,75206,Sun Oct 23 20:11:55 +0000 2016,RT @ATT: Welcome to the team! @taylorswift13 https://t.co/4h86nLYuLo https://t.co/gAHOi7fPrZ,,,Twitter
Dallas15,32.853965,-96.769903,5521 Greenville Ave,75206,Sun Oct 23 20:11:19 +0000 2016,"What it means to ""own"" the news https://t.co/3NZLU71TUu",,,Twitter
Dallas15,32.853965,-96.769903,5521 Greenville Ave,75206,Sun Oct 23 20:10:01 +0000 2016,We're helping connect youth to their first jobs by signing on to the White House's First Job Compact. Learn more:… https://t.co/wNs66tV4dL,,,Twitter
Dallas15,32.853965,-96.769903,5521 Greenville Ave,75206,Sun Oct 23 20:08:36 +0000 2016,@ATTCares how quick could you get service to my house in Irving? Apparently after 4 years of service my ISP sh*t the bed and need a quote.,,,Twitter
Dallas15,32.853965,-96.769903,5521 Greenville Ave,75206,Sun Oct 23 20:08:12 +0000 2016,RT @ATT: The #futureofvideo is mobile and the #futureofmobile is video. Time Warner + AT&amp;T make it happen! @twxcorp https://t.co/GKx4U9TQYg,,,Twitter
Dallas15,32.853965,-96.769903,5521 Greenville Ave,75206,Sun Oct 23 20:08:08 +0000 2016,"RT @dallasnews: Trump gets litigious, AT&amp;T gets bigger, @TomiLahren wins bigly: Your weekend news digest https://t.co/tjOy7OJCri https://t.…",,,Twitter
Dallas15,32.853965,-96.769903,5521 Greenville Ave,75206,Sun Oct 23 20:07:08 +0000 2016,"RT @dallasnews: Trump gets litigious, AT&amp;T gets bigger, @TomiLahren wins bigly: Your weekend news digest https://t.co/tjOy7OJCri https://t.…",,,Twitter
Dallas15,32.853965,-96.769903,5521 Greenville Ave,75206,Sun Oct 23 20:04:46 +0000 2016,RT @ATT: Welcome to the team! @taylorswift13 https://t.co/4h86nLYuLo https://t.co/gAHOi7fPrZ,,,Twitter
Dallas15,32.853965,-96.769903,5521 Greenville Ave,75206,Sun Oct 23 20:03:11 +0000 2016,"RT @dallasnews: Trump gets litigious, AT&amp;T gets bigger, @TomiLahren wins bigly: Your weekend news digest https://t.co/tjOy7OJCri https://t.…",,,Twitter
Dallas15,32.853965,-96.769903,5521 Greenville Ave,75206,Sun Oct 23 20:01:22 +0000 2016,"""The Corporate Confidence of the AT&amp;T-Time Warner Deal"" by DAVID GELLES via NYT The New York Times https://t.co/JFswU8yCUE",,,Twitter
Dallas15,32.853965,-96.769903,5521 Greenville Ave,75206,Sun Oct 23 20:00:02 +0000 2016,Cybersecurity preparedness starts w/ a strong incident response plan. Get info to help shield your org from attack:… https://t.co/hWfn2dP47t,,,Twitter
Dallas15,32.853965,-96.769903,5521 Greenville Ave,75206,Sun Oct 23 19:59:00 +0000 2016,RT @ATT: Welcome to the team! @taylorswift13 https://t.co/4h86nLYuLo https://t.co/gAHOi7fPrZ,,,Twitter
Dallas15,32.853965,-96.769903,5521 Greenville Ave,75206,Sun Oct 23 19:58:43 +0000 2016,"RT @ATT: Some people may wait a lifetime, but you don't have to. On 11/2-3, AT&amp;T customers can buy @kelly_clarkson tix early. https://t.co/…",,,Twitter
Dallas15,32.853965,-96.769903,5521 Greenville Ave,75206,Sun Oct 23 19:42:10 +0000 2016,RT @ATT: Welcome to the team! @taylorswift13 https://t.co/4h86nLYuLo https://t.co/gAHOi7fPrZ,,,Twitter
Dallas15,32.853965,-96.769903,5521 Greenville Ave,75206,Sun Oct 23 19:40:05 +0000 2016,"RT @DMNBiz: The Stadium Club is almost half a football field long, but can Cowboys fans fill it year 'round? | https://t.co/BmFzkykjit @kro…",,,Twitter
Dallas15,32.853965,-96.769903,5521 Greenville Ave,75206,Sun Oct 23 19:36:03 +0000 2016,"RT @PhilipTKingston: Why do I suddenly feel so good about @BCBSAssociation? Hint, hint, @ATT @DtownDallasInc https://t.co/dEwVDTELlT",,,Twitter
Dallas15,32.853965,-96.769903,5521 Greenville Ave,75206,Sun Oct 23 19:35:58 +0000 2016,"RT @brandonformby: How the AT&amp;T-Time Warner deal changes the TV, mobile landscapes https://t.co/16O9QBsg4Y via @Conor_Shine",,,Twitter
Dallas15,32.853965,-96.769903,5521 Greenville Ave,75206,Sun Oct 23 19:33:28 +0000 2016,RT @ATT: The #futureofvideo is mobile and the #futureofmobile is video. Time Warner + AT&amp;T make it happen! @twxcorp https://t.co/GKx4U9TQYg,,,Twitter
Dallas15,32.853965,-96.769903,5521 Greenville Ave,75206,Sun Oct 23 19:30:55 +0000 2016,"Why do I suddenly feel so good about @BCBSAssociation? Hint, hint, @ATT @DtownDallasInc https://t.co/dEwVDTELlT",,,Twitter
Dallas15,32.853965,-96.769903,5521 Greenville Ave,75206,Sun Oct 23 19:27:41 +0000 2016,"RT @dallasnews: Trump gets litigious, AT&amp;T gets bigger, @TomiLahren wins bigly: Your weekend news digest https://t.co/tjOy7OJCri https://t.…",,,Twitter
Dallas15,32.853965,-96.769903,5521 Greenville Ave,75206,Sun Oct 23 19:24:04 +0000 2016,RT @ATT: The #futureofvideo is mobile and the #futureofmobile is video. Time Warner + AT&amp;T make it happen! @twxcorp https://t.co/GKx4U9TQYg,,,Twitter
Dallas15,32.853965,-96.769903,5521 Greenville Ave,75206,Sun Oct 23 19:22:21 +0000 2016,RT @ATT: Who made you a college 🏈 fan? Share with #MadeMeAFanContest for a chance to win. Rules https://t.co/hU3I3wFn5V https://t.co/xZbxUJ…,,,Twitter
Dallas15,32.853965,-96.769903,5521 Greenville Ave,75206,Sun Oct 23 19:21:41 +0000 2016,RT @ATT: The #futureofvideo is mobile and the #futureofmobile is video. Time Warner + AT&amp;T make it happen! @twxcorp https://t.co/GKx4U9TQYg,,,Twitter
Dallas15,32.853965,-96.769903,5521 Greenville Ave,75206,Sun Oct 23 19:21:08 +0000 2016,"RT @DMNBiz: The Stadium Club is almost half a football field long, but can Cowboys fans fill it year 'round? | https://t.co/BmFzkykjit @kro…",,,Twitter
Dallas15,32.853965,-96.769903,5521 Greenville Ave,75206,Sun Oct 23 19:07:55 +0000 2016,"RT @dallasnews: Trump gets litigious, AT&amp;T gets bigger, @TomiLahren wins bigly: Your weekend news digest https://t.co/tjOy7OJCri https://t.…",,,Twitter
Dallas15,32.853965,-96.769903,5521 Greenville Ave,75206,Sun Oct 23 19:07:24 +0000 2016,"RT @dallasnews: Trump gets litigious, AT&amp;T gets bigger, @TomiLahren wins bigly: Your weekend news digest https://t.co/tjOy7OJCri https://t.…",,,Twitter
Dallas15,32.853965,-96.769903,5521 Greenville Ave,75206,Sun Oct 23 19:00:13 +0000 2016,NBC 5 report on #DBDT and some other #Dallas #arts organizations. https://t.co/56SgpKYYkD,,,Twitter
Dallas15,32.853965,-96.769903,5521 Greenville Ave,75206,Sun Oct 23 18:58:28 +0000 2016,RT @ATT: Welcome to the team! @taylorswift13 https://t.co/4h86nLYuLo https://t.co/gAHOi7fPrZ,,,Twitter
Dallas15,32.853965,-96.769903,5521 Greenville Ave,75206,Sun Oct 23 18:56:54 +0000 2016,"RT @dallasnews: Trump gets litigious, AT&amp;T gets bigger, @TomiLahren wins bigly: Your weekend news digest https://t.co/tjOy7OJCri https://t.…",,,Twitter
Dallas15,32.853965,-96.769903,5521 Greenville Ave,75206,Sun Oct 23 18:55:12 +0000 2016,RT @RickTweetTweet: Breaking News!!! AT&amp;T to Acquire Time Warner! My family just got bigger! #LifeAtATT  #TimeWarner https://t.co/RUAJa5ciO…,,,Twitter
Dallas15,32.853965,-96.769903,5521 Greenville Ave,75206,Sun Oct 23 18:54:29 +0000 2016,"RT @dallasnews: Trump gets litigious, AT&amp;T gets bigger, @TomiLahren wins bigly: Your weekend news digest https://t.co/tjOy7OJCri https://t.…",,,Twitter
Dallas15,32.853965,-96.769903,5521 Greenville Ave,75206,Sun Oct 23 18:52:02 +0000 2016,RT @ATT: Welcome to the team! @taylorswift13 https://t.co/4h86nLYuLo https://t.co/gAHOi7fPrZ,,,Twitter
Dallas15,32.853965,-96.769903,5521 Greenville Ave,75206,Sun Oct 23 18:51:47 +0000 2016,"RT @DMNBiz: The Stadium Club is almost half a football field long, but can Cowboys fans fill it year 'round? | https://t.co/BmFzkykjit @kro…",,,Twitter
Dallas15,32.853965,-96.769903,5521 Greenville Ave,75206,Sun Oct 23 18:51:03 +0000 2016,"RT @dallasnews: Trump gets litigious, AT&amp;T gets bigger, @TomiLahren wins bigly: Your weekend news digest https://t.co/tjOy7OJCri https://t.…",,,Twitter
Dallas15,32.853965,-96.769903,5521 Greenville Ave,75206,Sun Oct 23 18:51:00 +0000 2016,"The Stadium Club is almost half a football field long, but can Cowboys fans fill it year 'round? |… https://t.co/KFqAQpaexM",,,Twitter
Dallas15,32.853965,-96.769903,5521 Greenville Ave,75206,Sun Oct 23 18:49:00 +0000 2016,"How the AT&amp;T-Time Warner deal changes the TV, mobile landscapes https://t.co/16O9QBsg4Y via @Conor_Shine",,,Twitter
Dallas15,32.853965,-96.769903,5521 Greenville Ave,75206,Sun Oct 23 18:47:23 +0000 2016,"RT @dallasnews: Trump gets litigious, AT&amp;T gets bigger, @TomiLahren wins bigly: Your weekend news digest https://t.co/tjOy7OJCri https://t.…",,,Twitter
Dallas15,32.853965,-96.769903,5521 Greenville Ave,75206,Sun Oct 23 18:47:02 +0000 2016,"RT @dallasnews: Trump gets litigious, AT&amp;T gets bigger, @TomiLahren wins bigly: Your weekend news digest https://t.co/tjOy7OJCri https://t.…",,,Twitter
Dallas15,32.853965,-96.769903,5521 Greenville Ave,75206,Sun Oct 23 18:42:40 +0000 2016,"RT @dallasnews: Trump gets litigious, AT&amp;T gets bigger, @TomiLahren wins bigly: Your weekend news digest https://t.co/tjOy7OJCri https://t.…",,,Twitter
Dallas15,32.853965,-96.769903,5521 Greenville Ave,75206,Sun Oct 23 18:41:47 +0000 2016,RT @ATT: The #futureofvideo is mobile and the #futureofmobile is video. Time Warner + AT&amp;T make it happen! @twxcorp https://t.co/GKx4U9TQYg,,,Twitter
Dallas15,32.853965,-96.769903,5521 Greenville Ave,75206,Sun Oct 23 18:38:43 +0000 2016,RT @ATT: The #futureofvideo is mobile and the #futureofmobile is video. Time Warner + AT&amp;T make it happen! @twxcorp https://t.co/GKx4U9TQYg,,,Twitter
Dallas15,32.853965,-96.769903,5521 Greenville Ave,75206,Sun Oct 23 18:37:45 +0000 2016,What AT&amp;T's Time Warner deal means for Verizon - https://t.co/sdgbra49WE,,,Twitter
Dallas15,32.853965,-96.769903,5521 Greenville Ave,75206,Sun Oct 23 18:37:45 +0000 2016,What AT&amp;T's Time Warner deal means for Verizon - https://t.co/XD9aZ0moV2,,,Twitter
Dallas15,32.853965,-96.769903,5521 Greenville Ave,75206,Sun Oct 23 18:37:45 +0000 2016,What AT&amp;T's Time Warner deal means for Verizon - https://t.co/q7W7qWkBOQ,,,Twitter
Dallas15,32.853965,-96.769903,5521 Greenville Ave,75206,Sun Oct 23 18:37:45 +0000 2016,What AT&amp;T's Time Warner deal means for Verizon - https://t.co/mt7kByDnBl,,,Twitter
Dallas15,32.853965,-96.769903,5521 Greenville Ave,75206,Sun Oct 23 18:37:45 +0000 2016,What AT&amp;T's Time Warner deal means for Verizon - https://t.co/vijR5JYnHD,,,Twitter
Dallas15,32.853965,-96.769903,5521 Greenville Ave,75206,Sun Oct 23 18:37:45 +0000 2016,What AT&amp;T's Time Warner deal means for Verizon - https://t.co/a9rQtCxz7U,,,Twitter
Dallas15,32.853965,-96.769903,5521 Greenville Ave,75206,Sun Oct 23 18:37:45 +0000 2016,What AT&amp;T's Time Warner deal means for Verizon - https://t.co/ZioPWOVeC2,,,Twitter
Dallas15,32.853965,-96.769903,5521 Greenville Ave,75206,Sun Oct 23 18:36:37 +0000 2016,"How the AT&amp;T-Time Warner deal changes the TV, mobile landscapes
https://t.co/wTzZ5Vhr0O",,,Twitter
Dallas15,32.853965,-96.769903,5521 Greenville Ave,75206,Sun Oct 23 18:34:57 +0000 2016,RT @ATT: The #futureofvideo is mobile and the #futureofmobile is video. Time Warner + AT&amp;T make it happen! @twxcorp https://t.co/GKx4U9TQYg,,,Twitter
Dallas15,32.853965,-96.769903,5521 Greenville Ave,75206,Sun Oct 23 18:34:37 +0000 2016,"RT @dallasnews: Trump gets litigious, AT&amp;T gets bigger, @TomiLahren wins bigly: Your weekend news digest https://t.co/tjOy7OJCri https://t.…",,,Twitter
Dallas15,32.853965,-96.769903,5521 Greenville Ave,75206,Sun Oct 23 18:34:14 +0000 2016,"RT @dallasnews: Trump gets litigious, AT&amp;T gets bigger, @TomiLahren wins bigly: Your weekend news digest https://t.co/tjOy7OJCri https://t.…",,,Twitter
Dallas15,32.853965,-96.769903,5521 Greenville Ave,75206,Sun Oct 23 18:31:29 +0000 2016,RT @ATT: Welcome to the team! @taylorswift13 https://t.co/4h86nLYuLo https://t.co/gAHOi7fPrZ,,,Twitter
Dallas15,32.853965,-96.769903,5521 Greenville Ave,75206,Sun Oct 23 18:28:14 +0000 2016,Huge Stadium Club expects that fans with a taste for the Cowboys won't leave it feeling empty https://t.co/nGAFecJQhR #DFW,,,Twitter
Dallas15,32.853965,-96.769903,5521 Greenville Ave,75206,Sun Oct 23 18:27:05 +0000 2016,RT @ATT: The #futureofvideo is mobile and the #futureofmobile is video. Time Warner + AT&amp;T make it happen! @twxcorp https://t.co/GKx4U9TQYg,,,Twitter
Dallas15,32.853965,-96.769903,5521 Greenville Ave,75206,Sun Oct 23 18:26:42 +0000 2016,RT @ATT: The #futureofvideo is mobile and the #futureofmobile is video. Time Warner + AT&amp;T make it happen! @twxcorp https://t.co/GKx4U9TQYg,,,Twitter
Dallas15,32.853965,-96.769903,5521 Greenville Ave,75206,Sun Oct 23 18:25:47 +0000 2016,RT @ATT: The #futureofvideo is mobile and the #futureofmobile is video. Time Warner + AT&amp;T make it happen! @twxcorp https://t.co/GKx4U9TQYg,,,Twitter
Dallas15,32.853965,-96.769903,5521 Greenville Ave,75206,Sun Oct 23 18:24:51 +0000 2016,"RT @dallasnews: Trump gets litigious, AT&amp;T gets bigger, @TomiLahren wins bigly: Your weekend news digest https://t.co/tjOy7OJCri https://t.…",,,Twitter
Dallas15,32.853965,-96.769903,5521 Greenville Ave,75206,Sun Oct 23 18:18:24 +0000 2016,"RT @dallasnews: New media agency @Hearts_Science lands @ATT, opens shop in Dallas and plans to employ 100 people https://t.co/f5bPR9R5EQ @m…",,,Twitter
Dallas15,32.853965,-96.769903,5521 Greenville Ave,75206,Sun Oct 23 18:18:01 +0000 2016,@DK0021 @TWC @ATT and fuck time warner lol,,,Twitter
Dallas15,32.853965,-96.769903,5521 Greenville Ave,75206,Sun Oct 23 18:17:43 +0000 2016,@DK0021 @TWC @ATT ive had att uverse for a bit now. I came from fios but uverse is pretty good so far,,,Twitter
Dallas15,32.853965,-96.769903,5521 Greenville Ave,75206,Sun Oct 23 18:15:42 +0000 2016,"New media agency @Hearts_Science lands @ATT, opens shop in Dallas and plans to employ 100 people… https://t.co/ZhNktrU4U7",,,Twitter
Dallas15,32.853965,-96.769903,5521 Greenville Ave,75206,Sun Oct 23 18:13:53 +0000 2016,RT @dallasnews: Luke Bryan shimmies and shines during 'Kill the Lights' tour at AT&amp;T Stadium on Saturday https://t.co/OltIElsT2s,,,Twitter
Dallas15,32.853965,-96.769903,5521 Greenville Ave,75206,Sun Oct 23 18:11:56 +0000 2016,RT @Mike_Rawlings: I’m excited for Dallas-based AT&amp;T and hopeful that this merger will lead to great benefits for its employees and... http…,,,Twitter
Dallas15,32.853965,-96.769903,5521 Greenville Ave,75206,Sun Oct 23 18:11:02 +0000 2016,What The $85 Billion AT&amp;T-Time Warner Deal Means For Consumers | https://t.co/EhOCtvWopi,,,Twitter
Dallas15,32.853965,-96.769903,5521 Greenville Ave,75206,Sun Oct 23 18:10:57 +0000 2016,That's apparent - had to cut my Uverse after increases/fees and service issues https://t.co/27mYaygsiz,,,Twitter
Dallas15,32.853965,-96.769903,5521 Greenville Ave,75206,Sun Oct 23 18:09:20 +0000 2016,RT @attJOBS: Hear from Kristin how our Business Sales Leadership Development Program led to her successful career: https://t.co/aitAtDInv5…,,,Twitter
Dallas15,32.853965,-96.769903,5521 Greenville Ave,75206,Sun Oct 23 18:04:20 +0000 2016,"RT @dallasnews: Trump gets litigious, AT&amp;T gets bigger, @TomiLahren wins bigly: Your weekend news digest https://t.co/tjOy7OJCri https://t.…",,,Twitter
Dallas15,32.853965,-96.769903,5521 Greenville Ave,75206,Sun Oct 23 18:01:40 +0000 2016,"RT @dallasnews: Trump gets litigious, AT&amp;T gets bigger, @TomiLahren wins bigly: Your weekend news digest https://t.co/tjOy7OJCri https://t.…",,,Twitter
Dallas15,32.853965,-96.769903,5521 Greenville Ave,75206,Sun Oct 23 18:01:33 +0000 2016,Where Verizon stands https://t.co/5KMmcNV85T,,,Twitter
Dallas15,32.853965,-96.769903,5521 Greenville Ave,75206,Sun Oct 23 17:52:40 +0000 2016,"RT @dallasnews: Trump gets litigious, AT&amp;T gets bigger, @TomiLahren wins bigly: Your weekend news digest https://t.co/tjOy7OJCri https://t.…",,,Twitter
Dallas15,32.853965,-96.769903,5521 Greenville Ave,75206,Sun Oct 23 17:46:56 +0000 2016,RT @Mike_Rawlings: I’m excited for Dallas-based AT&amp;T and hopeful that this merger will lead to great benefits for its employees and... http…,,,Twitter
Dallas15,32.853965,-96.769903,5521 Greenville Ave,75206,Sun Oct 23 17:46:39 +0000 2016,RT @RickTweetTweet: Breaking News!!! AT&amp;T to Acquire Time Warner! My family just got bigger! #LifeAtATT  #TimeWarner https://t.co/RUAJa5ciO…,,,Twitter
Dallas15,32.853965,-96.769903,5521 Greenville Ave,75206,Sun Oct 23 17:43:28 +0000 2016,RT @ATT: The #futureofvideo is mobile and the #futureofmobile is video. Time Warner + AT&amp;T make it happen! @twxcorp https://t.co/GKx4U9TQYg,,,Twitter
Dallas15,32.853965,-96.769903,5521 Greenville Ave,75206,Sun Oct 23 17:40:24 +0000 2016,Every few decades a new generation enters the workforce &amp; tends to shake things up https://t.co/nrmXqjKfQV #ucoms #attemployee,,,Twitter
Dallas15,32.853965,-96.769903,5521 Greenville Ave,75206,Sun Oct 23 17:39:44 +0000 2016,"RT @dallasnews: Trump gets litigious, AT&amp;T gets bigger, @TomiLahren wins bigly: Your weekend news digest https://t.co/tjOy7OJCri https://t.…",,,Twitter
Dallas15,32.853965,-96.769903,5521 Greenville Ave,75206,Sun Oct 23 17:38:44 +0000 2016,Excited about your collaboration w @ATT introducing first nationwide Brackets For Good tourney! #BFGUSA @BracketsForGood 🏀@UnitedWayDallas,,,Twitter
Dallas15,32.853965,-96.769903,5521 Greenville Ave,75206,Sun Oct 23 17:34:53 +0000 2016,"RT @dallasnews: Trump gets litigious, AT&amp;T gets bigger, @TomiLahren wins bigly: Your weekend news digest https://t.co/tjOy7OJCri https://t.…",,,Twitter
Dallas15,32.853965,-96.769903,5521 Greenville Ave,75206,Sun Oct 23 17:34:02 +0000 2016,RT @ATT: Welcome to the team! @taylorswift13 https://t.co/4h86nLYuLo https://t.co/gAHOi7fPrZ,,,Twitter
Dallas15,32.853965,-96.769903,5521 Greenville Ave,75206,Sun Oct 23 17:33:50 +0000 2016,"RT @dallasnews: Trump gets litigious, AT&amp;T gets bigger, @TomiLahren wins bigly: Your weekend news digest https://t.co/tjOy7OJCri https://t.…",,,Twitter
Dallas15,32.853965,-96.769903,5521 Greenville Ave,75206,Sun Oct 23 17:30:40 +0000 2016,RT @dallasnews: Luke Bryan shimmies and shines during 'Kill the Lights' tour at AT&amp;T Stadium on Saturday https://t.co/OltIElsT2s,,,Twitter
Dallas15,32.853965,-96.769903,5521 Greenville Ave,75206,Sun Oct 23 17:27:34 +0000 2016,RT @ATT: Welcome to the team! @taylorswift13 https://t.co/4h86nLYuLo https://t.co/gAHOi7fPrZ,,,Twitter
Dallas15,32.853965,-96.769903,5521 Greenville Ave,75206,Sun Oct 23 17:22:22 +0000 2016,"RT @dallasnews: Trump gets litigious, AT&amp;T gets bigger, @TomiLahren wins bigly: Your weekend news digest https://t.co/tjOy7OJCri https://t.…",,,Twitter
Dallas15,32.853965,-96.769903,5521 Greenville Ave,75206,Sun Oct 23 17:21:51 +0000 2016,RT @ATT: The #futureofvideo is mobile and the #futureofmobile is video. Time Warner + AT&amp;T make it happen! @twxcorp https://t.co/GKx4U9TQYg,,,Twitter
Dallas15,32.853965,-96.769903,5521 Greenville Ave,75206,Sun Oct 23 17:21:27 +0000 2016,"RT @dallasnews: Trump gets litigious, AT&amp;T gets bigger, @TomiLahren wins bigly: Your weekend news digest https://t.co/tjOy7OJCri https://t.…",,,Twitter
Dallas15,32.853965,-96.769903,5521 Greenville Ave,75206,Sun Oct 23 17:21:06 +0000 2016,"RT @dallasnews: Trump gets litigious, AT&amp;T gets bigger, @TomiLahren wins bigly: Your weekend news digest https://t.co/tjOy7OJCri https://t.…",,,Twitter
Dallas15,32.853965,-96.769903,5521 Greenville Ave,75206,Sun Oct 23 17:20:12 +0000 2016,RT @ATT: The #futureofvideo is mobile and the #futureofmobile is video. Time Warner + AT&amp;T make it happen! @twxcorp https://t.co/GKx4U9TQYg,,,Twitter
Dallas15,32.853965,-96.769903,5521 Greenville Ave,75206,Sun Oct 23 17:19:29 +0000 2016,121.80 Download 29.3 Upload. I won't get this with @ATT  https://t.co/Anlh4ywdw9 #speedtest #Time Warner Cable via @openspeedtest,,,Twitter
Dallas15,32.853965,-96.769903,5521 Greenville Ave,75206,Sun Oct 23 17:17:06 +0000 2016,"Trump gets litigious, AT&amp;T gets bigger, Tomi Lahren wins bigly: Your weekend news digest https://t.co/fI8tzK6bSU",,,Twitter
Dallas15,32.853965,-96.769903,5521 Greenville Ave,75206,Sun Oct 23 17:15:52 +0000 2016,"RT @dallasnews: Trump gets litigious, AT&amp;T gets bigger, @TomiLahren wins bigly: Your weekend news digest https://t.co/tjOy7OJCri https://t.…",,,Twitter
Dallas15,32.853965,-96.769903,5521 Greenville Ave,75206,Sun Oct 23 17:14:34 +0000 2016,"RT @dallasnews: Trump gets litigious, AT&amp;T gets bigger, @TomiLahren wins bigly: Your weekend news digest https://t.co/tjOy7OJCri https://t.…",,,Twitter
Dallas15,32.853965,-96.769903,5521 Greenville Ave,75206,Sun Oct 23 17:14:13 +0000 2016,"RT @dallasnews: Trump gets litigious, AT&amp;T gets bigger, @TomiLahren wins bigly: Your weekend news digest https://t.co/tjOy7OJCri https://t.…",,,Twitter
Dallas15,32.853965,-96.769903,5521 Greenville Ave,75206,Sun Oct 23 17:13:40 +0000 2016,RT @ATT: The #futureofvideo is mobile and the #futureofmobile is video. Time Warner + AT&amp;T make it happen! @twxcorp https://t.co/GKx4U9TQYg,,,Twitter
Dallas15,32.853965,-96.769903,5521 Greenville Ave,75206,Sun Oct 23 17:11:36 +0000 2016,"RT @ATT: Some people may wait a lifetime, but you don't have to. On 11/2-3, AT&amp;T customers can buy @kelly_clarkson tix early. https://t.co/…",,,Twitter
Dallas15,32.853965,-96.769903,5521 Greenville Ave,75206,Sun Oct 23 17:11:08 +0000 2016,"RT @dallasnews: Trump gets litigious, AT&amp;T gets bigger, @TomiLahren wins bigly: Your weekend news digest https://t.co/tjOy7OJCri https://t.…",,,Twitter
Dallas15,32.853965,-96.769903,5521 Greenville Ave,75206,Sun Oct 23 17:11:07 +0000 2016,"RT @dallasnews: Trump gets litigious, AT&amp;T gets bigger, @TomiLahren wins bigly: Your weekend news digest https://t.co/tjOy7OJCri https://t.…",,,Twitter
Dallas15,32.853965,-96.769903,5521 Greenville Ave,75206,Wed Oct 19 07:33:18 +0000 2016,RT @ATT: Welcome to the team! @taylorswift13 https://t.co/4h86nLYuLo https://t.co/gAHOi7fPrZ,,,Twitter
Dallas15,32.853965,-96.769903,5521 Greenville Ave,75206,Wed Oct 19 07:26:26 +0000 2016,RT @ATT: AT&amp;T #Fiber - The future of the internet is now! Starting with a 1000 Mbps connection. https://t.co/oZ1julCt3F,,,Twitter
Dallas15,32.853965,-96.769903,5521 Greenville Ave,75206,Wed Oct 19 07:26:20 +0000 2016,RT @ATT: AT&amp;T #Fiber - The future of the internet is now! Starting with a 1000 Mbps connection. https://t.co/Rw8zxmVDRY,,,Twitter
Dallas15,32.853965,-96.769903,5521 Greenville Ave,75206,Wed Oct 19 07:11:58 +0000 2016,RT @ATT: Welcome to the team! @taylorswift13 https://t.co/4h86nLYuLo https://t.co/gAHOi7fPrZ,,,Twitter
Dallas15,32.853965,-96.769903,5521 Greenville Ave,75206,Wed Oct 19 06:48:52 +0000 2016,RT @ATT: AT&amp;T #Fiber - The future of the internet is now! Starting with a 1000 Mbps connection. https://t.co/oZ1julCt3F,,,Twitter
Dallas15,32.853965,-96.769903,5521 Greenville Ave,75206,Wed Oct 19 06:24:35 +0000 2016,RT @ATT: Welcome to the team! @taylorswift13 https://t.co/4h86nLYuLo https://t.co/gAHOi7fPrZ,,,Twitter
Dallas15,32.853965,-96.769903,5521 Greenville Ave,75206,Wed Oct 19 06:18:39 +0000 2016,RT @ATT: Welcome to the team! @taylorswift13 https://t.co/4h86nLYuLo https://t.co/gAHOi7fPrZ,,,Twitter
Dallas15,32.853965,-96.769903,5521 Greenville Ave,75206,Wed Oct 19 05:50:12 +0000 2016,RT @JordanSpieth: .@NotahBegay3 with the birdie for Team @ATT at the #SpiethShootout https://t.co/ssL2vULkxd,,,Twitter
Dallas15,32.853965,-96.769903,5521 Greenville Ave,75206,Wed Oct 19 05:47:28 +0000 2016,RT @ATT: AT&amp;T #Fiber - The future of the internet is now! Starting with a 1000 Mbps connection. https://t.co/gptqILMHmT,,,Twitter
Dallas15,32.853965,-96.769903,5521 Greenville Ave,75206,Wed Oct 19 04:16:09 +0000 2016,RT @ATT: AT&amp;T #Fiber - The future of the internet is now! Starting with a 1000 Mbps connection. https://t.co/Rw8zxmVDRY,,,Twitter
Dallas15,32.853965,-96.769903,5521 Greenville Ave,75206,Wed Oct 19 03:51:07 +0000 2016,"@ATTCares they chose to fill a full 16:9 screen when original film is 2.40:1, changing original vision. Who makes these choices?",,,Twitter
Dallas15,32.853965,-96.769903,5521 Greenville Ave,75206,Wed Oct 19 03:44:08 +0000 2016,RT @ATT: AT&amp;T #Fiber - The future of the internet is now! Starting with a 1000 Mbps connection. https://t.co/ELBHHMfflF,,,Twitter
Dallas15,32.853965,-96.769903,5521 Greenville Ave,75206,Wed Oct 19 03:43:38 +0000 2016,"@ATTCares Ondemand movie being played. TV is set correct. The problem is distributor/broadcaster choices, not hardware on my end.",,,Twitter
Dallas15,32.853965,-96.769903,5521 Greenville Ave,75206,Wed Oct 19 03:21:54 +0000 2016,@ATTCares the arts district,,,Twitter
Dallas15,32.853965,-96.769903,5521 Greenville Ave,75206,Wed Oct 19 03:10:09 +0000 2016,RT @EJHolland247: 👎🏻👎🏻👎🏻 Team @ATT  https://t.co/sbavZ9EPEX,,,Twitter
Dallas15,32.853965,-96.769903,5521 Greenville Ave,75206,Wed Oct 19 03:09:25 +0000 2016,👎🏻👎🏻👎🏻 Team @ATT  https://t.co/sbavZ9EPEX,,,Twitter
Dallas15,32.853965,-96.769903,5521 Greenville Ave,75206,Wed Oct 19 02:48:25 +0000 2016,"Dear @ATT and @Uverse, please stop center crop. If a movie was shot in 2.35:1 it should be broadcasted that way. I want my money back.",,,Twitter
Dallas15,32.853965,-96.769903,5521 Greenville Ave,75206,Wed Oct 19 02:42:44 +0000 2016,@ATTCares I'm steaming #nextflix but it's all of sudden figured out the probs. We're good for now. Thanks for responding.  :),,,Twitter
Dallas15,32.853965,-96.769903,5521 Greenville Ave,75206,Wed Oct 19 02:36:03 +0000 2016,RT @ATT: Welcome to the team! @taylorswift13 https://t.co/4h86nLYuLo https://t.co/gAHOi7fPrZ,,,Twitter
Dallas15,32.853965,-96.769903,5521 Greenville Ave,75206,Wed Oct 19 02:26:08 +0000 2016,"Gotta love that one bar, @ATTCares. https://t.co/IduQedlep6",,,Twitter
Dallas15,32.853965,-96.769903,5521 Greenville Ave,75206,Wed Oct 19 02:22:04 +0000 2016,@ATTCares the past 3 weeks or so maybe more. This is unacceptable.,,,Twitter
Dallas15,32.853965,-96.769903,5521 Greenville Ave,75206,Wed Oct 19 02:22:02 +0000 2016,@ATTCares doing the same thing. Now it seems like the DVR has stopped working as well. This is beyond annoying. We've had a tech here for,,,Twitter
Dallas15,32.853965,-96.769903,5521 Greenville Ave,75206,Wed Oct 19 02:22:01 +0000 2016,"@ATTCares the service cuts out about 5-10 times per hour. We've had techs come out and move the wap, out in new hardware, rewire, and still",,,Twitter
Dallas15,32.853965,-96.769903,5521 Greenville Ave,75206,Wed Oct 19 02:20:42 +0000 2016,RT @ATT: Heading to Cuba? Take your phone along for the trip + stay connected to those back home. https://t.co/euhz4Z6Zbb https://t.co/AiPS…,,,Twitter
Dallas15,32.853965,-96.769903,5521 Greenville Ave,75206,Wed Oct 19 02:15:28 +0000 2016,RT @ATT: Welcome to the team! @taylorswift13 https://t.co/4h86nLYuLo https://t.co/gAHOi7fPrZ,,,Twitter
Dallas15,32.853965,-96.769903,5521 Greenville Ave,75206,Wed Oct 19 02:07:42 +0000 2016,RT @ATT: Welcome to the team! @taylorswift13 https://t.co/4h86nLYuLo https://t.co/gAHOi7fPrZ,,,Twitter
Dallas15,32.853965,-96.769903,5521 Greenville Ave,75206,Wed Oct 19 02:06:06 +0000 2016,RT @ATT: Welcome to the team! @taylorswift13 https://t.co/4h86nLYuLo https://t.co/gAHOi7fPrZ,,,Twitter
Dallas15,32.853965,-96.769903,5521 Greenville Ave,75206,Wed Oct 19 02:03:39 +0000 2016,RT @ATT: Welcome to the team! @taylorswift13 https://t.co/4h86nLYuLo https://t.co/gAHOi7fPrZ,,,Twitter
Dallas15,32.853965,-96.769903,5521 Greenville Ave,75206,Wed Oct 19 02:01:20 +0000 2016,Dear @Uverse I'm having all sorts of probs right now. Broadband mainly. But #Spectrum has moved into town. Hmm...how should I choose.,,,Twitter
Dallas15,32.853965,-96.769903,5521 Greenville Ave,75206,Wed Oct 19 01:57:36 +0000 2016,"RT @ATT: @trenni We're blushing, Trenni! Thank you. 😊 #ATTLove https://t.co/HG7mV71mOU",,,Twitter
Dallas15,32.853965,-96.769903,5521 Greenville Ave,75206,Wed Oct 19 01:31:51 +0000 2016,RT @ATT: Welcome to the team! @taylorswift13 https://t.co/4h86nLYuLo https://t.co/gAHOi7fPrZ,,,Twitter
Dallas15,32.853965,-96.769903,5521 Greenville Ave,75206,Wed Oct 19 01:21:40 +0000 2016,@Uverse is your wifi down in Dallas?,,,Twitter
Dallas15,32.853965,-96.769903,5521 Greenville Ave,75206,Wed Oct 19 01:21:20 +0000 2016,@ATTCares nothing. Is this going to be our whole second year of the contract? I'm ready to switch.,,,Twitter
Dallas15,32.853965,-96.769903,5521 Greenville Ave,75206,Wed Oct 19 01:21:19 +0000 2016,@ATTCares why does your service suck so much? I see this screen more than the actual TV.  Numerous repair men have… https://t.co/j0ehOZUeUG,,,Twitter
Dallas15,32.853965,-96.769903,5521 Greenville Ave,75206,Wed Oct 19 01:16:50 +0000 2016,RT @ATT: Welcome to the team! @taylorswift13 https://t.co/4h86nLYuLo https://t.co/gAHOi7fPrZ,,,Twitter
Dallas15,32.853965,-96.769903,5521 Greenville Ave,75206,Wed Oct 19 01:15:54 +0000 2016,RT @JordanSpieth: .@NotahBegay3 with the birdie for Team @ATT at the #SpiethShootout https://t.co/ssL2vULkxd,,,Twitter
Dallas15,32.853965,-96.769903,5521 Greenville Ave,75206,Wed Oct 19 01:03:53 +0000 2016,RT @JordanSpieth: Here’s your chance to win my @ATT golf bag on the cover of this month's @GolfDigest: https://t.co/G0S6fDyThW https://t.co…,,,Twitter
Dallas15,32.853965,-96.769903,5521 Greenville Ave,75206,Wed Oct 19 01:00:39 +0000 2016,RT @ATT: Welcome to the team! @taylorswift13 https://t.co/4h86nLYuLo https://t.co/gAHOi7fPrZ,,,Twitter
Dallas15,32.853965,-96.769903,5521 Greenville Ave,75206,Wed Oct 19 00:38:25 +0000 2016,RT @ATT: Welcome to the team! @taylorswift13 https://t.co/4h86nLYuLo https://t.co/gAHOi7fPrZ,,,Twitter
Dallas15,32.853965,-96.769903,5521 Greenville Ave,75206,Wed Oct 19 00:23:31 +0000 2016,How come tmobile has the iphones to deliver and @ATT @ATTCares doesn't?,,,Twitter
Dallas15,32.853965,-96.769903,5521 Greenville Ave,75206,Wed Oct 19 00:21:19 +0000 2016,RT @ATT: Welcome to the team! @taylorswift13 https://t.co/4h86nLYuLo https://t.co/gAHOi7fPrZ,,,Twitter
Dallas15,32.853965,-96.769903,5521 Greenville Ave,75206,Wed Oct 19 00:06:15 +0000 2016,RT @ATT: AT&amp;T #Fiber - The future of the internet is now! Starting with a 1000 Mbps connection. https://t.co/ELBHHMfflF,,,Twitter
Dallas15,32.853965,-96.769903,5521 Greenville Ave,75206,Wed Oct 19 00:05:09 +0000 2016,RT @JordanSpieth: .@NotahBegay3 with the birdie for Team @ATT at the #SpiethShootout https://t.co/ssL2vULkxd,,,Twitter
Dallas15,32.853965,-96.769903,5521 Greenville Ave,75206,Wed Oct 19 00:01:44 +0000 2016,RT @ATT: Welcome to the team! @taylorswift13 https://t.co/4h86nLYuLo https://t.co/gAHOi7fPrZ,,,Twitter
Dallas15,32.853965,-96.769903,5521 Greenville Ave,75206,Tue Oct 18 23:56:26 +0000 2016,RT @ATT: AT&amp;T #Fiber - The future of the internet is now! Starting with a 1000 Mbps connection. https://t.co/gptqILMHmT,,,Twitter
