Store,Latitude,Longitude,Address,Zip,CreatedAt,Text,Senti,Rating,Source
Dallas1,32.776664,-96.796988,"208 S Akard Street, Ste 110",75202,Tue Oct 25 00:55:06 +0000 2016,RT @ATTBusiness: Maximize taste + minimize waste w/ #IoT! See how @ndustrialio preserves the nation’s food supply:  https://t.co/mKztl4Nw9n…,,,Twitter
Dallas1,32.776664,-96.796988,"208 S Akard Street, Ste 110",75202,Tue Oct 25 00:43:35 +0000 2016,How have Texas lawmakers reacted to #ATT's megamerger? Mostly with silence https://t.co/pEhGRqrkYE #DFW #Tech,,,Twitter
Dallas1,32.776664,-96.796988,"208 S Akard Street, Ste 110",75202,Tue Oct 25 00:41:11 +0000 2016,"AT&amp;T, Time Warner CEOs discuss the new deal https://t.co/nkbsxE6erD",,,Twitter
Dallas1,32.776664,-96.796988,"208 S Akard Street, Ste 110",75202,Tue Oct 25 00:36:01 +0000 2016,AT&amp;T begins push to sell customers on Time Warner merger https://t.co/Hy26OVyKjI | @melissa_repko https://t.co/Y4ZIF09HoA,,,Twitter
Dallas1,32.776664,-96.796988,"208 S Akard Street, Ste 110",75202,Tue Oct 25 00:31:22 +0000 2016,"""A Chilly Reaction to AT&amp;T-Time Warner Deal"" by BROOKS BARNES and EMILY STEEL via NYT The New York Times https://t.co/Sh0zVtn8eT",,,Twitter
Dallas1,32.776664,-96.796988,"208 S Akard Street, Ste 110",75202,Tue Oct 25 00:18:48 +0000 2016,RT @ATT: Welcome to the team! @taylorswift13 https://t.co/4h86nLYuLo https://t.co/gAHOi7fPrZ,,,Twitter
Dallas1,32.776664,-96.796988,"208 S Akard Street, Ste 110",75202,Tue Oct 25 00:14:54 +0000 2016,RT @ATT: Welcome to the team! @taylorswift13 https://t.co/4h86nLYuLo https://t.co/gAHOi7fPrZ,,,Twitter
Dallas1,32.776664,-96.796988,"208 S Akard Street, Ste 110",75202,Tue Oct 25 00:02:03 +0000 2016,"AT&amp;T merger, new DART line, Ebola nurse settlement: Your Monday evening roundup  https://t.co/IZMApGloMU https://t.co/vHIcGSydZz",,,Twitter
Dallas1,32.776664,-96.796988,"208 S Akard Street, Ste 110",75202,Mon Oct 24 23:54:44 +0000 2016,@att Randall Stephenson is so full of S*** he stinks! @ErinBurnett controlling the content supply limits the market.,,,Twitter
Dallas1,32.776664,-96.796988,"208 S Akard Street, Ste 110",75202,Mon Oct 24 23:53:30 +0000 2016,RT @TheLovellGroup: @ATT agrees to buy @TWC for more than $80B https://t.co/Pwyyf1vQTn https://t.co/WNMresoQ5Q,,,Twitter
Dallas1,32.776664,-96.796988,"208 S Akard Street, Ste 110",75202,Mon Oct 24 23:51:25 +0000 2016,"Even by Texas standards, @ATT deal is huge. Take a look at how recent deals stack up https://t.co/DgVMKlf2Rv… https://t.co/NxclqVYgKx",,,Twitter
Dallas1,32.776664,-96.796988,"208 S Akard Street, Ste 110",75202,Mon Oct 24 23:50:38 +0000 2016,RT @DMNBiz: AT&amp;T's quarterly results give hints on urgency behind Time Warner deal https://t.co/Cx1AXLE7xF | @Conor_Shine https://t.co/Iffy…,,,Twitter
Dallas1,32.776664,-96.796988,"208 S Akard Street, Ste 110",75202,Mon Oct 24 23:46:07 +0000 2016,"""With AT&amp;T-Time Warner Deal Brewing, a Focus on Preserving CNN’s Integrity"" by MICHAEL M. GRYNBAUM via NYT The New… https://t.co/k85YD4Q06j",,,Twitter
Dallas1,32.776664,-96.796988,"208 S Akard Street, Ste 110",75202,Mon Oct 24 23:45:23 +0000 2016,ATT tryna get it https://t.co/pvA8HinLOQ,,,Twitter
Dallas1,32.776664,-96.796988,"208 S Akard Street, Ste 110",75202,Mon Oct 24 23:43:15 +0000 2016,@ATTCares I never heard back from you.  I did DM you.,,,Twitter
Dallas1,32.776664,-96.796988,"208 S Akard Street, Ste 110",75202,Mon Oct 24 23:38:59 +0000 2016,RT @ATT: Welcome to the team! @taylorswift13 https://t.co/4h86nLYuLo https://t.co/gAHOi7fPrZ,,,Twitter
Dallas1,32.776664,-96.796988,"208 S Akard Street, Ste 110",75202,Mon Oct 24 23:36:10 +0000 2016,"""Why AT&amp;T Isn’t Sweating the Breakup Fee in Its Time Warner Deal"" by LESLIE PICKER via NYT The New York Times https://t.co/P6i91bNwti",,,Twitter
Dallas1,32.776664,-96.796988,"208 S Akard Street, Ste 110",75202,Mon Oct 24 23:36:03 +0000 2016,RT @ATT: Another reason to smile for the camera. The #LGV20 from @LGUSAMobile will be available in stores starting today. https://t.co/TILu…,,,Twitter
Dallas1,32.776664,-96.796988,"208 S Akard Street, Ste 110",75202,Mon Oct 24 23:35:59 +0000 2016,@perssonifierat Tack för att du följer mig Martin! Och en riktigt bra Twitter handle!,,,Twitter
Dallas1,32.776664,-96.796988,"208 S Akard Street, Ste 110",75202,Mon Oct 24 23:35:25 +0000 2016,"Jon Snow will now work for AT&amp;T (The 3:59, Ep. 128)     - CNET: We know nothing. Plus, more on the Samsung Ga... https://t.co/1b9zBo8FW4",,,Twitter
Dallas1,32.776664,-96.796988,"208 S Akard Street, Ste 110",75202,Mon Oct 24 23:35:14 +0000 2016,AT&amp;T's quarterly results give hints on urgency behind Time Warner deal https://t.co/Cx1AXLE7xF | @Conor_Shine https://t.co/IffyiACABV,,,Twitter
Dallas1,32.776664,-96.796988,"208 S Akard Street, Ste 110",75202,Mon Oct 24 23:29:40 +0000 2016,"RT @dallasnews: No, Time Warner Cable isn't part of @ATT merger and here's why https://t.co/D3z9z8xwh8 | @melissa_repko https://t.co/KyBHpz…",,,Twitter
Dallas1,32.776664,-96.796988,"208 S Akard Street, Ste 110",75202,Mon Oct 24 23:28:21 +0000 2016,@ATTCares 75219,,,Twitter
Dallas1,32.776664,-96.796988,"208 S Akard Street, Ste 110",75202,Mon Oct 24 23:19:56 +0000 2016,"@ATTCares James, I can find a link myself",,,Twitter
Dallas1,32.776664,-96.796988,"208 S Akard Street, Ste 110",75202,Mon Oct 24 23:19:54 +0000 2016,RT @ATT: Welcome to the team! @taylorswift13 https://t.co/4h86nLYuLo https://t.co/gAHOi7fPrZ,,,Twitter
Dallas1,32.776664,-96.796988,"208 S Akard Street, Ste 110",75202,Mon Oct 24 23:06:24 +0000 2016,"I gotta give you guys credit, @ATTCares @ATT. Cable and internet going out after 5 days is actually impressive",,,Twitter
Dallas1,32.776664,-96.796988,"208 S Akard Street, Ste 110",75202,Mon Oct 24 23:00:03 +0000 2016,RT @ATTBusiness: Maximize taste + minimize waste w/ #IoT! See how @ndustrialio preserves the nation’s food supply:  https://t.co/mKztl4Nw9n…,,,Twitter
Dallas1,32.776664,-96.796988,"208 S Akard Street, Ste 110",75202,Mon Oct 24 23:00:02 +0000 2016,Maximize taste + minimize waste w/ #IoT! See how @ndustrialio preserves the nation’s food supply:… https://t.co/eWZTPyv6Jp,,,Twitter
Dallas1,32.776664,-96.796988,"208 S Akard Street, Ste 110",75202,Mon Oct 24 22:55:29 +0000 2016,@Ask_Spectrum So Spectrum buys TWC... So now ATT Buys TWC how does that work? Anyways im happy you bought TWC Now maybe my bill will go down,,,Twitter
Dallas1,32.776664,-96.796988,"208 S Akard Street, Ste 110",75202,Mon Oct 24 22:54:59 +0000 2016,RT @ATT: Get a sweet deal on the new iPhone 7 when you switch to AT&amp;T and have DIRECTV. https://t.co/TQVeUkmeZ6 https://t.co/zfZmNpe8AP,,,Twitter
Dallas1,32.776664,-96.796988,"208 S Akard Street, Ste 110",75202,Mon Oct 24 22:54:06 +0000 2016,"RT @dallasnews: Trump gets litigious, AT&amp;T gets bigger, @TomiLahren wins bigly: Your weekend news digest https://t.co/tjOy7OJCri https://t.…",,,Twitter
Dallas1,32.776664,-96.796988,"208 S Akard Street, Ste 110",75202,Mon Oct 24 22:53:32 +0000 2016,@GetSpectrum So Spectrum buys TWC... So now ATT Buys TWC how does that work? Anyways im happy you bought TWC Now maybe my bill will go down,,,Twitter
Dallas1,32.776664,-96.796988,"208 S Akard Street, Ste 110",75202,Mon Oct 24 22:49:40 +0000 2016,"RT @ATT: Watch the @GreenDay @iHeartRadio Album Release Party Tonight, 9pm ET/PT on AUDIENCE. DIRECTV ch 239/U-verse ch 1114. https://t.co/…",,,Twitter
Dallas1,32.776664,-96.796988,"208 S Akard Street, Ste 110",75202,Mon Oct 24 22:44:30 +0000 2016,Massive AT&amp;T-Time Warner Deal Expected To Vastly Reshape Media Landscape https://t.co/y8PPiK2FiR @SMUSportMgt #sportsbiz,,,Twitter
Dallas1,32.776664,-96.796988,"208 S Akard Street, Ste 110",75202,Mon Oct 24 22:40:30 +0000 2016,RT @attJOBS: Our development programs can put you on the right career path. Why? Just ask Brad: https://t.co/bmAjmMvvte #BeTheFuture https:…,,,Twitter
Dallas1,32.776664,-96.796988,"208 S Akard Street, Ste 110",75202,Mon Oct 24 22:40:14 +0000 2016,#ATT begins push to sell customers on Time Warner merger https://t.co/PvOgKogTHM #DFW #Tech,,,Twitter
Dallas1,32.776664,-96.796988,"208 S Akard Street, Ste 110",75202,Mon Oct 24 22:35:28 +0000 2016,".@CNN, .@HBO and more: A look at the brands .@ATT inherits in its Time Warner deal https://t.co/dhOhNjd68C |… https://t.co/MmyzcPt2Ll",,,Twitter
Dallas1,32.776664,-96.796988,"208 S Akard Street, Ste 110",75202,Mon Oct 24 22:33:37 +0000 2016,RT @ATT: @RJSinko19 What a finish!  Who is your favorite MLS Player? #SoccerEverywhere https://t.co/REdso83NwO,,,Twitter
Dallas1,32.776664,-96.796988,"208 S Akard Street, Ste 110",75202,Mon Oct 24 22:30:35 +0000 2016,AT&amp;T has begun its push to sell customers on Time Warner merger -- and win regulatory approval.  https://t.co/SHWgljkPYo,,,Twitter
Dallas1,32.776664,-96.796988,"208 S Akard Street, Ste 110",75202,Mon Oct 24 22:29:57 +0000 2016,@theshoafer What a goal!  Who is your favorite MLS Player? https://t.co/Y4qW7D5Em9,,,Twitter
Dallas1,32.776664,-96.796988,"208 S Akard Street, Ste 110",75202,Mon Oct 24 22:29:40 +0000 2016,@RJSinko19 What a finish!  Who is your favorite MLS Player? #SoccerEverywhere https://t.co/REdso83NwO,,,Twitter
Dallas1,32.776664,-96.796988,"208 S Akard Street, Ste 110",75202,Mon Oct 24 22:27:52 +0000 2016,"RT @dallasnews: Your evening roundup: Ebola nurse settles lawsuit, AT&amp;T optimistic about merger approval, early voting starts https://t.co/…",,,Twitter
Dallas1,32.776664,-96.796988,"208 S Akard Street, Ste 110",75202,Mon Oct 24 22:27:01 +0000 2016,RT @ATT: Welcome to the team! @taylorswift13 https://t.co/4h86nLYuLo https://t.co/gAHOi7fPrZ,,,Twitter
Dallas1,32.776664,-96.796988,"208 S Akard Street, Ste 110",75202,Mon Oct 24 22:26:29 +0000 2016,"RT @dallasnews: Trump gets litigious, AT&amp;T gets bigger, @TomiLahren wins bigly: Your weekend news digest https://t.co/tjOy7OJCri https://t.…",,,Twitter
Dallas1,32.776664,-96.796988,"208 S Akard Street, Ste 110",75202,Mon Oct 24 22:26:29 +0000 2016,RT @melissa_repko: Here's a look at the brands AT&amp;T would inherit with the Time Warner deal: https://t.co/rFNTHkFY7Q,,,Twitter
Dallas1,32.776664,-96.796988,"208 S Akard Street, Ste 110",75202,Mon Oct 24 22:23:50 +0000 2016,"RT @dallasnews: Trump gets litigious, AT&amp;T gets bigger, @TomiLahren wins bigly: Your weekend news digest https://t.co/tjOy7OJCri https://t.…",,,Twitter
Dallas1,32.776664,-96.796988,"208 S Akard Street, Ste 110",75202,Mon Oct 24 22:21:35 +0000 2016,RT @ATT: Welcome to the team! @taylorswift13 https://t.co/4h86nLYuLo https://t.co/gAHOi7fPrZ,,,Twitter
Dallas1,32.776664,-96.796988,"208 S Akard Street, Ste 110",75202,Mon Oct 24 22:20:12 +0000 2016,@BethAnneCarroll What a season! Who is your favorite MLS Player? #SoccerEverywhere,,,Twitter
Dallas1,32.776664,-96.796988,"208 S Akard Street, Ste 110",75202,Mon Oct 24 22:17:16 +0000 2016,@JMar_lewis What a great day of action! What MLS Club do you support? #SoccerEverywhere,,,Twitter
Dallas1,32.776664,-96.796988,"208 S Akard Street, Ste 110",75202,Mon Oct 24 22:17:03 +0000 2016,Here's a look at the brands AT&amp;T would inherit with the Time Warner deal: https://t.co/rFNTHkFY7Q,,,Twitter
Dallas1,32.776664,-96.796988,"208 S Akard Street, Ste 110",75202,Mon Oct 24 22:16:57 +0000 2016,"RT @dallasnews: Your evening roundup: Ebola nurse settles lawsuit, AT&amp;T optimistic about merger approval, early voting starts https://t.co/…",,,Twitter
Dallas1,32.776664,-96.796988,"208 S Akard Street, Ste 110",75202,Mon Oct 24 22:16:39 +0000 2016,@s0c_butterfly Incredible day of action! Who is your favorite MLS player? #SoccerEverywhere,,,Twitter
Dallas1,32.776664,-96.796988,"208 S Akard Street, Ste 110",75202,Mon Oct 24 22:12:04 +0000 2016,"RT @dallasnews: Your evening roundup: Ebola nurse settles lawsuit, AT&amp;T optimistic about merger approval, early voting starts https://t.co/…",,,Twitter
Dallas1,32.776664,-96.796988,"208 S Akard Street, Ste 110",75202,Mon Oct 24 22:10:16 +0000 2016,How IoT maximizes taste and minimizes waste https://t.co/YuDyS3TCJB #attemployee https://t.co/lvQ2hWsa8P,,,Twitter
Dallas1,32.776664,-96.796988,"208 S Akard Street, Ste 110",75202,Mon Oct 24 22:08:25 +0000 2016,"Your evening roundup: Ebola nurse settles lawsuit, AT&amp;T optimistic about merger approval, early voting starts… https://t.co/gmdpFLE1Hm",,,Twitter
Dallas1,32.776664,-96.796988,"208 S Akard Street, Ste 110",75202,Mon Oct 24 22:06:40 +0000 2016,"How the AT&amp;T-Time Warner deal changes the TV, mobile landscapes https://t.co/r8vR9j26fH | @Conor_Shine https://t.co/TnnO9muFlG",,,Twitter
Dallas1,32.776664,-96.796988,"208 S Akard Street, Ste 110",75202,Mon Oct 24 22:00:02 +0000 2016,"Bañado de sol y arena con una canción más dulce que el caramelo, comparte lo mejor de #Cuba desde tu móvil.… https://t.co/7NjXV0keRh",,,Twitter
Dallas1,32.776664,-96.796988,"208 S Akard Street, Ste 110",75202,Mon Oct 24 21:47:13 +0000 2016,How have Texas lawmakers reacted to Dallas-based #ATT's mega-merger? Mostly with silence https://t.co/fpNVOUNo6x #DFW,,,Twitter
Dallas1,32.776664,-96.796988,"208 S Akard Street, Ste 110",75202,Mon Oct 24 21:46:25 +0000 2016,RT @ATT: Another reason to smile for the camera. The #LGV20 from @LGUSAMobile will be available in stores starting today. https://t.co/TILu…,,,Twitter
Dallas1,32.776664,-96.796988,"208 S Akard Street, Ste 110",75202,Mon Oct 24 21:45:18 +0000 2016,"Hey @att this is my life, come and goes, fast, then slow #HelpTheBrotherOut  https://t.co/zNlDTAOEPR #speedtest",,,Twitter
Dallas1,32.776664,-96.796988,"208 S Akard Street, Ste 110",75202,Mon Oct 24 21:43:46 +0000 2016,"RT @dallasnews: No, Time Warner Cable isn't part of @ATT merger and here's why https://t.co/D3z9z8xwh8 | @melissa_repko https://t.co/KyBHpz…",,,Twitter
Dallas1,32.776664,-96.796988,"208 S Akard Street, Ste 110",75202,Mon Oct 24 21:40:06 +0000 2016,RT @attJOBS: Our new #SanFrancisco flagship store is restored and ready for the future with our latest technology. Take a look: https://t.c…,,,Twitter
Dallas1,32.776664,-96.796988,"208 S Akard Street, Ste 110",75202,Mon Oct 24 21:39:36 +0000 2016,"RT @ATT: Mother Nature is unpredictable, so we rely on our Network Disaster Recovery team to connect you when you need it most. https://t.c…",,,Twitter
Dallas1,32.776664,-96.796988,"208 S Akard Street, Ste 110",75202,Mon Oct 24 21:39:34 +0000 2016,RT @attJOBS: Our new #SanFrancisco flagship store is restored and ready for the future with our latest technology. Take a look: https://t.c…,,,Twitter
Dallas1,32.776664,-96.796988,"208 S Akard Street, Ste 110",75202,Mon Oct 24 21:39:15 +0000 2016,@DIRECTV about to make a formal complaint as we were suppose to get a $200.00 voucher card from Direct TV when we signed up.  NEVER GOT IT,,,Twitter
Dallas1,32.776664,-96.796988,"208 S Akard Street, Ste 110",75202,Mon Oct 24 21:34:28 +0000 2016,What to make of an AT&amp;T and Time Warner merger https://t.co/MR1GACrb0r,,,Twitter
Dallas1,32.776664,-96.796988,"208 S Akard Street, Ste 110",75202,Mon Oct 24 21:33:46 +0000 2016,RT @ATT: Another reason to smile for the camera. The #LGV20 from @LGUSAMobile will be available in stores starting today. https://t.co/TILu…,,,Twitter
Dallas1,32.776664,-96.796988,"208 S Akard Street, Ste 110",75202,Mon Oct 24 21:33:32 +0000 2016,Did we get #TrumpClintoned by @Ask_Spectrum and @ATT ?! 😵😵😵😵😵😵😮😮😮😮😮 https://t.co/oDvU1CBLMO,,,Twitter
Dallas1,32.776664,-96.796988,"208 S Akard Street, Ste 110",75202,Mon Oct 24 21:28:50 +0000 2016,"RT @dallasnews: No, Time Warner Cable isn't part of @ATT merger and here's why https://t.co/D3z9z8xwh8 | @melissa_repko https://t.co/KyBHpz…",,,Twitter
Dallas1,32.776664,-96.796988,"208 S Akard Street, Ste 110",75202,Mon Oct 24 21:28:29 +0000 2016,"RT @DMNBiz: Speak now: Why critics want the $108 billion marriage of AT&amp;T, Time Warner to fail https://t.co/KckQ3FG5S7 https://t.co/tMlNG6j…",,,Twitter
Dallas1,32.776664,-96.796988,"208 S Akard Street, Ste 110",75202,Mon Oct 24 21:28:18 +0000 2016,RT @attJOBS: Our new #SanFrancisco flagship store is restored and ready for the future with our latest technology. Take a look: https://t.c…,,,Twitter
Dallas1,32.776664,-96.796988,"208 S Akard Street, Ste 110",75202,Mon Oct 24 21:26:38 +0000 2016,"RT @dallasnews: No, Time Warner Cable isn't part of @ATT merger and here's why https://t.co/D3z9z8xwh8 | @melissa_repko https://t.co/KyBHpz…",,,Twitter
Dallas1,32.776664,-96.796988,"208 S Akard Street, Ste 110",75202,Mon Oct 24 21:23:56 +0000 2016,"Speak now: Why critics want the $108 billion marriage of AT&amp;T, Time Warner to fail https://t.co/KckQ3FG5S7 https://t.co/tMlNG6jU7k",,,Twitter
Dallas1,32.776664,-96.796988,"208 S Akard Street, Ste 110",75202,Mon Oct 24 21:22:05 +0000 2016,"No, Time Warner Cable isn't part of AT&amp;amp;T merger and here's why https://t.co/LQYJHEtnWj via @dallasnews",,,Twitter
Dallas1,32.776664,-96.796988,"208 S Akard Street, Ste 110",75202,Mon Oct 24 21:20:36 +0000 2016,RT @ATT: Another reason to smile for the camera. The #LGV20 from @LGUSAMobile will be available in stores starting today. https://t.co/TILu…,,,Twitter
Dallas1,32.776664,-96.796988,"208 S Akard Street, Ste 110",75202,Mon Oct 24 21:20:01 +0000 2016,Our new #SanFrancisco flagship store is restored and ready for the future with our latest technology. Take a look:… https://t.co/UHa06M6DNQ,,,Twitter
Dallas1,32.776664,-96.796988,"208 S Akard Street, Ste 110",75202,Mon Oct 24 21:19:38 +0000 2016,"RT @dallasnews: No, Time Warner Cable isn't part of @ATT merger and here's why https://t.co/D3z9z8xwh8 | @melissa_repko https://t.co/KyBHpz…",,,Twitter
Dallas1,32.776664,-96.796988,"208 S Akard Street, Ste 110",75202,Mon Oct 24 21:18:22 +0000 2016,"RT @dallasnews: No, Time Warner Cable isn't part of @ATT merger and here's why https://t.co/D3z9z8xwh8 | @melissa_repko https://t.co/KyBHpz…",,,Twitter
Dallas1,32.776664,-96.796988,"208 S Akard Street, Ste 110",75202,Mon Oct 24 21:18:22 +0000 2016,"RT @dallasnews: No, Time Warner Cable isn't part of @ATT merger and here's why https://t.co/D3z9z8xwh8 | @melissa_repko https://t.co/KyBHpz…",,,Twitter
Dallas1,32.776664,-96.796988,"208 S Akard Street, Ste 110",75202,Mon Oct 24 21:17:05 +0000 2016,"No, Time Warner Cable isn't part of @ATT merger and here's why https://t.co/D3z9z8xwh8 | @melissa_repko https://t.co/KyBHpzkP7e",,,Twitter
Dallas1,32.776664,-96.796988,"208 S Akard Street, Ste 110",75202,Mon Oct 24 21:12:31 +0000 2016,RT @ATT: Welcome to the team! @taylorswift13 https://t.co/4h86nLYuLo https://t.co/gAHOi7fPrZ,,,Twitter
Dallas1,32.776664,-96.796988,"208 S Akard Street, Ste 110",75202,Mon Oct 24 21:08:43 +0000 2016,RT @ATT: Welcome to the team! @taylorswift13 https://t.co/4h86nLYuLo https://t.co/gAHOi7fPrZ,,,Twitter
Dallas1,32.776664,-96.796988,"208 S Akard Street, Ste 110",75202,Mon Oct 24 20:54:33 +0000 2016,"I called @DIRECTV to make account changes and it sounds like a party in the background. People cheering and screaming, heh",,,Twitter
Dallas1,32.776664,-96.796988,"208 S Akard Street, Ste 110",75202,Mon Oct 24 20:53:00 +0000 2016,RT @ATTBusiness: SDN + #AI is like peanut butter + jelly. Find out why it's a perfect combination: https://t.co/OrfatAuWXA https://t.co/51x…,,,Twitter
Dallas1,32.776664,-96.796988,"208 S Akard Street, Ste 110",75202,Mon Oct 24 20:49:50 +0000 2016,RT @ATT: The #futureofvideo is mobile and the #futureofmobile is video. Time Warner + AT&amp;T make it happen! @twxcorp https://t.co/GKx4U9TQYg,,,Twitter
Dallas1,32.776664,-96.796988,"208 S Akard Street, Ste 110",75202,Mon Oct 24 20:48:38 +0000 2016,The millennial angle to the AT&amp;T-Time Warner deal: Media companies are under pressure to stay rel... https://t.co/MDxHvmjtPt by @Digiday,,,Twitter
Dallas1,32.776664,-96.796988,"208 S Akard Street, Ste 110",75202,Mon Oct 24 20:48:12 +0000 2016,RT @ATT: Welcome to the team! @taylorswift13 https://t.co/4h86nLYuLo https://t.co/gAHOi7fPrZ,,,Twitter
Dallas1,32.776664,-96.796988,"208 S Akard Street, Ste 110",75202,Mon Oct 24 20:45:49 +0000 2016,@ATT and @TWC can not merge.TWC is much more suprerior and affordable. I am moving to get out of an ATT area in DEC… https://t.co/bLfvYOtSPJ,,,Twitter
Dallas1,32.776664,-96.796988,"208 S Akard Street, Ste 110",75202,Mon Oct 24 20:41:47 +0000 2016,I was looking forward to moving from where I live because @timewarner does not serve this area and I hate @ATT. Now they want to merge?,,,Twitter
Dallas1,32.776664,-96.796988,"208 S Akard Street, Ste 110",75202,Mon Oct 24 20:41:33 +0000 2016,RT @ATT: Another reason to smile for the camera. The #LGV20 from @LGUSAMobile will be available in stores starting today. https://t.co/TILu…,,,Twitter
Dallas1,32.776664,-96.796988,"208 S Akard Street, Ste 110",75202,Mon Oct 24 20:36:14 +0000 2016,RT @ATT: Another reason to smile for the camera. The #LGV20 from @LGUSAMobile will be available in stores starting today. https://t.co/TILu…,,,Twitter
Dallas1,32.776664,-96.796988,"208 S Akard Street, Ste 110",75202,Mon Oct 24 20:36:11 +0000 2016,Treasure trove: Here's the brand powerhouse #ATT inherits in Time Warner deal https://t.co/9dZOA1bVTJ #DFW #Tech,,,Twitter
Dallas1,32.776664,-96.796988,"208 S Akard Street, Ste 110",75202,Mon Oct 24 20:32:45 +0000 2016,RT @ATT: The #futureofvideo is mobile and the #futureofmobile is video. Time Warner + AT&amp;T make it happen! @twxcorp https://t.co/GKx4U9TQYg,,,Twitter
Dallas1,32.776664,-96.796988,"208 S Akard Street, Ste 110",75202,Mon Oct 24 20:30:12 +0000 2016,Bernie Sanders: Obama Administration “Should Kill” The AT&amp;T-Time Warner Deal: “Higher Prices &amp; Fewer Choices” - https://t.co/NOdp3TtNic,,,Twitter
Dallas1,32.776664,-96.796988,"208 S Akard Street, Ste 110",75202,Mon Oct 24 20:29:03 +0000 2016,RT @ATT: Welcome to the team! @taylorswift13 https://t.co/4h86nLYuLo https://t.co/gAHOi7fPrZ,,,Twitter
Dallas1,32.776664,-96.796988,"208 S Akard Street, Ste 110",75202,Mon Oct 24 20:28:25 +0000 2016,RT @theresambates: Quiz: How much do you really know about dogs? #PuppyLove https://t.co/aOJYoykatq #attemployee https://t.co/TLMTpKFLtd,,,Twitter
Dallas1,32.776664,-96.796988,"208 S Akard Street, Ste 110",75202,Mon Oct 24 20:23:54 +0000 2016,"RT @ATT: Mother Nature is unpredictable, so we rely on our Network Disaster Recovery team to connect you when you need it most. https://t.c…",,,Twitter
Dallas1,32.776664,-96.796988,"208 S Akard Street, Ste 110",75202,Mon Oct 24 20:20:47 +0000 2016,RT @ATT: Another reason to smile for the camera. The #LGV20 from @LGUSAMobile will be available in stores starting today. https://t.co/TILu…,,,Twitter
Dallas1,32.776664,-96.796988,"208 S Akard Street, Ste 110",75202,Mon Oct 24 20:17:23 +0000 2016,"RT @DMNBiz: No, Time Warner Cable isn't part of @ATT merger and here's why https://t.co/TZXzNjG2cF | @melissa_repko https://t.co/uLEyqcImUB",,,Twitter
Store,Latitude,Longitude,Address,Zip,CreatedAt,Text,Senti,Rating,Source
Dallas1,32.776664,-96.796988,"208 S Akard Street, Ste 110",75202,Sun Oct 23 00:37:12 +0000 2016,RT @ATT: The #futureofvideo is mobile and the #futureofmobile is video. Time Warner + AT&amp;T make it happen! @twxcorp https://t.co/GKx4U9TQYg,,,Twitter
Dallas1,32.776664,-96.796988,"208 S Akard Street, Ste 110",75202,Sun Oct 23 00:36:52 +0000 2016,RT @ATT: The #futureofvideo is mobile and the #futureofmobile is video. Time Warner + AT&amp;T make it happen! @twxcorp https://t.co/GKx4U9TQYg,,,Twitter
Dallas1,32.776664,-96.796988,"208 S Akard Street, Ste 110",75202,Sun Oct 23 00:36:27 +0000 2016,RT @ATT: The #futureofvideo is mobile and the #futureofmobile is video. Time Warner + AT&amp;T make it happen! @twxcorp https://t.co/GKx4U9TQYg,,,Twitter
Dallas1,32.776664,-96.796988,"208 S Akard Street, Ste 110",75202,Sun Oct 23 00:35:25 +0000 2016,RT @ATT: The #futureofvideo is mobile and the #futureofmobile is video. Time Warner + AT&amp;T make it happen! @twxcorp https://t.co/GKx4U9TQYg,,,Twitter
Dallas1,32.776664,-96.796988,"208 S Akard Street, Ste 110",75202,Sun Oct 23 00:34:54 +0000 2016,RT @ATT: Welcome to the team! @taylorswift13 https://t.co/4h86nLYuLo https://t.co/gAHOi7fPrZ,,,Twitter
Dallas1,32.776664,-96.796988,"208 S Akard Street, Ste 110",75202,Sun Oct 23 00:33:58 +0000 2016,RT @ATT: The #futureofvideo is mobile and the #futureofmobile is video. Time Warner + AT&amp;T make it happen! @twxcorp https://t.co/GKx4U9TQYg,,,Twitter
Dallas1,32.776664,-96.796988,"208 S Akard Street, Ste 110",75202,Sun Oct 23 00:31:48 +0000 2016,RT @ATT: The #futureofvideo is mobile and the #futureofmobile is video. Time Warner + AT&amp;T make it happen! @twxcorp https://t.co/GKx4U9TQYg,,,Twitter
Dallas1,32.776664,-96.796988,"208 S Akard Street, Ste 110",75202,Sun Oct 23 00:31:09 +0000 2016,RT @ATT: The #futureofvideo is mobile and the #futureofmobile is video. Time Warner + AT&amp;T make it happen! @twxcorp https://t.co/GKx4U9TQYg,,,Twitter
Dallas1,32.776664,-96.796988,"208 S Akard Street, Ste 110",75202,Sun Oct 23 00:30:29 +0000 2016,RT @ATT: Welcome to the team! @taylorswift13 https://t.co/4h86nLYuLo https://t.co/gAHOi7fPrZ,,,Twitter
Dallas1,32.776664,-96.796988,"208 S Akard Street, Ste 110",75202,Sun Oct 23 00:28:40 +0000 2016,RT @ATT: The #futureofvideo is mobile and the #futureofmobile is video. Time Warner + AT&amp;T make it happen! @twxcorp https://t.co/GKx4U9TQYg,,,Twitter
Dallas1,32.776664,-96.796988,"208 S Akard Street, Ste 110",75202,Sun Oct 23 00:28:34 +0000 2016,RT @ATT: Get a sweet deal on the new iPhone 7 when you switch to AT&amp;T and have DIRECTV. https://t.co/TQVeUkmeZ6 https://t.co/zfZmNpe8AP,,,Twitter
Dallas1,32.776664,-96.796988,"208 S Akard Street, Ste 110",75202,Sun Oct 23 00:27:17 +0000 2016,RT @ATT: The #futureofvideo is mobile and the #futureofmobile is video. Time Warner + AT&amp;T make it happen! @twxcorp https://t.co/GKx4U9TQYg,,,Twitter
Dallas1,32.776664,-96.796988,"208 S Akard Street, Ste 110",75202,Sun Oct 23 00:26:33 +0000 2016,RT @KRLD: #BREAKING: Dallas-based @ATT buys HBO and CNN owner Time Warner for $85.4 billion. https://t.co/S5BXdXVGVB,,,Twitter
Dallas1,32.776664,-96.796988,"208 S Akard Street, Ste 110",75202,Sun Oct 23 00:25:28 +0000 2016,RT @ATT: The #futureofvideo is mobile and the #futureofmobile is video. Time Warner + AT&amp;T make it happen! @twxcorp https://t.co/GKx4U9TQYg,,,Twitter
Dallas1,32.776664,-96.796988,"208 S Akard Street, Ste 110",75202,Sun Oct 23 00:24:28 +0000 2016,RT @ATT: The #futureofvideo is mobile and the #futureofmobile is video. Time Warner + AT&amp;T make it happen! @twxcorp https://t.co/GKx4U9TQYg,,,Twitter
Dallas1,32.776664,-96.796988,"208 S Akard Street, Ste 110",75202,Sun Oct 23 00:24:25 +0000 2016,RT @ATT: The #futureofvideo is mobile and the #futureofmobile is video. Time Warner + AT&amp;T make it happen! @twxcorp https://t.co/GKx4U9TQYg,,,Twitter
Dallas1,32.776664,-96.796988,"208 S Akard Street, Ste 110",75202,Sun Oct 23 00:24:14 +0000 2016,RT @ATT: The #futureofvideo is mobile and the #futureofmobile is video. Time Warner + AT&amp;T make it happen! @twxcorp https://t.co/GKx4U9TQYg,,,Twitter
Dallas1,32.776664,-96.796988,"208 S Akard Street, Ste 110",75202,Sun Oct 23 00:23:41 +0000 2016,RT @ATT: The #futureofvideo is mobile and the #futureofmobile is video. Time Warner + AT&amp;T make it happen! @twxcorp https://t.co/GKx4U9TQYg,,,Twitter
Dallas1,32.776664,-96.796988,"208 S Akard Street, Ste 110",75202,Sun Oct 23 00:23:30 +0000 2016,#BREAKING: Dallas-based @ATT buys HBO and CNN owner Time Warner for $85.4 billion. https://t.co/S5BXdXVGVB,,,Twitter
Dallas1,32.776664,-96.796988,"208 S Akard Street, Ste 110",75202,Sun Oct 23 00:23:22 +0000 2016,RT @ATT: Welcome to the team! @taylorswift13 https://t.co/4h86nLYuLo https://t.co/gAHOi7fPrZ,,,Twitter
Dallas1,32.776664,-96.796988,"208 S Akard Street, Ste 110",75202,Sun Oct 23 00:23:21 +0000 2016,RT @ATT: The #futureofvideo is mobile and the #futureofmobile is video. Time Warner + AT&amp;T make it happen! @twxcorp https://t.co/GKx4U9TQYg,,,Twitter
Dallas1,32.776664,-96.796988,"208 S Akard Street, Ste 110",75202,Sun Oct 23 00:23:15 +0000 2016,RT @ATT: The #futureofvideo is mobile and the #futureofmobile is video. Time Warner + AT&amp;T make it happen! @twxcorp https://t.co/GKx4U9TQYg,,,Twitter
Dallas1,32.776664,-96.796988,"208 S Akard Street, Ste 110",75202,Sun Oct 23 00:22:36 +0000 2016,When Yahoo is worth maybe $3b and a company which can't even show up to your house on the right day is worth $85b g… https://t.co/obFMAf9fV5,,,Twitter
Dallas1,32.776664,-96.796988,"208 S Akard Street, Ste 110",75202,Sun Oct 23 00:22:02 +0000 2016,RT @ATT: The #futureofvideo is mobile and the #futureofmobile is video. Time Warner + AT&amp;T make it happen! @twxcorp https://t.co/GKx4U9TQYg,,,Twitter
Dallas1,32.776664,-96.796988,"208 S Akard Street, Ste 110",75202,Sun Oct 23 00:21:56 +0000 2016,RT @ATT: The #futureofvideo is mobile and the #futureofmobile is video. Time Warner + AT&amp;T make it happen! @twxcorp https://t.co/GKx4U9TQYg,,,Twitter
Dallas1,32.776664,-96.796988,"208 S Akard Street, Ste 110",75202,Sun Oct 23 00:20:38 +0000 2016,RT @ATT: The #futureofvideo is mobile and the #futureofmobile is video. Time Warner + AT&amp;T make it happen! @twxcorp https://t.co/GKx4U9TQYg,,,Twitter
Dallas1,32.776664,-96.796988,"208 S Akard Street, Ste 110",75202,Sun Oct 23 00:20:32 +0000 2016,RT @ATT: The #futureofvideo is mobile and the #futureofmobile is video. Time Warner + AT&amp;T make it happen! @twxcorp https://t.co/GKx4U9TQYg,,,Twitter
Dallas1,32.776664,-96.796988,"208 S Akard Street, Ste 110",75202,Sun Oct 23 00:20:06 +0000 2016,RT @ATT: The #futureofvideo is mobile and the #futureofmobile is video. Time Warner + AT&amp;T make it happen! @twxcorp https://t.co/GKx4U9TQYg,,,Twitter
Dallas1,32.776664,-96.796988,"208 S Akard Street, Ste 110",75202,Sun Oct 23 00:19:38 +0000 2016,RT @ATT: The #futureofvideo is mobile and the #futureofmobile is video. Time Warner + AT&amp;T make it happen! @twxcorp https://t.co/GKx4U9TQYg,,,Twitter
Dallas1,32.776664,-96.796988,"208 S Akard Street, Ste 110",75202,Sun Oct 23 00:19:38 +0000 2016,RT @ATT: The #futureofvideo is mobile and the #futureofmobile is video. Time Warner + AT&amp;T make it happen! @twxcorp https://t.co/GKx4U9TQYg,,,Twitter
Dallas1,32.776664,-96.796988,"208 S Akard Street, Ste 110",75202,Sun Oct 23 00:19:30 +0000 2016,RT @ATT: The #futureofvideo is mobile and the #futureofmobile is video. Time Warner + AT&amp;T make it happen! @twxcorp https://t.co/GKx4U9TQYg,,,Twitter
Dallas1,32.776664,-96.796988,"208 S Akard Street, Ste 110",75202,Sun Oct 23 00:19:21 +0000 2016,RT @ATT: The #futureofvideo is mobile and the #futureofmobile is video. Time Warner + AT&amp;T make it happen! @twxcorp https://t.co/GKx4U9TQYg,,,Twitter
Dallas1,32.776664,-96.796988,"208 S Akard Street, Ste 110",75202,Sun Oct 23 00:19:21 +0000 2016,RT @ATT: The #futureofvideo is mobile and the #futureofmobile is video. Time Warner + AT&amp;T make it happen! @twxcorp https://t.co/GKx4U9TQYg,,,Twitter
Dallas1,32.776664,-96.796988,"208 S Akard Street, Ste 110",75202,Sun Oct 23 00:18:48 +0000 2016,RT @ATT: Welcome to the team! @taylorswift13 https://t.co/4h86nLYuLo https://t.co/gAHOi7fPrZ,,,Twitter
Dallas1,32.776664,-96.796988,"208 S Akard Street, Ste 110",75202,Sun Oct 23 00:18:00 +0000 2016,RT @ATT: The #futureofvideo is mobile and the #futureofmobile is video. Time Warner + AT&amp;T make it happen! @twxcorp https://t.co/GKx4U9TQYg,,,Twitter
Dallas1,32.776664,-96.796988,"208 S Akard Street, Ste 110",75202,Sun Oct 23 00:18:00 +0000 2016,RT @ATT: The #futureofvideo is mobile and the #futureofmobile is video. Time Warner + AT&amp;T make it happen! @twxcorp https://t.co/GKx4U9TQYg,,,Twitter
Dallas1,32.776664,-96.796988,"208 S Akard Street, Ste 110",75202,Sun Oct 23 00:17:35 +0000 2016,RT @ATT: The #futureofvideo is mobile and the #futureofmobile is video. Time Warner + AT&amp;T make it happen! @twxcorp https://t.co/GKx4U9TQYg,,,Twitter
Dallas1,32.776664,-96.796988,"208 S Akard Street, Ste 110",75202,Sun Oct 23 00:17:25 +0000 2016,RT @ATT: The #futureofvideo is mobile and the #futureofmobile is video. Time Warner + AT&amp;T make it happen! @twxcorp https://t.co/GKx4U9TQYg,,,Twitter
Dallas1,32.776664,-96.796988,"208 S Akard Street, Ste 110",75202,Sun Oct 23 00:16:59 +0000 2016,RT @ATT: The #futureofvideo is mobile and the #futureofmobile is video. Time Warner + AT&amp;T make it happen! @twxcorp https://t.co/GKx4U9TQYg,,,Twitter
Dallas1,32.776664,-96.796988,"208 S Akard Street, Ste 110",75202,Sun Oct 23 00:16:31 +0000 2016,RT @ATT: The #futureofvideo is mobile and the #futureofmobile is video. Time Warner + AT&amp;T make it happen! @twxcorp https://t.co/GKx4U9TQYg,,,Twitter
Dallas1,32.776664,-96.796988,"208 S Akard Street, Ste 110",75202,Sun Oct 23 00:16:04 +0000 2016,RT @ATT: The #futureofvideo is mobile and the #futureofmobile is video. Time Warner + AT&amp;T make it happen! @twxcorp https://t.co/GKx4U9TQYg,,,Twitter
Dallas1,32.776664,-96.796988,"208 S Akard Street, Ste 110",75202,Sun Oct 23 00:15:51 +0000 2016,RT @ATT: The #futureofvideo is mobile and the #futureofmobile is video. Time Warner + AT&amp;T make it happen! @twxcorp https://t.co/GKx4U9TQYg,,,Twitter
Dallas1,32.776664,-96.796988,"208 S Akard Street, Ste 110",75202,Sun Oct 23 00:15:43 +0000 2016,RT @ATT: The #futureofvideo is mobile and the #futureofmobile is video. Time Warner + AT&amp;T make it happen! @twxcorp https://t.co/GKx4U9TQYg,,,Twitter
Dallas1,32.776664,-96.796988,"208 S Akard Street, Ste 110",75202,Sun Oct 23 00:15:41 +0000 2016,RT @ATT: The #futureofvideo is mobile and the #futureofmobile is video. Time Warner + AT&amp;T make it happen! @twxcorp https://t.co/GKx4U9TQYg,,,Twitter
Dallas1,32.776664,-96.796988,"208 S Akard Street, Ste 110",75202,Sun Oct 23 00:15:34 +0000 2016,RT @ATT: The #futureofvideo is mobile and the #futureofmobile is video. Time Warner + AT&amp;T make it happen! @twxcorp https://t.co/GKx4U9TQYg,,,Twitter
Dallas1,32.776664,-96.796988,"208 S Akard Street, Ste 110",75202,Sun Oct 23 00:15:18 +0000 2016,RT @ATT: The #futureofvideo is mobile and the #futureofmobile is video. Time Warner + AT&amp;T make it happen! @twxcorp https://t.co/GKx4U9TQYg,,,Twitter
Dallas1,32.776664,-96.796988,"208 S Akard Street, Ste 110",75202,Sun Oct 23 00:15:18 +0000 2016,RT @ATT: The #futureofvideo is mobile and the #futureofmobile is video. Time Warner + AT&amp;T make it happen! @twxcorp https://t.co/GKx4U9TQYg,,,Twitter
Dallas1,32.776664,-96.796988,"208 S Akard Street, Ste 110",75202,Sun Oct 23 00:15:09 +0000 2016,RT @ATT: The #futureofvideo is mobile and the #futureofmobile is video. Time Warner + AT&amp;T make it happen! @twxcorp https://t.co/GKx4U9TQYg,,,Twitter
Dallas1,32.776664,-96.796988,"208 S Akard Street, Ste 110",75202,Sun Oct 23 00:15:04 +0000 2016,RT @ATT: The #futureofvideo is mobile and the #futureofmobile is video. Time Warner + AT&amp;T make it happen! @twxcorp https://t.co/GKx4U9TQYg,,,Twitter
Dallas1,32.776664,-96.796988,"208 S Akard Street, Ste 110",75202,Sun Oct 23 00:06:38 +0000 2016,"RT @DMNBiz: New media agency @Hearts_Science lands @ATT, opens shop in Dallas and plans to employ 100 people https://t.co/DFRmKVwrSP @mitch…",,,Twitter
Dallas1,32.776664,-96.796988,"208 S Akard Street, Ste 110",75202,Sun Oct 23 00:05:47 +0000 2016,"New media agency @Hearts_Science lands @ATT, opens shop in Dallas and plans to employ 100 people… https://t.co/YLnZeoEjzL",,,Twitter
Dallas1,32.776664,-96.796988,"208 S Akard Street, Ste 110",75202,Sun Oct 23 00:05:46 +0000 2016,RT @ATT: Are you ready for the revolution? Watch the @GreenDay @iHeartRadio Album Release Party now. #iHeartGreenDay https://t.co/ec2gZXKu7U,,,Twitter
Dallas1,32.776664,-96.796988,"208 S Akard Street, Ste 110",75202,Sun Oct 23 00:01:04 +0000 2016,RT @ATT: Welcome to the team! @taylorswift13 https://t.co/4h86nLYuLo https://t.co/gAHOi7fPrZ,,,Twitter
Dallas1,32.776664,-96.796988,"208 S Akard Street, Ste 110",75202,Sat Oct 22 23:55:51 +0000 2016,RT @ATT: Welcome to the team! @taylorswift13 https://t.co/4h86nLYuLo https://t.co/gAHOi7fPrZ,,,Twitter
Dallas1,32.776664,-96.796988,"208 S Akard Street, Ste 110",75202,Sat Oct 22 23:50:50 +0000 2016,RT @ATT: Who made you a college 🏈 fan? Share with #MadeMeAFanContest for a chance to win. Rules https://t.co/hU3I3wFn5V https://t.co/xZbxUJ…,,,Twitter
Dallas1,32.776664,-96.796988,"208 S Akard Street, Ste 110",75202,Sat Oct 22 23:48:59 +0000 2016,"If @ATT acquires @cnn, I am likely cancelling all of my personal and business accounts. #atttimewarner",,,Twitter
Dallas1,32.776664,-96.796988,"208 S Akard Street, Ste 110",75202,Sat Oct 22 23:35:01 +0000 2016,@ATT WHY DO I HAVE NO SERVICE IN MY APARTMENT!!! https://t.co/dPyPTDRcGr,,,Twitter
Dallas1,32.776664,-96.796988,"208 S Akard Street, Ste 110",75202,Sat Oct 22 23:31:28 +0000 2016,"RT @ATT: Watch the @GreenDay @iHeartRadio Album Release Party Tonight, 9pm ET/PT on AUDIENCE. DIRECTV ch 239/U-verse ch 1114. https://t.co/…",,,Twitter
Dallas1,32.776664,-96.796988,"208 S Akard Street, Ste 110",75202,Sat Oct 22 23:19:58 +0000 2016,RT @ATT: Welcome to the team! @taylorswift13 https://t.co/4h86nLYuLo https://t.co/gAHOi7fPrZ,,,Twitter
Dallas1,32.776664,-96.796988,"208 S Akard Street, Ste 110",75202,Sat Oct 22 23:15:38 +0000 2016,The fact that @ATT maybe merging with @TWC makes me infuriated. AT&amp;T is a garbage company constantly crashing &amp; slow. #atttimewarner,,,Twitter
Dallas1,32.776664,-96.796988,"208 S Akard Street, Ste 110",75202,Sat Oct 22 23:14:24 +0000 2016,RT @ATT: Welcome to the team! @taylorswift13 https://t.co/4h86nLYuLo https://t.co/gAHOi7fPrZ,,,Twitter
Dallas1,32.776664,-96.796988,"208 S Akard Street, Ste 110",75202,Sat Oct 22 23:07:35 +0000 2016,"RT @dmoer: @JasonWhitely @ATT @nytimes People, Time Warner isn't the Cable company. It's the media company (e.g. CNN, HBO, etc)",,,Twitter
Dallas1,32.776664,-96.796988,"208 S Akard Street, Ste 110",75202,Sat Oct 22 23:06:17 +0000 2016,"@JasonWhitely @ATT @nytimes People, Time Warner isn't the Cable company. It's the media company (e.g. CNN, HBO, etc)",,,Twitter
Dallas1,32.776664,-96.796988,"208 S Akard Street, Ste 110",75202,Sat Oct 22 23:05:58 +0000 2016,"ICYMI: Dallas-based @ATT, TimeWarner (@twxcorp) discussed a takeover in recent weeks https://t.co/oHHLVaAY0m  $twx… https://t.co/1oj8FUdp2S",,,Twitter
Dallas1,32.776664,-96.796988,"208 S Akard Street, Ste 110",75202,Sat Oct 22 23:01:36 +0000 2016,"RT @ATT: Watch the @GreenDay @iHeartRadio Album Release Party Tonight, 9pm ET/PT on AUDIENCE. DIRECTV ch 239/U-verse ch 1114. https://t.co/…",,,Twitter
Dallas1,32.776664,-96.796988,"208 S Akard Street, Ste 110",75202,Sat Oct 22 22:27:00 +0000 2016,"RT @ATT: Watch the @GreenDay @iHeartRadio Album Release Party Tonight, 9pm ET/PT on AUDIENCE. DIRECTV ch 239/U-verse ch 1114. https://t.co/…",,,Twitter
Dallas1,32.776664,-96.796988,"208 S Akard Street, Ste 110",75202,Sat Oct 22 22:19:09 +0000 2016,RT @ATT: Welcome to the team! @taylorswift13 https://t.co/4h86nLYuLo https://t.co/gAHOi7fPrZ,,,Twitter
Dallas1,32.776664,-96.796988,"208 S Akard Street, Ste 110",75202,Sat Oct 22 22:15:53 +0000 2016,RT @ATT: Get a sweet deal on the new iPhone 7 when you switch to AT&amp;T and have DIRECTV. https://t.co/TQVeUkmeZ6 https://t.co/zfZmNpe8AP,,,Twitter
Dallas1,32.776664,-96.796988,"208 S Akard Street, Ste 110",75202,Sat Oct 22 22:15:15 +0000 2016,@launchany @fields @ATT how likely is this to be approved,,,Twitter
Dallas1,32.776664,-96.796988,"208 S Akard Street, Ste 110",75202,Sat Oct 22 21:56:18 +0000 2016,RT @HomaBashNBC5: Lots of questions arise as @WSJ reports that @ATT has agreed to buy Time Warner for upwards of $80 BILLION. Service costs…,,,Twitter
Dallas1,32.776664,-96.796988,"208 S Akard Street, Ste 110",75202,Sat Oct 22 21:42:35 +0000 2016,"RT @ATT: Watch the @GreenDay @iHeartRadio Album Release Party Tonight, 9pm ET/PT on AUDIENCE. DIRECTV ch 239/U-verse ch 1114. https://t.co/…",,,Twitter
Dallas1,32.776664,-96.796988,"208 S Akard Street, Ste 110",75202,Sat Oct 22 21:41:00 +0000 2016,"Our colleagues in Europe, the Middle East &amp; Asia are spreading the @ATT Aspire mission around the globe:… https://t.co/4XzfCsG2t7",,,Twitter
Dallas1,32.776664,-96.796988,"208 S Akard Street, Ste 110",75202,Sat Oct 22 21:36:44 +0000 2016,"RT @ATT: Watch the @GreenDay @iHeartRadio Album Release Party Tonight, 9pm ET/PT on AUDIENCE. DIRECTV ch 239/U-verse ch 1114. https://t.co/…",,,Twitter
Dallas1,32.776664,-96.796988,"208 S Akard Street, Ste 110",75202,Sat Oct 22 21:30:02 +0000 2016,RT @ATT: Welcome to the team! @taylorswift13 https://t.co/4h86nLYuLo https://t.co/gAHOi7fPrZ,,,Twitter
Dallas1,32.776664,-96.796988,"208 S Akard Street, Ste 110",75202,Sat Oct 22 21:26:16 +0000 2016,"RT @ATT: Watch the @GreenDay @iHeartRadio Album Release Party Tonight, 9pm ET/PT on AUDIENCE. DIRECTV ch 239/U-verse ch 1114. https://t.co/…",,,Twitter
Dallas1,32.776664,-96.796988,"208 S Akard Street, Ste 110",75202,Sat Oct 22 20:57:01 +0000 2016,RT @BriMalandro: this is gross bc @ATT is actually trash in each and every way possible https://t.co/kD2jnR7zXZ,,,Twitter
Dallas1,32.776664,-96.796988,"208 S Akard Street, Ste 110",75202,Sat Oct 22 20:47:22 +0000 2016,RT @HomaBashNBC5: Lots of questions arise as @WSJ reports that @ATT has agreed to buy Time Warner for upwards of $80 BILLION. Service costs…,,,Twitter
Dallas1,32.776664,-96.796988,"208 S Akard Street, Ste 110",75202,Sat Oct 22 20:45:34 +0000 2016,"RT @ATT: Watch the @GreenDay @iHeartRadio Album Release Party Tonight, 9pm ET/PT on AUDIENCE. DIRECTV ch 239/U-verse ch 1114. https://t.co/…",,,Twitter
Dallas1,32.776664,-96.796988,"208 S Akard Street, Ste 110",75202,Sat Oct 22 20:39:11 +0000 2016,"RT @ATT: Watch the @GreenDay @iHeartRadio Album Release Party Tonight, 9pm ET/PT on AUDIENCE. DIRECTV ch 239/U-verse ch 1114. https://t.co/…",,,Twitter
Dallas1,32.776664,-96.796988,"208 S Akard Street, Ste 110",75202,Sat Oct 22 20:36:40 +0000 2016,RT @ATT: Welcome to the team! @taylorswift13 https://t.co/4h86nLYuLo https://t.co/gAHOi7fPrZ,,,Twitter
Dallas1,32.776664,-96.796988,"208 S Akard Street, Ste 110",75202,Sat Oct 22 20:32:53 +0000 2016,RT @BriMalandro: this is gross bc @ATT is actually trash in each and every way possible https://t.co/kD2jnR7zXZ,,,Twitter
Dallas1,32.776664,-96.796988,"208 S Akard Street, Ste 110",75202,Sat Oct 22 20:31:14 +0000 2016,this is gross bc @ATT is actually trash in each and every way possible https://t.co/kD2jnR7zXZ,,,Twitter
Dallas1,32.776664,-96.796988,"208 S Akard Street, Ste 110",75202,Sat Oct 22 20:19:20 +0000 2016,"RT @ATT: Watch the @GreenDay @iHeartRadio Album Release Party Tonight, 9pm ET/PT on AUDIENCE. DIRECTV ch 239/U-verse ch 1114. https://t.co/…",,,Twitter
Dallas1,32.776664,-96.796988,"208 S Akard Street, Ste 110",75202,Sat Oct 22 19:57:33 +0000 2016,RT @ATT: Las Vegas- Celebrate #LGBTHistoryMonth by heading over to Snapchat and using our exclusive filters! https://t.co/HiHbHuJHD1,,,Twitter
Dallas1,32.776664,-96.796988,"208 S Akard Street, Ste 110",75202,Sat Oct 22 19:49:13 +0000 2016,RT @ATT: Welcome to the team! @taylorswift13 https://t.co/4h86nLYuLo https://t.co/gAHOi7fPrZ,,,Twitter
Dallas1,32.776664,-96.796988,"208 S Akard Street, Ste 110",75202,Sat Oct 22 19:38:02 +0000 2016,RT @ATT: Welcome to the team! @taylorswift13 https://t.co/4h86nLYuLo https://t.co/gAHOi7fPrZ,,,Twitter
Dallas1,32.776664,-96.796988,"208 S Akard Street, Ste 110",75202,Sat Oct 22 19:36:23 +0000 2016,When your blankity-blank cable goes out right before kickoff #TAMUvsBAMA #GigEm @ATT,,,Twitter
Dallas1,32.776664,-96.796988,"208 S Akard Street, Ste 110",75202,Sat Oct 22 19:30:41 +0000 2016,RT @ATT: Welcome to the team! @taylorswift13 https://t.co/4h86nLYuLo https://t.co/gAHOi7fPrZ,,,Twitter
Dallas1,32.776664,-96.796988,"208 S Akard Street, Ste 110",75202,Sat Oct 22 19:26:41 +0000 2016,RT @ATT: Welcome to the team! @taylorswift13 https://t.co/4h86nLYuLo https://t.co/gAHOi7fPrZ,,,Twitter
Dallas1,32.776664,-96.796988,"208 S Akard Street, Ste 110",75202,Sat Oct 22 19:24:22 +0000 2016,Lots of questions arise as @WSJ reports that @ATT has agreed to buy Time Warner for upwards of $80 BILLION. Service costs? Jobs?,,,Twitter
Dallas1,32.776664,-96.796988,"208 S Akard Street, Ste 110",75202,Sat Oct 22 19:19:57 +0000 2016,Having a bad customer service day. Sadly I'm not surprised at @ATT but totally shocked at my @Apple experience especially live in a store.,,,Twitter
Dallas1,32.776664,-96.796988,"208 S Akard Street, Ste 110",75202,Sat Oct 22 19:13:37 +0000 2016,RT @ATT: Welcome to the team! @taylorswift13 https://t.co/4h86nLYuLo https://t.co/gAHOi7fPrZ,,,Twitter
Dallas1,32.776664,-96.796988,"208 S Akard Street, Ste 110",75202,Sat Oct 22 19:05:56 +0000 2016,"RT @ATT: Watch the @GreenDay @iHeartRadio Album Release Party Tonight, 9pm ET/PT on AUDIENCE. DIRECTV ch 239/U-verse ch 1114. https://t.co/…",,,Twitter
Dallas1,32.776664,-96.796988,"208 S Akard Street, Ste 110",75202,Sat Oct 22 18:51:17 +0000 2016,RT @ATT: Welcome to the team! @taylorswift13 https://t.co/4h86nLYuLo https://t.co/gAHOi7fPrZ,,,Twitter
Dallas1,32.776664,-96.796988,"208 S Akard Street, Ste 110",75202,Sat Oct 22 18:48:03 +0000 2016,"RT @ATT: Some people may wait a lifetime, but you don't have to. On 11/2-3, AT&amp;T customers can buy @kelly_clarkson tix early. https://t.co/…",,,Twitter
Dallas1,32.776664,-96.796988,"208 S Akard Street, Ste 110",75202,Sat Oct 22 18:42:34 +0000 2016,@GameOfThrones 4 @ATT $T buys @DIRECTV &amp; @HBO 's #TimeWarner while @timarmstrongaol of @verizon buys @AOL &amp; @Yahoo… https://t.co/SaXbGlATXK,,,Twitter
Dallas1,32.776664,-96.796988,"208 S Akard Street, Ste 110",75202,Sat Oct 22 18:38:21 +0000 2016,RT @ATT: Las Vegas- Celebrate #LGBTHistoryMonth by heading over to Snapchat and using our exclusive filters! https://t.co/HiHbHuJHD1,,,Twitter
Dallas1,32.776664,-96.796988,"208 S Akard Street, Ste 110",75202,Sat Oct 22 18:31:55 +0000 2016,@ATT Reaches Deal to Buy @twxcorp for More Than $80 Billion https://t.co/vCwS3Ef4uf via @WSJ,,,Twitter
Dallas1,32.776664,-96.796988,"208 S Akard Street, Ste 110",75202,Sat Oct 22 18:22:08 +0000 2016,"RT @ATT: Hey, Bears! @ATT + @TOMS are coming to game day this week to share their story &amp; #CelebrateGood with fans. Stop by! https://t.co/M…",,,Twitter
