Store,Latitude,Longitude,Address,Zip,CreatedAt,Text,Senti,Rating,Source
Dallas14,32.853358,-96.817694,5567 W Lovers Ln,75209,Tue Oct 25 06:16:28 +0000 2016,RT @ATT: Welcome to the team! @taylorswift13 https://t.co/4h86nLYuLo https://t.co/gAHOi7fPrZ,,,Twitter
Dallas14,32.853358,-96.817694,5567 W Lovers Ln,75209,Tue Oct 25 06:12:12 +0000 2016,RT @ATT: Welcome to the team! @taylorswift13 https://t.co/4h86nLYuLo https://t.co/gAHOi7fPrZ,,,Twitter
Dallas14,32.853358,-96.817694,5567 W Lovers Ln,75209,Tue Oct 25 06:10:15 +0000 2016,Netflix’s Reed Hastings believes AT&amp;T Time Warner merger could be good for consumers https://t.co/oM6Y3qrqKZ https://t.co/Cm0q7RXBuI,,,Twitter
Dallas14,32.853358,-96.817694,5567 W Lovers Ln,75209,Tue Oct 25 05:59:23 +0000 2016,Swift Opposition to Resurrection of AT&amp;T Giant - The New York Times https://t.co/icO0gx1a4e,,,Twitter
Dallas14,32.853358,-96.817694,5567 W Lovers Ln,75209,Tue Oct 25 05:40:48 +0000 2016,RT @ATT: Welcome to the team! @taylorswift13 https://t.co/4h86nLYuLo https://t.co/gAHOi7fPrZ,,,Twitter
Dallas14,32.853358,-96.817694,5567 W Lovers Ln,75209,Tue Oct 25 05:39:26 +0000 2016,Netflix’s Reed Hastings believes AT&amp;T Time Warner merger could be good for consumers https://t.co/vvUXTN4VJl,,,Twitter
Dallas14,32.853358,-96.817694,5567 W Lovers Ln,75209,Tue Oct 25 05:16:10 +0000 2016,"RT @ATT: We’ve invented something so simple, you never saw it coming. https://t.co/BGiXAhWIcU https://t.co/mtFsW0A3Dd",,,Twitter
Dallas14,32.853358,-96.817694,5567 W Lovers Ln,75209,Tue Oct 25 05:13:03 +0000 2016,Why does my wifi not work @ATT,,,Twitter
Dallas14,32.853358,-96.817694,5567 W Lovers Ln,75209,Tue Oct 25 05:11:53 +0000 2016,"RT @ATT: @JenSwirsky Thanks for the shout out, Jen! We will make sure to share the #ATTLove ❤️ https://t.co/uUV9AnWu93",,,Twitter
Dallas14,32.853358,-96.817694,5567 W Lovers Ln,75209,Tue Oct 25 05:09:52 +0000 2016,RT @ATT: Welcome to the team! @taylorswift13 https://t.co/4h86nLYuLo https://t.co/gAHOi7fPrZ,,,Twitter
Dallas14,32.853358,-96.817694,5567 W Lovers Ln,75209,Tue Oct 25 04:54:33 +0000 2016,RT @ATT: Get a sweet deal on the new iPhone 7 when you switch to AT&amp;T and have DIRECTV. https://t.co/TQVeUkmeZ6 https://t.co/zfZmNpe8AP,,,Twitter
Dallas14,32.853358,-96.817694,5567 W Lovers Ln,75209,Tue Oct 25 04:46:18 +0000 2016,@ATT customer service may be the death of me tonight. I might actually die before they get my wifi to work on my computer 😑,,,Twitter
Dallas14,32.853358,-96.817694,5567 W Lovers Ln,75209,Tue Oct 25 04:45:31 +0000 2016,RT @ATTBusiness: Business-ready is one thing; cybersecurity readiness is another. Access info you need to help defend your data: https://t.…,,,Twitter
Dallas14,32.853358,-96.817694,5567 W Lovers Ln,75209,Tue Oct 25 04:12:10 +0000 2016,"No playoff games at AT&amp;T Stadium the first 3 rounds, but The Star may host postseason games the first 5 rounds  https://t.co/ZjUcRZLiqY",,,Twitter
Dallas14,32.853358,-96.817694,5567 W Lovers Ln,75209,Tue Oct 25 04:05:19 +0000 2016,RT @ATT: Welcome to the team! @taylorswift13 https://t.co/4h86nLYuLo https://t.co/gAHOi7fPrZ,,,Twitter
Dallas14,32.853358,-96.817694,5567 W Lovers Ln,75209,Tue Oct 25 04:04:42 +0000 2016,RT @ATT: Welcome to the team! @taylorswift13 https://t.co/4h86nLYuLo https://t.co/gAHOi7fPrZ,,,Twitter
Dallas14,32.853358,-96.817694,5567 W Lovers Ln,75209,Tue Oct 25 04:02:08 +0000 2016,RT @ATT: Welcome to the team! @taylorswift13 https://t.co/4h86nLYuLo https://t.co/gAHOi7fPrZ,,,Twitter
Dallas14,32.853358,-96.817694,5567 W Lovers Ln,75209,Tue Oct 25 03:46:30 +0000 2016,"@JenSwirsky Thanks for the shout out, Jen! We will make sure to share the #ATTLove ❤️ https://t.co/uUV9AnWu93",,,Twitter
Dallas14,32.853358,-96.817694,5567 W Lovers Ln,75209,Tue Oct 25 03:44:01 +0000 2016,"Check your DMs, Rick https://t.co/Y1gHGcEQVq",,,Twitter
Dallas14,32.853358,-96.817694,5567 W Lovers Ln,75209,Tue Oct 25 03:35:03 +0000 2016,RT @ATT: Welcome to the team! @taylorswift13 https://t.co/4h86nLYuLo https://t.co/gAHOi7fPrZ,,,Twitter
Dallas14,32.853358,-96.817694,5567 W Lovers Ln,75209,Tue Oct 25 03:22:03 +0000 2016,"@Cassiiidy____ Hi, could you please send us a DM with more details and your account info? Thank you.",,,Twitter
Dallas14,32.853358,-96.817694,5567 W Lovers Ln,75209,Tue Oct 25 03:19:49 +0000 2016,"RT @dallasnews: .@CNN, @HBO and more: A look at the brands @ATT inherits in its Time Warner deal https://t.co/nVGFN5muR4 | @paul_o_donnell…",,,Twitter
Dallas14,32.853358,-96.817694,5567 W Lovers Ln,75209,Tue Oct 25 03:12:36 +0000 2016,RT @ATT: Get a sweet deal on the new iPhone 7 when you switch to AT&amp;T and have DIRECTV. https://t.co/TQVeUkmeZ6 https://t.co/zfZmNpe8AP,,,Twitter
Dallas14,32.853358,-96.817694,5567 W Lovers Ln,75209,Tue Oct 25 03:09:57 +0000 2016,"RT @DMNBiz: Speak now: Why critics want the $108 billion marriage of AT&amp;T, Time Warner to fail https://t.co/KckQ3FG5S7 | @krobijake https:/…",,,Twitter
Dallas14,32.853358,-96.817694,5567 W Lovers Ln,75209,Tue Oct 25 03:09:52 +0000 2016,RT @ATT: Welcome to the team! @taylorswift13 https://t.co/4h86nLYuLo https://t.co/gAHOi7fPrZ,,,Twitter
Dallas14,32.853358,-96.817694,5567 W Lovers Ln,75209,Tue Oct 25 03:05:48 +0000 2016,RT @ATT: Another reason to smile for the camera. The #LGV20 from @LGUSAMobile will be available in stores starting today. https://t.co/TILu…,,,Twitter
Dallas14,32.853358,-96.817694,5567 W Lovers Ln,75209,Tue Oct 25 03:05:34 +0000 2016,"Speak now: Why critics want the $108 billion marriage of AT&amp;T, Time Warner to fail https://t.co/KckQ3FG5S7 |… https://t.co/uSrUuUORM1",,,Twitter
Dallas14,32.853358,-96.817694,5567 W Lovers Ln,75209,Tue Oct 25 02:57:49 +0000 2016,"AT&amp;T-TimeWarner, Comcast-NBCU, Disney-ESPN, 21st Century Fox, CBS all to affect the future. @SMUSportMgt #sportsbiz  https://t.co/Hxp1bs9v3o",,,Twitter
Dallas14,32.853358,-96.817694,5567 W Lovers Ln,75209,Tue Oct 25 02:57:18 +0000 2016,"@ATTCares my order hadn't been cancelled to begin with. Really frustrating, especially the number of times I've been hung up on -4-",,,Twitter
Dallas14,32.853358,-96.817694,5567 W Lovers Ln,75209,Tue Oct 25 02:56:31 +0000 2016,@ATTCares cancelled only to get a confirmation email from directtv letting me know my order was processed. Called them &amp; found out -3-,,,Twitter
Dallas14,32.853358,-96.817694,5567 W Lovers Ln,75209,Tue Oct 25 02:55:46 +0000 2016,@ATTCares I'm not able to have att/directtv. I've called numerous times and have gotten the run around. I was told earlier it was -2-,,,Twitter
Dallas14,32.853358,-96.817694,5567 W Lovers Ln,75209,Tue Oct 25 02:55:08 +0000 2016,@ATTCares I called earlier today to have directtv and internet installed by you guys at my new apartment. Found out after moving in that -1-,,,Twitter
Dallas14,32.853358,-96.817694,5567 W Lovers Ln,75209,Tue Oct 25 02:49:50 +0000 2016,RT @ATTBusiness: Maximize taste + minimize waste w/ #IoT! See how @ndustrialio preserves the nation’s food supply:  https://t.co/mKztl4Nw9n…,,,Twitter
Dallas14,32.853358,-96.817694,5567 W Lovers Ln,75209,Tue Oct 25 02:49:28 +0000 2016,RT @ATTBusiness: Maximize taste + minimize waste w/ #IoT! See how @ndustrialio preserves the nation’s food supply:  https://t.co/mKztl4Nw9n…,,,Twitter
Dallas14,32.853358,-96.817694,5567 W Lovers Ln,75209,Tue Oct 25 02:45:40 +0000 2016,"Dear @ATT: If I'm calling to cancel a service, I don't need to be transferred to a retention department.",,,Twitter
Dallas14,32.853358,-96.817694,5567 W Lovers Ln,75209,Tue Oct 25 02:42:33 +0000 2016,@AndyDTID @ATT that's messed up and they need to find a way to compensate you #badservice,,,Twitter
Dallas14,32.853358,-96.817694,5567 W Lovers Ln,75209,Tue Oct 25 02:37:40 +0000 2016,"No, Time Warner Cable isn't part of @ATT merger and here's why https://t.co/TZXzNjG2cF | @melissa_repko https://t.co/q4fqP9AQ1t",,,Twitter
Dallas14,32.853358,-96.817694,5567 W Lovers Ln,75209,Tue Oct 25 02:36:01 +0000 2016,"RT @dallasnews: .@CNN, @HBO and more: A look at the brands @ATT inherits in its Time Warner deal https://t.co/nVGFN5muR4 | @paul_o_donnell…",,,Twitter
Dallas14,32.853358,-96.817694,5567 W Lovers Ln,75209,Tue Oct 25 02:27:56 +0000 2016,RT @ATT: Get a sweet deal on the new iPhone 7 when you switch to AT&amp;T and have DIRECTV. https://t.co/TQVeUkmeZ6 https://t.co/zfZmNpe8AP,,,Twitter
Dallas14,32.853358,-96.817694,5567 W Lovers Ln,75209,Tue Oct 25 02:25:14 +0000 2016,@ATTCares finally got through all steps. Still not working g,,,Twitter
Dallas14,32.853358,-96.817694,5567 W Lovers Ln,75209,Tue Oct 25 02:24:56 +0000 2016,"@ATTCares trying but just keep getting a spinning wheel and ""preparing",,,Twitter
Dallas14,32.853358,-96.817694,5567 W Lovers Ln,75209,Tue Oct 25 02:21:30 +0000 2016,RT @ATT: Welcome to the team! @taylorswift13 https://t.co/4h86nLYuLo https://t.co/gAHOi7fPrZ,,,Twitter
Dallas14,32.853358,-96.817694,5567 W Lovers Ln,75209,Tue Oct 25 02:20:16 +0000 2016,RT @ATT: Welcome to the team! @taylorswift13 https://t.co/4h86nLYuLo https://t.co/gAHOi7fPrZ,,,Twitter
Dallas14,32.853358,-96.817694,5567 W Lovers Ln,75209,Tue Oct 25 02:19:01 +0000 2016,"RT @dallasnews: .@CNN, @HBO and more: A look at the brands @ATT inherits in its Time Warner deal https://t.co/nVGFN5muR4 | @paul_o_donnell…",,,Twitter
Dallas14,32.853358,-96.817694,5567 W Lovers Ln,75209,Tue Oct 25 02:18:04 +0000 2016,".@CNN, @HBO and more: A look at the brands @ATT inherits in its Time Warner deal https://t.co/nVGFN5muR4 |… https://t.co/5BByE6S7xA",,,Twitter
Dallas14,32.853358,-96.817694,5567 W Lovers Ln,75209,Tue Oct 25 02:12:28 +0000 2016,"@bestmvno i have a iphone6 which is compatible with @TotalWireless . If i switch now from att, will by device be locked to cdma or unlocked?",,,Twitter
Dallas14,32.853358,-96.817694,5567 W Lovers Ln,75209,Tue Oct 25 02:08:47 +0000 2016,RT @ATT: Welcome to the team! @taylorswift13 https://t.co/4h86nLYuLo https://t.co/gAHOi7fPrZ,,,Twitter
Dallas14,32.853358,-96.817694,5567 W Lovers Ln,75209,Tue Oct 25 02:06:40 +0000 2016,RT @ATT: The #futureofvideo is mobile and the #futureofmobile is video. Time Warner + AT&amp;T make it happen! @twxcorp https://t.co/GKx4U9TQYg,,,Twitter
Dallas14,32.853358,-96.817694,5567 W Lovers Ln,75209,Tue Oct 25 02:02:05 +0000 2016,"@ATTCares no, no error code. I've tried rebooting and plug/unplugging",,,Twitter
Dallas14,32.853358,-96.817694,5567 W Lovers Ln,75209,Tue Oct 25 02:00:38 +0000 2016,RT @attJOBS: See what #LifeAtATT is like for the women of AT&amp;T: https://t.co/9rguQ7QaFV https://t.co/xsQ0cX6Inq,,,Twitter
Dallas14,32.853358,-96.817694,5567 W Lovers Ln,75209,Tue Oct 25 02:00:09 +0000 2016,"""AT&amp;T-Time Warner Deal Is a Strike in the Dark"" by FARHAD MANJOO via NYT https://t.co/ly9goIeTJh https://t.co/2NK6xWPSFd",,,Twitter
Dallas14,32.853358,-96.817694,5567 W Lovers Ln,75209,Tue Oct 25 02:00:01 +0000 2016,Learn how to start using AT&amp;T Business Messenger for iPhone https://t.co/V9JIzwBSqC https://t.co/pS0xrKsgKm,,,Twitter
Dallas14,32.853358,-96.817694,5567 W Lovers Ln,75209,Tue Oct 25 01:59:33 +0000 2016,".@att the power has been out for 8 hours now, can we get a hotel reservation for this lack of service?",,,Twitter
Dallas14,32.853358,-96.817694,5567 W Lovers Ln,75209,Tue Oct 25 01:56:20 +0000 2016,"""AT&amp;T-Time Warner Deal Is a Strike in the Dark"" via @nytimes https://t.co/Ys2leUx4XH https://t.co/Zi84sBZczE",,,Twitter
Dallas14,32.853358,-96.817694,5567 W Lovers Ln,75209,Tue Oct 25 01:53:26 +0000 2016,RT @ATT: Welcome to the team! @taylorswift13 https://t.co/4h86nLYuLo https://t.co/gAHOi7fPrZ,,,Twitter
Dallas14,32.853358,-96.817694,5567 W Lovers Ln,75209,Tue Oct 25 01:51:18 +0000 2016,AT&amp;T Employees Break Records for Stop Hunger Now #ATTimpact https://t.co/f7k0rq100P #attemployee https://t.co/pUbfsZkOYe,,,Twitter
Dallas14,32.853358,-96.817694,5567 W Lovers Ln,75209,Tue Oct 25 01:51:13 +0000 2016,RT @ATTBusiness: #IoT makes reaching into this vending machine like reaching into a garden. Check it out: https://t.co/1Dk54D1pvz #National…,,,Twitter
Dallas14,32.853358,-96.817694,5567 W Lovers Ln,75209,Tue Oct 25 01:47:13 +0000 2016,RT @ATT: Another reason to smile for the camera. The #LGV20 from @LGUSAMobile will be available in stores starting today. https://t.co/TILu…,,,Twitter
Dallas14,32.853358,-96.817694,5567 W Lovers Ln,75209,Tue Oct 25 01:43:40 +0000 2016,When the @Uverse has been in and out all day. And it's finally just stopped all together. 🙄😒😤,,,Twitter
Dallas14,32.853358,-96.817694,5567 W Lovers Ln,75209,Tue Oct 25 01:43:07 +0000 2016,RT @ATT: Welcome to the team! @taylorswift13 https://t.co/4h86nLYuLo https://t.co/gAHOi7fPrZ,,,Twitter
Dallas14,32.853358,-96.817694,5567 W Lovers Ln,75209,Tue Oct 25 01:41:22 +0000 2016,"RT @bodyrecruit: @WomenOfATT_ERG 
AT&amp;T Hiring Sales Executive Field Sales #Des Peres, MO. Spread the word about the good #LifeAtATT. https:…",,,Twitter
Dallas14,32.853358,-96.817694,5567 W Lovers Ln,75209,Tue Oct 25 01:39:11 +0000 2016,"RT @ATTLatino: Bañado de sol y arena con una canción más dulce que el caramelo, comparte lo mejor de #Cuba desde tu móvil. https://t.co/e3S…",,,Twitter
Dallas14,32.853358,-96.817694,5567 W Lovers Ln,75209,Tue Oct 25 01:35:39 +0000 2016,.@ATT CEO Randall Stephenson confident @twxcorp merger will get past regulators https://t.co/D8PCh3orgV… https://t.co/a3F1MJApkp,,,Twitter
Dallas14,32.853358,-96.817694,5567 W Lovers Ln,75209,Tue Oct 25 01:33:14 +0000 2016,Why AT&amp;T’s CEO should think twice before going through with the Time Warner deal https://t.co/aymKIn8Knf #TrueDat,,,Twitter
Dallas14,32.853358,-96.817694,5567 W Lovers Ln,75209,Tue Oct 25 01:31:30 +0000 2016,RT @ATT: Welcome to the team! @taylorswift13 https://t.co/4h86nLYuLo https://t.co/gAHOi7fPrZ,,,Twitter
Dallas14,32.853358,-96.817694,5567 W Lovers Ln,75209,Tue Oct 25 01:26:00 +0000 2016,RT @ATT: Welcome to the team! @taylorswift13 https://t.co/4h86nLYuLo https://t.co/gAHOi7fPrZ,,,Twitter
Dallas14,32.853358,-96.817694,5567 W Lovers Ln,75209,Tue Oct 25 01:25:40 +0000 2016,RT @attJOBS: Our new #SanFrancisco flagship store is restored and ready for the future with our latest technology. Take a look: https://t.c…,,,Twitter
Dallas14,32.853358,-96.817694,5567 W Lovers Ln,75209,Tue Oct 25 01:21:43 +0000 2016,RT @dallasnews: Stadium Club is almost half a football field long. Can Cowboys fans fill it when teams isn't playing? | https://t.co/UU393U…,,,Twitter
Dallas14,32.853358,-96.817694,5567 W Lovers Ln,75209,Tue Oct 25 01:20:16 +0000 2016,"AT&amp;T research shows most businesses suffer from preventable cyberattacks, not new or unknown threats… https://t.co/g0ACBM4Rfm",,,Twitter
Dallas14,32.853358,-96.817694,5567 W Lovers Ln,75209,Tue Oct 25 01:17:35 +0000 2016,RT @dallasnews: Stadium Club is almost half a football field long. Can Cowboys fans fill it when teams isn't playing? | https://t.co/UU393U…,,,Twitter
Dallas14,32.853358,-96.817694,5567 W Lovers Ln,75209,Tue Oct 25 01:16:58 +0000 2016,Stadium Club is almost half a football field long. Can Cowboys fans fill it when teams isn't playing? |… https://t.co/gPWspIrWXt,,,Twitter
Dallas14,32.853358,-96.817694,5567 W Lovers Ln,75209,Tue Oct 25 00:59:14 +0000 2016,RT @ATT: Welcome to the team! @taylorswift13 https://t.co/4h86nLYuLo https://t.co/gAHOi7fPrZ,,,Twitter
Dallas14,32.853358,-96.817694,5567 W Lovers Ln,75209,Tue Oct 25 00:55:06 +0000 2016,RT @ATTBusiness: Maximize taste + minimize waste w/ #IoT! See how @ndustrialio preserves the nation’s food supply:  https://t.co/mKztl4Nw9n…,,,Twitter
Dallas14,32.853358,-96.817694,5567 W Lovers Ln,75209,Tue Oct 25 00:43:35 +0000 2016,How have Texas lawmakers reacted to #ATT's megamerger? Mostly with silence https://t.co/pEhGRqrkYE #DFW #Tech,,,Twitter
Dallas14,32.853358,-96.817694,5567 W Lovers Ln,75209,Tue Oct 25 00:41:11 +0000 2016,"AT&amp;T, Time Warner CEOs discuss the new deal https://t.co/nkbsxE6erD",,,Twitter
Dallas14,32.853358,-96.817694,5567 W Lovers Ln,75209,Tue Oct 25 00:36:01 +0000 2016,AT&amp;T begins push to sell customers on Time Warner merger https://t.co/Hy26OVyKjI | @melissa_repko https://t.co/Y4ZIF09HoA,,,Twitter
Dallas14,32.853358,-96.817694,5567 W Lovers Ln,75209,Tue Oct 25 00:31:22 +0000 2016,"""A Chilly Reaction to AT&amp;T-Time Warner Deal"" by BROOKS BARNES and EMILY STEEL via NYT The New York Times https://t.co/Sh0zVtn8eT",,,Twitter
Dallas14,32.853358,-96.817694,5567 W Lovers Ln,75209,Tue Oct 25 00:18:48 +0000 2016,RT @ATT: Welcome to the team! @taylorswift13 https://t.co/4h86nLYuLo https://t.co/gAHOi7fPrZ,,,Twitter
Dallas14,32.853358,-96.817694,5567 W Lovers Ln,75209,Tue Oct 25 00:14:54 +0000 2016,RT @ATT: Welcome to the team! @taylorswift13 https://t.co/4h86nLYuLo https://t.co/gAHOi7fPrZ,,,Twitter
Dallas14,32.853358,-96.817694,5567 W Lovers Ln,75209,Tue Oct 25 00:02:03 +0000 2016,"AT&amp;T merger, new DART line, Ebola nurse settlement: Your Monday evening roundup  https://t.co/IZMApGloMU https://t.co/vHIcGSydZz",,,Twitter
Dallas14,32.853358,-96.817694,5567 W Lovers Ln,75209,Mon Oct 24 23:54:44 +0000 2016,@att Randall Stephenson is so full of S*** he stinks! @ErinBurnett controlling the content supply limits the market.,,,Twitter
Dallas14,32.853358,-96.817694,5567 W Lovers Ln,75209,Mon Oct 24 23:53:30 +0000 2016,RT @TheLovellGroup: @ATT agrees to buy @TWC for more than $80B https://t.co/Pwyyf1vQTn https://t.co/WNMresoQ5Q,,,Twitter
Dallas14,32.853358,-96.817694,5567 W Lovers Ln,75209,Mon Oct 24 23:51:25 +0000 2016,"Even by Texas standards, @ATT deal is huge. Take a look at how recent deals stack up https://t.co/DgVMKlf2Rv… https://t.co/NxclqVYgKx",,,Twitter
Dallas14,32.853358,-96.817694,5567 W Lovers Ln,75209,Mon Oct 24 23:50:38 +0000 2016,RT @DMNBiz: AT&amp;T's quarterly results give hints on urgency behind Time Warner deal https://t.co/Cx1AXLE7xF | @Conor_Shine https://t.co/Iffy…,,,Twitter
Dallas14,32.853358,-96.817694,5567 W Lovers Ln,75209,Mon Oct 24 23:46:07 +0000 2016,"""With AT&amp;T-Time Warner Deal Brewing, a Focus on Preserving CNN’s Integrity"" by MICHAEL M. GRYNBAUM via NYT The New… https://t.co/k85YD4Q06j",,,Twitter
Dallas14,32.853358,-96.817694,5567 W Lovers Ln,75209,Mon Oct 24 23:45:23 +0000 2016,ATT tryna get it https://t.co/pvA8HinLOQ,,,Twitter
Dallas14,32.853358,-96.817694,5567 W Lovers Ln,75209,Mon Oct 24 23:43:15 +0000 2016,@ATTCares I never heard back from you.  I did DM you.,,,Twitter
Dallas14,32.853358,-96.817694,5567 W Lovers Ln,75209,Mon Oct 24 23:38:59 +0000 2016,RT @ATT: Welcome to the team! @taylorswift13 https://t.co/4h86nLYuLo https://t.co/gAHOi7fPrZ,,,Twitter
Dallas14,32.853358,-96.817694,5567 W Lovers Ln,75209,Mon Oct 24 23:36:10 +0000 2016,"""Why AT&amp;T Isn’t Sweating the Breakup Fee in Its Time Warner Deal"" by LESLIE PICKER via NYT The New York Times https://t.co/P6i91bNwti",,,Twitter
Dallas14,32.853358,-96.817694,5567 W Lovers Ln,75209,Mon Oct 24 23:36:03 +0000 2016,RT @ATT: Another reason to smile for the camera. The #LGV20 from @LGUSAMobile will be available in stores starting today. https://t.co/TILu…,,,Twitter
Dallas14,32.853358,-96.817694,5567 W Lovers Ln,75209,Mon Oct 24 23:35:59 +0000 2016,@perssonifierat Tack för att du följer mig Martin! Och en riktigt bra Twitter handle!,,,Twitter
Dallas14,32.853358,-96.817694,5567 W Lovers Ln,75209,Mon Oct 24 23:35:25 +0000 2016,"Jon Snow will now work for AT&amp;T (The 3:59, Ep. 128)     - CNET: We know nothing. Plus, more on the Samsung Ga... https://t.co/1b9zBo8FW4",,,Twitter
Dallas14,32.853358,-96.817694,5567 W Lovers Ln,75209,Mon Oct 24 23:35:14 +0000 2016,AT&amp;T's quarterly results give hints on urgency behind Time Warner deal https://t.co/Cx1AXLE7xF | @Conor_Shine https://t.co/IffyiACABV,,,Twitter
Dallas14,32.853358,-96.817694,5567 W Lovers Ln,75209,Mon Oct 24 23:29:40 +0000 2016,"RT @dallasnews: No, Time Warner Cable isn't part of @ATT merger and here's why https://t.co/D3z9z8xwh8 | @melissa_repko https://t.co/KyBHpz…",,,Twitter
Dallas14,32.853358,-96.817694,5567 W Lovers Ln,75209,Mon Oct 24 23:28:21 +0000 2016,@ATTCares 75219,,,Twitter
Dallas14,32.853358,-96.817694,5567 W Lovers Ln,75209,Mon Oct 24 23:19:56 +0000 2016,"@ATTCares James, I can find a link myself",,,Twitter
Dallas14,32.853358,-96.817694,5567 W Lovers Ln,75209,Mon Oct 24 23:19:54 +0000 2016,RT @ATT: Welcome to the team! @taylorswift13 https://t.co/4h86nLYuLo https://t.co/gAHOi7fPrZ,,,Twitter
Dallas14,32.853358,-96.817694,5567 W Lovers Ln,75209,Mon Oct 24 23:06:24 +0000 2016,"I gotta give you guys credit, @ATTCares @ATT. Cable and internet going out after 5 days is actually impressive",,,Twitter
Dallas14,32.853358,-96.817694,5567 W Lovers Ln,75209,Mon Oct 24 23:00:03 +0000 2016,RT @ATTBusiness: Maximize taste + minimize waste w/ #IoT! See how @ndustrialio preserves the nation’s food supply:  https://t.co/mKztl4Nw9n…,,,Twitter
Dallas14,32.853358,-96.817694,5567 W Lovers Ln,75209,Sun Oct 23 00:44:46 +0000 2016,RT @ATT: The #futureofvideo is mobile and the #futureofmobile is video. Time Warner + AT&amp;T make it happen! @twxcorp https://t.co/GKx4U9TQYg,,,Twitter
Dallas14,32.853358,-96.817694,5567 W Lovers Ln,75209,Sun Oct 23 00:44:36 +0000 2016,RT @ATT: The #futureofvideo is mobile and the #futureofmobile is video. Time Warner + AT&amp;T make it happen! @twxcorp https://t.co/GKx4U9TQYg,,,Twitter
Dallas14,32.853358,-96.817694,5567 W Lovers Ln,75209,Sun Oct 23 00:44:29 +0000 2016,"RT @ATT: Some people may wait a lifetime, but you don't have to. On 11/2-3, AT&amp;T customers can buy @kelly_clarkson tix early. https://t.co/…",,,Twitter
Dallas14,32.853358,-96.817694,5567 W Lovers Ln,75209,Sun Oct 23 00:43:29 +0000 2016,"RT @ATT: @EliteTravelGal Enjoy your new gear, Stacy! 😍 https://t.co/GodmaxF4Xq",,,Twitter
Dallas14,32.853358,-96.817694,5567 W Lovers Ln,75209,Sun Oct 23 00:40:27 +0000 2016,RT @ATT: The #futureofvideo is mobile and the #futureofmobile is video. Time Warner + AT&amp;T make it happen! @twxcorp https://t.co/GKx4U9TQYg,,,Twitter
Dallas14,32.853358,-96.817694,5567 W Lovers Ln,75209,Sun Oct 23 00:38:54 +0000 2016,"RT @ATT: Watch the @GreenDay @iHeartRadio Album Release Party Tonight, 9pm ET/PT on AUDIENCE. DIRECTV ch 239/U-verse ch 1114. https://t.co/…",,,Twitter
Dallas14,32.853358,-96.817694,5567 W Lovers Ln,75209,Sun Oct 23 00:37:12 +0000 2016,RT @ATT: The #futureofvideo is mobile and the #futureofmobile is video. Time Warner + AT&amp;T make it happen! @twxcorp https://t.co/GKx4U9TQYg,,,Twitter
Dallas14,32.853358,-96.817694,5567 W Lovers Ln,75209,Sun Oct 23 00:36:52 +0000 2016,RT @ATT: The #futureofvideo is mobile and the #futureofmobile is video. Time Warner + AT&amp;T make it happen! @twxcorp https://t.co/GKx4U9TQYg,,,Twitter
Dallas14,32.853358,-96.817694,5567 W Lovers Ln,75209,Sun Oct 23 00:36:27 +0000 2016,RT @ATT: The #futureofvideo is mobile and the #futureofmobile is video. Time Warner + AT&amp;T make it happen! @twxcorp https://t.co/GKx4U9TQYg,,,Twitter
Dallas14,32.853358,-96.817694,5567 W Lovers Ln,75209,Sun Oct 23 00:35:25 +0000 2016,RT @ATT: The #futureofvideo is mobile and the #futureofmobile is video. Time Warner + AT&amp;T make it happen! @twxcorp https://t.co/GKx4U9TQYg,,,Twitter
Dallas14,32.853358,-96.817694,5567 W Lovers Ln,75209,Sun Oct 23 00:34:54 +0000 2016,RT @ATT: Welcome to the team! @taylorswift13 https://t.co/4h86nLYuLo https://t.co/gAHOi7fPrZ,,,Twitter
Dallas14,32.853358,-96.817694,5567 W Lovers Ln,75209,Sun Oct 23 00:33:58 +0000 2016,RT @ATT: The #futureofvideo is mobile and the #futureofmobile is video. Time Warner + AT&amp;T make it happen! @twxcorp https://t.co/GKx4U9TQYg,,,Twitter
Dallas14,32.853358,-96.817694,5567 W Lovers Ln,75209,Sun Oct 23 00:31:48 +0000 2016,RT @ATT: The #futureofvideo is mobile and the #futureofmobile is video. Time Warner + AT&amp;T make it happen! @twxcorp https://t.co/GKx4U9TQYg,,,Twitter
Dallas14,32.853358,-96.817694,5567 W Lovers Ln,75209,Sun Oct 23 00:31:09 +0000 2016,RT @ATT: The #futureofvideo is mobile and the #futureofmobile is video. Time Warner + AT&amp;T make it happen! @twxcorp https://t.co/GKx4U9TQYg,,,Twitter
Dallas14,32.853358,-96.817694,5567 W Lovers Ln,75209,Sun Oct 23 00:30:29 +0000 2016,RT @ATT: Welcome to the team! @taylorswift13 https://t.co/4h86nLYuLo https://t.co/gAHOi7fPrZ,,,Twitter
Dallas14,32.853358,-96.817694,5567 W Lovers Ln,75209,Sun Oct 23 00:28:40 +0000 2016,RT @ATT: The #futureofvideo is mobile and the #futureofmobile is video. Time Warner + AT&amp;T make it happen! @twxcorp https://t.co/GKx4U9TQYg,,,Twitter
Dallas14,32.853358,-96.817694,5567 W Lovers Ln,75209,Sun Oct 23 00:28:34 +0000 2016,RT @ATT: Get a sweet deal on the new iPhone 7 when you switch to AT&amp;T and have DIRECTV. https://t.co/TQVeUkmeZ6 https://t.co/zfZmNpe8AP,,,Twitter
Dallas14,32.853358,-96.817694,5567 W Lovers Ln,75209,Sun Oct 23 00:27:17 +0000 2016,RT @ATT: The #futureofvideo is mobile and the #futureofmobile is video. Time Warner + AT&amp;T make it happen! @twxcorp https://t.co/GKx4U9TQYg,,,Twitter
Dallas14,32.853358,-96.817694,5567 W Lovers Ln,75209,Sun Oct 23 00:26:33 +0000 2016,RT @KRLD: #BREAKING: Dallas-based @ATT buys HBO and CNN owner Time Warner for $85.4 billion. https://t.co/S5BXdXVGVB,,,Twitter
Dallas14,32.853358,-96.817694,5567 W Lovers Ln,75209,Sun Oct 23 00:25:28 +0000 2016,RT @ATT: The #futureofvideo is mobile and the #futureofmobile is video. Time Warner + AT&amp;T make it happen! @twxcorp https://t.co/GKx4U9TQYg,,,Twitter
Dallas14,32.853358,-96.817694,5567 W Lovers Ln,75209,Sun Oct 23 00:24:28 +0000 2016,RT @ATT: The #futureofvideo is mobile and the #futureofmobile is video. Time Warner + AT&amp;T make it happen! @twxcorp https://t.co/GKx4U9TQYg,,,Twitter
Dallas14,32.853358,-96.817694,5567 W Lovers Ln,75209,Sun Oct 23 00:24:25 +0000 2016,RT @ATT: The #futureofvideo is mobile and the #futureofmobile is video. Time Warner + AT&amp;T make it happen! @twxcorp https://t.co/GKx4U9TQYg,,,Twitter
Dallas14,32.853358,-96.817694,5567 W Lovers Ln,75209,Sun Oct 23 00:24:14 +0000 2016,RT @ATT: The #futureofvideo is mobile and the #futureofmobile is video. Time Warner + AT&amp;T make it happen! @twxcorp https://t.co/GKx4U9TQYg,,,Twitter
Dallas14,32.853358,-96.817694,5567 W Lovers Ln,75209,Sun Oct 23 00:23:41 +0000 2016,RT @ATT: The #futureofvideo is mobile and the #futureofmobile is video. Time Warner + AT&amp;T make it happen! @twxcorp https://t.co/GKx4U9TQYg,,,Twitter
Dallas14,32.853358,-96.817694,5567 W Lovers Ln,75209,Sun Oct 23 00:23:30 +0000 2016,#BREAKING: Dallas-based @ATT buys HBO and CNN owner Time Warner for $85.4 billion. https://t.co/S5BXdXVGVB,,,Twitter
Dallas14,32.853358,-96.817694,5567 W Lovers Ln,75209,Sun Oct 23 00:23:22 +0000 2016,RT @ATT: Welcome to the team! @taylorswift13 https://t.co/4h86nLYuLo https://t.co/gAHOi7fPrZ,,,Twitter
Dallas14,32.853358,-96.817694,5567 W Lovers Ln,75209,Sun Oct 23 00:23:21 +0000 2016,RT @ATT: The #futureofvideo is mobile and the #futureofmobile is video. Time Warner + AT&amp;T make it happen! @twxcorp https://t.co/GKx4U9TQYg,,,Twitter
Dallas14,32.853358,-96.817694,5567 W Lovers Ln,75209,Sun Oct 23 00:23:15 +0000 2016,RT @ATT: The #futureofvideo is mobile and the #futureofmobile is video. Time Warner + AT&amp;T make it happen! @twxcorp https://t.co/GKx4U9TQYg,,,Twitter
Dallas14,32.853358,-96.817694,5567 W Lovers Ln,75209,Sun Oct 23 00:22:36 +0000 2016,When Yahoo is worth maybe $3b and a company which can't even show up to your house on the right day is worth $85b g… https://t.co/obFMAf9fV5,,,Twitter
Dallas14,32.853358,-96.817694,5567 W Lovers Ln,75209,Sun Oct 23 00:22:02 +0000 2016,RT @ATT: The #futureofvideo is mobile and the #futureofmobile is video. Time Warner + AT&amp;T make it happen! @twxcorp https://t.co/GKx4U9TQYg,,,Twitter
Dallas14,32.853358,-96.817694,5567 W Lovers Ln,75209,Sun Oct 23 00:21:56 +0000 2016,RT @ATT: The #futureofvideo is mobile and the #futureofmobile is video. Time Warner + AT&amp;T make it happen! @twxcorp https://t.co/GKx4U9TQYg,,,Twitter
Dallas14,32.853358,-96.817694,5567 W Lovers Ln,75209,Sun Oct 23 00:20:38 +0000 2016,RT @ATT: The #futureofvideo is mobile and the #futureofmobile is video. Time Warner + AT&amp;T make it happen! @twxcorp https://t.co/GKx4U9TQYg,,,Twitter
Dallas14,32.853358,-96.817694,5567 W Lovers Ln,75209,Sun Oct 23 00:20:32 +0000 2016,RT @ATT: The #futureofvideo is mobile and the #futureofmobile is video. Time Warner + AT&amp;T make it happen! @twxcorp https://t.co/GKx4U9TQYg,,,Twitter
Dallas14,32.853358,-96.817694,5567 W Lovers Ln,75209,Sun Oct 23 00:20:06 +0000 2016,RT @ATT: The #futureofvideo is mobile and the #futureofmobile is video. Time Warner + AT&amp;T make it happen! @twxcorp https://t.co/GKx4U9TQYg,,,Twitter
Dallas14,32.853358,-96.817694,5567 W Lovers Ln,75209,Sun Oct 23 00:19:38 +0000 2016,RT @ATT: The #futureofvideo is mobile and the #futureofmobile is video. Time Warner + AT&amp;T make it happen! @twxcorp https://t.co/GKx4U9TQYg,,,Twitter
Dallas14,32.853358,-96.817694,5567 W Lovers Ln,75209,Sun Oct 23 00:19:38 +0000 2016,RT @ATT: The #futureofvideo is mobile and the #futureofmobile is video. Time Warner + AT&amp;T make it happen! @twxcorp https://t.co/GKx4U9TQYg,,,Twitter
Dallas14,32.853358,-96.817694,5567 W Lovers Ln,75209,Sun Oct 23 00:19:30 +0000 2016,RT @ATT: The #futureofvideo is mobile and the #futureofmobile is video. Time Warner + AT&amp;T make it happen! @twxcorp https://t.co/GKx4U9TQYg,,,Twitter
Dallas14,32.853358,-96.817694,5567 W Lovers Ln,75209,Sun Oct 23 00:19:21 +0000 2016,RT @ATT: The #futureofvideo is mobile and the #futureofmobile is video. Time Warner + AT&amp;T make it happen! @twxcorp https://t.co/GKx4U9TQYg,,,Twitter
Dallas14,32.853358,-96.817694,5567 W Lovers Ln,75209,Sun Oct 23 00:19:21 +0000 2016,RT @ATT: The #futureofvideo is mobile and the #futureofmobile is video. Time Warner + AT&amp;T make it happen! @twxcorp https://t.co/GKx4U9TQYg,,,Twitter
Dallas14,32.853358,-96.817694,5567 W Lovers Ln,75209,Sun Oct 23 00:18:48 +0000 2016,RT @ATT: Welcome to the team! @taylorswift13 https://t.co/4h86nLYuLo https://t.co/gAHOi7fPrZ,,,Twitter
Dallas14,32.853358,-96.817694,5567 W Lovers Ln,75209,Sun Oct 23 00:18:00 +0000 2016,RT @ATT: The #futureofvideo is mobile and the #futureofmobile is video. Time Warner + AT&amp;T make it happen! @twxcorp https://t.co/GKx4U9TQYg,,,Twitter
Dallas14,32.853358,-96.817694,5567 W Lovers Ln,75209,Sun Oct 23 00:18:00 +0000 2016,RT @ATT: The #futureofvideo is mobile and the #futureofmobile is video. Time Warner + AT&amp;T make it happen! @twxcorp https://t.co/GKx4U9TQYg,,,Twitter
Dallas14,32.853358,-96.817694,5567 W Lovers Ln,75209,Sun Oct 23 00:17:35 +0000 2016,RT @ATT: The #futureofvideo is mobile and the #futureofmobile is video. Time Warner + AT&amp;T make it happen! @twxcorp https://t.co/GKx4U9TQYg,,,Twitter
Dallas14,32.853358,-96.817694,5567 W Lovers Ln,75209,Sun Oct 23 00:17:25 +0000 2016,RT @ATT: The #futureofvideo is mobile and the #futureofmobile is video. Time Warner + AT&amp;T make it happen! @twxcorp https://t.co/GKx4U9TQYg,,,Twitter
Dallas14,32.853358,-96.817694,5567 W Lovers Ln,75209,Sun Oct 23 00:16:59 +0000 2016,RT @ATT: The #futureofvideo is mobile and the #futureofmobile is video. Time Warner + AT&amp;T make it happen! @twxcorp https://t.co/GKx4U9TQYg,,,Twitter
Dallas14,32.853358,-96.817694,5567 W Lovers Ln,75209,Sun Oct 23 00:16:31 +0000 2016,RT @ATT: The #futureofvideo is mobile and the #futureofmobile is video. Time Warner + AT&amp;T make it happen! @twxcorp https://t.co/GKx4U9TQYg,,,Twitter
Dallas14,32.853358,-96.817694,5567 W Lovers Ln,75209,Sun Oct 23 00:16:04 +0000 2016,RT @ATT: The #futureofvideo is mobile and the #futureofmobile is video. Time Warner + AT&amp;T make it happen! @twxcorp https://t.co/GKx4U9TQYg,,,Twitter
Dallas14,32.853358,-96.817694,5567 W Lovers Ln,75209,Sun Oct 23 00:15:51 +0000 2016,RT @ATT: The #futureofvideo is mobile and the #futureofmobile is video. Time Warner + AT&amp;T make it happen! @twxcorp https://t.co/GKx4U9TQYg,,,Twitter
Dallas14,32.853358,-96.817694,5567 W Lovers Ln,75209,Sun Oct 23 00:15:43 +0000 2016,RT @ATT: The #futureofvideo is mobile and the #futureofmobile is video. Time Warner + AT&amp;T make it happen! @twxcorp https://t.co/GKx4U9TQYg,,,Twitter
Dallas14,32.853358,-96.817694,5567 W Lovers Ln,75209,Sun Oct 23 00:15:41 +0000 2016,RT @ATT: The #futureofvideo is mobile and the #futureofmobile is video. Time Warner + AT&amp;T make it happen! @twxcorp https://t.co/GKx4U9TQYg,,,Twitter
Dallas14,32.853358,-96.817694,5567 W Lovers Ln,75209,Sun Oct 23 00:15:34 +0000 2016,RT @ATT: The #futureofvideo is mobile and the #futureofmobile is video. Time Warner + AT&amp;T make it happen! @twxcorp https://t.co/GKx4U9TQYg,,,Twitter
Dallas14,32.853358,-96.817694,5567 W Lovers Ln,75209,Sun Oct 23 00:15:18 +0000 2016,RT @ATT: The #futureofvideo is mobile and the #futureofmobile is video. Time Warner + AT&amp;T make it happen! @twxcorp https://t.co/GKx4U9TQYg,,,Twitter
Dallas14,32.853358,-96.817694,5567 W Lovers Ln,75209,Sun Oct 23 00:15:18 +0000 2016,RT @ATT: The #futureofvideo is mobile and the #futureofmobile is video. Time Warner + AT&amp;T make it happen! @twxcorp https://t.co/GKx4U9TQYg,,,Twitter
Dallas14,32.853358,-96.817694,5567 W Lovers Ln,75209,Sun Oct 23 00:15:09 +0000 2016,RT @ATT: The #futureofvideo is mobile and the #futureofmobile is video. Time Warner + AT&amp;T make it happen! @twxcorp https://t.co/GKx4U9TQYg,,,Twitter
Dallas14,32.853358,-96.817694,5567 W Lovers Ln,75209,Sun Oct 23 00:15:04 +0000 2016,RT @ATT: The #futureofvideo is mobile and the #futureofmobile is video. Time Warner + AT&amp;T make it happen! @twxcorp https://t.co/GKx4U9TQYg,,,Twitter
Dallas14,32.853358,-96.817694,5567 W Lovers Ln,75209,Sun Oct 23 00:06:38 +0000 2016,"RT @DMNBiz: New media agency @Hearts_Science lands @ATT, opens shop in Dallas and plans to employ 100 people https://t.co/DFRmKVwrSP @mitch…",,,Twitter
Dallas14,32.853358,-96.817694,5567 W Lovers Ln,75209,Sun Oct 23 00:05:47 +0000 2016,"New media agency @Hearts_Science lands @ATT, opens shop in Dallas and plans to employ 100 people… https://t.co/YLnZeoEjzL",,,Twitter
Dallas14,32.853358,-96.817694,5567 W Lovers Ln,75209,Sun Oct 23 00:05:46 +0000 2016,RT @ATT: Are you ready for the revolution? Watch the @GreenDay @iHeartRadio Album Release Party now. #iHeartGreenDay https://t.co/ec2gZXKu7U,,,Twitter
Dallas14,32.853358,-96.817694,5567 W Lovers Ln,75209,Sun Oct 23 00:01:04 +0000 2016,RT @ATT: Welcome to the team! @taylorswift13 https://t.co/4h86nLYuLo https://t.co/gAHOi7fPrZ,,,Twitter
Dallas14,32.853358,-96.817694,5567 W Lovers Ln,75209,Sat Oct 22 23:55:51 +0000 2016,RT @ATT: Welcome to the team! @taylorswift13 https://t.co/4h86nLYuLo https://t.co/gAHOi7fPrZ,,,Twitter
Dallas14,32.853358,-96.817694,5567 W Lovers Ln,75209,Sat Oct 22 23:50:50 +0000 2016,RT @ATT: Who made you a college 🏈 fan? Share with #MadeMeAFanContest for a chance to win. Rules https://t.co/hU3I3wFn5V https://t.co/xZbxUJ…,,,Twitter
Dallas14,32.853358,-96.817694,5567 W Lovers Ln,75209,Sat Oct 22 23:48:59 +0000 2016,"If @ATT acquires @cnn, I am likely cancelling all of my personal and business accounts. #atttimewarner",,,Twitter
Dallas14,32.853358,-96.817694,5567 W Lovers Ln,75209,Sat Oct 22 23:35:01 +0000 2016,@ATT WHY DO I HAVE NO SERVICE IN MY APARTMENT!!! https://t.co/dPyPTDRcGr,,,Twitter
Dallas14,32.853358,-96.817694,5567 W Lovers Ln,75209,Sat Oct 22 23:31:28 +0000 2016,"RT @ATT: Watch the @GreenDay @iHeartRadio Album Release Party Tonight, 9pm ET/PT on AUDIENCE. DIRECTV ch 239/U-verse ch 1114. https://t.co/…",,,Twitter
Dallas14,32.853358,-96.817694,5567 W Lovers Ln,75209,Sat Oct 22 23:19:58 +0000 2016,RT @ATT: Welcome to the team! @taylorswift13 https://t.co/4h86nLYuLo https://t.co/gAHOi7fPrZ,,,Twitter
Dallas14,32.853358,-96.817694,5567 W Lovers Ln,75209,Sat Oct 22 23:15:38 +0000 2016,The fact that @ATT maybe merging with @TWC makes me infuriated. AT&amp;T is a garbage company constantly crashing &amp; slow. #atttimewarner,,,Twitter
Dallas14,32.853358,-96.817694,5567 W Lovers Ln,75209,Sat Oct 22 23:14:24 +0000 2016,RT @ATT: Welcome to the team! @taylorswift13 https://t.co/4h86nLYuLo https://t.co/gAHOi7fPrZ,,,Twitter
Dallas14,32.853358,-96.817694,5567 W Lovers Ln,75209,Sat Oct 22 23:07:35 +0000 2016,"RT @dmoer: @JasonWhitely @ATT @nytimes People, Time Warner isn't the Cable company. It's the media company (e.g. CNN, HBO, etc)",,,Twitter
Dallas14,32.853358,-96.817694,5567 W Lovers Ln,75209,Sat Oct 22 23:06:17 +0000 2016,"@JasonWhitely @ATT @nytimes People, Time Warner isn't the Cable company. It's the media company (e.g. CNN, HBO, etc)",,,Twitter
Dallas14,32.853358,-96.817694,5567 W Lovers Ln,75209,Sat Oct 22 23:05:58 +0000 2016,"ICYMI: Dallas-based @ATT, TimeWarner (@twxcorp) discussed a takeover in recent weeks https://t.co/oHHLVaAY0m  $twx… https://t.co/1oj8FUdp2S",,,Twitter
Dallas14,32.853358,-96.817694,5567 W Lovers Ln,75209,Sat Oct 22 23:01:36 +0000 2016,"RT @ATT: Watch the @GreenDay @iHeartRadio Album Release Party Tonight, 9pm ET/PT on AUDIENCE. DIRECTV ch 239/U-verse ch 1114. https://t.co/…",,,Twitter
Dallas14,32.853358,-96.817694,5567 W Lovers Ln,75209,Sat Oct 22 22:27:00 +0000 2016,"RT @ATT: Watch the @GreenDay @iHeartRadio Album Release Party Tonight, 9pm ET/PT on AUDIENCE. DIRECTV ch 239/U-verse ch 1114. https://t.co/…",,,Twitter
Dallas14,32.853358,-96.817694,5567 W Lovers Ln,75209,Sat Oct 22 22:19:09 +0000 2016,RT @ATT: Welcome to the team! @taylorswift13 https://t.co/4h86nLYuLo https://t.co/gAHOi7fPrZ,,,Twitter
Dallas14,32.853358,-96.817694,5567 W Lovers Ln,75209,Sat Oct 22 22:15:53 +0000 2016,RT @ATT: Get a sweet deal on the new iPhone 7 when you switch to AT&amp;T and have DIRECTV. https://t.co/TQVeUkmeZ6 https://t.co/zfZmNpe8AP,,,Twitter
Dallas14,32.853358,-96.817694,5567 W Lovers Ln,75209,Sat Oct 22 22:15:15 +0000 2016,@launchany @fields @ATT how likely is this to be approved,,,Twitter
Dallas14,32.853358,-96.817694,5567 W Lovers Ln,75209,Sat Oct 22 21:56:18 +0000 2016,RT @HomaBashNBC5: Lots of questions arise as @WSJ reports that @ATT has agreed to buy Time Warner for upwards of $80 BILLION. Service costs…,,,Twitter
Dallas14,32.853358,-96.817694,5567 W Lovers Ln,75209,Sat Oct 22 21:42:35 +0000 2016,"RT @ATT: Watch the @GreenDay @iHeartRadio Album Release Party Tonight, 9pm ET/PT on AUDIENCE. DIRECTV ch 239/U-verse ch 1114. https://t.co/…",,,Twitter
Dallas14,32.853358,-96.817694,5567 W Lovers Ln,75209,Sat Oct 22 21:41:00 +0000 2016,"Our colleagues in Europe, the Middle East &amp; Asia are spreading the @ATT Aspire mission around the globe:… https://t.co/4XzfCsG2t7",,,Twitter
Dallas14,32.853358,-96.817694,5567 W Lovers Ln,75209,Sat Oct 22 21:36:44 +0000 2016,"RT @ATT: Watch the @GreenDay @iHeartRadio Album Release Party Tonight, 9pm ET/PT on AUDIENCE. DIRECTV ch 239/U-verse ch 1114. https://t.co/…",,,Twitter
Dallas14,32.853358,-96.817694,5567 W Lovers Ln,75209,Sat Oct 22 21:30:02 +0000 2016,RT @ATT: Welcome to the team! @taylorswift13 https://t.co/4h86nLYuLo https://t.co/gAHOi7fPrZ,,,Twitter
Dallas14,32.853358,-96.817694,5567 W Lovers Ln,75209,Sat Oct 22 21:26:16 +0000 2016,"RT @ATT: Watch the @GreenDay @iHeartRadio Album Release Party Tonight, 9pm ET/PT on AUDIENCE. DIRECTV ch 239/U-verse ch 1114. https://t.co/…",,,Twitter
Dallas14,32.853358,-96.817694,5567 W Lovers Ln,75209,Sat Oct 22 20:57:01 +0000 2016,RT @BriMalandro: this is gross bc @ATT is actually trash in each and every way possible https://t.co/kD2jnR7zXZ,,,Twitter
Dallas14,32.853358,-96.817694,5567 W Lovers Ln,75209,Sat Oct 22 20:47:22 +0000 2016,RT @HomaBashNBC5: Lots of questions arise as @WSJ reports that @ATT has agreed to buy Time Warner for upwards of $80 BILLION. Service costs…,,,Twitter
Dallas14,32.853358,-96.817694,5567 W Lovers Ln,75209,Sat Oct 22 20:45:34 +0000 2016,"RT @ATT: Watch the @GreenDay @iHeartRadio Album Release Party Tonight, 9pm ET/PT on AUDIENCE. DIRECTV ch 239/U-verse ch 1114. https://t.co/…",,,Twitter
Dallas14,32.853358,-96.817694,5567 W Lovers Ln,75209,Sat Oct 22 20:39:11 +0000 2016,"RT @ATT: Watch the @GreenDay @iHeartRadio Album Release Party Tonight, 9pm ET/PT on AUDIENCE. DIRECTV ch 239/U-verse ch 1114. https://t.co/…",,,Twitter
Dallas14,32.853358,-96.817694,5567 W Lovers Ln,75209,Sat Oct 22 20:36:40 +0000 2016,RT @ATT: Welcome to the team! @taylorswift13 https://t.co/4h86nLYuLo https://t.co/gAHOi7fPrZ,,,Twitter
Dallas14,32.853358,-96.817694,5567 W Lovers Ln,75209,Sat Oct 22 20:32:53 +0000 2016,RT @BriMalandro: this is gross bc @ATT is actually trash in each and every way possible https://t.co/kD2jnR7zXZ,,,Twitter
Dallas14,32.853358,-96.817694,5567 W Lovers Ln,75209,Sat Oct 22 20:31:14 +0000 2016,this is gross bc @ATT is actually trash in each and every way possible https://t.co/kD2jnR7zXZ,,,Twitter
Dallas14,32.853358,-96.817694,5567 W Lovers Ln,75209,Sat Oct 22 20:19:20 +0000 2016,"RT @ATT: Watch the @GreenDay @iHeartRadio Album Release Party Tonight, 9pm ET/PT on AUDIENCE. DIRECTV ch 239/U-verse ch 1114. https://t.co/…",,,Twitter
Dallas14,32.853358,-96.817694,5567 W Lovers Ln,75209,Sat Oct 22 19:57:33 +0000 2016,RT @ATT: Las Vegas- Celebrate #LGBTHistoryMonth by heading over to Snapchat and using our exclusive filters! https://t.co/HiHbHuJHD1,,,Twitter
Dallas14,32.853358,-96.817694,5567 W Lovers Ln,75209,Sat Oct 22 19:49:13 +0000 2016,RT @ATT: Welcome to the team! @taylorswift13 https://t.co/4h86nLYuLo https://t.co/gAHOi7fPrZ,,,Twitter
Dallas14,32.853358,-96.817694,5567 W Lovers Ln,75209,Sat Oct 22 19:38:02 +0000 2016,RT @ATT: Welcome to the team! @taylorswift13 https://t.co/4h86nLYuLo https://t.co/gAHOi7fPrZ,,,Twitter
Dallas14,32.853358,-96.817694,5567 W Lovers Ln,75209,Sat Oct 22 19:36:23 +0000 2016,When your blankity-blank cable goes out right before kickoff #TAMUvsBAMA #GigEm @ATT,,,Twitter
Dallas14,32.853358,-96.817694,5567 W Lovers Ln,75209,Sat Oct 22 19:30:41 +0000 2016,RT @ATT: Welcome to the team! @taylorswift13 https://t.co/4h86nLYuLo https://t.co/gAHOi7fPrZ,,,Twitter
Dallas14,32.853358,-96.817694,5567 W Lovers Ln,75209,Sat Oct 22 19:26:41 +0000 2016,RT @ATT: Welcome to the team! @taylorswift13 https://t.co/4h86nLYuLo https://t.co/gAHOi7fPrZ,,,Twitter
Dallas14,32.853358,-96.817694,5567 W Lovers Ln,75209,Sat Oct 22 19:24:22 +0000 2016,Lots of questions arise as @WSJ reports that @ATT has agreed to buy Time Warner for upwards of $80 BILLION. Service costs? Jobs?,,,Twitter
Dallas14,32.853358,-96.817694,5567 W Lovers Ln,75209,Sat Oct 22 19:21:58 +0000 2016,@ATT do it. I have @TWC_Texas #pleasemerge #sos #saveusall,,,Twitter
Dallas14,32.853358,-96.817694,5567 W Lovers Ln,75209,Sat Oct 22 19:19:57 +0000 2016,Having a bad customer service day. Sadly I'm not surprised at @ATT but totally shocked at my @Apple experience especially live in a store.,,,Twitter
Dallas14,32.853358,-96.817694,5567 W Lovers Ln,75209,Sat Oct 22 19:13:37 +0000 2016,RT @ATT: Welcome to the team! @taylorswift13 https://t.co/4h86nLYuLo https://t.co/gAHOi7fPrZ,,,Twitter
