Store,Latitude,Longitude,Address,Zip,CreatedAt,Text,Senti,Rating,Source
Dallas1,32.776664,-96.796988,"208 S Akard Street, Ste 110",75202,Thu Oct 27 02:30:16 +0000 2016,"TIX🏈https://t.co/MGIo5onpzM🏈4️⃣- PARKING, PHILADELPHIA EAGLES VS DALLAS #Cowboys, @ ATT STADIUM, 10/30 /2016 https://t.co/8EFnT3Ta1E",,,Twitter
Dallas1,32.776664,-96.796988,"208 S Akard Street, Ste 110",75202,Thu Oct 27 02:14:58 +0000 2016,@ATTCares Any idea how long? Have to go outside to use the phones. Ridiculous. Been like that for days.,,,Twitter
Dallas1,32.776664,-96.796988,"208 S Akard Street, Ste 110",75202,Thu Oct 27 02:11:18 +0000 2016,AT&amp;T's Commitment to Disability Employment@ConnectToGood 2016-10-25-ATT-Inclusion-in-Disability-Employment https://t.co/sMc9OzE1ww,,,Twitter
Dallas1,32.776664,-96.796988,"208 S Akard Street, Ste 110",75202,Thu Oct 27 02:05:27 +0000 2016,The code names and secret meetings that got the #ATTTimeWarner deal done https://t.co/fOeive0ZXV | @Melissa_Repko https://t.co/KB584nBTlj,,,Twitter
Dallas1,32.776664,-96.796988,"208 S Akard Street, Ste 110",75202,Thu Oct 27 02:00:11 +0000 2016,RT @ATTBusinessCare: Take a look at our tutorial to learn how to cancel an AT&amp;T Workforce Manager order at  https://t.co/mm5DGoRC18 https:/…,,,Twitter
Dallas1,32.776664,-96.796988,"208 S Akard Street, Ste 110",75202,Thu Oct 27 02:00:01 +0000 2016,Take a look at our tutorial to learn how to cancel an AT&amp;T Workforce Manager order at  https://t.co/mm5DGoRC18 https://t.co/5aoDpivMzw,,,Twitter
Dallas1,32.776664,-96.796988,"208 S Akard Street, Ste 110",75202,Thu Oct 27 01:58:17 +0000 2016,"TIX🏈https://t.co/MGIo5onpzM🏈3️⃣- PARKING, PHILADELPHIA EAGLES VS DALLAS #Cowboys, @ ATT STADIUM, 10/30 /2016 https://t.co/8EFnT3Ta1E",,,Twitter
Dallas1,32.776664,-96.796988,"208 S Akard Street, Ste 110",75202,Thu Oct 27 01:46:05 +0000 2016,RT @DFWSmallBiz: #ATT and Time Warner still need a green light from the government https://t.co/SpQc64wTdG #DFW #Tech,,,Twitter
Dallas1,32.776664,-96.796988,"208 S Akard Street, Ste 110",75202,Thu Oct 27 01:40:12 +0000 2016,RT @ATTBusiness: We're navigating the known threat landscape to help protect your org. See more in our new cybersecurity report: https://t.…,,,Twitter
Dallas1,32.776664,-96.796988,"208 S Akard Street, Ste 110",75202,Thu Oct 27 01:33:23 +0000 2016,RT @ATT: Get a sweet deal on the new iPhone 7 when you switch to AT&amp;T and have DIRECTV. https://t.co/JO08KrMKj7 https://t.co/tAcB2wPVFO,,,Twitter
Dallas1,32.776664,-96.796988,"208 S Akard Street, Ste 110",75202,Thu Oct 27 01:29:40 +0000 2016,RT @attJOBS: We’re lucky to have a lot of #WomenWhoInspire us at AT&amp;T. Meet a few of them: https://t.co/8juFZJTY20 https://t.co/H6mCC5fGEj,,,Twitter
Dallas1,32.776664,-96.796988,"208 S Akard Street, Ste 110",75202,Thu Oct 27 01:25:40 +0000 2016,"RT @ATT: @OmarCorrea Rock star speeds just for you, Omar! 👍 https://t.co/u1hBT5Wj7Z",,,Twitter
Dallas1,32.776664,-96.796988,"208 S Akard Street, Ste 110",75202,Thu Oct 27 01:24:02 +0000 2016,"TIX🏈https://t.co/MGIo5onpzM🏈2️⃣- PARKING, PHILADELPHIA EAGLES VS DALLAS #Cowboys, @ ATT STADIUM, 10/30 /2016 https://t.co/8EFnT3Ta1E",,,Twitter
Dallas1,32.776664,-96.796988,"208 S Akard Street, Ste 110",75202,Thu Oct 27 01:20:16 +0000 2016,Secrets of Innovation from a Top Inventor https://t.co/9WzRzjjOze #attemployee https://t.co/Jek04SE1HR,,,Twitter
Dallas1,32.776664,-96.796988,"208 S Akard Street, Ste 110",75202,Thu Oct 27 01:18:47 +0000 2016,"@Ulrika_Steiner Ulrika, tack för att du följer. Alltid kul att interagera med människor från hemlandet 🇸🇪",,,Twitter
Dallas1,32.776664,-96.796988,"208 S Akard Street, Ste 110",75202,Thu Oct 27 01:16:34 +0000 2016,"@HagerstrandA Anders, Tack för att du följer. Alltid kul med svenska kontakter. 🇸🇪",,,Twitter
Dallas1,32.776664,-96.796988,"208 S Akard Street, Ste 110",75202,Thu Oct 27 01:14:15 +0000 2016,RT @ATT: Welcome to the team! @taylorswift13 https://t.co/4h86nLYuLo https://t.co/gAHOi7fPrZ,,,Twitter
Dallas1,32.776664,-96.796988,"208 S Akard Street, Ste 110",75202,Thu Oct 27 01:12:29 +0000 2016,RT @ATT: Welcome to the team! @taylorswift13 https://t.co/4h86nLYuLo https://t.co/gAHOi7fPrZ,,,Twitter
Dallas1,32.776664,-96.796988,"208 S Akard Street, Ste 110",75202,Thu Oct 27 01:10:40 +0000 2016,RT @ATT: Welcome to the team! @taylorswift13 https://t.co/4h86nLYuLo https://t.co/gAHOi7fPrZ,,,Twitter
Dallas1,32.776664,-96.796988,"208 S Akard Street, Ste 110",75202,Thu Oct 27 00:54:33 +0000 2016,Updated: What we know about AT&amp;T’s upcoming streaming service DirecTV Now - Dallas Business Journal https://t.co/q4NJf9uZ7F,,,Twitter
Dallas1,32.776664,-96.796988,"208 S Akard Street, Ste 110",75202,Thu Oct 27 00:49:40 +0000 2016,"TIX🏈https://t.co/MGIo5onpzM🏈1️⃣- PARKING, PHILADELPHIA EAGLES VS DALLAS #Cowboys, @ ATT STADIUM, 10/30 /2016 https://t.co/8EFnT3Ta1E",,,Twitter
Dallas1,32.776664,-96.796988,"208 S Akard Street, Ste 110",75202,Thu Oct 27 00:47:36 +0000 2016,@ATT @DIRECTV shame on you for costing me money due to mistakes made by your agents! I need contact from management as I need some answers!!,,,Twitter
Dallas1,32.776664,-96.796988,"208 S Akard Street, Ste 110",75202,Thu Oct 27 00:40:01 +0000 2016,RT @ATT: Welcome to the team! @taylorswift13 https://t.co/4h86nLYuLo https://t.co/gAHOi7fPrZ,,,Twitter
Dallas1,32.776664,-96.796988,"208 S Akard Street, Ste 110",75202,Thu Oct 27 00:36:42 +0000 2016,"Asked one of my co-workers what he's doing tonight. ""Gonna go home and enjoy the free week of NBA League Pa--- I DON'T HAVE DIRECTV ANYMORE""",,,Twitter
Dallas1,32.776664,-96.796988,"208 S Akard Street, Ste 110",75202,Thu Oct 27 00:22:50 +0000 2016,'Counter to Public Good': Sanders Urges DOJ to Reject AT&amp;T-Time Warner Deal https://t.co/Bc25Y4izAV,,,Twitter
Dallas1,32.776664,-96.796988,"208 S Akard Street, Ste 110",75202,Thu Oct 27 00:22:44 +0000 2016,"TIX🏈https://t.co/fZSud91UBX🏈0️⃣- PARKING, PHILADELPHIA EAGLES VS DALLAS #Cowboys, @ ATT STADIUM, 10/30 /2016… https://t.co/8EFnT3Ta1E",,,Twitter
Dallas1,32.776664,-96.796988,"208 S Akard Street, Ste 110",75202,Thu Oct 27 00:22:38 +0000 2016,'Counter to Public Good': Sanders Urges DOJ to Reject AT&amp;T-Time Warner Deal - https://t.co/gl5kPZq4Bv,,,Twitter
Dallas1,32.776664,-96.796988,"208 S Akard Street, Ste 110",75202,Thu Oct 27 00:22:07 +0000 2016,RT @ATT: Who made you a college 🏈 fan? Share with #MadeMeAFanContest for a chance to win. Rules https://t.co/hU3I3wFn5V https://t.co/seJBJK…,,,Twitter
Dallas1,32.776664,-96.796988,"208 S Akard Street, Ste 110",75202,Thu Oct 27 00:16:50 +0000 2016,RT @ATT: Who made you a college 🏈 fan? Share with #MadeMeAFanContest for a chance to win. Rules https://t.co/hU3I3wFn5V https://t.co/seJBJK…,,,Twitter
Dallas1,32.776664,-96.796988,"208 S Akard Street, Ste 110",75202,Thu Oct 27 00:11:18 +0000 2016,RT @ATT: Welcome to the team! @taylorswift13 https://t.co/4h86nLYuLo https://t.co/gAHOi7fPrZ,,,Twitter
Dallas1,32.776664,-96.796988,"208 S Akard Street, Ste 110",75202,Thu Oct 27 00:00:10 +0000 2016,Five FC #Dallas Goals up for AT&amp;T MLS Goal of the Year https://t.co/tN5uxNM19P,,,Twitter
Dallas1,32.776664,-96.796988,"208 S Akard Street, Ste 110",75202,Wed Oct 26 23:49:18 +0000 2016,RT @ATT: Welcome to the team! @taylorswift13 https://t.co/4h86nLYuLo https://t.co/gAHOi7fPrZ,,,Twitter
Dallas1,32.776664,-96.796988,"208 S Akard Street, Ste 110",75202,Wed Oct 26 23:47:59 +0000 2016,RT @JTeespeak: So great hangin w/ @GavinDeGraw thx to @DFWAcuraDealers @McDonalds &amp; @ATT  @JackFMDFW @MoreHits1037 https://t.co/V4rDDvLfkB,,,Twitter
Dallas1,32.776664,-96.796988,"208 S Akard Street, Ste 110",75202,Wed Oct 26 23:31:00 +0000 2016,RT @ATT: Welcome to the team! @taylorswift13 https://t.co/4h86nLYuLo https://t.co/gAHOi7fPrZ,,,Twitter
Dallas1,32.776664,-96.796988,"208 S Akard Street, Ste 110",75202,Wed Oct 26 23:28:16 +0000 2016,#ATT and Time Warner still need a green light from the government https://t.co/SpQc64wTdG #DFW #Tech,,,Twitter
Dallas1,32.776664,-96.796988,"208 S Akard Street, Ste 110",75202,Wed Oct 26 23:24:55 +0000 2016,RT @Mike_Rawlings: This is a day of celebration. Special thanks to @PGATOUR and @ATT for helping bring @attbyronnelson to Dallas. https://t…,,,Twitter
Dallas1,32.776664,-96.796988,"208 S Akard Street, Ste 110",75202,Wed Oct 26 23:19:18 +0000 2016,"RT @SportsDayHS: Due to conflicts, no #txhsfb at AT&amp;T Stadium for the first 3 rounds 😭
…but now we have The Star.
Details: https://t.co/UxR…",,,Twitter
Dallas1,32.776664,-96.796988,"208 S Akard Street, Ste 110",75202,Wed Oct 26 23:13:01 +0000 2016,Here's what to make of an AT&amp;T and Time Warner merger https://t.co/GS89pX5jB2 https://t.co/sxhxp9DaTb,,,Twitter
Dallas1,32.776664,-96.796988,"208 S Akard Street, Ste 110",75202,Wed Oct 26 23:09:17 +0000 2016,RT @ATT: Welcome to the team! @taylorswift13 https://t.co/4h86nLYuLo https://t.co/gAHOi7fPrZ,,,Twitter
Dallas1,32.776664,-96.796988,"208 S Akard Street, Ste 110",75202,Wed Oct 26 23:04:02 +0000 2016,@Aspernator @WslyRBLX not in Texas and frontier isn't my area rip lol lovehate 4 att,,,Twitter
Dallas1,32.776664,-96.796988,"208 S Akard Street, Ste 110",75202,Wed Oct 26 23:00:02 +0000 2016,We’re lucky to have a lot of #WomenWhoInspire us at AT&amp;T. Meet a few of them: https://t.co/8juFZJTY20 https://t.co/H6mCC5fGEj,,,Twitter
Dallas1,32.776664,-96.796988,"208 S Akard Street, Ste 110",75202,Wed Oct 26 22:57:11 +0000 2016,RT @ATT: Welcome to the team! @taylorswift13 https://t.co/4h86nLYuLo https://t.co/gAHOi7fPrZ,,,Twitter
Dallas1,32.776664,-96.796988,"208 S Akard Street, Ste 110",75202,Wed Oct 26 22:50:47 +0000 2016,RT @ATT: Who made you a college 🏈 fan? Share with #MadeMeAFanContest for a chance to win. Rules https://t.co/hU3I3wFn5V https://t.co/seJBJK…,,,Twitter
Dallas1,32.776664,-96.796988,"208 S Akard Street, Ste 110",75202,Wed Oct 26 22:50:11 +0000 2016,RT @ATT: Get a sweet deal on the new iPhone 7 when you switch to AT&amp;T and have DIRECTV. https://t.co/JO08KrMKj7 https://t.co/tAcB2wPVFO,,,Twitter
Dallas1,32.776664,-96.796988,"208 S Akard Street, Ste 110",75202,Wed Oct 26 22:48:38 +0000 2016,RT @ATT: Welcome to the team! @taylorswift13 https://t.co/4h86nLYuLo https://t.co/gAHOi7fPrZ,,,Twitter
Dallas1,32.776664,-96.796988,"208 S Akard Street, Ste 110",75202,Wed Oct 26 22:41:00 +0000 2016,PETITION: Stop the @ATT-@twxcorp takeover! https://t.co/t0o2boGyxE via @demandprogress #NoMoreMergers,,,Twitter
Dallas1,32.776664,-96.796988,"208 S Akard Street, Ste 110",75202,Wed Oct 26 22:38:21 +0000 2016,"Sneak peek of the brand new Trinity Forest Golf Club, future host of AT&amp;T Byron Nelson (Video) https://t.co/wnxzadmL4f",,,Twitter
Dallas1,32.776664,-96.796988,"208 S Akard Street, Ste 110",75202,Wed Oct 26 22:38:03 +0000 2016,RT @DBJShinneman: We've updated our story pulling together all the announcements on DirecTV Now: https://t.co/zC1rek2sli $T @DallasBizNews,,,Twitter
Dallas1,32.776664,-96.796988,"208 S Akard Street, Ste 110",75202,Wed Oct 26 22:35:32 +0000 2016,RT @ATT: Get a sweet deal on the new iPhone 7 when you switch to AT&amp;T and have DIRECTV. https://t.co/JO08KrMKj7 https://t.co/tAcB2wPVFO,,,Twitter
Dallas1,32.776664,-96.796988,"208 S Akard Street, Ste 110",75202,Wed Oct 26 22:34:45 +0000 2016,RT @DallasBizNews: Been wondering what DirecTV Now will cost you? We have your answer: https://t.co/9kr2EJGUKw,,,Twitter
Dallas1,32.776664,-96.796988,"208 S Akard Street, Ste 110",75202,Wed Oct 26 22:32:54 +0000 2016,PETITION: Stop the @ATT-@twxcorp merger! https://t.co/SygwvpZCf1 via @demandprogress #NoMoreMergers,,,Twitter
Dallas1,32.776664,-96.796988,"208 S Akard Street, Ste 110",75202,Wed Oct 26 22:24:52 +0000 2016,DallasBizNews: Been wondering what DirecTV Now will cost you? We have your answer: https://t.co/oCIzhc911N,,,Twitter
Dallas1,32.776664,-96.796988,"208 S Akard Street, Ste 110",75202,Wed Oct 26 22:24:42 +0000 2016,"@Fixxxer92 Thanks for bringing something this serious to our attention, Richard. We are investigating this and will take appropriate action.",,,Twitter
Dallas1,32.776664,-96.796988,"208 S Akard Street, Ste 110",75202,Wed Oct 26 22:22:01 +0000 2016,Been wondering what DirecTV Now will cost you? We have your answer: https://t.co/9kr2EJGUKw,,,Twitter
Dallas1,32.776664,-96.796988,"208 S Akard Street, Ste 110",75202,Wed Oct 26 22:10:17 +0000 2016,RT @Uverse: Looking for a new trainer? Check out @JillianMichaels Fit Fusion TV: https://t.co/wHpiTE8VdG https://t.co/Os2SQH8UbG,,,Twitter
Dallas1,32.776664,-96.796988,"208 S Akard Street, Ste 110",75202,Wed Oct 26 22:10:13 +0000 2016,AT&amp;T and Ericsson demonstrate 5G network capabilities at Texas Wireless Summit https://t.co/CZZ0EDHIAj #attemployee https://t.co/BrJpGfR0nH,,,Twitter
Dallas1,32.776664,-96.796988,"208 S Akard Street, Ste 110",75202,Wed Oct 26 22:05:59 +0000 2016,"@attbyronnelson moving to Dallas' Trinity Forest Golf Club ahead of schedule in 2018

DMN: https://t.co/kJB8bryL73… https://t.co/fdjguTB6uC",,,Twitter
Dallas1,32.776664,-96.796988,"208 S Akard Street, Ste 110",75202,Wed Oct 26 22:05:55 +0000 2016,"@ATT y'all sent me a new phone with a case and they're both broken, what the heck??!!???",,,Twitter
Dallas1,32.776664,-96.796988,"208 S Akard Street, Ste 110",75202,Wed Oct 26 22:05:46 +0000 2016,RT @ATT: Get a sweet deal on the new iPhone 7 when you switch to AT&amp;T and have DIRECTV. https://t.co/JO08KrMKj7 https://t.co/tAcB2wPVFO,,,Twitter
Dallas1,32.776664,-96.796988,"208 S Akard Street, Ste 110",75202,Wed Oct 26 21:51:21 +0000 2016,"Sneak peek of the brand new Trinity Forest Golf Club, future host of AT&amp;T Byron Nelson (Video) https://t.co/J48DuzyUfu #Dallas",,,Twitter
Dallas1,32.776664,-96.796988,"208 S Akard Street, Ste 110",75202,Wed Oct 26 21:40:55 +0000 2016,@ATTCares i have a double bonded pair installed and not getting the service,,,Twitter
Dallas1,32.776664,-96.796988,"208 S Akard Street, Ste 110",75202,Wed Oct 26 21:40:29 +0000 2016,@ATTCares ive been dealing with this issue for 3 months. Tech after tech no resolution,,,Twitter
Dallas1,32.776664,-96.796988,"208 S Akard Street, Ste 110",75202,Wed Oct 26 21:40:13 +0000 2016,"RT @dallasnews: Speak now: Why critics want the $108 billion marriage of AT&amp;T, Time Warner to fail https://t.co/cAtlH2KlsI | @krobijake htt…",,,Twitter
Dallas1,32.776664,-96.796988,"208 S Akard Street, Ste 110",75202,Wed Oct 26 21:36:33 +0000 2016,RT @ATTBusiness: We're navigating the known threat landscape to help protect your org. See more in our new cybersecurity report: https://t.…,,,Twitter
Dallas1,32.776664,-96.796988,"208 S Akard Street, Ste 110",75202,Wed Oct 26 21:36:14 +0000 2016,RT @ATTBusiness: AT&amp;T Labs is on track to revolutionize the way #AI plays in the network…but that’s not all! More from Mazin Gilbert: https…,,,Twitter
Dallas1,32.776664,-96.796988,"208 S Akard Street, Ste 110",75202,Wed Oct 26 21:35:51 +0000 2016,RT @attJOBS: We're teaming with @BracketsForGood to launch their first nation-wide fundraising tournament. Learn more: https://t.co/IBRIhAu…,,,Twitter
Dallas1,32.776664,-96.796988,"208 S Akard Street, Ste 110",75202,Wed Oct 26 21:35:14 +0000 2016,RT @SportsDayDFW: AT&amp;T Byron Nelson moving to Dallas' Trinity Forest Golf Club ahead of schedule in 2018 https://t.co/0OcCOkkyin https://t.…,,,Twitter
Dallas1,32.776664,-96.796988,"208 S Akard Street, Ste 110",75202,Wed Oct 26 21:33:11 +0000 2016,RT @ATT: Get a sweet deal on the new iPhone 7 when you switch to AT&amp;T and have DIRECTV. https://t.co/JO08KrMKj7 https://t.co/tAcB2wPVFO,,,Twitter
Dallas1,32.776664,-96.796988,"208 S Akard Street, Ste 110",75202,Wed Oct 26 21:26:26 +0000 2016,"RT @attJOBS: At AT&amp;T, we believe that inspiration stems from collaboration. That's why we give employees the access they need. https://t.co…",,,Twitter
Dallas1,32.776664,-96.796988,"208 S Akard Street, Ste 110",75202,Wed Oct 26 21:20:21 +0000 2016,"DallasBizNews: Sneak peek of the brand new Trinity Forest Golf Club, future host of the Byron Nelson: https://t.co/tiLGGIRHK2",,,Twitter
Dallas1,32.776664,-96.796988,"208 S Akard Street, Ste 110",75202,Wed Oct 26 21:16:48 +0000 2016,RT @ATT: Welcome to the team! @taylorswift13 https://t.co/4h86nLYuLo https://t.co/gAHOi7fPrZ,,,Twitter
Dallas1,32.776664,-96.796988,"208 S Akard Street, Ste 110",75202,Wed Oct 26 21:15:02 +0000 2016,"Sneak peek of the brand new Trinity Forest Golf Club, future host of the Byron Nelson: https://t.co/F6LZE1tEK6",,,Twitter
Dallas1,32.776664,-96.796988,"208 S Akard Street, Ste 110",75202,Wed Oct 26 21:14:44 +0000 2016,RT @Uverse: Looking for a new trainer? Check out @JillianMichaels Fit Fusion TV: https://t.co/wHpiTE8VdG https://t.co/Os2SQH8UbG,,,Twitter
Dallas1,32.776664,-96.796988,"208 S Akard Street, Ste 110",75202,Wed Oct 26 21:10:27 +0000 2016,RT @SportsDayDFW: AT&amp;T Byron Nelson moving to Dallas' Trinity Forest Golf Club ahead of schedule in 2018 https://t.co/0OcCOkkyin https://t.…,,,Twitter
Dallas1,32.776664,-96.796988,"208 S Akard Street, Ste 110",75202,Wed Oct 26 21:03:11 +0000 2016,RT @Mike_Rawlings: I’m excited for Dallas-based AT&amp;T and hopeful that this merger will lead to great benefits for its employees and... http…,,,Twitter
Dallas1,32.776664,-96.796988,"208 S Akard Street, Ste 110",75202,Wed Oct 26 21:00:59 +0000 2016,RT @ATT: Get a sweet deal on the new iPhone 7 when you switch to AT&amp;T and have DIRECTV. https://t.co/JO08KrMKj7 https://t.co/tAcB2wPVFO,,,Twitter
Dallas1,32.776664,-96.796988,"208 S Akard Street, Ste 110",75202,Wed Oct 26 20:53:24 +0000 2016,RT @attJOBS: You don't have to go back to school to continue learning. Try these tips to learn something new: https://t.co/N1AjraH8jR #Moti…,,,Twitter
Dallas1,32.776664,-96.796988,"208 S Akard Street, Ste 110",75202,Wed Oct 26 20:50:42 +0000 2016,"@ATTCares I spent 2 hours on phone with customer service. was escalated, just for them to tell me they can only reverse $300..",,,Twitter
Dallas1,32.776664,-96.796988,"208 S Akard Street, Ste 110",75202,Wed Oct 26 20:50:42 +0000 2016,AT&amp;T Agrees to Buy Time Warner for More Than $80 Billion https://t.co/Dmyv539d7P,,,Twitter
Dallas1,32.776664,-96.796988,"208 S Akard Street, Ste 110",75202,Wed Oct 26 20:50:37 +0000 2016,RT @dallasnews: The code names and secret meetings that got the #ATTTimeWarner deal done https://t.co/zQ2Cclsaxi | @Melissa_Repko https://t…,,,Twitter
Dallas1,32.776664,-96.796988,"208 S Akard Street, Ste 110",75202,Wed Oct 26 20:44:13 +0000 2016,RT @Uverse: Looking for a new trainer? Check out @JillianMichaels Fit Fusion TV: https://t.co/wHpiTE8VdG https://t.co/Os2SQH8UbG,,,Twitter
Dallas1,32.776664,-96.796988,"208 S Akard Street, Ste 110",75202,Wed Oct 26 20:42:32 +0000 2016,RT @attJOBS: We're teaming with @BracketsForGood to launch their first nation-wide fundraising tournament. Learn more: https://t.co/IBRIhAu…,,,Twitter
Dallas1,32.776664,-96.796988,"208 S Akard Street, Ste 110",75202,Wed Oct 26 20:40:39 +0000 2016,"AT&amp;T and Time-Warner Make a Bet on Innovation, But Regulators May Get in the Way https://t.co/RP8SzxnhP5 https://t.co/WhBHYYRG2A",,,Twitter
Dallas1,32.776664,-96.796988,"208 S Akard Street, Ste 110",75202,Wed Oct 26 20:39:34 +0000 2016,RT @attJOBS: We're teaming with @BracketsForGood to launch their first nation-wide fundraising tournament. Learn more: https://t.co/IBRIhAu…,,,Twitter
Dallas1,32.776664,-96.796988,"208 S Akard Street, Ste 110",75202,Wed Oct 26 20:39:14 +0000 2016,RT @ATT: Get a sweet deal on the new iPhone 7 when you switch to AT&amp;T and have DIRECTV. https://t.co/JO08KrMKj7 https://t.co/tAcB2wPVFO,,,Twitter
Dallas1,32.776664,-96.796988,"208 S Akard Street, Ste 110",75202,Wed Oct 26 20:36:25 +0000 2016,@ATTCares yes there is. It doesn't work for me. Eventually found a way hidden deep in the bowels of the website.,,,Twitter
Dallas1,32.776664,-96.796988,"208 S Akard Street, Ste 110",75202,Wed Oct 26 20:28:23 +0000 2016,RT @dallasnews: The code names and secret meetings that got the #ATTTimeWarner deal done https://t.co/zQ2Cclsaxi | @Melissa_Repko https://t…,,,Twitter
Dallas1,32.776664,-96.796988,"208 S Akard Street, Ste 110",75202,Wed Oct 26 20:28:06 +0000 2016,RT @ATT: Welcome to the team! @taylorswift13 https://t.co/4h86nLYuLo https://t.co/gAHOi7fPrZ,,,Twitter
Dallas1,32.776664,-96.796988,"208 S Akard Street, Ste 110",75202,Wed Oct 26 20:27:19 +0000 2016,RT @SportsDayDFW: AT&amp;T Byron Nelson moving to Dallas' Trinity Forest Golf Club ahead of schedule in 2018 https://t.co/0OcCOkkyin https://t.…,,,Twitter
Dallas1,32.776664,-96.796988,"208 S Akard Street, Ste 110",75202,Wed Oct 26 20:25:13 +0000 2016,RT @ATT: Who made you a college 🏈 fan? Share with #MadeMeAFanContest for a chance to win. Rules https://t.co/hU3I3wFn5V https://t.co/seJBJK…,,,Twitter
Dallas1,32.776664,-96.796988,"208 S Akard Street, Ste 110",75202,Wed Oct 26 20:24:58 +0000 2016,@YaShah97 @jakepimental99 @DevinRabeyHD @verizon Yes they offer unlimited if you have DirecTV,,,Twitter
Dallas1,32.776664,-96.796988,"208 S Akard Street, Ste 110",75202,Wed Oct 26 20:24:38 +0000 2016,DallasBizNews: RT DBJShinneman: We've updated our story pulling together all the announcements on DirecTV Now: https://t.co/FvLpxsDzs3 $T …,,,Twitter
Dallas1,32.776664,-96.796988,"208 S Akard Street, Ste 110",75202,Wed Oct 26 20:22:26 +0000 2016,RT @DBJShinneman: We've updated our story pulling together all the announcements on DirecTV Now: https://t.co/zC1rek2sli $T @DallasBizNews,,,Twitter
Dallas1,32.776664,-96.796988,"208 S Akard Street, Ste 110",75202,Wed Oct 26 20:20:46 +0000 2016,Watch #Periscope: @Uverse is getting on my nerves paying for 24mb and this is what i get. @verizonfios help please https://t.co/UwT1v02RDl,,,Twitter
Dallas1,32.776664,-96.796988,"208 S Akard Street, Ste 110",75202,Wed Oct 26 20:20:44 +0000 2016,"@Snowden I guess @ATT  can do this in the interest of public safety.In a perfect world, ppl can worry less.hope ppl don't wrong n cops gud.",,,Twitter
Dallas1,32.776664,-96.796988,"208 S Akard Street, Ste 110",75202,Wed Oct 26 20:20:26 +0000 2016,RT @Mike_Rawlings: This is a day of celebration. Special thanks to @PGATOUR and @ATT for helping bring @attbyronnelson to Dallas. https://t…,,,Twitter
Dallas1,32.776664,-96.796988,"208 S Akard Street, Ste 110",75202,Wed Oct 26 20:19:52 +0000 2016,CBS Dallas: Bernie Sanders Urges Government To Kill AT&amp;T-Time Warner Merger https://t.co/5Xi1y9p96D #dallas,,,Twitter
Dallas1,32.776664,-96.796988,"208 S Akard Street, Ste 110",75202,Wed Oct 26 20:19:38 +0000 2016,Bernie Sanders Urges Government To Kill AT&amp;T-Time Warner Merger https://t.co/6QXXwgkKW9 #DFW,,,Twitter
Dallas1,32.776664,-96.796988,"208 S Akard Street, Ste 110",75202,Wed Oct 26 20:19:21 +0000 2016,LIVE on #Periscope: @Uverse is getting on my nerves paying for 24mbps and this is what i get. @verizonfios help ple… https://t.co/Tj3BwSUQe7,,,Twitter
Store,Latitude,Longitude,Address,Zip,CreatedAt,Text,Senti,Rating,Source
Dallas1,32.776664,-96.796988,"208 S Akard Street, Ste 110",75202,Wed Oct 26 18:15:58 +0000 2016,RT @ATT: Get a sweet deal on the new iPhone 7 when you switch to AT&amp;T and have DIRECTV. https://t.co/JO08KrMKj7 https://t.co/tAcB2wPVFO,,,Twitter
Dallas1,32.776664,-96.796988,"208 S Akard Street, Ste 110",75202,Wed Oct 26 18:15:22 +0000 2016,RT @ATT: Welcome to the team! @taylorswift13 https://t.co/4h86nLYuLo https://t.co/gAHOi7fPrZ,,,Twitter
Dallas1,32.776664,-96.796988,"208 S Akard Street, Ste 110",75202,Wed Oct 26 18:14:41 +0000 2016,RT @HisGirlHildy: Agree @ATT's #RandallStephenson is a 'southern gentleman' like @DaveLieber says? I've heard mostly good. @JimZarroli http…,,,Twitter
Dallas1,32.776664,-96.796988,"208 S Akard Street, Ste 110",75202,Wed Oct 26 18:14:24 +0000 2016,"A #bitcoin powered server, #TimeWarner AND #Hemisphere? What's next @ATT, total world domination? #ATT… https://t.co/KqCO6E98um",,,Twitter
Dallas1,32.776664,-96.796988,"208 S Akard Street, Ste 110",75202,Wed Oct 26 18:10:49 +0000 2016,RT @ATT: Welcome to the team! @taylorswift13 https://t.co/4h86nLYuLo https://t.co/gAHOi7fPrZ,,,Twitter
Dallas1,32.776664,-96.796988,"208 S Akard Street, Ste 110",75202,Wed Oct 26 18:01:10 +0000 2016,RT @Mike_Rawlings: This is a day of celebration. Special thanks to @PGATOUR and @ATT for helping bring @attbyronnelson to Dallas. https://t…,,,Twitter
Dallas1,32.776664,-96.796988,"208 S Akard Street, Ste 110",75202,Wed Oct 26 17:53:13 +0000 2016,RT @Mike_Rawlings: This is a day of celebration. Special thanks to @PGATOUR and @ATT for helping bring @attbyronnelson to Dallas. https://t…,,,Twitter
Dallas1,32.776664,-96.796988,"208 S Akard Street, Ste 110",75202,Wed Oct 26 17:52:07 +0000 2016,RT @Mike_Rawlings: This is a day of celebration. Special thanks to @PGATOUR and @ATT for helping bring @attbyronnelson to Dallas. https://t…,,,Twitter
Dallas1,32.776664,-96.796988,"208 S Akard Street, Ste 110",75202,Wed Oct 26 17:50:55 +0000 2016,RT @Mike_Rawlings: This is a day of celebration. Special thanks to @PGATOUR and @ATT for helping bring @attbyronnelson to Dallas. https://t…,,,Twitter
Dallas1,32.776664,-96.796988,"208 S Akard Street, Ste 110",75202,Wed Oct 26 17:48:19 +0000 2016,RT @Mike_Rawlings: This is a day of celebration. Special thanks to @PGATOUR and @ATT for helping bring @attbyronnelson to Dallas. https://t…,,,Twitter
Dallas1,32.776664,-96.796988,"208 S Akard Street, Ste 110",75202,Wed Oct 26 17:47:27 +0000 2016,This is a day of celebration. Special thanks to @PGATOUR and @ATT for helping bring @attbyronnelson to Dallas. https://t.co/46atECppNd,,,Twitter
Dallas1,32.776664,-96.796988,"208 S Akard Street, Ste 110",75202,Wed Oct 26 17:21:58 +0000 2016,RT @ATT: Who made you a college 🏈 fan? Share with #MadeMeAFanContest for a chance to win. Rules https://t.co/hU3I3wFn5V https://t.co/seJBJK…,,,Twitter
Dallas1,32.776664,-96.796988,"208 S Akard Street, Ste 110",75202,Wed Oct 26 17:20:20 +0000 2016,RT @ATT: Who made you a college 🏈 fan? Share with #MadeMeAFanContest for a chance to win. Rules https://t.co/hU3I3wFn5V https://t.co/seJBJK…,,,Twitter
Dallas1,32.776664,-96.796988,"208 S Akard Street, Ste 110",75202,Wed Oct 26 17:20:16 +0000 2016,RT @ATT: Welcome to the team! @taylorswift13 https://t.co/4h86nLYuLo https://t.co/gAHOi7fPrZ,,,Twitter
Dallas1,32.776664,-96.796988,"208 S Akard Street, Ste 110",75202,Wed Oct 26 17:01:23 +0000 2016,RT @ATT: Another reason to smile for the camera. The #LGV20 from @LGUSAMobile will be available in stores starting today. https://t.co/TILu…,,,Twitter
Dallas1,32.776664,-96.796988,"208 S Akard Street, Ste 110",75202,Wed Oct 26 16:59:30 +0000 2016,"RT @ATT: Mother Nature is unpredictable, so we rely on our Network Disaster Recovery team to connect you when you need it most. https://t.c…",,,Twitter
Dallas1,32.776664,-96.796988,"208 S Akard Street, Ste 110",75202,Wed Oct 26 16:57:11 +0000 2016,"RT @ATT: Some people may wait a lifetime, but you don't have to. On 11/2-3, AT&amp;T customers can buy @kelly_clarkson tix early. https://t.co/…",,,Twitter
Dallas1,32.776664,-96.796988,"208 S Akard Street, Ste 110",75202,Wed Oct 26 16:43:59 +0000 2016,RT @ATT: .@BinghamDb and @indicowie go undercover at an @MLS game…and you just have to watch the rest: https://t.co/fGvGIRRfFj https://t.co…,,,Twitter
Dallas1,32.776664,-96.796988,"208 S Akard Street, Ste 110",75202,Wed Oct 26 16:43:17 +0000 2016,"RT @attJOBS: Our colleagues in Europe, the Middle East &amp; Asia are spreading the @ATT Aspire mission around the globe: https://t.co/ypGzlddr…",,,Twitter
Dallas1,32.776664,-96.796988,"208 S Akard Street, Ste 110",75202,Wed Oct 26 16:39:56 +0000 2016,RT @ATT: AT&amp;T #Fiber - The future of the internet is now! Starting with a 1000 Mbps connection. https://t.co/Rw8zxmVDRY,,,Twitter
Dallas1,32.776664,-96.796988,"208 S Akard Street, Ste 110",75202,Wed Oct 26 16:29:35 +0000 2016,RT @ATT: Who made you a college 🏈 fan? Share with #MadeMeAFanContest for a chance to win. Rules https://t.co/hU3I3wFn5V https://t.co/seJBJK…,,,Twitter
Dallas1,32.776664,-96.796988,"208 S Akard Street, Ste 110",75202,Wed Oct 26 16:18:36 +0000 2016,RT @ATT: Welcome to the team! @taylorswift13 https://t.co/4h86nLYuLo https://t.co/gAHOi7fPrZ,,,Twitter
Dallas1,32.776664,-96.796988,"208 S Akard Street, Ste 110",75202,Wed Oct 26 16:17:19 +0000 2016,@ATTCares I still need help - I'm just so busy and it's hard to have to take time to stop being awesome and fix y'alls negatives. Sorry,,,Twitter
Dallas1,32.776664,-96.796988,"208 S Akard Street, Ste 110",75202,Wed Oct 26 16:12:20 +0000 2016,RT @ATT: Welcome to the team! @taylorswift13 https://t.co/4h86nLYuLo https://t.co/gAHOi7fPrZ,,,Twitter
Dallas1,32.776664,-96.796988,"208 S Akard Street, Ste 110",75202,Wed Oct 26 16:11:51 +0000 2016,RT @ATT: Welcome to the team! @taylorswift13 https://t.co/4h86nLYuLo https://t.co/gAHOi7fPrZ,,,Twitter
Dallas1,32.776664,-96.796988,"208 S Akard Street, Ste 110",75202,Wed Oct 26 16:06:53 +0000 2016,RT @ATT: Welcome to the team! @taylorswift13 https://t.co/4h86nLYuLo https://t.co/gAHOi7fPrZ,,,Twitter
Dallas1,32.776664,-96.796988,"208 S Akard Street, Ste 110",75202,Wed Oct 26 15:49:41 +0000 2016,RT @ATT: Welcome to the team! @taylorswift13 https://t.co/4h86nLYuLo https://t.co/gAHOi7fPrZ,,,Twitter
Dallas1,32.776664,-96.796988,"208 S Akard Street, Ste 110",75202,Wed Oct 26 15:06:29 +0000 2016,RT @ATT: Welcome to the team! @taylorswift13 https://t.co/4h86nLYuLo https://t.co/gAHOi7fPrZ,,,Twitter
Dallas1,32.776664,-96.796988,"208 S Akard Street, Ste 110",75202,Wed Oct 26 14:59:50 +0000 2016,Heading to vote early with my @ATT coworker! HQ is right by a voting place. #lifeatATT https://t.co/8zchRMkDG3,,,Twitter
Dallas1,32.776664,-96.796988,"208 S Akard Street, Ste 110",75202,Wed Oct 26 14:59:40 +0000 2016,Just another day in the office. @JordanSpieth joins the @ATT Aspire  Accelerator presentations showcasing innovativ… https://t.co/KO1FM9rvPd,,,Twitter
Dallas1,32.776664,-96.796988,"208 S Akard Street, Ste 110",75202,Wed Oct 26 14:58:46 +0000 2016,@ATTCares like that thought never crossed my mind.,,,Twitter
Dallas1,32.776664,-96.796988,"208 S Akard Street, Ste 110",75202,Wed Oct 26 14:57:28 +0000 2016,Agree @ATT's #RandallStephenson is a 'southern gentleman' like @DaveLieber says? I've heard mostly good. @JimZarroli https://t.co/8MlQugMyQ3,,,Twitter
Dallas1,32.776664,-96.796988,"208 S Akard Street, Ste 110",75202,Wed Oct 26 14:36:30 +0000 2016,How to talk about the @ATT-@twxcorp deal like an insider https://t.co/BS8al09DpH | @Melissa_Repko https://t.co/r69KlkAmBl,,,Twitter
Dallas1,32.776664,-96.796988,"208 S Akard Street, Ste 110",75202,Wed Oct 26 14:34:17 +0000 2016,"Hey @ATT appreciate being on hold for 39 minutes now waiting to talk about my ""rewards"" I am supposed to get.",,,Twitter
Dallas1,32.776664,-96.796988,"208 S Akard Street, Ste 110",75202,Wed Oct 26 14:27:28 +0000 2016,RT @ATT: Welcome to the team! @taylorswift13 https://t.co/4h86nLYuLo https://t.co/gAHOi7fPrZ,,,Twitter
Dallas1,32.776664,-96.796988,"208 S Akard Street, Ste 110",75202,Wed Oct 26 14:22:50 +0000 2016,RT @ATT: Welcome to the team! @taylorswift13 https://t.co/4h86nLYuLo https://t.co/gAHOi7fPrZ,,,Twitter
Dallas1,32.776664,-96.796988,"208 S Akard Street, Ste 110",75202,Wed Oct 26 14:03:56 +0000 2016,RT @ATT: Welcome to the team! @taylorswift13 https://t.co/4h86nLYuLo https://t.co/gAHOi7fPrZ,,,Twitter
Dallas1,32.776664,-96.796988,"208 S Akard Street, Ste 110",75202,Wed Oct 26 14:03:41 +0000 2016,Received my notice @Uverse will stop charging me a premium to opt out of their domestic spying/ad program.  Just in time for Time Warner/FTC,,,Twitter
Dallas1,32.776664,-96.796988,"208 S Akard Street, Ste 110",75202,Wed Oct 26 13:20:26 +0000 2016,This shouldn't surprise ANYONE. @att has done lots of shitty things for profit. AT&amp;T Spied on Americans For Profit https://t.co/1RY0iaghgZ,,,Twitter
Dallas1,32.776664,-96.796988,"208 S Akard Street, Ste 110",75202,Wed Oct 26 12:47:18 +0000 2016,RT @ATT: Welcome to the team! @taylorswift13 https://t.co/4h86nLYuLo https://t.co/gAHOi7fPrZ,,,Twitter
Dallas1,32.776664,-96.796988,"208 S Akard Street, Ste 110",75202,Wed Oct 26 12:44:19 +0000 2016,RT @ATT: Welcome to the team! @taylorswift13 https://t.co/4h86nLYuLo https://t.co/gAHOi7fPrZ,,,Twitter
Dallas1,32.776664,-96.796988,"208 S Akard Street, Ste 110",75202,Wed Oct 26 12:41:54 +0000 2016,@BostonSugarBear @Lawssenhop @Snowden @ATT always a good idea to stay away from peeps on terrorist watch lists. Like journalists &amp; such. ;-),,,Twitter
Dallas1,32.776664,-96.796988,"208 S Akard Street, Ste 110",75202,Wed Oct 26 12:40:18 +0000 2016,RT @ATT: Welcome to the team! @taylorswift13 https://t.co/4h86nLYuLo https://t.co/gAHOi7fPrZ,,,Twitter
Dallas1,32.776664,-96.796988,"208 S Akard Street, Ste 110",75202,Wed Oct 26 12:35:58 +0000 2016,RT @ATT: Welcome to the team! @taylorswift13 https://t.co/4h86nLYuLo https://t.co/gAHOi7fPrZ,,,Twitter
Dallas1,32.776664,-96.796988,"208 S Akard Street, Ste 110",75202,Wed Oct 26 12:19:28 +0000 2016,@ana60nda @BostonSugarBear @LordVoltimus @Snowden @ATT it's a clear violation of the 4th amendment. Search/seizure w/out probable cause.,,,Twitter
Dallas1,32.776664,-96.796988,"208 S Akard Street, Ste 110",75202,Wed Oct 26 12:15:28 +0000 2016,@ATT can someone call me asap... Immediately,,,Twitter
Dallas1,32.776664,-96.796988,"208 S Akard Street, Ste 110",75202,Wed Oct 26 12:06:08 +0000 2016,RT @Uverse: It’s showtime! Pump up #NationalPumpkinDay with Beetlejuice to get in the #Halloween spirit: https://t.co/WDktnIfl3g 🎃 https://…,,,Twitter
Dallas1,32.776664,-96.796988,"208 S Akard Street, Ste 110",75202,Wed Oct 26 12:05:39 +0000 2016,The Latin America assets of @ATT could figure more prominently after Time Warner deal https://t.co/Op4NIxIxGZ |… https://t.co/jVYaRUGK5g,,,Twitter
Dallas1,32.776664,-96.796988,"208 S Akard Street, Ste 110",75202,Wed Oct 26 12:02:14 +0000 2016,RT @ATT: The #futureofvideo is mobile and the #futureofmobile is video. Time Warner + AT&amp;T make it happen! @twxcorp https://t.co/GKx4U9TQYg,,,Twitter
Dallas1,32.776664,-96.796988,"208 S Akard Street, Ste 110",75202,Wed Oct 26 11:10:15 +0000 2016,"Don't expect a change in viewpoint for @CNN, @ATT chief says https://t.co/9xIAgD1Mzi | @agarre https://t.co/0C8y9rVgOl",,,Twitter
Dallas1,32.776664,-96.796988,"208 S Akard Street, Ste 110",75202,Wed Oct 26 08:56:58 +0000 2016,RT @ATT: Welcome to the team! @taylorswift13 https://t.co/4h86nLYuLo https://t.co/gAHOi7fPrZ,,,Twitter
Dallas1,32.776664,-96.796988,"208 S Akard Street, Ste 110",75202,Wed Oct 26 08:52:01 +0000 2016,Now I understand why people say @ATT has terrible customer service. Smdh.,,,Twitter
Dallas1,32.776664,-96.796988,"208 S Akard Street, Ste 110",75202,Wed Oct 26 08:40:42 +0000 2016,RT @ATT: Welcome to the team! @taylorswift13 https://t.co/4h86nLYuLo https://t.co/gAHOi7fPrZ,,,Twitter
Dallas1,32.776664,-96.796988,"208 S Akard Street, Ste 110",75202,Wed Oct 26 07:59:16 +0000 2016,RT @ATT: Welcome to the team! @taylorswift13 https://t.co/4h86nLYuLo https://t.co/gAHOi7fPrZ,,,Twitter
Dallas1,32.776664,-96.796988,"208 S Akard Street, Ste 110",75202,Wed Oct 26 07:48:54 +0000 2016,RT @ATT: Welcome to the team! @taylorswift13 https://t.co/4h86nLYuLo https://t.co/gAHOi7fPrZ,,,Twitter
Dallas1,32.776664,-96.796988,"208 S Akard Street, Ste 110",75202,Wed Oct 26 07:28:34 +0000 2016,RT @ATT: Welcome to the team! @taylorswift13 https://t.co/4h86nLYuLo https://t.co/gAHOi7fPrZ,,,Twitter
Dallas1,32.776664,-96.796988,"208 S Akard Street, Ste 110",75202,Wed Oct 26 06:54:30 +0000 2016,RT @ATT: @ts6swift Not necessarily.  We’ll be giving away lots of tickets to Taylor fans including AT&amp;T customers and special guests.,,,Twitter
Dallas1,32.776664,-96.796988,"208 S Akard Street, Ste 110",75202,Wed Oct 26 06:44:52 +0000 2016,RT @JTeespeak: So great hangin w/ @GavinDeGraw thx to @DFWAcuraDealers @McDonalds &amp; @ATT  @JackFMDFW @MoreHits1037 https://t.co/V4rDDvLfkB,,,Twitter
Dallas1,32.776664,-96.796988,"208 S Akard Street, Ste 110",75202,Wed Oct 26 06:40:42 +0000 2016,@jsalinas300 @ATT fr mane I'm finna have to make a move to @TWCable_NEO,,,Twitter
Dallas1,32.776664,-96.796988,"208 S Akard Street, Ste 110",75202,Wed Oct 26 05:50:47 +0000 2016,RT @ATT: Welcome to the team! @taylorswift13 https://t.co/4h86nLYuLo https://t.co/gAHOi7fPrZ,,,Twitter
Dallas1,32.776664,-96.796988,"208 S Akard Street, Ste 110",75202,Wed Oct 26 05:18:23 +0000 2016,Bro @att wifi is fucking cheeks dude... always fucking slow,,,Twitter
Dallas1,32.776664,-96.796988,"208 S Akard Street, Ste 110",75202,Wed Oct 26 05:08:56 +0000 2016,RT @ATT: AT&amp;T #Fiber - The future of the internet is now! Starting with a 1000 Mbps connection. https://t.co/Rw8zxmVDRY,,,Twitter
Dallas1,32.776664,-96.796988,"208 S Akard Street, Ste 110",75202,Wed Oct 26 04:43:37 +0000 2016,RT @ATT: Get a sweet deal on the new iPhone 7 when you switch to AT&amp;T and have DIRECTV. https://t.co/TQVeUkmeZ6 https://t.co/zfZmNpe8AP,,,Twitter
Dallas1,32.776664,-96.796988,"208 S Akard Street, Ste 110",75202,Wed Oct 26 04:35:29 +0000 2016,RT @ATT: Welcome to the team! @taylorswift13 https://t.co/4h86nLYuLo https://t.co/gAHOi7fPrZ,,,Twitter
Dallas1,32.776664,-96.796988,"208 S Akard Street, Ste 110",75202,Wed Oct 26 04:33:06 +0000 2016,RT @ATT: Welcome to the team! @taylorswift13 https://t.co/4h86nLYuLo https://t.co/gAHOi7fPrZ,,,Twitter
Dallas1,32.776664,-96.796988,"208 S Akard Street, Ste 110",75202,Wed Oct 26 03:48:18 +0000 2016,@ATT thanks for selling our information. I hope your stock drops and you can't afford Time Warner,,,Twitter
Dallas1,32.776664,-96.796988,"208 S Akard Street, Ste 110",75202,Wed Oct 26 03:26:13 +0000 2016,Presenting Sponsor @ATT employee engagement rocks. Don't believe me just WATCH @slkite5 @dahnahull! Excellent. Really excellent. #OneUpThat,,,Twitter
Dallas1,32.776664,-96.796988,"208 S Akard Street, Ste 110",75202,Wed Oct 26 03:13:40 +0000 2016,RT @ATT: Welcome to the team! @taylorswift13 https://t.co/4h86nLYuLo https://t.co/gAHOi7fPrZ,,,Twitter
Dallas1,32.776664,-96.796988,"208 S Akard Street, Ste 110",75202,Wed Oct 26 02:38:07 +0000 2016,"RT @ATT: @ChooseFreeWill We appreciate the awesome shoutout, Rich -- we'll pass the kudos along to Matt!",,,Twitter
Dallas1,32.776664,-96.796988,"208 S Akard Street, Ste 110",75202,Wed Oct 26 02:28:52 +0000 2016,RT @ATT: Welcome to the team! @taylorswift13 https://t.co/4h86nLYuLo https://t.co/gAHOi7fPrZ,,,Twitter
Dallas1,32.776664,-96.796988,"208 S Akard Street, Ste 110",75202,Wed Oct 26 02:12:11 +0000 2016,Challenge accepted @JasonWDowning @DeloitteUS! @ATT @Charlene_Lake knows how 2 #GiveACheck &amp; have fun @ work too! Can @AroundTI #OneUpThat?,,,Twitter
Dallas1,32.776664,-96.796988,"208 S Akard Street, Ste 110",75202,Wed Oct 26 02:09:08 +0000 2016,Don't believe me just WATCH! Presenting Sponsor @ATT employee engagement rocks. Thank you! How can @AroundTI #OneUpThat? @UnitedWayDallas,,,Twitter
Dallas1,32.776664,-96.796988,"208 S Akard Street, Ste 110",75202,Wed Oct 26 02:06:09 +0000 2016,RT @ATT: Get a sweet deal on the new iPhone 7 when you switch to AT&amp;T and have DIRECTV. https://t.co/TQVeUkmeZ6 https://t.co/zfZmNpe8AP,,,Twitter
Dallas1,32.776664,-96.796988,"208 S Akard Street, Ste 110",75202,Wed Oct 26 01:57:46 +0000 2016,"Look, @Uverse, I get it. I worked in cable for 3 years. Your deal with Fox local channels amounts to Tough Shit for @MLB fans on PCs. Got it",,,Twitter
Dallas1,32.776664,-96.796988,"208 S Akard Street, Ste 110",75202,Wed Oct 26 01:57:20 +0000 2016,RT @JTeespeak: So great hangin w/ @GavinDeGraw thx to @DFWAcuraDealers @McDonalds &amp; @ATT  @JackFMDFW @MoreHits1037 https://t.co/V4rDDvLfkB,,,Twitter
Dallas1,32.776664,-96.796988,"208 S Akard Street, Ste 110",75202,Wed Oct 26 01:53:17 +0000 2016,RT @JTeespeak: So great hangin w/ @GavinDeGraw thx to @DFWAcuraDealers @McDonalds &amp; @ATT  @JackFMDFW @MoreHits1037 https://t.co/V4rDDvLfkB,,,Twitter
Dallas1,32.776664,-96.796988,"208 S Akard Street, Ste 110",75202,Wed Oct 26 01:39:11 +0000 2016,RT @JTeespeak: So great hangin w/ @GavinDeGraw thx to @DFWAcuraDealers @McDonalds &amp; @ATT  @JackFMDFW @MoreHits1037 https://t.co/V4rDDvLfkB,,,Twitter
Dallas1,32.776664,-96.796988,"208 S Akard Street, Ste 110",75202,Wed Oct 26 01:38:10 +0000 2016,RT @ATT: Welcome to the team! @taylorswift13 https://t.co/4h86nLYuLo https://t.co/gAHOi7fPrZ,,,Twitter
Dallas1,32.776664,-96.796988,"208 S Akard Street, Ste 110",75202,Wed Oct 26 01:22:20 +0000 2016,RT @JTeespeak: So great hangin w/ @GavinDeGraw thx to @DFWAcuraDealers @McDonalds &amp; @ATT  @JackFMDFW @MoreHits1037 https://t.co/V4rDDvLfkB,,,Twitter
Dallas1,32.776664,-96.796988,"208 S Akard Street, Ste 110",75202,Wed Oct 26 01:21:33 +0000 2016,RT @Justin_Fickle: @DIRECTV @DIRECTVService worst customer service experience I've ever had.  I was a customer for over 4+ yrs and spent th…,,,Twitter
Dallas1,32.776664,-96.796988,"208 S Akard Street, Ste 110",75202,Wed Oct 26 01:19:42 +0000 2016,RT @jasoncaston: Well played @ATT .. your move @Sling // AT&amp;T Undercuts Cable TV With $35 Internet Streaming Service https://t.co/k7ejWzNT2…,,,Twitter
Dallas1,32.776664,-96.796988,"208 S Akard Street, Ste 110",75202,Wed Oct 26 01:17:43 +0000 2016,Well played @ATT .. your move @Sling // AT&amp;T Undercuts Cable TV With $35 Internet Streaming Service… https://t.co/h03oDQPtMG,,,Twitter
Dallas1,32.776664,-96.796988,"208 S Akard Street, Ste 110",75202,Wed Oct 26 00:43:32 +0000 2016,RT @ATT: Get a sweet deal on the new iPhone 7 when you switch to AT&amp;T and have DIRECTV. https://t.co/TQVeUkmeZ6 https://t.co/zfZmNpe8AP,,,Twitter
Dallas1,32.776664,-96.796988,"208 S Akard Street, Ste 110",75202,Wed Oct 26 00:42:33 +0000 2016,RT @ATT: Welcome to the team! @taylorswift13 https://t.co/4h86nLYuLo https://t.co/gAHOi7fPrZ,,,Twitter
Dallas1,32.776664,-96.796988,"208 S Akard Street, Ste 110",75202,Wed Oct 26 00:33:16 +0000 2016,RT @ATT: Get a sweet deal on the new iPhone 7 when you switch to AT&amp;T and have DIRECTV. https://t.co/TQVeUkmeZ6 https://t.co/zfZmNpe8AP,,,Twitter
Dallas1,32.776664,-96.796988,"208 S Akard Street, Ste 110",75202,Wed Oct 26 00:33:10 +0000 2016,RT @Uverse: It’s time to break out your cowboy boots for @GarthBrooks + @ATT’s exclusive country music concert on 11/10 at 8/7c. https://t.…,,,Twitter
Dallas1,32.776664,-96.796988,"208 S Akard Street, Ste 110",75202,Wed Oct 26 00:25:28 +0000 2016,RT @tannerthehammer: @ATT might have the worst customer service out there. Honestly should consider changing dept name to Customer Disservi…,,,Twitter
Dallas1,32.776664,-96.796988,"208 S Akard Street, Ste 110",75202,Wed Oct 26 00:23:54 +0000 2016,RT @DMNBiz: The Latin America assets of @ATT could figure more prominently after Time Warner deal https://t.co/Op4NIy095z | @Melissa_Repko…,,,Twitter
Dallas1,32.776664,-96.796988,"208 S Akard Street, Ste 110",75202,Wed Oct 26 00:18:28 +0000 2016,RT @Uverse: It’s time to break out your cowboy boots for @GarthBrooks + @ATT’s exclusive country music concert on 11/10 at 8/7c. https://t.…,,,Twitter
Dallas1,32.776664,-96.796988,"208 S Akard Street, Ste 110",75202,Wed Oct 26 00:17:34 +0000 2016,RT @ATT: Get a sweet deal on the new iPhone 7 when you switch to AT&amp;T and have DIRECTV. https://t.co/TQVeUkmeZ6 https://t.co/zfZmNpe8AP,,,Twitter
Dallas1,32.776664,-96.796988,"208 S Akard Street, Ste 110",75202,Wed Oct 26 00:10:35 +0000 2016,RT @ATT: Welcome to the team! @taylorswift13 https://t.co/4h86nLYuLo https://t.co/gAHOi7fPrZ,,,Twitter
Dallas1,32.776664,-96.796988,"208 S Akard Street, Ste 110",75202,Wed Oct 26 00:08:55 +0000 2016,It’s time to break out your cowboy boots for @GarthBrooks + @ATT’s exclusive country music concert on 11/10 at 8/7c… https://t.co/RDR8X0p98Y,,,Twitter
Dallas1,32.776664,-96.796988,"208 S Akard Street, Ste 110",75202,Wed Oct 26 00:06:30 +0000 2016,The Latin America assets of @ATT could figure more prominently after Time Warner deal https://t.co/Op4NIy095z |… https://t.co/U1GMQpxAIk,,,Twitter
Dallas1,32.776664,-96.796988,"208 S Akard Street, Ste 110",75202,Wed Oct 26 00:02:12 +0000 2016,RT @ATT: Welcome to the team! @taylorswift13 https://t.co/4h86nLYuLo https://t.co/gAHOi7fPrZ,,,Twitter
Dallas1,32.776664,-96.796988,"208 S Akard Street, Ste 110",75202,Tue Oct 25 23:42:17 +0000 2016,"@BobsFunGirl Possible alternative plan. I'll see later. I'm just tired of being dicked around by @Uverse, @MLB, and @MLBONFOX.",,,Twitter
Dallas1,32.776664,-96.796988,"208 S Akard Street, Ste 110",75202,Tue Oct 25 23:36:10 +0000 2016,How have Texas lawmakers reacted to @ATT's megamerger? Mostly with silence | https://t.co/e1F0k2g03S @tombenning https://t.co/RgXes9gcyK,,,Twitter
Dallas1,32.776664,-96.796988,"208 S Akard Street, Ste 110",75202,Tue Oct 25 23:35:05 +0000 2016,"Oh cool, the Series is on Fox broadcast only, which I can't watch via @Uverse on my PC (unlike FS1). Awesome job, everyone. Thanks a lot.",,,Twitter
Dallas1,32.776664,-96.796988,"208 S Akard Street, Ste 110",75202,Tue Oct 25 23:34:33 +0000 2016,Dallas-based @ATT accused of profiting from decades of #hemisphere #surveillance data. #ATT @SteveBrownDMN… https://t.co/gZmy2Vq0o1,,,Twitter
Dallas1,32.776664,-96.796988,"208 S Akard Street, Ste 110",75202,Tue Oct 25 23:21:58 +0000 2016,@GavinDeGraw @DFWAcuraDealers @McDonalds @ATT @JackFMDFW @MoreHits1037 thank u brotha!,,,Twitter
