Store,Latitude,Longitude,Address,Zip,CreatedAt,Text,Senti,Rating,Source
Dallas7,32.8957338,-96.8079243,5959 Royal Lane,75230,Sun Oct 23 01:38:01 +0000 2016,"Commentary: Can AT&amp;T and Time Warner avoid a left-brain, right-brain culture clash? | @MitchSchnur… https://t.co/p7j9unDWDA",,,Twitter
Dallas7,32.8957338,-96.8079243,5959 Royal Lane,75230,Sun Oct 23 01:37:02 +0000 2016,"RT @zombieparmesan: It’s official: AT&amp;T is buying Time Warner. So, get ready to lose your unlimited data plans TWC Internet users. #FCC #AT…",,,Twitter
Dallas7,32.8957338,-96.8079243,5959 Royal Lane,75230,Sun Oct 23 01:36:51 +0000 2016,RT @ATT: The #futureofvideo is mobile and the #futureofmobile is video. Time Warner + AT&amp;T make it happen! @twxcorp https://t.co/GKx4U9TQYg,,,Twitter
Dallas7,32.8957338,-96.8079243,5959 Royal Lane,75230,Sun Oct 23 01:36:16 +0000 2016,RT @ATT: The #futureofvideo is mobile and the #futureofmobile is video. Time Warner + AT&amp;T make it happen! @twxcorp https://t.co/GKx4U9TQYg,,,Twitter
Dallas7,32.8957338,-96.8079243,5959 Royal Lane,75230,Sun Oct 23 01:36:01 +0000 2016,RT @ATT: The #futureofvideo is mobile and the #futureofmobile is video. Time Warner + AT&amp;T make it happen! @twxcorp https://t.co/GKx4U9TQYg,,,Twitter
Dallas7,32.8957338,-96.8079243,5959 Royal Lane,75230,Sun Oct 23 01:34:20 +0000 2016,RT @DougMagditch: It's official: AT&amp;T to Acquire Time Warner ... I'm so excited for the future of our company! https://t.co/soDLs4C87o #att…,,,Twitter
Dallas7,32.8957338,-96.8079243,5959 Royal Lane,75230,Sun Oct 23 01:34:15 +0000 2016,RT @DougMagditch: It's official: AT&amp;T to Acquire Time Warner ... I'm so excited for the future of our company! https://t.co/soDLs4C87o #att…,,,Twitter
Dallas7,32.8957338,-96.8079243,5959 Royal Lane,75230,Sun Oct 23 01:33:54 +0000 2016,Didn't we have to break AT&amp;T up once before? https://t.co/F2GGIRFUZg,,,Twitter
Dallas7,32.8957338,-96.8079243,5959 Royal Lane,75230,Sun Oct 23 01:33:09 +0000 2016,RT @dallasnews: Donald Trump says he would block AT&amp;T-Time Warner merger if elected  https://t.co/XmCbKogRWi https://t.co/30j3wwnrTl,,,Twitter
Dallas7,32.8957338,-96.8079243,5959 Royal Lane,75230,Sun Oct 23 01:32:37 +0000 2016,"RT @ATT: Watch the @GreenDay @iHeartRadio Album Release Party Tonight, 9pm ET/PT on AUDIENCE. DIRECTV ch 239/U-verse ch 1114. https://t.co/…",,,Twitter
Dallas7,32.8957338,-96.8079243,5959 Royal Lane,75230,Sun Oct 23 01:32:04 +0000 2016,"RT @ATT: Some people may wait a lifetime, but you don't have to. On 11/2-3, AT&amp;T customers can buy @kelly_clarkson tix early. https://t.co/…",,,Twitter
Dallas7,32.8957338,-96.8079243,5959 Royal Lane,75230,Sun Oct 23 01:31:40 +0000 2016,"RT @dallasnews: How the AT&amp;T-Time Warner deal changes the TV, mobile landscapes  https://t.co/tmdg7lCBj2 https://t.co/GXCgTSCj0J",,,Twitter
Dallas7,32.8957338,-96.8079243,5959 Royal Lane,75230,Sun Oct 23 01:30:43 +0000 2016,RT @ATT: The #futureofvideo is mobile and the #futureofmobile is video. Time Warner + AT&amp;T make it happen! @twxcorp https://t.co/GKx4U9TQYg,,,Twitter
Dallas7,32.8957338,-96.8079243,5959 Royal Lane,75230,Sun Oct 23 01:29:37 +0000 2016,RT @ATT: The #futureofvideo is mobile and the #futureofmobile is video. Time Warner + AT&amp;T make it happen! @twxcorp https://t.co/GKx4U9TQYg,,,Twitter
Dallas7,32.8957338,-96.8079243,5959 Royal Lane,75230,Sun Oct 23 01:29:00 +0000 2016,RT @ATT: The #futureofvideo is mobile and the #futureofmobile is video. Time Warner + AT&amp;T make it happen! @twxcorp https://t.co/GKx4U9TQYg,,,Twitter
Dallas7,32.8957338,-96.8079243,5959 Royal Lane,75230,Sun Oct 23 01:25:08 +0000 2016,RT @ATT: Welcome to the team! @taylorswift13 https://t.co/4h86nLYuLo https://t.co/gAHOi7fPrZ,,,Twitter
Dallas7,32.8957338,-96.8079243,5959 Royal Lane,75230,Sun Oct 23 01:24:04 +0000 2016,"RT @ATT: @EliteTravelGal Enjoy your new gear, Stacy! 😍 https://t.co/GodmaxF4Xq",,,Twitter
Dallas7,32.8957338,-96.8079243,5959 Royal Lane,75230,Sun Oct 23 01:21:22 +0000 2016,RT @dallasnews: Donald Trump says he would block AT&amp;T-Time Warner merger if elected  https://t.co/XmCbKogRWi https://t.co/30j3wwnrTl,,,Twitter
Dallas7,32.8957338,-96.8079243,5959 Royal Lane,75230,Sun Oct 23 01:19:21 +0000 2016,RT @dallasnews: Donald Trump says he would block AT&amp;T-Time Warner merger if elected  https://t.co/XmCbKogRWi https://t.co/30j3wwnrTl,,,Twitter
Dallas7,32.8957338,-96.8079243,5959 Royal Lane,75230,Sun Oct 23 01:18:48 +0000 2016,RT @ATT: The #futureofvideo is mobile and the #futureofmobile is video. Time Warner + AT&amp;T make it happen! @twxcorp https://t.co/GKx4U9TQYg,,,Twitter
Dallas7,32.8957338,-96.8079243,5959 Royal Lane,75230,Sun Oct 23 01:17:45 +0000 2016,RT @DougMagditch: It's official: AT&amp;T to Acquire Time Warner ... I'm so excited for the future of our company! https://t.co/soDLs4C87o #att…,,,Twitter
Dallas7,32.8957338,-96.8079243,5959 Royal Lane,75230,Sun Oct 23 01:16:22 +0000 2016,Donald Trump says he would block AT&amp;T-Time Warner merger if elected  https://t.co/XmCbKogRWi https://t.co/30j3wwnrTl,,,Twitter
Dallas7,32.8957338,-96.8079243,5959 Royal Lane,75230,Sun Oct 23 01:16:17 +0000 2016,"It’s official: AT&amp;T is buying Time Warner. So, get ready to lose your unlimited data plans TWC Internet users. #FCC #ATT #BadBiz #Unreal",,,Twitter
Dallas7,32.8957338,-96.8079243,5959 Royal Lane,75230,Sun Oct 23 01:16:01 +0000 2016,RT @ATT: The #futureofvideo is mobile and the #futureofmobile is video. Time Warner + AT&amp;T make it happen! @twxcorp https://t.co/GKx4U9TQYg,,,Twitter
Dallas7,32.8957338,-96.8079243,5959 Royal Lane,75230,Sun Oct 23 01:15:50 +0000 2016,RT @ATT: The #futureofvideo is mobile and the #futureofmobile is video. Time Warner + AT&amp;T make it happen! @twxcorp https://t.co/GKx4U9TQYg,,,Twitter
Dallas7,32.8957338,-96.8079243,5959 Royal Lane,75230,Sun Oct 23 01:13:03 +0000 2016,"RT @dallasnews: How the AT&amp;T-Time Warner deal changes the TV, mobile landscapes  https://t.co/tmdg7lCBj2 https://t.co/GXCgTSCj0J",,,Twitter
Dallas7,32.8957338,-96.8079243,5959 Royal Lane,75230,Sun Oct 23 01:11:07 +0000 2016,RT @ATT: Welcome to the team! @taylorswift13 https://t.co/4h86nLYuLo https://t.co/gAHOi7fPrZ,,,Twitter
Dallas7,32.8957338,-96.8079243,5959 Royal Lane,75230,Sun Oct 23 01:10:23 +0000 2016,"RT @dallasnews: How the AT&amp;T-Time Warner deal changes the TV, mobile landscapes  https://t.co/tmdg7lCBj2 https://t.co/GXCgTSCj0J",,,Twitter
Dallas7,32.8957338,-96.8079243,5959 Royal Lane,75230,Sun Oct 23 01:10:14 +0000 2016,"Even by Texas standards, #ATT deal is huge. Take a look at how recent deals stack up https://t.co/UY360tYzWV #DFW #Tech",,,Twitter
Dallas7,32.8957338,-96.8079243,5959 Royal Lane,75230,Sun Oct 23 01:10:11 +0000 2016,"Even by Texas standards, #ATT deal is huge. Take a look at how recent deals stack up https://t.co/NTV3RloclV #DFW #realestate",,,Twitter
Dallas7,32.8957338,-96.8079243,5959 Royal Lane,75230,Sun Oct 23 01:10:09 +0000 2016,"RT @theblaze: Report: AT&amp;T wants to buy Time Warner in $80 billion mega-deal
https://t.co/QEDAC95J1T https://t.co/ChTnEiekcu",,,Twitter
Dallas7,32.8957338,-96.8079243,5959 Royal Lane,75230,Sun Oct 23 01:09:18 +0000 2016,",@ATT statement re: deal to purchase Time Warner https://t.co/0qE8E6LSSZ",,,Twitter
Dallas7,32.8957338,-96.8079243,5959 Royal Lane,75230,Sun Oct 23 01:08:20 +0000 2016,RT @ATT: The #futureofvideo is mobile and the #futureofmobile is video. Time Warner + AT&amp;T make it happen! @twxcorp https://t.co/GKx4U9TQYg,,,Twitter
Dallas7,32.8957338,-96.8079243,5959 Royal Lane,75230,Sun Oct 23 01:08:00 +0000 2016,RT @DougMagditch: It's official: AT&amp;T to Acquire Time Warner ... I'm so excited for the future of our company! https://t.co/soDLs4C87o #att…,,,Twitter
Dallas7,32.8957338,-96.8079243,5959 Royal Lane,75230,Sun Oct 23 01:06:11 +0000 2016,"RT @dallasnews: How the AT&amp;T-Time Warner deal changes the TV, mobile landscapes  https://t.co/tmdg7lCBj2 https://t.co/GXCgTSCj0J",,,Twitter
Dallas7,32.8957338,-96.8079243,5959 Royal Lane,75230,Sun Oct 23 01:05:57 +0000 2016,"How the AT&amp;T-Time Warner deal changes the TV, mobile landscapes  https://t.co/tmdg7lCBj2 https://t.co/GXCgTSCj0J",,,Twitter
Dallas7,32.8957338,-96.8079243,5959 Royal Lane,75230,Sun Oct 23 01:05:18 +0000 2016,"RT @ATT: Some people may wait a lifetime, but you don't have to. On 11/2-3, AT&amp;T customers can buy @kelly_clarkson tix early. https://t.co/…",,,Twitter
Dallas7,32.8957338,-96.8079243,5959 Royal Lane,75230,Sun Oct 23 01:04:54 +0000 2016,RT @ATT: The #futureofvideo is mobile and the #futureofmobile is video. Time Warner + AT&amp;T make it happen! @twxcorp https://t.co/GKx4U9TQYg,,,Twitter
Dallas7,32.8957338,-96.8079243,5959 Royal Lane,75230,Sun Oct 23 01:04:08 +0000 2016,"Can AT&amp;T and Time Warner avoid a left-brain, right-brain culture clash? https://t.co/dBmczVFcln",,,Twitter
Dallas7,32.8957338,-96.8079243,5959 Royal Lane,75230,Sun Oct 23 01:02:15 +0000 2016,RT @ATT: The #futureofvideo is mobile and the #futureofmobile is video. Time Warner + AT&amp;T make it happen! @twxcorp https://t.co/GKx4U9TQYg,,,Twitter
Dallas7,32.8957338,-96.8079243,5959 Royal Lane,75230,Sun Oct 23 01:01:22 +0000 2016,RT @ATT: The #futureofvideo is mobile and the #futureofmobile is video. Time Warner + AT&amp;T make it happen! @twxcorp https://t.co/GKx4U9TQYg,,,Twitter
Dallas7,32.8957338,-96.8079243,5959 Royal Lane,75230,Sun Oct 23 00:59:33 +0000 2016,RT @ATT: The #futureofvideo is mobile and the #futureofmobile is video. Time Warner + AT&amp;T make it happen! @twxcorp https://t.co/GKx4U9TQYg,,,Twitter
Dallas7,32.8957338,-96.8079243,5959 Royal Lane,75230,Sun Oct 23 00:59:29 +0000 2016,RT @ATT: Welcome to the team! @taylorswift13 https://t.co/4h86nLYuLo https://t.co/gAHOi7fPrZ,,,Twitter
Dallas7,32.8957338,-96.8079243,5959 Royal Lane,75230,Sun Oct 23 00:58:43 +0000 2016,RT @ATT: Welcome to the team! @taylorswift13 https://t.co/4h86nLYuLo https://t.co/gAHOi7fPrZ,,,Twitter
Dallas7,32.8957338,-96.8079243,5959 Royal Lane,75230,Sun Oct 23 00:57:25 +0000 2016,STATEMENT from Dallas-based AT&amp;T on deal to buy Time Warner for about $85 BILLION: https://t.co/fSd8Ew4x99,,,Twitter
Dallas7,32.8957338,-96.8079243,5959 Royal Lane,75230,Sun Oct 23 00:56:51 +0000 2016,RT @ATT: The #futureofvideo is mobile and the #futureofmobile is video. Time Warner + AT&amp;T make it happen! @twxcorp https://t.co/GKx4U9TQYg,,,Twitter
Dallas7,32.8957338,-96.8079243,5959 Royal Lane,75230,Sun Oct 23 00:54:46 +0000 2016,RT @ATT: The #futureofvideo is mobile and the #futureofmobile is video. Time Warner + AT&amp;T make it happen! @twxcorp https://t.co/GKx4U9TQYg,,,Twitter
Dallas7,32.8957338,-96.8079243,5959 Royal Lane,75230,Sun Oct 23 00:54:38 +0000 2016,RT @ATT: Welcome to the team! @taylorswift13 https://t.co/4h86nLYuLo https://t.co/gAHOi7fPrZ,,,Twitter
Dallas7,32.8957338,-96.8079243,5959 Royal Lane,75230,Sun Oct 23 00:52:09 +0000 2016,RT @ATT: The #futureofvideo is mobile and the #futureofmobile is video. Time Warner + AT&amp;T make it happen! @twxcorp https://t.co/GKx4U9TQYg,,,Twitter
Dallas7,32.8957338,-96.8079243,5959 Royal Lane,75230,Sun Oct 23 00:51:33 +0000 2016,RT @ATT: The #futureofvideo is mobile and the #futureofmobile is video. Time Warner + AT&amp;T make it happen! @twxcorp https://t.co/GKx4U9TQYg,,,Twitter
Dallas7,32.8957338,-96.8079243,5959 Royal Lane,75230,Sun Oct 23 00:51:32 +0000 2016,RT @ATT: The #futureofvideo is mobile and the #futureofmobile is video. Time Warner + AT&amp;T make it happen! @twxcorp https://t.co/GKx4U9TQYg,,,Twitter
Dallas7,32.8957338,-96.8079243,5959 Royal Lane,75230,Sun Oct 23 00:50:26 +0000 2016,RT @ATT: Welcome to the team! @taylorswift13 https://t.co/4h86nLYuLo https://t.co/gAHOi7fPrZ,,,Twitter
Dallas7,32.8957338,-96.8079243,5959 Royal Lane,75230,Sun Oct 23 00:50:15 +0000 2016,RT @ATT: The #futureofvideo is mobile and the #futureofmobile is video. Time Warner + AT&amp;T make it happen! @twxcorp https://t.co/GKx4U9TQYg,,,Twitter
Dallas7,32.8957338,-96.8079243,5959 Royal Lane,75230,Sun Oct 23 00:50:08 +0000 2016,RT @RickTweetTweet: Breaking News!!! AT&amp;T to Acquire Time Warner! My family just got bigger! #LifeAtATT  #TimeWarner https://t.co/RUAJa5ciO…,,,Twitter
Dallas7,32.8957338,-96.8079243,5959 Royal Lane,75230,Sun Oct 23 00:50:00 +0000 2016,"AT&amp;T to acquire Time Warner,  me to get one step closer to that GOT extra role I've always dreamed of.… https://t.co/WktAvl3mwb",,,Twitter
Dallas7,32.8957338,-96.8079243,5959 Royal Lane,75230,Sun Oct 23 00:49:37 +0000 2016,Breaking News!!! AT&amp;T to Acquire Time Warner! My family just got bigger! #LifeAtATT  #TimeWarner… https://t.co/gGz251q8H8,,,Twitter
Dallas7,32.8957338,-96.8079243,5959 Royal Lane,75230,Sun Oct 23 00:49:17 +0000 2016,RT @ATT: The #futureofvideo is mobile and the #futureofmobile is video. Time Warner + AT&amp;T make it happen! @twxcorp https://t.co/GKx4U9TQYg,,,Twitter
Dallas7,32.8957338,-96.8079243,5959 Royal Lane,75230,Sun Oct 23 00:47:24 +0000 2016,RT @ATT: The #futureofvideo is mobile and the #futureofmobile is video. Time Warner + AT&amp;T make it happen! @twxcorp https://t.co/GKx4U9TQYg,,,Twitter
Dallas7,32.8957338,-96.8079243,5959 Royal Lane,75230,Sun Oct 23 00:47:06 +0000 2016,"RT @ATT: Watch the @GreenDay @iHeartRadio Album Release Party Tonight, 9pm ET/PT on AUDIENCE. DIRECTV ch 239/U-verse ch 1114. https://t.co/…",,,Twitter
Dallas7,32.8957338,-96.8079243,5959 Royal Lane,75230,Sun Oct 23 00:46:04 +0000 2016,"AT&amp;T acquires Time Warner in media mega-deal AT&amp;T acquires Time Warner in media mega-deal
https://t.co/QcEJuJYXMY",,,Twitter
Dallas7,32.8957338,-96.8079243,5959 Royal Lane,75230,Sun Oct 23 00:46:04 +0000 2016,"AT&amp;T acquires Time Warner in media mega-deal AT&amp;T acquires Time Warner in media mega-deal
https://t.co/qJlcAmlLyt",,,Twitter
Dallas7,32.8957338,-96.8079243,5959 Royal Lane,75230,Sun Oct 23 00:45:59 +0000 2016,RT @ATT: Welcome to the team! @taylorswift13 https://t.co/4h86nLYuLo https://t.co/gAHOi7fPrZ,,,Twitter
Dallas7,32.8957338,-96.8079243,5959 Royal Lane,75230,Sun Oct 23 00:45:41 +0000 2016,RT @ATT: The #futureofvideo is mobile and the #futureofmobile is video. Time Warner + AT&amp;T make it happen! @twxcorp https://t.co/GKx4U9TQYg,,,Twitter
Dallas7,32.8957338,-96.8079243,5959 Royal Lane,75230,Sun Oct 23 00:45:01 +0000 2016,AT&amp;T Agrees to Buy Time Warner [HBO &amp; CNN] for $85.4 Billion - https://t.co/9YUDxxn10C https://t.co/yqbOvEMsOX,,,Twitter
Dallas7,32.8957338,-96.8079243,5959 Royal Lane,75230,Sun Oct 23 00:44:46 +0000 2016,RT @ATT: The #futureofvideo is mobile and the #futureofmobile is video. Time Warner + AT&amp;T make it happen! @twxcorp https://t.co/GKx4U9TQYg,,,Twitter
Dallas7,32.8957338,-96.8079243,5959 Royal Lane,75230,Sun Oct 23 00:44:36 +0000 2016,RT @ATT: The #futureofvideo is mobile and the #futureofmobile is video. Time Warner + AT&amp;T make it happen! @twxcorp https://t.co/GKx4U9TQYg,,,Twitter
Dallas7,32.8957338,-96.8079243,5959 Royal Lane,75230,Sun Oct 23 00:44:29 +0000 2016,"RT @ATT: Some people may wait a lifetime, but you don't have to. On 11/2-3, AT&amp;T customers can buy @kelly_clarkson tix early. https://t.co/…",,,Twitter
Dallas7,32.8957338,-96.8079243,5959 Royal Lane,75230,Sun Oct 23 00:43:29 +0000 2016,"RT @ATT: @EliteTravelGal Enjoy your new gear, Stacy! 😍 https://t.co/GodmaxF4Xq",,,Twitter
Dallas7,32.8957338,-96.8079243,5959 Royal Lane,75230,Sun Oct 23 00:42:59 +0000 2016,RT @DougMagditch: It's official: AT&amp;T to Acquire Time Warner ... I'm so excited for the future of our company! https://t.co/soDLs4C87o #att…,,,Twitter
Dallas7,32.8957338,-96.8079243,5959 Royal Lane,75230,Sun Oct 23 00:40:27 +0000 2016,RT @ATT: The #futureofvideo is mobile and the #futureofmobile is video. Time Warner + AT&amp;T make it happen! @twxcorp https://t.co/GKx4U9TQYg,,,Twitter
Dallas7,32.8957338,-96.8079243,5959 Royal Lane,75230,Sun Oct 23 00:38:54 +0000 2016,"RT @ATT: Watch the @GreenDay @iHeartRadio Album Release Party Tonight, 9pm ET/PT on AUDIENCE. DIRECTV ch 239/U-verse ch 1114. https://t.co/…",,,Twitter
Dallas7,32.8957338,-96.8079243,5959 Royal Lane,75230,Sun Oct 23 00:37:12 +0000 2016,RT @ATT: The #futureofvideo is mobile and the #futureofmobile is video. Time Warner + AT&amp;T make it happen! @twxcorp https://t.co/GKx4U9TQYg,,,Twitter
Dallas7,32.8957338,-96.8079243,5959 Royal Lane,75230,Sun Oct 23 00:36:52 +0000 2016,RT @ATT: The #futureofvideo is mobile and the #futureofmobile is video. Time Warner + AT&amp;T make it happen! @twxcorp https://t.co/GKx4U9TQYg,,,Twitter
Dallas7,32.8957338,-96.8079243,5959 Royal Lane,75230,Sun Oct 23 00:36:27 +0000 2016,RT @ATT: The #futureofvideo is mobile and the #futureofmobile is video. Time Warner + AT&amp;T make it happen! @twxcorp https://t.co/GKx4U9TQYg,,,Twitter
Dallas7,32.8957338,-96.8079243,5959 Royal Lane,75230,Sun Oct 23 00:36:11 +0000 2016,AT&amp;T to buy Time Warner in $85 billion media mega deal https://t.co/Ub0tCMxcTc,,,Twitter
Dallas7,32.8957338,-96.8079243,5959 Royal Lane,75230,Sun Oct 23 00:35:25 +0000 2016,RT @ATT: The #futureofvideo is mobile and the #futureofmobile is video. Time Warner + AT&amp;T make it happen! @twxcorp https://t.co/GKx4U9TQYg,,,Twitter
Dallas7,32.8957338,-96.8079243,5959 Royal Lane,75230,Sun Oct 23 00:35:09 +0000 2016,Confirmed: #AT_T is buying #Time_Warner for $85.4B in cash and shares https://t.co/Gain8YNbWl @scottia https://t.co/3WHNBgaPaa,,,Twitter
Dallas7,32.8957338,-96.8079243,5959 Royal Lane,75230,Sun Oct 23 00:34:58 +0000 2016,It's official: AT&amp;T to Acquire Time Warner ... I'm so excited for the future of our company!… https://t.co/bzRWNapE9A,,,Twitter
Dallas7,32.8957338,-96.8079243,5959 Royal Lane,75230,Sun Oct 23 00:34:54 +0000 2016,RT @ATT: Welcome to the team! @taylorswift13 https://t.co/4h86nLYuLo https://t.co/gAHOi7fPrZ,,,Twitter
Dallas7,32.8957338,-96.8079243,5959 Royal Lane,75230,Sun Oct 23 00:34:03 +0000 2016,Confirmed: AT&amp;T is buying Time Warner for $85.4B in cash and shares https://t.co/PcLj0VmHhr https://t.co/FrfTawIx21,,,Twitter
Dallas7,32.8957338,-96.8079243,5959 Royal Lane,75230,Sun Oct 23 00:33:58 +0000 2016,RT @ATT: The #futureofvideo is mobile and the #futureofmobile is video. Time Warner + AT&amp;T make it happen! @twxcorp https://t.co/GKx4U9TQYg,,,Twitter
Dallas7,32.8957338,-96.8079243,5959 Royal Lane,75230,Sun Oct 23 00:32:47 +0000 2016,"AT&amp;T to buy Time Warner for $85.4 billion - After no small amount of anticipation, it's official: AT&amp;amp;T has ... https://t.co/9dBZDWmIqH",,,Twitter
Dallas7,32.8957338,-96.8079243,5959 Royal Lane,75230,Sun Oct 23 00:31:48 +0000 2016,RT @ATT: The #futureofvideo is mobile and the #futureofmobile is video. Time Warner + AT&amp;T make it happen! @twxcorp https://t.co/GKx4U9TQYg,,,Twitter
Dallas7,32.8957338,-96.8079243,5959 Royal Lane,75230,Sun Oct 23 00:31:25 +0000 2016,AT&amp;T and Time Warner strike a deal via @Krobijake https://t.co/AcTpZ2m7m8 via @dallasnews,,,Twitter
Dallas7,32.8957338,-96.8079243,5959 Royal Lane,75230,Sun Oct 23 00:31:09 +0000 2016,RT @ATT: The #futureofvideo is mobile and the #futureofmobile is video. Time Warner + AT&amp;T make it happen! @twxcorp https://t.co/GKx4U9TQYg,,,Twitter
Dallas7,32.8957338,-96.8079243,5959 Royal Lane,75230,Sun Oct 23 00:30:29 +0000 2016,RT @ATT: Welcome to the team! @taylorswift13 https://t.co/4h86nLYuLo https://t.co/gAHOi7fPrZ,,,Twitter
Dallas7,32.8957338,-96.8079243,5959 Royal Lane,75230,Sun Oct 23 00:29:08 +0000 2016,"#Dallas based #ATT w/ #TimeWarner largest net providers 4 #SouthDallas.  We must consider making Internet a utility.
https://t.co/ACzaANYS4Y",,,Twitter
Dallas7,32.8957338,-96.8079243,5959 Royal Lane,75230,Sun Oct 23 00:28:40 +0000 2016,RT @ATT: The #futureofvideo is mobile and the #futureofmobile is video. Time Warner + AT&amp;T make it happen! @twxcorp https://t.co/GKx4U9TQYg,,,Twitter
Dallas7,32.8957338,-96.8079243,5959 Royal Lane,75230,Sun Oct 23 00:28:34 +0000 2016,RT @ATT: Get a sweet deal on the new iPhone 7 when you switch to AT&amp;T and have DIRECTV. https://t.co/TQVeUkmeZ6 https://t.co/zfZmNpe8AP,,,Twitter
Dallas7,32.8957338,-96.8079243,5959 Royal Lane,75230,Sun Oct 23 00:27:17 +0000 2016,RT @ATT: The #futureofvideo is mobile and the #futureofmobile is video. Time Warner + AT&amp;T make it happen! @twxcorp https://t.co/GKx4U9TQYg,,,Twitter
Dallas7,32.8957338,-96.8079243,5959 Royal Lane,75230,Sun Oct 23 00:26:33 +0000 2016,RT @KRLD: #BREAKING: Dallas-based @ATT buys HBO and CNN owner Time Warner for $85.4 billion. https://t.co/S5BXdXVGVB,,,Twitter
Dallas7,32.8957338,-96.8079243,5959 Royal Lane,75230,Sun Oct 23 00:25:28 +0000 2016,RT @ATT: The #futureofvideo is mobile and the #futureofmobile is video. Time Warner + AT&amp;T make it happen! @twxcorp https://t.co/GKx4U9TQYg,,,Twitter
Dallas7,32.8957338,-96.8079243,5959 Royal Lane,75230,Sun Oct 23 00:24:28 +0000 2016,RT @ATT: The #futureofvideo is mobile and the #futureofmobile is video. Time Warner + AT&amp;T make it happen! @twxcorp https://t.co/GKx4U9TQYg,,,Twitter
Dallas7,32.8957338,-96.8079243,5959 Royal Lane,75230,Sun Oct 23 00:24:25 +0000 2016,RT @ATT: The #futureofvideo is mobile and the #futureofmobile is video. Time Warner + AT&amp;T make it happen! @twxcorp https://t.co/GKx4U9TQYg,,,Twitter
Dallas7,32.8957338,-96.8079243,5959 Royal Lane,75230,Sun Oct 23 00:24:14 +0000 2016,RT @ATT: The #futureofvideo is mobile and the #futureofmobile is video. Time Warner + AT&amp;T make it happen! @twxcorp https://t.co/GKx4U9TQYg,,,Twitter
Dallas7,32.8957338,-96.8079243,5959 Royal Lane,75230,Sun Oct 23 00:23:56 +0000 2016,RT @FeedDallas: CBS Dallas: AT&amp;T Buying HBO And CNN Owner Time Warner For $85.4 Billion https://t.co/t1cju9DNu3 #dallas,,,Twitter
Dallas7,32.8957338,-96.8079243,5959 Royal Lane,75230,Sun Oct 23 00:23:41 +0000 2016,RT @ATT: The #futureofvideo is mobile and the #futureofmobile is video. Time Warner + AT&amp;T make it happen! @twxcorp https://t.co/GKx4U9TQYg,,,Twitter
Dallas7,32.8957338,-96.8079243,5959 Royal Lane,75230,Sun Oct 23 00:23:30 +0000 2016,#BREAKING: Dallas-based @ATT buys HBO and CNN owner Time Warner for $85.4 billion. https://t.co/S5BXdXVGVB,,,Twitter
Dallas7,32.8957338,-96.8079243,5959 Royal Lane,75230,Sun Oct 23 00:23:22 +0000 2016,RT @ATT: Welcome to the team! @taylorswift13 https://t.co/4h86nLYuLo https://t.co/gAHOi7fPrZ,,,Twitter
