Dallas12,32.836504,-96.771185,5618 E Mockingbird Lane,75206,Thu Oct 20 15:09:56 +0000 2016,"@JohnSmiith_WD @ATT Sadly, that seems to be the trend. The price is going to have to drop considerably for me to consider gigapower.",,,Twitter
Dallas12,32.836504,-96.771185,5618 E Mockingbird Lane,75206,Thu Oct 20 15:08:57 +0000 2016,RT @ATT: AT&amp;T #Fiber - The future of the internet is now! Starting with a 1000 Mbps connection. https://t.co/oZ1julCt3F,,,Twitter
Dallas12,32.836504,-96.771185,5618 E Mockingbird Lane,75206,Thu Oct 20 15:06:37 +0000 2016,"Macs are cheaper for businesses, and even IBM says so https://t.co/HAy58slizz via @Recode #ATT @att",,,Twitter
Dallas12,32.836504,-96.771185,5618 E Mockingbird Lane,75206,Thu Oct 20 15:05:58 +0000 2016,RT @ATT: Who made you a college 🏈 fan? Share with #MadeMeAFanContest for a chance to win. Rules https://t.co/hU3I3wFn5V https://t.co/xZbxUJ…,,,Twitter
Dallas12,32.836504,-96.771185,5618 E Mockingbird Lane,75206,Thu Oct 20 14:52:34 +0000 2016,"@DIRECTV @DIRECTVSports @DIRECTVService Where is NBA League Pass? It's usually available in preseason, regular season starts in 5 days!",,,Twitter
Dallas12,32.836504,-96.771185,5618 E Mockingbird Lane,75206,Thu Oct 20 14:17:40 +0000 2016,RT @ATT: Heading to Cuba? Take your phone along for the trip + stay connected to those back home. https://t.co/euhz4Z6Zbb https://t.co/AiPS…,,,Twitter
Dallas12,32.836504,-96.771185,5618 E Mockingbird Lane,75206,Thu Oct 20 14:17:05 +0000 2016,RT @ATT: Welcome to the team! @taylorswift13 https://t.co/4h86nLYuLo https://t.co/gAHOi7fPrZ,,,Twitter
Dallas12,32.836504,-96.771185,5618 E Mockingbird Lane,75206,Thu Oct 20 14:12:19 +0000 2016,RT @ATT: Welcome to the team! @taylorswift13 https://t.co/4h86nLYuLo https://t.co/gAHOi7fPrZ,,,Twitter
Dallas12,32.836504,-96.771185,5618 E Mockingbird Lane,75206,Thu Oct 20 14:12:10 +0000 2016,.@ATT Executive Shares Experience with #Marketing Students at @udallascob@UofDallas https://t.co/rg4EdIcla4 https://t.co/SNPagCOect,,,Twitter
Dallas12,32.836504,-96.771185,5618 E Mockingbird Lane,75206,Thu Oct 20 14:03:30 +0000 2016,RT @ATT: Get a sweet deal on the new iPhone 7 when you switch to AT&amp;T and have DIRECTV. https://t.co/TQVeUkmeZ6 https://t.co/zfZmNpe8AP,,,Twitter
Dallas12,32.836504,-96.771185,5618 E Mockingbird Lane,75206,Thu Oct 20 14:00:58 +0000 2016,RT @ATT: Welcome to the team! @taylorswift13 https://t.co/4h86nLYuLo https://t.co/gAHOi7fPrZ,,,Twitter
Dallas12,32.836504,-96.771185,5618 E Mockingbird Lane,75206,Thu Oct 20 13:52:11 +0000 2016,"@danmacyDC Hi Dan, we're on it! Our Care team will be reaching out for more details. Look for a message from @ATTCares. Make sure to follow!",,,Twitter
Dallas12,32.836504,-96.771185,5618 E Mockingbird Lane,75206,Thu Oct 20 13:46:55 +0000 2016,RT @ATT: AT&amp;T #Fiber - The future of the internet is now! Starting with a 1000 Mbps connection. https://t.co/ELBHHMfflF,,,Twitter
Dallas12,32.836504,-96.771185,5618 E Mockingbird Lane,75206,Thu Oct 20 13:37:56 +0000 2016,RT @ATT: Welcome to the team! @taylorswift13 https://t.co/4h86nLYuLo https://t.co/gAHOi7fPrZ,,,Twitter
Dallas12,32.836504,-96.771185,5618 E Mockingbird Lane,75206,Thu Oct 20 13:30:03 +0000 2016,RT @ATT: @tayIorhq We’ll be giving away lots of tickets to fans and AT&amp;T customers soon. We’ll share details later.,,,Twitter
Dallas12,32.836504,-96.771185,5618 E Mockingbird Lane,75206,Thu Oct 20 13:27:52 +0000 2016,RT @ATT: Welcome to the team! @taylorswift13 https://t.co/4h86nLYuLo https://t.co/gAHOi7fPrZ,,,Twitter
Dallas12,32.836504,-96.771185,5618 E Mockingbird Lane,75206,Thu Oct 20 13:16:01 +0000 2016,"RT @ATT: Before you vote, grab the remote and tune into the final #debatenight at 8/7c. #UNLVPresDebate https://t.co/afLxTSZMLW",,,Twitter
Dallas12,32.836504,-96.771185,5618 E Mockingbird Lane,75206,Thu Oct 20 12:37:38 +0000 2016,RT @ATT: Welcome to the team! @taylorswift13 https://t.co/4h86nLYuLo https://t.co/gAHOi7fPrZ,,,Twitter
Dallas12,32.836504,-96.771185,5618 E Mockingbird Lane,75206,Thu Oct 20 12:20:48 +0000 2016,RT @ATT: Welcome to the team! @taylorswift13 https://t.co/4h86nLYuLo https://t.co/gAHOi7fPrZ,,,Twitter
Dallas12,32.836504,-96.771185,5618 E Mockingbird Lane,75206,Thu Oct 20 11:28:01 +0000 2016,RT @ATT: Get a sweet deal on the new iPhone 7 when you switch to AT&amp;T and have DIRECTV. https://t.co/TQVeUkmeZ6 https://t.co/zfZmNpe8AP,,,Twitter
Dallas12,32.836504,-96.771185,5618 E Mockingbird Lane,75206,Thu Oct 20 11:21:16 +0000 2016,RT @ATT: Welcome to the team! @taylorswift13 https://t.co/4h86nLYuLo https://t.co/gAHOi7fPrZ,,,Twitter
Dallas12,32.836504,-96.771185,5618 E Mockingbird Lane,75206,Thu Oct 20 10:32:03 +0000 2016,RT @ATT: Get a sweet deal on the new iPhone 7 when you switch to AT&amp;T and have DIRECTV. https://t.co/TQVeUkmeZ6 https://t.co/zfZmNpe8AP,,,Twitter
Dallas12,32.836504,-96.771185,5618 E Mockingbird Lane,75206,Thu Oct 20 08:51:29 +0000 2016,RT @ATT: Welcome to the team! @taylorswift13 https://t.co/4h86nLYuLo https://t.co/gAHOi7fPrZ,,,Twitter
Dallas12,32.836504,-96.771185,5618 E Mockingbird Lane,75206,Thu Oct 20 08:43:52 +0000 2016,RT @ATT: Welcome to the team! @taylorswift13 https://t.co/4h86nLYuLo https://t.co/gAHOi7fPrZ,,,Twitter
Dallas12,32.836504,-96.771185,5618 E Mockingbird Lane,75206,Thu Oct 20 07:47:56 +0000 2016,RT @ATT: Welcome to the team! @taylorswift13 https://t.co/4h86nLYuLo https://t.co/gAHOi7fPrZ,,,Twitter
Dallas12,32.836504,-96.771185,5618 E Mockingbird Lane,75206,Thu Oct 20 07:44:01 +0000 2016,RT @ATT: Welcome to the team! @taylorswift13 https://t.co/4h86nLYuLo https://t.co/gAHOi7fPrZ,,,Twitter
Dallas12,32.836504,-96.771185,5618 E Mockingbird Lane,75206,Thu Oct 20 07:21:02 +0000 2016,RT @ATT: AT&amp;T #Fiber - The future of the internet is now! Starting with a 1000 Mbps connection. https://t.co/X97RSubcjw,,,Twitter
Dallas12,32.836504,-96.771185,5618 E Mockingbird Lane,75206,Thu Oct 20 07:10:16 +0000 2016,RT @ATT: Welcome to the team! @taylorswift13 https://t.co/4h86nLYuLo https://t.co/gAHOi7fPrZ,,,Twitter
Dallas12,32.836504,-96.771185,5618 E Mockingbird Lane,75206,Thu Oct 20 07:04:56 +0000 2016,RT @ATT: AT&amp;T #Fiber - The future of the internet is now! Starting with a 1000 Mbps connection. https://t.co/oZ1julCt3F,,,Twitter
Dallas12,32.836504,-96.771185,5618 E Mockingbird Lane,75206,Thu Oct 20 06:43:36 +0000 2016,RT @ATT: Get a sweet deal on the new iPhone 7 when you switch to AT&amp;T and have DIRECTV. https://t.co/TQVeUkmeZ6 https://t.co/zfZmNpe8AP,,,Twitter
Dallas12,32.836504,-96.771185,5618 E Mockingbird Lane,75206,Thu Oct 20 06:16:08 +0000 2016,. @ATTCares fool people by giving unrealistic dates and the same phones are delivered world wide by other https://t.co/usTgcMIK7F?,,,Twitter
Dallas12,32.836504,-96.771185,5618 E Mockingbird Lane,75206,Thu Oct 20 06:11:49 +0000 2016,Is there any chance that you thiefs will give me any of the money i paid when I ordered my phone @ATTCares ?,,,Twitter
Dallas12,32.836504,-96.771185,5618 E Mockingbird Lane,75206,Thu Oct 20 06:11:00 +0000 2016,I think its time to move on to @TMobile from @ATT Go fuck yourself @ATTCares,,,Twitter
Dallas12,32.836504,-96.771185,5618 E Mockingbird Lane,75206,Thu Oct 20 06:09:20 +0000 2016,"Hey @ATTCares , do you think you can fucking give me an estimate for my iphone 7 plus .. being almost a month since I ordered.",,,Twitter
Dallas12,32.836504,-96.771185,5618 E Mockingbird Lane,75206,Thu Oct 20 06:08:32 +0000 2016,RT @ATT: Get a sweet deal on the new iPhone 7 when you switch to AT&amp;T and have DIRECTV. https://t.co/TQVeUkmeZ6 https://t.co/zfZmNpe8AP,,,Twitter
Dallas12,32.836504,-96.771185,5618 E Mockingbird Lane,75206,Thu Oct 20 06:02:35 +0000 2016,RT @ATT: Welcome to the team! @taylorswift13 https://t.co/4h86nLYuLo https://t.co/gAHOi7fPrZ,,,Twitter
Dallas12,32.836504,-96.771185,5618 E Mockingbird Lane,75206,Thu Oct 20 06:01:15 +0000 2016,RT @ATT: Welcome to the team! @taylorswift13 https://t.co/4h86nLYuLo https://t.co/gAHOi7fPrZ,,,Twitter
Dallas12,32.836504,-96.771185,5618 E Mockingbird Lane,75206,Thu Oct 20 05:41:34 +0000 2016,RT @ATT: Welcome to the team! @taylorswift13 https://t.co/4h86nLYuLo https://t.co/gAHOi7fPrZ,,,Twitter
Dallas12,32.836504,-96.771185,5618 E Mockingbird Lane,75206,Thu Oct 20 05:32:37 +0000 2016,@ATTCares Your bitch ass wifi 😤 fix yo servers,,,Twitter
Dallas12,32.836504,-96.771185,5618 E Mockingbird Lane,75206,Thu Oct 20 04:55:22 +0000 2016,RT @ATT: Welcome to the team! @taylorswift13 https://t.co/4h86nLYuLo https://t.co/gAHOi7fPrZ,,,Twitter
Dallas12,32.836504,-96.771185,5618 E Mockingbird Lane,75206,Thu Oct 20 04:49:09 +0000 2016,RT @ATT: Welcome to the team! @taylorswift13 https://t.co/4h86nLYuLo https://t.co/gAHOi7fPrZ,,,Twitter
Dallas12,32.836504,-96.771185,5618 E Mockingbird Lane,75206,Thu Oct 20 04:46:06 +0000 2016,RT @ATT: Get a sweet deal on the new iPhone 7 when you switch to AT&amp;T and have DIRECTV. https://t.co/TQVeUkmeZ6 https://t.co/zfZmNpe8AP,,,Twitter
Dallas12,32.836504,-96.771185,5618 E Mockingbird Lane,75206,Thu Oct 20 04:34:59 +0000 2016,RT @ATT: Welcome to the team! @taylorswift13 https://t.co/4h86nLYuLo https://t.co/gAHOi7fPrZ,,,Twitter
Dallas12,32.836504,-96.771185,5618 E Mockingbird Lane,75206,Thu Oct 20 04:27:29 +0000 2016,RT @ATT: Welcome to the team! @taylorswift13 https://t.co/4h86nLYuLo https://t.co/gAHOi7fPrZ,,,Twitter
Dallas12,32.836504,-96.771185,5618 E Mockingbird Lane,75206,Thu Oct 20 04:13:58 +0000 2016,@ATTCares I switched from Uverse to DirecTV yesterday. Does my billing switch automatically to the new plan?,,,Twitter
Dallas12,32.836504,-96.771185,5618 E Mockingbird Lane,75206,Thu Oct 20 04:08:59 +0000 2016,RT @ATT: Get a sweet deal on the new iPhone 7 when you switch to AT&amp;T and have DIRECTV. https://t.co/TQVeUkmeZ6 https://t.co/zfZmNpe8AP,,,Twitter
Dallas12,32.836504,-96.771185,5618 E Mockingbird Lane,75206,Thu Oct 20 04:05:32 +0000 2016,RT @ATT: Welcome to the team! @taylorswift13 https://t.co/4h86nLYuLo https://t.co/gAHOi7fPrZ,,,Twitter
Dallas12,32.836504,-96.771185,5618 E Mockingbird Lane,75206,Thu Oct 20 03:57:20 +0000 2016,RT @ATT: Who made you a college 🏈 fan? Share with #MadeMeAFanContest for a chance to win. Rules https://t.co/hU3I3wFn5V https://t.co/xZbxUJ…,,,Twitter
Dallas12,32.836504,-96.771185,5618 E Mockingbird Lane,75206,Thu Oct 20 03:47:32 +0000 2016,"@ATTCares Thanks, I appreciate the help, just wished service was already available. Been contacting you all for two years, and still nothing",,,Twitter
Dallas12,32.836504,-96.771185,5618 E Mockingbird Lane,75206,Thu Oct 20 03:22:58 +0000 2016,@ATT @ATTCares Thank you for the information.,,,Twitter
Dallas12,32.836504,-96.771185,5618 E Mockingbird Lane,75206,Thu Oct 20 03:21:54 +0000 2016,RT @ATT: AT&amp;T #Fiber - The future of the internet is now! Starting with a 1000 Mbps connection. https://t.co/FFwtux2s48,,,Twitter
Dallas12,32.836504,-96.771185,5618 E Mockingbird Lane,75206,Thu Oct 20 03:16:24 +0000 2016,"RT @ATT: Before you vote, grab the remote and tune into the final #debatenight at 8/7c. #UNLVPresDebate https://t.co/afLxTSZMLW",,,Twitter
Dallas12,32.836504,-96.771185,5618 E Mockingbird Lane,75206,Thu Oct 20 03:14:17 +0000 2016,@ATTCares so glad I rushed home to watch the debate.  No home internet or TV is ridiculous.,,,Twitter
Dallas12,32.836504,-96.771185,5618 E Mockingbird Lane,75206,Thu Oct 20 02:58:46 +0000 2016,RT @tonyromo: I wanna thank @DIRECTV for allowing me to show off my true self.  ;)  embarrassing is an understatement http://t.co/F0NniFESlL,,,Twitter
Dallas12,32.836504,-96.771185,5618 E Mockingbird Lane,75206,Thu Oct 20 02:55:42 +0000 2016,@ATTCares Uverse down again. 5/7 calls over the past week and still not getting what I need.,,,Twitter
Dallas12,32.836504,-96.771185,5618 E Mockingbird Lane,75206,Thu Oct 20 02:34:06 +0000 2016,"RT @ATT: Before you vote, grab the remote and tune into the final #debatenight at 8/7c. #UNLVPresDebate https://t.co/afLxTSZMLW",,,Twitter
Dallas12,32.836504,-96.771185,5618 E Mockingbird Lane,75206,Thu Oct 20 02:32:15 +0000 2016,RT @ATT: Welcome to the team! @taylorswift13 https://t.co/4h86nLYuLo https://t.co/gAHOi7fPrZ,,,Twitter
Dallas12,32.836504,-96.771185,5618 E Mockingbird Lane,75206,Thu Oct 20 02:31:20 +0000 2016,RT @ATT: Get a sweet deal on the new iPhone 7 when you switch to AT&amp;T and have DIRECTV. https://t.co/TQVeUkmeZ6 https://t.co/zfZmNpe8AP,,,Twitter
Dallas12,32.836504,-96.771185,5618 E Mockingbird Lane,75206,Thu Oct 20 02:28:20 +0000 2016,RT @ATT: AT&amp;T #Fiber - The future of the internet is now! Starting with a 1000 Mbps connection. https://t.co/Rw8zxmVDRY,,,Twitter
Dallas12,32.836504,-96.771185,5618 E Mockingbird Lane,75206,Thu Oct 20 02:23:05 +0000 2016,RT @ATT: Welcome to the team! @taylorswift13 https://t.co/4h86nLYuLo https://t.co/gAHOi7fPrZ,,,Twitter
Dallas12,32.836504,-96.771185,5618 E Mockingbird Lane,75206,Thu Oct 20 02:11:25 +0000 2016,@ATTCares are those song lyrics? Seems like there should be music playing,,,Twitter
Dallas12,32.836504,-96.771185,5618 E Mockingbird Lane,75206,Thu Oct 20 02:10:34 +0000 2016,RT @ATT: Who made you a college 🏈 fan? Share with #MadeMeAFanContest for a chance to win. Rules https://t.co/hU3I3wFn5V https://t.co/xZbxUJ…,,,Twitter
Dallas12,32.836504,-96.771185,5618 E Mockingbird Lane,75206,Thu Oct 20 02:07:58 +0000 2016,RT @ATT: Get a sweet deal on the new iPhone 7 when you switch to AT&amp;T and have DIRECTV. https://t.co/TQVeUkmeZ6 https://t.co/zfZmNpe8AP,,,Twitter
Dallas12,32.836504,-96.771185,5618 E Mockingbird Lane,75206,Thu Oct 20 01:47:09 +0000 2016,RT @ATT: Welcome to the team! @taylorswift13 https://t.co/4h86nLYuLo https://t.co/gAHOi7fPrZ,,,Twitter
Dallas12,32.836504,-96.771185,5618 E Mockingbird Lane,75206,Thu Oct 20 01:36:47 +0000 2016,RT @ATT: Who made you a college 🏈 fan? Share with #MadeMeAFanContest for a chance to win. Rules https://t.co/hU3I3wFn5V https://t.co/xZbxUJ…,,,Twitter
Dallas12,32.836504,-96.771185,5618 E Mockingbird Lane,75206,Thu Oct 20 01:36:05 +0000 2016,"RT @ATT: Before you vote, grab the remote and tune into the final #debatenight at 8/7c. #UNLVPresDebate https://t.co/afLxTSZMLW",,,Twitter
Dallas12,32.836504,-96.771185,5618 E Mockingbird Lane,75206,Thu Oct 20 01:34:13 +0000 2016,RT @ATT: Get a sweet deal on the new iPhone 7 when you switch to AT&amp;T and have DIRECTV. https://t.co/TQVeUkmeZ6 https://t.co/zfZmNpe8AP,,,Twitter
Dallas12,32.836504,-96.771185,5618 E Mockingbird Lane,75206,Thu Oct 20 01:21:45 +0000 2016,@dalton_trigg @dallasmavs @DIRECTV STEP. UP. Direct TV.,,,Twitter
Dallas12,32.836504,-96.771185,5618 E Mockingbird Lane,75206,Thu Oct 20 01:13:11 +0000 2016,@TheTimMurray @ATT ridiculous!,,,Twitter
Dallas12,32.836504,-96.771185,5618 E Mockingbird Lane,75206,Thu Oct 20 01:05:23 +0000 2016,RT @ATT: Get a sweet deal on the new iPhone 7 when you switch to AT&amp;T and have DIRECTV. https://t.co/TQVeUkmeZ6 https://t.co/zfZmNpe8AP,,,Twitter
Dallas12,32.836504,-96.771185,5618 E Mockingbird Lane,75206,Thu Oct 20 00:58:44 +0000 2016,RT @ATT: Get a sweet deal on the new iPhone 7 when you switch to AT&amp;T and have DIRECTV. https://t.co/TQVeUkmeZ6 https://t.co/zfZmNpe8AP,,,Twitter
Dallas12,32.836504,-96.771185,5618 E Mockingbird Lane,75206,Thu Oct 20 00:45:01 +0000 2016,"RT @DMNBiz: New media agency lands @ATT, opens shop in Dallas and plans to employ 100 people https://t.co/DFRmKVwrSP @mitchschnurman https:…",,,Twitter
Dallas12,32.836504,-96.771185,5618 E Mockingbird Lane,75206,Thu Oct 20 00:34:32 +0000 2016,@ATT @ATTCares: Any plans on expanding in Zip Code 73012? Thanks!,,,Twitter
Dallas12,32.836504,-96.771185,5618 E Mockingbird Lane,75206,Thu Oct 20 00:34:15 +0000 2016,RT @ATT: Get a sweet deal on the new iPhone 7 when you switch to AT&amp;T and have DIRECTV. https://t.co/TQVeUkmeZ6 https://t.co/zfZmNpe8AP,,,Twitter
Dallas12,32.836504,-96.771185,5618 E Mockingbird Lane,75206,Thu Oct 20 00:31:51 +0000 2016,RT @ATT: Get a sweet deal on the new iPhone 7 when you switch to AT&amp;T and have DIRECTV. https://t.co/TQVeUkmeZ6 https://t.co/zfZmNpe8AP,,,Twitter
Dallas12,32.836504,-96.771185,5618 E Mockingbird Lane,75206,Thu Oct 20 00:30:22 +0000 2016,@DIRECTV Please forward to all of your male employees. https://t.co/nAKxTU3x4W,,,Twitter
Dallas12,32.836504,-96.771185,5618 E Mockingbird Lane,75206,Thu Oct 20 00:10:29 +0000 2016,RT @ATT: Welcome to the team! @taylorswift13 https://t.co/4h86nLYuLo https://t.co/gAHOi7fPrZ,,,Twitter
Dallas12,32.836504,-96.771185,5618 E Mockingbird Lane,75206,Wed Oct 19 23:59:49 +0000 2016,@DIRECTV your staff is really in need of updated training on how to behave around women AND how to respond to sexual harassment complaints,,,Twitter
Dallas12,32.836504,-96.771185,5618 E Mockingbird Lane,75206,Wed Oct 19 23:58:15 +0000 2016,@DIRECTV I was sexually harassed by 3 members of your staff. I tried to handle this privately thru  website to no avail. Who can I email?,,,Twitter
Dallas12,32.836504,-96.771185,5618 E Mockingbird Lane,75206,Wed Oct 19 23:51:17 +0000 2016,"@ATT I need this fiber in Lubbock, TX!!",,,Twitter
Dallas12,32.836504,-96.771185,5618 E Mockingbird Lane,75206,Wed Oct 19 23:44:11 +0000 2016,RT @ATT: Get a sweet deal on the new iPhone 7 when you switch to AT&amp;T and have DIRECTV. https://t.co/TQVeUkmeZ6 https://t.co/zfZmNpe8AP,,,Twitter
Dallas12,32.836504,-96.771185,5618 E Mockingbird Lane,75206,Wed Oct 19 23:37:27 +0000 2016,"RT @dallasnews: New media agency @Hearts_Science lands @ATT, opens shop in Dallas and plans to employ 100 people https://t.co/f5bPR9R5EQ @m…",,,Twitter
Dallas12,32.836504,-96.771185,5618 E Mockingbird Lane,75206,Wed Oct 19 23:35:22 +0000 2016,"New media agency lands @ATT, opens shop in Dallas and plans to employ 100 people https://t.co/DFRmKVwrSP… https://t.co/TzAKIz7Otr",,,Twitter
Dallas12,32.836504,-96.771185,5618 E Mockingbird Lane,75206,Wed Oct 19 23:34:12 +0000 2016,RT @ATT: Get a sweet deal on the new iPhone 7 when you switch to AT&amp;T and have DIRECTV. https://t.co/TQVeUkmeZ6 https://t.co/zfZmNpe8AP,,,Twitter
Dallas12,32.836504,-96.771185,5618 E Mockingbird Lane,75206,Wed Oct 19 23:32:24 +0000 2016,"RT @ATT: Before you vote, grab the remote and tune into the final #debatenight at 8/7c. #UNLVPresDebate https://t.co/afLxTSZMLW",,,Twitter
Dallas12,32.836504,-96.771185,5618 E Mockingbird Lane,75206,Wed Oct 19 23:22:47 +0000 2016,RT @ATT: Get a sweet deal on the new iPhone 7 when you switch to AT&amp;T and have DIRECTV. https://t.co/TQVeUkmeZ6 https://t.co/zfZmNpe8AP,,,Twitter
Dallas12,32.836504,-96.771185,5618 E Mockingbird Lane,75206,Wed Oct 19 23:21:02 +0000 2016,"RT @ATT: Before you vote, grab the remote and tune into the final #debatenight at 8/7c. #UNLVPresDebate https://t.co/afLxTSZMLW",,,Twitter
Dallas12,32.836504,-96.771185,5618 E Mockingbird Lane,75206,Wed Oct 19 23:07:13 +0000 2016,"RT @dallasnews: New media agency @Hearts_Science lands @ATT, opens shop in Dallas and plans to employ 100 people https://t.co/f5bPR9R5EQ @m…",,,Twitter
Dallas12,32.836504,-96.771185,5618 E Mockingbird Lane,75206,Wed Oct 19 23:04:42 +0000 2016,"RT @ATT: Before you vote, grab the remote and tune into the final #debatenight at 8/7c. #UNLVPresDebate https://t.co/afLxTSZMLW",,,Twitter
Dallas12,32.836504,-96.771185,5618 E Mockingbird Lane,75206,Wed Oct 19 23:00:29 +0000 2016,@ATTCares @SamsungSupport before it EXPLODES!,,,Twitter
Dallas12,32.836504,-96.771185,5618 E Mockingbird Lane,75206,Wed Oct 19 22:53:18 +0000 2016,RT @Uverse: The #13NightsOfHalloween begin TONIGHT on @FreeformTV with R.L. Stein's Monsterville: Cabinet of Souls at 7/6c! 🎃 https://t.co/…,,,Twitter
Dallas12,32.836504,-96.771185,5618 E Mockingbird Lane,75206,Wed Oct 19 22:46:12 +0000 2016,RT @Uverse: The #13NightsOfHalloween begin TONIGHT on @FreeformTV with R.L. Stein's Monsterville: Cabinet of Souls at 7/6c! 🎃 https://t.co/…,,,Twitter
Dallas12,32.836504,-96.771185,5618 E Mockingbird Lane,75206,Wed Oct 19 22:36:23 +0000 2016,RT @Uverse: The #13NightsOfHalloween begin TONIGHT on @FreeformTV with R.L. Stein's Monsterville: Cabinet of Souls at 7/6c! 🎃 https://t.co/…,,,Twitter
Dallas12,32.836504,-96.771185,5618 E Mockingbird Lane,75206,Wed Oct 19 22:35:46 +0000 2016,RT @ATT: @tayIorhq We’ll be giving away lots of tickets to fans and AT&amp;T customers soon. We’ll share details later.,,,Twitter
Dallas12,32.836504,-96.771185,5618 E Mockingbird Lane,75206,Wed Oct 19 22:35:06 +0000 2016,RT @Uverse: The #13NightsOfHalloween begin TONIGHT on @FreeformTV with R.L. Stein's Monsterville: Cabinet of Souls at 7/6c! 🎃 https://t.co/…,,,Twitter
Dallas12,32.836504,-96.771185,5618 E Mockingbird Lane,75206,Wed Oct 19 22:31:21 +0000 2016,"RT @dallasnews: New media agency @Hearts_Science lands @ATT, opens shop in Dallas and plans to employ 100 people https://t.co/f5bPR9R5EQ @m…",,,Twitter
Dallas12,32.836504,-96.771185,5618 E Mockingbird Lane,75206,Wed Oct 19 22:28:10 +0000 2016,@martmig7 @ATT what happened here? LoL,,,Twitter
Dallas12,32.836504,-96.771185,5618 E Mockingbird Lane,75206,Wed Oct 19 22:27:50 +0000 2016,RT @ATT: Welcome to the team! @taylorswift13 https://t.co/4h86nLYuLo https://t.co/gAHOi7fPrZ,,,Twitter
Dallas12,32.836504,-96.771185,5618 E Mockingbird Lane,75206,Wed Oct 19 22:25:06 +0000 2016,"RT @ATT: Before you vote, grab the remote and tune into the final #debatenight at 8/7c. #UNLVPresDebate https://t.co/afLxTSZMLW",,,Twitter
