Store,Latitude,Longitude,Address,Zip,CreatedAt,Text,Senti,Rating,Source
Dallas17,32.739229,-96.682466,1530 S Buckner Blvd,75217,Mon Oct 24 21:33:32 +0000 2016,Did we get #TrumpClintoned by @Ask_Spectrum and @ATT ?! 😵😵😵😵😵😵😮😮😮😮😮 https://t.co/oDvU1CBLMO,,,Twitter
Dallas17,32.739229,-96.682466,1530 S Buckner Blvd,75217,Mon Oct 24 21:28:50 +0000 2016,"RT @dallasnews: No, Time Warner Cable isn't part of @ATT merger and here's why https://t.co/D3z9z8xwh8 | @melissa_repko https://t.co/KyBHpz…",,,Twitter
Dallas17,32.739229,-96.682466,1530 S Buckner Blvd,75217,Mon Oct 24 21:28:29 +0000 2016,"RT @DMNBiz: Speak now: Why critics want the $108 billion marriage of AT&amp;T, Time Warner to fail https://t.co/KckQ3FG5S7 https://t.co/tMlNG6j…",,,Twitter
Dallas17,32.739229,-96.682466,1530 S Buckner Blvd,75217,Mon Oct 24 21:28:18 +0000 2016,RT @attJOBS: Our new #SanFrancisco flagship store is restored and ready for the future with our latest technology. Take a look: https://t.c…,,,Twitter
Dallas17,32.739229,-96.682466,1530 S Buckner Blvd,75217,Mon Oct 24 21:26:38 +0000 2016,"RT @dallasnews: No, Time Warner Cable isn't part of @ATT merger and here's why https://t.co/D3z9z8xwh8 | @melissa_repko https://t.co/KyBHpz…",,,Twitter
Dallas17,32.739229,-96.682466,1530 S Buckner Blvd,75217,Mon Oct 24 21:23:56 +0000 2016,"Speak now: Why critics want the $108 billion marriage of AT&amp;T, Time Warner to fail https://t.co/KckQ3FG5S7 https://t.co/tMlNG6jU7k",,,Twitter
Dallas17,32.739229,-96.682466,1530 S Buckner Blvd,75217,Mon Oct 24 21:22:05 +0000 2016,"No, Time Warner Cable isn't part of AT&amp;amp;T merger and here's why https://t.co/LQYJHEtnWj via @dallasnews",,,Twitter
Dallas17,32.739229,-96.682466,1530 S Buckner Blvd,75217,Mon Oct 24 21:20:36 +0000 2016,RT @ATT: Another reason to smile for the camera. The #LGV20 from @LGUSAMobile will be available in stores starting today. https://t.co/TILu…,,,Twitter
Dallas17,32.739229,-96.682466,1530 S Buckner Blvd,75217,Mon Oct 24 21:20:01 +0000 2016,Our new #SanFrancisco flagship store is restored and ready for the future with our latest technology. Take a look:… https://t.co/UHa06M6DNQ,,,Twitter
Dallas17,32.739229,-96.682466,1530 S Buckner Blvd,75217,Mon Oct 24 21:19:38 +0000 2016,"RT @dallasnews: No, Time Warner Cable isn't part of @ATT merger and here's why https://t.co/D3z9z8xwh8 | @melissa_repko https://t.co/KyBHpz…",,,Twitter
Dallas17,32.739229,-96.682466,1530 S Buckner Blvd,75217,Mon Oct 24 21:18:22 +0000 2016,"RT @dallasnews: No, Time Warner Cable isn't part of @ATT merger and here's why https://t.co/D3z9z8xwh8 | @melissa_repko https://t.co/KyBHpz…",,,Twitter
Dallas17,32.739229,-96.682466,1530 S Buckner Blvd,75217,Mon Oct 24 21:18:22 +0000 2016,"RT @dallasnews: No, Time Warner Cable isn't part of @ATT merger and here's why https://t.co/D3z9z8xwh8 | @melissa_repko https://t.co/KyBHpz…",,,Twitter
Dallas17,32.739229,-96.682466,1530 S Buckner Blvd,75217,Mon Oct 24 21:17:05 +0000 2016,"No, Time Warner Cable isn't part of @ATT merger and here's why https://t.co/D3z9z8xwh8 | @melissa_repko https://t.co/KyBHpzkP7e",,,Twitter
Dallas17,32.739229,-96.682466,1530 S Buckner Blvd,75217,Mon Oct 24 21:12:31 +0000 2016,RT @ATT: Welcome to the team! @taylorswift13 https://t.co/4h86nLYuLo https://t.co/gAHOi7fPrZ,,,Twitter
Dallas17,32.739229,-96.682466,1530 S Buckner Blvd,75217,Mon Oct 24 21:08:43 +0000 2016,RT @ATT: Welcome to the team! @taylorswift13 https://t.co/4h86nLYuLo https://t.co/gAHOi7fPrZ,,,Twitter
Dallas17,32.739229,-96.682466,1530 S Buckner Blvd,75217,Mon Oct 24 20:54:33 +0000 2016,"I called @DIRECTV to make account changes and it sounds like a party in the background. People cheering and screaming, heh",,,Twitter
Dallas17,32.739229,-96.682466,1530 S Buckner Blvd,75217,Mon Oct 24 20:53:00 +0000 2016,RT @ATTBusiness: SDN + #AI is like peanut butter + jelly. Find out why it's a perfect combination: https://t.co/OrfatAuWXA https://t.co/51x…,,,Twitter
Dallas17,32.739229,-96.682466,1530 S Buckner Blvd,75217,Mon Oct 24 20:49:50 +0000 2016,RT @ATT: The #futureofvideo is mobile and the #futureofmobile is video. Time Warner + AT&amp;T make it happen! @twxcorp https://t.co/GKx4U9TQYg,,,Twitter
Dallas17,32.739229,-96.682466,1530 S Buckner Blvd,75217,Mon Oct 24 20:48:38 +0000 2016,The millennial angle to the AT&amp;T-Time Warner deal: Media companies are under pressure to stay rel... https://t.co/MDxHvmjtPt by @Digiday,,,Twitter
Dallas17,32.739229,-96.682466,1530 S Buckner Blvd,75217,Mon Oct 24 20:48:12 +0000 2016,RT @ATT: Welcome to the team! @taylorswift13 https://t.co/4h86nLYuLo https://t.co/gAHOi7fPrZ,,,Twitter
Dallas17,32.739229,-96.682466,1530 S Buckner Blvd,75217,Mon Oct 24 20:41:33 +0000 2016,RT @ATT: Another reason to smile for the camera. The #LGV20 from @LGUSAMobile will be available in stores starting today. https://t.co/TILu…,,,Twitter
Dallas17,32.739229,-96.682466,1530 S Buckner Blvd,75217,Mon Oct 24 20:36:14 +0000 2016,RT @ATT: Another reason to smile for the camera. The #LGV20 from @LGUSAMobile will be available in stores starting today. https://t.co/TILu…,,,Twitter
Dallas17,32.739229,-96.682466,1530 S Buckner Blvd,75217,Mon Oct 24 20:36:11 +0000 2016,Treasure trove: Here's the brand powerhouse #ATT inherits in Time Warner deal https://t.co/9dZOA1bVTJ #DFW #Tech,,,Twitter
Dallas17,32.739229,-96.682466,1530 S Buckner Blvd,75217,Mon Oct 24 20:32:45 +0000 2016,RT @ATT: The #futureofvideo is mobile and the #futureofmobile is video. Time Warner + AT&amp;T make it happen! @twxcorp https://t.co/GKx4U9TQYg,,,Twitter
Dallas17,32.739229,-96.682466,1530 S Buckner Blvd,75217,Mon Oct 24 20:30:12 +0000 2016,Bernie Sanders: Obama Administration “Should Kill” The AT&amp;T-Time Warner Deal: “Higher Prices &amp; Fewer Choices” - https://t.co/NOdp3TtNic,,,Twitter
Dallas17,32.739229,-96.682466,1530 S Buckner Blvd,75217,Mon Oct 24 20:29:03 +0000 2016,RT @ATT: Welcome to the team! @taylorswift13 https://t.co/4h86nLYuLo https://t.co/gAHOi7fPrZ,,,Twitter
Dallas17,32.739229,-96.682466,1530 S Buckner Blvd,75217,Mon Oct 24 20:28:25 +0000 2016,RT @theresambates: Quiz: How much do you really know about dogs? #PuppyLove https://t.co/aOJYoykatq #attemployee https://t.co/TLMTpKFLtd,,,Twitter
Dallas17,32.739229,-96.682466,1530 S Buckner Blvd,75217,Mon Oct 24 20:23:54 +0000 2016,"RT @ATT: Mother Nature is unpredictable, so we rely on our Network Disaster Recovery team to connect you when you need it most. https://t.c…",,,Twitter
Dallas17,32.739229,-96.682466,1530 S Buckner Blvd,75217,Mon Oct 24 20:20:47 +0000 2016,RT @ATT: Another reason to smile for the camera. The #LGV20 from @LGUSAMobile will be available in stores starting today. https://t.co/TILu…,,,Twitter
Dallas17,32.739229,-96.682466,1530 S Buckner Blvd,75217,Mon Oct 24 20:17:23 +0000 2016,"RT @DMNBiz: No, Time Warner Cable isn't part of @ATT merger and here's why https://t.co/TZXzNjG2cF | @melissa_repko https://t.co/uLEyqcImUB",,,Twitter
Dallas17,32.739229,-96.682466,1530 S Buckner Blvd,75217,Mon Oct 24 20:14:27 +0000 2016,RT @ATT: Another reason to smile for the camera. The #LGV20 from @LGUSAMobile will be available in stores starting today. https://t.co/TILu…,,,Twitter
Dallas17,32.739229,-96.682466,1530 S Buckner Blvd,75217,Mon Oct 24 20:14:09 +0000 2016,RT @ATT: Another reason to smile for the camera. The #LGV20 from @LGUSAMobile will be available in stores starting today. https://t.co/TILu…,,,Twitter
Dallas17,32.739229,-96.682466,1530 S Buckner Blvd,75217,Mon Oct 24 20:13:22 +0000 2016,RT @ATT: Another reason to smile for the camera. The #LGV20 from @LGUSAMobile will be available in stores starting today. https://t.co/TILu…,,,Twitter
Dallas17,32.739229,-96.682466,1530 S Buckner Blvd,75217,Mon Oct 24 20:13:12 +0000 2016,RT @ATT: Welcome to the team! @taylorswift13 https://t.co/4h86nLYuLo https://t.co/gAHOi7fPrZ,,,Twitter
Dallas17,32.739229,-96.682466,1530 S Buckner Blvd,75217,Mon Oct 24 20:12:58 +0000 2016,RT @ATT: Another reason to smile for the camera. The #LGV20 from @LGUSAMobile will be available in stores starting today. https://t.co/TILu…,,,Twitter
Dallas17,32.739229,-96.682466,1530 S Buckner Blvd,75217,Mon Oct 24 20:10:08 +0000 2016,"AT&amp;T’s internet-only DirecTV service launches in November
https://t.co/WcKIq8lFzz",,,Twitter
Dallas17,32.739229,-96.682466,1530 S Buckner Blvd,75217,Mon Oct 24 20:06:06 +0000 2016,"RT @DMNBiz: No, Time Warner Cable isn't part of @ATT merger and here's why https://t.co/TZXzNjG2cF | @melissa_repko https://t.co/uLEyqcImUB",,,Twitter
Dallas17,32.739229,-96.682466,1530 S Buckner Blvd,75217,Mon Oct 24 20:05:17 +0000 2016,AT&amp;T's Time Warner Deal Comes at a Huge Cost via @FortuneMagazine https://t.co/kGOhtsj2BK,,,Twitter
Dallas17,32.739229,-96.682466,1530 S Buckner Blvd,75217,Mon Oct 24 20:03:21 +0000 2016,RT @ATT: Welcome to the team! @taylorswift13 https://t.co/4h86nLYuLo https://t.co/gAHOi7fPrZ,,,Twitter
Dallas17,32.739229,-96.682466,1530 S Buckner Blvd,75217,Mon Oct 24 20:02:52 +0000 2016,RT @ATT: Welcome to the team! @taylorswift13 https://t.co/4h86nLYuLo https://t.co/gAHOi7fPrZ,,,Twitter
Dallas17,32.739229,-96.682466,1530 S Buckner Blvd,75217,Mon Oct 24 20:01:55 +0000 2016,RT @ATT: Get a sweet deal on the new iPhone 7 when you switch to AT&amp;T and have DIRECTV. https://t.co/TQVeUkmeZ6 https://t.co/zfZmNpe8AP,,,Twitter
Dallas17,32.739229,-96.682466,1530 S Buckner Blvd,75217,Mon Oct 24 19:53:49 +0000 2016,"RT @DMNBiz: No, Time Warner Cable isn't part of @ATT merger and here's why https://t.co/TZXzNjG2cF | @melissa_repko https://t.co/uLEyqcImUB",,,Twitter
Dallas17,32.739229,-96.682466,1530 S Buckner Blvd,75217,Mon Oct 24 19:50:26 +0000 2016,RT @ATT: The #futureofvideo is mobile and the #futureofmobile is video. Time Warner + AT&amp;T make it happen! @twxcorp https://t.co/GKx4U9TQYg,,,Twitter
Dallas17,32.739229,-96.682466,1530 S Buckner Blvd,75217,Mon Oct 24 19:50:22 +0000 2016,AT&amp;T's Time Warner Deal Comes at a Huge Cost via Fortune https://t.co/kGOhts1rda https://t.co/7xxP5MpbPH,,,Twitter
Dallas17,32.739229,-96.682466,1530 S Buckner Blvd,75217,Mon Oct 24 19:50:06 +0000 2016,RT @RickTweetTweet: Breaking News!!! AT&amp;T to Acquire Time Warner! My family just got bigger! #LifeAtATT  #TimeWarner https://t.co/RUAJa5ciO…,,,Twitter
Dallas17,32.739229,-96.682466,1530 S Buckner Blvd,75217,Mon Oct 24 19:47:39 +0000 2016,RT @ATT: Welcome to the team! @taylorswift13 https://t.co/4h86nLYuLo https://t.co/gAHOi7fPrZ,,,Twitter
Dallas17,32.739229,-96.682466,1530 S Buckner Blvd,75217,Mon Oct 24 19:46:47 +0000 2016,@melissa_repko TMO kicked butt this quarter so you can see that both VER and ATT losing and making moves with TW and Yahoo,,,Twitter
Dallas17,32.739229,-96.682466,1530 S Buckner Blvd,75217,Mon Oct 24 19:44:24 +0000 2016,RT @attJOBS: Last year we donated $1M to @GirlsWhoCode &amp; the future careers of women technologists everywhere! #GHC16 https://t.co/rKDF99f5…,,,Twitter
Dallas17,32.739229,-96.682466,1530 S Buckner Blvd,75217,Mon Oct 24 19:44:20 +0000 2016,RT @ATT: Welcome to the team! @taylorswift13 https://t.co/4h86nLYuLo https://t.co/gAHOi7fPrZ,,,Twitter
Dallas17,32.739229,-96.682466,1530 S Buckner Blvd,75217,Mon Oct 24 19:43:02 +0000 2016,AT&amp;T to Purchase Time Warner for $85.4B: Here’s What You Need to Know https://t.co/daj32dYNdV https://t.co/cZ9H4BTdNO,,,Twitter
Dallas17,32.739229,-96.682466,1530 S Buckner Blvd,75217,Mon Oct 24 19:38:33 +0000 2016,"RT @DMNBiz: No, Time Warner Cable isn't part of @ATT merger and here's why https://t.co/TZXzNjG2cF | @melissa_repko https://t.co/uLEyqcImUB",,,Twitter
Dallas17,32.739229,-96.682466,1530 S Buckner Blvd,75217,Mon Oct 24 19:37:48 +0000 2016,"RT @DMNBiz: No, Time Warner Cable isn't part of @ATT merger and here's why https://t.co/TZXzNjG2cF | @melissa_repko https://t.co/uLEyqcImUB",,,Twitter
Dallas17,32.739229,-96.682466,1530 S Buckner Blvd,75217,Mon Oct 24 19:37:06 +0000 2016,"No, Time Warner Cable isn't part of @ATT merger and here's why https://t.co/TZXzNjG2cF | @melissa_repko https://t.co/uLEyqcImUB",,,Twitter
Dallas17,32.739229,-96.682466,1530 S Buckner Blvd,75217,Mon Oct 24 19:36:13 +0000 2016,RT @ATT: Welcome to the team! @taylorswift13 https://t.co/4h86nLYuLo https://t.co/gAHOi7fPrZ,,,Twitter
Dallas17,32.739229,-96.682466,1530 S Buckner Blvd,75217,Mon Oct 24 19:28:07 +0000 2016,RT @ATTBusiness: #IoT makes reaching into this vending machine like reaching into a garden. Check it out: https://t.co/1Dk54D1pvz #National…,,,Twitter
Dallas17,32.739229,-96.682466,1530 S Buckner Blvd,75217,Mon Oct 24 19:24:59 +0000 2016,Quiz: How much do you really know about dogs? #PuppyLove https://t.co/aOJYoykatq #attemployee https://t.co/TLMTpKFLtd,,,Twitter
Dallas17,32.739229,-96.682466,1530 S Buckner Blvd,75217,Mon Oct 24 19:19:54 +0000 2016,RT @dallasnews: .@ATT CEO Randall Stephenson confident @twxcorp merger will get past regulators https://t.co/2Re2eGzanm #atttimewarner | @M…,,,Twitter
Dallas17,32.739229,-96.682466,1530 S Buckner Blvd,75217,Mon Oct 24 19:18:24 +0000 2016,RT @ATTBusiness: #IoT makes reaching into this vending machine like reaching into a garden. Check it out: https://t.co/1Dk54D1pvz #National…,,,Twitter
Dallas17,32.739229,-96.682466,1530 S Buckner Blvd,75217,Mon Oct 24 19:17:28 +0000 2016,RT @ATTBusiness: #IoT makes reaching into this vending machine like reaching into a garden. Check it out: https://t.co/1Dk54D1pvz #National…,,,Twitter
Dallas17,32.739229,-96.682466,1530 S Buckner Blvd,75217,Mon Oct 24 19:17:25 +0000 2016,RT @ATT: Welcome to the team! @taylorswift13 https://t.co/4h86nLYuLo https://t.co/gAHOi7fPrZ,,,Twitter
Dallas17,32.739229,-96.682466,1530 S Buckner Blvd,75217,Mon Oct 24 19:16:38 +0000 2016,.@ATT CEO Randall Stephenson confident @twxcorp merger will get past regulators https://t.co/2Re2eGzanm… https://t.co/uFJtIpUZdN,,,Twitter
Dallas17,32.739229,-96.682466,1530 S Buckner Blvd,75217,Mon Oct 24 19:14:42 +0000 2016,RT @ATTLatino: Puertorriqueña. Inspiradora. Luchadora. @DeniseBidot habla sobre su pasión por romper estereotipos. https://t.co/PBiBGpnolH…,,,Twitter
Dallas17,32.739229,-96.682466,1530 S Buckner Blvd,75217,Mon Oct 24 19:14:09 +0000 2016,In 231 gms under Stoops prior to TT @OU_Football opp had converted 10+ 3rd downs 12 times (max-13). Only 9 gms of 20 3rd down att. #Sooners,,,Twitter
Dallas17,32.739229,-96.682466,1530 S Buckner Blvd,75217,Mon Oct 24 19:13:25 +0000 2016,RT @ATT: Another reason to smile for the camera. The #LGV20 from @LGUSAMobile will be available in stores starting today. https://t.co/TILu…,,,Twitter
Dallas17,32.739229,-96.682466,1530 S Buckner Blvd,75217,Mon Oct 24 19:11:21 +0000 2016,RT @ATTBusiness: Cybersecurity preparedness starts w/ a strong incident response plan. Get info to help shield your org from attack: https:…,,,Twitter
Dallas17,32.739229,-96.682466,1530 S Buckner Blvd,75217,Mon Oct 24 19:11:07 +0000 2016,RT @ATT: Another reason to smile for the camera. The #LGV20 from @LGUSAMobile will be available in stores starting today. https://t.co/TILu…,,,Twitter
Dallas17,32.739229,-96.682466,1530 S Buckner Blvd,75217,Mon Oct 24 19:09:53 +0000 2016,@russellbrandom @reckless ATT has fiber,,,Twitter
Dallas17,32.739229,-96.682466,1530 S Buckner Blvd,75217,Mon Oct 24 19:05:50 +0000 2016,"Stephenson: AT&amp;T, Time Warner Deal ‘Defining the Future of Media’: Randall Stephenson, CEO of Dallas-based AT&amp;T,… https://t.co/jQHLTbHMUI",,,Twitter
Dallas17,32.739229,-96.682466,1530 S Buckner Blvd,75217,Mon Oct 24 19:05:34 +0000 2016,@ATT and @twxcorp merger could mean great packages for DirectTV Now and Uverse consumers.,,,Twitter
Dallas17,32.739229,-96.682466,1530 S Buckner Blvd,75217,Mon Oct 24 19:02:54 +0000 2016,"Stephenson: AT&amp;T, Time Warner Deal ‘Defining the Future of Media’ https://t.co/ib6qJ894zy",,,Twitter
Dallas17,32.739229,-96.682466,1530 S Buckner Blvd,75217,Mon Oct 24 19:02:52 +0000 2016,"Stephenson: AT&amp;T, Time Warner Deal ‘Defining the Future of Media’: Randall Stephenson, CEO of Dallas-based AT&amp;T,… https://t.co/GSmyHPYooJ",,,Twitter
Dallas17,32.739229,-96.682466,1530 S Buckner Blvd,75217,Mon Oct 24 19:02:47 +0000 2016,"Stephenson: AT&amp;T, Time Warner Deal ‘Defining the Future of Media’: Randall Stephenson, CEO of Dallas-based AT&amp;T,… https://t.co/7ERuP7FJwt",,,Twitter
Dallas17,32.739229,-96.682466,1530 S Buckner Blvd,75217,Mon Oct 24 19:02:45 +0000 2016,"Stephenson: AT&amp;T, Time Warner Deal ‘Defining the Future of Media’: Randall Stephenson, CEO of Dallas-based AT&amp;T,… https://t.co/wzKzuJlJav",,,Twitter
Dallas17,32.739229,-96.682466,1530 S Buckner Blvd,75217,Mon Oct 24 19:00:05 +0000 2016,#IoT makes reaching into this vending machine like reaching into a garden. Check it out: https://t.co/1Dk54D1pvz… https://t.co/HsycbxAwFE,,,Twitter
Dallas17,32.739229,-96.682466,1530 S Buckner Blvd,75217,Mon Oct 24 18:59:09 +0000 2016,"Don't expect a change in viewpoint for CNN, AT&amp;T chief says https://t.co/oYaURY2xEH | @agarre https://t.co/SMyURjsDIF",,,Twitter
Dallas17,32.739229,-96.682466,1530 S Buckner Blvd,75217,Mon Oct 24 18:49:36 +0000 2016,RT @ATT: The #futureofvideo is mobile and the #futureofmobile is video. Time Warner + AT&amp;T make it happen! @twxcorp https://t.co/GKx4U9TQYg,,,Twitter
Dallas17,32.739229,-96.682466,1530 S Buckner Blvd,75217,Mon Oct 24 18:48:08 +0000 2016,RT @attJOBS: Last year we donated $1M to @GirlsWhoCode &amp; the future careers of women technologists everywhere! #GHC16 https://t.co/rKDF99f5…,,,Twitter
Dallas17,32.739229,-96.682466,1530 S Buckner Blvd,75217,Mon Oct 24 18:47:38 +0000 2016,"RT @attJOBS: In honor of #LGBTHistoryMonth, we're recapping the ways we've supported the LGBT community throughout the years: https://t.co/…",,,Twitter
Dallas17,32.739229,-96.682466,1530 S Buckner Blvd,75217,Mon Oct 24 18:47:15 +0000 2016,RT @attJOBS: Hear from Kristin how our Business Sales Leadership Development Program led to her successful career: https://t.co/aitAtDInv5…,,,Twitter
Dallas17,32.739229,-96.682466,1530 S Buckner Blvd,75217,Mon Oct 24 18:47:09 +0000 2016,RT @attJOBS: We're helping connect youth to their first jobs by signing on to the White House's First Job Compact. Learn more: https://t.co…,,,Twitter
Dallas17,32.739229,-96.682466,1530 S Buckner Blvd,75217,Mon Oct 24 18:46:52 +0000 2016,RT @attJOBS: You don't have to go back to school to continue learning. Try these tips to learn something new: https://t.co/N1AjraH8jR #Moti…,,,Twitter
Dallas17,32.739229,-96.682466,1530 S Buckner Blvd,75217,Mon Oct 24 18:39:22 +0000 2016,@sixdolla We love your need for speed! Enjoy your AT&amp;T Fiber. 😊,,,Twitter
Dallas17,32.739229,-96.682466,1530 S Buckner Blvd,75217,Mon Oct 24 18:32:00 +0000 2016,RT @ATT: Another reason to smile for the camera. The #LGV20 from @LGUSAMobile will be available in stores starting today. https://t.co/TILu…,,,Twitter
Dallas17,32.739229,-96.682466,1530 S Buckner Blvd,75217,Mon Oct 24 18:30:29 +0000 2016,RT @ATT: The #futureofvideo is mobile and the #futureofmobile is video. Time Warner + AT&amp;T make it happen! @twxcorp https://t.co/GKx4U9TQYg,,,Twitter
Dallas17,32.739229,-96.682466,1530 S Buckner Blvd,75217,Mon Oct 24 18:30:15 +0000 2016,For those interested in the consumer side: I'm jumping on @wfaachannel8 at about 4:15 this afternoon to talk @ATT,,,Twitter
Dallas17,32.739229,-96.682466,1530 S Buckner Blvd,75217,Mon Oct 24 18:23:19 +0000 2016,"RT @ATTLatino: No importa si estas apoyando el American League o el National League, cada noche es un home run con @DIRECTV #WatchingLaTele…",,,Twitter
Dallas17,32.739229,-96.682466,1530 S Buckner Blvd,75217,Mon Oct 24 18:18:51 +0000 2016,"RT @dallasnews: Trump gets litigious, AT&amp;T gets bigger, @TomiLahren wins bigly: Your weekend news digest https://t.co/tjOy7OJCri https://t.…",,,Twitter
Dallas17,32.739229,-96.682466,1530 S Buckner Blvd,75217,Mon Oct 24 18:17:46 +0000 2016,RT @ATT: Another reason to smile for the camera. The #LGV20 from @LGUSAMobile will be available in stores starting today. https://t.co/TILu…,,,Twitter
Dallas17,32.739229,-96.682466,1530 S Buckner Blvd,75217,Mon Oct 24 18:17:00 +0000 2016,AT&amp;T's internet-only DirecTV service launches in November - You don't have to sit on pins and needles wondering... https://t.co/WgpI63DbPK,,,Twitter
Dallas17,32.739229,-96.682466,1530 S Buckner Blvd,75217,Mon Oct 24 18:13:18 +0000 2016,RT @ATT: Welcome to the team! @taylorswift13 https://t.co/4h86nLYuLo https://t.co/gAHOi7fPrZ,,,Twitter
Dallas17,32.739229,-96.682466,1530 S Buckner Blvd,75217,Mon Oct 24 18:11:17 +0000 2016,RT @ATT: Another reason to smile for the camera. The #LGV20 from @LGUSAMobile will be available in stores starting today. https://t.co/TILu…,,,Twitter
Dallas17,32.739229,-96.682466,1530 S Buckner Blvd,75217,Mon Oct 24 18:10:31 +0000 2016,Another reason to smile for the camera. The #LGV20 from @LGUSAMobile will be available in stores starting today.… https://t.co/yIaoUnLMTw,,,Twitter
Dallas17,32.739229,-96.682466,1530 S Buckner Blvd,75217,Mon Oct 24 18:08:03 +0000 2016,"AT&amp;T acquisition of Time Warner could present content, advertising opportunities https://t.co/QffmxVB9X1",,,Twitter
Dallas17,32.739229,-96.682466,1530 S Buckner Blvd,75217,Mon Oct 24 18:05:30 +0000 2016,@JillCowan @ATT @dallasnews can't worry about things. Just have to shake it off!,,,Twitter
Dallas17,32.739229,-96.682466,1530 S Buckner Blvd,75217,Mon Oct 24 18:00:04 +0000 2016,"No importa si estas apoyando el American League o el National League, cada noche es un home run con @DIRECTV… https://t.co/hnJthAv0cB",,,Twitter
Dallas17,32.739229,-96.682466,1530 S Buckner Blvd,75217,Mon Oct 24 17:52:56 +0000 2016,AT&amp;T debuts Cuba roaming https://t.co/oFIQzht2IP #attemployee https://t.co/C0GaQLrnUu,,,Twitter
Dallas17,32.739229,-96.682466,1530 S Buckner Blvd,75217,Mon Oct 24 17:52:11 +0000 2016,"@TheNETwork_Natl 
AT&amp;T Hiring Sales Executive Field Sales #Des Peres, MO. Spread the word about the good #LifeAtATT… https://t.co/lBdq02UVpC",,,Twitter
Dallas17,32.739229,-96.682466,1530 S Buckner Blvd,75217,Mon Oct 24 17:51:54 +0000 2016,"""AT&amp;T and Time Warner Seek to Mollify Deal’s Critics"" by LESLIE PICKER via NYT The New York Times https://t.co/oCf1Nn0dei",,,Twitter
Dallas17,32.739229,-96.682466,1530 S Buckner Blvd,75217,Mon Oct 24 17:51:07 +0000 2016,"@WomenOfATT_ERG 
AT&amp;T Hiring Sales Executive Field Sales #Des Peres, MO. Spread the word about the good #LifeAtATT.… https://t.co/4az2gLQRQc",,,Twitter
Dallas17,32.739229,-96.682466,1530 S Buckner Blvd,75217,Sat Oct 22 14:54:39 +0000 2016,"Oops, I forgot to pay my @ATT bill last month.",,,Twitter
Dallas17,32.739229,-96.682466,1530 S Buckner Blvd,75217,Sat Oct 22 14:49:32 +0000 2016,RT @ATT: Welcome to the team! @taylorswift13 https://t.co/4h86nLYuLo https://t.co/gAHOi7fPrZ,,,Twitter
Dallas17,32.739229,-96.682466,1530 S Buckner Blvd,75217,Sat Oct 22 14:38:26 +0000 2016,RT @ATT: @_Reflection5H Not necessarily. We’ll be giving away lots of tickets to Taylor fans including AT&amp;T customers &amp; special guests.,,,Twitter
Dallas17,32.739229,-96.682466,1530 S Buckner Blvd,75217,Sat Oct 22 14:27:15 +0000 2016,"RT @ATT: Watch the @GreenDay @iHeartRadio Album Release Party Tonight, 9pm ET/PT on AUDIENCE. DIRECTV ch 239/U-verse ch 1114. https://t.co/…",,,Twitter
Dallas17,32.739229,-96.682466,1530 S Buckner Blvd,75217,Sat Oct 22 14:26:22 +0000 2016,RT @ATT: Welcome to the team! @taylorswift13 https://t.co/4h86nLYuLo https://t.co/gAHOi7fPrZ,,,Twitter
Dallas17,32.739229,-96.682466,1530 S Buckner Blvd,75217,Sat Oct 22 14:25:46 +0000 2016,"RT @Mail4Felicia: Going on FOUR days without @ATT wireless service, can't get @ATTCares to respond to my latest msg. #ATTCommunity #Custome…",,,Twitter
Dallas17,32.739229,-96.682466,1530 S Buckner Blvd,75217,Sat Oct 22 14:13:42 +0000 2016,RT @ATT: Welcome to the team! @taylorswift13 https://t.co/4h86nLYuLo https://t.co/gAHOi7fPrZ,,,Twitter
Dallas17,32.739229,-96.682466,1530 S Buckner Blvd,75217,Sat Oct 22 14:08:41 +0000 2016,@ATTCares Thanks for shout out/offer of help.  Tech office now open.  Maybe update your website that tech support is not open for biz 24/7?,,,Twitter
Dallas17,32.739229,-96.682466,1530 S Buckner Blvd,75217,Sat Oct 22 13:59:17 +0000 2016,RT @ATT: Welcome to the team! @taylorswift13 https://t.co/4h86nLYuLo https://t.co/gAHOi7fPrZ,,,Twitter
Dallas17,32.739229,-96.682466,1530 S Buckner Blvd,75217,Sat Oct 22 13:53:34 +0000 2016,RT @ATT: Welcome to the team! @taylorswift13 https://t.co/4h86nLYuLo https://t.co/gAHOi7fPrZ,,,Twitter
Dallas17,32.739229,-96.682466,1530 S Buckner Blvd,75217,Sat Oct 22 13:49:02 +0000 2016,"RT @ATT: Watch the @GreenDay @iHeartRadio Album Release Party Tonight, 9pm ET/PT on AUDIENCE. DIRECTV ch 239/U-verse ch 1114. https://t.co/…",,,Twitter
Dallas17,32.739229,-96.682466,1530 S Buckner Blvd,75217,Sat Oct 22 13:45:19 +0000 2016,"RT @ATT: Watch the @GreenDay @iHeartRadio Album Release Party Tonight, 9pm ET/PT on AUDIENCE. DIRECTV ch 239/U-verse ch 1114. https://t.co/…",,,Twitter
Dallas17,32.739229,-96.682466,1530 S Buckner Blvd,75217,Sat Oct 22 13:44:54 +0000 2016,"RT @ATT: Watch the @GreenDay @iHeartRadio Album Release Party Tonight, 9pm ET/PT on AUDIENCE. DIRECTV ch 239/U-verse ch 1114. https://t.co/…",,,Twitter
Dallas17,32.739229,-96.682466,1530 S Buckner Blvd,75217,Sat Oct 22 13:39:55 +0000 2016,RT @ATT: Get a sweet deal on the new iPhone 7 when you switch to AT&amp;T and have DIRECTV. https://t.co/TQVeUkmeZ6 https://t.co/zfZmNpe8AP,,,Twitter
Dallas17,32.739229,-96.682466,1530 S Buckner Blvd,75217,Sat Oct 22 13:27:30 +0000 2016,"RT @ATT: Watch the @GreenDay @iHeartRadio Album Release Party Tonight, 9pm ET/PT on AUDIENCE. DIRECTV ch 239/U-verse ch 1114. https://t.co/…",,,Twitter
Dallas17,32.739229,-96.682466,1530 S Buckner Blvd,75217,Sat Oct 22 13:26:42 +0000 2016,RT @ATT: Welcome to the team! @taylorswift13 https://t.co/4h86nLYuLo https://t.co/gAHOi7fPrZ,,,Twitter
Dallas17,32.739229,-96.682466,1530 S Buckner Blvd,75217,Sat Oct 22 13:21:03 +0000 2016,RT @ATT: Welcome to the team! @taylorswift13 https://t.co/4h86nLYuLo https://t.co/gAHOi7fPrZ,,,Twitter
Dallas17,32.739229,-96.682466,1530 S Buckner Blvd,75217,Sat Oct 22 13:16:50 +0000 2016,"RT @ATT: Watch the @GreenDay @iHeartRadio Album Release Party Tonight, 9pm ET/PT on AUDIENCE. DIRECTV ch 239/U-verse ch 1114. https://t.co/…",,,Twitter
Dallas17,32.739229,-96.682466,1530 S Buckner Blvd,75217,Sat Oct 22 13:00:02 +0000 2016,"RT @ATT: Watch the @GreenDay @iHeartRadio Album Release Party Tonight, 9pm ET/PT on AUDIENCE. DIRECTV ch 239/U-verse ch 1114. https://t.co/…",,,Twitter
Dallas17,32.739229,-96.682466,1530 S Buckner Blvd,75217,Sat Oct 22 12:55:31 +0000 2016,"RT @ATT: Watch the @GreenDay @iHeartRadio Album Release Party Tonight, 9pm ET/PT on AUDIENCE. DIRECTV ch 239/U-verse ch 1114. https://t.co/…",,,Twitter
Dallas17,32.739229,-96.682466,1530 S Buckner Blvd,75217,Sat Oct 22 12:30:25 +0000 2016,RT @ATT: Las Vegas- Celebrate #LGBTHistoryMonth by heading over to Snapchat and using our exclusive filters! https://t.co/HiHbHuJHD1,,,Twitter
Dallas17,32.739229,-96.682466,1530 S Buckner Blvd,75217,Sat Oct 22 11:55:01 +0000 2016,RT @ATT: Welcome to the team! @taylorswift13 https://t.co/4h86nLYuLo https://t.co/gAHOi7fPrZ,,,Twitter
Dallas17,32.739229,-96.682466,1530 S Buckner Blvd,75217,Sat Oct 22 11:39:34 +0000 2016,RT @ATT: Welcome to the team! @taylorswift13 https://t.co/4h86nLYuLo https://t.co/gAHOi7fPrZ,,,Twitter
Dallas17,32.739229,-96.682466,1530 S Buckner Blvd,75217,Sat Oct 22 11:38:53 +0000 2016,RT @ATT: Welcome to the team! @taylorswift13 https://t.co/4h86nLYuLo https://t.co/gAHOi7fPrZ,,,Twitter
Dallas17,32.739229,-96.682466,1530 S Buckner Blvd,75217,Sat Oct 22 11:25:18 +0000 2016,"RT @ATT: Watch the @GreenDay @iHeartRadio Album Release Party Tonight, 9pm ET/PT on AUDIENCE. DIRECTV ch 239/U-verse ch 1114. https://t.co/…",,,Twitter
Dallas17,32.739229,-96.682466,1530 S Buckner Blvd,75217,Sat Oct 22 11:11:13 +0000 2016,"RT @ATT: Some people may wait a lifetime, but you don't have to. On 11/2-3, AT&amp;T customers can buy @kelly_clarkson tix early. https://t.co/…",,,Twitter
Dallas17,32.739229,-96.682466,1530 S Buckner Blvd,75217,Sat Oct 22 11:10:17 +0000 2016,RT @ATT: Welcome to the team! @taylorswift13 https://t.co/4h86nLYuLo https://t.co/gAHOi7fPrZ,,,Twitter
Dallas17,32.739229,-96.682466,1530 S Buckner Blvd,75217,Sat Oct 22 10:32:04 +0000 2016,RT @ATT: Welcome to the team! @taylorswift13 https://t.co/4h86nLYuLo https://t.co/gAHOi7fPrZ,,,Twitter
Dallas17,32.739229,-96.682466,1530 S Buckner Blvd,75217,Sat Oct 22 10:09:24 +0000 2016,"RT @ATT: Watch the @GreenDay @iHeartRadio Album Release Party Tonight, 9pm ET/PT on AUDIENCE. DIRECTV ch 239/U-verse ch 1114. https://t.co/…",,,Twitter
Dallas17,32.739229,-96.682466,1530 S Buckner Blvd,75217,Sat Oct 22 09:31:15 +0000 2016,RT @ATT: Welcome to the team! @taylorswift13 https://t.co/4h86nLYuLo https://t.co/gAHOi7fPrZ,,,Twitter
Dallas17,32.739229,-96.682466,1530 S Buckner Blvd,75217,Sat Oct 22 09:20:26 +0000 2016,RT @ATT: Welcome to the team! @taylorswift13 https://t.co/4h86nLYuLo https://t.co/gAHOi7fPrZ,,,Twitter
Dallas17,32.739229,-96.682466,1530 S Buckner Blvd,75217,Sat Oct 22 09:16:31 +0000 2016,RT @ATT: Welcome to the team! @taylorswift13 https://t.co/4h86nLYuLo https://t.co/gAHOi7fPrZ,,,Twitter
Dallas17,32.739229,-96.682466,1530 S Buckner Blvd,75217,Sat Oct 22 08:56:14 +0000 2016,RT @ATT: Welcome to the team! @taylorswift13 https://t.co/4h86nLYuLo https://t.co/gAHOi7fPrZ,,,Twitter
Dallas17,32.739229,-96.682466,1530 S Buckner Blvd,75217,Sat Oct 22 08:31:46 +0000 2016,RT @ATT: Welcome to the team! @taylorswift13 https://t.co/4h86nLYuLo https://t.co/gAHOi7fPrZ,,,Twitter
Dallas17,32.739229,-96.682466,1530 S Buckner Blvd,75217,Sat Oct 22 08:30:02 +0000 2016,RT @ATT: Welcome to the team! @taylorswift13 https://t.co/4h86nLYuLo https://t.co/gAHOi7fPrZ,,,Twitter
Dallas17,32.739229,-96.682466,1530 S Buckner Blvd,75217,Sat Oct 22 08:04:41 +0000 2016,"RT @ATT: Watch the @GreenDay @iHeartRadio Album Release Party Tonight, 9pm ET/PT on AUDIENCE. DIRECTV ch 239/U-verse ch 1114. https://t.co/…",,,Twitter
Dallas17,32.739229,-96.682466,1530 S Buckner Blvd,75217,Sat Oct 22 07:50:05 +0000 2016,RT @ATT: Welcome to the team! @taylorswift13 https://t.co/4h86nLYuLo https://t.co/gAHOi7fPrZ,,,Twitter
Dallas17,32.739229,-96.682466,1530 S Buckner Blvd,75217,Sat Oct 22 07:40:44 +0000 2016,"RT @ATT: Watch the @GreenDay @iHeartRadio Album Release Party Tonight, 9pm ET/PT on AUDIENCE. DIRECTV ch 239/U-verse ch 1114. https://t.co/…",,,Twitter
Dallas17,32.739229,-96.682466,1530 S Buckner Blvd,75217,Sat Oct 22 07:34:56 +0000 2016,RT @ATT: Welcome to the team! @taylorswift13 https://t.co/4h86nLYuLo https://t.co/gAHOi7fPrZ,,,Twitter
Dallas17,32.739229,-96.682466,1530 S Buckner Blvd,75217,Sat Oct 22 07:28:37 +0000 2016,RT @ATT: Welcome to the team! @taylorswift13 https://t.co/4h86nLYuLo https://t.co/gAHOi7fPrZ,,,Twitter
Dallas17,32.739229,-96.682466,1530 S Buckner Blvd,75217,Sat Oct 22 06:50:55 +0000 2016,RT @ATT: Are you ready for the revolution? Watch the @GreenDay @iHeartRadio Album Release Party now. #iHeartGreenDay https://t.co/ec2gZXKu7U,,,Twitter
Dallas17,32.739229,-96.682466,1530 S Buckner Blvd,75217,Sat Oct 22 06:42:08 +0000 2016,RT @ATT: Welcome to the team! @taylorswift13 https://t.co/4h86nLYuLo https://t.co/gAHOi7fPrZ,,,Twitter
Dallas17,32.739229,-96.682466,1530 S Buckner Blvd,75217,Sat Oct 22 05:51:03 +0000 2016,RT @ATT: Welcome to the team! @taylorswift13 https://t.co/4h86nLYuLo https://t.co/gAHOi7fPrZ,,,Twitter
Dallas17,32.739229,-96.682466,1530 S Buckner Blvd,75217,Sat Oct 22 05:47:52 +0000 2016,"RT @ATT: Watch the @GreenDay @iHeartRadio Album Release Party Tonight, 9pm ET/PT on AUDIENCE. DIRECTV ch 239/U-verse ch 1114. https://t.co/…",,,Twitter
Dallas17,32.739229,-96.682466,1530 S Buckner Blvd,75217,Sat Oct 22 05:04:57 +0000 2016,"RT @ATT: Watch the @GreenDay @iHeartRadio Album Release Party Tonight, 9pm ET/PT on AUDIENCE. DIRECTV ch 239/U-verse ch 1114. https://t.co/…",,,Twitter
Dallas17,32.739229,-96.682466,1530 S Buckner Blvd,75217,Sat Oct 22 04:58:57 +0000 2016,"RT @ATT: Watch the @GreenDay @iHeartRadio Album Release Party Tonight, 9pm ET/PT on AUDIENCE. DIRECTV ch 239/U-verse ch 1114. https://t.co/…",,,Twitter
Dallas17,32.739229,-96.682466,1530 S Buckner Blvd,75217,Sat Oct 22 04:37:08 +0000 2016,RT @Uverse: 💋 the ❄️ goodbye 👋 + catch #IceAge Collision Course OnDemand. https://t.co/jzwn0xrX8j https://t.co/WVs9FZcuTm,,,Twitter
Dallas17,32.739229,-96.682466,1530 S Buckner Blvd,75217,Sat Oct 22 04:24:51 +0000 2016,"RT @ATT: Watch the @GreenDay @iHeartRadio Album Release Party Tonight, 9pm ET/PT on AUDIENCE. DIRECTV ch 239/U-verse ch 1114. https://t.co/…",,,Twitter
Dallas17,32.739229,-96.682466,1530 S Buckner Blvd,75217,Sat Oct 22 04:20:13 +0000 2016,"@ATTCares usual customer service. NOT! Tech Support says its open 24/7 but elec voice says ""that office is closed"" #goodbye #toughluck",,,Twitter
Dallas17,32.739229,-96.682466,1530 S Buckner Blvd,75217,Sat Oct 22 04:06:03 +0000 2016,RT @ATT: Welcome to the team! @taylorswift13 https://t.co/4h86nLYuLo https://t.co/gAHOi7fPrZ,,,Twitter
Dallas17,32.739229,-96.682466,1530 S Buckner Blvd,75217,Sat Oct 22 03:58:41 +0000 2016,@ATT our internet hasn't been working all day - what's the deal #dallas!!,,,Twitter
Dallas17,32.739229,-96.682466,1530 S Buckner Blvd,75217,Sat Oct 22 03:56:42 +0000 2016,"RT @ATT: Watch the @GreenDay @iHeartRadio Album Release Party Tonight, 9pm ET/PT on AUDIENCE. DIRECTV ch 239/U-verse ch 1114. https://t.co/…",,,Twitter
Dallas17,32.739229,-96.682466,1530 S Buckner Blvd,75217,Sat Oct 22 03:51:05 +0000 2016,RT @ATT: Welcome to the team! @taylorswift13 https://t.co/4h86nLYuLo https://t.co/gAHOi7fPrZ,,,Twitter
Dallas17,32.739229,-96.682466,1530 S Buckner Blvd,75217,Sat Oct 22 03:45:00 +0000 2016,"RT @ATT: Watch the @GreenDay @iHeartRadio Album Release Party Tonight, 9pm ET/PT on AUDIENCE. DIRECTV ch 239/U-verse ch 1114. https://t.co/…",,,Twitter
Dallas17,32.739229,-96.682466,1530 S Buckner Blvd,75217,Sat Oct 22 03:42:55 +0000 2016,RT @ATT: Welcome to the team! @taylorswift13 https://t.co/4h86nLYuLo https://t.co/gAHOi7fPrZ,,,Twitter
Dallas17,32.739229,-96.682466,1530 S Buckner Blvd,75217,Sat Oct 22 03:37:04 +0000 2016,"RT @ATT: Some people may wait a lifetime, but you don't have to. On 11/2-3, AT&amp;T customers can buy @kelly_clarkson tix early. https://t.co/…",,,Twitter
Dallas17,32.739229,-96.682466,1530 S Buckner Blvd,75217,Sat Oct 22 03:25:35 +0000 2016,"RT @ATT: Watch the @GreenDay @iHeartRadio Album Release Party Tonight, 9pm ET/PT on AUDIENCE. DIRECTV ch 239/U-verse ch 1114. https://t.co/…",,,Twitter
Dallas17,32.739229,-96.682466,1530 S Buckner Blvd,75217,Sat Oct 22 03:21:50 +0000 2016,RT @ATT: @Emma_Wilson44 We’ll be giving away tickets to Taylor fans including AT&amp;T customers + special guests. We’ll share ticketing detail…,,,Twitter
Dallas17,32.739229,-96.682466,1530 S Buckner Blvd,75217,Sat Oct 22 03:17:26 +0000 2016,"RT @ATT: Some people may wait a lifetime, but you don't have to. On 11/2-3, AT&amp;T customers can buy @kelly_clarkson tix early. https://t.co/…",,,Twitter
Dallas17,32.739229,-96.682466,1530 S Buckner Blvd,75217,Sat Oct 22 03:15:07 +0000 2016,RT @ATT: Welcome to the team! @taylorswift13 https://t.co/4h86nLYuLo https://t.co/gAHOi7fPrZ,,,Twitter
Dallas17,32.739229,-96.682466,1530 S Buckner Blvd,75217,Sat Oct 22 03:13:08 +0000 2016,"RT @ATT: Watch the @GreenDay @iHeartRadio Album Release Party Tonight, 9pm ET/PT on AUDIENCE. DIRECTV ch 239/U-verse ch 1114. https://t.co/…",,,Twitter
Dallas17,32.739229,-96.682466,1530 S Buckner Blvd,75217,Sat Oct 22 03:12:49 +0000 2016,"RT @ATT: Watch the @GreenDay @iHeartRadio Album Release Party Tonight, 9pm ET/PT on AUDIENCE. DIRECTV ch 239/U-verse ch 1114. https://t.co/…",,,Twitter
Dallas17,32.739229,-96.682466,1530 S Buckner Blvd,75217,Sat Oct 22 03:05:05 +0000 2016,RT @ATT: Welcome to the team! @taylorswift13 https://t.co/4h86nLYuLo https://t.co/gAHOi7fPrZ,,,Twitter
Dallas17,32.739229,-96.682466,1530 S Buckner Blvd,75217,Sat Oct 22 03:02:51 +0000 2016,RT @ATT: Welcome to the team! @taylorswift13 https://t.co/4h86nLYuLo https://t.co/gAHOi7fPrZ,,,Twitter
Dallas17,32.739229,-96.682466,1530 S Buckner Blvd,75217,Sat Oct 22 03:00:44 +0000 2016,#Roadto5G with  #At&amp;t #ATT  @EricssonNA  @ATT https://t.co/wx0bjI240e,,,Twitter
Dallas17,32.739229,-96.682466,1530 S Buckner Blvd,75217,Sat Oct 22 03:00:04 +0000 2016,"RT @ATT: Watch the @GreenDay @iHeartRadio Album Release Party Tonight, 9pm ET/PT on AUDIENCE. DIRECTV ch 239/U-verse ch 1114. https://t.co/…",,,Twitter
Dallas17,32.739229,-96.682466,1530 S Buckner Blvd,75217,Sat Oct 22 02:31:11 +0000 2016,"RT @ATT: Some people may wait a lifetime, but you don't have to. On 11/2-3, AT&amp;T customers can buy @kelly_clarkson tix early. https://t.co/…",,,Twitter
Dallas17,32.739229,-96.682466,1530 S Buckner Blvd,75217,Sat Oct 22 02:30:37 +0000 2016,"RT @ATT: Watch the @GreenDay @iHeartRadio Album Release Party Tonight, 9pm ET/PT on AUDIENCE. DIRECTV ch 239/U-verse ch 1114. https://t.co/…",,,Twitter
Dallas17,32.739229,-96.682466,1530 S Buckner Blvd,75217,Sat Oct 22 02:26:33 +0000 2016,RT @ATT: Are you ready for the revolution? Watch the @GreenDay @iHeartRadio Album Release Party now. #iHeartGreenDay https://t.co/ec2gZXKu7U,,,Twitter
Dallas17,32.739229,-96.682466,1530 S Buckner Blvd,75217,Sat Oct 22 02:25:09 +0000 2016,RT @ATT: Get a sweet deal on the new iPhone 7 when you switch to AT&amp;T and have DIRECTV. https://t.co/TQVeUkmeZ6 https://t.co/zfZmNpe8AP,,,Twitter
Dallas17,32.739229,-96.682466,1530 S Buckner Blvd,75217,Sat Oct 22 02:22:33 +0000 2016,@ATT agrees in principle to buy Time Warner for $85 billion  https://t.co/ym97zYu1oG,,,Twitter
Dallas17,32.739229,-96.682466,1530 S Buckner Blvd,75217,Sat Oct 22 02:16:38 +0000 2016,RT @ATT: Are you ready for the revolution? Watch the @GreenDay @iHeartRadio Album Release Party now. #iHeartGreenDay https://t.co/ec2gZXKu7U,,,Twitter
Dallas17,32.739229,-96.682466,1530 S Buckner Blvd,75217,Sat Oct 22 02:01:41 +0000 2016,"RT @ATT: Watch the @GreenDay @iHeartRadio Album Release Party Tonight, 9pm ET/PT on AUDIENCE. DIRECTV ch 239/U-verse ch 1114. https://t.co/…",,,Twitter
Dallas17,32.739229,-96.682466,1530 S Buckner Blvd,75217,Sat Oct 22 01:46:11 +0000 2016,RT @ATT: Get a sweet deal on the new iPhone 7 when you switch to AT&amp;T and have DIRECTV. https://t.co/TQVeUkmeZ6 https://t.co/zfZmNpe8AP,,,Twitter
Dallas17,32.739229,-96.682466,1530 S Buckner Blvd,75217,Sat Oct 22 01:43:22 +0000 2016,RT @ATT: Welcome to the team! @taylorswift13 https://t.co/4h86nLYuLo https://t.co/gAHOi7fPrZ,,,Twitter
Dallas17,32.739229,-96.682466,1530 S Buckner Blvd,75217,Sat Oct 22 01:42:21 +0000 2016,"Going on FOUR days without @ATT wireless service, can't get @ATTCares to respond to my latest msg. #ATTCommunity #CustomerService",,,Twitter
Dallas17,32.739229,-96.682466,1530 S Buckner Blvd,75217,Sat Oct 22 01:37:16 +0000 2016,RT @ATT: Are you ready for the revolution? Watch the @GreenDay @iHeartRadio Album Release Party now. #iHeartGreenDay https://t.co/ec2gZXKu7U,,,Twitter
Dallas17,32.739229,-96.682466,1530 S Buckner Blvd,75217,Sat Oct 22 01:13:55 +0000 2016,"RT @ATT: Watch the @GreenDay @iHeartRadio Album Release Party Tonight, 9pm ET/PT on AUDIENCE. DIRECTV ch 239/U-verse ch 1114. https://t.co/…",,,Twitter
Dallas17,32.739229,-96.682466,1530 S Buckner Blvd,75217,Sat Oct 22 01:02:05 +0000 2016,"RT @ATT: Watch the @GreenDay @iHeartRadio Album Release Party Tonight, 9pm ET/PT on AUDIENCE. DIRECTV ch 239/U-verse ch 1114. https://t.co/…",,,Twitter
Dallas17,32.739229,-96.682466,1530 S Buckner Blvd,75217,Sat Oct 22 00:51:12 +0000 2016,"RT @ATT: Watch the @GreenDay @iHeartRadio Album Release Party Tonight, 9pm ET/PT on AUDIENCE. DIRECTV ch 239/U-verse ch 1114. https://t.co/…",,,Twitter
Dallas17,32.739229,-96.682466,1530 S Buckner Blvd,75217,Sat Oct 22 00:48:42 +0000 2016,"RT @ATT: Watch the @GreenDay @iHeartRadio Album Release Party Tonight, 9pm ET/PT on AUDIENCE. DIRECTV ch 239/U-verse ch 1114. https://t.co/…",,,Twitter
Dallas17,32.739229,-96.682466,1530 S Buckner Blvd,75217,Sat Oct 22 00:38:35 +0000 2016,"RT @ATT: Some people may wait a lifetime, but you don't have to. On 11/2-3, AT&amp;T customers can buy @kelly_clarkson tix early. https://t.co/…",,,Twitter
Dallas17,32.739229,-96.682466,1530 S Buckner Blvd,75217,Sat Oct 22 00:35:35 +0000 2016,"RT @ATT: Watch the @GreenDay @iHeartRadio Album Release Party Tonight, 9pm ET/PT on AUDIENCE. DIRECTV ch 239/U-verse ch 1114. https://t.co/…",,,Twitter
Dallas17,32.739229,-96.682466,1530 S Buckner Blvd,75217,Sat Oct 22 00:31:31 +0000 2016,RT @theeagledallas: WATCH Green Day's album release party with @iHeartRadio &amp; @ATT TONIGHT 9PM ET/PT 🎸 https://t.co/xa5cQQVGxg https://t.co…,,,Twitter
Dallas17,32.739229,-96.682466,1530 S Buckner Blvd,75217,Sat Oct 22 00:30:02 +0000 2016,WATCH Green Day's album release party with @iHeartRadio &amp; @ATT TONIGHT 9PM ET/PT 🎸 https://t.co/xa5cQQVGxg https://t.co/s6unQBd9wY,,,Twitter
Dallas17,32.739229,-96.682466,1530 S Buckner Blvd,75217,Sat Oct 22 00:24:06 +0000 2016,RT @Jacqueline062: @ATT has the worst customer service imaginable. 😡,,,Twitter
Dallas17,32.739229,-96.682466,1530 S Buckner Blvd,75217,Sat Oct 22 00:15:02 +0000 2016,RT @ATT: Welcome to the team! @taylorswift13 https://t.co/4h86nLYuLo https://t.co/gAHOi7fPrZ,,,Twitter
Dallas17,32.739229,-96.682466,1530 S Buckner Blvd,75217,Sat Oct 22 00:07:32 +0000 2016,RT @ATT: Welcome to the team! @taylorswift13 https://t.co/4h86nLYuLo https://t.co/gAHOi7fPrZ,,,Twitter
Dallas17,32.739229,-96.682466,1530 S Buckner Blvd,75217,Sat Oct 22 00:06:16 +0000 2016,"RT @ATT: Watch the @GreenDay @iHeartRadio Album Release Party Tonight, 9pm ET/PT on AUDIENCE. DIRECTV ch 239/U-verse ch 1114. https://t.co/…",,,Twitter
Dallas17,32.739229,-96.682466,1530 S Buckner Blvd,75217,Fri Oct 21 23:50:39 +0000 2016,"RT @ATT: Some people may wait a lifetime, but you don't have to. On 11/2-3, AT&amp;T customers can buy @kelly_clarkson tix early. https://t.co/…",,,Twitter
Dallas17,32.739229,-96.682466,1530 S Buckner Blvd,75217,Fri Oct 21 23:47:29 +0000 2016,"RT @ATT: Some people may wait a lifetime, but you don't have to. On 11/2-3, AT&amp;T customers can buy @kelly_clarkson tix early. https://t.co/…",,,Twitter
Dallas17,32.739229,-96.682466,1530 S Buckner Blvd,75217,Fri Oct 21 23:46:45 +0000 2016,"RT @ATT: Watch the @GreenDay @iHeartRadio Album Release Party Tonight, 9pm ET/PT on AUDIENCE. DIRECTV ch 239/U-verse ch 1114. https://t.co/…",,,Twitter
Dallas17,32.739229,-96.682466,1530 S Buckner Blvd,75217,Fri Oct 21 23:43:47 +0000 2016,"RT @ATT: Watch the @GreenDay @iHeartRadio Album Release Party Tonight, 9pm ET/PT on AUDIENCE. DIRECTV ch 239/U-verse ch 1114. https://t.co/…",,,Twitter
Dallas17,32.739229,-96.682466,1530 S Buckner Blvd,75217,Fri Oct 21 23:40:54 +0000 2016,"RT @ATT: Some people may wait a lifetime, but you don't have to. On 11/2-3, AT&amp;T customers can buy @kelly_clarkson tix early. https://t.co/…",,,Twitter
Dallas17,32.739229,-96.682466,1530 S Buckner Blvd,75217,Fri Oct 21 23:34:22 +0000 2016,"RT @ATT: Watch the @GreenDay @iHeartRadio Album Release Party Tonight, 9pm ET/PT on AUDIENCE. DIRECTV ch 239/U-verse ch 1114. https://t.co/…",,,Twitter
Dallas17,32.739229,-96.682466,1530 S Buckner Blvd,75217,Fri Oct 21 23:33:45 +0000 2016,RT @ATT: Welcome to the team! @taylorswift13 https://t.co/4h86nLYuLo https://t.co/gAHOi7fPrZ,,,Twitter
Dallas17,32.739229,-96.682466,1530 S Buckner Blvd,75217,Fri Oct 21 23:24:16 +0000 2016,RT @ATT: Welcome to the team! @taylorswift13 https://t.co/4h86nLYuLo https://t.co/gAHOi7fPrZ,,,Twitter
Dallas17,32.739229,-96.682466,1530 S Buckner Blvd,75217,Fri Oct 21 23:18:07 +0000 2016,"RT @ATT: Watch the @GreenDay @iHeartRadio Album Release Party Tonight, 9pm ET/PT on AUDIENCE. DIRECTV ch 239/U-verse ch 1114. https://t.co/…",,,Twitter
Dallas17,32.739229,-96.682466,1530 S Buckner Blvd,75217,Fri Oct 21 23:11:45 +0000 2016,"RT @ATT: Some people may wait a lifetime, but you don't have to. On 11/2-3, AT&amp;T customers can buy @kelly_clarkson tix early. https://t.co/…",,,Twitter
