Store,Latitude,Longitude,Address,Zip,CreatedAt,Text,Senti,Rating,Source
Dallas16,32.865482,-96.805688,5960 W Northwest Hwy,75225,Wed Oct 26 16:43:38 +0000 2016,RT @attJOBS: We're helping connect youth to their first jobs by signing on to the White House's First Job Compact. Learn more: https://t.co…,,,Twitter
Dallas16,32.865482,-96.805688,5960 W Northwest Hwy,75225,Wed Oct 26 16:43:17 +0000 2016,"RT @attJOBS: Our colleagues in Europe, the Middle East &amp; Asia are spreading the @ATT Aspire mission around the globe: https://t.co/ypGzlddr…",,,Twitter
Dallas16,32.865482,-96.805688,5960 W Northwest Hwy,75225,Wed Oct 26 16:42:56 +0000 2016,"Interesting-How #ATT, #TimeWarner #merger could impact #Dallas footprint https://t.co/FOrClxl8eV @DallasBizNews #media #content",,,Twitter
Dallas16,32.865482,-96.805688,5960 W Northwest Hwy,75225,Wed Oct 26 16:38:38 +0000 2016,"@RealAsKENbe Hi there, we wanted to clarify - Time Warner Cable is owned by Charter Communications which is separate from Time Warner Inc.",,,Twitter
Dallas16,32.865482,-96.805688,5960 W Northwest Hwy,75225,Wed Oct 26 16:37:07 +0000 2016,"@Tony_Five_O Hi Tony, we wanted to clarify - Time Warner Cable is owned by Charter Communications which is separate from Time Warner Inc.",,,Twitter
Dallas16,32.865482,-96.805688,5960 W Northwest Hwy,75225,Wed Oct 26 16:34:32 +0000 2016,"RT @attJOBS: At AT&amp;T, we believe that inspiration stems from collaboration. That's why we give employees the access they need. https://t.co…",,,Twitter
Dallas16,32.865482,-96.805688,5960 W Northwest Hwy,75225,Wed Oct 26 16:29:35 +0000 2016,RT @ATT: Who made you a college 🏈 fan? Share with #MadeMeAFanContest for a chance to win. Rules https://t.co/hU3I3wFn5V https://t.co/seJBJK…,,,Twitter
Dallas16,32.865482,-96.805688,5960 W Northwest Hwy,75225,Wed Oct 26 16:27:11 +0000 2016,"RT @SportsDayHS: Due to conflicts, no #txhsfb at AT&amp;T Stadium for the first 3 rounds 😭
…but now we have The Star.
Details: https://t.co/UxR…",,,Twitter
Dallas16,32.865482,-96.805688,5960 W Northwest Hwy,75225,Wed Oct 26 16:21:15 +0000 2016,The code names and secret meetings that got the #ATT-Time Warner deal done https://t.co/TotfnMDncL #DFW,,,Twitter
Dallas16,32.865482,-96.805688,5960 W Northwest Hwy,75225,Wed Oct 26 16:20:01 +0000 2016,Jordan Spieth to help unveil new home for AT&amp;T Byron Nelson - https://t.co/586TyKd3B3 via https://t.co/IR4kIJxJZ4,,,Twitter
Dallas16,32.865482,-96.805688,5960 W Northwest Hwy,75225,Wed Oct 26 16:18:36 +0000 2016,RT @ATT: Welcome to the team! @taylorswift13 https://t.co/4h86nLYuLo https://t.co/gAHOi7fPrZ,,,Twitter
Dallas16,32.865482,-96.805688,5960 W Northwest Hwy,75225,Wed Oct 26 16:17:55 +0000 2016,RT @MattManero: ATT:  WOMEN IN SALES:  I want you to get 2 things FREE.  #1.  A copy of my audio book THE GRIT.  #2.  My webinar wit…https:…,,,Twitter
Dallas16,32.865482,-96.805688,5960 W Northwest Hwy,75225,Wed Oct 26 16:17:19 +0000 2016,@ATTCares I still need help - I'm just so busy and it's hard to have to take time to stop being awesome and fix y'alls negatives. Sorry,,,Twitter
Dallas16,32.865482,-96.805688,5960 W Northwest Hwy,75225,Wed Oct 26 16:13:45 +0000 2016,The code names and secret meetings that got the #ATT-Time Warner deal done https://t.co/PU33R0uwMC #DFW #realestate,,,Twitter
Dallas16,32.865482,-96.805688,5960 W Northwest Hwy,75225,Wed Oct 26 16:13:43 +0000 2016,The code names and secret meetings that got the #ATT-Time Warner deal done https://t.co/3rhzsaMiJF #DFW #Tech,,,Twitter
Dallas16,32.865482,-96.805688,5960 W Northwest Hwy,75225,Wed Oct 26 16:12:20 +0000 2016,RT @ATT: Welcome to the team! @taylorswift13 https://t.co/4h86nLYuLo https://t.co/gAHOi7fPrZ,,,Twitter
Dallas16,32.865482,-96.805688,5960 W Northwest Hwy,75225,Wed Oct 26 16:11:51 +0000 2016,RT @ATT: Welcome to the team! @taylorswift13 https://t.co/4h86nLYuLo https://t.co/gAHOi7fPrZ,,,Twitter
Dallas16,32.865482,-96.805688,5960 W Northwest Hwy,75225,Wed Oct 26 16:10:36 +0000 2016,RT @ATTBusiness: We're navigating the known threat landscape to help protect your org. See more in our new cybersecurity report: https://t.…,,,Twitter
Dallas16,32.865482,-96.805688,5960 W Northwest Hwy,75225,Wed Oct 26 16:06:53 +0000 2016,RT @ATT: Welcome to the team! @taylorswift13 https://t.co/4h86nLYuLo https://t.co/gAHOi7fPrZ,,,Twitter
Dallas16,32.865482,-96.805688,5960 W Northwest Hwy,75225,Wed Oct 26 16:03:02 +0000 2016,RT @ATTBusiness: We're navigating the known threat landscape to help protect your org. See more in our new cybersecurity report: https://t.…,,,Twitter
Dallas16,32.865482,-96.805688,5960 W Northwest Hwy,75225,Wed Oct 26 16:00:06 +0000 2016,We're navigating the known threat landscape to help protect your org. See more in our new cybersecurity report:… https://t.co/EsVluyh88U,,,Twitter
Dallas16,32.865482,-96.805688,5960 W Northwest Hwy,75225,Wed Oct 26 15:59:10 +0000 2016,Uh oh! What will Los Colinas do now for fun? #ByronNelson https://t.co/J7Qpk8ODky,,,Twitter
Dallas16,32.865482,-96.805688,5960 W Northwest Hwy,75225,Wed Oct 26 15:49:41 +0000 2016,RT @ATT: Welcome to the team! @taylorswift13 https://t.co/4h86nLYuLo https://t.co/gAHOi7fPrZ,,,Twitter
Dallas16,32.865482,-96.805688,5960 W Northwest Hwy,75225,Wed Oct 26 15:40:36 +0000 2016,"""AT&amp;T wants to own the content that is distributed. Rather than start from scratch, it wants to buy Time Warner f... https://t.co/Le6ufCFJAI",,,Twitter
Dallas16,32.865482,-96.805688,5960 W Northwest Hwy,75225,Wed Oct 26 15:06:29 +0000 2016,RT @ATT: Welcome to the team! @taylorswift13 https://t.co/4h86nLYuLo https://t.co/gAHOi7fPrZ,,,Twitter
Dallas16,32.865482,-96.805688,5960 W Northwest Hwy,75225,Wed Oct 26 15:00:26 +0000 2016,New #IoT Security Guidelines from the Dept of Homeland Security https://t.co/v8cqO8ioHn #attemployee https://t.co/iDBsFJGg1Y,,,Twitter
Dallas16,32.865482,-96.805688,5960 W Northwest Hwy,75225,Wed Oct 26 14:59:50 +0000 2016,Heading to vote early with my @ATT coworker! HQ is right by a voting place. #lifeatATT https://t.co/8zchRMkDG3,,,Twitter
Dallas16,32.865482,-96.805688,5960 W Northwest Hwy,75225,Wed Oct 26 14:59:40 +0000 2016,Just another day in the office. @JordanSpieth joins the @ATT Aspire  Accelerator presentations showcasing innovativ… https://t.co/KO1FM9rvPd,,,Twitter
Dallas16,32.865482,-96.805688,5960 W Northwest Hwy,75225,Wed Oct 26 14:58:46 +0000 2016,@ATTCares like that thought never crossed my mind.,,,Twitter
Dallas16,32.865482,-96.805688,5960 W Northwest Hwy,75225,Wed Oct 26 14:57:28 +0000 2016,Agree @ATT's #RandallStephenson is a 'southern gentleman' like @DaveLieber says? I've heard mostly good. @JimZarroli https://t.co/8MlQugMyQ3,,,Twitter
Dallas16,32.865482,-96.805688,5960 W Northwest Hwy,75225,Wed Oct 26 14:36:30 +0000 2016,How to talk about the @ATT-@twxcorp deal like an insider https://t.co/BS8al09DpH | @Melissa_Repko https://t.co/r69KlkAmBl,,,Twitter
Dallas16,32.865482,-96.805688,5960 W Northwest Hwy,75225,Wed Oct 26 14:34:17 +0000 2016,"Hey @ATT appreciate being on hold for 39 minutes now waiting to talk about my ""rewards"" I am supposed to get.",,,Twitter
Dallas16,32.865482,-96.805688,5960 W Northwest Hwy,75225,Wed Oct 26 14:27:28 +0000 2016,RT @ATT: Welcome to the team! @taylorswift13 https://t.co/4h86nLYuLo https://t.co/gAHOi7fPrZ,,,Twitter
Dallas16,32.865482,-96.805688,5960 W Northwest Hwy,75225,Wed Oct 26 14:26:50 +0000 2016,"RT @attJOBS: At AT&amp;T, we believe that inspiration stems from collaboration. That's why we give employees the access they need. https://t.co…",,,Twitter
Dallas16,32.865482,-96.805688,5960 W Northwest Hwy,75225,Wed Oct 26 14:23:29 +0000 2016,"RT @NerdButler: AT&amp;T Undercuts Cable TV With $35 Internet Streaming Service | WIRED
https://t.co/4FOS0tODt6 https://t.co/9L0r6PzMqe",,,Twitter
Dallas16,32.865482,-96.805688,5960 W Northwest Hwy,75225,Wed Oct 26 14:22:50 +0000 2016,RT @ATT: Welcome to the team! @taylorswift13 https://t.co/4h86nLYuLo https://t.co/gAHOi7fPrZ,,,Twitter
Dallas16,32.865482,-96.805688,5960 W Northwest Hwy,75225,Wed Oct 26 14:19:42 +0000 2016,"RT @paul_o_donnell: Lots of reader interest in this story yesterday. #topreadoftheday
https://t.co/RwZMZvtM1I via @dallasnews",,,Twitter
Dallas16,32.865482,-96.805688,5960 W Northwest Hwy,75225,Wed Oct 26 14:18:04 +0000 2016,"AT&amp;T Undercuts Cable TV With $35 Internet Streaming Service | WIRED
https://t.co/4FOS0tODt6 https://t.co/9L0r6PzMqe",,,Twitter
Dallas16,32.865482,-96.805688,5960 W Northwest Hwy,75225,Wed Oct 26 14:04:59 +0000 2016,@capritwotimes Oh no! That's not what we like to hear. Please DM us your account information so we can look into this for you.,,,Twitter
Dallas16,32.865482,-96.805688,5960 W Northwest Hwy,75225,Wed Oct 26 14:03:56 +0000 2016,RT @ATT: Welcome to the team! @taylorswift13 https://t.co/4h86nLYuLo https://t.co/gAHOi7fPrZ,,,Twitter
Dallas16,32.865482,-96.805688,5960 W Northwest Hwy,75225,Wed Oct 26 14:03:41 +0000 2016,Received my notice @Uverse will stop charging me a premium to opt out of their domestic spying/ad program.  Just in time for Time Warner/FTC,,,Twitter
Dallas16,32.865482,-96.805688,5960 W Northwest Hwy,75225,Wed Oct 26 14:02:37 +0000 2016,RT @ATTBusiness: Watch how to protect your business from evolving threats. Get our report to learn more: https://t.co/8Ixmpp7esC #ATTCyberC…,,,Twitter
Dallas16,32.865482,-96.805688,5960 W Northwest Hwy,75225,Wed Oct 26 14:00:56 +0000 2016,What’s different about 5G than previous “G’s”? https://t.co/AxI4gm6JdB #attemployee https://t.co/2F1KDK93ak,,,Twitter
Dallas16,32.865482,-96.805688,5960 W Northwest Hwy,75225,Wed Oct 26 14:00:02 +0000 2016,Looking for a new trainer? Check out @JillianMichaels Fit Fusion TV: https://t.co/wHpiTE8VdG https://t.co/Os2SQH8UbG,,,Twitter
Dallas16,32.865482,-96.805688,5960 W Northwest Hwy,75225,Wed Oct 26 13:57:02 +0000 2016,Documents show AT&amp;T secretly sells customer data to law enforcement https://t.co/NHOKuMEq8l,,,Twitter
Dallas16,32.865482,-96.805688,5960 W Northwest Hwy,75225,Wed Oct 26 13:49:27 +0000 2016,RT @ATTBusinessCare: Learn how to add a text messaging user to your pdvConnect from AT&amp;T account https://t.co/Aqu7w2lJjK https://t.co/BUzKt…,,,Twitter
Dallas16,32.865482,-96.805688,5960 W Northwest Hwy,75225,Wed Oct 26 13:48:18 +0000 2016,RT @ATTBusinessCare: See how to change your status in AT&amp;T Business Messenger for iPhone at https://t.co/0f5VB7upGe,,,Twitter
Dallas16,32.865482,-96.805688,5960 W Northwest Hwy,75225,Wed Oct 26 13:48:04 +0000 2016,"RT @bodyrecruit: @TheNETwork_Natl 
AT&amp;T Hiring Sales Executive Field Sales #Des Peres, MO. Spread the word about the good #LifeAtATT. https…",,,Twitter
Dallas16,32.865482,-96.805688,5960 W Northwest Hwy,75225,Wed Oct 26 13:47:22 +0000 2016,RT @ATTBusiness: Watch how to protect your business from evolving threats. Get our report to learn more: https://t.co/8Ixmpp7esC #ATTCyberC…,,,Twitter
Dallas16,32.865482,-96.805688,5960 W Northwest Hwy,75225,Wed Oct 26 13:44:39 +0000 2016,RT @kheinlein: AT&amp;T CEO Stephenson finally reveals price point for DirecTV Now https://t.co/VcroyovOhz via @DallasBizNews #attemployee,,,Twitter
Dallas16,32.865482,-96.805688,5960 W Northwest Hwy,75225,Wed Oct 26 13:42:50 +0000 2016,"RT @attJOBS: With the power to shape new accessibility tech (like a speech-to-text hearing aid), #InclusionWorks at AT&amp;T. https://t.co/P4aq…",,,Twitter
Dallas16,32.865482,-96.805688,5960 W Northwest Hwy,75225,Wed Oct 26 13:37:46 +0000 2016,"RT @paul_o_donnell: Lots of reader interest in this story yesterday. #topreadoftheday
https://t.co/RwZMZvtM1I via @dallasnews",,,Twitter
Dallas16,32.865482,-96.805688,5960 W Northwest Hwy,75225,Wed Oct 26 13:37:26 +0000 2016,"Lots of reader interest in this story yesterday. #topreadoftheday
https://t.co/RwZMZvtM1I via @dallasnews",,,Twitter
Dallas16,32.865482,-96.805688,5960 W Northwest Hwy,75225,Wed Oct 26 13:31:32 +0000 2016,3/4 millennials say that access to technology makes them more effective at work https://t.co/nrmXqjKfQV #cloud #attemployee,,,Twitter
Dallas16,32.865482,-96.805688,5960 W Northwest Hwy,75225,Wed Oct 26 13:31:27 +0000 2016,AT&amp;T Offers Online Service for $35 a Month in Test of a La Carte TV | https://t.co/bGxkLYsEvZ #marketing #advertis… https://t.co/i2McDsg0Kh,,,Twitter
Dallas16,32.865482,-96.805688,5960 W Northwest Hwy,75225,Wed Oct 26 13:20:26 +0000 2016,This shouldn't surprise ANYONE. @att has done lots of shitty things for profit. AT&amp;T Spied on Americans For Profit https://t.co/1RY0iaghgZ,,,Twitter
Dallas16,32.865482,-96.805688,5960 W Northwest Hwy,75225,Wed Oct 26 13:20:17 +0000 2016,AT&amp;T CEO Stephenson finally reveals price point for DirecTV Now https://t.co/VcroyovOhz via @DallasBizNews #attemployee,,,Twitter
Dallas16,32.865482,-96.805688,5960 W Northwest Hwy,75225,Wed Oct 26 12:51:04 +0000 2016,"RT @SportsDayHS: Due to conflicts, no #txhsfb at AT&amp;T Stadium for the first 3 rounds 😭
…but now we have The Star.
Details: https://t.co/UxR…",,,Twitter
Dallas16,32.865482,-96.805688,5960 W Northwest Hwy,75225,Wed Oct 26 12:47:18 +0000 2016,RT @ATT: Welcome to the team! @taylorswift13 https://t.co/4h86nLYuLo https://t.co/gAHOi7fPrZ,,,Twitter
Dallas16,32.865482,-96.805688,5960 W Northwest Hwy,75225,Wed Oct 26 12:44:19 +0000 2016,RT @ATT: Welcome to the team! @taylorswift13 https://t.co/4h86nLYuLo https://t.co/gAHOi7fPrZ,,,Twitter
Dallas16,32.865482,-96.805688,5960 W Northwest Hwy,75225,Wed Oct 26 12:41:54 +0000 2016,@BostonSugarBear @Lawssenhop @Snowden @ATT always a good idea to stay away from peeps on terrorist watch lists. Like journalists &amp; such. ;-),,,Twitter
Dallas16,32.865482,-96.805688,5960 W Northwest Hwy,75225,Wed Oct 26 12:40:18 +0000 2016,RT @ATT: Welcome to the team! @taylorswift13 https://t.co/4h86nLYuLo https://t.co/gAHOi7fPrZ,,,Twitter
Dallas16,32.865482,-96.805688,5960 W Northwest Hwy,75225,Wed Oct 26 12:35:58 +0000 2016,RT @ATT: Welcome to the team! @taylorswift13 https://t.co/4h86nLYuLo https://t.co/gAHOi7fPrZ,,,Twitter
Dallas16,32.865482,-96.805688,5960 W Northwest Hwy,75225,Wed Oct 26 12:19:28 +0000 2016,@ana60nda @BostonSugarBear @LordVoltimus @Snowden @ATT it's a clear violation of the 4th amendment. Search/seizure w/out probable cause.,,,Twitter
Dallas16,32.865482,-96.805688,5960 W Northwest Hwy,75225,Wed Oct 26 12:15:28 +0000 2016,@ATT can someone call me asap... Immediately,,,Twitter
Dallas16,32.865482,-96.805688,5960 W Northwest Hwy,75225,Wed Oct 26 12:14:49 +0000 2016,RT @DMNBiz: Hear our @MitchSchnurman discuss the AT&amp;T-Time Warner merger on Tuesday's @TexasStandard via #soundcloud https://t.co/4gIyBaQPkE,,,Twitter
Dallas16,32.865482,-96.805688,5960 W Northwest Hwy,75225,Wed Oct 26 12:06:08 +0000 2016,RT @Uverse: It’s showtime! Pump up #NationalPumpkinDay with Beetlejuice to get in the #Halloween spirit: https://t.co/WDktnIfl3g 🎃 https://…,,,Twitter
Dallas16,32.865482,-96.805688,5960 W Northwest Hwy,75225,Wed Oct 26 12:05:39 +0000 2016,The Latin America assets of @ATT could figure more prominently after Time Warner deal https://t.co/Op4NIxIxGZ |… https://t.co/jVYaRUGK5g,,,Twitter
Dallas16,32.865482,-96.805688,5960 W Northwest Hwy,75225,Wed Oct 26 12:02:14 +0000 2016,RT @ATT: The #futureofvideo is mobile and the #futureofmobile is video. Time Warner + AT&amp;T make it happen! @twxcorp https://t.co/GKx4U9TQYg,,,Twitter
Dallas16,32.865482,-96.805688,5960 W Northwest Hwy,75225,Wed Oct 26 12:01:35 +0000 2016,"RT @attJOBS: At AT&amp;T, we believe that inspiration stems from collaboration. That's why we give employees the access they need. https://t.co…",,,Twitter
Dallas16,32.865482,-96.805688,5960 W Northwest Hwy,75225,Wed Oct 26 12:00:45 +0000 2016,It’s showtime! Pump up #NationalPumpkinDay with Beetlejuice to get in the #Halloween spirit:… https://t.co/orCyGpFIaw,,,Twitter
Dallas16,32.865482,-96.805688,5960 W Northwest Hwy,75225,Wed Oct 26 12:00:01 +0000 2016,Learn how to add a text messaging user to your pdvConnect from AT&amp;T account https://t.co/Aqu7w2lJjK https://t.co/BUzKtN9fwM,,,Twitter
Dallas16,32.865482,-96.805688,5960 W Northwest Hwy,75225,Wed Oct 26 11:47:44 +0000 2016,RT @ATTBusiness: Watch how to protect your business from evolving threats. Get our report to learn more: https://t.co/8Ixmpp7esC #ATTCyberC…,,,Twitter
Dallas16,32.865482,-96.805688,5960 W Northwest Hwy,75225,Wed Oct 26 11:37:57 +0000 2016,"RT @SportsDayHS: Due to conflicts, no #txhsfb at AT&amp;T Stadium for the first 3 rounds 😭
…but now we have The Star.
Details: https://t.co/UxR…",,,Twitter
Dallas16,32.865482,-96.805688,5960 W Northwest Hwy,75225,Wed Oct 26 11:21:24 +0000 2016,Hear our @MitchSchnurman discuss the AT&amp;T-Time Warner merger on Tuesday's @TexasStandard via #soundcloud https://t.co/4gIyBaQPkE,,,Twitter
Dallas16,32.865482,-96.805688,5960 W Northwest Hwy,75225,Wed Oct 26 11:10:15 +0000 2016,"Don't expect a change in viewpoint for @CNN, @ATT chief says https://t.co/9xIAgD1Mzi | @agarre https://t.co/0C8y9rVgOl",,,Twitter
Dallas16,32.865482,-96.805688,5960 W Northwest Hwy,75225,Wed Oct 26 10:58:04 +0000 2016,"RT @SportsDayHS: Due to conflicts, no #txhsfb at AT&amp;T Stadium for the first 3 rounds 😭
…but now we have The Star.
Details: https://t.co/UxR…",,,Twitter
Dallas16,32.865482,-96.805688,5960 W Northwest Hwy,75225,Wed Oct 26 10:09:42 +0000 2016,"""Morning Agenda: New Antitrust Era, Relief for VW Owners, Apple’s Optimism"" by AMIE TSANG via NYT The New York Tim… https://t.co/lRbslh42eF",,,Twitter
Dallas16,32.865482,-96.805688,5960 W Northwest Hwy,75225,Wed Oct 26 09:26:31 +0000 2016,RT @DMNBiz: AT&amp;T announces launch of DirecTV Now for $35 a month https://t.co/ppsMdIJoVW | @Melissa_Repko https://t.co/aBYsECCgU3,,,Twitter
Dallas16,32.865482,-96.805688,5960 W Northwest Hwy,75225,Wed Oct 26 08:56:58 +0000 2016,RT @ATT: Welcome to the team! @taylorswift13 https://t.co/4h86nLYuLo https://t.co/gAHOi7fPrZ,,,Twitter
Dallas16,32.865482,-96.805688,5960 W Northwest Hwy,75225,Wed Oct 26 08:52:01 +0000 2016,Now I understand why people say @ATT has terrible customer service. Smdh.,,,Twitter
Dallas16,32.865482,-96.805688,5960 W Northwest Hwy,75225,Wed Oct 26 08:40:42 +0000 2016,RT @ATT: Welcome to the team! @taylorswift13 https://t.co/4h86nLYuLo https://t.co/gAHOi7fPrZ,,,Twitter
Dallas16,32.865482,-96.805688,5960 W Northwest Hwy,75225,Wed Oct 26 07:59:16 +0000 2016,RT @ATT: Welcome to the team! @taylorswift13 https://t.co/4h86nLYuLo https://t.co/gAHOi7fPrZ,,,Twitter
Dallas16,32.865482,-96.805688,5960 W Northwest Hwy,75225,Wed Oct 26 07:48:54 +0000 2016,RT @ATT: Welcome to the team! @taylorswift13 https://t.co/4h86nLYuLo https://t.co/gAHOi7fPrZ,,,Twitter
Dallas16,32.865482,-96.805688,5960 W Northwest Hwy,75225,Wed Oct 26 07:28:34 +0000 2016,RT @ATT: Welcome to the team! @taylorswift13 https://t.co/4h86nLYuLo https://t.co/gAHOi7fPrZ,,,Twitter
Dallas16,32.865482,-96.805688,5960 W Northwest Hwy,75225,Wed Oct 26 06:44:52 +0000 2016,RT @JTeespeak: So great hangin w/ @GavinDeGraw thx to @DFWAcuraDealers @McDonalds &amp; @ATT  @JackFMDFW @MoreHits1037 https://t.co/V4rDDvLfkB,,,Twitter
Dallas16,32.865482,-96.805688,5960 W Northwest Hwy,75225,Wed Oct 26 06:40:42 +0000 2016,@jsalinas300 @ATT fr mane I'm finna have to make a move to @TWCable_NEO,,,Twitter
Dallas16,32.865482,-96.805688,5960 W Northwest Hwy,75225,Wed Oct 26 06:37:47 +0000 2016,@jsalinas300 @einnordar I'm just tryin to Beat my meat but att hoen,,,Twitter
Dallas16,32.865482,-96.805688,5960 W Northwest Hwy,75225,Wed Oct 26 06:34:35 +0000 2016,#Breaking  AT&amp;T #ByronNelson will move locations ahead of schedule in 2018 https://t.co/iFH5zQr2SN via @sportsdaydfw,,,Twitter
Dallas16,32.865482,-96.805688,5960 W Northwest Hwy,75225,Wed Oct 26 06:32:53 +0000 2016,#Nothappy #ATT #ByronNelson to Move from #Irving #FSDallas to Trinity Forest Golf Club in 2018 https://t.co/Mkf8ZjnEQ5 via @golf_com,,,Twitter
Dallas16,32.865482,-96.805688,5960 W Northwest Hwy,75225,Wed Oct 26 06:22:32 +0000 2016,RT @ATTBusiness: Watch how to protect your business from evolving threats. Get our report to learn more: https://t.co/8Ixmpp7esC #ATTCyberC…,,,Twitter
Dallas16,32.865482,-96.805688,5960 W Northwest Hwy,75225,Wed Oct 26 06:15:42 +0000 2016,AT&amp;T is making millions from selling your phone records to law enforcement https://t.co/EVe9DaMLyi,,,Twitter
Dallas16,32.865482,-96.805688,5960 W Northwest Hwy,75225,Wed Oct 26 05:50:47 +0000 2016,RT @ATT: Welcome to the team! @taylorswift13 https://t.co/4h86nLYuLo https://t.co/gAHOi7fPrZ,,,Twitter
Dallas16,32.865482,-96.805688,5960 W Northwest Hwy,75225,Wed Oct 26 05:39:54 +0000 2016,"RT @SportsDayHS: Due to conflicts, no #txhsfb at AT&amp;T Stadium for the first 3 rounds 😭
…but now we have The Star.
Details: https://t.co/UxR…",,,Twitter
Dallas16,32.865482,-96.805688,5960 W Northwest Hwy,75225,Wed Oct 26 05:30:16 +0000 2016,"RT @attJOBS: With the power to shape new accessibility tech (like a speech-to-text hearing aid), #InclusionWorks at AT&amp;T. https://t.co/P4aq…",,,Twitter
Dallas16,32.865482,-96.805688,5960 W Northwest Hwy,75225,Wed Oct 26 05:18:23 +0000 2016,Bro @att wifi is fucking cheeks dude... always fucking slow,,,Twitter
Dallas16,32.865482,-96.805688,5960 W Northwest Hwy,75225,Wed Oct 26 05:18:07 +0000 2016,Five FC Dallas Goals up for AT&amp;T MLS Goal of the Year https://t.co/NhzMreHLxi,,,Twitter
Dallas16,32.865482,-96.805688,5960 W Northwest Hwy,75225,Wed Oct 26 05:11:44 +0000 2016,"RT @SportsDayHS: Due to conflicts, no #txhsfb at AT&amp;T Stadium for the first 3 rounds 😭
…but now we have The Star.
Details: https://t.co/UxR…",,,Twitter
Dallas16,32.865482,-96.805688,5960 W Northwest Hwy,75225,Wed Oct 26 05:10:57 +0000 2016,RT @BillNicholsDMN: Jordan Spieth to headline announcement of AT&amp;T Byron Nelson's early move to Trinity Forest in 2018 https://t.co/MKP4cN9…,,,Twitter
Dallas16,32.865482,-96.805688,5960 W Northwest Hwy,75225,Mon Oct 24 21:18:22 +0000 2016,"RT @dallasnews: No, Time Warner Cable isn't part of @ATT merger and here's why https://t.co/D3z9z8xwh8 | @melissa_repko https://t.co/KyBHpz…",,,Twitter
Dallas16,32.865482,-96.805688,5960 W Northwest Hwy,75225,Mon Oct 24 21:18:22 +0000 2016,"RT @dallasnews: No, Time Warner Cable isn't part of @ATT merger and here's why https://t.co/D3z9z8xwh8 | @melissa_repko https://t.co/KyBHpz…",,,Twitter
Dallas16,32.865482,-96.805688,5960 W Northwest Hwy,75225,Mon Oct 24 21:17:05 +0000 2016,"No, Time Warner Cable isn't part of @ATT merger and here's why https://t.co/D3z9z8xwh8 | @melissa_repko https://t.co/KyBHpzkP7e",,,Twitter
Dallas16,32.865482,-96.805688,5960 W Northwest Hwy,75225,Mon Oct 24 21:12:31 +0000 2016,RT @ATT: Welcome to the team! @taylorswift13 https://t.co/4h86nLYuLo https://t.co/gAHOi7fPrZ,,,Twitter
Dallas16,32.865482,-96.805688,5960 W Northwest Hwy,75225,Mon Oct 24 21:08:43 +0000 2016,RT @ATT: Welcome to the team! @taylorswift13 https://t.co/4h86nLYuLo https://t.co/gAHOi7fPrZ,,,Twitter
Dallas16,32.865482,-96.805688,5960 W Northwest Hwy,75225,Mon Oct 24 20:54:33 +0000 2016,"I called @DIRECTV to make account changes and it sounds like a party in the background. People cheering and screaming, heh",,,Twitter
Dallas16,32.865482,-96.805688,5960 W Northwest Hwy,75225,Mon Oct 24 20:49:50 +0000 2016,RT @ATT: The #futureofvideo is mobile and the #futureofmobile is video. Time Warner + AT&amp;T make it happen! @twxcorp https://t.co/GKx4U9TQYg,,,Twitter
Dallas16,32.865482,-96.805688,5960 W Northwest Hwy,75225,Mon Oct 24 20:48:12 +0000 2016,RT @ATT: Welcome to the team! @taylorswift13 https://t.co/4h86nLYuLo https://t.co/gAHOi7fPrZ,,,Twitter
Dallas16,32.865482,-96.805688,5960 W Northwest Hwy,75225,Mon Oct 24 20:45:49 +0000 2016,@ATT and @TWC can not merge.TWC is much more suprerior and affordable. I am moving to get out of an ATT area in DEC… https://t.co/bLfvYOtSPJ,,,Twitter
Dallas16,32.865482,-96.805688,5960 W Northwest Hwy,75225,Mon Oct 24 20:41:47 +0000 2016,I was looking forward to moving from where I live because @timewarner does not serve this area and I hate @ATT. Now they want to merge?,,,Twitter
Dallas16,32.865482,-96.805688,5960 W Northwest Hwy,75225,Mon Oct 24 20:41:33 +0000 2016,RT @ATT: Another reason to smile for the camera. The #LGV20 from @LGUSAMobile will be available in stores starting today. https://t.co/TILu…,,,Twitter
Dallas16,32.865482,-96.805688,5960 W Northwest Hwy,75225,Mon Oct 24 20:36:14 +0000 2016,RT @ATT: Another reason to smile for the camera. The #LGV20 from @LGUSAMobile will be available in stores starting today. https://t.co/TILu…,,,Twitter
Dallas16,32.865482,-96.805688,5960 W Northwest Hwy,75225,Mon Oct 24 20:32:45 +0000 2016,RT @ATT: The #futureofvideo is mobile and the #futureofmobile is video. Time Warner + AT&amp;T make it happen! @twxcorp https://t.co/GKx4U9TQYg,,,Twitter
Dallas16,32.865482,-96.805688,5960 W Northwest Hwy,75225,Mon Oct 24 20:29:25 +0000 2016,RT @ATT: Are you ready for the revolution? Watch the @GreenDay @iHeartRadio Album Release Party now. #iHeartGreenDay https://t.co/ec2gZXKu7U,,,Twitter
Dallas16,32.865482,-96.805688,5960 W Northwest Hwy,75225,Mon Oct 24 20:29:03 +0000 2016,RT @ATT: Welcome to the team! @taylorswift13 https://t.co/4h86nLYuLo https://t.co/gAHOi7fPrZ,,,Twitter
Dallas16,32.865482,-96.805688,5960 W Northwest Hwy,75225,Mon Oct 24 20:23:54 +0000 2016,"RT @ATT: Mother Nature is unpredictable, so we rely on our Network Disaster Recovery team to connect you when you need it most. https://t.c…",,,Twitter
Dallas16,32.865482,-96.805688,5960 W Northwest Hwy,75225,Mon Oct 24 20:20:47 +0000 2016,RT @ATT: Another reason to smile for the camera. The #LGV20 from @LGUSAMobile will be available in stores starting today. https://t.co/TILu…,,,Twitter
Dallas16,32.865482,-96.805688,5960 W Northwest Hwy,75225,Mon Oct 24 20:17:23 +0000 2016,"RT @DMNBiz: No, Time Warner Cable isn't part of @ATT merger and here's why https://t.co/TZXzNjG2cF | @melissa_repko https://t.co/uLEyqcImUB",,,Twitter
Dallas16,32.865482,-96.805688,5960 W Northwest Hwy,75225,Mon Oct 24 20:14:27 +0000 2016,RT @ATT: Another reason to smile for the camera. The #LGV20 from @LGUSAMobile will be available in stores starting today. https://t.co/TILu…,,,Twitter
Dallas16,32.865482,-96.805688,5960 W Northwest Hwy,75225,Mon Oct 24 20:14:09 +0000 2016,RT @ATT: Another reason to smile for the camera. The #LGV20 from @LGUSAMobile will be available in stores starting today. https://t.co/TILu…,,,Twitter
Dallas16,32.865482,-96.805688,5960 W Northwest Hwy,75225,Mon Oct 24 20:13:22 +0000 2016,RT @ATT: Another reason to smile for the camera. The #LGV20 from @LGUSAMobile will be available in stores starting today. https://t.co/TILu…,,,Twitter
Dallas16,32.865482,-96.805688,5960 W Northwest Hwy,75225,Mon Oct 24 20:13:12 +0000 2016,RT @ATT: Welcome to the team! @taylorswift13 https://t.co/4h86nLYuLo https://t.co/gAHOi7fPrZ,,,Twitter
Dallas16,32.865482,-96.805688,5960 W Northwest Hwy,75225,Mon Oct 24 20:12:58 +0000 2016,RT @ATT: Another reason to smile for the camera. The #LGV20 from @LGUSAMobile will be available in stores starting today. https://t.co/TILu…,,,Twitter
Dallas16,32.865482,-96.805688,5960 W Northwest Hwy,75225,Mon Oct 24 20:06:06 +0000 2016,"RT @DMNBiz: No, Time Warner Cable isn't part of @ATT merger and here's why https://t.co/TZXzNjG2cF | @melissa_repko https://t.co/uLEyqcImUB",,,Twitter
Dallas16,32.865482,-96.805688,5960 W Northwest Hwy,75225,Mon Oct 24 20:03:21 +0000 2016,RT @ATT: Welcome to the team! @taylorswift13 https://t.co/4h86nLYuLo https://t.co/gAHOi7fPrZ,,,Twitter
Dallas16,32.865482,-96.805688,5960 W Northwest Hwy,75225,Mon Oct 24 20:02:52 +0000 2016,RT @ATT: Welcome to the team! @taylorswift13 https://t.co/4h86nLYuLo https://t.co/gAHOi7fPrZ,,,Twitter
Dallas16,32.865482,-96.805688,5960 W Northwest Hwy,75225,Mon Oct 24 20:01:55 +0000 2016,RT @ATT: Get a sweet deal on the new iPhone 7 when you switch to AT&amp;T and have DIRECTV. https://t.co/TQVeUkmeZ6 https://t.co/zfZmNpe8AP,,,Twitter
Dallas16,32.865482,-96.805688,5960 W Northwest Hwy,75225,Mon Oct 24 19:53:49 +0000 2016,"RT @DMNBiz: No, Time Warner Cable isn't part of @ATT merger and here's why https://t.co/TZXzNjG2cF | @melissa_repko https://t.co/uLEyqcImUB",,,Twitter
Dallas16,32.865482,-96.805688,5960 W Northwest Hwy,75225,Mon Oct 24 19:50:26 +0000 2016,RT @ATT: The #futureofvideo is mobile and the #futureofmobile is video. Time Warner + AT&amp;T make it happen! @twxcorp https://t.co/GKx4U9TQYg,,,Twitter
Dallas16,32.865482,-96.805688,5960 W Northwest Hwy,75225,Mon Oct 24 19:47:39 +0000 2016,RT @ATT: Welcome to the team! @taylorswift13 https://t.co/4h86nLYuLo https://t.co/gAHOi7fPrZ,,,Twitter
Dallas16,32.865482,-96.805688,5960 W Northwest Hwy,75225,Mon Oct 24 19:44:20 +0000 2016,RT @ATT: Welcome to the team! @taylorswift13 https://t.co/4h86nLYuLo https://t.co/gAHOi7fPrZ,,,Twitter
Dallas16,32.865482,-96.805688,5960 W Northwest Hwy,75225,Mon Oct 24 19:38:33 +0000 2016,"RT @DMNBiz: No, Time Warner Cable isn't part of @ATT merger and here's why https://t.co/TZXzNjG2cF | @melissa_repko https://t.co/uLEyqcImUB",,,Twitter
Dallas16,32.865482,-96.805688,5960 W Northwest Hwy,75225,Mon Oct 24 19:37:48 +0000 2016,"RT @DMNBiz: No, Time Warner Cable isn't part of @ATT merger and here's why https://t.co/TZXzNjG2cF | @melissa_repko https://t.co/uLEyqcImUB",,,Twitter
Dallas16,32.865482,-96.805688,5960 W Northwest Hwy,75225,Mon Oct 24 19:37:06 +0000 2016,"No, Time Warner Cable isn't part of @ATT merger and here's why https://t.co/TZXzNjG2cF | @melissa_repko https://t.co/uLEyqcImUB",,,Twitter
Dallas16,32.865482,-96.805688,5960 W Northwest Hwy,75225,Mon Oct 24 19:36:13 +0000 2016,RT @ATT: Welcome to the team! @taylorswift13 https://t.co/4h86nLYuLo https://t.co/gAHOi7fPrZ,,,Twitter
Dallas16,32.865482,-96.805688,5960 W Northwest Hwy,75225,Mon Oct 24 19:19:54 +0000 2016,RT @dallasnews: .@ATT CEO Randall Stephenson confident @twxcorp merger will get past regulators https://t.co/2Re2eGzanm #atttimewarner | @M…,,,Twitter
Dallas16,32.865482,-96.805688,5960 W Northwest Hwy,75225,Mon Oct 24 19:17:25 +0000 2016,RT @ATT: Welcome to the team! @taylorswift13 https://t.co/4h86nLYuLo https://t.co/gAHOi7fPrZ,,,Twitter
Dallas16,32.865482,-96.805688,5960 W Northwest Hwy,75225,Mon Oct 24 19:16:38 +0000 2016,.@ATT CEO Randall Stephenson confident @twxcorp merger will get past regulators https://t.co/2Re2eGzanm… https://t.co/uFJtIpUZdN,,,Twitter
Dallas16,32.865482,-96.805688,5960 W Northwest Hwy,75225,Mon Oct 24 19:13:25 +0000 2016,RT @ATT: Another reason to smile for the camera. The #LGV20 from @LGUSAMobile will be available in stores starting today. https://t.co/TILu…,,,Twitter
Dallas16,32.865482,-96.805688,5960 W Northwest Hwy,75225,Mon Oct 24 19:11:07 +0000 2016,RT @ATT: Another reason to smile for the camera. The #LGV20 from @LGUSAMobile will be available in stores starting today. https://t.co/TILu…,,,Twitter
Dallas16,32.865482,-96.805688,5960 W Northwest Hwy,75225,Mon Oct 24 19:05:34 +0000 2016,@ATT and @twxcorp merger could mean great packages for DirectTV Now and Uverse consumers.,,,Twitter
Dallas16,32.865482,-96.805688,5960 W Northwest Hwy,75225,Mon Oct 24 18:49:36 +0000 2016,RT @ATT: The #futureofvideo is mobile and the #futureofmobile is video. Time Warner + AT&amp;T make it happen! @twxcorp https://t.co/GKx4U9TQYg,,,Twitter
Dallas16,32.865482,-96.805688,5960 W Northwest Hwy,75225,Mon Oct 24 18:32:00 +0000 2016,RT @ATT: Another reason to smile for the camera. The #LGV20 from @LGUSAMobile will be available in stores starting today. https://t.co/TILu…,,,Twitter
Dallas16,32.865482,-96.805688,5960 W Northwest Hwy,75225,Mon Oct 24 18:30:29 +0000 2016,RT @ATT: The #futureofvideo is mobile and the #futureofmobile is video. Time Warner + AT&amp;T make it happen! @twxcorp https://t.co/GKx4U9TQYg,,,Twitter
Dallas16,32.865482,-96.805688,5960 W Northwest Hwy,75225,Mon Oct 24 18:30:15 +0000 2016,For those interested in the consumer side: I'm jumping on @wfaachannel8 at about 4:15 this afternoon to talk @ATT,,,Twitter
Dallas16,32.865482,-96.805688,5960 W Northwest Hwy,75225,Mon Oct 24 18:23:19 +0000 2016,"RT @ATTLatino: No importa si estas apoyando el American League o el National League, cada noche es un home run con @DIRECTV #WatchingLaTele…",,,Twitter
Dallas16,32.865482,-96.805688,5960 W Northwest Hwy,75225,Mon Oct 24 18:17:46 +0000 2016,RT @ATT: Another reason to smile for the camera. The #LGV20 from @LGUSAMobile will be available in stores starting today. https://t.co/TILu…,,,Twitter
Dallas16,32.865482,-96.805688,5960 W Northwest Hwy,75225,Mon Oct 24 18:16:50 +0000 2016,"This tweet is overdue, but thanks @ATTCares @Uverse for the great #customerservice! Your team identified the issue and made things right!",,,Twitter
Dallas16,32.865482,-96.805688,5960 W Northwest Hwy,75225,Mon Oct 24 18:13:18 +0000 2016,RT @ATT: Welcome to the team! @taylorswift13 https://t.co/4h86nLYuLo https://t.co/gAHOi7fPrZ,,,Twitter
Dallas16,32.865482,-96.805688,5960 W Northwest Hwy,75225,Mon Oct 24 18:11:17 +0000 2016,RT @ATT: Another reason to smile for the camera. The #LGV20 from @LGUSAMobile will be available in stores starting today. https://t.co/TILu…,,,Twitter
Dallas16,32.865482,-96.805688,5960 W Northwest Hwy,75225,Mon Oct 24 18:05:30 +0000 2016,@JillCowan @ATT @dallasnews can't worry about things. Just have to shake it off!,,,Twitter
Dallas16,32.865482,-96.805688,5960 W Northwest Hwy,75225,Mon Oct 24 18:00:04 +0000 2016,"No importa si estas apoyando el American League o el National League, cada noche es un home run con @DIRECTV… https://t.co/hnJthAv0cB",,,Twitter
Dallas16,32.865482,-96.805688,5960 W Northwest Hwy,75225,Mon Oct 24 17:47:34 +0000 2016,"@jilliangaier @CNN most likely that  will get more subscribers due to @att's vast userbase. Other than that, probably nothing will change.",,,Twitter
Dallas16,32.865482,-96.805688,5960 W Northwest Hwy,75225,Mon Oct 24 17:39:47 +0000 2016,"RT @ATT: @joeharris_stl I'm glad we were able to turn that around, Joe! https://t.co/pAJKrKvqHc",,,Twitter
Dallas16,32.865482,-96.805688,5960 W Northwest Hwy,75225,Mon Oct 24 17:36:57 +0000 2016,RT @DallasInnovates: .@att CEO says $86B deal for @twxcorp would hasten #innovation https://t.co/gOr9K1V9AA https://t.co/1rV7isJMP2,,,Twitter
Dallas16,32.865482,-96.805688,5960 W Northwest Hwy,75225,Mon Oct 24 17:35:36 +0000 2016,RT @ATT: Welcome to the team! @taylorswift13 https://t.co/4h86nLYuLo https://t.co/gAHOi7fPrZ,,,Twitter
Dallas16,32.865482,-96.805688,5960 W Northwest Hwy,75225,Mon Oct 24 17:32:15 +0000 2016,❤️Companies that show their support for their Admins! #dallasadminawards @trunkclub @SouthwestAir @OmniDallas @jcpenney @DallasStars @ATT,,,Twitter
Dallas16,32.865482,-96.805688,5960 W Northwest Hwy,75225,Mon Oct 24 17:30:36 +0000 2016,RT @DallasInnovates: .@att CEO says $86B deal for @twxcorp would hasten #innovation https://t.co/gOr9K1V9AA https://t.co/1rV7isJMP2,,,Twitter
Dallas16,32.865482,-96.805688,5960 W Northwest Hwy,75225,Mon Oct 24 17:30:36 +0000 2016,@ATT CEO Randall Stephenson confident Time Warner merger will get past regulators https://t.co/QhFBlHyiUe via @dallasnews,,,Twitter
Dallas16,32.865482,-96.805688,5960 W Northwest Hwy,75225,Mon Oct 24 17:28:03 +0000 2016,RT @DallasInnovates: .@att CEO says $86B deal for @twxcorp would hasten #innovation https://t.co/gOr9K1V9AA https://t.co/1rV7isJMP2,,,Twitter
Dallas16,32.865482,-96.805688,5960 W Northwest Hwy,75225,Mon Oct 24 17:27:59 +0000 2016,RT @ATT: The #futureofvideo is mobile and the #futureofmobile is video. Time Warner + AT&amp;T make it happen! @twxcorp https://t.co/GKx4U9TQYg,,,Twitter
Dallas16,32.865482,-96.805688,5960 W Northwest Hwy,75225,Mon Oct 24 17:24:20 +0000 2016,.@att CEO says $86B deal for @twxcorp would hasten #innovation https://t.co/gOr9K1V9AA https://t.co/1rV7isJMP2,,,Twitter
Dallas16,32.865482,-96.805688,5960 W Northwest Hwy,75225,Mon Oct 24 17:17:40 +0000 2016,"RT @ATT: #FootballEverywhere, 🍕, @SamsungMobile + @AnthonyAnderson = an epic game day! Watch the full video here: https://t.co/nEg01DkjCB h…",,,Twitter
Dallas16,32.865482,-96.805688,5960 W Northwest Hwy,75225,Mon Oct 24 17:14:39 +0000 2016,RT @ATT: Are you ready for the revolution? Watch the @GreenDay @iHeartRadio Album Release Party now. #iHeartGreenDay https://t.co/ec2gZXKu7U,,,Twitter
Dallas16,32.865482,-96.805688,5960 W Northwest Hwy,75225,Mon Oct 24 17:12:20 +0000 2016,My iphone needs to hurry up and get here! 😩 @ATT,,,Twitter
Dallas16,32.865482,-96.805688,5960 W Northwest Hwy,75225,Mon Oct 24 17:12:00 +0000 2016,.@ATT CEO Randall Stephenson confident @twxcorp merger will get past regulators https://t.co/D8PCh3orgV… https://t.co/QR9Diiio3T,,,Twitter
Dallas16,32.865482,-96.805688,5960 W Northwest Hwy,75225,Mon Oct 24 17:07:14 +0000 2016,RT @ATT: The #futureofvideo is mobile and the #futureofmobile is video. Time Warner + AT&amp;T make it happen! @twxcorp https://t.co/GKx4U9TQYg,,,Twitter
Dallas16,32.865482,-96.805688,5960 W Northwest Hwy,75225,Mon Oct 24 17:01:07 +0000 2016,RT @ATT: Get a sweet deal on the new iPhone 7 when you switch to AT&amp;T and have DIRECTV. https://t.co/TQVeUkmeZ6 https://t.co/zfZmNpe8AP,,,Twitter
Dallas16,32.865482,-96.805688,5960 W Northwest Hwy,75225,Mon Oct 24 17:00:19 +0000 2016,"RT @ATT: Before you vote, grab the remote and tune into the final #debatenight at 8/7c. #UNLVPresDebate https://t.co/afLxTSZMLW",,,Twitter
Dallas16,32.865482,-96.805688,5960 W Northwest Hwy,75225,Mon Oct 24 16:59:20 +0000 2016,RT @ATT: Welcome to the team! @taylorswift13 https://t.co/4h86nLYuLo https://t.co/gAHOi7fPrZ,,,Twitter
Dallas16,32.865482,-96.805688,5960 W Northwest Hwy,75225,Mon Oct 24 16:54:02 +0000 2016,RT @ATT: The #futureofvideo is mobile and the #futureofmobile is video. Time Warner + AT&amp;T make it happen! @twxcorp https://t.co/GKx4U9TQYg,,,Twitter
Dallas16,32.865482,-96.805688,5960 W Northwest Hwy,75225,Mon Oct 24 16:53:09 +0000 2016,RT @ATT: The #futureofvideo is mobile and the #futureofmobile is video. Time Warner + AT&amp;T make it happen! @twxcorp https://t.co/GKx4U9TQYg,,,Twitter
Dallas16,32.865482,-96.805688,5960 W Northwest Hwy,75225,Mon Oct 24 16:29:54 +0000 2016,"RT @DanielleDigest: Stephenson: @ATT, @twxcorp Deal ‘Defining the Future of Media’
https://t.co/r1nu4O8kO4 https://t.co/64Lz26A1zN",,,Twitter
Dallas16,32.865482,-96.805688,5960 W Northwest Hwy,75225,Mon Oct 24 16:29:49 +0000 2016,"Stephenson: @ATT, @twxcorp Deal ‘Defining the Future of Media’
https://t.co/r1nu4O8kO4 https://t.co/64Lz26A1zN",,,Twitter
Dallas16,32.865482,-96.805688,5960 W Northwest Hwy,75225,Mon Oct 24 16:00:18 +0000 2016,RT @ATT: Welcome to the team! @taylorswift13 https://t.co/4h86nLYuLo https://t.co/gAHOi7fPrZ,,,Twitter
Dallas16,32.865482,-96.805688,5960 W Northwest Hwy,75225,Mon Oct 24 15:58:46 +0000 2016,"ICYMI: @ATT to Purchase @twxcorp for $85.4B: Here’s What You Need to Know
https://t.co/8wSSbVNUVK… https://t.co/tuuiKCCE9F",,,Twitter
Dallas16,32.865482,-96.805688,5960 W Northwest Hwy,75225,Mon Oct 24 15:54:41 +0000 2016,RT @ATT: Welcome to the team! @taylorswift13 https://t.co/4h86nLYuLo https://t.co/gAHOi7fPrZ,,,Twitter
Dallas16,32.865482,-96.805688,5960 W Northwest Hwy,75225,Mon Oct 24 15:51:42 +0000 2016,RT @ATT: Welcome to the team! @taylorswift13 https://t.co/4h86nLYuLo https://t.co/gAHOi7fPrZ,,,Twitter
Dallas16,32.865482,-96.805688,5960 W Northwest Hwy,75225,Mon Oct 24 15:41:20 +0000 2016,RT @ATT: The #futureofvideo is mobile and the #futureofmobile is video. Time Warner + AT&amp;T make it happen! @twxcorp https://t.co/GKx4U9TQYg,,,Twitter
Dallas16,32.865482,-96.805688,5960 W Northwest Hwy,75225,Mon Oct 24 15:16:19 +0000 2016,RT @ATT: Are you ready for the revolution? Watch the @GreenDay @iHeartRadio Album Release Party now. #iHeartGreenDay https://t.co/ec2gZXKu7U,,,Twitter
Dallas16,32.865482,-96.805688,5960 W Northwest Hwy,75225,Mon Oct 24 15:11:55 +0000 2016,RT @ATT: Are you ready for the revolution? Watch the @GreenDay @iHeartRadio Album Release Party now. #iHeartGreenDay https://t.co/ec2gZXKu7U,,,Twitter
Dallas16,32.865482,-96.805688,5960 W Northwest Hwy,75225,Mon Oct 24 15:03:11 +0000 2016,RT @ATT: Welcome to the team! @taylorswift13 https://t.co/4h86nLYuLo https://t.co/gAHOi7fPrZ,,,Twitter
Dallas16,32.865482,-96.805688,5960 W Northwest Hwy,75225,Mon Oct 24 14:53:51 +0000 2016,@ATTCares what is this crap? Charging me extra to use data from the previous period? On the next day? #dumbass https://t.co/QiiPsGJW7i,,,Twitter
Dallas16,32.865482,-96.805688,5960 W Northwest Hwy,75225,Mon Oct 24 14:31:53 +0000 2016,RT @ATT: The #futureofvideo is mobile and the #futureofmobile is video. Time Warner + AT&amp;T make it happen! @twxcorp https://t.co/GKx4U9TQYg,,,Twitter
Dallas16,32.865482,-96.805688,5960 W Northwest Hwy,75225,Mon Oct 24 14:25:54 +0000 2016,RT @ATT: Welcome to the team! @taylorswift13 https://t.co/4h86nLYuLo https://t.co/gAHOi7fPrZ,,,Twitter
Dallas16,32.865482,-96.805688,5960 W Northwest Hwy,75225,Mon Oct 24 14:04:07 +0000 2016,Hilton's 2011 artwork. Congrats to Dallas-based @ATT &amp; Randall Stephenson on deal that could create nation's larges… https://t.co/zN5LsvFuRt,,,Twitter
Dallas16,32.865482,-96.805688,5960 W Northwest Hwy,75225,Mon Oct 24 14:03:08 +0000 2016,RT @ATT: Are you ready for the revolution? Watch the @GreenDay @iHeartRadio Album Release Party now. #iHeartGreenDay https://t.co/ec2gZXKu7U,,,Twitter
Dallas16,32.865482,-96.805688,5960 W Northwest Hwy,75225,Mon Oct 24 14:00:31 +0000 2016,RT @ATT: Get a sweet deal on the new iPhone 7 when you switch to AT&amp;T and have DIRECTV. https://t.co/TQVeUkmeZ6 https://t.co/zfZmNpe8AP,,,Twitter
Dallas16,32.865482,-96.805688,5960 W Northwest Hwy,75225,Mon Oct 24 14:00:02 +0000 2016,@ATT agrees to buy @TWC for more than $80B https://t.co/Pwyyf1vQTn https://t.co/WNMresoQ5Q,,,Twitter
Dallas16,32.865482,-96.805688,5960 W Northwest Hwy,75225,Mon Oct 24 13:57:15 +0000 2016,#atttimewarner  @att been a att cust. for 20+ years. They are miserable now. Imagine how crappy after a mega merger!,,,Twitter
Dallas16,32.865482,-96.805688,5960 W Northwest Hwy,75225,Mon Oct 24 13:55:07 +0000 2016,"RT @ATT: Mother Nature is unpredictable, so we rely on our Network Disaster Recovery team to connect you when you need it most. https://t.c…",,,Twitter
Dallas16,32.865482,-96.805688,5960 W Northwest Hwy,75225,Mon Oct 24 13:54:44 +0000 2016,RT @ATT: AT&amp;T CEO Randall Stephenson addressed #MWC13 regarding challenges and opps for industry http://t.co/ruUa9WcblL http://t.co/E0qgeIj…,,,Twitter
Dallas16,32.865482,-96.805688,5960 W Northwest Hwy,75225,Mon Oct 24 13:49:02 +0000 2016,RT @ATT: Are you ready for the revolution? Watch the @GreenDay @iHeartRadio Album Release Party now. #iHeartGreenDay https://t.co/ec2gZXKu7U,,,Twitter
Dallas16,32.865482,-96.805688,5960 W Northwest Hwy,75225,Mon Oct 24 13:48:29 +0000 2016,"@NBALPSupport Is there still a deal between @DIRECTV and NBA for League Pass? Still not available and season starts tomorrow, ridiculous.",,,Twitter
Dallas16,32.865482,-96.805688,5960 W Northwest Hwy,75225,Mon Oct 24 13:23:37 +0000 2016,RT @ATT: Get a sweet deal on the new iPhone 7 when you switch to AT&amp;T and have DIRECTV. https://t.co/TQVeUkmeZ6 https://t.co/zfZmNpe8AP,,,Twitter
Dallas16,32.865482,-96.805688,5960 W Northwest Hwy,75225,Mon Oct 24 13:22:05 +0000 2016,RT @ATT: Welcome to the team! @taylorswift13 https://t.co/4h86nLYuLo https://t.co/gAHOi7fPrZ,,,Twitter
Dallas16,32.865482,-96.805688,5960 W Northwest Hwy,75225,Mon Oct 24 13:16:29 +0000 2016,RT @ATT: Welcome to the team! @taylorswift13 https://t.co/4h86nLYuLo https://t.co/gAHOi7fPrZ,,,Twitter
Dallas16,32.865482,-96.805688,5960 W Northwest Hwy,75225,Mon Oct 24 12:54:37 +0000 2016,RT @ATT: Get a sweet deal on the new iPhone 7 when you switch to AT&amp;T and have DIRECTV. https://t.co/TQVeUkmeZ6 https://t.co/zfZmNpe8AP,,,Twitter
Dallas16,32.865482,-96.805688,5960 W Northwest Hwy,75225,Mon Oct 24 12:41:54 +0000 2016,RT @ATT: Welcome to the team! @taylorswift13 https://t.co/4h86nLYuLo https://t.co/gAHOi7fPrZ,,,Twitter
