Store,Latitude,Longitude,Address,Zip,CreatedAt,Text,Senti,Rating,Source
Dallas6,32.8740567,-96.771404,9100 N Central Expressway Suite 105,75231,Wed Oct 26 20:15:55 +0000 2016,The code names and secret meetings that got the #ATTTimeWarner deal done https://t.co/zQ2Cclsaxi | @Melissa_Repko https://t.co/jAYXvRbbwC,,,Twitter
Dallas6,32.8740567,-96.771404,9100 N Central Expressway Suite 105,75231,Wed Oct 26 20:13:57 +0000 2016,"@wxbrad Well hello to you too, Brad! We understand your need for speed, enjoy!",,,Twitter
Dallas6,32.8740567,-96.771404,9100 N Central Expressway Suite 105,75231,Wed Oct 26 20:12:41 +0000 2016,"RT @ATTLatino: Bañado de sol y arena con una canción más dulce que el caramelo, comparte lo mejor de #Cuba desde tu móvil. https://t.co/e3S…",,,Twitter
Dallas6,32.8740567,-96.771404,9100 N Central Expressway Suite 105,75231,Wed Oct 26 20:11:13 +0000 2016,"Sneak peek of the brand new Trinity Forest Golf Club, future host of AT&amp;T Byron Nelson https://t.co/1tup3wjClf via @DallasBizNews",,,Twitter
Dallas6,32.8740567,-96.771404,9100 N Central Expressway Suite 105,75231,Wed Oct 26 20:04:34 +0000 2016,RT @Uverse: Looking for a new trainer? Check out @JillianMichaels Fit Fusion TV: https://t.co/wHpiTE8VdG https://t.co/Os2SQH8UbG,,,Twitter
Dallas6,32.8740567,-96.771404,9100 N Central Expressway Suite 105,75231,Wed Oct 26 20:01:42 +0000 2016,"Sneak peak of the brand new Trinity Forest Golf Club, future host of AT&amp;T Byron Nelson https://t.co/t7Hv3pdtQ2",,,Twitter
Dallas6,32.8740567,-96.771404,9100 N Central Expressway Suite 105,75231,Wed Oct 26 20:01:39 +0000 2016,"Sneak peak of the brand new Trinity Forest Golf Club, future host of AT&amp;T Byron Nelson: The Byron Nelson tournament… https://t.co/VUUjzlBwUB",,,Twitter
Dallas6,32.8740567,-96.771404,9100 N Central Expressway Suite 105,75231,Wed Oct 26 20:01:38 +0000 2016,"Sneak peak of the brand new Trinity Forest Golf Club, future host of AT&amp;T Byron Nelson: The Byron Nelson tournament… https://t.co/ZX2hhmqDJn",,,Twitter
Dallas6,32.8740567,-96.771404,9100 N Central Expressway Suite 105,75231,Wed Oct 26 20:00:26 +0000 2016,RT @SportsDayDFW: AT&amp;T Byron Nelson moving to Dallas' Trinity Forest Golf Club ahead of schedule in 2018 https://t.co/0OcCOkkyin https://t.…,,,Twitter
Dallas6,32.8740567,-96.771404,9100 N Central Expressway Suite 105,75231,Wed Oct 26 19:59:06 +0000 2016,"Sneak peak of the brand new Trinity Forest Golf Club, future host of AT&amp;T Byron Nelson: The Byron Nelson tournament… https://t.co/NXgCkiL2AF",,,Twitter
Dallas6,32.8740567,-96.771404,9100 N Central Expressway Suite 105,75231,Wed Oct 26 19:57:33 +0000 2016,RT @Uverse: Looking for a new trainer? Check out @JillianMichaels Fit Fusion TV: https://t.co/wHpiTE8VdG https://t.co/Os2SQH8UbG,,,Twitter
Dallas6,32.8740567,-96.771404,9100 N Central Expressway Suite 105,75231,Wed Oct 26 19:57:32 +0000 2016,@jakepimental99 @YaShah97 @DevinRabeyHD @ATT We only have Band 4.,,,Twitter
Dallas6,32.8740567,-96.771404,9100 N Central Expressway Suite 105,75231,Wed Oct 26 19:56:06 +0000 2016,@jakepimental99 @YaShah97 @DevinRabeyHD @ATT We we're lucky to get one bar of 4G.,,,Twitter
Dallas6,32.8740567,-96.771404,9100 N Central Expressway Suite 105,75231,Wed Oct 26 19:55:54 +0000 2016,RT @SportsDayDFW: AT&amp;T Byron Nelson moving to Dallas' Trinity Forest Golf Club ahead of schedule in 2018 https://t.co/0OcCOkkyin https://t.…,,,Twitter
Dallas6,32.8740567,-96.771404,9100 N Central Expressway Suite 105,75231,Wed Oct 26 19:55:49 +0000 2016,@YaShah97 @jakepimental99 @DevinRabeyHD @ATT Saw that lol,,,Twitter
Dallas6,32.8740567,-96.771404,9100 N Central Expressway Suite 105,75231,Wed Oct 26 19:55:40 +0000 2016,AT&amp;T Byron Nelson moving to Dallas' Trinity Forest Golf Club ahead of schedule in 2018 https://t.co/0OcCOkkyin https://t.co/gNxyBihYmQ,,,Twitter
Dallas6,32.8740567,-96.771404,9100 N Central Expressway Suite 105,75231,Wed Oct 26 19:54:15 +0000 2016,@YaShah97 @jakepimental99 @DevinRabeyHD @ATT lol sprints average here is 3Mbps... https://t.co/1l1OMOM3F4,,,Twitter
Dallas6,32.8740567,-96.771404,9100 N Central Expressway Suite 105,75231,Wed Oct 26 19:53:57 +0000 2016,RT @Uverse: Looking for a new trainer? Check out @JillianMichaels Fit Fusion TV: https://t.co/wHpiTE8VdG https://t.co/Os2SQH8UbG,,,Twitter
Dallas6,32.8740567,-96.771404,9100 N Central Expressway Suite 105,75231,Wed Oct 26 19:53:11 +0000 2016,"RT @ConnectToGood: Great read: ""Promise and Challenge in Ending America’s Dropout Epidemic"" https://t.co/PFgYU7zinq #ATTimpact #GradNation…",,,Twitter
Dallas6,32.8740567,-96.771404,9100 N Central Expressway Suite 105,75231,Wed Oct 26 19:52:39 +0000 2016,@YaShah97 @DevinRabeyHD @jakepimental99 @ATT It all depends on what bandwidth channels are deployed on a tower.,,,Twitter
Dallas6,32.8740567,-96.771404,9100 N Central Expressway Suite 105,75231,Wed Oct 26 19:51:02 +0000 2016,@YaShah97 @DevinRabeyHD @jakepimental99 @ATT Actually T-Mobile speeds are fantastic here. Coverage is what made me switch to AT&amp;T.,,,Twitter
Dallas6,32.8740567,-96.771404,9100 N Central Expressway Suite 105,75231,Wed Oct 26 19:48:48 +0000 2016,@DevinRabeyHD @YaShah97 @jakepimental99 @ATT here's AT&amp;T in the middle of nowhere... literally nowhere. https://t.co/a9WaCkfgki,,,Twitter
Dallas6,32.8740567,-96.771404,9100 N Central Expressway Suite 105,75231,Wed Oct 26 19:47:17 +0000 2016,RT @Uverse: Looking for a new trainer? Check out @JillianMichaels Fit Fusion TV: https://t.co/wHpiTE8VdG https://t.co/Os2SQH8UbG,,,Twitter
Dallas6,32.8740567,-96.771404,9100 N Central Expressway Suite 105,75231,Wed Oct 26 19:47:02 +0000 2016,RT @Uverse: Looking for a new trainer? Check out @JillianMichaels Fit Fusion TV: https://t.co/wHpiTE8VdG https://t.co/Os2SQH8UbG,,,Twitter
Dallas6,32.8740567,-96.771404,9100 N Central Expressway Suite 105,75231,Wed Oct 26 19:45:26 +0000 2016,RT @ATT: Get a sweet deal on the new iPhone 7 when you switch to AT&amp;T and have DIRECTV. https://t.co/JO08KrMKj7 https://t.co/tAcB2wPVFO,,,Twitter
Dallas6,32.8740567,-96.771404,9100 N Central Expressway Suite 105,75231,Wed Oct 26 19:43:36 +0000 2016,RT @Uverse: Looking for a new trainer? Check out @JillianMichaels Fit Fusion TV: https://t.co/wHpiTE8VdG https://t.co/Os2SQH8UbG,,,Twitter
Dallas6,32.8740567,-96.771404,9100 N Central Expressway Suite 105,75231,Wed Oct 26 19:37:36 +0000 2016,RT @ATT: Get a sweet deal on the new iPhone 7 when you switch to AT&amp;T and have DIRECTV. https://t.co/JO08KrMKj7 https://t.co/tAcB2wPVFO,,,Twitter
Dallas6,32.8740567,-96.771404,9100 N Central Expressway Suite 105,75231,Wed Oct 26 19:34:44 +0000 2016,We're teaming with @BracketsForGood to launch their first nation-wide fundraising tournament. Learn more:… https://t.co/YhL6YU3xS8,,,Twitter
Dallas6,32.8740567,-96.771404,9100 N Central Expressway Suite 105,75231,Wed Oct 26 19:33:55 +0000 2016,RT @Uverse: Looking for a new trainer? Check out @JillianMichaels Fit Fusion TV: https://t.co/wHpiTE8VdG https://t.co/Os2SQH8UbG,,,Twitter
Dallas6,32.8740567,-96.771404,9100 N Central Expressway Suite 105,75231,Wed Oct 26 19:33:35 +0000 2016,Stay connected with an @att GoPhone and $45 refill card #giveaway from @cutenlittle!  #ATTGoPhone #ad https://t.co/DH7sS5lv4v,,,Twitter
Dallas6,32.8740567,-96.771404,9100 N Central Expressway Suite 105,75231,Wed Oct 26 19:31:41 +0000 2016,RT @Uverse: Looking for a new trainer? Check out @JillianMichaels Fit Fusion TV: https://t.co/wHpiTE8VdG https://t.co/Os2SQH8UbG,,,Twitter
Dallas6,32.8740567,-96.771404,9100 N Central Expressway Suite 105,75231,Wed Oct 26 19:26:08 +0000 2016,RT @ATTBusiness: AT&amp;T Labs is on track to revolutionize the way #AI plays in the network…but that’s not all! More from Mazin Gilbert: https…,,,Twitter
Dallas6,32.8740567,-96.771404,9100 N Central Expressway Suite 105,75231,Wed Oct 26 19:20:21 +0000 2016,RT @ATT: Get a sweet deal on the new iPhone 7 when you switch to AT&amp;T and have DIRECTV. https://t.co/JO08KrMKj7 https://t.co/tAcB2wPVFO,,,Twitter
Dallas6,32.8740567,-96.771404,9100 N Central Expressway Suite 105,75231,Wed Oct 26 19:14:37 +0000 2016,"@ATT i've never asked for a single bill to be reversed. I will be cancelling my service, which you've ben making $2600/year off of me...",,,Twitter
Dallas6,32.8740567,-96.771404,9100 N Central Expressway Suite 105,75231,Wed Oct 26 19:11:07 +0000 2016,"Ive been a customer with @ATT for years, had same cell phone number since I was 12. I pay about $220/month on average every month..",,,Twitter
Dallas6,32.8740567,-96.771404,9100 N Central Expressway Suite 105,75231,Wed Oct 26 19:10:12 +0000 2016,@ATT charged me $844.06 for last month's cell phone bill. I've done nothing different as far as apps/data usage... Im switching to @verizon,,,Twitter
Dallas6,32.8740567,-96.771404,9100 N Central Expressway Suite 105,75231,Wed Oct 26 19:08:07 +0000 2016,@ATT no one wants to talk to a virtual customer service agent! I need humans to converse with!,,,Twitter
Dallas6,32.8740567,-96.771404,9100 N Central Expressway Suite 105,75231,Wed Oct 26 19:07:42 +0000 2016,"RT @ConnectToGood: Great read: ""Promise and Challenge in Ending America’s Dropout Epidemic"" https://t.co/PFgYU7zinq #ATTimpact #GradNation…",,,Twitter
Dallas6,32.8740567,-96.771404,9100 N Central Expressway Suite 105,75231,Wed Oct 26 19:07:22 +0000 2016,RT @ATT: Welcome to the team! @taylorswift13 https://t.co/4h86nLYuLo https://t.co/gAHOi7fPrZ,,,Twitter
Dallas6,32.8740567,-96.771404,9100 N Central Expressway Suite 105,75231,Wed Oct 26 19:01:54 +0000 2016,#bitcoin #currency AT&amp;T is Seeking a Patent for a Bitcoin-Powered Server - CoinDesk: AT&amp;T is Seeking ... https://t.co/STwxQcny1o #mining,,,Twitter
Dallas6,32.8740567,-96.771404,9100 N Central Expressway Suite 105,75231,Wed Oct 26 18:59:57 +0000 2016,RT @ATT: Get a sweet deal on the new iPhone 7 when you switch to AT&amp;T and have DIRECTV. https://t.co/JO08KrMKj7 https://t.co/tAcB2wPVFO,,,Twitter
Dallas6,32.8740567,-96.771404,9100 N Central Expressway Suite 105,75231,Wed Oct 26 18:58:02 +0000 2016,We've updated our story pulling together all the announcements on DirecTV Now: https://t.co/zC1rek2sli $T @DallasBizNews,,,Twitter
Dallas6,32.8740567,-96.771404,9100 N Central Expressway Suite 105,75231,Wed Oct 26 18:53:54 +0000 2016,RT @ATT: Welcome to the team! @taylorswift13 https://t.co/4h86nLYuLo https://t.co/gAHOi7fPrZ,,,Twitter
Dallas6,32.8740567,-96.771404,9100 N Central Expressway Suite 105,75231,Wed Oct 26 18:52:59 +0000 2016,RT @ATT: Get a sweet deal on the new iPhone 7 when you switch to AT&amp;T and have DIRECTV. https://t.co/JO08KrMKj7 https://t.co/tAcB2wPVFO,,,Twitter
Dallas6,32.8740567,-96.771404,9100 N Central Expressway Suite 105,75231,Wed Oct 26 18:49:40 +0000 2016,"""AT&amp;T Could Find a Lesson in Comcast’s Media Merger"" by JENNIFER SABA via NYT The New York Times https://t.co/34zNt64zd6",,,Twitter
Dallas6,32.8740567,-96.771404,9100 N Central Expressway Suite 105,75231,Wed Oct 26 18:47:40 +0000 2016,RT @ATT: Get a sweet deal on the new iPhone 7 when you switch to AT&amp;T and have DIRECTV. https://t.co/JO08KrMKj7 https://t.co/tAcB2wPVFO,,,Twitter
Dallas6,32.8740567,-96.771404,9100 N Central Expressway Suite 105,75231,Wed Oct 26 18:44:45 +0000 2016,RT @ATT: Welcome to the team! @taylorswift13 https://t.co/4h86nLYuLo https://t.co/gAHOi7fPrZ,,,Twitter
Dallas6,32.8740567,-96.771404,9100 N Central Expressway Suite 105,75231,Wed Oct 26 18:38:04 +0000 2016,RT @ATT: Who made you a college 🏈 fan? Share with #MadeMeAFanContest for a chance to win. Rules https://t.co/hU3I3wFn5V https://t.co/seJBJK…,,,Twitter
Dallas6,32.8740567,-96.771404,9100 N Central Expressway Suite 105,75231,Wed Oct 26 18:37:54 +0000 2016,RT @ATT: Get a sweet deal on the new iPhone 7 when you switch to AT&amp;T and have DIRECTV. https://t.co/JO08KrMKj7 https://t.co/tAcB2wPVFO,,,Twitter
Dallas6,32.8740567,-96.771404,9100 N Central Expressway Suite 105,75231,Wed Oct 26 18:37:05 +0000 2016,The code names and secret meetings that got the #ATTTimeWarner deal done https://t.co/fOeive0ZXV | @Melissa_Repko https://t.co/HanjJxfLxT,,,Twitter
Dallas6,32.8740567,-96.771404,9100 N Central Expressway Suite 105,75231,Wed Oct 26 18:36:50 +0000 2016,The code names and secret meetings that got the AT&amp;T-Time Warner deal done https://t.co/ITNDc47QnK,,,Twitter
Dallas6,32.8740567,-96.771404,9100 N Central Expressway Suite 105,75231,Wed Oct 26 18:33:54 +0000 2016,RT @ATT: Get a sweet deal on the new iPhone 7 when you switch to AT&amp;T and have DIRECTV. https://t.co/JO08KrMKj7 https://t.co/tAcB2wPVFO,,,Twitter
Dallas6,32.8740567,-96.771404,9100 N Central Expressway Suite 105,75231,Wed Oct 26 18:31:35 +0000 2016,RT @ATT: Who made you a college 🏈 fan? Share with #MadeMeAFanContest for a chance to win. Rules https://t.co/hU3I3wFn5V https://t.co/seJBJK…,,,Twitter
Dallas6,32.8740567,-96.771404,9100 N Central Expressway Suite 105,75231,Wed Oct 26 18:30:58 +0000 2016,RT @ATTBusiness: AT&amp;T Labs is on track to revolutionize the way #AI plays in the network…but that’s not all! More from Mazin Gilbert: https…,,,Twitter
Dallas6,32.8740567,-96.771404,9100 N Central Expressway Suite 105,75231,Wed Oct 26 18:30:02 +0000 2016,AT&amp;T Labs is on track to revolutionize the way #AI plays in the network…but that’s not all! More from Mazin Gilbert… https://t.co/sLa1dPKUcI,,,Twitter
Dallas6,32.8740567,-96.771404,9100 N Central Expressway Suite 105,75231,Wed Oct 26 18:29:54 +0000 2016,RT @ATT: Welcome to the team! @taylorswift13 https://t.co/4h86nLYuLo https://t.co/gAHOi7fPrZ,,,Twitter
Dallas6,32.8740567,-96.771404,9100 N Central Expressway Suite 105,75231,Wed Oct 26 18:29:52 +0000 2016,AT&amp;T Byron Nelson To Move In 2018 - DFWsportsonline https://t.co/81Rx5BEEVn via @dfwsportsonline,,,Twitter
Dallas6,32.8740567,-96.771404,9100 N Central Expressway Suite 105,75231,Wed Oct 26 18:24:49 +0000 2016,"RT @JarrettRush: @AnnaLDavis1 @ATT @YourAnonNews From your lips to God's ears, says the AT&amp;T C-suite.",,,Twitter
Dallas6,32.8740567,-96.771404,9100 N Central Expressway Suite 105,75231,Wed Oct 26 18:23:47 +0000 2016,RT @ATT: Who made you a college 🏈 fan? Share with #MadeMeAFanContest for a chance to win. Rules https://t.co/hU3I3wFn5V https://t.co/seJBJK…,,,Twitter
Dallas6,32.8740567,-96.771404,9100 N Central Expressway Suite 105,75231,Wed Oct 26 18:22:06 +0000 2016,RT @Mike_Rawlings: This is a day of celebration. Special thanks to @PGATOUR and @ATT for helping bring @attbyronnelson to Dallas. https://t…,,,Twitter
Dallas6,32.8740567,-96.771404,9100 N Central Expressway Suite 105,75231,Wed Oct 26 18:21:31 +0000 2016,"@AnnaLDavis1 @ATT @YourAnonNews From your lips to God's ears, says the AT&amp;T C-suite.",,,Twitter
Dallas6,32.8740567,-96.771404,9100 N Central Expressway Suite 105,75231,Wed Oct 26 18:21:30 +0000 2016,"RT @DMNBiz: 100 channels, no dish: AT&amp;T announces launch of DirecTV Now for $35 a month | https://t.co/Yz34WUGhMz @melissa_repko https://t.…",,,Twitter
Dallas6,32.8740567,-96.771404,9100 N Central Expressway Suite 105,75231,Wed Oct 26 18:15:58 +0000 2016,RT @ATT: Get a sweet deal on the new iPhone 7 when you switch to AT&amp;T and have DIRECTV. https://t.co/JO08KrMKj7 https://t.co/tAcB2wPVFO,,,Twitter
Dallas6,32.8740567,-96.771404,9100 N Central Expressway Suite 105,75231,Wed Oct 26 18:15:22 +0000 2016,RT @ATT: Welcome to the team! @taylorswift13 https://t.co/4h86nLYuLo https://t.co/gAHOi7fPrZ,,,Twitter
Dallas6,32.8740567,-96.771404,9100 N Central Expressway Suite 105,75231,Wed Oct 26 18:14:41 +0000 2016,RT @HisGirlHildy: Agree @ATT's #RandallStephenson is a 'southern gentleman' like @DaveLieber says? I've heard mostly good. @JimZarroli http…,,,Twitter
Dallas6,32.8740567,-96.771404,9100 N Central Expressway Suite 105,75231,Wed Oct 26 18:14:24 +0000 2016,"A #bitcoin powered server, #TimeWarner AND #Hemisphere? What's next @ATT, total world domination? #ATT… https://t.co/KqCO6E98um",,,Twitter
Dallas6,32.8740567,-96.771404,9100 N Central Expressway Suite 105,75231,Wed Oct 26 18:10:49 +0000 2016,RT @ATT: Welcome to the team! @taylorswift13 https://t.co/4h86nLYuLo https://t.co/gAHOi7fPrZ,,,Twitter
Dallas6,32.8740567,-96.771404,9100 N Central Expressway Suite 105,75231,Wed Oct 26 18:06:31 +0000 2016,"@rgcasti Rodrigo, we don't like to see that! Can you DM us your contact info and more details on the location? We'll alert the right team.",,,Twitter
Dallas6,32.8740567,-96.771404,9100 N Central Expressway Suite 105,75231,Wed Oct 26 18:05:14 +0000 2016,"100 channels, no dish: AT&amp;T announces launch of DirecTV Now for $35 a month | https://t.co/Yz34WUGhMz @melissa_repko https://t.co/ltVlmwj9Rr",,,Twitter
Dallas6,32.8740567,-96.771404,9100 N Central Expressway Suite 105,75231,Wed Oct 26 18:02:59 +0000 2016,RT @DBJShinneman: Stephenson said some new stuff about DirecTV Now and Time Warner this morning https://t.co/fgq2QFh1dC $T @DallasBizNews,,,Twitter
Dallas6,32.8740567,-96.771404,9100 N Central Expressway Suite 105,75231,Wed Oct 26 18:01:10 +0000 2016,RT @Mike_Rawlings: This is a day of celebration. Special thanks to @PGATOUR and @ATT for helping bring @attbyronnelson to Dallas. https://t…,,,Twitter
Dallas6,32.8740567,-96.771404,9100 N Central Expressway Suite 105,75231,Wed Oct 26 17:53:13 +0000 2016,RT @Mike_Rawlings: This is a day of celebration. Special thanks to @PGATOUR and @ATT for helping bring @attbyronnelson to Dallas. https://t…,,,Twitter
Dallas6,32.8740567,-96.771404,9100 N Central Expressway Suite 105,75231,Wed Oct 26 17:52:07 +0000 2016,RT @Mike_Rawlings: This is a day of celebration. Special thanks to @PGATOUR and @ATT for helping bring @attbyronnelson to Dallas. https://t…,,,Twitter
Dallas6,32.8740567,-96.771404,9100 N Central Expressway Suite 105,75231,Wed Oct 26 17:50:55 +0000 2016,RT @Mike_Rawlings: This is a day of celebration. Special thanks to @PGATOUR and @ATT for helping bring @attbyronnelson to Dallas. https://t…,,,Twitter
Dallas6,32.8740567,-96.771404,9100 N Central Expressway Suite 105,75231,Wed Oct 26 17:48:19 +0000 2016,RT @Mike_Rawlings: This is a day of celebration. Special thanks to @PGATOUR and @ATT for helping bring @attbyronnelson to Dallas. https://t…,,,Twitter
Dallas6,32.8740567,-96.771404,9100 N Central Expressway Suite 105,75231,Wed Oct 26 17:47:27 +0000 2016,This is a day of celebration. Special thanks to @PGATOUR and @ATT for helping bring @attbyronnelson to Dallas. https://t.co/46atECppNd,,,Twitter
Dallas6,32.8740567,-96.771404,9100 N Central Expressway Suite 105,75231,Wed Oct 26 17:40:43 +0000 2016,Overwhelmingly  millennials prefer collaborative work environments https://t.co/nrmXqjKfQV #ucoms #attemployee,,,Twitter
Dallas6,32.8740567,-96.771404,9100 N Central Expressway Suite 105,75231,Wed Oct 26 17:36:03 +0000 2016,RT @BillNicholsDMN: Jordan Spieth to headline announcement of AT&amp;T Byron Nelson's early move to Trinity Forest in 2018 https://t.co/MKP4cN9…,,,Twitter
Dallas6,32.8740567,-96.771404,9100 N Central Expressway Suite 105,75231,Wed Oct 26 17:35:57 +0000 2016,Time Warner moving to Hudson Yards despite deal with AT&amp;T https://t.co/SC0hPlpJ42 #quicktimebuyer,,,Twitter
Dallas6,32.8740567,-96.771404,9100 N Central Expressway Suite 105,75231,Wed Oct 26 17:35:02 +0000 2016,"AT&amp;T is getting into the streaming, cord-cutting game by offering over 100 channels for $35 a month. Thoughts? https://t.co/ilDvGD7NGz",,,Twitter
Dallas6,32.8740567,-96.771404,9100 N Central Expressway Suite 105,75231,Wed Oct 26 17:33:39 +0000 2016,"RT @ATTBusiness: Reliable, safer &amp; more efficient smart grids? Yes, with #IoT, our 4G LTE network and Sentient Energy. Discover how: https:…",,,Twitter
Dallas6,32.8740567,-96.771404,9100 N Central Expressway Suite 105,75231,Wed Oct 26 17:29:11 +0000 2016,AT&amp;T Secret Spy Program Unveiled: Project Hemisphere https://t.co/GSVudSi59W,,,Twitter
Dallas6,32.8740567,-96.771404,9100 N Central Expressway Suite 105,75231,Wed Oct 26 17:25:00 +0000 2016,"RT @ConnectToGood: Great read: ""Promise and Challenge in Ending America’s Dropout Epidemic"" https://t.co/PFgYU7zinq #ATTimpact #GradNation…",,,Twitter
Dallas6,32.8740567,-96.771404,9100 N Central Expressway Suite 105,75231,Wed Oct 26 17:22:11 +0000 2016,"@MyDomePiece ATT Fiber offers GB speed in Dallas, but you don't need that much speed to stream your p0rn",,,Twitter
Dallas6,32.8740567,-96.771404,9100 N Central Expressway Suite 105,75231,Wed Oct 26 17:21:58 +0000 2016,RT @ATT: Who made you a college 🏈 fan? Share with #MadeMeAFanContest for a chance to win. Rules https://t.co/hU3I3wFn5V https://t.co/seJBJK…,,,Twitter
Dallas6,32.8740567,-96.771404,9100 N Central Expressway Suite 105,75231,Wed Oct 26 17:21:37 +0000 2016,"RT @ConnectToGood: Great read: ""Promise and Challenge in Ending America’s Dropout Epidemic"" https://t.co/PFgYU7zinq #ATTimpact #GradNation…",,,Twitter
Dallas6,32.8740567,-96.771404,9100 N Central Expressway Suite 105,75231,Wed Oct 26 17:20:43 +0000 2016,"Great read: ""Promise and Challenge in Ending America’s Dropout Epidemic"" https://t.co/PFgYU7zinq #ATTimpact #GradNation @DutchNicole",,,Twitter
Dallas6,32.8740567,-96.771404,9100 N Central Expressway Suite 105,75231,Wed Oct 26 17:20:20 +0000 2016,RT @ATT: Who made you a college 🏈 fan? Share with #MadeMeAFanContest for a chance to win. Rules https://t.co/hU3I3wFn5V https://t.co/seJBJK…,,,Twitter
Dallas6,32.8740567,-96.771404,9100 N Central Expressway Suite 105,75231,Wed Oct 26 17:20:16 +0000 2016,RT @ATT: Welcome to the team! @taylorswift13 https://t.co/4h86nLYuLo https://t.co/gAHOi7fPrZ,,,Twitter
Dallas6,32.8740567,-96.771404,9100 N Central Expressway Suite 105,75231,Wed Oct 26 17:03:06 +0000 2016,"RT @attJOBS: With the power to shape new accessibility tech (like a speech-to-text hearing aid), #InclusionWorks at AT&amp;T. https://t.co/P4aq…",,,Twitter
Dallas6,32.8740567,-96.771404,9100 N Central Expressway Suite 105,75231,Wed Oct 26 17:03:01 +0000 2016,RT @ATTBusinessCare: See how to change your status in AT&amp;T Business Messenger for iPhone at https://t.co/0f5VB7upGe,,,Twitter
Dallas6,32.8740567,-96.771404,9100 N Central Expressway Suite 105,75231,Wed Oct 26 17:02:37 +0000 2016,RT @attJOBS: Join us on Periscope  on 10/26 for an inside look at how we’re changing the face of retail with our new Flagship store in #San…,,,Twitter
Dallas6,32.8740567,-96.771404,9100 N Central Expressway Suite 105,75231,Wed Oct 26 17:02:29 +0000 2016,RT @attJOBS: We’re hosting a special #college edition of our #AskATTJobs chat this week. Join us on Wed at 3 pm CST. https://t.co/oucjXAV2jO,,,Twitter
Dallas6,32.8740567,-96.771404,9100 N Central Expressway Suite 105,75231,Wed Oct 26 17:02:21 +0000 2016,RT @ATTBusinessCare: Learn how to add a text messaging user to your pdvConnect from AT&amp;T account https://t.co/Aqu7w2lJjK https://t.co/BUzKt…,,,Twitter
Dallas6,32.8740567,-96.771404,9100 N Central Expressway Suite 105,75231,Wed Oct 26 17:02:12 +0000 2016,RT @ATTBusinessCare: Take a look at our tutorial for info on how to change your bigtincan from AT&amp;T password https://t.co/DMWuWr4MbE https:…,,,Twitter
Dallas6,32.8740567,-96.771404,9100 N Central Expressway Suite 105,75231,Wed Oct 26 17:01:44 +0000 2016,RT @ATTBusinessCare: Learn how to start using AT&amp;T Business Messenger for iPhone https://t.co/V9JIzwBSqC https://t.co/pS0xrKsgKm,,,Twitter
Dallas6,32.8740567,-96.771404,9100 N Central Expressway Suite 105,75231,Wed Oct 26 17:01:39 +0000 2016,RT @attJOBS: Our new #SanFrancisco flagship store is restored and ready for the future with our latest technology. Take a look: https://t.c…,,,Twitter
Dallas6,32.8740567,-96.771404,9100 N Central Expressway Suite 105,75231,Wed Oct 26 17:01:23 +0000 2016,RT @ATT: Another reason to smile for the camera. The #LGV20 from @LGUSAMobile will be available in stores starting today. https://t.co/TILu…,,,Twitter
Dallas6,32.8740567,-96.771404,9100 N Central Expressway Suite 105,75231,Wed Oct 26 17:01:19 +0000 2016,RT @attJOBS: Join us on Periscope for an inside look at how we’re changing the face of retail with our new Flagship store in #SanFrancisco.…,,,Twitter
Dallas6,32.8740567,-96.771404,9100 N Central Expressway Suite 105,75231,Wed Oct 26 12:44:19 +0000 2016,RT @ATT: Welcome to the team! @taylorswift13 https://t.co/4h86nLYuLo https://t.co/gAHOi7fPrZ,,,Twitter
Dallas6,32.8740567,-96.771404,9100 N Central Expressway Suite 105,75231,Wed Oct 26 12:41:54 +0000 2016,@BostonSugarBear @Lawssenhop @Snowden @ATT always a good idea to stay away from peeps on terrorist watch lists. Like journalists &amp; such. ;-),,,Twitter
Dallas6,32.8740567,-96.771404,9100 N Central Expressway Suite 105,75231,Wed Oct 26 12:40:18 +0000 2016,RT @ATT: Welcome to the team! @taylorswift13 https://t.co/4h86nLYuLo https://t.co/gAHOi7fPrZ,,,Twitter
Dallas6,32.8740567,-96.771404,9100 N Central Expressway Suite 105,75231,Wed Oct 26 12:35:58 +0000 2016,RT @ATT: Welcome to the team! @taylorswift13 https://t.co/4h86nLYuLo https://t.co/gAHOi7fPrZ,,,Twitter
Dallas6,32.8740567,-96.771404,9100 N Central Expressway Suite 105,75231,Wed Oct 26 12:19:28 +0000 2016,@ana60nda @BostonSugarBear @LordVoltimus @Snowden @ATT it's a clear violation of the 4th amendment. Search/seizure w/out probable cause.,,,Twitter
Dallas6,32.8740567,-96.771404,9100 N Central Expressway Suite 105,75231,Wed Oct 26 12:15:28 +0000 2016,@ATT can someone call me asap... Immediately,,,Twitter
Dallas6,32.8740567,-96.771404,9100 N Central Expressway Suite 105,75231,Wed Oct 26 12:06:08 +0000 2016,RT @Uverse: It’s showtime! Pump up #NationalPumpkinDay with Beetlejuice to get in the #Halloween spirit: https://t.co/WDktnIfl3g 🎃 https://…,,,Twitter
Dallas6,32.8740567,-96.771404,9100 N Central Expressway Suite 105,75231,Wed Oct 26 12:05:39 +0000 2016,The Latin America assets of @ATT could figure more prominently after Time Warner deal https://t.co/Op4NIxIxGZ |… https://t.co/jVYaRUGK5g,,,Twitter
Dallas6,32.8740567,-96.771404,9100 N Central Expressway Suite 105,75231,Wed Oct 26 12:02:14 +0000 2016,RT @ATT: The #futureofvideo is mobile and the #futureofmobile is video. Time Warner + AT&amp;T make it happen! @twxcorp https://t.co/GKx4U9TQYg,,,Twitter
Dallas6,32.8740567,-96.771404,9100 N Central Expressway Suite 105,75231,Wed Oct 26 11:10:15 +0000 2016,"Don't expect a change in viewpoint for @CNN, @ATT chief says https://t.co/9xIAgD1Mzi | @agarre https://t.co/0C8y9rVgOl",,,Twitter
Dallas6,32.8740567,-96.771404,9100 N Central Expressway Suite 105,75231,Wed Oct 26 08:56:58 +0000 2016,RT @ATT: Welcome to the team! @taylorswift13 https://t.co/4h86nLYuLo https://t.co/gAHOi7fPrZ,,,Twitter
Dallas6,32.8740567,-96.771404,9100 N Central Expressway Suite 105,75231,Wed Oct 26 08:52:01 +0000 2016,Now I understand why people say @ATT has terrible customer service. Smdh.,,,Twitter
Dallas6,32.8740567,-96.771404,9100 N Central Expressway Suite 105,75231,Wed Oct 26 08:40:42 +0000 2016,RT @ATT: Welcome to the team! @taylorswift13 https://t.co/4h86nLYuLo https://t.co/gAHOi7fPrZ,,,Twitter
Dallas6,32.8740567,-96.771404,9100 N Central Expressway Suite 105,75231,Wed Oct 26 07:59:16 +0000 2016,RT @ATT: Welcome to the team! @taylorswift13 https://t.co/4h86nLYuLo https://t.co/gAHOi7fPrZ,,,Twitter
Dallas6,32.8740567,-96.771404,9100 N Central Expressway Suite 105,75231,Wed Oct 26 07:48:54 +0000 2016,RT @ATT: Welcome to the team! @taylorswift13 https://t.co/4h86nLYuLo https://t.co/gAHOi7fPrZ,,,Twitter
Dallas6,32.8740567,-96.771404,9100 N Central Expressway Suite 105,75231,Wed Oct 26 07:28:34 +0000 2016,RT @ATT: Welcome to the team! @taylorswift13 https://t.co/4h86nLYuLo https://t.co/gAHOi7fPrZ,,,Twitter
Dallas6,32.8740567,-96.771404,9100 N Central Expressway Suite 105,75231,Wed Oct 26 06:54:30 +0000 2016,RT @ATT: @ts6swift Not necessarily.  We’ll be giving away lots of tickets to Taylor fans including AT&amp;T customers and special guests.,,,Twitter
Dallas6,32.8740567,-96.771404,9100 N Central Expressway Suite 105,75231,Wed Oct 26 06:44:52 +0000 2016,RT @JTeespeak: So great hangin w/ @GavinDeGraw thx to @DFWAcuraDealers @McDonalds &amp; @ATT  @JackFMDFW @MoreHits1037 https://t.co/V4rDDvLfkB,,,Twitter
Dallas6,32.8740567,-96.771404,9100 N Central Expressway Suite 105,75231,Wed Oct 26 06:40:42 +0000 2016,@jsalinas300 @ATT fr mane I'm finna have to make a move to @TWCable_NEO,,,Twitter
Dallas6,32.8740567,-96.771404,9100 N Central Expressway Suite 105,75231,Wed Oct 26 05:50:47 +0000 2016,RT @ATT: Welcome to the team! @taylorswift13 https://t.co/4h86nLYuLo https://t.co/gAHOi7fPrZ,,,Twitter
Dallas6,32.8740567,-96.771404,9100 N Central Expressway Suite 105,75231,Wed Oct 26 05:18:23 +0000 2016,Bro @att wifi is fucking cheeks dude... always fucking slow,,,Twitter
Dallas6,32.8740567,-96.771404,9100 N Central Expressway Suite 105,75231,Wed Oct 26 05:08:56 +0000 2016,RT @ATT: AT&amp;T #Fiber - The future of the internet is now! Starting with a 1000 Mbps connection. https://t.co/Rw8zxmVDRY,,,Twitter
Dallas6,32.8740567,-96.771404,9100 N Central Expressway Suite 105,75231,Wed Oct 26 04:43:37 +0000 2016,RT @ATT: Get a sweet deal on the new iPhone 7 when you switch to AT&amp;T and have DIRECTV. https://t.co/TQVeUkmeZ6 https://t.co/zfZmNpe8AP,,,Twitter
Dallas6,32.8740567,-96.771404,9100 N Central Expressway Suite 105,75231,Wed Oct 26 04:35:29 +0000 2016,RT @ATT: Welcome to the team! @taylorswift13 https://t.co/4h86nLYuLo https://t.co/gAHOi7fPrZ,,,Twitter
Dallas6,32.8740567,-96.771404,9100 N Central Expressway Suite 105,75231,Wed Oct 26 04:33:06 +0000 2016,RT @ATT: Welcome to the team! @taylorswift13 https://t.co/4h86nLYuLo https://t.co/gAHOi7fPrZ,,,Twitter
Dallas6,32.8740567,-96.771404,9100 N Central Expressway Suite 105,75231,Wed Oct 26 03:48:18 +0000 2016,@ATT thanks for selling our information. I hope your stock drops and you can't afford Time Warner,,,Twitter
Dallas6,32.8740567,-96.771404,9100 N Central Expressway Suite 105,75231,Wed Oct 26 03:26:13 +0000 2016,Presenting Sponsor @ATT employee engagement rocks. Don't believe me just WATCH @slkite5 @dahnahull! Excellent. Really excellent. #OneUpThat,,,Twitter
Dallas6,32.8740567,-96.771404,9100 N Central Expressway Suite 105,75231,Wed Oct 26 03:13:40 +0000 2016,RT @ATT: Welcome to the team! @taylorswift13 https://t.co/4h86nLYuLo https://t.co/gAHOi7fPrZ,,,Twitter
Dallas6,32.8740567,-96.771404,9100 N Central Expressway Suite 105,75231,Wed Oct 26 02:38:07 +0000 2016,"RT @ATT: @ChooseFreeWill We appreciate the awesome shoutout, Rich -- we'll pass the kudos along to Matt!",,,Twitter
Dallas6,32.8740567,-96.771404,9100 N Central Expressway Suite 105,75231,Wed Oct 26 02:28:52 +0000 2016,RT @ATT: Welcome to the team! @taylorswift13 https://t.co/4h86nLYuLo https://t.co/gAHOi7fPrZ,,,Twitter
Dallas6,32.8740567,-96.771404,9100 N Central Expressway Suite 105,75231,Wed Oct 26 02:12:11 +0000 2016,Challenge accepted @JasonWDowning @DeloitteUS! @ATT @Charlene_Lake knows how 2 #GiveACheck &amp; have fun @ work too! Can @AroundTI #OneUpThat?,,,Twitter
Dallas6,32.8740567,-96.771404,9100 N Central Expressway Suite 105,75231,Wed Oct 26 02:09:08 +0000 2016,Don't believe me just WATCH! Presenting Sponsor @ATT employee engagement rocks. Thank you! How can @AroundTI #OneUpThat? @UnitedWayDallas,,,Twitter
Dallas6,32.8740567,-96.771404,9100 N Central Expressway Suite 105,75231,Wed Oct 26 02:06:09 +0000 2016,RT @ATT: Get a sweet deal on the new iPhone 7 when you switch to AT&amp;T and have DIRECTV. https://t.co/TQVeUkmeZ6 https://t.co/zfZmNpe8AP,,,Twitter
Dallas6,32.8740567,-96.771404,9100 N Central Expressway Suite 105,75231,Wed Oct 26 01:57:46 +0000 2016,"Look, @Uverse, I get it. I worked in cable for 3 years. Your deal with Fox local channels amounts to Tough Shit for @MLB fans on PCs. Got it",,,Twitter
Dallas6,32.8740567,-96.771404,9100 N Central Expressway Suite 105,75231,Wed Oct 26 01:57:20 +0000 2016,RT @JTeespeak: So great hangin w/ @GavinDeGraw thx to @DFWAcuraDealers @McDonalds &amp; @ATT  @JackFMDFW @MoreHits1037 https://t.co/V4rDDvLfkB,,,Twitter
Dallas6,32.8740567,-96.771404,9100 N Central Expressway Suite 105,75231,Wed Oct 26 01:53:17 +0000 2016,RT @JTeespeak: So great hangin w/ @GavinDeGraw thx to @DFWAcuraDealers @McDonalds &amp; @ATT  @JackFMDFW @MoreHits1037 https://t.co/V4rDDvLfkB,,,Twitter
Dallas6,32.8740567,-96.771404,9100 N Central Expressway Suite 105,75231,Wed Oct 26 01:39:11 +0000 2016,RT @JTeespeak: So great hangin w/ @GavinDeGraw thx to @DFWAcuraDealers @McDonalds &amp; @ATT  @JackFMDFW @MoreHits1037 https://t.co/V4rDDvLfkB,,,Twitter
Dallas6,32.8740567,-96.771404,9100 N Central Expressway Suite 105,75231,Wed Oct 26 01:38:10 +0000 2016,RT @ATT: Welcome to the team! @taylorswift13 https://t.co/4h86nLYuLo https://t.co/gAHOi7fPrZ,,,Twitter
Dallas6,32.8740567,-96.771404,9100 N Central Expressway Suite 105,75231,Wed Oct 26 01:22:20 +0000 2016,RT @JTeespeak: So great hangin w/ @GavinDeGraw thx to @DFWAcuraDealers @McDonalds &amp; @ATT  @JackFMDFW @MoreHits1037 https://t.co/V4rDDvLfkB,,,Twitter
Dallas6,32.8740567,-96.771404,9100 N Central Expressway Suite 105,75231,Wed Oct 26 01:21:33 +0000 2016,RT @Justin_Fickle: @DIRECTV @DIRECTVService worst customer service experience I've ever had.  I was a customer for over 4+ yrs and spent th…,,,Twitter
Dallas6,32.8740567,-96.771404,9100 N Central Expressway Suite 105,75231,Wed Oct 26 01:19:42 +0000 2016,RT @jasoncaston: Well played @ATT .. your move @Sling // AT&amp;T Undercuts Cable TV With $35 Internet Streaming Service https://t.co/k7ejWzNT2…,,,Twitter
Dallas6,32.8740567,-96.771404,9100 N Central Expressway Suite 105,75231,Wed Oct 26 01:17:43 +0000 2016,Well played @ATT .. your move @Sling // AT&amp;T Undercuts Cable TV With $35 Internet Streaming Service… https://t.co/h03oDQPtMG,,,Twitter
Dallas6,32.8740567,-96.771404,9100 N Central Expressway Suite 105,75231,Wed Oct 26 00:43:32 +0000 2016,RT @ATT: Get a sweet deal on the new iPhone 7 when you switch to AT&amp;T and have DIRECTV. https://t.co/TQVeUkmeZ6 https://t.co/zfZmNpe8AP,,,Twitter
Dallas6,32.8740567,-96.771404,9100 N Central Expressway Suite 105,75231,Wed Oct 26 00:42:33 +0000 2016,RT @ATT: Welcome to the team! @taylorswift13 https://t.co/4h86nLYuLo https://t.co/gAHOi7fPrZ,,,Twitter
Dallas6,32.8740567,-96.771404,9100 N Central Expressway Suite 105,75231,Wed Oct 26 00:33:16 +0000 2016,RT @ATT: Get a sweet deal on the new iPhone 7 when you switch to AT&amp;T and have DIRECTV. https://t.co/TQVeUkmeZ6 https://t.co/zfZmNpe8AP,,,Twitter
Dallas6,32.8740567,-96.771404,9100 N Central Expressway Suite 105,75231,Wed Oct 26 00:33:10 +0000 2016,RT @Uverse: It’s time to break out your cowboy boots for @GarthBrooks + @ATT’s exclusive country music concert on 11/10 at 8/7c. https://t.…,,,Twitter
Dallas6,32.8740567,-96.771404,9100 N Central Expressway Suite 105,75231,Wed Oct 26 00:25:28 +0000 2016,RT @tannerthehammer: @ATT might have the worst customer service out there. Honestly should consider changing dept name to Customer Disservi…,,,Twitter
Dallas6,32.8740567,-96.771404,9100 N Central Expressway Suite 105,75231,Wed Oct 26 00:23:54 +0000 2016,RT @DMNBiz: The Latin America assets of @ATT could figure more prominently after Time Warner deal https://t.co/Op4NIy095z | @Melissa_Repko…,,,Twitter
Dallas6,32.8740567,-96.771404,9100 N Central Expressway Suite 105,75231,Wed Oct 26 00:18:28 +0000 2016,RT @Uverse: It’s time to break out your cowboy boots for @GarthBrooks + @ATT’s exclusive country music concert on 11/10 at 8/7c. https://t.…,,,Twitter
Dallas6,32.8740567,-96.771404,9100 N Central Expressway Suite 105,75231,Wed Oct 26 00:17:34 +0000 2016,RT @ATT: Get a sweet deal on the new iPhone 7 when you switch to AT&amp;T and have DIRECTV. https://t.co/TQVeUkmeZ6 https://t.co/zfZmNpe8AP,,,Twitter
Dallas6,32.8740567,-96.771404,9100 N Central Expressway Suite 105,75231,Wed Oct 26 00:10:35 +0000 2016,RT @ATT: Welcome to the team! @taylorswift13 https://t.co/4h86nLYuLo https://t.co/gAHOi7fPrZ,,,Twitter
Dallas6,32.8740567,-96.771404,9100 N Central Expressway Suite 105,75231,Wed Oct 26 00:08:55 +0000 2016,It’s time to break out your cowboy boots for @GarthBrooks + @ATT’s exclusive country music concert on 11/10 at 8/7c… https://t.co/RDR8X0p98Y,,,Twitter
Dallas6,32.8740567,-96.771404,9100 N Central Expressway Suite 105,75231,Wed Oct 26 00:06:30 +0000 2016,The Latin America assets of @ATT could figure more prominently after Time Warner deal https://t.co/Op4NIy095z |… https://t.co/U1GMQpxAIk,,,Twitter
Dallas6,32.8740567,-96.771404,9100 N Central Expressway Suite 105,75231,Wed Oct 26 00:02:12 +0000 2016,RT @ATT: Welcome to the team! @taylorswift13 https://t.co/4h86nLYuLo https://t.co/gAHOi7fPrZ,,,Twitter
Dallas6,32.8740567,-96.771404,9100 N Central Expressway Suite 105,75231,Tue Oct 25 23:42:17 +0000 2016,"@BobsFunGirl Possible alternative plan. I'll see later. I'm just tired of being dicked around by @Uverse, @MLB, and @MLBONFOX.",,,Twitter
Dallas6,32.8740567,-96.771404,9100 N Central Expressway Suite 105,75231,Tue Oct 25 23:36:10 +0000 2016,How have Texas lawmakers reacted to @ATT's megamerger? Mostly with silence | https://t.co/e1F0k2g03S @tombenning https://t.co/RgXes9gcyK,,,Twitter
Dallas6,32.8740567,-96.771404,9100 N Central Expressway Suite 105,75231,Tue Oct 25 23:35:05 +0000 2016,"Oh cool, the Series is on Fox broadcast only, which I can't watch via @Uverse on my PC (unlike FS1). Awesome job, everyone. Thanks a lot.",,,Twitter
Dallas6,32.8740567,-96.771404,9100 N Central Expressway Suite 105,75231,Tue Oct 25 23:34:33 +0000 2016,Dallas-based @ATT accused of profiting from decades of #hemisphere #surveillance data. #ATT @SteveBrownDMN… https://t.co/gZmy2Vq0o1,,,Twitter
Dallas6,32.8740567,-96.771404,9100 N Central Expressway Suite 105,75231,Tue Oct 25 23:21:58 +0000 2016,@GavinDeGraw @DFWAcuraDealers @McDonalds @ATT @JackFMDFW @MoreHits1037 thank u brotha!,,,Twitter
Dallas6,32.8740567,-96.771404,9100 N Central Expressway Suite 105,75231,Tue Oct 25 23:21:47 +0000 2016,"On the @verizonfios/@FrontierCorp app, it was right on the home page. 1 click. The @DIRECTV #ux, on the other hand, is so terrible!",,,Twitter
Dallas6,32.8740567,-96.771404,9100 N Central Expressway Suite 105,75231,Tue Oct 25 23:21:31 +0000 2016,@GavinDeGraw @DFWAcuraDealers @McDonalds @ATT @JackFMDFW @MoreHits1037 thx Gavin!,,,Twitter
Dallas6,32.8740567,-96.771404,9100 N Central Expressway Suite 105,75231,Tue Oct 25 23:18:50 +0000 2016,"The #UX to get to a live channel on the @DIRECTV app is so bad! Look at how many steps tmit takes to get to @MSNBC,… https://t.co/ipHwTfZcLH",,,Twitter
Dallas6,32.8740567,-96.771404,9100 N Central Expressway Suite 105,75231,Tue Oct 25 23:12:13 +0000 2016,Seriously fuck @ATT https://t.co/vZIzHeSjOR,,,Twitter
Dallas6,32.8740567,-96.771404,9100 N Central Expressway Suite 105,75231,Tue Oct 25 22:56:04 +0000 2016,"RT @ATT: @JenSwirsky Jen, you're making our day! Thanks for the #ATTLove. https://t.co/isGmJhfqMn",,,Twitter
Dallas6,32.8740567,-96.771404,9100 N Central Expressway Suite 105,75231,Tue Oct 25 22:56:00 +0000 2016,"RT @ATT: @RileysCronicles You just made OUR day, Riley! Thanks for sharing the #ATTLove https://t.co/gSLNy4EDYz",,,Twitter
Dallas6,32.8740567,-96.771404,9100 N Central Expressway Suite 105,75231,Tue Oct 25 22:52:02 +0000 2016,RT @JTeespeak: So great hangin w/ @GavinDeGraw thx to @DFWAcuraDealers @McDonalds &amp; @ATT  @JackFMDFW @MoreHits1037 https://t.co/V4rDDvLfkB,,,Twitter
Dallas6,32.8740567,-96.771404,9100 N Central Expressway Suite 105,75231,Tue Oct 25 22:51:58 +0000 2016,RT @ATT: Another reason to smile for the camera. The #LGV20 from @LGUSAMobile will be available in stores starting today. https://t.co/TILu…,,,Twitter
Dallas6,32.8740567,-96.771404,9100 N Central Expressway Suite 105,75231,Tue Oct 25 22:46:53 +0000 2016,RT @JTeespeak: So great hangin w/ @GavinDeGraw thx to @DFWAcuraDealers @McDonalds &amp; @ATT  @JackFMDFW @MoreHits1037 https://t.co/V4rDDvLfkB,,,Twitter
Dallas6,32.8740567,-96.771404,9100 N Central Expressway Suite 105,75231,Tue Oct 25 22:45:59 +0000 2016,RT @ATT: Welcome to the team! @taylorswift13 https://t.co/4h86nLYuLo https://t.co/gAHOi7fPrZ,,,Twitter
Dallas6,32.8740567,-96.771404,9100 N Central Expressway Suite 105,75231,Tue Oct 25 22:37:15 +0000 2016,"RT @DMNBiz: Can @ATT and @twxcorp avoid a left-brain, right-brain culture clash? https://t.co/on1Vg17AJu | @MitchSchnurman https://t.co/SHv…",,,Twitter
Dallas6,32.8740567,-96.771404,9100 N Central Expressway Suite 105,75231,Tue Oct 25 22:35:53 +0000 2016,"RT @DMNBiz: Can @ATT and @twxcorp avoid a left-brain, right-brain culture clash? https://t.co/on1Vg17AJu | @MitchSchnurman https://t.co/SHv…",,,Twitter
Dallas6,32.8740567,-96.771404,9100 N Central Expressway Suite 105,75231,Tue Oct 25 22:35:27 +0000 2016,"Can @ATT and @twxcorp avoid a left-brain, right-brain culture clash? https://t.co/on1Vg17AJu | @MitchSchnurman https://t.co/SHvLS8SbgU",,,Twitter
Dallas6,32.8740567,-96.771404,9100 N Central Expressway Suite 105,75231,Tue Oct 25 22:30:10 +0000 2016,RT @JTeespeak: So great hangin w/ @GavinDeGraw thx to @DFWAcuraDealers @McDonalds &amp; @ATT  @JackFMDFW @MoreHits1037 https://t.co/V4rDDvLfkB,,,Twitter
Dallas6,32.8740567,-96.771404,9100 N Central Expressway Suite 105,75231,Tue Oct 25 22:28:41 +0000 2016,So great hangin w/ @GavinDeGraw thx to @DFWAcuraDealers @McDonalds &amp; @ATT  @JackFMDFW @MoreHits1037 https://t.co/V4rDDvLfkB,,,Twitter
Dallas6,32.8740567,-96.771404,9100 N Central Expressway Suite 105,75231,Tue Oct 25 22:06:00 +0000 2016,PETITION: Fight corporate control of the news. Stop the @ATT-@twxcorp merger! https://t.co/sJ19Ho6sTD via @demandprogress,,,Twitter
Dallas6,32.8740567,-96.771404,9100 N Central Expressway Suite 105,75231,Tue Oct 25 21:56:36 +0000 2016,@DIRECTV @DIRECTVService worst customer service experience I've ever had.  I was a customer for over 4+ yrs and spent thousands.#neveragain,,,Twitter
Dallas6,32.8740567,-96.771404,9100 N Central Expressway Suite 105,75231,Tue Oct 25 21:50:11 +0000 2016,RT @ATT: Welcome to the team! @taylorswift13 https://t.co/4h86nLYuLo https://t.co/gAHOi7fPrZ,,,Twitter
Dallas6,32.8740567,-96.771404,9100 N Central Expressway Suite 105,75231,Tue Oct 25 21:37:28 +0000 2016,RT @ATT: Welcome to the team! @taylorswift13 https://t.co/4h86nLYuLo https://t.co/gAHOi7fPrZ,,,Twitter
Dallas6,32.8740567,-96.771404,9100 N Central Expressway Suite 105,75231,Tue Oct 25 21:35:15 +0000 2016,"RT @ATT: Mother Nature is unpredictable, so we rely on our Network Disaster Recovery team to connect you when you need it most. https://t.c…",,,Twitter
Dallas6,32.8740567,-96.771404,9100 N Central Expressway Suite 105,75231,Tue Oct 25 21:24:16 +0000 2016,The AT&amp;T Aspire Accelerator 2016 companies pitch their #edtech solutions at the Entrepreneur Showcase at @ATT headq… https://t.co/Zlapa0uBsk,,,Twitter
Dallas6,32.8740567,-96.771404,9100 N Central Expressway Suite 105,75231,Tue Oct 25 21:14:52 +0000 2016,RT @dallasnews: How to talk about the @ATT-@twxcorp deal like an insider https://t.co/RwdVfXVliJ | @Melissa_Repko https://t.co/is1kfuOhar,,,Twitter
Dallas6,32.8740567,-96.771404,9100 N Central Expressway Suite 105,75231,Tue Oct 25 21:14:27 +0000 2016,RT @dallasnews: How to talk about the @ATT-@twxcorp deal like an insider https://t.co/RwdVfXVliJ | @Melissa_Repko https://t.co/is1kfuOhar,,,Twitter
Dallas6,32.8740567,-96.771404,9100 N Central Expressway Suite 105,75231,Tue Oct 25 21:14:03 +0000 2016,How to talk about the @ATT-@twxcorp deal like an insider https://t.co/RwdVfXVliJ | @Melissa_Repko https://t.co/is1kfuOhar,,,Twitter
Dallas6,32.8740567,-96.771404,9100 N Central Expressway Suite 105,75231,Tue Oct 25 21:13:42 +0000 2016,RT @dallasnews: How to talk about the @ATT-@twxcorp deal like an insider https://t.co/RwdVfXVliJ | @Melissa_Repko https://t.co/C58eyEbuSU,,,Twitter
Dallas6,32.8740567,-96.771404,9100 N Central Expressway Suite 105,75231,Tue Oct 25 21:13:16 +0000 2016,How to talk about the @ATT-@twxcorp deal like an insider https://t.co/RwdVfXVliJ | @Melissa_Repko https://t.co/C58eyEbuSU,,,Twitter
Dallas6,32.8740567,-96.771404,9100 N Central Expressway Suite 105,75231,Tue Oct 25 21:03:01 +0000 2016,"Via @Gizmodo: w/ #DirecTVNow, spying for profit, and the #TimeWarner acquisition, @ATT is having a busy week: https://t.co/DpzghdWo3d",,,Twitter
Dallas6,32.8740567,-96.771404,9100 N Central Expressway Suite 105,75231,Tue Oct 25 20:55:28 +0000 2016,@ATT care to explain to your customers why you are selling out data to local law enforcement? https://t.co/0dRIVjBM13,,,Twitter
Dallas6,32.8740567,-96.771404,9100 N Central Expressway Suite 105,75231,Tue Oct 25 20:54:16 +0000 2016,@WIRED @ATT *sent from my ATT phone,,,Twitter
Dallas6,32.8740567,-96.771404,9100 N Central Expressway Suite 105,75231,Tue Oct 25 20:48:07 +0000 2016,@WIRED @ATT go fuck yourself,,,Twitter
Dallas6,32.8740567,-96.771404,9100 N Central Expressway Suite 105,75231,Tue Oct 25 20:36:44 +0000 2016,How to talk about the @ATT-@twxcorp deal like an insider https://t.co/BS8al09DpH | @Melissa_Repko https://t.co/7vea93Urim,,,Twitter
Dallas6,32.8740567,-96.771404,9100 N Central Expressway Suite 105,75231,Tue Oct 25 20:30:54 +0000 2016,RT @ATT: Welcome to the team! @taylorswift13 https://t.co/4h86nLYuLo https://t.co/gAHOi7fPrZ,,,Twitter
Dallas6,32.8740567,-96.771404,9100 N Central Expressway Suite 105,75231,Tue Oct 25 20:25:56 +0000 2016,RT @ATT: Welcome to the team! @taylorswift13 https://t.co/4h86nLYuLo https://t.co/gAHOi7fPrZ,,,Twitter
Dallas6,32.8740567,-96.771404,9100 N Central Expressway Suite 105,75231,Tue Oct 25 20:21:05 +0000 2016,Because they really dont care and since they are behind a computer it takes any customer service they may have had… https://t.co/eE4PRqZ6Qc,,,Twitter
Dallas6,32.8740567,-96.771404,9100 N Central Expressway Suite 105,75231,Tue Oct 25 20:19:05 +0000 2016,They don't seem to care @att or their #chat team! https://t.co/0GH6zywBr6,,,Twitter
Dallas6,32.8740567,-96.771404,9100 N Central Expressway Suite 105,75231,Tue Oct 25 20:16:25 +0000 2016,Pathetic @ATT yr agent makes mistake (all on chat) and now another agent tells me I have to play by your rules??? Glad to have screen shots!,,,Twitter
Dallas6,32.8740567,-96.771404,9100 N Central Expressway Suite 105,75231,Tue Oct 25 20:14:01 +0000 2016,Since when do you merge two accounts @ATT and expect your consumers to be strong armed into your methods??? #attsucks #terribleservice,,,Twitter
Dallas6,32.8740567,-96.771404,9100 N Central Expressway Suite 105,75231,Tue Oct 25 20:04:37 +0000 2016,RT @ATT: Welcome to the team! @taylorswift13 https://t.co/4h86nLYuLo https://t.co/gAHOi7fPrZ,,,Twitter
Dallas6,32.8740567,-96.771404,9100 N Central Expressway Suite 105,75231,Tue Oct 25 19:50:54 +0000 2016,Which I could say I was shocked when a reply in a DM from @ATTCares asked me to DM them for more information. 😂😂😂😂😂 #jokesonme,,,Twitter
Dallas6,32.8740567,-96.771404,9100 N Central Expressway Suite 105,75231,Tue Oct 25 19:31:19 +0000 2016,RT @ATT: Welcome to the team! @taylorswift13 https://t.co/4h86nLYuLo https://t.co/gAHOi7fPrZ,,,Twitter
