Store,Latitude,Longitude,Address,Zip,CreatedAt,Text,Senti,Rating,Source
Dallas3,32.8293128,-96.8272358,5616 Lemmon Ave,75209,Mon Oct 24 15:33:58 +0000 2016,"RT @dallasnews: How the AT&amp;T-Time Warner deal changes the TV, mobile landscapes https://t.co/63yM9yIFXS | @Conor_Shine https://t.co/dyRXifU…",,,Twitter
Dallas3,32.8293128,-96.8272358,5616 Lemmon Ave,75209,Mon Oct 24 15:31:39 +0000 2016,"Luke Bryan at @ATTStadium: Love bro country or don't, this was a good show: https://t.co/koMLtcV1th https://t.co/5C0KpkZvsj",,,Twitter
Dallas3,32.8293128,-96.8272358,5616 Lemmon Ave,75209,Mon Oct 24 15:29:35 +0000 2016,@JeffHowardSays What a season! Who is your favorite MLS Player? #SoccerEverywhere,,,Twitter
Dallas3,32.8293128,-96.8272358,5616 Lemmon Ave,75209,Mon Oct 24 15:28:26 +0000 2016,@NickFromAstoria What a crazy day of action! Who is your favorite MLS Player? #SoccerEverywhere,,,Twitter
Dallas3,32.8293128,-96.8272358,5616 Lemmon Ave,75209,Mon Oct 24 15:28:00 +0000 2016,"RT @dallasnews: How the AT&amp;T-Time Warner deal changes the TV, mobile landscapes https://t.co/63yM9yIFXS | @Conor_Shine https://t.co/dyRXifU…",,,Twitter
Dallas3,32.8293128,-96.8272358,5616 Lemmon Ave,75209,Mon Oct 24 15:27:18 +0000 2016,@Kirkland What a great end to the season! What MLS Club do you support? #SoccerEverywhere,,,Twitter
Dallas3,32.8293128,-96.8272358,5616 Lemmon Ave,75209,Mon Oct 24 15:26:06 +0000 2016,"RT @dallasnews: How the AT&amp;T-Time Warner deal changes the TV, mobile landscapes https://t.co/63yM9yIFXS | @Conor_Shine https://t.co/dyRXifU…",,,Twitter
Dallas3,32.8293128,-96.8272358,5616 Lemmon Ave,75209,Mon Oct 24 15:21:41 +0000 2016,Why Wall Street dislikes AT&amp;T deal https://t.co/QwCDsUYR1d,,,Twitter
Dallas3,32.8293128,-96.8272358,5616 Lemmon Ave,75209,Mon Oct 24 15:21:40 +0000 2016,"RT @dallasnews: How the AT&amp;T-Time Warner deal changes the TV, mobile landscapes https://t.co/63yM9yIFXS | @Conor_Shine https://t.co/dyRXifU…",,,Twitter
Dallas3,32.8293128,-96.8272358,5616 Lemmon Ave,75209,Mon Oct 24 15:21:22 +0000 2016,"How the AT&amp;T-Time Warner deal changes the TV, mobile landscapes https://t.co/63yM9yIFXS | @Conor_Shine https://t.co/dyRXifUqsW",,,Twitter
Dallas3,32.8293128,-96.8272358,5616 Lemmon Ave,75209,Mon Oct 24 15:21:18 +0000 2016,How the AT&amp;T-Time Warner merger could hurt consumers https://t.co/sPEjqlh82Y,,,Twitter
Dallas3,32.8293128,-96.8272358,5616 Lemmon Ave,75209,Mon Oct 24 15:21:15 +0000 2016,"Don't expect a change in viewpoint for CNN, #ATT chief says https://t.co/FhwYrpRz3j #DFW #Tech",,,Twitter
Dallas3,32.8293128,-96.8272358,5616 Lemmon Ave,75209,Mon Oct 24 15:18:15 +0000 2016,"RT @dallasnews: How the AT&amp;T-Time Warner deal changes the TV, mobile landscapes https://t.co/63yM9yIFXS | @Conor_Shine https://t.co/dEDE5Jj…",,,Twitter
Dallas3,32.8293128,-96.8272358,5616 Lemmon Ave,75209,Mon Oct 24 15:18:05 +0000 2016,"How the AT&amp;T-Time Warner deal changes the TV, mobile landscapes https://t.co/63yM9yIFXS | @Conor_Shine https://t.co/dEDE5JjnL1",,,Twitter
Dallas3,32.8293128,-96.8272358,5616 Lemmon Ave,75209,Mon Oct 24 15:16:37 +0000 2016,"With Time Warner deal, AT&amp;T aims to be mobile entertainment powerhouse ~ https://t.co/yYM8OUT3FU via @marketingdive https://t.co/zPWiSYtfKf",,,Twitter
Dallas3,32.8293128,-96.8272358,5616 Lemmon Ave,75209,Mon Oct 24 15:13:10 +0000 2016,"With Time Warner deal, AT&amp;T aims to be mobile entertainment powerhouse ~ https://t.co/yYM8OUT3FU via @marketingdive",,,Twitter
Dallas3,32.8293128,-96.8272358,5616 Lemmon Ave,75209,Mon Oct 24 15:03:15 +0000 2016,AT&amp;T Is Buying Time Warner Because the Future is Google - https://t.co/pqp9gJ3z35,,,Twitter
Dallas3,32.8293128,-96.8272358,5616 Lemmon Ave,75209,Mon Oct 24 15:03:11 +0000 2016,RT @ATT: Welcome to the team! @taylorswift13 https://t.co/4h86nLYuLo https://t.co/gAHOi7fPrZ,,,Twitter
Dallas3,32.8293128,-96.8272358,5616 Lemmon Ave,75209,Mon Oct 24 15:02:51 +0000 2016,Luke Bryan shimmies and shines during 'Kill the Lights' tour at AT&amp;T Stadium on Saturday | https://t.co/OMVjpTOelO https://t.co/wg6mXxibfL,,,Twitter
Dallas3,32.8293128,-96.8272358,5616 Lemmon Ave,75209,Mon Oct 24 15:02:32 +0000 2016,RT @attJOBS: Our development programs can put you on the right career path. Why? Just ask Brad: https://t.co/bmAjmMvvte #BeTheFuture https:…,,,Twitter
Dallas3,32.8293128,-96.8272358,5616 Lemmon Ave,75209,Mon Oct 24 15:01:40 +0000 2016,"RT @ATTBusiness: Recently granted his 200th patent, Dale Malik shares his secrets for converting new ideas into a reality: https://t.co/5Zw…",,,Twitter
Dallas3,32.8293128,-96.8272358,5616 Lemmon Ave,75209,Mon Oct 24 15:00:11 +0000 2016,#dallas AT&amp;T CEO Randall Stephenson confident Time Warner merger will get past regulators https://t.co/y9jZ375uEF,,,Twitter
Dallas3,32.8293128,-96.8272358,5616 Lemmon Ave,75209,Mon Oct 24 14:55:41 +0000 2016,"Sport drives main forms CBSSports, NBC-Comcast, Disney-ESPN, Fox, and now AT&amp;T-Time Warner. @SMUSportMgt #sportsbiz https://t.co/1yFYGld1P6",,,Twitter
Dallas3,32.8293128,-96.8272358,5616 Lemmon Ave,75209,Mon Oct 24 14:53:57 +0000 2016,"Follow all @DallasNews coverage of the AT&amp;T, Time Warner here: https://t.co/TfNOWHdSpF",,,Twitter
Dallas3,32.8293128,-96.8272358,5616 Lemmon Ave,75209,Mon Oct 24 14:53:51 +0000 2016,@ATTCares what is this crap? Charging me extra to use data from the previous period? On the next day? #dumbass https://t.co/QiiPsGJW7i,,,Twitter
Dallas3,32.8293128,-96.8272358,5616 Lemmon Ave,75209,Mon Oct 24 14:45:28 +0000 2016,RT @dallasnews: AT&amp;T's quarterly results give hints on urgency behind Time Warner deal https://t.co/zdffIY4Gfa | @Conor_Shine https://t.co/…,,,Twitter
Dallas3,32.8293128,-96.8272358,5616 Lemmon Ave,75209,Mon Oct 24 14:37:21 +0000 2016,"If merger deal fails, AT&amp;T and Time Warner would pay big in break-up fees. https://t.co/eI6G5eDIoq",,,Twitter
Dallas3,32.8293128,-96.8272358,5616 Lemmon Ave,75209,Mon Oct 24 14:37:07 +0000 2016,The CEO's Guide to Navigating the Threat Landscape - via @ATTBusiness https://t.co/IcGbH2CKYD #NetworkingExchange,,,Twitter
Dallas3,32.8293128,-96.8272358,5616 Lemmon Ave,75209,Mon Oct 24 14:36:13 +0000 2016,"The Stadium Club is almost half a football field long, but can Cowboys fans fill it year 'round? |… https://t.co/UrshTtdQBn",,,Twitter
Dallas3,32.8293128,-96.8272358,5616 Lemmon Ave,75209,Mon Oct 24 14:33:18 +0000 2016,"Netflix's Ted Sarandos Talks 'Narcos,' Competitors and AT&amp;T's Time Warner Deal https://t.co/RxFYMHOiJk via @thr #netflix #TimeWarner #ATT",,,Twitter
Dallas3,32.8293128,-96.8272358,5616 Lemmon Ave,75209,Mon Oct 24 14:31:53 +0000 2016,RT @ATT: The #futureofvideo is mobile and the #futureofmobile is video. Time Warner + AT&amp;T make it happen! @twxcorp https://t.co/GKx4U9TQYg,,,Twitter
Dallas3,32.8293128,-96.8272358,5616 Lemmon Ave,75209,Mon Oct 24 14:30:54 +0000 2016,"AT&amp;T Awards $250,000 to Support Student Success https://t.co/7HqNXf2Yqu via @NorthDenverTrib",,,Twitter
Dallas3,32.8293128,-96.8272358,5616 Lemmon Ave,75209,Mon Oct 24 14:25:54 +0000 2016,RT @ATT: Welcome to the team! @taylorswift13 https://t.co/4h86nLYuLo https://t.co/gAHOi7fPrZ,,,Twitter
Dallas3,32.8293128,-96.8272358,5616 Lemmon Ave,75209,Mon Oct 24 14:22:35 +0000 2016,"RT @dallasnews: Trump gets litigious, AT&amp;T gets bigger, @TomiLahren wins bigly: Your weekend news digest https://t.co/tjOy7OJCri https://t.…",,,Twitter
Dallas3,32.8293128,-96.8272358,5616 Lemmon Ave,75209,Mon Oct 24 14:14:01 +0000 2016,You don't have to go back to school to continue learning. Try these tips to learn something new:… https://t.co/9B8KfsjYz6,,,Twitter
Dallas3,32.8293128,-96.8272358,5616 Lemmon Ave,75209,Mon Oct 24 14:11:36 +0000 2016,RT @melissa_repko: AT&amp;T CEO Randall Stephenson says he's confident Time Warner merger will get past regulators. https://t.co/iRlyBUzRgd,,,Twitter
Dallas3,32.8293128,-96.8272358,5616 Lemmon Ave,75209,Mon Oct 24 14:11:26 +0000 2016,RT @melissa_repko: AT&amp;T CEO Randall Stephenson says he's confident Time Warner merger will get past regulators. https://t.co/iRlyBUzRgd,,,Twitter
Dallas3,32.8293128,-96.8272358,5616 Lemmon Ave,75209,Mon Oct 24 14:06:00 +0000 2016,RT @melissa_repko: AT&amp;T CEO Randall Stephenson says he's confident Time Warner merger will get past regulators. https://t.co/iRlyBUzRgd,,,Twitter
Dallas3,32.8293128,-96.8272358,5616 Lemmon Ave,75209,Mon Oct 24 14:05:51 +0000 2016,RT @melissa_repko: AT&amp;T CEO Randall Stephenson says he's confident Time Warner merger will get past regulators. https://t.co/iRlyBUzRgd,,,Twitter
Dallas3,32.8293128,-96.8272358,5616 Lemmon Ave,75209,Mon Oct 24 14:05:34 +0000 2016,AT&amp;T CEO Randall Stephenson says he's confident Time Warner merger will get past regulators. https://t.co/iRlyBUzRgd,,,Twitter
Dallas3,32.8293128,-96.8272358,5616 Lemmon Ave,75209,Mon Oct 24 14:04:43 +0000 2016,"@AdalineTarver It's a special, invitation-only concert. We’ll share ticketing details later. Follow AT&amp;T + Taylor Nation for the latest.",,,Twitter
Dallas3,32.8293128,-96.8272358,5616 Lemmon Ave,75209,Mon Oct 24 14:04:07 +0000 2016,Hilton's 2011 artwork. Congrats to Dallas-based @ATT &amp; Randall Stephenson on deal that could create nation's larges… https://t.co/zN5LsvFuRt,,,Twitter
Dallas3,32.8293128,-96.8272358,5616 Lemmon Ave,75209,Mon Oct 24 14:00:31 +0000 2016,RT @ATT: Get a sweet deal on the new iPhone 7 when you switch to AT&amp;T and have DIRECTV. https://t.co/TQVeUkmeZ6 https://t.co/zfZmNpe8AP,,,Twitter
Dallas3,32.8293128,-96.8272358,5616 Lemmon Ave,75209,Mon Oct 24 14:00:02 +0000 2016,@ATT agrees to buy @TWC for more than $80B https://t.co/Pwyyf1vQTn https://t.co/WNMresoQ5Q,,,Twitter
Dallas3,32.8293128,-96.8272358,5616 Lemmon Ave,75209,Mon Oct 24 13:58:52 +0000 2016,#atttimewarner #att Chm Stephenson should improve what he has instead of building monuments! This merger is BAD for consumers!,,,Twitter
Dallas3,32.8293128,-96.8272358,5616 Lemmon Ave,75209,Mon Oct 24 13:57:15 +0000 2016,#atttimewarner  @att been a att cust. for 20+ years. They are miserable now. Imagine how crappy after a mega merger!,,,Twitter
Dallas3,32.8293128,-96.8272358,5616 Lemmon Ave,75209,Mon Oct 24 13:55:07 +0000 2016,"RT @ATT: Mother Nature is unpredictable, so we rely on our Network Disaster Recovery team to connect you when you need it most. https://t.c…",,,Twitter
Dallas3,32.8293128,-96.8272358,5616 Lemmon Ave,75209,Mon Oct 24 13:54:44 +0000 2016,RT @ATT: AT&amp;T CEO Randall Stephenson addressed #MWC13 regarding challenges and opps for industry http://t.co/ruUa9WcblL http://t.co/E0qgeIj…,,,Twitter
Dallas3,32.8293128,-96.8272358,5616 Lemmon Ave,75209,Mon Oct 24 13:48:56 +0000 2016,"RT @attJOBS: We’re lucky to be surrounded by talented #WomenInTech. See how they inspire us: https://t.co/6dp7cmjdey 
#GHC16 https://t.co/O…",,,Twitter
Dallas3,32.8293128,-96.8272358,5616 Lemmon Ave,75209,Mon Oct 24 13:48:44 +0000 2016,"RT @attJOBS: Through technology, we're helping to connect students with mentors across the country. Here's how: https://t.co/aIHtIbm2d3 #AT…",,,Twitter
Dallas3,32.8293128,-96.8272358,5616 Lemmon Ave,75209,Mon Oct 24 13:48:29 +0000 2016,"@NBALPSupport Is there still a deal between @DIRECTV and NBA for League Pass? Still not available and season starts tomorrow, ridiculous.",,,Twitter
Dallas3,32.8293128,-96.8272358,5616 Lemmon Ave,75209,Mon Oct 24 13:47:54 +0000 2016,RT @Dstoreysg: It only takes one extra degree to make a difference. #besomeone'sdifference https://t.co/DFTGqIR1fG,,,Twitter
Dallas3,32.8293128,-96.8272358,5616 Lemmon Ave,75209,Mon Oct 24 13:46:35 +0000 2016,RT @attJOBS: At the end of an interview you have a chance to make a lasting impression. Take it! Learn how: https://t.co/Fq9rgFL6f3 #Career…,,,Twitter
Dallas3,32.8293128,-96.8272358,5616 Lemmon Ave,75209,Mon Oct 24 13:45:36 +0000 2016,RT @attJOBS: Last year we donated $1M to @GirlsWhoCode &amp; the future careers of women technologists everywhere! #GHC16 https://t.co/rKDF99f5…,,,Twitter
Dallas3,32.8293128,-96.8272358,5616 Lemmon Ave,75209,Mon Oct 24 13:45:10 +0000 2016,RT @attJOBS: Our development programs can put you on the right career path. Why? Just ask Brad: https://t.co/bmAjmMvvte #BeTheFuture https:…,,,Twitter
Dallas3,32.8293128,-96.8272358,5616 Lemmon Ave,75209,Mon Oct 24 13:36:16 +0000 2016,AT&amp;T's quarterly results give hints on urgency behind Time Warner deal https://t.co/Cx1AXLE7xF | @Conor_Shine https://t.co/l5uJCUsAyP,,,Twitter
Dallas3,32.8293128,-96.8272358,5616 Lemmon Ave,75209,Mon Oct 24 13:31:39 +0000 2016,Millennials grew up in the age of cell phones and the Internet https://t.co/nrmXqjKfQV #voip #attemployee,,,Twitter
Dallas3,32.8293128,-96.8272358,5616 Lemmon Ave,75209,Mon Oct 24 13:28:03 +0000 2016,"First DIRECTV now Time Warner
#ATT...#TheEmpire https://t.co/1GvKLoL4qV",,,Twitter
Dallas3,32.8293128,-96.8272358,5616 Lemmon Ave,75209,Mon Oct 24 13:25:25 +0000 2016,AT&amp;T CEO Vows ‘Independence’ for CNN in Merger With Time Warner https://t.co/5U4X6Viz1r https://t.co/CP5tCpbRpv,,,Twitter
Dallas3,32.8293128,-96.8272358,5616 Lemmon Ave,75209,Mon Oct 24 13:23:37 +0000 2016,RT @ATT: Get a sweet deal on the new iPhone 7 when you switch to AT&amp;T and have DIRECTV. https://t.co/TQVeUkmeZ6 https://t.co/zfZmNpe8AP,,,Twitter
Dallas3,32.8293128,-96.8272358,5616 Lemmon Ave,75209,Mon Oct 24 13:22:05 +0000 2016,RT @ATT: Welcome to the team! @taylorswift13 https://t.co/4h86nLYuLo https://t.co/gAHOi7fPrZ,,,Twitter
Dallas3,32.8293128,-96.8272358,5616 Lemmon Ave,75209,Mon Oct 24 13:16:29 +0000 2016,RT @ATT: Welcome to the team! @taylorswift13 https://t.co/4h86nLYuLo https://t.co/gAHOi7fPrZ,,,Twitter
Dallas3,32.8293128,-96.8272358,5616 Lemmon Ave,75209,Mon Oct 24 13:15:15 +0000 2016,#ATT CEO Randall Stephenson confident Time Warner merger will get past regulators https://t.co/16x5x51ksj #DFW #Tech,,,Twitter
Dallas3,32.8293128,-96.8272358,5616 Lemmon Ave,75209,Mon Oct 24 13:10:14 +0000 2016,RT @melissa_repko: AT&amp;T's quarterly results give hints on urgency behind Time Warner deal. https://t.co/C7bG16Q5sP,,,Twitter
Dallas3,32.8293128,-96.8272358,5616 Lemmon Ave,75209,Mon Oct 24 13:00:32 +0000 2016,AT&amp;T will acquire Time Warner for $85.4B in content play | Macworld https://t.co/l0dPH8O5IF,,,Twitter
Dallas3,32.8293128,-96.8272358,5616 Lemmon Ave,75209,Mon Oct 24 12:56:09 +0000 2016,@dohertyjf @DamonGochneaur @PPCKirk as a former t-mobile customer I could never get coverage inside buildings. Eventually switched to att,,,Twitter
Dallas3,32.8293128,-96.8272358,5616 Lemmon Ave,75209,Mon Oct 24 12:54:37 +0000 2016,RT @ATT: Get a sweet deal on the new iPhone 7 when you switch to AT&amp;T and have DIRECTV. https://t.co/TQVeUkmeZ6 https://t.co/zfZmNpe8AP,,,Twitter
Dallas3,32.8293128,-96.8272358,5616 Lemmon Ave,75209,Mon Oct 24 12:54:11 +0000 2016,AT&amp;T CEO Randall Stephenson confident Time Warner merger will get past regulators:  https://t.co/RO9nlYU1rT,,,Twitter
Dallas3,32.8293128,-96.8272358,5616 Lemmon Ave,75209,Mon Oct 24 12:47:09 +0000 2016,If the @blakeshelton and @adamlevine bromance didn't exist…😲💔 #AlternateScaryEnding #TheVoice https://t.co/m85NuKj4cJ,,,Twitter
Dallas3,32.8293128,-96.8272358,5616 Lemmon Ave,75209,Mon Oct 24 12:41:54 +0000 2016,RT @ATT: Welcome to the team! @taylorswift13 https://t.co/4h86nLYuLo https://t.co/gAHOi7fPrZ,,,Twitter
Dallas3,32.8293128,-96.8272358,5616 Lemmon Ave,75209,Mon Oct 24 12:41:14 +0000 2016,RT @ATT: Welcome to the team! @taylorswift13 https://t.co/4h86nLYuLo https://t.co/gAHOi7fPrZ,,,Twitter
Dallas3,32.8293128,-96.8272358,5616 Lemmon Ave,75209,Mon Oct 24 12:36:06 +0000 2016,RT @dallasnews: AT&amp;T's quarterly results give hints on urgency behind Time Warner deal https://t.co/zdffIY4Gfa | @Conor_Shine https://t.co/…,,,Twitter
Dallas3,32.8293128,-96.8272358,5616 Lemmon Ave,75209,Mon Oct 24 12:32:34 +0000 2016,"RT @DMNBiz: How the AT&amp;T-Time Warner deal changes the TV, mobile landscapes https://t.co/r8vR9j26fH | @Conor_Shine https://t.co/wKkVSeIClY",,,Twitter
Dallas3,32.8293128,-96.8272358,5616 Lemmon Ave,75209,Mon Oct 24 12:29:35 +0000 2016,"@ATTCares I just deleted both the ESPN app and WatchESPN app, and I got this. #notcool https://t.co/vnioR48eql",,,Twitter
Dallas3,32.8293128,-96.8272358,5616 Lemmon Ave,75209,Mon Oct 24 12:29:28 +0000 2016,Get caught up on the weekend's news on AT&amp;T and Time Warner: https://t.co/n8u8eFTAHO @dallasnews @DMNBiz,,,Twitter
Dallas3,32.8293128,-96.8272358,5616 Lemmon Ave,75209,Mon Oct 24 12:26:52 +0000 2016,Bernie Sanders: Obama “Should Kill” AT&amp;T-Time Warner Deal | Deadline https://t.co/Ae7kYLqa7V,,,Twitter
Dallas3,32.8293128,-96.8272358,5616 Lemmon Ave,75209,Mon Oct 24 12:25:53 +0000 2016,"Trump, Clinton weigh in on AT&amp;T, Time Warner merger: Trump said he'll block it; Clinton said she has concerns. https://t.co/Mk3P0chIcL",,,Twitter
Dallas3,32.8293128,-96.8272358,5616 Lemmon Ave,75209,Mon Oct 24 12:21:07 +0000 2016,"Speak now: Why critics want the $108 billion marriage of AT&amp;T, Time Warner to fail. https://t.co/Mk3P0chIcL",,,Twitter
Dallas3,32.8293128,-96.8272358,5616 Lemmon Ave,75209,Mon Oct 24 12:18:24 +0000 2016,RT @ATT: Welcome to the team! @taylorswift13 https://t.co/4h86nLYuLo https://t.co/gAHOi7fPrZ,,,Twitter
Dallas3,32.8293128,-96.8272358,5616 Lemmon Ave,75209,Mon Oct 24 12:16:26 +0000 2016,"@ATT's Stephenson: Nature of Time Warner deal different than anything we've ever done. A ""vertical integration."" https://t.co/51BRxIchHN",,,Twitter
Dallas3,32.8293128,-96.8272358,5616 Lemmon Ave,75209,Mon Oct 24 12:16:25 +0000 2016,AT&amp;T's quarterly results give hints on urgency behind Time Warner deal https://t.co/zdffIY4Gfa | @Conor_Shine https://t.co/OfexXWZ31F,,,Twitter
Dallas3,32.8293128,-96.8272358,5616 Lemmon Ave,75209,Mon Oct 24 12:14:57 +0000 2016,AT&amp;T's quarterly results give hints on urgency behind Time Warner deal. https://t.co/C7bG16Q5sP,,,Twitter
Dallas3,32.8293128,-96.8272358,5616 Lemmon Ave,75209,Mon Oct 24 12:10:35 +0000 2016,Swift Opposition to Resurrection of AT&amp;T Giant - The New York Times https://t.co/ZNLknFsgV4,,,Twitter
Dallas3,32.8293128,-96.8272358,5616 Lemmon Ave,75209,Mon Oct 24 12:06:40 +0000 2016,"How the AT&amp;T-Time Warner deal changes the TV, mobile landscapes https://t.co/r8vR9j26fH | @Conor_Shine https://t.co/wKkVSeIClY",,,Twitter
Dallas3,32.8293128,-96.8272358,5616 Lemmon Ave,75209,Mon Oct 24 12:03:22 +0000 2016,RT @ATT: Welcome to the team! @taylorswift13 https://t.co/4h86nLYuLo https://t.co/gAHOi7fPrZ,,,Twitter
Dallas3,32.8293128,-96.8272358,5616 Lemmon Ave,75209,Mon Oct 24 11:56:45 +0000 2016,"Time Warner, AT&amp;T CEOs on $85 billion merger https://t.co/PI8HphhyP9",,,Twitter
Dallas3,32.8293128,-96.8272358,5616 Lemmon Ave,75209,Mon Oct 24 11:49:43 +0000 2016,"Double the men, double the funny! Tune in to @CBS for the debut of #ManWithAPlan starting at 8/7c, followed by… https://t.co/5ggF3t6qtX",,,Twitter
Dallas3,32.8293128,-96.8272358,5616 Lemmon Ave,75209,Mon Oct 24 11:45:45 +0000 2016,#NationalFoodDay has us like...🍢 🍗 🍅. Celebrate with @RevRunWisdom's Kabob recipe: https://t.co/ghgN1AEUfM… https://t.co/5M7HExQFFS,,,Twitter
Dallas3,32.8293128,-96.8272358,5616 Lemmon Ave,75209,Mon Oct 24 11:44:46 +0000 2016,"RT @dallasnews: Trump gets litigious, AT&amp;T gets bigger, @TomiLahren wins bigly: Your weekend news digest https://t.co/tjOy7OJCri https://t.…",,,Twitter
Dallas3,32.8293128,-96.8272358,5616 Lemmon Ave,75209,Mon Oct 24 11:39:08 +0000 2016,RT @ATT: Welcome to the team! @taylorswift13 https://t.co/4h86nLYuLo https://t.co/gAHOi7fPrZ,,,Twitter
Dallas3,32.8293128,-96.8272358,5616 Lemmon Ave,75209,Mon Oct 24 11:37:49 +0000 2016,RT @ATTBusinessCare: Not sure where to start when sharing a bigtincan from AT&amp;T story? Learn how at https://t.co/rRv9IpNopm https://t.co/cw…,,,Twitter
Dallas3,32.8293128,-96.8272358,5616 Lemmon Ave,75209,Mon Oct 24 11:36:53 +0000 2016,RT @ATT: Welcome to the team! @taylorswift13 https://t.co/4h86nLYuLo https://t.co/gAHOi7fPrZ,,,Twitter
Dallas3,32.8293128,-96.8272358,5616 Lemmon Ave,75209,Mon Oct 24 11:09:48 +0000 2016,RT @ATT: Welcome to the team! @taylorswift13 https://t.co/4h86nLYuLo https://t.co/gAHOi7fPrZ,,,Twitter
Dallas3,32.8293128,-96.8272358,5616 Lemmon Ave,75209,Mon Oct 24 11:05:30 +0000 2016,RT @ATT: Get a sweet deal on the new iPhone 7 when you switch to AT&amp;T and have DIRECTV. https://t.co/TQVeUkmeZ6 https://t.co/zfZmNpe8AP,,,Twitter
Dallas3,32.8293128,-96.8272358,5616 Lemmon Ave,75209,Mon Oct 24 11:00:02 +0000 2016,Not sure where to start when sharing a bigtincan from AT&amp;T story? Learn how at https://t.co/rRv9IpNopm https://t.co/cwwirYxwcp,,,Twitter
Dallas3,32.8293128,-96.8272358,5616 Lemmon Ave,75209,Mon Oct 24 10:56:18 +0000 2016,RT @ATT: Get a sweet deal on the new iPhone 7 when you switch to AT&amp;T and have DIRECTV. https://t.co/TQVeUkmeZ6 https://t.co/zfZmNpe8AP,,,Twitter
Dallas3,32.8293128,-96.8272358,5616 Lemmon Ave,75209,Mon Oct 24 10:36:03 +0000 2016,RT @ATT: Welcome to the team! @taylorswift13 https://t.co/4h86nLYuLo https://t.co/gAHOi7fPrZ,,,Twitter
Dallas3,32.8293128,-96.8272358,5616 Lemmon Ave,75209,Mon Oct 24 10:28:11 +0000 2016,RT @ATT: Welcome to the team! @taylorswift13 https://t.co/4h86nLYuLo https://t.co/gAHOi7fPrZ,,,Twitter
Dallas3,32.8293128,-96.8272358,5616 Lemmon Ave,75209,Mon Oct 24 10:20:43 +0000 2016,"Speak now: Why critics want the $108 billion marriage of AT&amp;T, Time Warner to fail via @dallasnews #biz  https://t.co/onzE0HAAvJ",,,Twitter
Store,Latitude,Longitude,Address,Zip,CreatedAt,Text,Senti,Rating,Source
Dallas3,32.8293128,-96.8272358,5616 Lemmon Ave,75209,Fri Oct 21 15:04:57 +0000 2016,"RT @ATT: Watch the @GreenDay @iHeartRadio Album Release Party Tonight, 9pm ET/PT on AUDIENCE. DIRECTV ch 239/U-verse ch 1114. https://t.co/…",,,Twitter
Dallas3,32.8293128,-96.8272358,5616 Lemmon Ave,75209,Fri Oct 21 15:04:44 +0000 2016,"RT @ATT: Watch the @GreenDay @iHeartRadio Album Release Party Tonight, 9pm ET/PT on AUDIENCE. DIRECTV ch 239/U-verse ch 1114. https://t.co/…",,,Twitter
Dallas3,32.8293128,-96.8272358,5616 Lemmon Ave,75209,Fri Oct 21 15:04:21 +0000 2016,"RT @ATT: Watch the @GreenDay @iHeartRadio Album Release Party Tonight, 9pm ET/PT on AUDIENCE. DIRECTV ch 239/U-verse ch 1114. https://t.co/…",,,Twitter
Dallas3,32.8293128,-96.8272358,5616 Lemmon Ave,75209,Fri Oct 21 14:43:46 +0000 2016,RT @ATT: Are you ready for the revolution? Watch the @GreenDay @iHeartRadio Album Release Party now. #iHeartGreenDay https://t.co/ec2gZXKu7U,,,Twitter
Dallas3,32.8293128,-96.8272358,5616 Lemmon Ave,75209,Fri Oct 21 14:38:37 +0000 2016,"RT @ATT: Watch the @GreenDay @iHeartRadio Album Release Party Tonight, 9pm ET/PT on AUDIENCE. DIRECTV ch 239/U-verse ch 1114. https://t.co/…",,,Twitter
Dallas3,32.8293128,-96.8272358,5616 Lemmon Ave,75209,Fri Oct 21 14:37:45 +0000 2016,RT @ATT: Welcome to the team! @taylorswift13 https://t.co/4h86nLYuLo https://t.co/gAHOi7fPrZ,,,Twitter
Dallas3,32.8293128,-96.8272358,5616 Lemmon Ave,75209,Fri Oct 21 14:36:07 +0000 2016,RT @ATT: Are you ready for the revolution? Watch the @GreenDay @iHeartRadio Album Release Party now. #iHeartGreenDay https://t.co/ec2gZXKu7U,,,Twitter
Dallas3,32.8293128,-96.8272358,5616 Lemmon Ave,75209,Fri Oct 21 13:39:07 +0000 2016,RT @ATT: Welcome to the team! @taylorswift13 https://t.co/4h86nLYuLo https://t.co/gAHOi7fPrZ,,,Twitter
Dallas3,32.8293128,-96.8272358,5616 Lemmon Ave,75209,Fri Oct 21 13:35:01 +0000 2016,"RT @ATT: @Beau_Walker Hey there, sorry to hear that. What happened? We'd love to help.",,,Twitter
Dallas3,32.8293128,-96.8272358,5616 Lemmon Ave,75209,Fri Oct 21 13:28:35 +0000 2016,RT @ATT: Welcome to the team! @taylorswift13 https://t.co/4h86nLYuLo https://t.co/gAHOi7fPrZ,,,Twitter
Dallas3,32.8293128,-96.8272358,5616 Lemmon Ave,75209,Fri Oct 21 13:25:08 +0000 2016,RT @ATT: Get a sweet deal on the new iPhone 7 when you switch to AT&amp;T and have DIRECTV. https://t.co/TQVeUkmeZ6 https://t.co/zfZmNpe8AP,,,Twitter
Dallas3,32.8293128,-96.8272358,5616 Lemmon Ave,75209,Fri Oct 21 13:14:12 +0000 2016,RT @ATT: Welcome to the team! @taylorswift13 https://t.co/4h86nLYuLo https://t.co/gAHOi7fPrZ,,,Twitter
Dallas3,32.8293128,-96.8272358,5616 Lemmon Ave,75209,Fri Oct 21 11:44:12 +0000 2016,RT @ATT: Welcome to the team! @taylorswift13 https://t.co/4h86nLYuLo https://t.co/gAHOi7fPrZ,,,Twitter
Dallas3,32.8293128,-96.8272358,5616 Lemmon Ave,75209,Fri Oct 21 11:43:07 +0000 2016,RT @ATT: Welcome to the team! @taylorswift13 https://t.co/4h86nLYuLo https://t.co/gAHOi7fPrZ,,,Twitter
Dallas3,32.8293128,-96.8272358,5616 Lemmon Ave,75209,Fri Oct 21 11:28:51 +0000 2016,"@dallasnews @Hearts_Science @ATT @mitchschnurman I AGREE WITH THIS ONLINE,  BUT EVERY  ONE  NEEDS  HIGH  SPEED INTERNET NOW",,,Twitter
Dallas3,32.8293128,-96.8272358,5616 Lemmon Ave,75209,Fri Oct 21 11:06:55 +0000 2016,"Dallas-based @ATT, TimeWarner (@twxcorp) discussed a takeover in recent weeks https://t.co/oHHLVaAY0m  $twx $t https://t.co/ZDXbzw9cd9",,,Twitter
Dallas3,32.8293128,-96.8272358,5616 Lemmon Ave,75209,Fri Oct 21 10:55:02 +0000 2016,RT @ATT: Who made you a college 🏈 fan? Share with #MadeMeAFanContest for a chance to win. Rules https://t.co/hU3I3wFn5V https://t.co/xZbxUJ…,,,Twitter
Dallas3,32.8293128,-96.8272358,5616 Lemmon Ave,75209,Fri Oct 21 10:48:38 +0000 2016,RT @ATT: Get a sweet deal on the new iPhone 7 when you switch to AT&amp;T and have DIRECTV. https://t.co/TQVeUkmeZ6 https://t.co/zfZmNpe8AP,,,Twitter
Dallas3,32.8293128,-96.8272358,5616 Lemmon Ave,75209,Fri Oct 21 10:14:50 +0000 2016,RT @ATT: Welcome to the team! @taylorswift13 https://t.co/4h86nLYuLo https://t.co/gAHOi7fPrZ,,,Twitter
Dallas3,32.8293128,-96.8272358,5616 Lemmon Ave,75209,Fri Oct 21 10:13:50 +0000 2016,RT @ATT: Welcome to the team! @taylorswift13 https://t.co/4h86nLYuLo https://t.co/gAHOi7fPrZ,,,Twitter
Dallas3,32.8293128,-96.8272358,5616 Lemmon Ave,75209,Fri Oct 21 09:12:56 +0000 2016,RT @ATT: Who made you a college 🏈 fan? Share with #MadeMeAFanContest for a chance to win. Rules https://t.co/hU3I3wFn5V https://t.co/xZbxUJ…,,,Twitter
Dallas3,32.8293128,-96.8272358,5616 Lemmon Ave,75209,Fri Oct 21 07:44:42 +0000 2016,RT @rjohnson1911: Wow DMs but not call to resolve and offer @sprintcare ...I am disappointed...@ATTCares has already reached out to me! #sp…,,,Twitter
Dallas3,32.8293128,-96.8272358,5616 Lemmon Ave,75209,Fri Oct 21 07:19:26 +0000 2016,RT @ATT: Get a sweet deal on the new iPhone 7 when you switch to AT&amp;T and have DIRECTV. https://t.co/TQVeUkmeZ6 https://t.co/zfZmNpe8AP,,,Twitter
Dallas3,32.8293128,-96.8272358,5616 Lemmon Ave,75209,Fri Oct 21 05:46:20 +0000 2016,RT @ATT: Welcome to the team! @taylorswift13 https://t.co/4h86nLYuLo https://t.co/gAHOi7fPrZ,,,Twitter
Dallas3,32.8293128,-96.8272358,5616 Lemmon Ave,75209,Fri Oct 21 04:54:14 +0000 2016,RT @ATT: Welcome to the team! @taylorswift13 https://t.co/4h86nLYuLo https://t.co/gAHOi7fPrZ,,,Twitter
Dallas3,32.8293128,-96.8272358,5616 Lemmon Ave,75209,Fri Oct 21 04:44:01 +0000 2016,RT @ATT: RT if you’ll be doing the time warp with Frank N. Furter and the gang tonight during @RockyHorrorFOX at 8/7 on @FOXTV. #RockyHorro…,,,Twitter
Dallas3,32.8293128,-96.8272358,5616 Lemmon Ave,75209,Fri Oct 21 04:42:11 +0000 2016,RT @ATT: Welcome to the team! @taylorswift13 https://t.co/4h86nLYuLo https://t.co/gAHOi7fPrZ,,,Twitter
Dallas3,32.8293128,-96.8272358,5616 Lemmon Ave,75209,Fri Oct 21 04:24:30 +0000 2016,RT @Uverse: RT if you're on your feet doing the time warp! It's just a jump to the left. #RockyHorror,,,Twitter
Dallas3,32.8293128,-96.8272358,5616 Lemmon Ave,75209,Fri Oct 21 04:18:06 +0000 2016,RT @ATT: Who made you a college 🏈 fan? Share with #MadeMeAFanContest for a chance to win. Rules https://t.co/hU3I3wFn5V https://t.co/xZbxUJ…,,,Twitter
Dallas3,32.8293128,-96.8272358,5616 Lemmon Ave,75209,Fri Oct 21 04:16:16 +0000 2016,RT @ATT: RT if you’ll be doing the time warp with Frank N. Furter and the gang tonight during @RockyHorrorFOX at 8/7 on @FOXTV. #RockyHorro…,,,Twitter
Dallas3,32.8293128,-96.8272358,5616 Lemmon Ave,75209,Fri Oct 21 04:11:14 +0000 2016,RT @ATT: Who made you a college 🏈 fan? Share with #MadeMeAFanContest for a chance to win. Rules https://t.co/hU3I3wFn5V https://t.co/xZbxUJ…,,,Twitter
Dallas3,32.8293128,-96.8272358,5616 Lemmon Ave,75209,Fri Oct 21 03:46:50 +0000 2016,RT @ATT: Get a sweet deal on the new iPhone 7 when you switch to AT&amp;T and have DIRECTV. https://t.co/TQVeUkmeZ6 https://t.co/zfZmNpe8AP,,,Twitter
Dallas3,32.8293128,-96.8272358,5616 Lemmon Ave,75209,Fri Oct 21 03:43:53 +0000 2016,RT @ATT: RT if you’ll be doing the time warp with Frank N. Furter and the gang tonight during @RockyHorrorFOX at 8/7 on @FOXTV. #RockyHorro…,,,Twitter
Dallas3,32.8293128,-96.8272358,5616 Lemmon Ave,75209,Fri Oct 21 03:38:33 +0000 2016,RT @ATT: Welcome to the team! @taylorswift13 https://t.co/4h86nLYuLo https://t.co/gAHOi7fPrZ,,,Twitter
Dallas3,32.8293128,-96.8272358,5616 Lemmon Ave,75209,Fri Oct 21 03:38:22 +0000 2016,RT @ATT: Get a sweet deal on the new iPhone 7 when you switch to AT&amp;T and have DIRECTV. https://t.co/TQVeUkmeZ6 https://t.co/zfZmNpe8AP,,,Twitter
Dallas3,32.8293128,-96.8272358,5616 Lemmon Ave,75209,Fri Oct 21 03:27:47 +0000 2016,RT @StephBloom: So @ATT SUCKS! I have lost signal on my TV 27 TIMES in 24 hours!!!! I WANT TO TALK TO A REAL PERSON! #help,,,Twitter
Dallas3,32.8293128,-96.8272358,5616 Lemmon Ave,75209,Fri Oct 21 03:11:10 +0000 2016,RT @Uverse: Things are getting steamy on @RockyHorrorFox and we don't hate it. #RockyHorror 😏,,,Twitter
Dallas3,32.8293128,-96.8272358,5616 Lemmon Ave,75209,Fri Oct 21 03:10:14 +0000 2016,RT @StephBloom: So @ATT SUCKS! I have lost signal on my TV 27 TIMES in 24 hours!!!! I WANT TO TALK TO A REAL PERSON! #help,,,Twitter
Dallas3,32.8293128,-96.8272358,5616 Lemmon Ave,75209,Fri Oct 21 02:51:03 +0000 2016,RT @ATT: RT if you’ll be doing the time warp with Frank N. Furter and the gang tonight during @RockyHorrorFOX at 8/7 on @FOXTV. #RockyHorro…,,,Twitter
Dallas3,32.8293128,-96.8272358,5616 Lemmon Ave,75209,Fri Oct 21 02:50:46 +0000 2016,RT @Uverse: Things are getting steamy on @RockyHorrorFox and we don't hate it. #RockyHorror 😏,,,Twitter
Dallas3,32.8293128,-96.8272358,5616 Lemmon Ave,75209,Fri Oct 21 02:45:46 +0000 2016,RT @ATT: Welcome to the team! @taylorswift13 https://t.co/4h86nLYuLo https://t.co/gAHOi7fPrZ,,,Twitter
Dallas3,32.8293128,-96.8272358,5616 Lemmon Ave,75209,Fri Oct 21 02:30:53 +0000 2016,So @ATT SUCKS! I have lost signal on my TV 27 TIMES in 24 hours!!!! I WANT TO TALK TO A REAL PERSON! #help,,,Twitter
Dallas3,32.8293128,-96.8272358,5616 Lemmon Ave,75209,Fri Oct 21 02:15:54 +0000 2016,RT @ATT: Welcome to the team! @taylorswift13 https://t.co/4h86nLYuLo https://t.co/gAHOi7fPrZ,,,Twitter
Dallas3,32.8293128,-96.8272358,5616 Lemmon Ave,75209,Fri Oct 21 02:00:12 +0000 2016,RT @ATT: RT if you’ll be doing the time warp with Frank N. Furter and the gang tonight during @RockyHorrorFOX at 8/7 on @FOXTV. #RockyHorro…,,,Twitter
Dallas3,32.8293128,-96.8272358,5616 Lemmon Ave,75209,Fri Oct 21 01:58:55 +0000 2016,RT @Uverse: Nobody puts Riff Raff in the corner on @RockyHorrorFox #RockyHorror 😡,,,Twitter
Dallas3,32.8293128,-96.8272358,5616 Lemmon Ave,75209,Fri Oct 21 01:57:24 +0000 2016,RT @Uverse: Nobody puts Riff Raff in the corner on @RockyHorrorFox #RockyHorror 😡,,,Twitter
Dallas3,32.8293128,-96.8272358,5616 Lemmon Ave,75209,Fri Oct 21 01:43:36 +0000 2016,RT @ATT: Who made you a college 🏈 fan? Share with #MadeMeAFanContest for a chance to win. Rules https://t.co/hU3I3wFn5V https://t.co/xZbxUJ…,,,Twitter
Dallas3,32.8293128,-96.8272358,5616 Lemmon Ave,75209,Fri Oct 21 01:41:23 +0000 2016,RT @ATT: Get a sweet deal on the new iPhone 7 when you switch to AT&amp;T and have DIRECTV. https://t.co/TQVeUkmeZ6 https://t.co/zfZmNpe8AP,,,Twitter
Dallas3,32.8293128,-96.8272358,5616 Lemmon Ave,75209,Fri Oct 21 01:38:40 +0000 2016,RT @Uverse: Brad sure does look good in 👠👠 #RockyHorror 😉,,,Twitter
Dallas3,32.8293128,-96.8272358,5616 Lemmon Ave,75209,Fri Oct 21 01:31:32 +0000 2016,RT @ATT: Welcome to the team! @taylorswift13 https://t.co/4h86nLYuLo https://t.co/gAHOi7fPrZ,,,Twitter
Dallas3,32.8293128,-96.8272358,5616 Lemmon Ave,75209,Fri Oct 21 01:30:15 +0000 2016,RT @Uverse: Things are getting steamy on @RockyHorrorFox and we don't hate it. #RockyHorror 😏,,,Twitter
Dallas3,32.8293128,-96.8272358,5616 Lemmon Ave,75209,Fri Oct 21 01:28:42 +0000 2016,RT @Uverse: Who else is watching The #RockyHorrorPictureShowLIVE on @FOX? Tweet along as we do the ⏰ warp again. https://t.co/0Sztr7Ehil,,,Twitter
Dallas3,32.8293128,-96.8272358,5616 Lemmon Ave,75209,Fri Oct 21 01:22:06 +0000 2016,@MelEarl372 @ATT @TMobile Oh interesting. I've had a decent experience @verizon but I'm listening. 👂🏻👂🏻,,,Twitter
Dallas3,32.8293128,-96.8272358,5616 Lemmon Ave,75209,Fri Oct 21 01:17:26 +0000 2016,RT @Uverse: Things are getting steamy on @RockyHorrorFox and we don't hate it. #RockyHorror 😏,,,Twitter
Dallas3,32.8293128,-96.8272358,5616 Lemmon Ave,75209,Fri Oct 21 01:13:37 +0000 2016,RT @Uverse: Sing it Janet! 🎵Touch A Touch A Touch A Touch Me🎵👅 #RockyHorror,,,Twitter
Dallas3,32.8293128,-96.8272358,5616 Lemmon Ave,75209,Fri Oct 21 01:12:21 +0000 2016,RT @Uverse: Things are getting steamy on @RockyHorrorFox and we don't hate it. #RockyHorror 😏,,,Twitter
Dallas3,32.8293128,-96.8272358,5616 Lemmon Ave,75209,Fri Oct 21 01:11:56 +0000 2016,RT @ATT: RT if you’ll be doing the time warp with Frank N. Furter and the gang tonight during @RockyHorrorFOX at 8/7 on @FOXTV. #RockyHorro…,,,Twitter
Dallas3,32.8293128,-96.8272358,5616 Lemmon Ave,75209,Fri Oct 21 01:10:30 +0000 2016,"RT @JeromyABailey: Hey @verizon, when are we going to unlimited data so I don't have to switch to @ATT?",,,Twitter
Dallas3,32.8293128,-96.8272358,5616 Lemmon Ave,75209,Fri Oct 21 01:09:28 +0000 2016,RT @ATT: Get a sweet deal on the new iPhone 7 when you switch to AT&amp;T and have DIRECTV. https://t.co/TQVeUkmeZ6 https://t.co/zfZmNpe8AP,,,Twitter
Dallas3,32.8293128,-96.8272358,5616 Lemmon Ave,75209,Fri Oct 21 01:09:00 +0000 2016,RT @Uverse: Things are getting steamy on @RockyHorrorFox and we don't hate it. #RockyHorror 😏,,,Twitter
Dallas3,32.8293128,-96.8272358,5616 Lemmon Ave,75209,Fri Oct 21 01:08:50 +0000 2016,"Hey @verizon, when are we going to unlimited data so I don't have to switch to @ATT?",,,Twitter
Dallas3,32.8293128,-96.8272358,5616 Lemmon Ave,75209,Fri Oct 21 01:08:28 +0000 2016,RT @Uverse: Things are getting steamy on @RockyHorrorFox and we don't hate it. #RockyHorror 😏,,,Twitter
Dallas3,32.8293128,-96.8272358,5616 Lemmon Ave,75209,Fri Oct 21 01:07:52 +0000 2016,RT @Uverse: Things are getting steamy on @RockyHorrorFox and we don't hate it. #RockyHorror 😏,,,Twitter
Dallas3,32.8293128,-96.8272358,5616 Lemmon Ave,75209,Fri Oct 21 01:07:25 +0000 2016,RT @Uverse: Things are getting steamy on @RockyHorrorFox and we don't hate it. #RockyHorror 😏,,,Twitter
Dallas3,32.8293128,-96.8272358,5616 Lemmon Ave,75209,Fri Oct 21 01:06:57 +0000 2016,RT @Uverse: Things are getting steamy on @RockyHorrorFox and we don't hate it. #RockyHorror 😏,,,Twitter
Dallas3,32.8293128,-96.8272358,5616 Lemmon Ave,75209,Fri Oct 21 01:05:17 +0000 2016,RT @Uverse: Things are getting steamy on @RockyHorrorFox and we don't hate it. #RockyHorror 😏,,,Twitter
Dallas3,32.8293128,-96.8272358,5616 Lemmon Ave,75209,Fri Oct 21 01:04:30 +0000 2016,RT @Uverse: Things are getting steamy on @RockyHorrorFox and we don't hate it. #RockyHorror 😏,,,Twitter
Dallas3,32.8293128,-96.8272358,5616 Lemmon Ave,75209,Fri Oct 21 01:04:17 +0000 2016,RT @ATT: RT if you’ll be doing the time warp with Frank N. Furter and the gang tonight during @RockyHorrorFOX at 8/7 on @FOXTV. #RockyHorro…,,,Twitter
Dallas3,32.8293128,-96.8272358,5616 Lemmon Ave,75209,Fri Oct 21 01:03:46 +0000 2016,RT @Uverse: Things are getting steamy on @RockyHorrorFox and we don't hate it. #RockyHorror 😏,,,Twitter
Dallas3,32.8293128,-96.8272358,5616 Lemmon Ave,75209,Fri Oct 21 01:03:13 +0000 2016,RT @Uverse: Things are getting steamy on @RockyHorrorFox and we don't hate it. #RockyHorror 😏,,,Twitter
Dallas3,32.8293128,-96.8272358,5616 Lemmon Ave,75209,Fri Oct 21 01:03:11 +0000 2016,RT @Uverse: Things are getting steamy on @RockyHorrorFox and we don't hate it. #RockyHorror 😏,,,Twitter
Dallas3,32.8293128,-96.8272358,5616 Lemmon Ave,75209,Fri Oct 21 01:02:01 +0000 2016,RT @Uverse: Things are getting steamy on @RockyHorrorFox and we don't hate it. #RockyHorror 😏,,,Twitter
Dallas3,32.8293128,-96.8272358,5616 Lemmon Ave,75209,Fri Oct 21 01:01:58 +0000 2016,RT @Uverse: Things are getting steamy on @RockyHorrorFox and we don't hate it. #RockyHorror 😏,,,Twitter
Dallas3,32.8293128,-96.8272358,5616 Lemmon Ave,75209,Fri Oct 21 01:01:57 +0000 2016,RT @Uverse: Things are getting steamy on @RockyHorrorFox and we don't hate it. #RockyHorror 😏,,,Twitter
Dallas3,32.8293128,-96.8272358,5616 Lemmon Ave,75209,Fri Oct 21 01:01:48 +0000 2016,RT @Uverse: Things are getting steamy on @RockyHorrorFox and we don't hate it. #RockyHorror 😏,,,Twitter
Dallas3,32.8293128,-96.8272358,5616 Lemmon Ave,75209,Fri Oct 21 00:59:32 +0000 2016,RT @ATT: Welcome to the team! @taylorswift13 https://t.co/4h86nLYuLo https://t.co/gAHOi7fPrZ,,,Twitter
Dallas3,32.8293128,-96.8272358,5616 Lemmon Ave,75209,Fri Oct 21 00:44:39 +0000 2016,How many more days before #AT&amp;T @ATTCares gets #home #Internet service working again?  Keep getting runaround when I call. #CustomerService,,,Twitter
Dallas3,32.8293128,-96.8272358,5616 Lemmon Ave,75209,Fri Oct 21 00:40:12 +0000 2016,RT @Uverse: Sha la la la 🎶 #RockyHorror https://t.co/W813kv2gh0,,,Twitter
Dallas3,32.8293128,-96.8272358,5616 Lemmon Ave,75209,Fri Oct 21 00:39:22 +0000 2016,RT @ATT: RT if you’ll be doing the time warp with Frank N. Furter and the gang tonight during @RockyHorrorFOX at 8/7 on @FOXTV. #RockyHorro…,,,Twitter
Dallas3,32.8293128,-96.8272358,5616 Lemmon Ave,75209,Fri Oct 21 00:38:37 +0000 2016,RT @ATT: Who made you a college 🏈 fan? Share with #MadeMeAFanContest for a chance to win. Rules https://t.co/hU3I3wFn5V https://t.co/xZbxUJ…,,,Twitter
Dallas3,32.8293128,-96.8272358,5616 Lemmon Ave,75209,Fri Oct 21 00:33:10 +0000 2016,RT @Uverse: Dr. Frank N. Furter has arrived and she is F.I.E.R.C.E. #RockyHorror 👄👠,,,Twitter
Dallas3,32.8293128,-96.8272358,5616 Lemmon Ave,75209,Fri Oct 21 00:31:55 +0000 2016,RT @ATT: RT if you’ll be doing the time warp with Frank N. Furter and the gang tonight during @RockyHorrorFOX at 8/7 on @FOXTV. #RockyHorro…,,,Twitter
Dallas3,32.8293128,-96.8272358,5616 Lemmon Ave,75209,Fri Oct 21 00:25:43 +0000 2016,RT @Uverse: RT if you're on your feet doing the time warp! It's just a jump to the left. #RockyHorror,,,Twitter
Dallas3,32.8293128,-96.8272358,5616 Lemmon Ave,75209,Fri Oct 21 00:24:11 +0000 2016,RT @Uverse: RT if you're on your feet doing the time warp! It's just a jump to the left. #RockyHorror,,,Twitter
Dallas3,32.8293128,-96.8272358,5616 Lemmon Ave,75209,Fri Oct 21 00:23:07 +0000 2016,RT @Uverse: RT if you're on your feet doing the time warp! It's just a jump to the left. #RockyHorror,,,Twitter
Dallas3,32.8293128,-96.8272358,5616 Lemmon Ave,75209,Fri Oct 21 00:22:53 +0000 2016,RT @Uverse: RT if you're on your feet doing the time warp! It's just a jump to the left. #RockyHorror,,,Twitter
Dallas3,32.8293128,-96.8272358,5616 Lemmon Ave,75209,Fri Oct 21 00:10:34 +0000 2016,RT @Uverse: Oh Brad! #RockyHorror https://t.co/tqNGljYdMU,,,Twitter
Dallas3,32.8293128,-96.8272358,5616 Lemmon Ave,75209,Fri Oct 21 00:07:55 +0000 2016,RT @ATT: RT if you’ll be doing the time warp with Frank N. Furter and the gang tonight during @RockyHorrorFOX at 8/7 on @FOXTV. #RockyHorro…,,,Twitter
Dallas3,32.8293128,-96.8272358,5616 Lemmon Ave,75209,Fri Oct 21 00:02:58 +0000 2016,RT @ATT: AT&amp;T #Fiber - The future of the internet is now! Starting with a 1000 Mbps connection. https://t.co/Rw8zxmVDRY,,,Twitter
Dallas3,32.8293128,-96.8272358,5616 Lemmon Ave,75209,Fri Oct 21 00:01:34 +0000 2016,RT @ATT: AT&amp;T #Fiber - The future of the internet is now! Starting with a 1000 Mbps connection. https://t.co/Rw8zxmVDRY,,,Twitter
Dallas3,32.8293128,-96.8272358,5616 Lemmon Ave,75209,Thu Oct 20 23:56:07 +0000 2016,RT @ATT: Welcome to the team! @taylorswift13 https://t.co/4h86nLYuLo https://t.co/gAHOi7fPrZ,,,Twitter
Dallas3,32.8293128,-96.8272358,5616 Lemmon Ave,75209,Thu Oct 20 23:40:46 +0000 2016,RT @ATT: RT if you’ll be doing the time warp with Frank N. Furter and the gang tonight during @RockyHorrorFOX at 8/7 on @FOXTV. #RockyHorro…,,,Twitter
Dallas3,32.8293128,-96.8272358,5616 Lemmon Ave,75209,Thu Oct 20 23:25:49 +0000 2016,RT @Uverse: Who else is watching The #RockyHorrorPictureShowLIVE on @FOX? Tweet along as we do the ⏰ warp again. https://t.co/0Sztr7Ehil,,,Twitter
Dallas3,32.8293128,-96.8272358,5616 Lemmon Ave,75209,Thu Oct 20 23:18:39 +0000 2016,RT @ATT: Get a sweet deal on the new iPhone 7 when you switch to AT&amp;T and have DIRECTV. https://t.co/TQVeUkmeZ6 https://t.co/zfZmNpe8AP,,,Twitter
Dallas3,32.8293128,-96.8272358,5616 Lemmon Ave,75209,Thu Oct 20 23:06:07 +0000 2016,RT @ATT: RT if you’ll be doing the time warp with Frank N. Furter and the gang tonight during @RockyHorrorFOX at 8/7 on @FOXTV. #RockyHorro…,,,Twitter
Dallas3,32.8293128,-96.8272358,5616 Lemmon Ave,75209,Thu Oct 20 23:04:43 +0000 2016,Dear @ATT I need customer service please have someone contact me. RE Cell &amp; UVerse,,,Twitter
Dallas3,32.8293128,-96.8272358,5616 Lemmon Ave,75209,Thu Oct 20 23:04:39 +0000 2016,RT @ATT: .@BinghamDb and @indicowie go undercover at an @MLS game…and you just have to watch the rest: https://t.co/fGvGIRRfFj https://t.co…,,,Twitter
Dallas3,32.8293128,-96.8272358,5616 Lemmon Ave,75209,Thu Oct 20 23:02:51 +0000 2016,RT @ATT: RT if you’ll be doing the time warp with Frank N. Furter and the gang tonight during @RockyHorrorFOX at 8/7 on @FOXTV. #RockyHorro…,,,Twitter
Dallas3,32.8293128,-96.8272358,5616 Lemmon Ave,75209,Thu Oct 20 23:01:41 +0000 2016,RT @ATT: Get a sweet deal on the new iPhone 7 when you switch to AT&amp;T and have DIRECTV. https://t.co/TQVeUkmeZ6 https://t.co/zfZmNpe8AP,,,Twitter
