Dallas12,32.836504,-96.771185,5618 E Mockingbird Lane,75206,Mon Oct 24 17:32:15 +0000 2016,❤️Companies that show their support for their Admins! #dallasadminawards @trunkclub @SouthwestAir @OmniDallas @jcpenney @DallasStars @ATT,,,Twitter
Dallas12,32.836504,-96.771185,5618 E Mockingbird Lane,75206,Mon Oct 24 17:30:36 +0000 2016,RT @DallasInnovates: .@att CEO says $86B deal for @twxcorp would hasten #innovation https://t.co/gOr9K1V9AA https://t.co/1rV7isJMP2,,,Twitter
Dallas12,32.836504,-96.771185,5618 E Mockingbird Lane,75206,Mon Oct 24 17:30:36 +0000 2016,@ATT CEO Randall Stephenson confident Time Warner merger will get past regulators https://t.co/QhFBlHyiUe via @dallasnews,,,Twitter
Dallas12,32.836504,-96.771185,5618 E Mockingbird Lane,75206,Mon Oct 24 17:28:03 +0000 2016,RT @DallasInnovates: .@att CEO says $86B deal for @twxcorp would hasten #innovation https://t.co/gOr9K1V9AA https://t.co/1rV7isJMP2,,,Twitter
Dallas12,32.836504,-96.771185,5618 E Mockingbird Lane,75206,Mon Oct 24 17:27:59 +0000 2016,RT @ATT: The #futureofvideo is mobile and the #futureofmobile is video. Time Warner + AT&amp;T make it happen! @twxcorp https://t.co/GKx4U9TQYg,,,Twitter
Dallas12,32.836504,-96.771185,5618 E Mockingbird Lane,75206,Mon Oct 24 17:24:20 +0000 2016,.@att CEO says $86B deal for @twxcorp would hasten #innovation https://t.co/gOr9K1V9AA https://t.co/1rV7isJMP2,,,Twitter
Dallas12,32.836504,-96.771185,5618 E Mockingbird Lane,75206,Mon Oct 24 17:17:40 +0000 2016,"RT @ATT: #FootballEverywhere, 🍕, @SamsungMobile + @AnthonyAnderson = an epic game day! Watch the full video here: https://t.co/nEg01DkjCB h…",,,Twitter
Dallas12,32.836504,-96.771185,5618 E Mockingbird Lane,75206,Mon Oct 24 17:14:39 +0000 2016,RT @ATT: Are you ready for the revolution? Watch the @GreenDay @iHeartRadio Album Release Party now. #iHeartGreenDay https://t.co/ec2gZXKu7U,,,Twitter
Dallas12,32.836504,-96.771185,5618 E Mockingbird Lane,75206,Mon Oct 24 17:12:20 +0000 2016,My iphone needs to hurry up and get here! 😩 @ATT,,,Twitter
Dallas12,32.836504,-96.771185,5618 E Mockingbird Lane,75206,Mon Oct 24 17:12:00 +0000 2016,.@ATT CEO Randall Stephenson confident @twxcorp merger will get past regulators https://t.co/D8PCh3orgV… https://t.co/QR9Diiio3T,,,Twitter
Dallas12,32.836504,-96.771185,5618 E Mockingbird Lane,75206,Mon Oct 24 17:07:14 +0000 2016,RT @ATT: The #futureofvideo is mobile and the #futureofmobile is video. Time Warner + AT&amp;T make it happen! @twxcorp https://t.co/GKx4U9TQYg,,,Twitter
Dallas12,32.836504,-96.771185,5618 E Mockingbird Lane,75206,Mon Oct 24 17:01:07 +0000 2016,RT @ATT: Get a sweet deal on the new iPhone 7 when you switch to AT&amp;T and have DIRECTV. https://t.co/TQVeUkmeZ6 https://t.co/zfZmNpe8AP,,,Twitter
Dallas12,32.836504,-96.771185,5618 E Mockingbird Lane,75206,Mon Oct 24 17:00:19 +0000 2016,"RT @ATT: Before you vote, grab the remote and tune into the final #debatenight at 8/7c. #UNLVPresDebate https://t.co/afLxTSZMLW",,,Twitter
Dallas12,32.836504,-96.771185,5618 E Mockingbird Lane,75206,Mon Oct 24 16:59:20 +0000 2016,RT @ATT: Welcome to the team! @taylorswift13 https://t.co/4h86nLYuLo https://t.co/gAHOi7fPrZ,,,Twitter
Dallas12,32.836504,-96.771185,5618 E Mockingbird Lane,75206,Mon Oct 24 16:54:02 +0000 2016,RT @ATT: The #futureofvideo is mobile and the #futureofmobile is video. Time Warner + AT&amp;T make it happen! @twxcorp https://t.co/GKx4U9TQYg,,,Twitter
Dallas12,32.836504,-96.771185,5618 E Mockingbird Lane,75206,Mon Oct 24 16:53:09 +0000 2016,RT @ATT: The #futureofvideo is mobile and the #futureofmobile is video. Time Warner + AT&amp;T make it happen! @twxcorp https://t.co/GKx4U9TQYg,,,Twitter
Dallas12,32.836504,-96.771185,5618 E Mockingbird Lane,75206,Mon Oct 24 16:29:54 +0000 2016,"RT @DanielleDigest: Stephenson: @ATT, @twxcorp Deal ‘Defining the Future of Media’
https://t.co/r1nu4O8kO4 https://t.co/64Lz26A1zN",,,Twitter
Dallas12,32.836504,-96.771185,5618 E Mockingbird Lane,75206,Mon Oct 24 16:29:49 +0000 2016,"Stephenson: @ATT, @twxcorp Deal ‘Defining the Future of Media’
https://t.co/r1nu4O8kO4 https://t.co/64Lz26A1zN",,,Twitter
Dallas12,32.836504,-96.771185,5618 E Mockingbird Lane,75206,Mon Oct 24 16:00:18 +0000 2016,RT @ATT: Welcome to the team! @taylorswift13 https://t.co/4h86nLYuLo https://t.co/gAHOi7fPrZ,,,Twitter
Dallas12,32.836504,-96.771185,5618 E Mockingbird Lane,75206,Mon Oct 24 15:58:46 +0000 2016,"ICYMI: @ATT to Purchase @twxcorp for $85.4B: Here’s What You Need to Know
https://t.co/8wSSbVNUVK… https://t.co/tuuiKCCE9F",,,Twitter
Dallas12,32.836504,-96.771185,5618 E Mockingbird Lane,75206,Mon Oct 24 15:54:41 +0000 2016,RT @ATT: Welcome to the team! @taylorswift13 https://t.co/4h86nLYuLo https://t.co/gAHOi7fPrZ,,,Twitter
Dallas12,32.836504,-96.771185,5618 E Mockingbird Lane,75206,Mon Oct 24 15:51:42 +0000 2016,RT @ATT: Welcome to the team! @taylorswift13 https://t.co/4h86nLYuLo https://t.co/gAHOi7fPrZ,,,Twitter
Dallas12,32.836504,-96.771185,5618 E Mockingbird Lane,75206,Mon Oct 24 15:41:20 +0000 2016,RT @ATT: The #futureofvideo is mobile and the #futureofmobile is video. Time Warner + AT&amp;T make it happen! @twxcorp https://t.co/GKx4U9TQYg,,,Twitter
Dallas12,32.836504,-96.771185,5618 E Mockingbird Lane,75206,Mon Oct 24 15:16:19 +0000 2016,RT @ATT: Are you ready for the revolution? Watch the @GreenDay @iHeartRadio Album Release Party now. #iHeartGreenDay https://t.co/ec2gZXKu7U,,,Twitter
Dallas12,32.836504,-96.771185,5618 E Mockingbird Lane,75206,Mon Oct 24 15:11:55 +0000 2016,RT @ATT: Are you ready for the revolution? Watch the @GreenDay @iHeartRadio Album Release Party now. #iHeartGreenDay https://t.co/ec2gZXKu7U,,,Twitter
Dallas12,32.836504,-96.771185,5618 E Mockingbird Lane,75206,Mon Oct 24 15:03:11 +0000 2016,RT @ATT: Welcome to the team! @taylorswift13 https://t.co/4h86nLYuLo https://t.co/gAHOi7fPrZ,,,Twitter
Dallas12,32.836504,-96.771185,5618 E Mockingbird Lane,75206,Mon Oct 24 14:53:51 +0000 2016,@ATTCares what is this crap? Charging me extra to use data from the previous period? On the next day? #dumbass https://t.co/QiiPsGJW7i,,,Twitter
Dallas12,32.836504,-96.771185,5618 E Mockingbird Lane,75206,Mon Oct 24 14:31:53 +0000 2016,RT @ATT: The #futureofvideo is mobile and the #futureofmobile is video. Time Warner + AT&amp;T make it happen! @twxcorp https://t.co/GKx4U9TQYg,,,Twitter
Dallas12,32.836504,-96.771185,5618 E Mockingbird Lane,75206,Mon Oct 24 14:25:54 +0000 2016,RT @ATT: Welcome to the team! @taylorswift13 https://t.co/4h86nLYuLo https://t.co/gAHOi7fPrZ,,,Twitter
Dallas12,32.836504,-96.771185,5618 E Mockingbird Lane,75206,Mon Oct 24 14:04:07 +0000 2016,Hilton's 2011 artwork. Congrats to Dallas-based @ATT &amp; Randall Stephenson on deal that could create nation's larges… https://t.co/zN5LsvFuRt,,,Twitter
Dallas12,32.836504,-96.771185,5618 E Mockingbird Lane,75206,Mon Oct 24 14:03:08 +0000 2016,RT @ATT: Are you ready for the revolution? Watch the @GreenDay @iHeartRadio Album Release Party now. #iHeartGreenDay https://t.co/ec2gZXKu7U,,,Twitter
Dallas12,32.836504,-96.771185,5618 E Mockingbird Lane,75206,Mon Oct 24 14:00:31 +0000 2016,RT @ATT: Get a sweet deal on the new iPhone 7 when you switch to AT&amp;T and have DIRECTV. https://t.co/TQVeUkmeZ6 https://t.co/zfZmNpe8AP,,,Twitter
Dallas12,32.836504,-96.771185,5618 E Mockingbird Lane,75206,Mon Oct 24 14:00:02 +0000 2016,@ATT agrees to buy @TWC for more than $80B https://t.co/Pwyyf1vQTn https://t.co/WNMresoQ5Q,,,Twitter
Dallas12,32.836504,-96.771185,5618 E Mockingbird Lane,75206,Mon Oct 24 13:57:15 +0000 2016,#atttimewarner  @att been a att cust. for 20+ years. They are miserable now. Imagine how crappy after a mega merger!,,,Twitter
Dallas12,32.836504,-96.771185,5618 E Mockingbird Lane,75206,Mon Oct 24 13:55:07 +0000 2016,"RT @ATT: Mother Nature is unpredictable, so we rely on our Network Disaster Recovery team to connect you when you need it most. https://t.c…",,,Twitter
Dallas12,32.836504,-96.771185,5618 E Mockingbird Lane,75206,Mon Oct 24 13:54:44 +0000 2016,RT @ATT: AT&amp;T CEO Randall Stephenson addressed #MWC13 regarding challenges and opps for industry http://t.co/ruUa9WcblL http://t.co/E0qgeIj…,,,Twitter
Dallas12,32.836504,-96.771185,5618 E Mockingbird Lane,75206,Mon Oct 24 13:49:02 +0000 2016,RT @ATT: Are you ready for the revolution? Watch the @GreenDay @iHeartRadio Album Release Party now. #iHeartGreenDay https://t.co/ec2gZXKu7U,,,Twitter
Dallas12,32.836504,-96.771185,5618 E Mockingbird Lane,75206,Mon Oct 24 13:48:29 +0000 2016,"@NBALPSupport Is there still a deal between @DIRECTV and NBA for League Pass? Still not available and season starts tomorrow, ridiculous.",,,Twitter
Dallas12,32.836504,-96.771185,5618 E Mockingbird Lane,75206,Mon Oct 24 13:23:37 +0000 2016,RT @ATT: Get a sweet deal on the new iPhone 7 when you switch to AT&amp;T and have DIRECTV. https://t.co/TQVeUkmeZ6 https://t.co/zfZmNpe8AP,,,Twitter
Dallas12,32.836504,-96.771185,5618 E Mockingbird Lane,75206,Mon Oct 24 13:22:05 +0000 2016,RT @ATT: Welcome to the team! @taylorswift13 https://t.co/4h86nLYuLo https://t.co/gAHOi7fPrZ,,,Twitter
Dallas12,32.836504,-96.771185,5618 E Mockingbird Lane,75206,Mon Oct 24 13:16:29 +0000 2016,RT @ATT: Welcome to the team! @taylorswift13 https://t.co/4h86nLYuLo https://t.co/gAHOi7fPrZ,,,Twitter
Dallas12,32.836504,-96.771185,5618 E Mockingbird Lane,75206,Mon Oct 24 12:54:37 +0000 2016,RT @ATT: Get a sweet deal on the new iPhone 7 when you switch to AT&amp;T and have DIRECTV. https://t.co/TQVeUkmeZ6 https://t.co/zfZmNpe8AP,,,Twitter
Dallas12,32.836504,-96.771185,5618 E Mockingbird Lane,75206,Mon Oct 24 12:41:54 +0000 2016,RT @ATT: Welcome to the team! @taylorswift13 https://t.co/4h86nLYuLo https://t.co/gAHOi7fPrZ,,,Twitter
Dallas12,32.836504,-96.771185,5618 E Mockingbird Lane,75206,Mon Oct 24 12:41:14 +0000 2016,RT @ATT: Welcome to the team! @taylorswift13 https://t.co/4h86nLYuLo https://t.co/gAHOi7fPrZ,,,Twitter
Dallas12,32.836504,-96.771185,5618 E Mockingbird Lane,75206,Mon Oct 24 12:29:35 +0000 2016,"@ATTCares I just deleted both the ESPN app and WatchESPN app, and I got this. #notcool https://t.co/vnioR48eql",,,Twitter
Dallas12,32.836504,-96.771185,5618 E Mockingbird Lane,75206,Mon Oct 24 12:18:24 +0000 2016,RT @ATT: Welcome to the team! @taylorswift13 https://t.co/4h86nLYuLo https://t.co/gAHOi7fPrZ,,,Twitter
Dallas12,32.836504,-96.771185,5618 E Mockingbird Lane,75206,Mon Oct 24 12:16:26 +0000 2016,"@ATT's Stephenson: Nature of Time Warner deal different than anything we've ever done. A ""vertical integration."" https://t.co/51BRxIchHN",,,Twitter
Dallas12,32.836504,-96.771185,5618 E Mockingbird Lane,75206,Mon Oct 24 12:03:22 +0000 2016,RT @ATT: Welcome to the team! @taylorswift13 https://t.co/4h86nLYuLo https://t.co/gAHOi7fPrZ,,,Twitter
Dallas12,32.836504,-96.771185,5618 E Mockingbird Lane,75206,Mon Oct 24 11:41:51 +0000 2016,RT @ATT: Are you ready for the revolution? Watch the @GreenDay @iHeartRadio Album Release Party now. #iHeartGreenDay https://t.co/ec2gZXKu7U,,,Twitter
Dallas12,32.836504,-96.771185,5618 E Mockingbird Lane,75206,Mon Oct 24 11:39:08 +0000 2016,RT @ATT: Welcome to the team! @taylorswift13 https://t.co/4h86nLYuLo https://t.co/gAHOi7fPrZ,,,Twitter
Dallas12,32.836504,-96.771185,5618 E Mockingbird Lane,75206,Mon Oct 24 11:36:53 +0000 2016,RT @ATT: Welcome to the team! @taylorswift13 https://t.co/4h86nLYuLo https://t.co/gAHOi7fPrZ,,,Twitter
Dallas12,32.836504,-96.771185,5618 E Mockingbird Lane,75206,Mon Oct 24 11:29:59 +0000 2016,RT @ATT: Are you ready for the revolution? Watch the @GreenDay @iHeartRadio Album Release Party now. #iHeartGreenDay https://t.co/ec2gZXKu7U,,,Twitter
Dallas12,32.836504,-96.771185,5618 E Mockingbird Lane,75206,Mon Oct 24 11:09:48 +0000 2016,RT @ATT: Welcome to the team! @taylorswift13 https://t.co/4h86nLYuLo https://t.co/gAHOi7fPrZ,,,Twitter
Dallas12,32.836504,-96.771185,5618 E Mockingbird Lane,75206,Mon Oct 24 11:05:30 +0000 2016,RT @ATT: Get a sweet deal on the new iPhone 7 when you switch to AT&amp;T and have DIRECTV. https://t.co/TQVeUkmeZ6 https://t.co/zfZmNpe8AP,,,Twitter
Dallas12,32.836504,-96.771185,5618 E Mockingbird Lane,75206,Mon Oct 24 10:56:18 +0000 2016,RT @ATT: Get a sweet deal on the new iPhone 7 when you switch to AT&amp;T and have DIRECTV. https://t.co/TQVeUkmeZ6 https://t.co/zfZmNpe8AP,,,Twitter
Dallas12,32.836504,-96.771185,5618 E Mockingbird Lane,75206,Mon Oct 24 10:36:03 +0000 2016,RT @ATT: Welcome to the team! @taylorswift13 https://t.co/4h86nLYuLo https://t.co/gAHOi7fPrZ,,,Twitter
Dallas12,32.836504,-96.771185,5618 E Mockingbird Lane,75206,Mon Oct 24 10:28:11 +0000 2016,RT @ATT: Welcome to the team! @taylorswift13 https://t.co/4h86nLYuLo https://t.co/gAHOi7fPrZ,,,Twitter
Dallas12,32.836504,-96.771185,5618 E Mockingbird Lane,75206,Mon Oct 24 10:08:47 +0000 2016,RT @ATT: Get a sweet deal on the new iPhone 7 when you switch to AT&amp;T and have DIRECTV. https://t.co/TQVeUkmeZ6 https://t.co/zfZmNpe8AP,,,Twitter
Dallas12,32.836504,-96.771185,5618 E Mockingbird Lane,75206,Mon Oct 24 09:55:24 +0000 2016,RT @ATT: Welcome to the team! @taylorswift13 https://t.co/4h86nLYuLo https://t.co/gAHOi7fPrZ,,,Twitter
Dallas12,32.836504,-96.771185,5618 E Mockingbird Lane,75206,Mon Oct 24 09:37:47 +0000 2016,RT @ATT: Welcome to the team! @taylorswift13 https://t.co/4h86nLYuLo https://t.co/gAHOi7fPrZ,,,Twitter
Dallas12,32.836504,-96.771185,5618 E Mockingbird Lane,75206,Mon Oct 24 08:48:23 +0000 2016,RT @ATT: Welcome to the team! @taylorswift13 https://t.co/4h86nLYuLo https://t.co/gAHOi7fPrZ,,,Twitter
Dallas12,32.836504,-96.771185,5618 E Mockingbird Lane,75206,Mon Oct 24 08:45:35 +0000 2016,RT @ATT: Welcome to the team! @taylorswift13 https://t.co/4h86nLYuLo https://t.co/gAHOi7fPrZ,,,Twitter
Dallas12,32.836504,-96.771185,5618 E Mockingbird Lane,75206,Mon Oct 24 08:19:36 +0000 2016,RT @ATT: Welcome to the team! @taylorswift13 https://t.co/4h86nLYuLo https://t.co/gAHOi7fPrZ,,,Twitter
Dallas12,32.836504,-96.771185,5618 E Mockingbird Lane,75206,Mon Oct 24 08:19:33 +0000 2016,RT @ATT: Get a sweet deal on the new iPhone 7 when you switch to AT&amp;T and have DIRECTV. https://t.co/TQVeUkmeZ6 https://t.co/zfZmNpe8AP,,,Twitter
Dallas12,32.836504,-96.771185,5618 E Mockingbird Lane,75206,Mon Oct 24 08:09:09 +0000 2016,"RT @ATT: Mother Nature is unpredictable, so we rely on our Network Disaster Recovery team to connect you when you need it most. https://t.c…",,,Twitter
Dallas12,32.836504,-96.771185,5618 E Mockingbird Lane,75206,Mon Oct 24 08:06:48 +0000 2016,RT @ATT: The #futureofvideo is mobile and the #futureofmobile is video. Time Warner + AT&amp;T make it happen! @twxcorp https://t.co/GKx4U9TQYg,,,Twitter
Dallas12,32.836504,-96.771185,5618 E Mockingbird Lane,75206,Mon Oct 24 07:49:16 +0000 2016,RT @ATT: The #futureofvideo is mobile and the #futureofmobile is video. Time Warner + AT&amp;T make it happen! @twxcorp https://t.co/GKx4U9TQYg,,,Twitter
Dallas12,32.836504,-96.771185,5618 E Mockingbird Lane,75206,Mon Oct 24 07:48:55 +0000 2016,RT @ATT: Get a sweet deal on the new iPhone 7 when you switch to AT&amp;T and have DIRECTV. https://t.co/TQVeUkmeZ6 https://t.co/zfZmNpe8AP,,,Twitter
Dallas12,32.836504,-96.771185,5618 E Mockingbird Lane,75206,Mon Oct 24 07:26:59 +0000 2016,RT @ATT: Are you ready for the revolution? Watch the @GreenDay @iHeartRadio Album Release Party now. #iHeartGreenDay https://t.co/ec2gZXKu7U,,,Twitter
Dallas12,32.836504,-96.771185,5618 E Mockingbird Lane,75206,Mon Oct 24 07:08:14 +0000 2016,RT @ATT: Welcome to the team! @taylorswift13 https://t.co/4h86nLYuLo https://t.co/gAHOi7fPrZ,,,Twitter
Dallas12,32.836504,-96.771185,5618 E Mockingbird Lane,75206,Mon Oct 24 06:44:12 +0000 2016,RT @ATT: The #futureofvideo is mobile and the #futureofmobile is video. Time Warner + AT&amp;T make it happen! @twxcorp https://t.co/GKx4U9TQYg,,,Twitter
Dallas12,32.836504,-96.771185,5618 E Mockingbird Lane,75206,Mon Oct 24 06:43:19 +0000 2016,"RT @ATT: Mother Nature is unpredictable, so we rely on our Network Disaster Recovery team to connect you when you need it most. https://t.c…",,,Twitter
Dallas12,32.836504,-96.771185,5618 E Mockingbird Lane,75206,Mon Oct 24 05:53:36 +0000 2016,RT @ATT: The #futureofvideo is mobile and the #futureofmobile is video. Time Warner + AT&amp;T make it happen! @twxcorp https://t.co/GKx4U9TQYg,,,Twitter
Dallas12,32.836504,-96.771185,5618 E Mockingbird Lane,75206,Mon Oct 24 04:59:22 +0000 2016,"RT @ATT: Mother Nature is unpredictable, so we rely on our Network Disaster Recovery team to connect you when you need it most. https://t.c…",,,Twitter
Dallas12,32.836504,-96.771185,5618 E Mockingbird Lane,75206,Mon Oct 24 04:48:50 +0000 2016,@VZWSupport we have been customers of @ATTCares for 18 yrs and the disregard they have for our business is shameful. I am looking at options,,,Twitter
Dallas12,32.836504,-96.771185,5618 E Mockingbird Lane,75206,Mon Oct 24 04:17:52 +0000 2016,RT @ATT: Get a sweet deal on the new iPhone 7 when you switch to AT&amp;T and have DIRECTV. https://t.co/TQVeUkmeZ6 https://t.co/zfZmNpe8AP,,,Twitter
Dallas12,32.836504,-96.771185,5618 E Mockingbird Lane,75206,Mon Oct 24 04:16:39 +0000 2016,@ATTCares #ATT has the worst customer service. Been told multiple stories. Customer since Cingular. Terminating and going to @VZWSupport,,,Twitter
Dallas12,32.836504,-96.771185,5618 E Mockingbird Lane,75206,Mon Oct 24 04:07:35 +0000 2016,RT @ATT: The #futureofvideo is mobile and the #futureofmobile is video. Time Warner + AT&amp;T make it happen! @twxcorp https://t.co/GKx4U9TQYg,,,Twitter
Dallas12,32.836504,-96.771185,5618 E Mockingbird Lane,75206,Mon Oct 24 03:52:38 +0000 2016,RT @ATT: Who made you a college 🏈 fan? Share with #MadeMeAFanContest for a chance to win. Rules https://t.co/hU3I3wFn5V https://t.co/xZbxUJ…,,,Twitter
Dallas12,32.836504,-96.771185,5618 E Mockingbird Lane,75206,Mon Oct 24 03:33:11 +0000 2016,RT @ATT: Get a sweet deal on the new iPhone 7 when you switch to AT&amp;T and have DIRECTV. https://t.co/TQVeUkmeZ6 https://t.co/zfZmNpe8AP,,,Twitter
Dallas12,32.836504,-96.771185,5618 E Mockingbird Lane,75206,Mon Oct 24 03:27:37 +0000 2016,RT @ATT: Welcome to the team! @taylorswift13 https://t.co/4h86nLYuLo https://t.co/gAHOi7fPrZ,,,Twitter
Dallas12,32.836504,-96.771185,5618 E Mockingbird Lane,75206,Mon Oct 24 02:49:34 +0000 2016,@DIRECTVService we already got help over the phone thanks,,,Twitter
Dallas12,32.836504,-96.771185,5618 E Mockingbird Lane,75206,Mon Oct 24 02:32:50 +0000 2016,RT @ATT: Welcome to the team! @taylorswift13 https://t.co/4h86nLYuLo https://t.co/gAHOi7fPrZ,,,Twitter
Dallas12,32.836504,-96.771185,5618 E Mockingbird Lane,75206,Mon Oct 24 02:16:51 +0000 2016,"RT @ATT: Mother Nature is unpredictable, so we rely on our Network Disaster Recovery team to connect you when you need it most. https://t.c…",,,Twitter
Dallas12,32.836504,-96.771185,5618 E Mockingbird Lane,75206,Mon Oct 24 02:10:26 +0000 2016,@DIRECTV is there some system-wide outage? Both are receivers out at the same time.,,,Twitter
Dallas12,32.836504,-96.771185,5618 E Mockingbird Lane,75206,Mon Oct 24 01:57:57 +0000 2016,RT @ATT: The #futureofvideo is mobile and the #futureofmobile is video. Time Warner + AT&amp;T make it happen! @twxcorp https://t.co/GKx4U9TQYg,,,Twitter
Dallas12,32.836504,-96.771185,5618 E Mockingbird Lane,75206,Mon Oct 24 01:56:55 +0000 2016,RT @ATT: The #futureofvideo is mobile and the #futureofmobile is video. Time Warner + AT&amp;T make it happen! @twxcorp https://t.co/GKx4U9TQYg,,,Twitter
Dallas12,32.836504,-96.771185,5618 E Mockingbird Lane,75206,Mon Oct 24 01:41:44 +0000 2016,RT @ATT: Welcome to the team! @taylorswift13 https://t.co/4h86nLYuLo https://t.co/gAHOi7fPrZ,,,Twitter
Dallas12,32.836504,-96.771185,5618 E Mockingbird Lane,75206,Mon Oct 24 01:27:29 +0000 2016,RT @Uverse: Who will survive in the new world? Find out on tonight's Season 7 premiere of @WalkingDead_AMC at 9/8c. #TWD https://t.co/nztIU…,,,Twitter
Dallas12,32.836504,-96.771185,5618 E Mockingbird Lane,75206,Mon Oct 24 01:19:47 +0000 2016,RT @ATT: Welcome to the team! @taylorswift13 https://t.co/4h86nLYuLo https://t.co/gAHOi7fPrZ,,,Twitter
Dallas12,32.836504,-96.771185,5618 E Mockingbird Lane,75206,Mon Oct 24 01:18:49 +0000 2016,"RT @ATT: Mother Nature is unpredictable, so we rely on our Network Disaster Recovery team to connect you when you need it most. https://t.c…",,,Twitter
Dallas12,32.836504,-96.771185,5618 E Mockingbird Lane,75206,Mon Oct 24 01:10:15 +0000 2016,RT @ATT: Welcome to the team! @taylorswift13 https://t.co/4h86nLYuLo https://t.co/gAHOi7fPrZ,,,Twitter
Dallas12,32.836504,-96.771185,5618 E Mockingbird Lane,75206,Mon Oct 24 01:04:02 +0000 2016,RT @ATT: The #futureofvideo is mobile and the #futureofmobile is video. Time Warner + AT&amp;T make it happen! @twxcorp https://t.co/GKx4U9TQYg,,,Twitter
Dallas12,32.836504,-96.771185,5618 E Mockingbird Lane,75206,Mon Oct 24 00:53:17 +0000 2016,RT @ATT: Welcome to the team! @taylorswift13 https://t.co/4h86nLYuLo https://t.co/gAHOi7fPrZ,,,Twitter
Dallas12,32.836504,-96.771185,5618 E Mockingbird Lane,75206,Mon Oct 24 00:51:50 +0000 2016,RT @ATT: Welcome to the team! @taylorswift13 https://t.co/4h86nLYuLo https://t.co/gAHOi7fPrZ,,,Twitter
Dallas12,32.836504,-96.771185,5618 E Mockingbird Lane,75206,Mon Oct 24 00:46:05 +0000 2016,RT @ATT: Welcome to the team! @taylorswift13 https://t.co/4h86nLYuLo https://t.co/gAHOi7fPrZ,,,Twitter
Dallas12,32.836504,-96.771185,5618 E Mockingbird Lane,75206,Mon Oct 24 00:45:56 +0000 2016,"RT @PhilipTKingston: Why do I suddenly feel so good about @BCBSAssociation? Hint, hint, @ATT @DtownDallasInc https://t.co/dEwVDTELlT",,,Twitter
Dallas12,32.836504,-96.771185,5618 E Mockingbird Lane,75206,Mon Oct 24 00:37:09 +0000 2016,"RT @ATT: Mother Nature is unpredictable, so we rely on our Network Disaster Recovery team to connect you when you need it most. https://t.c…",,,Twitter
Dallas12,32.836504,-96.771185,5618 E Mockingbird Lane,75206,Mon Oct 24 00:34:21 +0000 2016,Happy x1000 TY @DeloitteUS &amp; @JasonWDowning. You rock #socent in Big D. Will @ATT #GiveACheck &amp; #OneUpThat @UnitedWayDallas @UWGroundFloor?,,,Twitter
