Store,Latitude,Longitude,Address,Zip,CreatedAt,Text,Senti,Rating,Source
Dallas2,32.8111091,-96.8092962,3329 Oak Lawn Avenue,75219,Thu Oct 20 16:58:12 +0000 2016,RT @ATTBusiness: Let us help you fend off cyberattacks. Sign up to receive our #ATTCyberInsights report to craft the right plan: https://t.…,,,Twitter
Dallas2,32.8111091,-96.8092962,3329 Oak Lawn Avenue,75219,Thu Oct 20 16:50:00 +0000 2016,"DFW: Win Tickets To ‘Luke Bryan’ Saturday, October 22nd At AT&amp;T Stadium https://t.co/JuQwaAzzX3",,,Twitter
Dallas2,32.8111091,-96.8092962,3329 Oak Lawn Avenue,75219,Thu Oct 20 16:50:00 +0000 2016,"DFW: Win Tickets To ‘Luke Bryan’ Saturday, October 22nd At AT&amp;T Stadium https://t.co/wntCQ0qQgB",,,Twitter
Dallas2,32.8111091,-96.8092962,3329 Oak Lawn Avenue,75219,Thu Oct 20 16:40:01 +0000 2016,RT @ATT: Welcome to the team! @taylorswift13 https://t.co/4h86nLYuLo https://t.co/gAHOi7fPrZ,,,Twitter
Dallas2,32.8111091,-96.8092962,3329 Oak Lawn Avenue,75219,Thu Oct 20 16:35:01 +0000 2016,Visit us at career fair booth 1201 to learn about our technology development program: https://t.co/RpP7quJNKu https://t.co/4kVKnBuc8T,,,Twitter
Dallas2,32.8111091,-96.8092962,3329 Oak Lawn Avenue,75219,Thu Oct 20 16:31:47 +0000 2016,.@TWC and .@att :  If you add any channel/partnership with #TrumpTVN I will cancel my service &amp; convince everyone I know to do likewise,,,Twitter
Dallas2,32.8111091,-96.8092962,3329 Oak Lawn Avenue,75219,Thu Oct 20 16:28:14 +0000 2016,"200 patents during Dale's career @ATT. Thanks to him, I just used my phone to set my @DIRECTV DVR for @insecurehbo! 
https://t.co/4pQWCjnAfn",,,Twitter
Dallas2,32.8111091,-96.8092962,3329 Oak Lawn Avenue,75219,Thu Oct 20 16:23:43 +0000 2016,"Fox and CBS, you might recall, are the big holdups remaining for DirecTV Now",,,Twitter
Dallas2,32.8111091,-96.8092962,3329 Oak Lawn Avenue,75219,Thu Oct 20 16:17:01 +0000 2016,AT&amp;T Selling Internet of Things Data Plans (T) - Investopedia https://t.co/aibRIxI1KK https://t.co/pbpK4WFIRq,,,Twitter
Dallas2,32.8111091,-96.8092962,3329 Oak Lawn Avenue,75219,Thu Oct 20 16:07:10 +0000 2016,@jimhoff7 You are a potential winner of AT&amp;T Pebble Beach sweeps. If you live in CT or MA respond w/your email &amp; phone number w/in 24 hrs.,,,Twitter
Dallas2,32.8111091,-96.8092962,3329 Oak Lawn Avenue,75219,Thu Oct 20 16:03:13 +0000 2016,RT @7onashoestring: Have you downloaded the @ItCanWait DriveMode app? It's a perfect tool for the 21-Day #ItCanWait Challenge! #sponsor htt…,,,Twitter
Dallas2,32.8111091,-96.8092962,3329 Oak Lawn Avenue,75219,Thu Oct 20 16:00:35 +0000 2016,RT @attJOBS: Share what you love about technology with our customers. Now Hiring throughout the Bay Area! https://t.co/ig3a1FgKS4 https://t…,,,Twitter
Dallas2,32.8111091,-96.8092962,3329 Oak Lawn Avenue,75219,Thu Oct 20 16:00:32 +0000 2016,"Women in Tech Q&amp;A: Kay Kapoor - President, AT&amp;T Global Business-Public Sector https://t.co/4ZvFqNsU3a #attemployee https://t.co/vsvoyBQ2OB",,,Twitter
Dallas2,32.8111091,-96.8092962,3329 Oak Lawn Avenue,75219,Thu Oct 20 15:59:37 +0000 2016,RT @7onashoestring: Have you downloaded the @ItCanWait DriveMode app? It's a perfect tool for the 21-Day #ItCanWait Challenge! #sponsor htt…,,,Twitter
Dallas2,32.8111091,-96.8092962,3329 Oak Lawn Avenue,75219,Thu Oct 20 15:56:42 +0000 2016,"@JoeFalinski Should be fine, Joe! Have a great time, we hope you get that perfect picture for the most likes ever!… https://t.co/JUhe8383yC",,,Twitter
Dallas2,32.8111091,-96.8092962,3329 Oak Lawn Avenue,75219,Thu Oct 20 15:55:06 +0000 2016,RT @ATT: Welcome to the team! @taylorswift13 https://t.co/4h86nLYuLo https://t.co/gAHOi7fPrZ,,,Twitter
Dallas2,32.8111091,-96.8092962,3329 Oak Lawn Avenue,75219,Thu Oct 20 15:54:17 +0000 2016,RT @ATT: Who made you a college 🏈 fan? Share with #MadeMeAFanContest for a chance to win. Rules https://t.co/hU3I3wFn5V https://t.co/xZbxUJ…,,,Twitter
Dallas2,32.8111091,-96.8092962,3329 Oak Lawn Avenue,75219,Thu Oct 20 15:51:34 +0000 2016,RT @7onashoestring: Have you downloaded the @ItCanWait DriveMode app? It's a perfect tool for the 21-Day #ItCanWait Challenge! #sponsor htt…,,,Twitter
Dallas2,32.8111091,-96.8092962,3329 Oak Lawn Avenue,75219,Thu Oct 20 15:50:47 +0000 2016,RT @7onashoestring: Have you downloaded the @ItCanWait DriveMode app? It's a perfect tool for the 21-Day #ItCanWait Challenge! #sponsor htt…,,,Twitter
Dallas2,32.8111091,-96.8092962,3329 Oak Lawn Avenue,75219,Thu Oct 20 15:49:03 +0000 2016,Have you downloaded the @ItCanWait DriveMode app? It's a perfect tool for the 21-Day #ItCanWait Challenge! #sponsor https://t.co/ztfJysveWv,,,Twitter
Dallas2,32.8111091,-96.8092962,3329 Oak Lawn Avenue,75219,Thu Oct 20 15:36:20 +0000 2016,RT @ATT: Get a sweet deal on the new iPhone 7 when you switch to AT&amp;T and have DIRECTV. https://t.co/TQVeUkmeZ6 https://t.co/zfZmNpe8AP,,,Twitter
Dallas2,32.8111091,-96.8092962,3329 Oak Lawn Avenue,75219,Thu Oct 20 15:23:45 +0000 2016,RT @ATT: Get a sweet deal on the new iPhone 7 when you switch to AT&amp;T and have DIRECTV. https://t.co/TQVeUkmeZ6 https://t.co/zfZmNpe8AP,,,Twitter
Dallas2,32.8111091,-96.8092962,3329 Oak Lawn Avenue,75219,Thu Oct 20 15:10:07 +0000 2016,RT @ATT: Who made you a college 🏈 fan? Share with #MadeMeAFanContest for a chance to win. Rules https://t.co/hU3I3wFn5V https://t.co/xZbxUJ…,,,Twitter
Dallas2,32.8111091,-96.8092962,3329 Oak Lawn Avenue,75219,Thu Oct 20 15:09:56 +0000 2016,"@JohnSmiith_WD @ATT Sadly, that seems to be the trend. The price is going to have to drop considerably for me to consider gigapower.",,,Twitter
Dallas2,32.8111091,-96.8092962,3329 Oak Lawn Avenue,75219,Thu Oct 20 15:06:37 +0000 2016,"Macs are cheaper for businesses, and even IBM says so https://t.co/HAy58slizz via @Recode #ATT @att",,,Twitter
Dallas2,32.8111091,-96.8092962,3329 Oak Lawn Avenue,75219,Thu Oct 20 15:05:58 +0000 2016,RT @ATT: Who made you a college 🏈 fan? Share with #MadeMeAFanContest for a chance to win. Rules https://t.co/hU3I3wFn5V https://t.co/xZbxUJ…,,,Twitter
Dallas2,32.8111091,-96.8092962,3329 Oak Lawn Avenue,75219,Thu Oct 20 14:52:34 +0000 2016,"@DIRECTV @DIRECTVSports @DIRECTVService Where is NBA League Pass? It's usually available in preseason, regular season starts in 5 days!",,,Twitter
Dallas2,32.8111091,-96.8092962,3329 Oak Lawn Avenue,75219,Thu Oct 20 14:48:59 +0000 2016,RT @JohnNordberg: A day in the life of an AT&amp;T PR maven with @MaddieLittrell #LifeatATT https://t.co/tCY2KB9iMW #attemployee https://t.co/e…,,,Twitter
Dallas2,32.8111091,-96.8092962,3329 Oak Lawn Avenue,75219,Thu Oct 20 14:43:40 +0000 2016,See you there! (Tickets still available!) https://t.co/WcQhpDdGvr,,,Twitter
Dallas2,32.8111091,-96.8092962,3329 Oak Lawn Avenue,75219,Thu Oct 20 14:30:52 +0000 2016,"New IoT #Security Guidelines | AT&amp;T Networking Exchange Blog https://t.co/nhvJwCnsjF, #IoT,#employee",,,Twitter
Dallas2,32.8111091,-96.8092962,3329 Oak Lawn Avenue,75219,Thu Oct 20 14:28:39 +0000 2016,The 2000 contested Presidential election https://t.co/q1Hw64NrYN,,,Twitter
Dallas2,32.8111091,-96.8092962,3329 Oak Lawn Avenue,75219,Thu Oct 20 14:17:40 +0000 2016,RT @ATT: Heading to Cuba? Take your phone along for the trip + stay connected to those back home. https://t.co/euhz4Z6Zbb https://t.co/AiPS…,,,Twitter
Dallas2,32.8111091,-96.8092962,3329 Oak Lawn Avenue,75219,Thu Oct 20 14:17:05 +0000 2016,RT @ATT: Welcome to the team! @taylorswift13 https://t.co/4h86nLYuLo https://t.co/gAHOi7fPrZ,,,Twitter
Dallas2,32.8111091,-96.8092962,3329 Oak Lawn Avenue,75219,Thu Oct 20 14:12:19 +0000 2016,RT @ATT: Welcome to the team! @taylorswift13 https://t.co/4h86nLYuLo https://t.co/gAHOi7fPrZ,,,Twitter
Dallas2,32.8111091,-96.8092962,3329 Oak Lawn Avenue,75219,Thu Oct 20 14:12:10 +0000 2016,.@ATT Executive Shares Experience with #Marketing Students at @udallascob@UofDallas https://t.co/rg4EdIcla4 https://t.co/SNPagCOect,,,Twitter
Dallas2,32.8111091,-96.8092962,3329 Oak Lawn Avenue,75219,Thu Oct 20 14:03:30 +0000 2016,RT @ATT: Get a sweet deal on the new iPhone 7 when you switch to AT&amp;T and have DIRECTV. https://t.co/TQVeUkmeZ6 https://t.co/zfZmNpe8AP,,,Twitter
Dallas2,32.8111091,-96.8092962,3329 Oak Lawn Avenue,75219,Thu Oct 20 14:00:58 +0000 2016,RT @ATT: Welcome to the team! @taylorswift13 https://t.co/4h86nLYuLo https://t.co/gAHOi7fPrZ,,,Twitter
Dallas2,32.8111091,-96.8092962,3329 Oak Lawn Avenue,75219,Thu Oct 20 14:00:18 +0000 2016,"@hammackgeo we love your soccer passion! Follow and DM us, we have something for you! #SoccerEverywhere",,,Twitter
Dallas2,32.8111091,-96.8092962,3329 Oak Lawn Avenue,75219,Thu Oct 20 13:52:11 +0000 2016,"@danmacyDC Hi Dan, we're on it! Our Care team will be reaching out for more details. Look for a message from @ATTCares. Make sure to follow!",,,Twitter
Dallas2,32.8111091,-96.8092962,3329 Oak Lawn Avenue,75219,Thu Oct 20 13:38:28 +0000 2016,RT @ATTLatino: Puertorriqueña. Inspiradora. Luchadora. @DeniseBidot habla sobre su pasión por romper estereotipos. https://t.co/PBiBGpnolH…,,,Twitter
Dallas2,32.8111091,-96.8092962,3329 Oak Lawn Avenue,75219,Thu Oct 20 13:37:56 +0000 2016,RT @ATT: Welcome to the team! @taylorswift13 https://t.co/4h86nLYuLo https://t.co/gAHOi7fPrZ,,,Twitter
Dallas2,32.8111091,-96.8092962,3329 Oak Lawn Avenue,75219,Thu Oct 20 13:31:30 +0000 2016,2010 US Census - telework is on the rise  95%  workers working some at home https://t.co/ZnDYPDPKEW #cloud #attemployee,,,Twitter
Dallas2,32.8111091,-96.8092962,3329 Oak Lawn Avenue,75219,Thu Oct 20 13:27:52 +0000 2016,RT @ATT: Welcome to the team! @taylorswift13 https://t.co/4h86nLYuLo https://t.co/gAHOi7fPrZ,,,Twitter
Dallas2,32.8111091,-96.8092962,3329 Oak Lawn Avenue,75219,Thu Oct 20 13:17:00 +0000 2016,RT @ATTBusinessCare: Want to create a BYOD policy that meets your business needs? 5 guidelines here. https://t.co/ZSa2VsM740 https://t.co/3…,,,Twitter
Dallas2,32.8111091,-96.8092962,3329 Oak Lawn Avenue,75219,Thu Oct 20 13:16:37 +0000 2016,RT @ATTBusinessCare: See how to add files to a folder in Box from AT&amp;T at t https://t.co/11FyOL95sf https://t.co/rdtvxhAjTM,,,Twitter
Dallas2,32.8111091,-96.8092962,3329 Oak Lawn Avenue,75219,Thu Oct 20 13:16:01 +0000 2016,"RT @ATT: Before you vote, grab the remote and tune into the final #debatenight at 8/7c. #UNLVPresDebate https://t.co/afLxTSZMLW",,,Twitter
Dallas2,32.8111091,-96.8092962,3329 Oak Lawn Avenue,75219,Thu Oct 20 13:05:35 +0000 2016,RT @kalebpask: Join a Community of Innovation With a Job at AT&amp;T https://t.co/M8cBUfBLzN via @dailymuse @caroqliu,,,Twitter
Dallas2,32.8111091,-96.8092962,3329 Oak Lawn Avenue,75219,Thu Oct 20 13:05:32 +0000 2016,"RT @kalebpask: Listen: Life At AT&amp;T Podcast ""Vice Presidents"" - with 3 #womenofATT #LifeatATT https://t.co/lwGGwG5OnJ #attemployee https://…",,,Twitter
Dallas2,32.8111091,-96.8092962,3329 Oak Lawn Avenue,75219,Thu Oct 20 13:02:51 +0000 2016,RT @attJOBS: At the end of an interview you have a chance to make a lasting impression. Take it! Learn how: https://t.co/Fq9rgFL6f3 #Career…,,,Twitter
Dallas2,32.8111091,-96.8092962,3329 Oak Lawn Avenue,75219,Thu Oct 20 13:00:04 +0000 2016,Want to create a BYOD policy that meets your business needs? 5 guidelines here. https://t.co/ZSa2VsM740 https://t.co/3Yu9w6wPOG,,,Twitter
Dallas2,32.8111091,-96.8092962,3329 Oak Lawn Avenue,75219,Thu Oct 20 12:37:38 +0000 2016,RT @ATT: Welcome to the team! @taylorswift13 https://t.co/4h86nLYuLo https://t.co/gAHOi7fPrZ,,,Twitter
Dallas2,32.8111091,-96.8092962,3329 Oak Lawn Avenue,75219,Thu Oct 20 12:20:48 +0000 2016,RT @ATT: Welcome to the team! @taylorswift13 https://t.co/4h86nLYuLo https://t.co/gAHOi7fPrZ,,,Twitter
Dallas2,32.8111091,-96.8092962,3329 Oak Lawn Avenue,75219,Thu Oct 20 12:16:20 +0000 2016,AT&amp;T hired a NYC social media firm founded earlier this year over the hundreds in Dallas https://t.co/WGWiRSZ8SW #DallasTech,,,Twitter
Dallas2,32.8111091,-96.8092962,3329 Oak Lawn Avenue,75219,Thu Oct 20 12:14:25 +0000 2016,RT @ATTLatino: Puertorriqueña. Inspiradora. Luchadora. @DeniseBidot habla sobre su pasión por romper estereotipos. https://t.co/PBiBGpnolH…,,,Twitter
Dallas2,32.8111091,-96.8092962,3329 Oak Lawn Avenue,75219,Thu Oct 20 11:50:08 +0000 2016,RT @attJOBS: Our employees broke records with @Stop_Hunger_Now at our ERG Conference! Learn how they made an #ATTimpact:  https://t.co/3s0Z…,,,Twitter
Dallas2,32.8111091,-96.8092962,3329 Oak Lawn Avenue,75219,Thu Oct 20 11:38:49 +0000 2016,RT @ATT: Get a sweet deal on the new iPhone 7 when you switch to AT&amp;T and have DIRECTV. https://t.co/TQVeUkmeZ6 https://t.co/zfZmNpe8AP,,,Twitter
Dallas2,32.8111091,-96.8092962,3329 Oak Lawn Avenue,75219,Thu Oct 20 11:32:54 +0000 2016,RT @attJOBS: At the end of an interview you have a chance to make a lasting impression. Take it! Learn how: https://t.co/Fq9rgFL6f3 #Career…,,,Twitter
Dallas2,32.8111091,-96.8092962,3329 Oak Lawn Avenue,75219,Thu Oct 20 11:28:01 +0000 2016,RT @ATT: Get a sweet deal on the new iPhone 7 when you switch to AT&amp;T and have DIRECTV. https://t.co/TQVeUkmeZ6 https://t.co/zfZmNpe8AP,,,Twitter
Dallas2,32.8111091,-96.8092962,3329 Oak Lawn Avenue,75219,Thu Oct 20 11:21:16 +0000 2016,RT @ATT: Welcome to the team! @taylorswift13 https://t.co/4h86nLYuLo https://t.co/gAHOi7fPrZ,,,Twitter
Dallas2,32.8111091,-96.8092962,3329 Oak Lawn Avenue,75219,Thu Oct 20 10:32:03 +0000 2016,RT @ATT: Get a sweet deal on the new iPhone 7 when you switch to AT&amp;T and have DIRECTV. https://t.co/TQVeUkmeZ6 https://t.co/zfZmNpe8AP,,,Twitter
Dallas2,32.8111091,-96.8092962,3329 Oak Lawn Avenue,75219,Thu Oct 20 10:12:00 +0000 2016,RT @ATTBusiness: We’re collaborating with @Velocloud to help businesses improve application performance. https://t.co/UJZ9AEaZPo https://t.…,,,Twitter
Dallas2,32.8111091,-96.8092962,3329 Oak Lawn Avenue,75219,Thu Oct 20 10:07:37 +0000 2016,RT @ATTBusiness: Let us help you fend off cyberattacks. Sign up to receive our #ATTCyberInsights report to craft the right plan: https://t.…,,,Twitter
Dallas2,32.8111091,-96.8092962,3329 Oak Lawn Avenue,75219,Thu Oct 20 08:51:29 +0000 2016,RT @ATT: Welcome to the team! @taylorswift13 https://t.co/4h86nLYuLo https://t.co/gAHOi7fPrZ,,,Twitter
Dallas2,32.8111091,-96.8092962,3329 Oak Lawn Avenue,75219,Thu Oct 20 08:43:52 +0000 2016,RT @ATT: Welcome to the team! @taylorswift13 https://t.co/4h86nLYuLo https://t.co/gAHOi7fPrZ,,,Twitter
Dallas2,32.8111091,-96.8092962,3329 Oak Lawn Avenue,75219,Thu Oct 20 07:47:56 +0000 2016,RT @ATT: Welcome to the team! @taylorswift13 https://t.co/4h86nLYuLo https://t.co/gAHOi7fPrZ,,,Twitter
Dallas2,32.8111091,-96.8092962,3329 Oak Lawn Avenue,75219,Thu Oct 20 07:44:01 +0000 2016,RT @ATT: Welcome to the team! @taylorswift13 https://t.co/4h86nLYuLo https://t.co/gAHOi7fPrZ,,,Twitter
Dallas2,32.8111091,-96.8092962,3329 Oak Lawn Avenue,75219,Thu Oct 20 07:10:16 +0000 2016,RT @ATT: Welcome to the team! @taylorswift13 https://t.co/4h86nLYuLo https://t.co/gAHOi7fPrZ,,,Twitter
Dallas2,32.8111091,-96.8092962,3329 Oak Lawn Avenue,75219,Thu Oct 20 06:43:36 +0000 2016,RT @ATT: Get a sweet deal on the new iPhone 7 when you switch to AT&amp;T and have DIRECTV. https://t.co/TQVeUkmeZ6 https://t.co/zfZmNpe8AP,,,Twitter
Dallas2,32.8111091,-96.8092962,3329 Oak Lawn Avenue,75219,Thu Oct 20 06:16:08 +0000 2016,. @ATTCares fool people by giving unrealistic dates and the same phones are delivered world wide by other https://t.co/usTgcMIK7F?,,,Twitter
Dallas2,32.8111091,-96.8092962,3329 Oak Lawn Avenue,75219,Thu Oct 20 06:11:49 +0000 2016,Is there any chance that you thiefs will give me any of the money i paid when I ordered my phone @ATTCares ?,,,Twitter
Dallas2,32.8111091,-96.8092962,3329 Oak Lawn Avenue,75219,Thu Oct 20 06:11:00 +0000 2016,I think its time to move on to @TMobile from @ATT Go fuck yourself @ATTCares,,,Twitter
Dallas2,32.8111091,-96.8092962,3329 Oak Lawn Avenue,75219,Thu Oct 20 06:09:20 +0000 2016,"Hey @ATTCares , do you think you can fucking give me an estimate for my iphone 7 plus .. being almost a month since I ordered.",,,Twitter
Dallas2,32.8111091,-96.8092962,3329 Oak Lawn Avenue,75219,Thu Oct 20 06:08:32 +0000 2016,RT @ATT: Get a sweet deal on the new iPhone 7 when you switch to AT&amp;T and have DIRECTV. https://t.co/TQVeUkmeZ6 https://t.co/zfZmNpe8AP,,,Twitter
Dallas2,32.8111091,-96.8092962,3329 Oak Lawn Avenue,75219,Thu Oct 20 06:02:35 +0000 2016,RT @ATT: Welcome to the team! @taylorswift13 https://t.co/4h86nLYuLo https://t.co/gAHOi7fPrZ,,,Twitter
Dallas2,32.8111091,-96.8092962,3329 Oak Lawn Avenue,75219,Thu Oct 20 06:01:15 +0000 2016,RT @ATT: Welcome to the team! @taylorswift13 https://t.co/4h86nLYuLo https://t.co/gAHOi7fPrZ,,,Twitter
Dallas2,32.8111091,-96.8092962,3329 Oak Lawn Avenue,75219,Thu Oct 20 05:41:34 +0000 2016,RT @ATT: Welcome to the team! @taylorswift13 https://t.co/4h86nLYuLo https://t.co/gAHOi7fPrZ,,,Twitter
Dallas2,32.8111091,-96.8092962,3329 Oak Lawn Avenue,75219,Thu Oct 20 05:32:37 +0000 2016,@ATTCares Your bitch ass wifi 😤 fix yo servers,,,Twitter
Dallas2,32.8111091,-96.8092962,3329 Oak Lawn Avenue,75219,Thu Oct 20 04:55:22 +0000 2016,RT @ATT: Welcome to the team! @taylorswift13 https://t.co/4h86nLYuLo https://t.co/gAHOi7fPrZ,,,Twitter
Dallas2,32.8111091,-96.8092962,3329 Oak Lawn Avenue,75219,Thu Oct 20 04:49:09 +0000 2016,RT @ATT: Welcome to the team! @taylorswift13 https://t.co/4h86nLYuLo https://t.co/gAHOi7fPrZ,,,Twitter
Dallas2,32.8111091,-96.8092962,3329 Oak Lawn Avenue,75219,Thu Oct 20 04:46:06 +0000 2016,RT @ATT: Get a sweet deal on the new iPhone 7 when you switch to AT&amp;T and have DIRECTV. https://t.co/TQVeUkmeZ6 https://t.co/zfZmNpe8AP,,,Twitter
Dallas2,32.8111091,-96.8092962,3329 Oak Lawn Avenue,75219,Thu Oct 20 04:42:30 +0000 2016,"RT @RickTweetTweet: Women in Tech Q&amp;A: Kay Kapoor - President, AT&amp;T Global Business-Public Sector #WomeninTech #LifeAtATT https://t.co/SRsJ…",,,Twitter
Dallas2,32.8111091,-96.8092962,3329 Oak Lawn Avenue,75219,Thu Oct 20 04:34:59 +0000 2016,RT @ATT: Welcome to the team! @taylorswift13 https://t.co/4h86nLYuLo https://t.co/gAHOi7fPrZ,,,Twitter
Dallas2,32.8111091,-96.8092962,3329 Oak Lawn Avenue,75219,Thu Oct 20 04:27:29 +0000 2016,RT @ATT: Welcome to the team! @taylorswift13 https://t.co/4h86nLYuLo https://t.co/gAHOi7fPrZ,,,Twitter
Dallas2,32.8111091,-96.8092962,3329 Oak Lawn Avenue,75219,Thu Oct 20 04:13:58 +0000 2016,@ATTCares I switched from Uverse to DirecTV yesterday. Does my billing switch automatically to the new plan?,,,Twitter
Dallas2,32.8111091,-96.8092962,3329 Oak Lawn Avenue,75219,Thu Oct 20 04:08:59 +0000 2016,RT @ATT: Get a sweet deal on the new iPhone 7 when you switch to AT&amp;T and have DIRECTV. https://t.co/TQVeUkmeZ6 https://t.co/zfZmNpe8AP,,,Twitter
Dallas2,32.8111091,-96.8092962,3329 Oak Lawn Avenue,75219,Thu Oct 20 04:05:32 +0000 2016,RT @ATT: Welcome to the team! @taylorswift13 https://t.co/4h86nLYuLo https://t.co/gAHOi7fPrZ,,,Twitter
Dallas2,32.8111091,-96.8092962,3329 Oak Lawn Avenue,75219,Thu Oct 20 03:57:20 +0000 2016,RT @ATT: Who made you a college 🏈 fan? Share with #MadeMeAFanContest for a chance to win. Rules https://t.co/hU3I3wFn5V https://t.co/xZbxUJ…,,,Twitter
Dallas2,32.8111091,-96.8092962,3329 Oak Lawn Avenue,75219,Thu Oct 20 03:47:32 +0000 2016,"@ATTCares Thanks, I appreciate the help, just wished service was already available. Been contacting you all for two years, and still nothing",,,Twitter
Dallas2,32.8111091,-96.8092962,3329 Oak Lawn Avenue,75219,Thu Oct 20 03:38:46 +0000 2016,"RT @RickTweetTweet: Women in Tech Q&amp;A: Kay Kapoor - President, AT&amp;T Global Business-Public Sector #WomeninTech #LifeAtATT https://t.co/SRsJ…",,,Twitter
Dallas2,32.8111091,-96.8092962,3329 Oak Lawn Avenue,75219,Thu Oct 20 03:22:58 +0000 2016,@ATT @ATTCares Thank you for the information.,,,Twitter
Dallas2,32.8111091,-96.8092962,3329 Oak Lawn Avenue,75219,Thu Oct 20 03:16:24 +0000 2016,"RT @ATT: Before you vote, grab the remote and tune into the final #debatenight at 8/7c. #UNLVPresDebate https://t.co/afLxTSZMLW",,,Twitter
Dallas2,32.8111091,-96.8092962,3329 Oak Lawn Avenue,75219,Thu Oct 20 03:14:17 +0000 2016,@ATTCares so glad I rushed home to watch the debate.  No home internet or TV is ridiculous.,,,Twitter
Dallas2,32.8111091,-96.8092962,3329 Oak Lawn Avenue,75219,Thu Oct 20 02:58:46 +0000 2016,RT @tonyromo: I wanna thank @DIRECTV for allowing me to show off my true self.  ;)  embarrassing is an understatement http://t.co/F0NniFESlL,,,Twitter
Dallas2,32.8111091,-96.8092962,3329 Oak Lawn Avenue,75219,Thu Oct 20 02:55:42 +0000 2016,@ATTCares Uverse down again. 5/7 calls over the past week and still not getting what I need.,,,Twitter
Dallas2,32.8111091,-96.8092962,3329 Oak Lawn Avenue,75219,Thu Oct 20 02:44:02 +0000 2016,RT @attJOBS: Share what you love about technology with our customers. Now Hiring throughout the Bay Area! https://t.co/ig3a1FgKS4 https://t…,,,Twitter
Dallas2,32.8111091,-96.8092962,3329 Oak Lawn Avenue,75219,Thu Oct 20 02:42:36 +0000 2016,RT @attJOBS: Share what you love about technology with our customers. Now Hiring throughout the Bay Area! https://t.co/ig3a1FgKS4 https://t…,,,Twitter
Dallas2,32.8111091,-96.8092962,3329 Oak Lawn Avenue,75219,Thu Oct 20 02:34:06 +0000 2016,"RT @ATT: Before you vote, grab the remote and tune into the final #debatenight at 8/7c. #UNLVPresDebate https://t.co/afLxTSZMLW",,,Twitter
Dallas2,32.8111091,-96.8092962,3329 Oak Lawn Avenue,75219,Thu Oct 20 02:32:15 +0000 2016,RT @ATT: Welcome to the team! @taylorswift13 https://t.co/4h86nLYuLo https://t.co/gAHOi7fPrZ,,,Twitter
Dallas2,32.8111091,-96.8092962,3329 Oak Lawn Avenue,75219,Thu Oct 20 02:31:20 +0000 2016,RT @ATT: Get a sweet deal on the new iPhone 7 when you switch to AT&amp;T and have DIRECTV. https://t.co/TQVeUkmeZ6 https://t.co/zfZmNpe8AP,,,Twitter
