Store,Latitude,Longitude,Address,Zip,CreatedAt,Text,Senti,Rating,Source
Dallas14,32.853358,-96.817694,5567 W Lovers Ln,75209,Mon Oct 24 19:18:24 +0000 2016,RT @ATTBusiness: #IoT makes reaching into this vending machine like reaching into a garden. Check it out: https://t.co/1Dk54D1pvz #National…,,,Twitter
Dallas14,32.853358,-96.817694,5567 W Lovers Ln,75209,Mon Oct 24 19:17:28 +0000 2016,RT @ATTBusiness: #IoT makes reaching into this vending machine like reaching into a garden. Check it out: https://t.co/1Dk54D1pvz #National…,,,Twitter
Dallas14,32.853358,-96.817694,5567 W Lovers Ln,75209,Mon Oct 24 19:17:25 +0000 2016,RT @ATT: Welcome to the team! @taylorswift13 https://t.co/4h86nLYuLo https://t.co/gAHOi7fPrZ,,,Twitter
Dallas14,32.853358,-96.817694,5567 W Lovers Ln,75209,Mon Oct 24 19:16:38 +0000 2016,.@ATT CEO Randall Stephenson confident @twxcorp merger will get past regulators https://t.co/2Re2eGzanm… https://t.co/uFJtIpUZdN,,,Twitter
Dallas14,32.853358,-96.817694,5567 W Lovers Ln,75209,Mon Oct 24 19:14:42 +0000 2016,RT @ATTLatino: Puertorriqueña. Inspiradora. Luchadora. @DeniseBidot habla sobre su pasión por romper estereotipos. https://t.co/PBiBGpnolH…,,,Twitter
Dallas14,32.853358,-96.817694,5567 W Lovers Ln,75209,Mon Oct 24 19:14:09 +0000 2016,In 231 gms under Stoops prior to TT @OU_Football opp had converted 10+ 3rd downs 12 times (max-13). Only 9 gms of 20 3rd down att. #Sooners,,,Twitter
Dallas14,32.853358,-96.817694,5567 W Lovers Ln,75209,Mon Oct 24 19:13:25 +0000 2016,RT @ATT: Another reason to smile for the camera. The #LGV20 from @LGUSAMobile will be available in stores starting today. https://t.co/TILu…,,,Twitter
Dallas14,32.853358,-96.817694,5567 W Lovers Ln,75209,Mon Oct 24 19:11:21 +0000 2016,RT @ATTBusiness: Cybersecurity preparedness starts w/ a strong incident response plan. Get info to help shield your org from attack: https:…,,,Twitter
Dallas14,32.853358,-96.817694,5567 W Lovers Ln,75209,Mon Oct 24 19:11:07 +0000 2016,RT @ATT: Another reason to smile for the camera. The #LGV20 from @LGUSAMobile will be available in stores starting today. https://t.co/TILu…,,,Twitter
Dallas14,32.853358,-96.817694,5567 W Lovers Ln,75209,Mon Oct 24 19:09:53 +0000 2016,@russellbrandom @reckless ATT has fiber,,,Twitter
Dallas14,32.853358,-96.817694,5567 W Lovers Ln,75209,Mon Oct 24 19:05:50 +0000 2016,"Stephenson: AT&amp;T, Time Warner Deal ‘Defining the Future of Media’: Randall Stephenson, CEO of Dallas-based AT&amp;T,… https://t.co/jQHLTbHMUI",,,Twitter
Dallas14,32.853358,-96.817694,5567 W Lovers Ln,75209,Mon Oct 24 19:05:34 +0000 2016,@ATT and @twxcorp merger could mean great packages for DirectTV Now and Uverse consumers.,,,Twitter
Dallas14,32.853358,-96.817694,5567 W Lovers Ln,75209,Mon Oct 24 19:02:54 +0000 2016,"Stephenson: AT&amp;T, Time Warner Deal ‘Defining the Future of Media’ https://t.co/ib6qJ894zy",,,Twitter
Dallas14,32.853358,-96.817694,5567 W Lovers Ln,75209,Mon Oct 24 19:02:52 +0000 2016,"Stephenson: AT&amp;T, Time Warner Deal ‘Defining the Future of Media’: Randall Stephenson, CEO of Dallas-based AT&amp;T,… https://t.co/GSmyHPYooJ",,,Twitter
Dallas14,32.853358,-96.817694,5567 W Lovers Ln,75209,Mon Oct 24 19:02:47 +0000 2016,"Stephenson: AT&amp;T, Time Warner Deal ‘Defining the Future of Media’: Randall Stephenson, CEO of Dallas-based AT&amp;T,… https://t.co/7ERuP7FJwt",,,Twitter
Dallas14,32.853358,-96.817694,5567 W Lovers Ln,75209,Mon Oct 24 19:02:45 +0000 2016,"Stephenson: AT&amp;T, Time Warner Deal ‘Defining the Future of Media’: Randall Stephenson, CEO of Dallas-based AT&amp;T,… https://t.co/wzKzuJlJav",,,Twitter
Dallas14,32.853358,-96.817694,5567 W Lovers Ln,75209,Mon Oct 24 19:00:05 +0000 2016,#IoT makes reaching into this vending machine like reaching into a garden. Check it out: https://t.co/1Dk54D1pvz… https://t.co/HsycbxAwFE,,,Twitter
Dallas14,32.853358,-96.817694,5567 W Lovers Ln,75209,Mon Oct 24 18:59:09 +0000 2016,"Don't expect a change in viewpoint for CNN, AT&amp;T chief says https://t.co/oYaURY2xEH | @agarre https://t.co/SMyURjsDIF",,,Twitter
Dallas14,32.853358,-96.817694,5567 W Lovers Ln,75209,Mon Oct 24 18:49:36 +0000 2016,RT @ATT: The #futureofvideo is mobile and the #futureofmobile is video. Time Warner + AT&amp;T make it happen! @twxcorp https://t.co/GKx4U9TQYg,,,Twitter
Dallas14,32.853358,-96.817694,5567 W Lovers Ln,75209,Mon Oct 24 18:48:08 +0000 2016,RT @attJOBS: Last year we donated $1M to @GirlsWhoCode &amp; the future careers of women technologists everywhere! #GHC16 https://t.co/rKDF99f5…,,,Twitter
Dallas14,32.853358,-96.817694,5567 W Lovers Ln,75209,Mon Oct 24 18:47:38 +0000 2016,"RT @attJOBS: In honor of #LGBTHistoryMonth, we're recapping the ways we've supported the LGBT community throughout the years: https://t.co/…",,,Twitter
Dallas14,32.853358,-96.817694,5567 W Lovers Ln,75209,Mon Oct 24 18:47:15 +0000 2016,RT @attJOBS: Hear from Kristin how our Business Sales Leadership Development Program led to her successful career: https://t.co/aitAtDInv5…,,,Twitter
Dallas14,32.853358,-96.817694,5567 W Lovers Ln,75209,Mon Oct 24 18:47:09 +0000 2016,RT @attJOBS: We're helping connect youth to their first jobs by signing on to the White House's First Job Compact. Learn more: https://t.co…,,,Twitter
Dallas14,32.853358,-96.817694,5567 W Lovers Ln,75209,Mon Oct 24 18:46:52 +0000 2016,RT @attJOBS: You don't have to go back to school to continue learning. Try these tips to learn something new: https://t.co/N1AjraH8jR #Moti…,,,Twitter
Dallas14,32.853358,-96.817694,5567 W Lovers Ln,75209,Mon Oct 24 18:39:22 +0000 2016,@sixdolla We love your need for speed! Enjoy your AT&amp;T Fiber. 😊,,,Twitter
Dallas14,32.853358,-96.817694,5567 W Lovers Ln,75209,Mon Oct 24 18:32:00 +0000 2016,RT @ATT: Another reason to smile for the camera. The #LGV20 from @LGUSAMobile will be available in stores starting today. https://t.co/TILu…,,,Twitter
Dallas14,32.853358,-96.817694,5567 W Lovers Ln,75209,Mon Oct 24 18:30:29 +0000 2016,RT @ATT: The #futureofvideo is mobile and the #futureofmobile is video. Time Warner + AT&amp;T make it happen! @twxcorp https://t.co/GKx4U9TQYg,,,Twitter
Dallas14,32.853358,-96.817694,5567 W Lovers Ln,75209,Mon Oct 24 18:30:15 +0000 2016,For those interested in the consumer side: I'm jumping on @wfaachannel8 at about 4:15 this afternoon to talk @ATT,,,Twitter
Dallas14,32.853358,-96.817694,5567 W Lovers Ln,75209,Mon Oct 24 18:23:19 +0000 2016,"RT @ATTLatino: No importa si estas apoyando el American League o el National League, cada noche es un home run con @DIRECTV #WatchingLaTele…",,,Twitter
Dallas14,32.853358,-96.817694,5567 W Lovers Ln,75209,Mon Oct 24 18:18:51 +0000 2016,"RT @dallasnews: Trump gets litigious, AT&amp;T gets bigger, @TomiLahren wins bigly: Your weekend news digest https://t.co/tjOy7OJCri https://t.…",,,Twitter
Dallas14,32.853358,-96.817694,5567 W Lovers Ln,75209,Mon Oct 24 18:17:46 +0000 2016,RT @ATT: Another reason to smile for the camera. The #LGV20 from @LGUSAMobile will be available in stores starting today. https://t.co/TILu…,,,Twitter
Dallas14,32.853358,-96.817694,5567 W Lovers Ln,75209,Mon Oct 24 18:17:00 +0000 2016,AT&amp;T's internet-only DirecTV service launches in November - You don't have to sit on pins and needles wondering... https://t.co/WgpI63DbPK,,,Twitter
Dallas14,32.853358,-96.817694,5567 W Lovers Ln,75209,Mon Oct 24 18:16:50 +0000 2016,"This tweet is overdue, but thanks @ATTCares @Uverse for the great #customerservice! Your team identified the issue and made things right!",,,Twitter
Dallas14,32.853358,-96.817694,5567 W Lovers Ln,75209,Mon Oct 24 18:13:18 +0000 2016,RT @ATT: Welcome to the team! @taylorswift13 https://t.co/4h86nLYuLo https://t.co/gAHOi7fPrZ,,,Twitter
Dallas14,32.853358,-96.817694,5567 W Lovers Ln,75209,Mon Oct 24 18:11:17 +0000 2016,RT @ATT: Another reason to smile for the camera. The #LGV20 from @LGUSAMobile will be available in stores starting today. https://t.co/TILu…,,,Twitter
Dallas14,32.853358,-96.817694,5567 W Lovers Ln,75209,Mon Oct 24 18:10:31 +0000 2016,Another reason to smile for the camera. The #LGV20 from @LGUSAMobile will be available in stores starting today.… https://t.co/yIaoUnLMTw,,,Twitter
Dallas14,32.853358,-96.817694,5567 W Lovers Ln,75209,Mon Oct 24 18:08:03 +0000 2016,"AT&amp;T acquisition of Time Warner could present content, advertising opportunities https://t.co/QffmxVB9X1",,,Twitter
Dallas14,32.853358,-96.817694,5567 W Lovers Ln,75209,Mon Oct 24 18:05:30 +0000 2016,@JillCowan @ATT @dallasnews can't worry about things. Just have to shake it off!,,,Twitter
Dallas14,32.853358,-96.817694,5567 W Lovers Ln,75209,Mon Oct 24 18:00:04 +0000 2016,"No importa si estas apoyando el American League o el National League, cada noche es un home run con @DIRECTV… https://t.co/hnJthAv0cB",,,Twitter
Dallas14,32.853358,-96.817694,5567 W Lovers Ln,75209,Mon Oct 24 17:52:56 +0000 2016,AT&amp;T debuts Cuba roaming https://t.co/oFIQzht2IP #attemployee https://t.co/C0GaQLrnUu,,,Twitter
Dallas14,32.853358,-96.817694,5567 W Lovers Ln,75209,Mon Oct 24 17:52:11 +0000 2016,"@TheNETwork_Natl 
AT&amp;T Hiring Sales Executive Field Sales #Des Peres, MO. Spread the word about the good #LifeAtATT… https://t.co/lBdq02UVpC",,,Twitter
Dallas14,32.853358,-96.817694,5567 W Lovers Ln,75209,Mon Oct 24 17:51:54 +0000 2016,"""AT&amp;T and Time Warner Seek to Mollify Deal’s Critics"" by LESLIE PICKER via NYT The New York Times https://t.co/oCf1Nn0dei",,,Twitter
Dallas14,32.853358,-96.817694,5567 W Lovers Ln,75209,Mon Oct 24 17:51:07 +0000 2016,"@WomenOfATT_ERG 
AT&amp;T Hiring Sales Executive Field Sales #Des Peres, MO. Spread the word about the good #LifeAtATT.… https://t.co/4az2gLQRQc",,,Twitter
Dallas14,32.853358,-96.817694,5567 W Lovers Ln,75209,Mon Oct 24 17:50:50 +0000 2016,"RT @ATTBusiness: Your org faces cyberthreats at every turn, but you're not alone. Be #cyberaware with our new cybersecurity report: https:/…",,,Twitter
Dallas14,32.853358,-96.817694,5567 W Lovers Ln,75209,Mon Oct 24 17:50:23 +0000 2016,RT @RickTweetTweet: Breaking News!!! AT&amp;T to Acquire Time Warner! My family just got bigger! #LifeAtATT  #TimeWarner https://t.co/RUAJa5ciO…,,,Twitter
Dallas14,32.853358,-96.817694,5567 W Lovers Ln,75209,Mon Oct 24 17:49:30 +0000 2016,RT @ATTBusiness: SDN + #AI is like peanut butter + jelly. Find out why it's a perfect combination: https://t.co/OrfatAuWXA https://t.co/51x…,,,Twitter
Dallas14,32.853358,-96.817694,5567 W Lovers Ln,75209,Mon Oct 24 17:49:10 +0000 2016,"@LEAGUEatATT 
AT&amp;T Hiring Sales Executive Field Sales #Des Peres, MO. Spread the word about the good #LifeAtATT.… https://t.co/rerVQkHtFI",,,Twitter
Dallas14,32.853358,-96.817694,5567 W Lovers Ln,75209,Mon Oct 24 17:47:34 +0000 2016,"@jilliangaier @CNN most likely that  will get more subscribers due to @att's vast userbase. Other than that, probably nothing will change.",,,Twitter
Dallas14,32.853358,-96.817694,5567 W Lovers Ln,75209,Mon Oct 24 17:43:59 +0000 2016,RT @ATTBusiness: SDN + #AI is like peanut butter + jelly. Find out why it's a perfect combination: https://t.co/OrfatAuWXA https://t.co/51x…,,,Twitter
Dallas14,32.853358,-96.817694,5567 W Lovers Ln,75209,Mon Oct 24 17:40:45 +0000 2016,RT @ATTBusiness: SDN + #AI is like peanut butter + jelly. Find out why it's a perfect combination: https://t.co/OrfatAuWXA https://t.co/51x…,,,Twitter
Dallas14,32.853358,-96.817694,5567 W Lovers Ln,75209,Mon Oct 24 17:40:36 +0000 2016,They expect constant connection  mobility  and innovation https://t.co/nrmXqjKfQV #mobile #attemployee,,,Twitter
Dallas14,32.853358,-96.817694,5567 W Lovers Ln,75209,Mon Oct 24 17:39:47 +0000 2016,"RT @ATT: @joeharris_stl I'm glad we were able to turn that around, Joe! https://t.co/pAJKrKvqHc",,,Twitter
Dallas14,32.853358,-96.817694,5567 W Lovers Ln,75209,Mon Oct 24 17:36:57 +0000 2016,RT @DallasInnovates: .@att CEO says $86B deal for @twxcorp would hasten #innovation https://t.co/gOr9K1V9AA https://t.co/1rV7isJMP2,,,Twitter
Dallas14,32.853358,-96.817694,5567 W Lovers Ln,75209,Mon Oct 24 17:35:36 +0000 2016,RT @ATT: Welcome to the team! @taylorswift13 https://t.co/4h86nLYuLo https://t.co/gAHOi7fPrZ,,,Twitter
Dallas14,32.853358,-96.817694,5567 W Lovers Ln,75209,Mon Oct 24 17:32:15 +0000 2016,❤️Companies that show their support for their Admins! #dallasadminawards @trunkclub @SouthwestAir @OmniDallas @jcpenney @DallasStars @ATT,,,Twitter
Dallas14,32.853358,-96.817694,5567 W Lovers Ln,75209,Mon Oct 24 17:30:36 +0000 2016,RT @DallasInnovates: .@att CEO says $86B deal for @twxcorp would hasten #innovation https://t.co/gOr9K1V9AA https://t.co/1rV7isJMP2,,,Twitter
Dallas14,32.853358,-96.817694,5567 W Lovers Ln,75209,Mon Oct 24 17:30:36 +0000 2016,@ATT CEO Randall Stephenson confident Time Warner merger will get past regulators https://t.co/QhFBlHyiUe via @dallasnews,,,Twitter
Dallas14,32.853358,-96.817694,5567 W Lovers Ln,75209,Mon Oct 24 17:30:06 +0000 2016,SDN + #AI is like peanut butter + jelly. Find out why it's a perfect combination: https://t.co/OrfatAuWXA https://t.co/51x4mQFmuW,,,Twitter
Dallas14,32.853358,-96.817694,5567 W Lovers Ln,75209,Mon Oct 24 17:28:03 +0000 2016,RT @DallasInnovates: .@att CEO says $86B deal for @twxcorp would hasten #innovation https://t.co/gOr9K1V9AA https://t.co/1rV7isJMP2,,,Twitter
Dallas14,32.853358,-96.817694,5567 W Lovers Ln,75209,Mon Oct 24 17:27:59 +0000 2016,RT @ATT: The #futureofvideo is mobile and the #futureofmobile is video. Time Warner + AT&amp;T make it happen! @twxcorp https://t.co/GKx4U9TQYg,,,Twitter
Dallas14,32.853358,-96.817694,5567 W Lovers Ln,75209,Mon Oct 24 17:26:13 +0000 2016,"If merger deal fails, #ATT and Time Warner would pay big https://t.co/WXwONzftnl #DFW #Tech",,,Twitter
Dallas14,32.853358,-96.817694,5567 W Lovers Ln,75209,Mon Oct 24 17:24:20 +0000 2016,.@att CEO says $86B deal for @twxcorp would hasten #innovation https://t.co/gOr9K1V9AA https://t.co/1rV7isJMP2,,,Twitter
Dallas14,32.853358,-96.817694,5567 W Lovers Ln,75209,Mon Oct 24 17:17:40 +0000 2016,"RT @ATT: #FootballEverywhere, 🍕, @SamsungMobile + @AnthonyAnderson = an epic game day! Watch the full video here: https://t.co/nEg01DkjCB h…",,,Twitter
Dallas14,32.853358,-96.817694,5567 W Lovers Ln,75209,Mon Oct 24 17:17:05 +0000 2016,AT&amp;T to buy Time Warner in media mega-deal https://t.co/7X75Grd1Jz #TimeWarner #att #technology https://t.co/Ol0F1gvPLT,,,Twitter
Dallas14,32.853358,-96.817694,5567 W Lovers Ln,75209,Mon Oct 24 17:14:20 +0000 2016,https://t.co/49ZLMR0tIl https://t.co/jtYjC9k8cc,,,Twitter
Dallas14,32.853358,-96.817694,5567 W Lovers Ln,75209,Mon Oct 24 17:12:20 +0000 2016,My iphone needs to hurry up and get here! 😩 @ATT,,,Twitter
Dallas14,32.853358,-96.817694,5567 W Lovers Ln,75209,Mon Oct 24 17:12:00 +0000 2016,.@ATT CEO Randall Stephenson confident @twxcorp merger will get past regulators https://t.co/D8PCh3orgV… https://t.co/QR9Diiio3T,,,Twitter
Dallas14,32.853358,-96.817694,5567 W Lovers Ln,75209,Mon Oct 24 17:07:14 +0000 2016,RT @ATT: The #futureofvideo is mobile and the #futureofmobile is video. Time Warner + AT&amp;T make it happen! @twxcorp https://t.co/GKx4U9TQYg,,,Twitter
Dallas14,32.853358,-96.817694,5567 W Lovers Ln,75209,Mon Oct 24 17:05:32 +0000 2016,Eight days left to get your 13 Nights of Halloween fix in! https://t.co/QsyOmB8p5Z #attemployee https://t.co/T61XmSss10,,,Twitter
Dallas14,32.853358,-96.817694,5567 W Lovers Ln,75209,Mon Oct 24 17:05:04 +0000 2016,AT&amp;T to purchase Time Warner in $85.4B deal https://t.co/MuJzjFpak9,,,Twitter
Dallas14,32.853358,-96.817694,5567 W Lovers Ln,75209,Mon Oct 24 17:04:37 +0000 2016,Eight days left to get your 13 Nights of Halloween fix in! https://t.co/41sK1B3Gbq #attemployee https://t.co/1vO5mCXVad,,,Twitter
Dallas14,32.853358,-96.817694,5567 W Lovers Ln,75209,Mon Oct 24 17:01:21 +0000 2016,"@stltoday 
Ready to live the good #LifeAtATT? #Hiring #Sales Executive #Field Sales #DesPeres, #SaintLouis, MO… https://t.co/KIQgZju94o",,,Twitter
Dallas14,32.853358,-96.817694,5567 W Lovers Ln,75209,Mon Oct 24 17:01:07 +0000 2016,RT @ATT: Get a sweet deal on the new iPhone 7 when you switch to AT&amp;T and have DIRECTV. https://t.co/TQVeUkmeZ6 https://t.co/zfZmNpe8AP,,,Twitter
Dallas14,32.853358,-96.817694,5567 W Lovers Ln,75209,Mon Oct 24 17:00:19 +0000 2016,"RT @ATT: Before you vote, grab the remote and tune into the final #debatenight at 8/7c. #UNLVPresDebate https://t.co/afLxTSZMLW",,,Twitter
Dallas14,32.853358,-96.817694,5567 W Lovers Ln,75209,Mon Oct 24 16:59:20 +0000 2016,RT @ATT: Welcome to the team! @taylorswift13 https://t.co/4h86nLYuLo https://t.co/gAHOi7fPrZ,,,Twitter
Dallas14,32.853358,-96.817694,5567 W Lovers Ln,75209,Mon Oct 24 16:57:43 +0000 2016,RT @melissa_repko: Hold on a sec: Time Warner Cable isn't part of AT&amp;T deal https://t.co/Pe32eNKepR,,,Twitter
Dallas14,32.853358,-96.817694,5567 W Lovers Ln,75209,Mon Oct 24 16:57:09 +0000 2016,RT @melissa_repko: Hold on a sec: Time Warner Cable isn't part of AT&amp;T deal https://t.co/Pe32eNKepR,,,Twitter
Dallas14,32.853358,-96.817694,5567 W Lovers Ln,75209,Mon Oct 24 16:55:44 +0000 2016,"@Y98 
Live the good #LifeAtATT. Now #Hiring #Sales Executive #Field Sales #Des
Peres, MO  https://t.co/bO52BqCzlS https://t.co/1vLKbr6p3X",,,Twitter
Dallas14,32.853358,-96.817694,5567 W Lovers Ln,75209,Mon Oct 24 16:54:07 +0000 2016,"@KPLR11 
Get in on the good #LifeAtATT!. #Hiring #Sales Executive #Field Sales #Des
Peres, MO… https://t.co/dC2spvZm8Z",,,Twitter
Dallas14,32.853358,-96.817694,5567 W Lovers Ln,75209,Mon Oct 24 16:54:02 +0000 2016,RT @ATT: The #futureofvideo is mobile and the #futureofmobile is video. Time Warner + AT&amp;T make it happen! @twxcorp https://t.co/GKx4U9TQYg,,,Twitter
Dallas14,32.853358,-96.817694,5567 W Lovers Ln,75209,Mon Oct 24 16:53:40 +0000 2016,Hold on a sec: Time Warner Cable isn't part of AT&amp;T deal https://t.co/Pe32eNKepR,,,Twitter
Dallas14,32.853358,-96.817694,5567 W Lovers Ln,75209,Mon Oct 24 16:53:09 +0000 2016,RT @ATT: The #futureofvideo is mobile and the #futureofmobile is video. Time Warner + AT&amp;T make it happen! @twxcorp https://t.co/GKx4U9TQYg,,,Twitter
Dallas14,32.853358,-96.817694,5567 W Lovers Ln,75209,Mon Oct 24 16:50:30 +0000 2016,"@tmj_stl_jobs 
Create unlimited earning potential!  AT&amp;T #Hiring #Sales Executive #Field Sales #Des Peres, MO… https://t.co/jnXXgIF1rk",,,Twitter
Dallas14,32.853358,-96.817694,5567 W Lovers Ln,75209,Mon Oct 24 16:48:51 +0000 2016,"@stlpublicradio 
Create unlimited earning potential! AT&amp;T #Hiring #Sales Executive #Field Sales #Des
Peres, MO… https://t.co/nj0F8nXWF9",,,Twitter
Dallas14,32.853358,-96.817694,5567 W Lovers Ln,75209,Mon Oct 24 16:48:07 +0000 2016,"Stephenson: AT&amp;T, Time Warner Deal ‘Defining the Future of Media’ https://t.co/4sUdiCV56t #Business #Tech_Startups",,,Twitter
Dallas14,32.853358,-96.817694,5567 W Lovers Ln,75209,Mon Oct 24 16:45:06 +0000 2016,"RT @dallasnews: Trump gets litigious, AT&amp;T gets bigger, @TomiLahren wins bigly: Your weekend news digest https://t.co/tjOy7OJCri https://t.…",,,Twitter
Dallas14,32.853358,-96.817694,5567 W Lovers Ln,75209,Mon Oct 24 16:40:55 +0000 2016,"RT @dallasnews: Trump gets litigious, AT&amp;T gets bigger, @TomiLahren wins bigly: Your weekend news digest https://t.co/tjOy7OJCri https://t.…",,,Twitter
Dallas14,32.853358,-96.817694,5567 W Lovers Ln,75209,Mon Oct 24 16:31:11 +0000 2016,RT @attJOBS: Hear from Kristin how our Business Sales Leadership Development Program led to her successful career: https://t.co/aitAtDInv5…,,,Twitter
Dallas14,32.853358,-96.817694,5567 W Lovers Ln,75209,Mon Oct 24 16:31:08 +0000 2016,RT @attJOBS: We're helping connect youth to their first jobs by signing on to the White House's First Job Compact. Learn more: https://t.co…,,,Twitter
Dallas14,32.853358,-96.817694,5567 W Lovers Ln,75209,Mon Oct 24 16:29:54 +0000 2016,"RT @DanielleDigest: Stephenson: @ATT, @twxcorp Deal ‘Defining the Future of Media’
https://t.co/r1nu4O8kO4 https://t.co/64Lz26A1zN",,,Twitter
Dallas14,32.853358,-96.817694,5567 W Lovers Ln,75209,Mon Oct 24 16:29:49 +0000 2016,"Stephenson: @ATT, @twxcorp Deal ‘Defining the Future of Media’
https://t.co/r1nu4O8kO4 https://t.co/64Lz26A1zN",,,Twitter
Dallas14,32.853358,-96.817694,5567 W Lovers Ln,75209,Mon Oct 24 16:29:11 +0000 2016,"Stephenson: AT&amp;T, Time Warner Deal ‘Defining the Future of Media’: Randall Stephenson, CEO of Dallas-based AT&amp;T,… https://t.co/rmmus4EMdn",,,Twitter
Dallas14,32.853358,-96.817694,5567 W Lovers Ln,75209,Mon Oct 24 16:24:52 +0000 2016,"RT @ATTBusiness: Your org faces cyberthreats at every turn, but you're not alone. Be #cyberaware with our new cybersecurity report: https:/…",,,Twitter
Dallas14,32.853358,-96.817694,5567 W Lovers Ln,75209,Mon Oct 24 16:23:11 +0000 2016,Hold on a sec: Time Warner Cable isn't part of #ATT deal https://t.co/3ZznGU0dq7 #DFW #Tech,,,Twitter
Dallas14,32.853358,-96.817694,5567 W Lovers Ln,75209,Mon Oct 24 16:21:08 +0000 2016,Hold on a sec: Time Warner Cable isn't part of AT&amp;T deal  | Technology | Dallas News https://t.co/Rhi8yhuotL https://t.co/wuPxaglGQw,,,Twitter
Dallas14,32.853358,-96.817694,5567 W Lovers Ln,75209,Mon Oct 24 16:17:16 +0000 2016,"RT @ATTBusiness: Your org faces cyberthreats at every turn, but you're not alone. Be #cyberaware with our new cybersecurity report: https:/…",,,Twitter
Dallas14,32.853358,-96.817694,5567 W Lovers Ln,75209,Mon Oct 24 16:16:40 +0000 2016,@pvanblaricom Hi Parker. DIRECTV customers get a free week of NBA League Pass from Oct. 25 to Nov. 1. Read more: https://t.co/u0RQjvWSfP,,,Twitter
Dallas14,32.853358,-96.817694,5567 W Lovers Ln,75209,Mon Oct 24 16:16:09 +0000 2016,"RT @melissa_repko: New marketing agency lands AT&amp;T, opens shop in Dallas and plans to employ 100 people. https://t.co/KTALGnMJl9 via @dalla…",,,Twitter
Dallas14,32.853358,-96.817694,5567 W Lovers Ln,75209,Mon Oct 24 16:10:57 +0000 2016,"RT @ATTBusiness: Hope you learned something new at today’s #ChatSTC. If you want to learn more, register for our free #ATTcyberconf: https:…",,,Twitter
Dallas14,32.853358,-96.817694,5567 W Lovers Ln,75209,Sat Oct 22 03:56:42 +0000 2016,"RT @ATT: Watch the @GreenDay @iHeartRadio Album Release Party Tonight, 9pm ET/PT on AUDIENCE. DIRECTV ch 239/U-verse ch 1114. https://t.co/…",,,Twitter
Dallas14,32.853358,-96.817694,5567 W Lovers Ln,75209,Sat Oct 22 03:51:05 +0000 2016,RT @ATT: Welcome to the team! @taylorswift13 https://t.co/4h86nLYuLo https://t.co/gAHOi7fPrZ,,,Twitter
Dallas14,32.853358,-96.817694,5567 W Lovers Ln,75209,Sat Oct 22 03:45:00 +0000 2016,"RT @ATT: Watch the @GreenDay @iHeartRadio Album Release Party Tonight, 9pm ET/PT on AUDIENCE. DIRECTV ch 239/U-verse ch 1114. https://t.co/…",,,Twitter
Dallas14,32.853358,-96.817694,5567 W Lovers Ln,75209,Sat Oct 22 03:42:55 +0000 2016,RT @ATT: Welcome to the team! @taylorswift13 https://t.co/4h86nLYuLo https://t.co/gAHOi7fPrZ,,,Twitter
Dallas14,32.853358,-96.817694,5567 W Lovers Ln,75209,Sat Oct 22 03:37:04 +0000 2016,"RT @ATT: Some people may wait a lifetime, but you don't have to. On 11/2-3, AT&amp;T customers can buy @kelly_clarkson tix early. https://t.co/…",,,Twitter
Dallas14,32.853358,-96.817694,5567 W Lovers Ln,75209,Sat Oct 22 03:25:35 +0000 2016,"RT @ATT: Watch the @GreenDay @iHeartRadio Album Release Party Tonight, 9pm ET/PT on AUDIENCE. DIRECTV ch 239/U-verse ch 1114. https://t.co/…",,,Twitter
Dallas14,32.853358,-96.817694,5567 W Lovers Ln,75209,Sat Oct 22 03:21:50 +0000 2016,RT @ATT: @Emma_Wilson44 We’ll be giving away tickets to Taylor fans including AT&amp;T customers + special guests. We’ll share ticketing detail…,,,Twitter
Dallas14,32.853358,-96.817694,5567 W Lovers Ln,75209,Sat Oct 22 03:17:26 +0000 2016,"RT @ATT: Some people may wait a lifetime, but you don't have to. On 11/2-3, AT&amp;T customers can buy @kelly_clarkson tix early. https://t.co/…",,,Twitter
Dallas14,32.853358,-96.817694,5567 W Lovers Ln,75209,Sat Oct 22 03:15:07 +0000 2016,RT @ATT: Welcome to the team! @taylorswift13 https://t.co/4h86nLYuLo https://t.co/gAHOi7fPrZ,,,Twitter
Dallas14,32.853358,-96.817694,5567 W Lovers Ln,75209,Sat Oct 22 03:13:08 +0000 2016,"RT @ATT: Watch the @GreenDay @iHeartRadio Album Release Party Tonight, 9pm ET/PT on AUDIENCE. DIRECTV ch 239/U-verse ch 1114. https://t.co/…",,,Twitter
Dallas14,32.853358,-96.817694,5567 W Lovers Ln,75209,Sat Oct 22 03:12:49 +0000 2016,"RT @ATT: Watch the @GreenDay @iHeartRadio Album Release Party Tonight, 9pm ET/PT on AUDIENCE. DIRECTV ch 239/U-verse ch 1114. https://t.co/…",,,Twitter
Dallas14,32.853358,-96.817694,5567 W Lovers Ln,75209,Sat Oct 22 03:05:05 +0000 2016,RT @ATT: Welcome to the team! @taylorswift13 https://t.co/4h86nLYuLo https://t.co/gAHOi7fPrZ,,,Twitter
Dallas14,32.853358,-96.817694,5567 W Lovers Ln,75209,Sat Oct 22 03:02:51 +0000 2016,RT @ATT: Welcome to the team! @taylorswift13 https://t.co/4h86nLYuLo https://t.co/gAHOi7fPrZ,,,Twitter
Dallas14,32.853358,-96.817694,5567 W Lovers Ln,75209,Sat Oct 22 03:00:44 +0000 2016,#Roadto5G with  #At&amp;t #ATT  @EricssonNA  @ATT https://t.co/wx0bjI240e,,,Twitter
Dallas14,32.853358,-96.817694,5567 W Lovers Ln,75209,Sat Oct 22 03:00:04 +0000 2016,"RT @ATT: Watch the @GreenDay @iHeartRadio Album Release Party Tonight, 9pm ET/PT on AUDIENCE. DIRECTV ch 239/U-verse ch 1114. https://t.co/…",,,Twitter
Dallas14,32.853358,-96.817694,5567 W Lovers Ln,75209,Sat Oct 22 02:31:11 +0000 2016,"RT @ATT: Some people may wait a lifetime, but you don't have to. On 11/2-3, AT&amp;T customers can buy @kelly_clarkson tix early. https://t.co/…",,,Twitter
Dallas14,32.853358,-96.817694,5567 W Lovers Ln,75209,Sat Oct 22 02:30:37 +0000 2016,"RT @ATT: Watch the @GreenDay @iHeartRadio Album Release Party Tonight, 9pm ET/PT on AUDIENCE. DIRECTV ch 239/U-verse ch 1114. https://t.co/…",,,Twitter
Dallas14,32.853358,-96.817694,5567 W Lovers Ln,75209,Sat Oct 22 02:26:33 +0000 2016,RT @ATT: Are you ready for the revolution? Watch the @GreenDay @iHeartRadio Album Release Party now. #iHeartGreenDay https://t.co/ec2gZXKu7U,,,Twitter
Dallas14,32.853358,-96.817694,5567 W Lovers Ln,75209,Sat Oct 22 02:25:09 +0000 2016,RT @ATT: Get a sweet deal on the new iPhone 7 when you switch to AT&amp;T and have DIRECTV. https://t.co/TQVeUkmeZ6 https://t.co/zfZmNpe8AP,,,Twitter
Dallas14,32.853358,-96.817694,5567 W Lovers Ln,75209,Sat Oct 22 02:22:33 +0000 2016,@ATT agrees in principle to buy Time Warner for $85 billion  https://t.co/ym97zYu1oG,,,Twitter
Dallas14,32.853358,-96.817694,5567 W Lovers Ln,75209,Sat Oct 22 02:16:38 +0000 2016,RT @ATT: Are you ready for the revolution? Watch the @GreenDay @iHeartRadio Album Release Party now. #iHeartGreenDay https://t.co/ec2gZXKu7U,,,Twitter
Dallas14,32.853358,-96.817694,5567 W Lovers Ln,75209,Sat Oct 22 02:01:41 +0000 2016,"RT @ATT: Watch the @GreenDay @iHeartRadio Album Release Party Tonight, 9pm ET/PT on AUDIENCE. DIRECTV ch 239/U-verse ch 1114. https://t.co/…",,,Twitter
Dallas14,32.853358,-96.817694,5567 W Lovers Ln,75209,Sat Oct 22 01:46:11 +0000 2016,RT @ATT: Get a sweet deal on the new iPhone 7 when you switch to AT&amp;T and have DIRECTV. https://t.co/TQVeUkmeZ6 https://t.co/zfZmNpe8AP,,,Twitter
Dallas14,32.853358,-96.817694,5567 W Lovers Ln,75209,Sat Oct 22 01:43:22 +0000 2016,RT @ATT: Welcome to the team! @taylorswift13 https://t.co/4h86nLYuLo https://t.co/gAHOi7fPrZ,,,Twitter
Dallas14,32.853358,-96.817694,5567 W Lovers Ln,75209,Sat Oct 22 01:42:21 +0000 2016,"Going on FOUR days without @ATT wireless service, can't get @ATTCares to respond to my latest msg. #ATTCommunity #CustomerService",,,Twitter
Dallas14,32.853358,-96.817694,5567 W Lovers Ln,75209,Sat Oct 22 01:37:16 +0000 2016,RT @ATT: Are you ready for the revolution? Watch the @GreenDay @iHeartRadio Album Release Party now. #iHeartGreenDay https://t.co/ec2gZXKu7U,,,Twitter
Dallas14,32.853358,-96.817694,5567 W Lovers Ln,75209,Sat Oct 22 01:13:55 +0000 2016,"RT @ATT: Watch the @GreenDay @iHeartRadio Album Release Party Tonight, 9pm ET/PT on AUDIENCE. DIRECTV ch 239/U-verse ch 1114. https://t.co/…",,,Twitter
Dallas14,32.853358,-96.817694,5567 W Lovers Ln,75209,Sat Oct 22 01:02:05 +0000 2016,"RT @ATT: Watch the @GreenDay @iHeartRadio Album Release Party Tonight, 9pm ET/PT on AUDIENCE. DIRECTV ch 239/U-verse ch 1114. https://t.co/…",,,Twitter
Dallas14,32.853358,-96.817694,5567 W Lovers Ln,75209,Sat Oct 22 00:51:12 +0000 2016,"RT @ATT: Watch the @GreenDay @iHeartRadio Album Release Party Tonight, 9pm ET/PT on AUDIENCE. DIRECTV ch 239/U-verse ch 1114. https://t.co/…",,,Twitter
Dallas14,32.853358,-96.817694,5567 W Lovers Ln,75209,Sat Oct 22 00:48:42 +0000 2016,"RT @ATT: Watch the @GreenDay @iHeartRadio Album Release Party Tonight, 9pm ET/PT on AUDIENCE. DIRECTV ch 239/U-verse ch 1114. https://t.co/…",,,Twitter
Dallas14,32.853358,-96.817694,5567 W Lovers Ln,75209,Sat Oct 22 00:38:35 +0000 2016,"RT @ATT: Some people may wait a lifetime, but you don't have to. On 11/2-3, AT&amp;T customers can buy @kelly_clarkson tix early. https://t.co/…",,,Twitter
Dallas14,32.853358,-96.817694,5567 W Lovers Ln,75209,Sat Oct 22 00:35:35 +0000 2016,"RT @ATT: Watch the @GreenDay @iHeartRadio Album Release Party Tonight, 9pm ET/PT on AUDIENCE. DIRECTV ch 239/U-verse ch 1114. https://t.co/…",,,Twitter
Dallas14,32.853358,-96.817694,5567 W Lovers Ln,75209,Sat Oct 22 00:31:31 +0000 2016,RT @theeagledallas: WATCH Green Day's album release party with @iHeartRadio &amp; @ATT TONIGHT 9PM ET/PT 🎸 https://t.co/xa5cQQVGxg https://t.co…,,,Twitter
Dallas14,32.853358,-96.817694,5567 W Lovers Ln,75209,Sat Oct 22 00:30:02 +0000 2016,WATCH Green Day's album release party with @iHeartRadio &amp; @ATT TONIGHT 9PM ET/PT 🎸 https://t.co/xa5cQQVGxg https://t.co/s6unQBd9wY,,,Twitter
Dallas14,32.853358,-96.817694,5567 W Lovers Ln,75209,Sat Oct 22 00:24:06 +0000 2016,RT @Jacqueline062: @ATT has the worst customer service imaginable. 😡,,,Twitter
Dallas14,32.853358,-96.817694,5567 W Lovers Ln,75209,Sat Oct 22 00:15:02 +0000 2016,RT @ATT: Welcome to the team! @taylorswift13 https://t.co/4h86nLYuLo https://t.co/gAHOi7fPrZ,,,Twitter
Dallas14,32.853358,-96.817694,5567 W Lovers Ln,75209,Sat Oct 22 00:07:32 +0000 2016,RT @ATT: Welcome to the team! @taylorswift13 https://t.co/4h86nLYuLo https://t.co/gAHOi7fPrZ,,,Twitter
Dallas14,32.853358,-96.817694,5567 W Lovers Ln,75209,Sat Oct 22 00:06:16 +0000 2016,"RT @ATT: Watch the @GreenDay @iHeartRadio Album Release Party Tonight, 9pm ET/PT on AUDIENCE. DIRECTV ch 239/U-verse ch 1114. https://t.co/…",,,Twitter
Dallas14,32.853358,-96.817694,5567 W Lovers Ln,75209,Fri Oct 21 23:50:39 +0000 2016,"RT @ATT: Some people may wait a lifetime, but you don't have to. On 11/2-3, AT&amp;T customers can buy @kelly_clarkson tix early. https://t.co/…",,,Twitter
Dallas14,32.853358,-96.817694,5567 W Lovers Ln,75209,Fri Oct 21 23:47:29 +0000 2016,"RT @ATT: Some people may wait a lifetime, but you don't have to. On 11/2-3, AT&amp;T customers can buy @kelly_clarkson tix early. https://t.co/…",,,Twitter
Dallas14,32.853358,-96.817694,5567 W Lovers Ln,75209,Fri Oct 21 23:46:45 +0000 2016,"RT @ATT: Watch the @GreenDay @iHeartRadio Album Release Party Tonight, 9pm ET/PT on AUDIENCE. DIRECTV ch 239/U-verse ch 1114. https://t.co/…",,,Twitter
Dallas14,32.853358,-96.817694,5567 W Lovers Ln,75209,Fri Oct 21 23:43:47 +0000 2016,"RT @ATT: Watch the @GreenDay @iHeartRadio Album Release Party Tonight, 9pm ET/PT on AUDIENCE. DIRECTV ch 239/U-verse ch 1114. https://t.co/…",,,Twitter
Dallas14,32.853358,-96.817694,5567 W Lovers Ln,75209,Fri Oct 21 23:40:54 +0000 2016,"RT @ATT: Some people may wait a lifetime, but you don't have to. On 11/2-3, AT&amp;T customers can buy @kelly_clarkson tix early. https://t.co/…",,,Twitter
Dallas14,32.853358,-96.817694,5567 W Lovers Ln,75209,Fri Oct 21 23:34:22 +0000 2016,"RT @ATT: Watch the @GreenDay @iHeartRadio Album Release Party Tonight, 9pm ET/PT on AUDIENCE. DIRECTV ch 239/U-verse ch 1114. https://t.co/…",,,Twitter
Dallas14,32.853358,-96.817694,5567 W Lovers Ln,75209,Fri Oct 21 23:33:45 +0000 2016,RT @ATT: Welcome to the team! @taylorswift13 https://t.co/4h86nLYuLo https://t.co/gAHOi7fPrZ,,,Twitter
Dallas14,32.853358,-96.817694,5567 W Lovers Ln,75209,Fri Oct 21 23:24:16 +0000 2016,RT @ATT: Welcome to the team! @taylorswift13 https://t.co/4h86nLYuLo https://t.co/gAHOi7fPrZ,,,Twitter
Dallas14,32.853358,-96.817694,5567 W Lovers Ln,75209,Fri Oct 21 23:18:07 +0000 2016,"RT @ATT: Watch the @GreenDay @iHeartRadio Album Release Party Tonight, 9pm ET/PT on AUDIENCE. DIRECTV ch 239/U-verse ch 1114. https://t.co/…",,,Twitter
Dallas14,32.853358,-96.817694,5567 W Lovers Ln,75209,Fri Oct 21 23:11:45 +0000 2016,"RT @ATT: Some people may wait a lifetime, but you don't have to. On 11/2-3, AT&amp;T customers can buy @kelly_clarkson tix early. https://t.co/…",,,Twitter
Dallas14,32.853358,-96.817694,5567 W Lovers Ln,75209,Fri Oct 21 23:10:51 +0000 2016,"@ATTCares Thanks, but no concern. Just pointing out the fantastic service!",,,Twitter
Dallas14,32.853358,-96.817694,5567 W Lovers Ln,75209,Fri Oct 21 23:06:22 +0000 2016,.@ATTCares Nice tower! https://t.co/3bZYFyYgxj,,,Twitter
Dallas14,32.853358,-96.817694,5567 W Lovers Ln,75209,Fri Oct 21 23:03:48 +0000 2016,RT @ATT: Welcome to the team! @taylorswift13 https://t.co/4h86nLYuLo https://t.co/gAHOi7fPrZ,,,Twitter
Dallas14,32.853358,-96.817694,5567 W Lovers Ln,75209,Fri Oct 21 22:58:28 +0000 2016,"RT @ATT: Watch the @GreenDay @iHeartRadio Album Release Party Tonight, 9pm ET/PT on AUDIENCE. DIRECTV ch 239/U-verse ch 1114. https://t.co/…",,,Twitter
Dallas14,32.853358,-96.817694,5567 W Lovers Ln,75209,Fri Oct 21 22:50:35 +0000 2016,"RT @ATT: Some people may wait a lifetime, but you don't have to. On 11/2-3, AT&amp;T customers can buy @kelly_clarkson tix early. https://t.co/…",,,Twitter
Dallas14,32.853358,-96.817694,5567 W Lovers Ln,75209,Fri Oct 21 22:48:33 +0000 2016,"RT @ATT: Some people may wait a lifetime, but you don't have to. On 11/2-3, AT&amp;T customers can buy @kelly_clarkson tix early. https://t.co/…",,,Twitter
Dallas14,32.853358,-96.817694,5567 W Lovers Ln,75209,Fri Oct 21 22:46:41 +0000 2016,"RT @ATT: We want to see your #ATTRedCarpet watch party! Tweet us your plans, and tune in on @AudienceNetwork on 11/2! #CMAAwards50 https://…",,,Twitter
Dallas14,32.853358,-96.817694,5567 W Lovers Ln,75209,Fri Oct 21 22:43:55 +0000 2016,"RT @ATT: Some people may wait a lifetime, but you don't have to. On 11/2-3, AT&amp;T customers can buy @kelly_clarkson tix early. https://t.co/…",,,Twitter
Dallas14,32.853358,-96.817694,5567 W Lovers Ln,75209,Fri Oct 21 22:43:35 +0000 2016,"RT @ATT: Some people may wait a lifetime, but you don't have to. On 11/2-3, AT&amp;T customers can buy @kelly_clarkson tix early. https://t.co/…",,,Twitter
Dallas14,32.853358,-96.817694,5567 W Lovers Ln,75209,Fri Oct 21 22:29:19 +0000 2016,"RT @ATT: Watch the @GreenDay @iHeartRadio Album Release Party Tonight, 9pm ET/PT on AUDIENCE. DIRECTV ch 239/U-verse ch 1114. https://t.co/…",,,Twitter
Dallas14,32.853358,-96.817694,5567 W Lovers Ln,75209,Fri Oct 21 22:26:27 +0000 2016,"RT @ATT: Watch the @GreenDay @iHeartRadio Album Release Party Tonight, 9pm ET/PT on AUDIENCE. DIRECTV ch 239/U-verse ch 1114. https://t.co/…",,,Twitter
Dallas14,32.853358,-96.817694,5567 W Lovers Ln,75209,Fri Oct 21 22:21:01 +0000 2016,RT @Uverse: Friday night plans? You + 🛋 + 🍿 + Liam Hemsworth. Order Independence Day: Resurgence and call it a date. https://t.co/tPqA5w8Gp…,,,Twitter
Dallas14,32.853358,-96.817694,5567 W Lovers Ln,75209,Fri Oct 21 22:03:59 +0000 2016,RT @ATT: Welcome to the team! @taylorswift13 https://t.co/4h86nLYuLo https://t.co/gAHOi7fPrZ,,,Twitter
Dallas14,32.853358,-96.817694,5567 W Lovers Ln,75209,Fri Oct 21 21:38:49 +0000 2016,"RT @ATT: Watch the @GreenDay @iHeartRadio Album Release Party Tonight, 9pm ET/PT on AUDIENCE. DIRECTV ch 239/U-verse ch 1114. https://t.co/…",,,Twitter
Dallas14,32.853358,-96.817694,5567 W Lovers Ln,75209,Fri Oct 21 21:37:58 +0000 2016,RT @ATT: Welcome to the team! @taylorswift13 https://t.co/4h86nLYuLo https://t.co/gAHOi7fPrZ,,,Twitter
Dallas14,32.853358,-96.817694,5567 W Lovers Ln,75209,Fri Oct 21 21:28:12 +0000 2016,"RT @ATT: Watch the @GreenDay @iHeartRadio Album Release Party Tonight, 9pm ET/PT on AUDIENCE. DIRECTV ch 239/U-verse ch 1114. https://t.co/…",,,Twitter
Dallas14,32.853358,-96.817694,5567 W Lovers Ln,75209,Fri Oct 21 21:10:31 +0000 2016,RT @ATT: Who made you a college 🏈 fan? Share with #MadeMeAFanContest for a chance to win. Rules https://t.co/hU3I3wFn5V https://t.co/xZbxUJ…,,,Twitter
Dallas14,32.853358,-96.817694,5567 W Lovers Ln,75209,Fri Oct 21 20:53:07 +0000 2016,"RT @ATT: Watch the @GreenDay @iHeartRadio Album Release Party Tonight, 9pm ET/PT on AUDIENCE. DIRECTV ch 239/U-verse ch 1114. https://t.co/…",,,Twitter
Dallas14,32.853358,-96.817694,5567 W Lovers Ln,75209,Fri Oct 21 20:39:58 +0000 2016,@ATTCares Kinda hard to do ANYTHING on the internet when the internet goes down/off/quits!  My internet just quit a few minutes ago on me.,,,Twitter
Dallas14,32.853358,-96.817694,5567 W Lovers Ln,75209,Fri Oct 21 20:39:12 +0000 2016,@ATT I hope you can demonstrate that @ATTCares by reading my forum link and contacting me https://t.co/78ZtbfNcuF lets talk #GreatISPsListen,,,Twitter
Dallas14,32.853358,-96.817694,5567 W Lovers Ln,75209,Fri Oct 21 20:36:41 +0000 2016,"RT @ATT: Watch the @GreenDay @iHeartRadio Album Release Party Tonight, 9pm ET/PT on AUDIENCE. DIRECTV ch 239/U-verse ch 1114. https://t.co/…",,,Twitter
Dallas14,32.853358,-96.817694,5567 W Lovers Ln,75209,Fri Oct 21 20:30:10 +0000 2016,RT @ATT: RT if you’ll be doing the time warp with Frank N. Furter and the gang tonight during @RockyHorrorFOX at 8/7 on @FOXTV. #RockyHorro…,,,Twitter
Dallas14,32.853358,-96.817694,5567 W Lovers Ln,75209,Fri Oct 21 20:24:35 +0000 2016,RT @ATT: Get a sweet deal on the new iPhone 7 when you switch to AT&amp;T and have DIRECTV. https://t.co/TQVeUkmeZ6 https://t.co/zfZmNpe8AP,,,Twitter
Dallas14,32.853358,-96.817694,5567 W Lovers Ln,75209,Fri Oct 21 19:53:44 +0000 2016,RT @ATT: RT if you’ll be doing the time warp with Frank N. Furter and the gang tonight during @RockyHorrorFOX at 8/7 on @FOXTV. #RockyHorro…,,,Twitter
Dallas14,32.853358,-96.817694,5567 W Lovers Ln,75209,Fri Oct 21 19:45:34 +0000 2016,RT @ATT: Who made you a college 🏈 fan? Share with #MadeMeAFanContest for a chance to win. Rules https://t.co/hU3I3wFn5V https://t.co/xZbxUJ…,,,Twitter
Dallas14,32.853358,-96.817694,5567 W Lovers Ln,75209,Fri Oct 21 19:38:22 +0000 2016,RT @ATT: Are you ready for the revolution? Watch the @GreenDay @iHeartRadio Album Release Party now. #iHeartGreenDay https://t.co/ec2gZXKu7U,,,Twitter
Dallas14,32.853358,-96.817694,5567 W Lovers Ln,75209,Fri Oct 21 19:30:37 +0000 2016,Sooooo you can’t watch @FoodNetwork on an Android TV with @ATT Uverse? Shitty.,,,Twitter
Dallas14,32.853358,-96.817694,5567 W Lovers Ln,75209,Fri Oct 21 19:11:47 +0000 2016,"RT @ATT: We want to see your #ATTRedCarpet watch party! Tweet us your plans, and tune in on @AudienceNetwork on 11/2! #CMAAwards50 https://…",,,Twitter
Dallas14,32.853358,-96.817694,5567 W Lovers Ln,75209,Fri Oct 21 18:58:55 +0000 2016,"RT @ATT: Watch the @GreenDay @iHeartRadio Album Release Party Tonight, 9pm ET/PT on AUDIENCE. DIRECTV ch 239/U-verse ch 1114. https://t.co/…",,,Twitter
Dallas14,32.853358,-96.817694,5567 W Lovers Ln,75209,Fri Oct 21 18:44:14 +0000 2016,"RT @ATT: Watch the @GreenDay @iHeartRadio Album Release Party Tonight, 9pm ET/PT on AUDIENCE. DIRECTV ch 239/U-verse ch 1114. https://t.co/…",,,Twitter
Dallas14,32.853358,-96.817694,5567 W Lovers Ln,75209,Fri Oct 21 18:43:27 +0000 2016,RT @ATT: Are you ready for the revolution? Watch the @GreenDay @iHeartRadio Album Release Party now. #iHeartGreenDay https://t.co/ec2gZXKu7U,,,Twitter
Dallas14,32.853358,-96.817694,5567 W Lovers Ln,75209,Fri Oct 21 18:34:14 +0000 2016,RT @ATT: Who made you a college 🏈 fan? Share with #MadeMeAFanContest for a chance to win. Rules https://t.co/hU3I3wFn5V https://t.co/xZbxUJ…,,,Twitter
Dallas14,32.853358,-96.817694,5567 W Lovers Ln,75209,Fri Oct 21 17:49:56 +0000 2016,@ATTCares I filed my complaint with the @FCC here https://t.co/inVguPMnYv,,,Twitter
Dallas14,32.853358,-96.817694,5567 W Lovers Ln,75209,Fri Oct 21 17:49:19 +0000 2016,RT @ATT: Get a sweet deal on the new iPhone 7 when you switch to AT&amp;T and have DIRECTV. https://t.co/TQVeUkmeZ6 https://t.co/zfZmNpe8AP,,,Twitter
Dallas14,32.853358,-96.817694,5567 W Lovers Ln,75209,Fri Oct 21 17:47:37 +0000 2016,"RT @ATT: Watch the @GreenDay @iHeartRadio Album Release Party Tonight, 9pm ET/PT on AUDIENCE. DIRECTV ch 239/U-verse ch 1114. https://t.co/…",,,Twitter
Dallas14,32.853358,-96.817694,5567 W Lovers Ln,75209,Fri Oct 21 17:25:42 +0000 2016,"RT @ATT: Watch the @GreenDay @iHeartRadio Album Release Party Tonight, 9pm ET/PT on AUDIENCE. DIRECTV ch 239/U-verse ch 1114. https://t.co/…",,,Twitter
Dallas14,32.853358,-96.817694,5567 W Lovers Ln,75209,Fri Oct 21 17:22:35 +0000 2016,@ATT has the worst customer service imaginable. 😡,,,Twitter
Dallas14,32.853358,-96.817694,5567 W Lovers Ln,75209,Fri Oct 21 17:14:02 +0000 2016,RT @ATT: Welcome to the team! @taylorswift13 https://t.co/4h86nLYuLo https://t.co/gAHOi7fPrZ,,,Twitter
Dallas14,32.853358,-96.817694,5567 W Lovers Ln,75209,Fri Oct 21 17:13:30 +0000 2016,RT @ATT: Are you ready for the revolution? Watch the @GreenDay @iHeartRadio Album Release Party now. #iHeartGreenDay https://t.co/ec2gZXKu7U,,,Twitter
Dallas14,32.853358,-96.817694,5567 W Lovers Ln,75209,Fri Oct 21 17:12:00 +0000 2016,"RT @ATT: @marariann_ This is a special, invitation-only concert, but we’ll be giving away lots of tickets to fans and AT&amp;T customers soon.",,,Twitter
Dallas14,32.853358,-96.817694,5567 W Lovers Ln,75209,Fri Oct 21 17:08:39 +0000 2016,RT @ATT: Welcome to the team! @taylorswift13 https://t.co/4h86nLYuLo https://t.co/gAHOi7fPrZ,,,Twitter
Dallas14,32.853358,-96.817694,5567 W Lovers Ln,75209,Fri Oct 21 17:08:17 +0000 2016,RT @ATT: Who made you a college 🏈 fan? Share with #MadeMeAFanContest for a chance to win. Rules https://t.co/hU3I3wFn5V https://t.co/xZbxUJ…,,,Twitter
Dallas14,32.853358,-96.817694,5567 W Lovers Ln,75209,Fri Oct 21 16:39:14 +0000 2016,Went to file a formal complaint against my ISP @ATTCares to find out @FCC 's website is down https://t.co/wEqxwPSNoE :(,,,Twitter
Dallas14,32.853358,-96.817694,5567 W Lovers Ln,75209,Fri Oct 21 16:38:14 +0000 2016,RT @ATT: Who made you a college 🏈 fan? Share with #MadeMeAFanContest for a chance to win. Rules https://t.co/hU3I3wFn5V https://t.co/xZbxUJ…,,,Twitter
Dallas14,32.853358,-96.817694,5567 W Lovers Ln,75209,Fri Oct 21 16:21:51 +0000 2016,"RT @ATT: Watch the @GreenDay @iHeartRadio Album Release Party Tonight, 9pm ET/PT on AUDIENCE. DIRECTV ch 239/U-verse ch 1114. https://t.co/…",,,Twitter
Dallas14,32.853358,-96.817694,5567 W Lovers Ln,75209,Fri Oct 21 16:21:06 +0000 2016,"RT @ATT: Watch the @GreenDay @iHeartRadio Album Release Party Tonight, 9pm ET/PT on AUDIENCE. DIRECTV ch 239/U-verse ch 1114. https://t.co/…",,,Twitter
Dallas14,32.853358,-96.817694,5567 W Lovers Ln,75209,Fri Oct 21 16:10:14 +0000 2016,RT @ATT: Welcome to the team! @taylorswift13 https://t.co/4h86nLYuLo https://t.co/gAHOi7fPrZ,,,Twitter
Dallas14,32.853358,-96.817694,5567 W Lovers Ln,75209,Fri Oct 21 16:06:52 +0000 2016,"RT @ATT: Watch the @GreenDay @iHeartRadio Album Release Party Tonight, 9pm ET/PT on AUDIENCE. DIRECTV ch 239/U-verse ch 1114. https://t.co/…",,,Twitter
Dallas14,32.853358,-96.817694,5567 W Lovers Ln,75209,Fri Oct 21 15:58:24 +0000 2016,RT @ATT: Are you ready for the revolution? Watch the @GreenDay @iHeartRadio Album Release Party now. #iHeartGreenDay https://t.co/ec2gZXKu7U,,,Twitter
Dallas14,32.853358,-96.817694,5567 W Lovers Ln,75209,Fri Oct 21 15:55:02 +0000 2016,"RT @ATT: Watch the @GreenDay @iHeartRadio Album Release Party Tonight, 9pm ET/PT on AUDIENCE. DIRECTV ch 239/U-verse ch 1114. https://t.co/…",,,Twitter
Dallas14,32.853358,-96.817694,5567 W Lovers Ln,75209,Fri Oct 21 15:43:29 +0000 2016,RT @ATT: RT if you’ll be doing the time warp with Frank N. Furter and the gang tonight during @RockyHorrorFOX at 8/7 on @FOXTV. #RockyHorro…,,,Twitter
