Store,Latitude,Longitude,Address,Zip,CreatedAt,Text,Senti,Rating,Source
Dallas17,32.739229,-96.682466,1530 S Buckner Blvd,75217,Tue Oct 25 17:47:18 +0000 2016,RT @SportsDayDFW: Big 12's decision on football divisions expected in near future; AT&amp;T Stadium favored to host title game? https://t.co/km…,,,Twitter
Dallas17,32.739229,-96.682466,1530 S Buckner Blvd,75217,Tue Oct 25 17:46:38 +0000 2016,@MaxAulakh Hi Max. We want to help get to the bottom of this. Are you able to DM us your account number and contact phone number?,,,Twitter
Dallas17,32.739229,-96.682466,1530 S Buckner Blvd,75217,Tue Oct 25 17:45:11 +0000 2016,damn s/o @ATT for spying on Americans for profit AND providing shit internet,,,Twitter
Dallas17,32.739229,-96.682466,1530 S Buckner Blvd,75217,Tue Oct 25 17:40:35 +0000 2016,Millennials - largest generation of US workforce &amp; likely over 1/2 global by 2020 https://t.co/nrmXqjKfQV #telecom #attemployee,,,Twitter
Dallas17,32.739229,-96.682466,1530 S Buckner Blvd,75217,Tue Oct 25 17:37:35 +0000 2016,"Iowa Sen. Grassley calls for review of AT&amp;T, Time Warner deal https://t.co/OhjWTbq6ks",,,Twitter
Dallas17,32.739229,-96.682466,1530 S Buckner Blvd,75217,Tue Oct 25 17:37:06 +0000 2016,AT&amp;T begins push to sell customers on Time Warner merger https://t.co/Hy26OVyKjI | @melissa_repko https://t.co/ysgmhStvKk,,,Twitter
Dallas17,32.739229,-96.682466,1530 S Buckner Blvd,75217,Tue Oct 25 17:32:33 +0000 2016,RT @ATTBusiness: Watch how to protect your business from evolving threats. Get our report to learn more: https://t.co/8Ixmpp7esC #ATTCyberC…,,,Twitter
Dallas17,32.739229,-96.682466,1530 S Buckner Blvd,75217,Tue Oct 25 17:31:02 +0000 2016,RT @ATT: Another reason to smile for the camera. The #LGV20 from @LGUSAMobile will be available in stores starting today. https://t.co/TILu…,,,Twitter
Dallas17,32.739229,-96.682466,1530 S Buckner Blvd,75217,Tue Oct 25 17:28:52 +0000 2016,RT @attJOBS: Our new #SanFrancisco flagship store is restored and ready for the future with our latest technology. Take a look: https://t.c…,,,Twitter
Dallas17,32.739229,-96.682466,1530 S Buckner Blvd,75217,Tue Oct 25 17:23:14 +0000 2016,"How to talk about the #ATT, Time Warner deal like an insider https://t.co/vO3oDsR86f #DFW #Tech",,,Twitter
Dallas17,32.739229,-96.682466,1530 S Buckner Blvd,75217,Tue Oct 25 17:15:33 +0000 2016,New media agency Hearts &amp; Science lands AT&amp;T / opens #Dallas shop / plans to hire 100 people. Welcome to Big D! https://t.co/UQ76xMu0sE,,,Twitter
Dallas17,32.739229,-96.682466,1530 S Buckner Blvd,75217,Tue Oct 25 17:11:34 +0000 2016,RT @ATT: Another reason to smile for the camera. The #LGV20 from @LGUSAMobile will be available in stores starting today. https://t.co/TILu…,,,Twitter
Dallas17,32.739229,-96.682466,1530 S Buckner Blvd,75217,Tue Oct 25 17:07:48 +0000 2016,"RT @dmn_cowboys: No playoff games at AT&amp;T Stadium the first 3 rounds, but The Star may host postseason games the first 5 rounds  https://t.…",,,Twitter
Dallas17,32.739229,-96.682466,1530 S Buckner Blvd,75217,Tue Oct 25 17:05:06 +0000 2016,Why Democrats and Republicans both want to stop the AT&amp;T/Time Warner merger https://t.co/NsiQ6GFYIv,,,Twitter
Dallas17,32.739229,-96.682466,1530 S Buckner Blvd,75217,Tue Oct 25 17:01:05 +0000 2016,RT @attJOBS: Share what you love about tech with our diverse customer base. Now Hiring in the Bay Area! https://t.co/vK804bbb18 https://t.c…,,,Twitter
Dallas17,32.739229,-96.682466,1530 S Buckner Blvd,75217,Tue Oct 25 16:56:13 +0000 2016,RT @attJOBS: Our new #SanFrancisco flagship store is restored and ready for the future with our latest technology. Take a look: https://t.c…,,,Twitter
Dallas17,32.739229,-96.682466,1530 S Buckner Blvd,75217,Tue Oct 25 16:54:28 +0000 2016,"RT @dmn_cowboys: No playoff games at AT&amp;T Stadium the first 3 rounds, but The Star may host postseason games the first 5 rounds  https://t.…",,,Twitter
Dallas17,32.739229,-96.682466,1530 S Buckner Blvd,75217,Tue Oct 25 16:54:28 +0000 2016,"How to talk about the AT&amp;T, Time Warner deal like an insider. https://t.co/3AB12cPQEs",,,Twitter
Dallas17,32.739229,-96.682466,1530 S Buckner Blvd,75217,Tue Oct 25 16:52:02 +0000 2016,"RT @dmn_cowboys: No playoff games at AT&amp;T Stadium the first 3 rounds, but The Star may host postseason games the first 5 rounds  https://t.…",,,Twitter
Dallas17,32.739229,-96.682466,1530 S Buckner Blvd,75217,Tue Oct 25 16:51:42 +0000 2016,"RT @dmn_cowboys: No playoff games at AT&amp;T Stadium the first 3 rounds, but The Star may host postseason games the first 5 rounds  https://t.…",,,Twitter
Dallas17,32.739229,-96.682466,1530 S Buckner Blvd,75217,Tue Oct 25 16:51:29 +0000 2016,RT @ATT: Get a sweet deal on the new iPhone 7 when you switch to AT&amp;T and have DIRECTV. https://t.co/TQVeUkmeZ6 https://t.co/zfZmNpe8AP,,,Twitter
Dallas17,32.739229,-96.682466,1530 S Buckner Blvd,75217,Tue Oct 25 16:49:54 +0000 2016,#ESports 101 for the uninitiated on #TheBridgeATT https://t.co/4GKkDEBZaJ #attemployee https://t.co/O3jHI7KUb4,,,Twitter
Dallas17,32.739229,-96.682466,1530 S Buckner Blvd,75217,Tue Oct 25 16:48:24 +0000 2016,"When you work from home and the Wifi is down 🙃

And they can't come to fix it until tomorrow night... @ATTCares",,,Twitter
Dallas17,32.739229,-96.682466,1530 S Buckner Blvd,75217,Tue Oct 25 16:47:56 +0000 2016,Big 12's decision on football divisions expected in near future; AT&amp;T Stadium favored to host title game?… https://t.co/8DTbd1iyWP,,,Twitter
Dallas17,32.739229,-96.682466,1530 S Buckner Blvd,75217,Tue Oct 25 16:46:59 +0000 2016,RT @dallasnews: What to make of an AT&amp;T and Time Warner merger | @DMNOpinion https://t.co/pwyOcObJxn https://t.co/VfavqBHiwK,,,Twitter
Dallas17,32.739229,-96.682466,1530 S Buckner Blvd,75217,Tue Oct 25 16:46:43 +0000 2016,@DIRECTV Im having problems with my box and all i keep getting is fucked up customer service. ..,,,Twitter
Dallas17,32.739229,-96.682466,1530 S Buckner Blvd,75217,Tue Oct 25 16:46:17 +0000 2016,What to make of an AT&amp;T and Time Warner merger | @DMNOpinion https://t.co/pwyOcObJxn https://t.co/VfavqBHiwK,,,Twitter
Dallas17,32.739229,-96.682466,1530 S Buckner Blvd,75217,Tue Oct 25 16:40:17 +0000 2016,RT @ATT: Welcome to the team! @taylorswift13 https://t.co/4h86nLYuLo https://t.co/gAHOi7fPrZ,,,Twitter
Dallas17,32.739229,-96.682466,1530 S Buckner Blvd,75217,Tue Oct 25 16:37:45 +0000 2016,Big 12's decision on football divisions expected in near future; AT&amp;T Stadium favored to host title game? https://t.co/zrnRIY7P48,,,Twitter
Dallas17,32.739229,-96.682466,1530 S Buckner Blvd,75217,Tue Oct 25 16:37:00 +0000 2016,Big 12's decision on football divisions expected in near future; AT&amp;T Stadium favored to host title game? - D... https://t.co/tX2mO4Kcit,,,Twitter
Dallas17,32.739229,-96.682466,1530 S Buckner Blvd,75217,Tue Oct 25 16:29:26 +0000 2016,[At least potentially] AT&amp;T Deal Offers Ad-Industry Aid -- WSJ https://t.co/kulq3UP5jO via @Nasdaq,,,Twitter
Dallas17,32.739229,-96.682466,1530 S Buckner Blvd,75217,Tue Oct 25 16:27:36 +0000 2016,@ATTCares what details? Look at the picture and take in how stupid it is.,,,Twitter
Dallas17,32.739229,-96.682466,1530 S Buckner Blvd,75217,Tue Oct 25 16:25:12 +0000 2016,The new AT&amp;T could control the path from the cable box to your phone https://t.co/cCSmTmGWfJ // Interesting deal..… https://t.co/yG2a53AHJJ,,,Twitter
Dallas17,32.739229,-96.682466,1530 S Buckner Blvd,75217,Tue Oct 25 16:25:00 +0000 2016,What to make of an AT&amp;T and Time Warner merger https://t.co/GS89pWNIJu https://t.co/xsnOAOF6sF,,,Twitter
Dallas17,32.739229,-96.682466,1530 S Buckner Blvd,75217,Tue Oct 25 16:24:56 +0000 2016,RT @ATT: Another reason to smile for the camera. The #LGV20 from @LGUSAMobile will be available in stores starting today. https://t.co/TILu…,,,Twitter
Dallas17,32.739229,-96.682466,1530 S Buckner Blvd,75217,Tue Oct 25 16:23:48 +0000 2016,"@JMar_lewis We love your soccer passion! Follow and DM us, we have something for you #SoccerEverywhere",,,Twitter
Dallas17,32.739229,-96.682466,1530 S Buckner Blvd,75217,Tue Oct 25 16:20:29 +0000 2016,"""AT&amp;T Set to Lobby for Merger With Deep Pockets and a Big Network"" via @nytimes https://t.co/Gx1AiAutKf https://t.co/5tRMdWeqfw",,,Twitter
Dallas17,32.739229,-96.682466,1530 S Buckner Blvd,75217,Tue Oct 25 16:19:17 +0000 2016,"Hey @ATTCares if Uverse service is out in my neighborhood, can I get a discount on my extra mobile data usage?",,,Twitter
Dallas17,32.739229,-96.682466,1530 S Buckner Blvd,75217,Tue Oct 25 16:18:27 +0000 2016,RT @ATT: Get a sweet deal on the new iPhone 7 when you switch to AT&amp;T and have DIRECTV. https://t.co/TQVeUkmeZ6 https://t.co/zfZmNpe8AP,,,Twitter
Dallas17,32.739229,-96.682466,1530 S Buckner Blvd,75217,Tue Oct 25 16:17:34 +0000 2016,"RT @dallasnews: Can @ATT and @twxcorp avoid a left-brain, right-brain culture clash? https://t.co/yHdZP2gthZ | @MitchSchnurman https://t.co…",,,Twitter
Dallas17,32.739229,-96.682466,1530 S Buckner Blvd,75217,Tue Oct 25 16:16:44 +0000 2016,"Can @ATT and @twxcorp avoid a left-brain, right-brain culture clash? https://t.co/yHdZP2gthZ | @MitchSchnurman https://t.co/7NGS7Iampy",,,Twitter
Dallas17,32.739229,-96.682466,1530 S Buckner Blvd,75217,Tue Oct 25 16:15:35 +0000 2016,"Me: If I pay you every month, will you give me internet? 
ATT: yep
Me:wifi is down
ATT: We'll fix it. For a fee.
Me: but I already pay you",,,Twitter
Dallas17,32.739229,-96.682466,1530 S Buckner Blvd,75217,Tue Oct 25 16:15:34 +0000 2016,"""AT&amp;T Set to Lobby for Merger With Deep Pockets and a Big Network"" by CECILIA KANG and ERI… https://t.co/ghFQggHyyr https://t.co/VZKXs8yAU8",,,Twitter
Dallas17,32.739229,-96.682466,1530 S Buckner Blvd,75217,Tue Oct 25 16:08:34 +0000 2016,RT @ATT: Welcome to the team! @taylorswift13 https://t.co/4h86nLYuLo https://t.co/gAHOi7fPrZ,,,Twitter
Dallas17,32.739229,-96.682466,1530 S Buckner Blvd,75217,Tue Oct 25 15:58:50 +0000 2016,RT @ATTBusiness: Watch how to protect your business from evolving threats. Get our report to learn more: https://t.co/8Ixmpp7esC #ATTCyberC…,,,Twitter
Dallas17,32.739229,-96.682466,1530 S Buckner Blvd,75217,Tue Oct 25 15:58:42 +0000 2016,Watch how to protect your business from evolving threats. Get our report to learn more: https://t.co/8Ixmpp7esC… https://t.co/Uwj6XaJ20N,,,Twitter
Dallas17,32.739229,-96.682466,1530 S Buckner Blvd,75217,Tue Oct 25 15:51:46 +0000 2016,RT @ATT: Welcome to the team! @taylorswift13 https://t.co/4h86nLYuLo https://t.co/gAHOi7fPrZ,,,Twitter
Dallas17,32.739229,-96.682466,1530 S Buckner Blvd,75217,Tue Oct 25 15:49:38 +0000 2016,RT @ATT: Welcome to the team! @taylorswift13 https://t.co/4h86nLYuLo https://t.co/gAHOi7fPrZ,,,Twitter
Dallas17,32.739229,-96.682466,1530 S Buckner Blvd,75217,Tue Oct 25 15:37:56 +0000 2016,"RT @dallasnews: #EarlyVoting records, rising health care costs, AT&amp;T merger updates: Your Tuesday morning news roundup | https://t.co/qEnxI…",,,Twitter
Dallas17,32.739229,-96.682466,1530 S Buckner Blvd,75217,Tue Oct 25 15:33:42 +0000 2016,RT @ATTBusiness: Maximize taste + minimize waste w/ #IoT! See how @ndustrialio preserves the nation’s food supply:  https://t.co/mKztl4Nw9n…,,,Twitter
Dallas17,32.739229,-96.682466,1530 S Buckner Blvd,75217,Tue Oct 25 15:33:11 +0000 2016,RT @ATTBusiness: Maximize taste + minimize waste w/ #IoT! See how @ndustrialio preserves the nation’s food supply:  https://t.co/mKztl4Nw9n…,,,Twitter
Dallas17,32.739229,-96.682466,1530 S Buckner Blvd,75217,Tue Oct 25 15:25:40 +0000 2016,RT @ATT: Welcome to the team! @taylorswift13 https://t.co/4h86nLYuLo https://t.co/gAHOi7fPrZ,,,Twitter
Dallas17,32.739229,-96.682466,1530 S Buckner Blvd,75217,Tue Oct 25 15:21:06 +0000 2016,RT @ATT: Welcome to the team! @taylorswift13 https://t.co/4h86nLYuLo https://t.co/gAHOi7fPrZ,,,Twitter
Dallas17,32.739229,-96.682466,1530 S Buckner Blvd,75217,Tue Oct 25 15:18:09 +0000 2016,RT @attJOBS: Our new #SanFrancisco flagship store is restored and ready for the future with our latest technology. Take a look: https://t.c…,,,Twitter
Dallas17,32.739229,-96.682466,1530 S Buckner Blvd,75217,Tue Oct 25 15:18:07 +0000 2016,"RT @FridayNghtGlory: No playoff games at AT&amp;T Stadium the first 3 rounds, but The Star may host postseason games the first 5 rounds  https:…",,,Twitter
Dallas17,32.739229,-96.682466,1530 S Buckner Blvd,75217,Tue Oct 25 15:14:57 +0000 2016,"RT @FridayNghtGlory: No playoff games at AT&amp;T Stadium the first 3 rounds, but The Star may host postseason games the first 5 rounds  https:…",,,Twitter
Dallas17,32.739229,-96.682466,1530 S Buckner Blvd,75217,Tue Oct 25 15:14:27 +0000 2016,RT @ConnectToGood: We're counting down to March! Join us to support charities w/ @BracketsForGood. Nonprofits apply by 10/28 https://t.co/R…,,,Twitter
Dallas17,32.739229,-96.682466,1530 S Buckner Blvd,75217,Tue Oct 25 15:12:50 +0000 2016,An AT&amp;T-Time Warner Merger Won’t Do Jack for Consumers https://t.co/damsSKX3YL,,,Twitter
Dallas17,32.739229,-96.682466,1530 S Buckner Blvd,75217,Tue Oct 25 15:11:58 +0000 2016,RT @KristyStaz: 5G - what does that mean to me?  Advancing Our Network with LTE and Beyond | AT&amp;T https://t.co/4hCQpWK8b5 via @sharethis,,,Twitter
Dallas17,32.739229,-96.682466,1530 S Buckner Blvd,75217,Tue Oct 25 15:10:28 +0000 2016,RT @RickTweetTweet: AT&amp;T Employees Break Records for Stop Hunger Now #ATTimpact https://t.co/f7k0rq100P #attemployee https://t.co/pUbfsZkOYe,,,Twitter
Dallas17,32.739229,-96.682466,1530 S Buckner Blvd,75217,Tue Oct 25 15:07:21 +0000 2016,RT @attJOBS: Our new #SanFrancisco flagship store is restored and ready for the future with our latest technology. Take a look: https://t.c…,,,Twitter
Dallas17,32.739229,-96.682466,1530 S Buckner Blvd,75217,Tue Oct 25 15:00:57 +0000 2016,"AT&amp;T research shows most businesses suffer from preventable cyberattacks, not new or unknown threats… https://t.co/0mG1UUhfdQ",,,Twitter
Dallas17,32.739229,-96.682466,1530 S Buckner Blvd,75217,Tue Oct 25 15:00:20 +0000 2016,Thanks @ATTCares Miguel for fixing the situation 💯✔,,,Twitter
Dallas17,32.739229,-96.682466,1530 S Buckner Blvd,75217,Tue Oct 25 15:00:02 +0000 2016,No seas esa persona. Los mejores selfies son tomados fuera de la carretera. Haz la promesa visitando… https://t.co/4aJCMupw30,,,Twitter
Dallas17,32.739229,-96.682466,1530 S Buckner Blvd,75217,Tue Oct 25 14:52:06 +0000 2016,Republicans And Democrats Unite Against $86 Billion AT&amp;T-Time Warner Merger Deal via @forbes https://t.co/Ly9oyXV9qV,,,Twitter
Dallas17,32.739229,-96.682466,1530 S Buckner Blvd,75217,Tue Oct 25 14:45:26 +0000 2016,RT @DougMagditch: It's official: AT&amp;T to Acquire Time Warner ... I'm so excited for the future of our company! https://t.co/soDLs4C87o #att…,,,Twitter
Dallas17,32.739229,-96.682466,1530 S Buckner Blvd,75217,Tue Oct 25 14:34:50 +0000 2016,"RT @FridayNghtGlory: No playoff games at AT&amp;T Stadium the first 3 rounds, but The Star may host postseason games the first 5 rounds  https:…",,,Twitter
Dallas17,32.739229,-96.682466,1530 S Buckner Blvd,75217,Tue Oct 25 14:33:10 +0000 2016,"RT @FridayNghtGlory: No playoff games at AT&amp;T Stadium the first 3 rounds, but The Star may host postseason games the first 5 rounds  https:…",,,Twitter
Dallas17,32.739229,-96.682466,1530 S Buckner Blvd,75217,Tue Oct 25 14:27:50 +0000 2016,"RT @dallasnews: Speak now: Why critics want the $108 billion marriage of AT&amp;T, Time Warner to fail https://t.co/cAtlH2KlsI | @krobijake htt…",,,Twitter
Dallas17,32.739229,-96.682466,1530 S Buckner Blvd,75217,Tue Oct 25 14:23:51 +0000 2016,"@ATTCares The link to stop you sending me marketing emails does not work, Fix it.",,,Twitter
Dallas17,32.739229,-96.682466,1530 S Buckner Blvd,75217,Tue Oct 25 14:20:22 +0000 2016,"No playoff games at AT&amp;T Stadium the first 3 rounds, but The Star may host postseason games the first 5 rounds  https://t.co/h1RNjPOn0y",,,Twitter
Dallas17,32.739229,-96.682466,1530 S Buckner Blvd,75217,Tue Oct 25 14:18:59 +0000 2016,5G - what does that mean to me?  Advancing Our Network with LTE and Beyond | AT&amp;T https://t.co/4hCQpWK8b5 via @sharethis,,,Twitter
Dallas17,32.739229,-96.682466,1530 S Buckner Blvd,75217,Tue Oct 25 14:15:51 +0000 2016,"RT @dallasnews: Speak now: Why critics want the $108 billion marriage of AT&amp;T, Time Warner to fail https://t.co/cAtlH2KlsI | @krobijake htt…",,,Twitter
Dallas17,32.739229,-96.682466,1530 S Buckner Blvd,75217,Tue Oct 25 14:15:34 +0000 2016,New #IoT Security Guidelines from the Dept of Homeland Security https://t.co/JYEzMC6yd2 #attemployee https://t.co/etAJakAaIO,,,Twitter
Dallas17,32.739229,-96.682466,1530 S Buckner Blvd,75217,Tue Oct 25 14:15:30 +0000 2016,"Speak now: Why critics want the $108 billion marriage of AT&amp;T, Time Warner to fail https://t.co/cAtlH2KlsI |… https://t.co/t5UmRPm6Uq",,,Twitter
Dallas17,32.739229,-96.682466,1530 S Buckner Blvd,75217,Tue Oct 25 14:14:16 +0000 2016,RT @ATT: The #futureofvideo is mobile and the #futureofmobile is video. Time Warner + AT&amp;T make it happen! @twxcorp https://t.co/GKx4U9TQYg,,,Twitter
Dallas17,32.739229,-96.682466,1530 S Buckner Blvd,75217,Tue Oct 25 14:13:57 +0000 2016,RT @attJOBS: At the end of an interview you have a chance to make a lasting impression. Take it! Learn how: https://t.co/Fq9rgFL6f3 #Career…,,,Twitter
Dallas17,32.739229,-96.682466,1530 S Buckner Blvd,75217,Tue Oct 25 14:13:21 +0000 2016,RT @dallasnews: How have Texas lawmakers reacted to @ATT's megamerger? Mostly with silence | https://t.co/kyNP8BfpgC @tombenning https://t.…,,,Twitter
Dallas17,32.739229,-96.682466,1530 S Buckner Blvd,75217,Tue Oct 25 14:11:19 +0000 2016,"RT @attJOBS: With the power to shape new accessibility tech (like a speech-to-text hearing aid), #InclusionWorks at AT&amp;T. https://t.co/P4aq…",,,Twitter
Dallas17,32.739229,-96.682466,1530 S Buckner Blvd,75217,Tue Oct 25 14:07:12 +0000 2016,What’s different about 5G than previous “G’s”? https://t.co/5SD9zNlIXA #attemployee https://t.co/DEaRs9kWN0,,,Twitter
Dallas17,32.739229,-96.682466,1530 S Buckner Blvd,75217,Tue Oct 25 14:07:10 +0000 2016,"Get an exclusive look at ""Kill Command"" on DIRECTV https://t.co/0FgltVwB0S #attemployee https://t.co/p3rQofuG5b",,,Twitter
Dallas17,32.739229,-96.682466,1530 S Buckner Blvd,75217,Tue Oct 25 14:07:07 +0000 2016,Be Determined to Live Your Dream: An interview with Oscar De La Hoya https://t.co/SANTggT5fi #attemployee https://t.co/ZaXMtqYipX,,,Twitter
Dallas17,32.739229,-96.682466,1530 S Buckner Blvd,75217,Tue Oct 25 14:06:54 +0000 2016,AT&amp;T Customers to Get First Shot at Tickets for Upcoming Concerts https://t.co/IJtEkkSb8O #attemployee https://t.co/lZvySSUzxT,,,Twitter
Dallas17,32.739229,-96.682466,1530 S Buckner Blvd,75217,Tue Oct 25 14:06:46 +0000 2016,AT&amp;T Reports 3rd Quarter Earnings 2016 https://t.co/IzEEH1JnW8 #attemployee https://t.co/Vp3recpEvU,,,Twitter
Dallas17,32.739229,-96.682466,1530 S Buckner Blvd,75217,Tue Oct 25 14:06:35 +0000 2016,"AT&amp;T research shows most businesses suffer from preventable cyberattacks, not new or unknown threats… https://t.co/Nb848sztak",,,Twitter
Dallas17,32.739229,-96.682466,1530 S Buckner Blvd,75217,Tue Oct 25 14:06:31 +0000 2016,"When They Destroy, We Deploy: NDR 2016 by the Numbers https://t.co/LkWWqRclAF #attemployee https://t.co/EbSGDaCYlX",,,Twitter
Dallas17,32.739229,-96.682466,1530 S Buckner Blvd,75217,Tue Oct 25 14:06:27 +0000 2016,How IoT maximizes taste and minimizes waste https://t.co/X5Ndi725kl #attemployee https://t.co/wZL5znBbgc,,,Twitter
Dallas17,32.739229,-96.682466,1530 S Buckner Blvd,75217,Tue Oct 25 14:06:24 +0000 2016,Quiz: How much do you really know about dogs? https://t.co/5BKUvTgEuH #attemployee https://t.co/cqC3klSALI,,,Twitter
Dallas17,32.739229,-96.682466,1530 S Buckner Blvd,75217,Tue Oct 25 14:05:14 +0000 2016,How have Texas lawmakers reacted to @ATT's megamerger? Mostly with silence | https://t.co/e1F0k2g03S @tombenning https://t.co/0wdgOw6iIM,,,Twitter
Dallas17,32.739229,-96.682466,1530 S Buckner Blvd,75217,Tue Oct 25 14:00:44 +0000 2016,"RT @dallasnews: .@CNN, @HBO and more: A look at the brands @ATT inherits in its Time Warner deal https://t.co/nVGFN5muR4 | @paul_o_donnell…",,,Twitter
Dallas17,32.739229,-96.682466,1530 S Buckner Blvd,75217,Tue Oct 25 13:55:56 +0000 2016,"A month ago Wife &amp; I signed up for Time Warner Cable, which is now spectrum, which is now being bought by @ATT? This is so confusing.",,,Twitter
Dallas17,32.739229,-96.682466,1530 S Buckner Blvd,75217,Tue Oct 25 13:47:34 +0000 2016,DirecTV Now Coming in November | Multichannel: https://t.co/Gv4m5qnbsW #ott #video,,,Twitter
Dallas17,32.739229,-96.682466,1530 S Buckner Blvd,75217,Tue Oct 25 13:42:48 +0000 2016,@ATTCares ok hold plz,,,Twitter
Dallas17,32.739229,-96.682466,1530 S Buckner Blvd,75217,Tue Oct 25 13:35:16 +0000 2016,"Can @ATT and @twxcorp avoid a left-brain, right-brain culture clash? https://t.co/on1Vg17AJu | @MitchSchnurman https://t.co/Y7U5uTSi6C",,,Twitter
Dallas17,32.739229,-96.682466,1530 S Buckner Blvd,75217,Tue Oct 25 13:35:11 +0000 2016,#Netflix’s #ReedHastings believes #AT&amp;T #TimeWarner merger could be good for consumers https://t.co/Qhf6Ms1IiN #MegaCorporations,,,Twitter
Dallas17,32.739229,-96.682466,1530 S Buckner Blvd,75217,Tue Oct 25 13:34:57 +0000 2016,RT @ATT: Welcome to the team! @taylorswift13 https://t.co/4h86nLYuLo https://t.co/gAHOi7fPrZ,,,Twitter
Dallas17,32.739229,-96.682466,1530 S Buckner Blvd,75217,Tue Oct 25 13:34:38 +0000 2016,RT @getupradiomedia: Why AT&amp;T’s CEO should think twice before going through with the Time Warner deal https://t.co/tR219ne4qG,,,Twitter
Dallas17,32.739229,-96.682466,1530 S Buckner Blvd,75217,Tue Oct 25 13:32:23 +0000 2016,RT @getupradiomedia: Is Time Warner the ‘crown jewel’ media asset for AT&amp;T? https://t.co/jPPtpTMQ13,,,Twitter
Dallas17,32.739229,-96.682466,1530 S Buckner Blvd,75217,Tue Oct 25 13:32:00 +0000 2016,@ATTCares yes,,,Twitter
Dallas17,32.739229,-96.682466,1530 S Buckner Blvd,75217,Sun Oct 23 07:16:10 +0000 2016,RT @ATT: The #futureofvideo is mobile and the #futureofmobile is video. Time Warner + AT&amp;T make it happen! @twxcorp https://t.co/GKx4U9TQYg,,,Twitter
Dallas17,32.739229,-96.682466,1530 S Buckner Blvd,75217,Sun Oct 23 07:10:57 +0000 2016,RT @ATT: The #futureofvideo is mobile and the #futureofmobile is video. Time Warner + AT&amp;T make it happen! @twxcorp https://t.co/GKx4U9TQYg,,,Twitter
Dallas17,32.739229,-96.682466,1530 S Buckner Blvd,75217,Sun Oct 23 06:48:49 +0000 2016,RT @ATT: The #futureofvideo is mobile and the #futureofmobile is video. Time Warner + AT&amp;T make it happen! @twxcorp https://t.co/GKx4U9TQYg,,,Twitter
Dallas17,32.739229,-96.682466,1530 S Buckner Blvd,75217,Sun Oct 23 06:44:54 +0000 2016,RT @ATT: Welcome to the team! @taylorswift13 https://t.co/4h86nLYuLo https://t.co/gAHOi7fPrZ,,,Twitter
Dallas17,32.739229,-96.682466,1530 S Buckner Blvd,75217,Sun Oct 23 06:39:03 +0000 2016,"RT @ATT: Watch the @GreenDay @iHeartRadio Album Release Party Tonight, 9pm ET/PT on AUDIENCE. DIRECTV ch 239/U-verse ch 1114. https://t.co/…",,,Twitter
Dallas17,32.739229,-96.682466,1530 S Buckner Blvd,75217,Sun Oct 23 06:32:34 +0000 2016,RT @ATT: The #futureofvideo is mobile and the #futureofmobile is video. Time Warner + AT&amp;T make it happen! @twxcorp https://t.co/GKx4U9TQYg,,,Twitter
Dallas17,32.739229,-96.682466,1530 S Buckner Blvd,75217,Sun Oct 23 06:30:25 +0000 2016,RT @ATT: Welcome to the team! @taylorswift13 https://t.co/4h86nLYuLo https://t.co/gAHOi7fPrZ,,,Twitter
Dallas17,32.739229,-96.682466,1530 S Buckner Blvd,75217,Sun Oct 23 06:28:31 +0000 2016,RT @ATT: The #futureofvideo is mobile and the #futureofmobile is video. Time Warner + AT&amp;T make it happen! @twxcorp https://t.co/GKx4U9TQYg,,,Twitter
Dallas17,32.739229,-96.682466,1530 S Buckner Blvd,75217,Sun Oct 23 06:24:00 +0000 2016,RT @ATT: The #futureofvideo is mobile and the #futureofmobile is video. Time Warner + AT&amp;T make it happen! @twxcorp https://t.co/GKx4U9TQYg,,,Twitter
Dallas17,32.739229,-96.682466,1530 S Buckner Blvd,75217,Sun Oct 23 06:17:43 +0000 2016,RT @ATT: The #futureofvideo is mobile and the #futureofmobile is video. Time Warner + AT&amp;T make it happen! @twxcorp https://t.co/GKx4U9TQYg,,,Twitter
Dallas17,32.739229,-96.682466,1530 S Buckner Blvd,75217,Sun Oct 23 06:15:45 +0000 2016,RT @ATT: Welcome to the team! @taylorswift13 https://t.co/4h86nLYuLo https://t.co/gAHOi7fPrZ,,,Twitter
Dallas17,32.739229,-96.682466,1530 S Buckner Blvd,75217,Sun Oct 23 06:13:47 +0000 2016,RT @ATT: The #futureofvideo is mobile and the #futureofmobile is video. Time Warner + AT&amp;T make it happen! @twxcorp https://t.co/GKx4U9TQYg,,,Twitter
Dallas17,32.739229,-96.682466,1530 S Buckner Blvd,75217,Sun Oct 23 06:09:24 +0000 2016,RT @ATT: Welcome to the team! @taylorswift13 https://t.co/4h86nLYuLo https://t.co/gAHOi7fPrZ,,,Twitter
Dallas17,32.739229,-96.682466,1530 S Buckner Blvd,75217,Sun Oct 23 06:03:55 +0000 2016,RT @ATT: Get a sweet deal on the new iPhone 7 when you switch to AT&amp;T and have DIRECTV. https://t.co/TQVeUkmeZ6 https://t.co/zfZmNpe8AP,,,Twitter
Dallas17,32.739229,-96.682466,1530 S Buckner Blvd,75217,Sun Oct 23 06:01:38 +0000 2016,RT @ATT: Get a sweet deal on the new iPhone 7 when you switch to AT&amp;T and have DIRECTV. https://t.co/TQVeUkmeZ6 https://t.co/zfZmNpe8AP,,,Twitter
Dallas17,32.739229,-96.682466,1530 S Buckner Blvd,75217,Sun Oct 23 06:00:45 +0000 2016,RT @ATT: Who made you a college 🏈 fan? Share with #MadeMeAFanContest for a chance to win. Rules https://t.co/hU3I3wFn5V https://t.co/xZbxUJ…,,,Twitter
Dallas17,32.739229,-96.682466,1530 S Buckner Blvd,75217,Sun Oct 23 05:59:45 +0000 2016,RT @ATT: Welcome to the team! @taylorswift13 https://t.co/4h86nLYuLo https://t.co/gAHOi7fPrZ,,,Twitter
Dallas17,32.739229,-96.682466,1530 S Buckner Blvd,75217,Sun Oct 23 05:57:35 +0000 2016,RT @ATT: Welcome to the team! @taylorswift13 https://t.co/4h86nLYuLo https://t.co/gAHOi7fPrZ,,,Twitter
Dallas17,32.739229,-96.682466,1530 S Buckner Blvd,75217,Sun Oct 23 05:29:50 +0000 2016,RT @ATT: Welcome to the team! @taylorswift13 https://t.co/4h86nLYuLo https://t.co/gAHOi7fPrZ,,,Twitter
Dallas17,32.739229,-96.682466,1530 S Buckner Blvd,75217,Sun Oct 23 05:27:01 +0000 2016,@MattZemek @ATT @TWC @Pac12Network Maybe add some Texas schools? ;),,,Twitter
Dallas17,32.739229,-96.682466,1530 S Buckner Blvd,75217,Sun Oct 23 05:21:28 +0000 2016,RT @ATT: Welcome to the team! @taylorswift13 https://t.co/4h86nLYuLo https://t.co/gAHOi7fPrZ,,,Twitter
Dallas17,32.739229,-96.682466,1530 S Buckner Blvd,75217,Sun Oct 23 05:16:22 +0000 2016,RT @ATT: Welcome to the team! @taylorswift13 https://t.co/4h86nLYuLo https://t.co/gAHOi7fPrZ,,,Twitter
Dallas17,32.739229,-96.682466,1530 S Buckner Blvd,75217,Sun Oct 23 05:15:19 +0000 2016,RT @ATT: Welcome to the team! @taylorswift13 https://t.co/4h86nLYuLo https://t.co/gAHOi7fPrZ,,,Twitter
Dallas17,32.739229,-96.682466,1530 S Buckner Blvd,75217,Sun Oct 23 05:14:52 +0000 2016,RT @ATT: Welcome to the team! @taylorswift13 https://t.co/4h86nLYuLo https://t.co/gAHOi7fPrZ,,,Twitter
Dallas17,32.739229,-96.682466,1530 S Buckner Blvd,75217,Sun Oct 23 05:13:07 +0000 2016,RT @ATT: Welcome to the team! @taylorswift13 https://t.co/4h86nLYuLo https://t.co/gAHOi7fPrZ,,,Twitter
Dallas17,32.739229,-96.682466,1530 S Buckner Blvd,75217,Sun Oct 23 05:08:36 +0000 2016,@DIRECTV please acquire the PAC 12 network,,,Twitter
Dallas17,32.739229,-96.682466,1530 S Buckner Blvd,75217,Sun Oct 23 05:07:58 +0000 2016,RT @ATT: Get a sweet deal on the new iPhone 7 when you switch to AT&amp;T and have DIRECTV. https://t.co/TQVeUkmeZ6 https://t.co/zfZmNpe8AP,,,Twitter
Dallas17,32.739229,-96.682466,1530 S Buckner Blvd,75217,Sun Oct 23 05:03:51 +0000 2016,"RT @ATT: Watch the @GreenDay @iHeartRadio Album Release Party Tonight, 9pm ET/PT on AUDIENCE. DIRECTV ch 239/U-verse ch 1114. https://t.co/…",,,Twitter
Dallas17,32.739229,-96.682466,1530 S Buckner Blvd,75217,Sun Oct 23 05:00:01 +0000 2016,"RT @DMNBiz: New media agency @Hearts_Science lands @ATT, opens shop in Dallas and plans to employ 100 people https://t.co/DFRmKVwrSP @mitch…",,,Twitter
Dallas17,32.739229,-96.682466,1530 S Buckner Blvd,75217,Sun Oct 23 04:56:33 +0000 2016,RT @ATT: Who made you a college 🏈 fan? Share with #MadeMeAFanContest for a chance to win. Rules https://t.co/hU3I3wFn5V https://t.co/xZbxUJ…,,,Twitter
Dallas17,32.739229,-96.682466,1530 S Buckner Blvd,75217,Sun Oct 23 04:47:11 +0000 2016,RT @ATT: Welcome to the team! @taylorswift13 https://t.co/4h86nLYuLo https://t.co/gAHOi7fPrZ,,,Twitter
Dallas17,32.739229,-96.682466,1530 S Buckner Blvd,75217,Sun Oct 23 04:45:48 +0000 2016,"RT @ATT: @Towns_Tyler What's going on, Tyler? We'd love to help.",,,Twitter
Dallas17,32.739229,-96.682466,1530 S Buckner Blvd,75217,Sun Oct 23 04:45:00 +0000 2016,"RT @ATT: Watch the @GreenDay @iHeartRadio Album Release Party Tonight, 9pm ET/PT on AUDIENCE. DIRECTV ch 239/U-verse ch 1114. https://t.co/…",,,Twitter
Dallas17,32.739229,-96.682466,1530 S Buckner Blvd,75217,Sun Oct 23 04:40:35 +0000 2016,RT @ATT: The #futureofvideo is mobile and the #futureofmobile is video. Time Warner + AT&amp;T make it happen! @twxcorp https://t.co/GKx4U9TQYg,,,Twitter
Dallas17,32.739229,-96.682466,1530 S Buckner Blvd,75217,Sun Oct 23 04:24:48 +0000 2016,RT @ATT: The #futureofvideo is mobile and the #futureofmobile is video. Time Warner + AT&amp;T make it happen! @twxcorp https://t.co/GKx4U9TQYg,,,Twitter
Dallas17,32.739229,-96.682466,1530 S Buckner Blvd,75217,Sun Oct 23 04:19:10 +0000 2016,RT @ATT: The #futureofvideo is mobile and the #futureofmobile is video. Time Warner + AT&amp;T make it happen! @twxcorp https://t.co/GKx4U9TQYg,,,Twitter
Dallas17,32.739229,-96.682466,1530 S Buckner Blvd,75217,Sun Oct 23 04:16:40 +0000 2016,RT @ATT: The #futureofvideo is mobile and the #futureofmobile is video. Time Warner + AT&amp;T make it happen! @twxcorp https://t.co/GKx4U9TQYg,,,Twitter
Dallas17,32.739229,-96.682466,1530 S Buckner Blvd,75217,Sun Oct 23 04:13:05 +0000 2016,RT @ATT: The #futureofvideo is mobile and the #futureofmobile is video. Time Warner + AT&amp;T make it happen! @twxcorp https://t.co/GKx4U9TQYg,,,Twitter
Dallas17,32.739229,-96.682466,1530 S Buckner Blvd,75217,Sun Oct 23 04:11:25 +0000 2016,RT @ATT: Welcome to the team! @taylorswift13 https://t.co/4h86nLYuLo https://t.co/gAHOi7fPrZ,,,Twitter
Dallas17,32.739229,-96.682466,1530 S Buckner Blvd,75217,Sun Oct 23 04:08:29 +0000 2016,RT @ATT: The #futureofvideo is mobile and the #futureofmobile is video. Time Warner + AT&amp;T make it happen! @twxcorp https://t.co/GKx4U9TQYg,,,Twitter
Dallas17,32.739229,-96.682466,1530 S Buckner Blvd,75217,Sun Oct 23 04:05:04 +0000 2016,RT @ATT: Get a sweet deal on the new iPhone 7 when you switch to AT&amp;T and have DIRECTV. https://t.co/TQVeUkmeZ6 https://t.co/zfZmNpe8AP,,,Twitter
Dallas17,32.739229,-96.682466,1530 S Buckner Blvd,75217,Sun Oct 23 04:04:50 +0000 2016,RT @ATT: The #futureofvideo is mobile and the #futureofmobile is video. Time Warner + AT&amp;T make it happen! @twxcorp https://t.co/GKx4U9TQYg,,,Twitter
Dallas17,32.739229,-96.682466,1530 S Buckner Blvd,75217,Sun Oct 23 03:53:09 +0000 2016,RT @ATT: The #futureofvideo is mobile and the #futureofmobile is video. Time Warner + AT&amp;T make it happen! @twxcorp https://t.co/GKx4U9TQYg,,,Twitter
Dallas17,32.739229,-96.682466,1530 S Buckner Blvd,75217,Sun Oct 23 03:50:03 +0000 2016,RT @ATT: The #futureofvideo is mobile and the #futureofmobile is video. Time Warner + AT&amp;T make it happen! @twxcorp https://t.co/GKx4U9TQYg,,,Twitter
Dallas17,32.739229,-96.682466,1530 S Buckner Blvd,75217,Sun Oct 23 03:48:09 +0000 2016,"@ATT @Uverse since I pay for U450, why can't I watch programs on WatchEspn?!?!",,,Twitter
Dallas17,32.739229,-96.682466,1530 S Buckner Blvd,75217,Sun Oct 23 03:33:02 +0000 2016,.@ATT soon to become the next media giant.  https://t.co/uOZoJMpL26,,,Twitter
Dallas17,32.739229,-96.682466,1530 S Buckner Blvd,75217,Sun Oct 23 03:29:00 +0000 2016,"RT @ATT: @Towns_Tyler What's going on, Tyler? We'd love to help.",,,Twitter
Dallas17,32.739229,-96.682466,1530 S Buckner Blvd,75217,Sun Oct 23 03:17:58 +0000 2016,RT @ATT: The #futureofvideo is mobile and the #futureofmobile is video. Time Warner + AT&amp;T make it happen! @twxcorp https://t.co/GKx4U9TQYg,,,Twitter
Dallas17,32.739229,-96.682466,1530 S Buckner Blvd,75217,Sun Oct 23 03:12:01 +0000 2016,RT @ATT: The #futureofvideo is mobile and the #futureofmobile is video. Time Warner + AT&amp;T make it happen! @twxcorp https://t.co/GKx4U9TQYg,,,Twitter
Dallas17,32.739229,-96.682466,1530 S Buckner Blvd,75217,Sun Oct 23 03:10:01 +0000 2016,RT @ATT: The #futureofvideo is mobile and the #futureofmobile is video. Time Warner + AT&amp;T make it happen! @twxcorp https://t.co/GKx4U9TQYg,,,Twitter
Dallas17,32.739229,-96.682466,1530 S Buckner Blvd,75217,Sun Oct 23 03:09:37 +0000 2016,RT @ATT: The #futureofvideo is mobile and the #futureofmobile is video. Time Warner + AT&amp;T make it happen! @twxcorp https://t.co/GKx4U9TQYg,,,Twitter
Dallas17,32.739229,-96.682466,1530 S Buckner Blvd,75217,Sun Oct 23 03:06:12 +0000 2016,RT @ATT: The #futureofvideo is mobile and the #futureofmobile is video. Time Warner + AT&amp;T make it happen! @twxcorp https://t.co/GKx4U9TQYg,,,Twitter
Dallas17,32.739229,-96.682466,1530 S Buckner Blvd,75217,Sun Oct 23 03:06:11 +0000 2016,RT @ATT: Welcome to the team! @taylorswift13 https://t.co/4h86nLYuLo https://t.co/gAHOi7fPrZ,,,Twitter
Dallas17,32.739229,-96.682466,1530 S Buckner Blvd,75217,Sun Oct 23 03:01:47 +0000 2016,RT @ATT: Welcome to the team! @taylorswift13 https://t.co/4h86nLYuLo https://t.co/gAHOi7fPrZ,,,Twitter
Dallas17,32.739229,-96.682466,1530 S Buckner Blvd,75217,Sun Oct 23 03:01:20 +0000 2016,RT @ATT: @alwayswifty13 We’ll be giving tickets to Taylor fans including AT&amp;T customers and special guests.  We’ll share ticketing details…,,,Twitter
Dallas17,32.739229,-96.682466,1530 S Buckner Blvd,75217,Sun Oct 23 03:01:07 +0000 2016,RT @ATT: The #futureofvideo is mobile and the #futureofmobile is video. Time Warner + AT&amp;T make it happen! @twxcorp https://t.co/GKx4U9TQYg,,,Twitter
Dallas17,32.739229,-96.682466,1530 S Buckner Blvd,75217,Sun Oct 23 02:59:18 +0000 2016,RT @ATT: The #futureofvideo is mobile and the #futureofmobile is video. Time Warner + AT&amp;T make it happen! @twxcorp https://t.co/GKx4U9TQYg,,,Twitter
Dallas17,32.739229,-96.682466,1530 S Buckner Blvd,75217,Sun Oct 23 02:56:17 +0000 2016,RT @ATT: The #futureofvideo is mobile and the #futureofmobile is video. Time Warner + AT&amp;T make it happen! @twxcorp https://t.co/GKx4U9TQYg,,,Twitter
Dallas17,32.739229,-96.682466,1530 S Buckner Blvd,75217,Sun Oct 23 02:55:59 +0000 2016,RT @ATT: The #futureofvideo is mobile and the #futureofmobile is video. Time Warner + AT&amp;T make it happen! @twxcorp https://t.co/GKx4U9TQYg,,,Twitter
Dallas17,32.739229,-96.682466,1530 S Buckner Blvd,75217,Sun Oct 23 02:55:34 +0000 2016,RT @ATT: Welcome to the team! @taylorswift13 https://t.co/4h86nLYuLo https://t.co/gAHOi7fPrZ,,,Twitter
Dallas17,32.739229,-96.682466,1530 S Buckner Blvd,75217,Sun Oct 23 02:54:19 +0000 2016,RT @ATT: Welcome to the team! @taylorswift13 https://t.co/4h86nLYuLo https://t.co/gAHOi7fPrZ,,,Twitter
Dallas17,32.739229,-96.682466,1530 S Buckner Blvd,75217,Sun Oct 23 02:52:26 +0000 2016,RT @ATT: Welcome to the team! @taylorswift13 https://t.co/4h86nLYuLo https://t.co/gAHOi7fPrZ,,,Twitter
Dallas17,32.739229,-96.682466,1530 S Buckner Blvd,75217,Sun Oct 23 02:52:05 +0000 2016,RT @ATT: The #futureofvideo is mobile and the #futureofmobile is video. Time Warner + AT&amp;T make it happen! @twxcorp https://t.co/GKx4U9TQYg,,,Twitter
Dallas17,32.739229,-96.682466,1530 S Buckner Blvd,75217,Sun Oct 23 02:48:55 +0000 2016,RT @ATT: The #futureofvideo is mobile and the #futureofmobile is video. Time Warner + AT&amp;T make it happen! @twxcorp https://t.co/GKx4U9TQYg,,,Twitter
Dallas17,32.739229,-96.682466,1530 S Buckner Blvd,75217,Sun Oct 23 02:48:14 +0000 2016,"RT @ATT: Watch the @GreenDay @iHeartRadio Album Release Party Tonight, 9pm ET/PT on AUDIENCE. DIRECTV ch 239/U-verse ch 1114. https://t.co/…",,,Twitter
Dallas17,32.739229,-96.682466,1530 S Buckner Blvd,75217,Sun Oct 23 02:48:05 +0000 2016,RT @ATT: The #futureofvideo is mobile and the #futureofmobile is video. Time Warner + AT&amp;T make it happen! @twxcorp https://t.co/GKx4U9TQYg,,,Twitter
Dallas17,32.739229,-96.682466,1530 S Buckner Blvd,75217,Sun Oct 23 02:47:17 +0000 2016,RT @ATT: Welcome to the team! @taylorswift13 https://t.co/4h86nLYuLo https://t.co/gAHOi7fPrZ,,,Twitter
Dallas17,32.739229,-96.682466,1530 S Buckner Blvd,75217,Sun Oct 23 02:46:53 +0000 2016,RT @ATT: The #futureofvideo is mobile and the #futureofmobile is video. Time Warner + AT&amp;T make it happen! @twxcorp https://t.co/GKx4U9TQYg,,,Twitter
Dallas17,32.739229,-96.682466,1530 S Buckner Blvd,75217,Sun Oct 23 02:46:51 +0000 2016,RT @ATT: Welcome to the team! @taylorswift13 https://t.co/4h86nLYuLo https://t.co/gAHOi7fPrZ,,,Twitter
Dallas17,32.739229,-96.682466,1530 S Buckner Blvd,75217,Sun Oct 23 02:46:11 +0000 2016,RT @ATT: The #futureofvideo is mobile and the #futureofmobile is video. Time Warner + AT&amp;T make it happen! @twxcorp https://t.co/GKx4U9TQYg,,,Twitter
Dallas17,32.739229,-96.682466,1530 S Buckner Blvd,75217,Sun Oct 23 02:44:47 +0000 2016,RT @ATT: The #futureofvideo is mobile and the #futureofmobile is video. Time Warner + AT&amp;T make it happen! @twxcorp https://t.co/GKx4U9TQYg,,,Twitter
Dallas17,32.739229,-96.682466,1530 S Buckner Blvd,75217,Sun Oct 23 02:41:53 +0000 2016,RT @ATT: The #futureofvideo is mobile and the #futureofmobile is video. Time Warner + AT&amp;T make it happen! @twxcorp https://t.co/GKx4U9TQYg,,,Twitter
Dallas17,32.739229,-96.682466,1530 S Buckner Blvd,75217,Sun Oct 23 02:38:12 +0000 2016,RT @ATT: The #futureofvideo is mobile and the #futureofmobile is video. Time Warner + AT&amp;T make it happen! @twxcorp https://t.co/GKx4U9TQYg,,,Twitter
Dallas17,32.739229,-96.682466,1530 S Buckner Blvd,75217,Sun Oct 23 02:37:27 +0000 2016,RT @ATT: The #futureofvideo is mobile and the #futureofmobile is video. Time Warner + AT&amp;T make it happen! @twxcorp https://t.co/GKx4U9TQYg,,,Twitter
Dallas17,32.739229,-96.682466,1530 S Buckner Blvd,75217,Sun Oct 23 02:34:03 +0000 2016,RT @ATT: The #futureofvideo is mobile and the #futureofmobile is video. Time Warner + AT&amp;T make it happen! @twxcorp https://t.co/GKx4U9TQYg,,,Twitter
Dallas17,32.739229,-96.682466,1530 S Buckner Blvd,75217,Sun Oct 23 02:34:02 +0000 2016,RT @ATT: The #futureofvideo is mobile and the #futureofmobile is video. Time Warner + AT&amp;T make it happen! @twxcorp https://t.co/GKx4U9TQYg,,,Twitter
Dallas17,32.739229,-96.682466,1530 S Buckner Blvd,75217,Sun Oct 23 02:33:24 +0000 2016,RT @ATT: The #futureofvideo is mobile and the #futureofmobile is video. Time Warner + AT&amp;T make it happen! @twxcorp https://t.co/GKx4U9TQYg,,,Twitter
Dallas17,32.739229,-96.682466,1530 S Buckner Blvd,75217,Sun Oct 23 02:33:12 +0000 2016,RT @ATT: The #futureofvideo is mobile and the #futureofmobile is video. Time Warner + AT&amp;T make it happen! @twxcorp https://t.co/GKx4U9TQYg,,,Twitter
Dallas17,32.739229,-96.682466,1530 S Buckner Blvd,75217,Sun Oct 23 02:33:04 +0000 2016,RT @ATT: The #futureofvideo is mobile and the #futureofmobile is video. Time Warner + AT&amp;T make it happen! @twxcorp https://t.co/GKx4U9TQYg,,,Twitter
Dallas17,32.739229,-96.682466,1530 S Buckner Blvd,75217,Sun Oct 23 02:32:23 +0000 2016,RT @ATT: The #futureofvideo is mobile and the #futureofmobile is video. Time Warner + AT&amp;T make it happen! @twxcorp https://t.co/GKx4U9TQYg,,,Twitter
Dallas17,32.739229,-96.682466,1530 S Buckner Blvd,75217,Sun Oct 23 02:30:37 +0000 2016,Haven't we already broken up a couple of @ATT #monopolies?  Heres to the death of competition and the rise of all our prices. #atttimewarner,,,Twitter
Dallas17,32.739229,-96.682466,1530 S Buckner Blvd,75217,Sun Oct 23 02:30:11 +0000 2016,RT @ATT: The #futureofvideo is mobile and the #futureofmobile is video. Time Warner + AT&amp;T make it happen! @twxcorp https://t.co/GKx4U9TQYg,,,Twitter
Dallas17,32.739229,-96.682466,1530 S Buckner Blvd,75217,Sun Oct 23 02:22:00 +0000 2016,RT @ATT: The #futureofvideo is mobile and the #futureofmobile is video. Time Warner + AT&amp;T make it happen! @twxcorp https://t.co/GKx4U9TQYg,,,Twitter
Dallas17,32.739229,-96.682466,1530 S Buckner Blvd,75217,Sun Oct 23 02:21:46 +0000 2016,RT @ATT: The #futureofvideo is mobile and the #futureofmobile is video. Time Warner + AT&amp;T make it happen! @twxcorp https://t.co/GKx4U9TQYg,,,Twitter
Dallas17,32.739229,-96.682466,1530 S Buckner Blvd,75217,Sun Oct 23 02:20:38 +0000 2016,RT @ATT: Get a sweet deal on the new iPhone 7 when you switch to AT&amp;T and have DIRECTV. https://t.co/TQVeUkmeZ6 https://t.co/zfZmNpe8AP,,,Twitter
Dallas17,32.739229,-96.682466,1530 S Buckner Blvd,75217,Sun Oct 23 02:20:23 +0000 2016,RT @ATT: The #futureofvideo is mobile and the #futureofmobile is video. Time Warner + AT&amp;T make it happen! @twxcorp https://t.co/GKx4U9TQYg,,,Twitter
Dallas17,32.739229,-96.682466,1530 S Buckner Blvd,75217,Sun Oct 23 02:19:59 +0000 2016,RT @ATT: Welcome to the team! @taylorswift13 https://t.co/4h86nLYuLo https://t.co/gAHOi7fPrZ,,,Twitter
Dallas17,32.739229,-96.682466,1530 S Buckner Blvd,75217,Sun Oct 23 02:18:52 +0000 2016,RT @ATT: Welcome to the team! @taylorswift13 https://t.co/4h86nLYuLo https://t.co/gAHOi7fPrZ,,,Twitter
Dallas17,32.739229,-96.682466,1530 S Buckner Blvd,75217,Sun Oct 23 02:16:37 +0000 2016,"RT @ATT: Watch the @GreenDay @iHeartRadio Album Release Party Tonight, 9pm ET/PT on AUDIENCE. DIRECTV ch 239/U-verse ch 1114. https://t.co/…",,,Twitter
Dallas17,32.739229,-96.682466,1530 S Buckner Blvd,75217,Sun Oct 23 02:15:26 +0000 2016,RT @ATT: Get a sweet deal on the new iPhone 7 when you switch to AT&amp;T and have DIRECTV. https://t.co/TQVeUkmeZ6 https://t.co/zfZmNpe8AP,,,Twitter
Dallas17,32.739229,-96.682466,1530 S Buckner Blvd,75217,Sun Oct 23 02:14:40 +0000 2016,RT @ATT: Get a sweet deal on the new iPhone 7 when you switch to AT&amp;T and have DIRECTV. https://t.co/TQVeUkmeZ6 https://t.co/zfZmNpe8AP,,,Twitter
Dallas17,32.739229,-96.682466,1530 S Buckner Blvd,75217,Sun Oct 23 02:13:17 +0000 2016,RT @ATT: Welcome to the team! @taylorswift13 https://t.co/4h86nLYuLo https://t.co/gAHOi7fPrZ,,,Twitter
Dallas17,32.739229,-96.682466,1530 S Buckner Blvd,75217,Sun Oct 23 02:11:38 +0000 2016,RT @ATT: The #futureofvideo is mobile and the #futureofmobile is video. Time Warner + AT&amp;T make it happen! @twxcorp https://t.co/GKx4U9TQYg,,,Twitter
Dallas17,32.739229,-96.682466,1530 S Buckner Blvd,75217,Sun Oct 23 02:10:34 +0000 2016,RT @ATT: The #futureofvideo is mobile and the #futureofmobile is video. Time Warner + AT&amp;T make it happen! @twxcorp https://t.co/GKx4U9TQYg,,,Twitter
Dallas17,32.739229,-96.682466,1530 S Buckner Blvd,75217,Sun Oct 23 02:09:21 +0000 2016,RT @ATT: The #futureofvideo is mobile and the #futureofmobile is video. Time Warner + AT&amp;T make it happen! @twxcorp https://t.co/GKx4U9TQYg,,,Twitter
Dallas17,32.739229,-96.682466,1530 S Buckner Blvd,75217,Sun Oct 23 02:08:33 +0000 2016,RT @ATT: Are you ready for the revolution? Watch the @GreenDay @iHeartRadio Album Release Party now. #iHeartGreenDay https://t.co/ec2gZXKu7U,,,Twitter
Dallas17,32.739229,-96.682466,1530 S Buckner Blvd,75217,Sun Oct 23 02:08:16 +0000 2016,RT @ATT: The #futureofvideo is mobile and the #futureofmobile is video. Time Warner + AT&amp;T make it happen! @twxcorp https://t.co/GKx4U9TQYg,,,Twitter
Dallas17,32.739229,-96.682466,1530 S Buckner Blvd,75217,Sun Oct 23 02:07:58 +0000 2016,RT @ATT: Las Vegas- Celebrate #LGBTHistoryMonth by heading over to Snapchat and using our exclusive filters! https://t.co/HiHbHuJHD1,,,Twitter
Dallas17,32.739229,-96.682466,1530 S Buckner Blvd,75217,Sun Oct 23 02:06:39 +0000 2016,RT @ATT: Welcome to the team! @taylorswift13 https://t.co/4h86nLYuLo https://t.co/gAHOi7fPrZ,,,Twitter
