Store,Latitude,Longitude,Address,Zip,CreatedAt,Text,Senti,Rating,Source
Dallas13,32.845283,-96.787396,6417 Hillcrest Ave,75205,Mon Oct 24 16:09:59 +0000 2016,"RT @ATTBusiness: Your org faces cyberthreats at every turn, but you're not alone. Be #cyberaware with our new cybersecurity report: https:/…",,,Twitter
Dallas13,32.845283,-96.787396,6417 Hillcrest Ave,75205,Mon Oct 24 16:06:53 +0000 2016,@MadManMando75 You can view open jobs in Mexico here: https://t.co/osCZvCuxv6,,,Twitter
Dallas13,32.845283,-96.787396,6417 Hillcrest Ave,75205,Mon Oct 24 16:05:56 +0000 2016,@tiffaj11 We’ve got a great technical support team who will be happy to help. Reach them at https://t.co/MyRbN5TaXo,,,Twitter
Dallas13,32.845283,-96.787396,6417 Hillcrest Ave,75205,Mon Oct 24 16:03:12 +0000 2016,Why AT&amp;T's pursuit of Time Warner makes sense https://t.co/IuyFrdwTYB https://t.co/IMi1V838PX,,,Twitter
Dallas13,32.845283,-96.787396,6417 Hillcrest Ave,75205,Mon Oct 24 16:00:18 +0000 2016,RT @ATT: Welcome to the team! @taylorswift13 https://t.co/4h86nLYuLo https://t.co/gAHOi7fPrZ,,,Twitter
Dallas13,32.845283,-96.787396,6417 Hillcrest Ave,75205,Mon Oct 24 16:00:07 +0000 2016,"Your org faces cyberthreats at every turn, but you're not alone. Be #cyberaware with our new cybersecurity report:… https://t.co/IOoYXEaWhT",,,Twitter
Dallas13,32.845283,-96.787396,6417 Hillcrest Ave,75205,Mon Oct 24 16:00:02 +0000 2016,"User Manuals, Setup Wizards, Tutorials &amp; more for devices: AT&amp;T has you covered! https://t.co/e8atNd7Wta https://t.co/YWvbyTvK4n",,,Twitter
Dallas13,32.845283,-96.787396,6417 Hillcrest Ave,75205,Mon Oct 24 15:59:10 +0000 2016,Why Wall Street doesn't like the AT&amp;T - Time Warner deal https://t.co/VGbsOzLkMW,,,Twitter
Dallas13,32.845283,-96.787396,6417 Hillcrest Ave,75205,Mon Oct 24 15:58:46 +0000 2016,"ICYMI: @ATT to Purchase @twxcorp for $85.4B: Here’s What You Need to Know
https://t.co/8wSSbVNUVK… https://t.co/tuuiKCCE9F",,,Twitter
Dallas13,32.845283,-96.787396,6417 Hillcrest Ave,75205,Mon Oct 24 15:57:13 +0000 2016,RT @DMagazine: Here's what you need to know about AT&amp;T's purchase of Time Warner: https://t.co/0YVTVxC3Gy https://t.co/fYoG57a3d1,,,Twitter
Dallas13,32.845283,-96.787396,6417 Hillcrest Ave,75205,Mon Oct 24 15:57:06 +0000 2016,If my phone don't come in this week me and att scwobbin rt,,,Twitter
Dallas13,32.845283,-96.787396,6417 Hillcrest Ave,75205,Mon Oct 24 15:55:00 +0000 2016,RT @Mike_Rawlings: I’m excited for Dallas-based AT&amp;T and hopeful that this merger will lead to great benefits for its employees and... http…,,,Twitter
Dallas13,32.845283,-96.787396,6417 Hillcrest Ave,75205,Mon Oct 24 15:54:41 +0000 2016,RT @ATT: Welcome to the team! @taylorswift13 https://t.co/4h86nLYuLo https://t.co/gAHOi7fPrZ,,,Twitter
Dallas13,32.845283,-96.787396,6417 Hillcrest Ave,75205,Mon Oct 24 15:51:42 +0000 2016,RT @ATT: Welcome to the team! @taylorswift13 https://t.co/4h86nLYuLo https://t.co/gAHOi7fPrZ,,,Twitter
Dallas13,32.845283,-96.787396,6417 Hillcrest Ave,75205,Mon Oct 24 15:50:00 +0000 2016,The merger ATT &amp; Time Warner is all about the content an library Time Warner has,,,Twitter
Dallas13,32.845283,-96.787396,6417 Hillcrest Ave,75205,Mon Oct 24 15:46:11 +0000 2016,"RT @dallasnews: Luke Bryan at @ATTStadium: Love bro country or don't, this was a good show: https://t.co/koMLtcV1th https://t.co/5C0KpkZvsj",,,Twitter
Dallas13,32.845283,-96.787396,6417 Hillcrest Ave,75205,Mon Oct 24 15:45:01 +0000 2016,Here's what you need to know about AT&amp;T's purchase of Time Warner: https://t.co/0YVTVxC3Gy https://t.co/fYoG57a3d1,,,Twitter
Dallas13,32.845283,-96.787396,6417 Hillcrest Ave,75205,Mon Oct 24 15:43:27 +0000 2016,Hold on a sec: Time Warner Cable isn't part of #ATT deal https://t.co/H3PJxKq3pf #DFW,,,Twitter
Dallas13,32.845283,-96.787396,6417 Hillcrest Ave,75205,Mon Oct 24 15:41:20 +0000 2016,RT @ATT: The #futureofvideo is mobile and the #futureofmobile is video. Time Warner + AT&amp;T make it happen! @twxcorp https://t.co/GKx4U9TQYg,,,Twitter
Dallas13,32.845283,-96.787396,6417 Hillcrest Ave,75205,Mon Oct 24 15:40:25 +0000 2016,"RT @dallasnews: How the AT&amp;T-Time Warner deal changes the TV, mobile landscapes https://t.co/63yM9yIFXS | @Conor_Shine https://t.co/dEDE5Jj…",,,Twitter
Dallas13,32.845283,-96.787396,6417 Hillcrest Ave,75205,Mon Oct 24 15:33:58 +0000 2016,"RT @dallasnews: How the AT&amp;T-Time Warner deal changes the TV, mobile landscapes https://t.co/63yM9yIFXS | @Conor_Shine https://t.co/dyRXifU…",,,Twitter
Dallas13,32.845283,-96.787396,6417 Hillcrest Ave,75205,Mon Oct 24 15:31:39 +0000 2016,"Luke Bryan at @ATTStadium: Love bro country or don't, this was a good show: https://t.co/koMLtcV1th https://t.co/5C0KpkZvsj",,,Twitter
Dallas13,32.845283,-96.787396,6417 Hillcrest Ave,75205,Mon Oct 24 15:29:35 +0000 2016,@JeffHowardSays What a season! Who is your favorite MLS Player? #SoccerEverywhere,,,Twitter
Dallas13,32.845283,-96.787396,6417 Hillcrest Ave,75205,Mon Oct 24 15:28:26 +0000 2016,@NickFromAstoria What a crazy day of action! Who is your favorite MLS Player? #SoccerEverywhere,,,Twitter
Dallas13,32.845283,-96.787396,6417 Hillcrest Ave,75205,Mon Oct 24 15:28:00 +0000 2016,"RT @dallasnews: How the AT&amp;T-Time Warner deal changes the TV, mobile landscapes https://t.co/63yM9yIFXS | @Conor_Shine https://t.co/dyRXifU…",,,Twitter
Dallas13,32.845283,-96.787396,6417 Hillcrest Ave,75205,Mon Oct 24 15:27:18 +0000 2016,@Kirkland What a great end to the season! What MLS Club do you support? #SoccerEverywhere,,,Twitter
Dallas13,32.845283,-96.787396,6417 Hillcrest Ave,75205,Mon Oct 24 15:26:06 +0000 2016,"RT @dallasnews: How the AT&amp;T-Time Warner deal changes the TV, mobile landscapes https://t.co/63yM9yIFXS | @Conor_Shine https://t.co/dyRXifU…",,,Twitter
Dallas13,32.845283,-96.787396,6417 Hillcrest Ave,75205,Mon Oct 24 15:21:41 +0000 2016,Why Wall Street dislikes AT&amp;T deal https://t.co/QwCDsUYR1d,,,Twitter
Dallas13,32.845283,-96.787396,6417 Hillcrest Ave,75205,Mon Oct 24 15:21:40 +0000 2016,"RT @dallasnews: How the AT&amp;T-Time Warner deal changes the TV, mobile landscapes https://t.co/63yM9yIFXS | @Conor_Shine https://t.co/dyRXifU…",,,Twitter
Dallas13,32.845283,-96.787396,6417 Hillcrest Ave,75205,Mon Oct 24 15:21:22 +0000 2016,"How the AT&amp;T-Time Warner deal changes the TV, mobile landscapes https://t.co/63yM9yIFXS | @Conor_Shine https://t.co/dyRXifUqsW",,,Twitter
Dallas13,32.845283,-96.787396,6417 Hillcrest Ave,75205,Mon Oct 24 15:21:18 +0000 2016,How the AT&amp;T-Time Warner merger could hurt consumers https://t.co/sPEjqlh82Y,,,Twitter
Dallas13,32.845283,-96.787396,6417 Hillcrest Ave,75205,Mon Oct 24 15:21:15 +0000 2016,"Don't expect a change in viewpoint for CNN, #ATT chief says https://t.co/FhwYrpRz3j #DFW #Tech",,,Twitter
Dallas13,32.845283,-96.787396,6417 Hillcrest Ave,75205,Mon Oct 24 15:18:15 +0000 2016,"RT @dallasnews: How the AT&amp;T-Time Warner deal changes the TV, mobile landscapes https://t.co/63yM9yIFXS | @Conor_Shine https://t.co/dEDE5Jj…",,,Twitter
Dallas13,32.845283,-96.787396,6417 Hillcrest Ave,75205,Mon Oct 24 15:18:05 +0000 2016,"How the AT&amp;T-Time Warner deal changes the TV, mobile landscapes https://t.co/63yM9yIFXS | @Conor_Shine https://t.co/dEDE5JjnL1",,,Twitter
Dallas13,32.845283,-96.787396,6417 Hillcrest Ave,75205,Mon Oct 24 15:16:37 +0000 2016,"With Time Warner deal, AT&amp;T aims to be mobile entertainment powerhouse ~ https://t.co/yYM8OUT3FU via @marketingdive https://t.co/zPWiSYtfKf",,,Twitter
Dallas13,32.845283,-96.787396,6417 Hillcrest Ave,75205,Mon Oct 24 15:13:10 +0000 2016,"With Time Warner deal, AT&amp;T aims to be mobile entertainment powerhouse ~ https://t.co/yYM8OUT3FU via @marketingdive",,,Twitter
Dallas13,32.845283,-96.787396,6417 Hillcrest Ave,75205,Mon Oct 24 15:03:15 +0000 2016,AT&amp;T Is Buying Time Warner Because the Future is Google - https://t.co/pqp9gJ3z35,,,Twitter
Dallas13,32.845283,-96.787396,6417 Hillcrest Ave,75205,Mon Oct 24 15:03:11 +0000 2016,RT @ATT: Welcome to the team! @taylorswift13 https://t.co/4h86nLYuLo https://t.co/gAHOi7fPrZ,,,Twitter
Dallas13,32.845283,-96.787396,6417 Hillcrest Ave,75205,Mon Oct 24 15:02:51 +0000 2016,Luke Bryan shimmies and shines during 'Kill the Lights' tour at AT&amp;T Stadium on Saturday | https://t.co/OMVjpTOelO https://t.co/wg6mXxibfL,,,Twitter
Dallas13,32.845283,-96.787396,6417 Hillcrest Ave,75205,Mon Oct 24 15:02:32 +0000 2016,RT @attJOBS: Our development programs can put you on the right career path. Why? Just ask Brad: https://t.co/bmAjmMvvte #BeTheFuture https:…,,,Twitter
Dallas13,32.845283,-96.787396,6417 Hillcrest Ave,75205,Mon Oct 24 15:01:40 +0000 2016,"RT @ATTBusiness: Recently granted his 200th patent, Dale Malik shares his secrets for converting new ideas into a reality: https://t.co/5Zw…",,,Twitter
Dallas13,32.845283,-96.787396,6417 Hillcrest Ave,75205,Mon Oct 24 15:00:11 +0000 2016,#dallas AT&amp;T CEO Randall Stephenson confident Time Warner merger will get past regulators https://t.co/y9jZ375uEF,,,Twitter
Dallas13,32.845283,-96.787396,6417 Hillcrest Ave,75205,Mon Oct 24 14:55:41 +0000 2016,"Sport drives main forms CBSSports, NBC-Comcast, Disney-ESPN, Fox, and now AT&amp;T-Time Warner. @SMUSportMgt #sportsbiz https://t.co/1yFYGld1P6",,,Twitter
Dallas13,32.845283,-96.787396,6417 Hillcrest Ave,75205,Mon Oct 24 14:53:57 +0000 2016,"Follow all @DallasNews coverage of the AT&amp;T, Time Warner here: https://t.co/TfNOWHdSpF",,,Twitter
Dallas13,32.845283,-96.787396,6417 Hillcrest Ave,75205,Mon Oct 24 14:53:51 +0000 2016,@ATTCares what is this crap? Charging me extra to use data from the previous period? On the next day? #dumbass https://t.co/QiiPsGJW7i,,,Twitter
Dallas13,32.845283,-96.787396,6417 Hillcrest Ave,75205,Mon Oct 24 14:45:28 +0000 2016,RT @dallasnews: AT&amp;T's quarterly results give hints on urgency behind Time Warner deal https://t.co/zdffIY4Gfa | @Conor_Shine https://t.co/…,,,Twitter
Dallas13,32.845283,-96.787396,6417 Hillcrest Ave,75205,Mon Oct 24 14:37:21 +0000 2016,"If merger deal fails, AT&amp;T and Time Warner would pay big in break-up fees. https://t.co/eI6G5eDIoq",,,Twitter
Dallas13,32.845283,-96.787396,6417 Hillcrest Ave,75205,Mon Oct 24 14:37:07 +0000 2016,The CEO's Guide to Navigating the Threat Landscape - via @ATTBusiness https://t.co/IcGbH2CKYD #NetworkingExchange,,,Twitter
Dallas13,32.845283,-96.787396,6417 Hillcrest Ave,75205,Mon Oct 24 14:36:13 +0000 2016,"The Stadium Club is almost half a football field long, but can Cowboys fans fill it year 'round? |… https://t.co/UrshTtdQBn",,,Twitter
Dallas13,32.845283,-96.787396,6417 Hillcrest Ave,75205,Mon Oct 24 14:33:18 +0000 2016,"Netflix's Ted Sarandos Talks 'Narcos,' Competitors and AT&amp;T's Time Warner Deal https://t.co/RxFYMHOiJk via @thr #netflix #TimeWarner #ATT",,,Twitter
Dallas13,32.845283,-96.787396,6417 Hillcrest Ave,75205,Mon Oct 24 14:31:53 +0000 2016,RT @ATT: The #futureofvideo is mobile and the #futureofmobile is video. Time Warner + AT&amp;T make it happen! @twxcorp https://t.co/GKx4U9TQYg,,,Twitter
Dallas13,32.845283,-96.787396,6417 Hillcrest Ave,75205,Mon Oct 24 14:30:54 +0000 2016,"AT&amp;T Awards $250,000 to Support Student Success https://t.co/7HqNXf2Yqu via @NorthDenverTrib",,,Twitter
Dallas13,32.845283,-96.787396,6417 Hillcrest Ave,75205,Mon Oct 24 14:25:54 +0000 2016,RT @ATT: Welcome to the team! @taylorswift13 https://t.co/4h86nLYuLo https://t.co/gAHOi7fPrZ,,,Twitter
Dallas13,32.845283,-96.787396,6417 Hillcrest Ave,75205,Mon Oct 24 14:22:35 +0000 2016,"RT @dallasnews: Trump gets litigious, AT&amp;T gets bigger, @TomiLahren wins bigly: Your weekend news digest https://t.co/tjOy7OJCri https://t.…",,,Twitter
Dallas13,32.845283,-96.787396,6417 Hillcrest Ave,75205,Mon Oct 24 14:14:01 +0000 2016,You don't have to go back to school to continue learning. Try these tips to learn something new:… https://t.co/9B8KfsjYz6,,,Twitter
Dallas13,32.845283,-96.787396,6417 Hillcrest Ave,75205,Mon Oct 24 14:11:36 +0000 2016,RT @melissa_repko: AT&amp;T CEO Randall Stephenson says he's confident Time Warner merger will get past regulators. https://t.co/iRlyBUzRgd,,,Twitter
Dallas13,32.845283,-96.787396,6417 Hillcrest Ave,75205,Mon Oct 24 14:11:26 +0000 2016,RT @melissa_repko: AT&amp;T CEO Randall Stephenson says he's confident Time Warner merger will get past regulators. https://t.co/iRlyBUzRgd,,,Twitter
Dallas13,32.845283,-96.787396,6417 Hillcrest Ave,75205,Mon Oct 24 14:06:00 +0000 2016,RT @melissa_repko: AT&amp;T CEO Randall Stephenson says he's confident Time Warner merger will get past regulators. https://t.co/iRlyBUzRgd,,,Twitter
Dallas13,32.845283,-96.787396,6417 Hillcrest Ave,75205,Mon Oct 24 14:05:51 +0000 2016,RT @melissa_repko: AT&amp;T CEO Randall Stephenson says he's confident Time Warner merger will get past regulators. https://t.co/iRlyBUzRgd,,,Twitter
Dallas13,32.845283,-96.787396,6417 Hillcrest Ave,75205,Mon Oct 24 14:05:34 +0000 2016,AT&amp;T CEO Randall Stephenson says he's confident Time Warner merger will get past regulators. https://t.co/iRlyBUzRgd,,,Twitter
Dallas13,32.845283,-96.787396,6417 Hillcrest Ave,75205,Mon Oct 24 14:04:43 +0000 2016,"@AdalineTarver It's a special, invitation-only concert. We’ll share ticketing details later. Follow AT&amp;T + Taylor Nation for the latest.",,,Twitter
Dallas13,32.845283,-96.787396,6417 Hillcrest Ave,75205,Mon Oct 24 14:04:07 +0000 2016,Hilton's 2011 artwork. Congrats to Dallas-based @ATT &amp; Randall Stephenson on deal that could create nation's larges… https://t.co/zN5LsvFuRt,,,Twitter
Dallas13,32.845283,-96.787396,6417 Hillcrest Ave,75205,Mon Oct 24 14:00:31 +0000 2016,RT @ATT: Get a sweet deal on the new iPhone 7 when you switch to AT&amp;T and have DIRECTV. https://t.co/TQVeUkmeZ6 https://t.co/zfZmNpe8AP,,,Twitter
Dallas13,32.845283,-96.787396,6417 Hillcrest Ave,75205,Mon Oct 24 14:00:02 +0000 2016,@ATT agrees to buy @TWC for more than $80B https://t.co/Pwyyf1vQTn https://t.co/WNMresoQ5Q,,,Twitter
Dallas13,32.845283,-96.787396,6417 Hillcrest Ave,75205,Mon Oct 24 13:58:52 +0000 2016,#atttimewarner #att Chm Stephenson should improve what he has instead of building monuments! This merger is BAD for consumers!,,,Twitter
Dallas13,32.845283,-96.787396,6417 Hillcrest Ave,75205,Mon Oct 24 13:57:15 +0000 2016,#atttimewarner  @att been a att cust. for 20+ years. They are miserable now. Imagine how crappy after a mega merger!,,,Twitter
Dallas13,32.845283,-96.787396,6417 Hillcrest Ave,75205,Mon Oct 24 13:55:07 +0000 2016,"RT @ATT: Mother Nature is unpredictable, so we rely on our Network Disaster Recovery team to connect you when you need it most. https://t.c…",,,Twitter
Dallas13,32.845283,-96.787396,6417 Hillcrest Ave,75205,Mon Oct 24 13:54:44 +0000 2016,RT @ATT: AT&amp;T CEO Randall Stephenson addressed #MWC13 regarding challenges and opps for industry http://t.co/ruUa9WcblL http://t.co/E0qgeIj…,,,Twitter
Dallas13,32.845283,-96.787396,6417 Hillcrest Ave,75205,Mon Oct 24 13:48:56 +0000 2016,"RT @attJOBS: We’re lucky to be surrounded by talented #WomenInTech. See how they inspire us: https://t.co/6dp7cmjdey 
#GHC16 https://t.co/O…",,,Twitter
Dallas13,32.845283,-96.787396,6417 Hillcrest Ave,75205,Mon Oct 24 13:48:44 +0000 2016,"RT @attJOBS: Through technology, we're helping to connect students with mentors across the country. Here's how: https://t.co/aIHtIbm2d3 #AT…",,,Twitter
Dallas13,32.845283,-96.787396,6417 Hillcrest Ave,75205,Mon Oct 24 13:48:29 +0000 2016,"@NBALPSupport Is there still a deal between @DIRECTV and NBA for League Pass? Still not available and season starts tomorrow, ridiculous.",,,Twitter
Dallas13,32.845283,-96.787396,6417 Hillcrest Ave,75205,Mon Oct 24 13:47:54 +0000 2016,RT @Dstoreysg: It only takes one extra degree to make a difference. #besomeone'sdifference https://t.co/DFTGqIR1fG,,,Twitter
Dallas13,32.845283,-96.787396,6417 Hillcrest Ave,75205,Mon Oct 24 13:46:35 +0000 2016,RT @attJOBS: At the end of an interview you have a chance to make a lasting impression. Take it! Learn how: https://t.co/Fq9rgFL6f3 #Career…,,,Twitter
Dallas13,32.845283,-96.787396,6417 Hillcrest Ave,75205,Mon Oct 24 13:45:36 +0000 2016,RT @attJOBS: Last year we donated $1M to @GirlsWhoCode &amp; the future careers of women technologists everywhere! #GHC16 https://t.co/rKDF99f5…,,,Twitter
Dallas13,32.845283,-96.787396,6417 Hillcrest Ave,75205,Mon Oct 24 13:45:10 +0000 2016,RT @attJOBS: Our development programs can put you on the right career path. Why? Just ask Brad: https://t.co/bmAjmMvvte #BeTheFuture https:…,,,Twitter
Dallas13,32.845283,-96.787396,6417 Hillcrest Ave,75205,Mon Oct 24 13:36:16 +0000 2016,AT&amp;T's quarterly results give hints on urgency behind Time Warner deal https://t.co/Cx1AXLE7xF | @Conor_Shine https://t.co/l5uJCUsAyP,,,Twitter
Dallas13,32.845283,-96.787396,6417 Hillcrest Ave,75205,Mon Oct 24 13:31:39 +0000 2016,Millennials grew up in the age of cell phones and the Internet https://t.co/nrmXqjKfQV #voip #attemployee,,,Twitter
Dallas13,32.845283,-96.787396,6417 Hillcrest Ave,75205,Mon Oct 24 13:28:03 +0000 2016,"First DIRECTV now Time Warner
#ATT...#TheEmpire https://t.co/1GvKLoL4qV",,,Twitter
Dallas13,32.845283,-96.787396,6417 Hillcrest Ave,75205,Mon Oct 24 13:25:25 +0000 2016,AT&amp;T CEO Vows ‘Independence’ for CNN in Merger With Time Warner https://t.co/5U4X6Viz1r https://t.co/CP5tCpbRpv,,,Twitter
Dallas13,32.845283,-96.787396,6417 Hillcrest Ave,75205,Mon Oct 24 13:23:37 +0000 2016,RT @ATT: Get a sweet deal on the new iPhone 7 when you switch to AT&amp;T and have DIRECTV. https://t.co/TQVeUkmeZ6 https://t.co/zfZmNpe8AP,,,Twitter
Dallas13,32.845283,-96.787396,6417 Hillcrest Ave,75205,Mon Oct 24 13:22:05 +0000 2016,RT @ATT: Welcome to the team! @taylorswift13 https://t.co/4h86nLYuLo https://t.co/gAHOi7fPrZ,,,Twitter
Dallas13,32.845283,-96.787396,6417 Hillcrest Ave,75205,Mon Oct 24 13:16:29 +0000 2016,RT @ATT: Welcome to the team! @taylorswift13 https://t.co/4h86nLYuLo https://t.co/gAHOi7fPrZ,,,Twitter
Dallas13,32.845283,-96.787396,6417 Hillcrest Ave,75205,Mon Oct 24 13:15:15 +0000 2016,#ATT CEO Randall Stephenson confident Time Warner merger will get past regulators https://t.co/16x5x51ksj #DFW #Tech,,,Twitter
Dallas13,32.845283,-96.787396,6417 Hillcrest Ave,75205,Mon Oct 24 13:10:14 +0000 2016,RT @melissa_repko: AT&amp;T's quarterly results give hints on urgency behind Time Warner deal. https://t.co/C7bG16Q5sP,,,Twitter
Dallas13,32.845283,-96.787396,6417 Hillcrest Ave,75205,Mon Oct 24 13:00:32 +0000 2016,AT&amp;T will acquire Time Warner for $85.4B in content play | Macworld https://t.co/l0dPH8O5IF,,,Twitter
Dallas13,32.845283,-96.787396,6417 Hillcrest Ave,75205,Mon Oct 24 12:56:09 +0000 2016,@dohertyjf @DamonGochneaur @PPCKirk as a former t-mobile customer I could never get coverage inside buildings. Eventually switched to att,,,Twitter
Dallas13,32.845283,-96.787396,6417 Hillcrest Ave,75205,Mon Oct 24 12:54:37 +0000 2016,RT @ATT: Get a sweet deal on the new iPhone 7 when you switch to AT&amp;T and have DIRECTV. https://t.co/TQVeUkmeZ6 https://t.co/zfZmNpe8AP,,,Twitter
Dallas13,32.845283,-96.787396,6417 Hillcrest Ave,75205,Mon Oct 24 12:54:11 +0000 2016,AT&amp;T CEO Randall Stephenson confident Time Warner merger will get past regulators:  https://t.co/RO9nlYU1rT,,,Twitter
Dallas13,32.845283,-96.787396,6417 Hillcrest Ave,75205,Mon Oct 24 12:47:09 +0000 2016,If the @blakeshelton and @adamlevine bromance didn't exist…😲💔 #AlternateScaryEnding #TheVoice https://t.co/m85NuKj4cJ,,,Twitter
Dallas13,32.845283,-96.787396,6417 Hillcrest Ave,75205,Mon Oct 24 12:41:54 +0000 2016,RT @ATT: Welcome to the team! @taylorswift13 https://t.co/4h86nLYuLo https://t.co/gAHOi7fPrZ,,,Twitter
Dallas13,32.845283,-96.787396,6417 Hillcrest Ave,75205,Mon Oct 24 12:41:14 +0000 2016,RT @ATT: Welcome to the team! @taylorswift13 https://t.co/4h86nLYuLo https://t.co/gAHOi7fPrZ,,,Twitter
Dallas13,32.845283,-96.787396,6417 Hillcrest Ave,75205,Mon Oct 24 12:36:06 +0000 2016,RT @dallasnews: AT&amp;T's quarterly results give hints on urgency behind Time Warner deal https://t.co/zdffIY4Gfa | @Conor_Shine https://t.co/…,,,Twitter
Dallas13,32.845283,-96.787396,6417 Hillcrest Ave,75205,Mon Oct 24 12:32:34 +0000 2016,"RT @DMNBiz: How the AT&amp;T-Time Warner deal changes the TV, mobile landscapes https://t.co/r8vR9j26fH | @Conor_Shine https://t.co/wKkVSeIClY",,,Twitter
Dallas13,32.845283,-96.787396,6417 Hillcrest Ave,75205,Mon Oct 24 12:29:35 +0000 2016,"@ATTCares I just deleted both the ESPN app and WatchESPN app, and I got this. #notcool https://t.co/vnioR48eql",,,Twitter
Dallas13,32.845283,-96.787396,6417 Hillcrest Ave,75205,Mon Oct 24 12:29:28 +0000 2016,Get caught up on the weekend's news on AT&amp;T and Time Warner: https://t.co/n8u8eFTAHO @dallasnews @DMNBiz,,,Twitter
Dallas13,32.845283,-96.787396,6417 Hillcrest Ave,75205,Mon Oct 24 12:26:52 +0000 2016,Bernie Sanders: Obama “Should Kill” AT&amp;T-Time Warner Deal | Deadline https://t.co/Ae7kYLqa7V,,,Twitter
Dallas13,32.845283,-96.787396,6417 Hillcrest Ave,75205,Mon Oct 24 12:25:53 +0000 2016,"Trump, Clinton weigh in on AT&amp;T, Time Warner merger: Trump said he'll block it; Clinton said she has concerns. https://t.co/Mk3P0chIcL",,,Twitter
Dallas13,32.845283,-96.787396,6417 Hillcrest Ave,75205,Mon Oct 24 12:21:07 +0000 2016,"Speak now: Why critics want the $108 billion marriage of AT&amp;T, Time Warner to fail. https://t.co/Mk3P0chIcL",,,Twitter
Dallas13,32.845283,-96.787396,6417 Hillcrest Ave,75205,Mon Oct 24 12:18:24 +0000 2016,RT @ATT: Welcome to the team! @taylorswift13 https://t.co/4h86nLYuLo https://t.co/gAHOi7fPrZ,,,Twitter
Dallas13,32.845283,-96.787396,6417 Hillcrest Ave,75205,Sat Oct 22 03:45:00 +0000 2016,"RT @ATT: Watch the @GreenDay @iHeartRadio Album Release Party Tonight, 9pm ET/PT on AUDIENCE. DIRECTV ch 239/U-verse ch 1114. https://t.co/…",,,Twitter
Dallas13,32.845283,-96.787396,6417 Hillcrest Ave,75205,Sat Oct 22 03:42:55 +0000 2016,RT @ATT: Welcome to the team! @taylorswift13 https://t.co/4h86nLYuLo https://t.co/gAHOi7fPrZ,,,Twitter
Dallas13,32.845283,-96.787396,6417 Hillcrest Ave,75205,Sat Oct 22 03:37:04 +0000 2016,"RT @ATT: Some people may wait a lifetime, but you don't have to. On 11/2-3, AT&amp;T customers can buy @kelly_clarkson tix early. https://t.co/…",,,Twitter
Dallas13,32.845283,-96.787396,6417 Hillcrest Ave,75205,Sat Oct 22 03:25:35 +0000 2016,"RT @ATT: Watch the @GreenDay @iHeartRadio Album Release Party Tonight, 9pm ET/PT on AUDIENCE. DIRECTV ch 239/U-verse ch 1114. https://t.co/…",,,Twitter
Dallas13,32.845283,-96.787396,6417 Hillcrest Ave,75205,Sat Oct 22 03:21:50 +0000 2016,RT @ATT: @Emma_Wilson44 We’ll be giving away tickets to Taylor fans including AT&amp;T customers + special guests. We’ll share ticketing detail…,,,Twitter
Dallas13,32.845283,-96.787396,6417 Hillcrest Ave,75205,Sat Oct 22 03:17:26 +0000 2016,"RT @ATT: Some people may wait a lifetime, but you don't have to. On 11/2-3, AT&amp;T customers can buy @kelly_clarkson tix early. https://t.co/…",,,Twitter
Dallas13,32.845283,-96.787396,6417 Hillcrest Ave,75205,Sat Oct 22 03:15:07 +0000 2016,RT @ATT: Welcome to the team! @taylorswift13 https://t.co/4h86nLYuLo https://t.co/gAHOi7fPrZ,,,Twitter
Dallas13,32.845283,-96.787396,6417 Hillcrest Ave,75205,Sat Oct 22 03:13:08 +0000 2016,"RT @ATT: Watch the @GreenDay @iHeartRadio Album Release Party Tonight, 9pm ET/PT on AUDIENCE. DIRECTV ch 239/U-verse ch 1114. https://t.co/…",,,Twitter
Dallas13,32.845283,-96.787396,6417 Hillcrest Ave,75205,Sat Oct 22 03:12:49 +0000 2016,"RT @ATT: Watch the @GreenDay @iHeartRadio Album Release Party Tonight, 9pm ET/PT on AUDIENCE. DIRECTV ch 239/U-verse ch 1114. https://t.co/…",,,Twitter
Dallas13,32.845283,-96.787396,6417 Hillcrest Ave,75205,Sat Oct 22 03:05:05 +0000 2016,RT @ATT: Welcome to the team! @taylorswift13 https://t.co/4h86nLYuLo https://t.co/gAHOi7fPrZ,,,Twitter
Dallas13,32.845283,-96.787396,6417 Hillcrest Ave,75205,Sat Oct 22 03:02:51 +0000 2016,RT @ATT: Welcome to the team! @taylorswift13 https://t.co/4h86nLYuLo https://t.co/gAHOi7fPrZ,,,Twitter
Dallas13,32.845283,-96.787396,6417 Hillcrest Ave,75205,Sat Oct 22 03:00:44 +0000 2016,#Roadto5G with  #At&amp;t #ATT  @EricssonNA  @ATT https://t.co/wx0bjI240e,,,Twitter
Dallas13,32.845283,-96.787396,6417 Hillcrest Ave,75205,Sat Oct 22 03:00:04 +0000 2016,"RT @ATT: Watch the @GreenDay @iHeartRadio Album Release Party Tonight, 9pm ET/PT on AUDIENCE. DIRECTV ch 239/U-verse ch 1114. https://t.co/…",,,Twitter
Dallas13,32.845283,-96.787396,6417 Hillcrest Ave,75205,Sat Oct 22 02:31:11 +0000 2016,"RT @ATT: Some people may wait a lifetime, but you don't have to. On 11/2-3, AT&amp;T customers can buy @kelly_clarkson tix early. https://t.co/…",,,Twitter
Dallas13,32.845283,-96.787396,6417 Hillcrest Ave,75205,Sat Oct 22 02:30:37 +0000 2016,"RT @ATT: Watch the @GreenDay @iHeartRadio Album Release Party Tonight, 9pm ET/PT on AUDIENCE. DIRECTV ch 239/U-verse ch 1114. https://t.co/…",,,Twitter
Dallas13,32.845283,-96.787396,6417 Hillcrest Ave,75205,Sat Oct 22 02:26:33 +0000 2016,RT @ATT: Are you ready for the revolution? Watch the @GreenDay @iHeartRadio Album Release Party now. #iHeartGreenDay https://t.co/ec2gZXKu7U,,,Twitter
Dallas13,32.845283,-96.787396,6417 Hillcrest Ave,75205,Sat Oct 22 02:25:09 +0000 2016,RT @ATT: Get a sweet deal on the new iPhone 7 when you switch to AT&amp;T and have DIRECTV. https://t.co/TQVeUkmeZ6 https://t.co/zfZmNpe8AP,,,Twitter
Dallas13,32.845283,-96.787396,6417 Hillcrest Ave,75205,Sat Oct 22 02:22:33 +0000 2016,@ATT agrees in principle to buy Time Warner for $85 billion  https://t.co/ym97zYu1oG,,,Twitter
Dallas13,32.845283,-96.787396,6417 Hillcrest Ave,75205,Sat Oct 22 02:16:38 +0000 2016,RT @ATT: Are you ready for the revolution? Watch the @GreenDay @iHeartRadio Album Release Party now. #iHeartGreenDay https://t.co/ec2gZXKu7U,,,Twitter
Dallas13,32.845283,-96.787396,6417 Hillcrest Ave,75205,Sat Oct 22 02:01:41 +0000 2016,"RT @ATT: Watch the @GreenDay @iHeartRadio Album Release Party Tonight, 9pm ET/PT on AUDIENCE. DIRECTV ch 239/U-verse ch 1114. https://t.co/…",,,Twitter
Dallas13,32.845283,-96.787396,6417 Hillcrest Ave,75205,Sat Oct 22 01:46:11 +0000 2016,RT @ATT: Get a sweet deal on the new iPhone 7 when you switch to AT&amp;T and have DIRECTV. https://t.co/TQVeUkmeZ6 https://t.co/zfZmNpe8AP,,,Twitter
Dallas13,32.845283,-96.787396,6417 Hillcrest Ave,75205,Sat Oct 22 01:43:22 +0000 2016,RT @ATT: Welcome to the team! @taylorswift13 https://t.co/4h86nLYuLo https://t.co/gAHOi7fPrZ,,,Twitter
Dallas13,32.845283,-96.787396,6417 Hillcrest Ave,75205,Sat Oct 22 01:42:21 +0000 2016,"Going on FOUR days without @ATT wireless service, can't get @ATTCares to respond to my latest msg. #ATTCommunity #CustomerService",,,Twitter
Dallas13,32.845283,-96.787396,6417 Hillcrest Ave,75205,Sat Oct 22 01:37:16 +0000 2016,RT @ATT: Are you ready for the revolution? Watch the @GreenDay @iHeartRadio Album Release Party now. #iHeartGreenDay https://t.co/ec2gZXKu7U,,,Twitter
Dallas13,32.845283,-96.787396,6417 Hillcrest Ave,75205,Sat Oct 22 01:13:55 +0000 2016,"RT @ATT: Watch the @GreenDay @iHeartRadio Album Release Party Tonight, 9pm ET/PT on AUDIENCE. DIRECTV ch 239/U-verse ch 1114. https://t.co/…",,,Twitter
Dallas13,32.845283,-96.787396,6417 Hillcrest Ave,75205,Sat Oct 22 01:02:05 +0000 2016,"RT @ATT: Watch the @GreenDay @iHeartRadio Album Release Party Tonight, 9pm ET/PT on AUDIENCE. DIRECTV ch 239/U-verse ch 1114. https://t.co/…",,,Twitter
Dallas13,32.845283,-96.787396,6417 Hillcrest Ave,75205,Sat Oct 22 00:51:12 +0000 2016,"RT @ATT: Watch the @GreenDay @iHeartRadio Album Release Party Tonight, 9pm ET/PT on AUDIENCE. DIRECTV ch 239/U-verse ch 1114. https://t.co/…",,,Twitter
Dallas13,32.845283,-96.787396,6417 Hillcrest Ave,75205,Sat Oct 22 00:48:42 +0000 2016,"RT @ATT: Watch the @GreenDay @iHeartRadio Album Release Party Tonight, 9pm ET/PT on AUDIENCE. DIRECTV ch 239/U-verse ch 1114. https://t.co/…",,,Twitter
Dallas13,32.845283,-96.787396,6417 Hillcrest Ave,75205,Sat Oct 22 00:38:35 +0000 2016,"RT @ATT: Some people may wait a lifetime, but you don't have to. On 11/2-3, AT&amp;T customers can buy @kelly_clarkson tix early. https://t.co/…",,,Twitter
Dallas13,32.845283,-96.787396,6417 Hillcrest Ave,75205,Sat Oct 22 00:35:35 +0000 2016,"RT @ATT: Watch the @GreenDay @iHeartRadio Album Release Party Tonight, 9pm ET/PT on AUDIENCE. DIRECTV ch 239/U-verse ch 1114. https://t.co/…",,,Twitter
Dallas13,32.845283,-96.787396,6417 Hillcrest Ave,75205,Sat Oct 22 00:31:31 +0000 2016,RT @theeagledallas: WATCH Green Day's album release party with @iHeartRadio &amp; @ATT TONIGHT 9PM ET/PT 🎸 https://t.co/xa5cQQVGxg https://t.co…,,,Twitter
Dallas13,32.845283,-96.787396,6417 Hillcrest Ave,75205,Sat Oct 22 00:30:02 +0000 2016,WATCH Green Day's album release party with @iHeartRadio &amp; @ATT TONIGHT 9PM ET/PT 🎸 https://t.co/xa5cQQVGxg https://t.co/s6unQBd9wY,,,Twitter
Dallas13,32.845283,-96.787396,6417 Hillcrest Ave,75205,Sat Oct 22 00:24:06 +0000 2016,RT @Jacqueline062: @ATT has the worst customer service imaginable. 😡,,,Twitter
Dallas13,32.845283,-96.787396,6417 Hillcrest Ave,75205,Sat Oct 22 00:15:02 +0000 2016,RT @ATT: Welcome to the team! @taylorswift13 https://t.co/4h86nLYuLo https://t.co/gAHOi7fPrZ,,,Twitter
Dallas13,32.845283,-96.787396,6417 Hillcrest Ave,75205,Sat Oct 22 00:07:32 +0000 2016,RT @ATT: Welcome to the team! @taylorswift13 https://t.co/4h86nLYuLo https://t.co/gAHOi7fPrZ,,,Twitter
Dallas13,32.845283,-96.787396,6417 Hillcrest Ave,75205,Sat Oct 22 00:06:16 +0000 2016,"RT @ATT: Watch the @GreenDay @iHeartRadio Album Release Party Tonight, 9pm ET/PT on AUDIENCE. DIRECTV ch 239/U-verse ch 1114. https://t.co/…",,,Twitter
Dallas13,32.845283,-96.787396,6417 Hillcrest Ave,75205,Fri Oct 21 23:50:39 +0000 2016,"RT @ATT: Some people may wait a lifetime, but you don't have to. On 11/2-3, AT&amp;T customers can buy @kelly_clarkson tix early. https://t.co/…",,,Twitter
Dallas13,32.845283,-96.787396,6417 Hillcrest Ave,75205,Fri Oct 21 23:47:29 +0000 2016,"RT @ATT: Some people may wait a lifetime, but you don't have to. On 11/2-3, AT&amp;T customers can buy @kelly_clarkson tix early. https://t.co/…",,,Twitter
Dallas13,32.845283,-96.787396,6417 Hillcrest Ave,75205,Fri Oct 21 23:46:45 +0000 2016,"RT @ATT: Watch the @GreenDay @iHeartRadio Album Release Party Tonight, 9pm ET/PT on AUDIENCE. DIRECTV ch 239/U-verse ch 1114. https://t.co/…",,,Twitter
Dallas13,32.845283,-96.787396,6417 Hillcrest Ave,75205,Fri Oct 21 23:43:47 +0000 2016,"RT @ATT: Watch the @GreenDay @iHeartRadio Album Release Party Tonight, 9pm ET/PT on AUDIENCE. DIRECTV ch 239/U-verse ch 1114. https://t.co/…",,,Twitter
Dallas13,32.845283,-96.787396,6417 Hillcrest Ave,75205,Fri Oct 21 23:40:54 +0000 2016,"RT @ATT: Some people may wait a lifetime, but you don't have to. On 11/2-3, AT&amp;T customers can buy @kelly_clarkson tix early. https://t.co/…",,,Twitter
Dallas13,32.845283,-96.787396,6417 Hillcrest Ave,75205,Fri Oct 21 23:34:22 +0000 2016,"RT @ATT: Watch the @GreenDay @iHeartRadio Album Release Party Tonight, 9pm ET/PT on AUDIENCE. DIRECTV ch 239/U-verse ch 1114. https://t.co/…",,,Twitter
Dallas13,32.845283,-96.787396,6417 Hillcrest Ave,75205,Fri Oct 21 23:33:45 +0000 2016,RT @ATT: Welcome to the team! @taylorswift13 https://t.co/4h86nLYuLo https://t.co/gAHOi7fPrZ,,,Twitter
Dallas13,32.845283,-96.787396,6417 Hillcrest Ave,75205,Fri Oct 21 23:24:16 +0000 2016,RT @ATT: Welcome to the team! @taylorswift13 https://t.co/4h86nLYuLo https://t.co/gAHOi7fPrZ,,,Twitter
Dallas13,32.845283,-96.787396,6417 Hillcrest Ave,75205,Fri Oct 21 23:18:07 +0000 2016,"RT @ATT: Watch the @GreenDay @iHeartRadio Album Release Party Tonight, 9pm ET/PT on AUDIENCE. DIRECTV ch 239/U-verse ch 1114. https://t.co/…",,,Twitter
Dallas13,32.845283,-96.787396,6417 Hillcrest Ave,75205,Fri Oct 21 23:11:45 +0000 2016,"RT @ATT: Some people may wait a lifetime, but you don't have to. On 11/2-3, AT&amp;T customers can buy @kelly_clarkson tix early. https://t.co/…",,,Twitter
Dallas13,32.845283,-96.787396,6417 Hillcrest Ave,75205,Fri Oct 21 23:10:51 +0000 2016,"@ATTCares Thanks, but no concern. Just pointing out the fantastic service!",,,Twitter
Dallas13,32.845283,-96.787396,6417 Hillcrest Ave,75205,Fri Oct 21 23:06:22 +0000 2016,.@ATTCares Nice tower! https://t.co/3bZYFyYgxj,,,Twitter
Dallas13,32.845283,-96.787396,6417 Hillcrest Ave,75205,Fri Oct 21 23:03:48 +0000 2016,RT @ATT: Welcome to the team! @taylorswift13 https://t.co/4h86nLYuLo https://t.co/gAHOi7fPrZ,,,Twitter
Dallas13,32.845283,-96.787396,6417 Hillcrest Ave,75205,Fri Oct 21 22:58:28 +0000 2016,"RT @ATT: Watch the @GreenDay @iHeartRadio Album Release Party Tonight, 9pm ET/PT on AUDIENCE. DIRECTV ch 239/U-verse ch 1114. https://t.co/…",,,Twitter
Dallas13,32.845283,-96.787396,6417 Hillcrest Ave,75205,Fri Oct 21 22:50:35 +0000 2016,"RT @ATT: Some people may wait a lifetime, but you don't have to. On 11/2-3, AT&amp;T customers can buy @kelly_clarkson tix early. https://t.co/…",,,Twitter
Dallas13,32.845283,-96.787396,6417 Hillcrest Ave,75205,Fri Oct 21 22:48:33 +0000 2016,"RT @ATT: Some people may wait a lifetime, but you don't have to. On 11/2-3, AT&amp;T customers can buy @kelly_clarkson tix early. https://t.co/…",,,Twitter
Dallas13,32.845283,-96.787396,6417 Hillcrest Ave,75205,Fri Oct 21 22:46:41 +0000 2016,"RT @ATT: We want to see your #ATTRedCarpet watch party! Tweet us your plans, and tune in on @AudienceNetwork on 11/2! #CMAAwards50 https://…",,,Twitter
Dallas13,32.845283,-96.787396,6417 Hillcrest Ave,75205,Fri Oct 21 22:43:55 +0000 2016,"RT @ATT: Some people may wait a lifetime, but you don't have to. On 11/2-3, AT&amp;T customers can buy @kelly_clarkson tix early. https://t.co/…",,,Twitter
Dallas13,32.845283,-96.787396,6417 Hillcrest Ave,75205,Fri Oct 21 22:43:35 +0000 2016,"RT @ATT: Some people may wait a lifetime, but you don't have to. On 11/2-3, AT&amp;T customers can buy @kelly_clarkson tix early. https://t.co/…",,,Twitter
Dallas13,32.845283,-96.787396,6417 Hillcrest Ave,75205,Fri Oct 21 22:29:19 +0000 2016,"RT @ATT: Watch the @GreenDay @iHeartRadio Album Release Party Tonight, 9pm ET/PT on AUDIENCE. DIRECTV ch 239/U-verse ch 1114. https://t.co/…",,,Twitter
Dallas13,32.845283,-96.787396,6417 Hillcrest Ave,75205,Fri Oct 21 22:26:27 +0000 2016,"RT @ATT: Watch the @GreenDay @iHeartRadio Album Release Party Tonight, 9pm ET/PT on AUDIENCE. DIRECTV ch 239/U-verse ch 1114. https://t.co/…",,,Twitter
Dallas13,32.845283,-96.787396,6417 Hillcrest Ave,75205,Fri Oct 21 22:21:01 +0000 2016,RT @Uverse: Friday night plans? You + 🛋 + 🍿 + Liam Hemsworth. Order Independence Day: Resurgence and call it a date. https://t.co/tPqA5w8Gp…,,,Twitter
Dallas13,32.845283,-96.787396,6417 Hillcrest Ave,75205,Fri Oct 21 22:03:59 +0000 2016,RT @ATT: Welcome to the team! @taylorswift13 https://t.co/4h86nLYuLo https://t.co/gAHOi7fPrZ,,,Twitter
Dallas13,32.845283,-96.787396,6417 Hillcrest Ave,75205,Fri Oct 21 21:38:49 +0000 2016,"RT @ATT: Watch the @GreenDay @iHeartRadio Album Release Party Tonight, 9pm ET/PT on AUDIENCE. DIRECTV ch 239/U-verse ch 1114. https://t.co/…",,,Twitter
Dallas13,32.845283,-96.787396,6417 Hillcrest Ave,75205,Fri Oct 21 21:37:58 +0000 2016,RT @ATT: Welcome to the team! @taylorswift13 https://t.co/4h86nLYuLo https://t.co/gAHOi7fPrZ,,,Twitter
Dallas13,32.845283,-96.787396,6417 Hillcrest Ave,75205,Fri Oct 21 21:28:12 +0000 2016,"RT @ATT: Watch the @GreenDay @iHeartRadio Album Release Party Tonight, 9pm ET/PT on AUDIENCE. DIRECTV ch 239/U-verse ch 1114. https://t.co/…",,,Twitter
Dallas13,32.845283,-96.787396,6417 Hillcrest Ave,75205,Fri Oct 21 21:10:31 +0000 2016,RT @ATT: Who made you a college 🏈 fan? Share with #MadeMeAFanContest for a chance to win. Rules https://t.co/hU3I3wFn5V https://t.co/xZbxUJ…,,,Twitter
Dallas13,32.845283,-96.787396,6417 Hillcrest Ave,75205,Fri Oct 21 20:53:07 +0000 2016,"RT @ATT: Watch the @GreenDay @iHeartRadio Album Release Party Tonight, 9pm ET/PT on AUDIENCE. DIRECTV ch 239/U-verse ch 1114. https://t.co/…",,,Twitter
Dallas13,32.845283,-96.787396,6417 Hillcrest Ave,75205,Fri Oct 21 20:39:58 +0000 2016,@ATTCares Kinda hard to do ANYTHING on the internet when the internet goes down/off/quits!  My internet just quit a few minutes ago on me.,,,Twitter
Dallas13,32.845283,-96.787396,6417 Hillcrest Ave,75205,Fri Oct 21 20:39:12 +0000 2016,@ATT I hope you can demonstrate that @ATTCares by reading my forum link and contacting me https://t.co/78ZtbfNcuF lets talk #GreatISPsListen,,,Twitter
Dallas13,32.845283,-96.787396,6417 Hillcrest Ave,75205,Fri Oct 21 20:36:41 +0000 2016,"RT @ATT: Watch the @GreenDay @iHeartRadio Album Release Party Tonight, 9pm ET/PT on AUDIENCE. DIRECTV ch 239/U-verse ch 1114. https://t.co/…",,,Twitter
Dallas13,32.845283,-96.787396,6417 Hillcrest Ave,75205,Fri Oct 21 20:30:10 +0000 2016,RT @ATT: RT if you’ll be doing the time warp with Frank N. Furter and the gang tonight during @RockyHorrorFOX at 8/7 on @FOXTV. #RockyHorro…,,,Twitter
Dallas13,32.845283,-96.787396,6417 Hillcrest Ave,75205,Fri Oct 21 20:24:35 +0000 2016,RT @ATT: Get a sweet deal on the new iPhone 7 when you switch to AT&amp;T and have DIRECTV. https://t.co/TQVeUkmeZ6 https://t.co/zfZmNpe8AP,,,Twitter
Dallas13,32.845283,-96.787396,6417 Hillcrest Ave,75205,Fri Oct 21 19:53:44 +0000 2016,RT @ATT: RT if you’ll be doing the time warp with Frank N. Furter and the gang tonight during @RockyHorrorFOX at 8/7 on @FOXTV. #RockyHorro…,,,Twitter
Dallas13,32.845283,-96.787396,6417 Hillcrest Ave,75205,Fri Oct 21 19:45:34 +0000 2016,RT @ATT: Who made you a college 🏈 fan? Share with #MadeMeAFanContest for a chance to win. Rules https://t.co/hU3I3wFn5V https://t.co/xZbxUJ…,,,Twitter
Dallas13,32.845283,-96.787396,6417 Hillcrest Ave,75205,Fri Oct 21 19:38:22 +0000 2016,RT @ATT: Are you ready for the revolution? Watch the @GreenDay @iHeartRadio Album Release Party now. #iHeartGreenDay https://t.co/ec2gZXKu7U,,,Twitter
Dallas13,32.845283,-96.787396,6417 Hillcrest Ave,75205,Fri Oct 21 19:30:37 +0000 2016,Sooooo you can’t watch @FoodNetwork on an Android TV with @ATT Uverse? Shitty.,,,Twitter
Dallas13,32.845283,-96.787396,6417 Hillcrest Ave,75205,Fri Oct 21 19:11:47 +0000 2016,"RT @ATT: We want to see your #ATTRedCarpet watch party! Tweet us your plans, and tune in on @AudienceNetwork on 11/2! #CMAAwards50 https://…",,,Twitter
Dallas13,32.845283,-96.787396,6417 Hillcrest Ave,75205,Fri Oct 21 18:58:55 +0000 2016,"RT @ATT: Watch the @GreenDay @iHeartRadio Album Release Party Tonight, 9pm ET/PT on AUDIENCE. DIRECTV ch 239/U-verse ch 1114. https://t.co/…",,,Twitter
Dallas13,32.845283,-96.787396,6417 Hillcrest Ave,75205,Fri Oct 21 18:44:14 +0000 2016,"RT @ATT: Watch the @GreenDay @iHeartRadio Album Release Party Tonight, 9pm ET/PT on AUDIENCE. DIRECTV ch 239/U-verse ch 1114. https://t.co/…",,,Twitter
Dallas13,32.845283,-96.787396,6417 Hillcrest Ave,75205,Fri Oct 21 18:43:27 +0000 2016,RT @ATT: Are you ready for the revolution? Watch the @GreenDay @iHeartRadio Album Release Party now. #iHeartGreenDay https://t.co/ec2gZXKu7U,,,Twitter
Dallas13,32.845283,-96.787396,6417 Hillcrest Ave,75205,Fri Oct 21 18:34:14 +0000 2016,RT @ATT: Who made you a college 🏈 fan? Share with #MadeMeAFanContest for a chance to win. Rules https://t.co/hU3I3wFn5V https://t.co/xZbxUJ…,,,Twitter
Dallas13,32.845283,-96.787396,6417 Hillcrest Ave,75205,Fri Oct 21 17:49:56 +0000 2016,@ATTCares I filed my complaint with the @FCC here https://t.co/inVguPMnYv,,,Twitter
Dallas13,32.845283,-96.787396,6417 Hillcrest Ave,75205,Fri Oct 21 17:49:19 +0000 2016,RT @ATT: Get a sweet deal on the new iPhone 7 when you switch to AT&amp;T and have DIRECTV. https://t.co/TQVeUkmeZ6 https://t.co/zfZmNpe8AP,,,Twitter
Dallas13,32.845283,-96.787396,6417 Hillcrest Ave,75205,Fri Oct 21 17:47:37 +0000 2016,"RT @ATT: Watch the @GreenDay @iHeartRadio Album Release Party Tonight, 9pm ET/PT on AUDIENCE. DIRECTV ch 239/U-verse ch 1114. https://t.co/…",,,Twitter
Dallas13,32.845283,-96.787396,6417 Hillcrest Ave,75205,Fri Oct 21 17:25:42 +0000 2016,"RT @ATT: Watch the @GreenDay @iHeartRadio Album Release Party Tonight, 9pm ET/PT on AUDIENCE. DIRECTV ch 239/U-verse ch 1114. https://t.co/…",,,Twitter
Dallas13,32.845283,-96.787396,6417 Hillcrest Ave,75205,Fri Oct 21 17:22:35 +0000 2016,@ATT has the worst customer service imaginable. 😡,,,Twitter
Dallas13,32.845283,-96.787396,6417 Hillcrest Ave,75205,Fri Oct 21 17:14:02 +0000 2016,RT @ATT: Welcome to the team! @taylorswift13 https://t.co/4h86nLYuLo https://t.co/gAHOi7fPrZ,,,Twitter
Dallas13,32.845283,-96.787396,6417 Hillcrest Ave,75205,Fri Oct 21 17:13:30 +0000 2016,RT @ATT: Are you ready for the revolution? Watch the @GreenDay @iHeartRadio Album Release Party now. #iHeartGreenDay https://t.co/ec2gZXKu7U,,,Twitter
Dallas13,32.845283,-96.787396,6417 Hillcrest Ave,75205,Fri Oct 21 17:12:00 +0000 2016,"RT @ATT: @marariann_ This is a special, invitation-only concert, but we’ll be giving away lots of tickets to fans and AT&amp;T customers soon.",,,Twitter
Dallas13,32.845283,-96.787396,6417 Hillcrest Ave,75205,Fri Oct 21 17:08:39 +0000 2016,RT @ATT: Welcome to the team! @taylorswift13 https://t.co/4h86nLYuLo https://t.co/gAHOi7fPrZ,,,Twitter
Dallas13,32.845283,-96.787396,6417 Hillcrest Ave,75205,Fri Oct 21 17:08:17 +0000 2016,RT @ATT: Who made you a college 🏈 fan? Share with #MadeMeAFanContest for a chance to win. Rules https://t.co/hU3I3wFn5V https://t.co/xZbxUJ…,,,Twitter
Dallas13,32.845283,-96.787396,6417 Hillcrest Ave,75205,Fri Oct 21 16:39:14 +0000 2016,Went to file a formal complaint against my ISP @ATTCares to find out @FCC 's website is down https://t.co/wEqxwPSNoE :(,,,Twitter
Dallas13,32.845283,-96.787396,6417 Hillcrest Ave,75205,Fri Oct 21 16:38:14 +0000 2016,RT @ATT: Who made you a college 🏈 fan? Share with #MadeMeAFanContest for a chance to win. Rules https://t.co/hU3I3wFn5V https://t.co/xZbxUJ…,,,Twitter
Dallas13,32.845283,-96.787396,6417 Hillcrest Ave,75205,Fri Oct 21 16:21:51 +0000 2016,"RT @ATT: Watch the @GreenDay @iHeartRadio Album Release Party Tonight, 9pm ET/PT on AUDIENCE. DIRECTV ch 239/U-verse ch 1114. https://t.co/…",,,Twitter
Dallas13,32.845283,-96.787396,6417 Hillcrest Ave,75205,Fri Oct 21 16:21:06 +0000 2016,"RT @ATT: Watch the @GreenDay @iHeartRadio Album Release Party Tonight, 9pm ET/PT on AUDIENCE. DIRECTV ch 239/U-verse ch 1114. https://t.co/…",,,Twitter
Dallas13,32.845283,-96.787396,6417 Hillcrest Ave,75205,Fri Oct 21 16:10:14 +0000 2016,RT @ATT: Welcome to the team! @taylorswift13 https://t.co/4h86nLYuLo https://t.co/gAHOi7fPrZ,,,Twitter
Dallas13,32.845283,-96.787396,6417 Hillcrest Ave,75205,Fri Oct 21 16:06:52 +0000 2016,"RT @ATT: Watch the @GreenDay @iHeartRadio Album Release Party Tonight, 9pm ET/PT on AUDIENCE. DIRECTV ch 239/U-verse ch 1114. https://t.co/…",,,Twitter
Dallas13,32.845283,-96.787396,6417 Hillcrest Ave,75205,Fri Oct 21 15:58:24 +0000 2016,RT @ATT: Are you ready for the revolution? Watch the @GreenDay @iHeartRadio Album Release Party now. #iHeartGreenDay https://t.co/ec2gZXKu7U,,,Twitter
Dallas13,32.845283,-96.787396,6417 Hillcrest Ave,75205,Fri Oct 21 15:55:02 +0000 2016,"RT @ATT: Watch the @GreenDay @iHeartRadio Album Release Party Tonight, 9pm ET/PT on AUDIENCE. DIRECTV ch 239/U-verse ch 1114. https://t.co/…",,,Twitter
Dallas13,32.845283,-96.787396,6417 Hillcrest Ave,75205,Fri Oct 21 15:43:29 +0000 2016,RT @ATT: RT if you’ll be doing the time warp with Frank N. Furter and the gang tonight during @RockyHorrorFOX at 8/7 on @FOXTV. #RockyHorro…,,,Twitter
Dallas13,32.845283,-96.787396,6417 Hillcrest Ave,75205,Fri Oct 21 15:39:44 +0000 2016,RT @ATT: AT&amp;T #Fiber - The future of the internet is now! Starting with a 1000 Mbps connection. https://t.co/Rw8zxmVDRY,,,Twitter
Dallas13,32.845283,-96.787396,6417 Hillcrest Ave,75205,Fri Oct 21 15:39:21 +0000 2016,RT @ATT: Get a sweet deal on the new iPhone 7 when you switch to AT&amp;T and have DIRECTV. https://t.co/TQVeUkmeZ6 https://t.co/zfZmNpe8AP,,,Twitter
