Store,Latitude,Longitude,Address,Zip,CreatedAt,Text,Senti,Rating,Source
Dallas16,32.865482,-96.805688,5960 W Northwest Hwy,75225,Wed Oct 26 19:53:57 +0000 2016,RT @Uverse: Looking for a new trainer? Check out @JillianMichaels Fit Fusion TV: https://t.co/wHpiTE8VdG https://t.co/Os2SQH8UbG,,,Twitter
Dallas16,32.865482,-96.805688,5960 W Northwest Hwy,75225,Wed Oct 26 19:53:11 +0000 2016,"RT @ConnectToGood: Great read: ""Promise and Challenge in Ending America’s Dropout Epidemic"" https://t.co/PFgYU7zinq #ATTimpact #GradNation…",,,Twitter
Dallas16,32.865482,-96.805688,5960 W Northwest Hwy,75225,Wed Oct 26 19:52:39 +0000 2016,@YaShah97 @DevinRabeyHD @jakepimental99 @ATT It all depends on what bandwidth channels are deployed on a tower.,,,Twitter
Dallas16,32.865482,-96.805688,5960 W Northwest Hwy,75225,Wed Oct 26 19:51:02 +0000 2016,@YaShah97 @DevinRabeyHD @jakepimental99 @ATT Actually T-Mobile speeds are fantastic here. Coverage is what made me switch to AT&amp;T.,,,Twitter
Dallas16,32.865482,-96.805688,5960 W Northwest Hwy,75225,Wed Oct 26 19:48:48 +0000 2016,@DevinRabeyHD @YaShah97 @jakepimental99 @ATT here's AT&amp;T in the middle of nowhere... literally nowhere. https://t.co/a9WaCkfgki,,,Twitter
Dallas16,32.865482,-96.805688,5960 W Northwest Hwy,75225,Wed Oct 26 19:47:17 +0000 2016,RT @Uverse: Looking for a new trainer? Check out @JillianMichaels Fit Fusion TV: https://t.co/wHpiTE8VdG https://t.co/Os2SQH8UbG,,,Twitter
Dallas16,32.865482,-96.805688,5960 W Northwest Hwy,75225,Wed Oct 26 19:47:02 +0000 2016,RT @Uverse: Looking for a new trainer? Check out @JillianMichaels Fit Fusion TV: https://t.co/wHpiTE8VdG https://t.co/Os2SQH8UbG,,,Twitter
Dallas16,32.865482,-96.805688,5960 W Northwest Hwy,75225,Wed Oct 26 19:45:26 +0000 2016,RT @ATT: Get a sweet deal on the new iPhone 7 when you switch to AT&amp;T and have DIRECTV. https://t.co/JO08KrMKj7 https://t.co/tAcB2wPVFO,,,Twitter
Dallas16,32.865482,-96.805688,5960 W Northwest Hwy,75225,Wed Oct 26 19:43:36 +0000 2016,RT @Uverse: Looking for a new trainer? Check out @JillianMichaels Fit Fusion TV: https://t.co/wHpiTE8VdG https://t.co/Os2SQH8UbG,,,Twitter
Dallas16,32.865482,-96.805688,5960 W Northwest Hwy,75225,Wed Oct 26 19:37:36 +0000 2016,RT @ATT: Get a sweet deal on the new iPhone 7 when you switch to AT&amp;T and have DIRECTV. https://t.co/JO08KrMKj7 https://t.co/tAcB2wPVFO,,,Twitter
Dallas16,32.865482,-96.805688,5960 W Northwest Hwy,75225,Wed Oct 26 19:34:44 +0000 2016,We're teaming with @BracketsForGood to launch their first nation-wide fundraising tournament. Learn more:… https://t.co/YhL6YU3xS8,,,Twitter
Dallas16,32.865482,-96.805688,5960 W Northwest Hwy,75225,Wed Oct 26 19:33:55 +0000 2016,RT @Uverse: Looking for a new trainer? Check out @JillianMichaels Fit Fusion TV: https://t.co/wHpiTE8VdG https://t.co/Os2SQH8UbG,,,Twitter
Dallas16,32.865482,-96.805688,5960 W Northwest Hwy,75225,Wed Oct 26 19:33:35 +0000 2016,Stay connected with an @att GoPhone and $45 refill card #giveaway from @cutenlittle!  #ATTGoPhone #ad https://t.co/DH7sS5lv4v,,,Twitter
Dallas16,32.865482,-96.805688,5960 W Northwest Hwy,75225,Wed Oct 26 19:31:41 +0000 2016,RT @Uverse: Looking for a new trainer? Check out @JillianMichaels Fit Fusion TV: https://t.co/wHpiTE8VdG https://t.co/Os2SQH8UbG,,,Twitter
Dallas16,32.865482,-96.805688,5960 W Northwest Hwy,75225,Wed Oct 26 19:26:08 +0000 2016,RT @ATTBusiness: AT&amp;T Labs is on track to revolutionize the way #AI plays in the network…but that’s not all! More from Mazin Gilbert: https…,,,Twitter
Dallas16,32.865482,-96.805688,5960 W Northwest Hwy,75225,Wed Oct 26 19:20:21 +0000 2016,RT @ATT: Get a sweet deal on the new iPhone 7 when you switch to AT&amp;T and have DIRECTV. https://t.co/JO08KrMKj7 https://t.co/tAcB2wPVFO,,,Twitter
Dallas16,32.865482,-96.805688,5960 W Northwest Hwy,75225,Wed Oct 26 19:14:37 +0000 2016,"@ATT i've never asked for a single bill to be reversed. I will be cancelling my service, which you've ben making $2600/year off of me...",,,Twitter
Dallas16,32.865482,-96.805688,5960 W Northwest Hwy,75225,Wed Oct 26 19:11:07 +0000 2016,"Ive been a customer with @ATT for years, had same cell phone number since I was 12. I pay about $220/month on average every month..",,,Twitter
Dallas16,32.865482,-96.805688,5960 W Northwest Hwy,75225,Wed Oct 26 19:10:12 +0000 2016,@ATT charged me $844.06 for last month's cell phone bill. I've done nothing different as far as apps/data usage... Im switching to @verizon,,,Twitter
Dallas16,32.865482,-96.805688,5960 W Northwest Hwy,75225,Wed Oct 26 19:08:07 +0000 2016,@ATT no one wants to talk to a virtual customer service agent! I need humans to converse with!,,,Twitter
Dallas16,32.865482,-96.805688,5960 W Northwest Hwy,75225,Wed Oct 26 19:07:42 +0000 2016,"RT @ConnectToGood: Great read: ""Promise and Challenge in Ending America’s Dropout Epidemic"" https://t.co/PFgYU7zinq #ATTimpact #GradNation…",,,Twitter
Dallas16,32.865482,-96.805688,5960 W Northwest Hwy,75225,Wed Oct 26 19:07:22 +0000 2016,RT @ATT: Welcome to the team! @taylorswift13 https://t.co/4h86nLYuLo https://t.co/gAHOi7fPrZ,,,Twitter
Dallas16,32.865482,-96.805688,5960 W Northwest Hwy,75225,Wed Oct 26 19:01:54 +0000 2016,#bitcoin #currency AT&amp;T is Seeking a Patent for a Bitcoin-Powered Server - CoinDesk: AT&amp;T is Seeking ... https://t.co/STwxQcny1o #mining,,,Twitter
Dallas16,32.865482,-96.805688,5960 W Northwest Hwy,75225,Wed Oct 26 18:59:57 +0000 2016,RT @ATT: Get a sweet deal on the new iPhone 7 when you switch to AT&amp;T and have DIRECTV. https://t.co/JO08KrMKj7 https://t.co/tAcB2wPVFO,,,Twitter
Dallas16,32.865482,-96.805688,5960 W Northwest Hwy,75225,Wed Oct 26 18:58:02 +0000 2016,We've updated our story pulling together all the announcements on DirecTV Now: https://t.co/zC1rek2sli $T @DallasBizNews,,,Twitter
Dallas16,32.865482,-96.805688,5960 W Northwest Hwy,75225,Wed Oct 26 18:53:54 +0000 2016,RT @ATT: Welcome to the team! @taylorswift13 https://t.co/4h86nLYuLo https://t.co/gAHOi7fPrZ,,,Twitter
Dallas16,32.865482,-96.805688,5960 W Northwest Hwy,75225,Wed Oct 26 18:52:59 +0000 2016,RT @ATT: Get a sweet deal on the new iPhone 7 when you switch to AT&amp;T and have DIRECTV. https://t.co/JO08KrMKj7 https://t.co/tAcB2wPVFO,,,Twitter
Dallas16,32.865482,-96.805688,5960 W Northwest Hwy,75225,Wed Oct 26 18:49:40 +0000 2016,"""AT&amp;T Could Find a Lesson in Comcast’s Media Merger"" by JENNIFER SABA via NYT The New York Times https://t.co/34zNt64zd6",,,Twitter
Dallas16,32.865482,-96.805688,5960 W Northwest Hwy,75225,Wed Oct 26 18:47:40 +0000 2016,RT @ATT: Get a sweet deal on the new iPhone 7 when you switch to AT&amp;T and have DIRECTV. https://t.co/JO08KrMKj7 https://t.co/tAcB2wPVFO,,,Twitter
Dallas16,32.865482,-96.805688,5960 W Northwest Hwy,75225,Wed Oct 26 18:44:45 +0000 2016,RT @ATT: Welcome to the team! @taylorswift13 https://t.co/4h86nLYuLo https://t.co/gAHOi7fPrZ,,,Twitter
Dallas16,32.865482,-96.805688,5960 W Northwest Hwy,75225,Wed Oct 26 18:38:04 +0000 2016,RT @ATT: Who made you a college 🏈 fan? Share with #MadeMeAFanContest for a chance to win. Rules https://t.co/hU3I3wFn5V https://t.co/seJBJK…,,,Twitter
Dallas16,32.865482,-96.805688,5960 W Northwest Hwy,75225,Wed Oct 26 18:37:54 +0000 2016,RT @ATT: Get a sweet deal on the new iPhone 7 when you switch to AT&amp;T and have DIRECTV. https://t.co/JO08KrMKj7 https://t.co/tAcB2wPVFO,,,Twitter
Dallas16,32.865482,-96.805688,5960 W Northwest Hwy,75225,Wed Oct 26 18:37:05 +0000 2016,The code names and secret meetings that got the #ATTTimeWarner deal done https://t.co/fOeive0ZXV | @Melissa_Repko https://t.co/HanjJxfLxT,,,Twitter
Dallas16,32.865482,-96.805688,5960 W Northwest Hwy,75225,Wed Oct 26 18:36:50 +0000 2016,The code names and secret meetings that got the AT&amp;T-Time Warner deal done https://t.co/ITNDc47QnK,,,Twitter
Dallas16,32.865482,-96.805688,5960 W Northwest Hwy,75225,Wed Oct 26 18:33:54 +0000 2016,RT @ATT: Get a sweet deal on the new iPhone 7 when you switch to AT&amp;T and have DIRECTV. https://t.co/JO08KrMKj7 https://t.co/tAcB2wPVFO,,,Twitter
Dallas16,32.865482,-96.805688,5960 W Northwest Hwy,75225,Wed Oct 26 18:31:35 +0000 2016,RT @ATT: Who made you a college 🏈 fan? Share with #MadeMeAFanContest for a chance to win. Rules https://t.co/hU3I3wFn5V https://t.co/seJBJK…,,,Twitter
Dallas16,32.865482,-96.805688,5960 W Northwest Hwy,75225,Wed Oct 26 18:30:58 +0000 2016,RT @ATTBusiness: AT&amp;T Labs is on track to revolutionize the way #AI plays in the network…but that’s not all! More from Mazin Gilbert: https…,,,Twitter
Dallas16,32.865482,-96.805688,5960 W Northwest Hwy,75225,Wed Oct 26 18:30:02 +0000 2016,AT&amp;T Labs is on track to revolutionize the way #AI plays in the network…but that’s not all! More from Mazin Gilbert… https://t.co/sLa1dPKUcI,,,Twitter
Dallas16,32.865482,-96.805688,5960 W Northwest Hwy,75225,Wed Oct 26 18:29:54 +0000 2016,RT @ATT: Welcome to the team! @taylorswift13 https://t.co/4h86nLYuLo https://t.co/gAHOi7fPrZ,,,Twitter
Dallas16,32.865482,-96.805688,5960 W Northwest Hwy,75225,Wed Oct 26 18:29:52 +0000 2016,AT&amp;T Byron Nelson To Move In 2018 - DFWsportsonline https://t.co/81Rx5BEEVn via @dfwsportsonline,,,Twitter
Dallas16,32.865482,-96.805688,5960 W Northwest Hwy,75225,Wed Oct 26 18:24:49 +0000 2016,"RT @JarrettRush: @AnnaLDavis1 @ATT @YourAnonNews From your lips to God's ears, says the AT&amp;T C-suite.",,,Twitter
Dallas16,32.865482,-96.805688,5960 W Northwest Hwy,75225,Wed Oct 26 18:23:47 +0000 2016,RT @ATT: Who made you a college 🏈 fan? Share with #MadeMeAFanContest for a chance to win. Rules https://t.co/hU3I3wFn5V https://t.co/seJBJK…,,,Twitter
Dallas16,32.865482,-96.805688,5960 W Northwest Hwy,75225,Wed Oct 26 18:22:06 +0000 2016,RT @Mike_Rawlings: This is a day of celebration. Special thanks to @PGATOUR and @ATT for helping bring @attbyronnelson to Dallas. https://t…,,,Twitter
Dallas16,32.865482,-96.805688,5960 W Northwest Hwy,75225,Wed Oct 26 18:21:31 +0000 2016,"@AnnaLDavis1 @ATT @YourAnonNews From your lips to God's ears, says the AT&amp;T C-suite.",,,Twitter
Dallas16,32.865482,-96.805688,5960 W Northwest Hwy,75225,Wed Oct 26 18:21:30 +0000 2016,"RT @DMNBiz: 100 channels, no dish: AT&amp;T announces launch of DirecTV Now for $35 a month | https://t.co/Yz34WUGhMz @melissa_repko https://t.…",,,Twitter
Dallas16,32.865482,-96.805688,5960 W Northwest Hwy,75225,Wed Oct 26 18:15:58 +0000 2016,RT @ATT: Get a sweet deal on the new iPhone 7 when you switch to AT&amp;T and have DIRECTV. https://t.co/JO08KrMKj7 https://t.co/tAcB2wPVFO,,,Twitter
Dallas16,32.865482,-96.805688,5960 W Northwest Hwy,75225,Wed Oct 26 18:15:22 +0000 2016,RT @ATT: Welcome to the team! @taylorswift13 https://t.co/4h86nLYuLo https://t.co/gAHOi7fPrZ,,,Twitter
Dallas16,32.865482,-96.805688,5960 W Northwest Hwy,75225,Wed Oct 26 18:14:41 +0000 2016,RT @HisGirlHildy: Agree @ATT's #RandallStephenson is a 'southern gentleman' like @DaveLieber says? I've heard mostly good. @JimZarroli http…,,,Twitter
Dallas16,32.865482,-96.805688,5960 W Northwest Hwy,75225,Wed Oct 26 18:14:24 +0000 2016,"A #bitcoin powered server, #TimeWarner AND #Hemisphere? What's next @ATT, total world domination? #ATT… https://t.co/KqCO6E98um",,,Twitter
Dallas16,32.865482,-96.805688,5960 W Northwest Hwy,75225,Wed Oct 26 18:10:49 +0000 2016,RT @ATT: Welcome to the team! @taylorswift13 https://t.co/4h86nLYuLo https://t.co/gAHOi7fPrZ,,,Twitter
Dallas16,32.865482,-96.805688,5960 W Northwest Hwy,75225,Wed Oct 26 18:06:31 +0000 2016,"@rgcasti Rodrigo, we don't like to see that! Can you DM us your contact info and more details on the location? We'll alert the right team.",,,Twitter
Dallas16,32.865482,-96.805688,5960 W Northwest Hwy,75225,Wed Oct 26 18:05:14 +0000 2016,"100 channels, no dish: AT&amp;T announces launch of DirecTV Now for $35 a month | https://t.co/Yz34WUGhMz @melissa_repko https://t.co/ltVlmwj9Rr",,,Twitter
Dallas16,32.865482,-96.805688,5960 W Northwest Hwy,75225,Wed Oct 26 18:02:59 +0000 2016,RT @DBJShinneman: Stephenson said some new stuff about DirecTV Now and Time Warner this morning https://t.co/fgq2QFh1dC $T @DallasBizNews,,,Twitter
Dallas16,32.865482,-96.805688,5960 W Northwest Hwy,75225,Wed Oct 26 18:01:10 +0000 2016,RT @Mike_Rawlings: This is a day of celebration. Special thanks to @PGATOUR and @ATT for helping bring @attbyronnelson to Dallas. https://t…,,,Twitter
Dallas16,32.865482,-96.805688,5960 W Northwest Hwy,75225,Wed Oct 26 17:53:13 +0000 2016,RT @Mike_Rawlings: This is a day of celebration. Special thanks to @PGATOUR and @ATT for helping bring @attbyronnelson to Dallas. https://t…,,,Twitter
Dallas16,32.865482,-96.805688,5960 W Northwest Hwy,75225,Wed Oct 26 17:52:07 +0000 2016,RT @Mike_Rawlings: This is a day of celebration. Special thanks to @PGATOUR and @ATT for helping bring @attbyronnelson to Dallas. https://t…,,,Twitter
Dallas16,32.865482,-96.805688,5960 W Northwest Hwy,75225,Wed Oct 26 17:50:55 +0000 2016,RT @Mike_Rawlings: This is a day of celebration. Special thanks to @PGATOUR and @ATT for helping bring @attbyronnelson to Dallas. https://t…,,,Twitter
Dallas16,32.865482,-96.805688,5960 W Northwest Hwy,75225,Wed Oct 26 17:48:19 +0000 2016,RT @Mike_Rawlings: This is a day of celebration. Special thanks to @PGATOUR and @ATT for helping bring @attbyronnelson to Dallas. https://t…,,,Twitter
Dallas16,32.865482,-96.805688,5960 W Northwest Hwy,75225,Wed Oct 26 17:47:27 +0000 2016,This is a day of celebration. Special thanks to @PGATOUR and @ATT for helping bring @attbyronnelson to Dallas. https://t.co/46atECppNd,,,Twitter
Dallas16,32.865482,-96.805688,5960 W Northwest Hwy,75225,Wed Oct 26 17:40:43 +0000 2016,Overwhelmingly  millennials prefer collaborative work environments https://t.co/nrmXqjKfQV #ucoms #attemployee,,,Twitter
Dallas16,32.865482,-96.805688,5960 W Northwest Hwy,75225,Wed Oct 26 17:36:03 +0000 2016,RT @BillNicholsDMN: Jordan Spieth to headline announcement of AT&amp;T Byron Nelson's early move to Trinity Forest in 2018 https://t.co/MKP4cN9…,,,Twitter
Dallas16,32.865482,-96.805688,5960 W Northwest Hwy,75225,Wed Oct 26 17:35:02 +0000 2016,"AT&amp;T is getting into the streaming, cord-cutting game by offering over 100 channels for $35 a month. Thoughts? https://t.co/ilDvGD7NGz",,,Twitter
Dallas16,32.865482,-96.805688,5960 W Northwest Hwy,75225,Wed Oct 26 17:33:39 +0000 2016,"RT @ATTBusiness: Reliable, safer &amp; more efficient smart grids? Yes, with #IoT, our 4G LTE network and Sentient Energy. Discover how: https:…",,,Twitter
Dallas16,32.865482,-96.805688,5960 W Northwest Hwy,75225,Wed Oct 26 17:29:11 +0000 2016,AT&amp;T Secret Spy Program Unveiled: Project Hemisphere https://t.co/GSVudSi59W,,,Twitter
Dallas16,32.865482,-96.805688,5960 W Northwest Hwy,75225,Wed Oct 26 17:25:00 +0000 2016,"RT @ConnectToGood: Great read: ""Promise and Challenge in Ending America’s Dropout Epidemic"" https://t.co/PFgYU7zinq #ATTimpact #GradNation…",,,Twitter
Dallas16,32.865482,-96.805688,5960 W Northwest Hwy,75225,Wed Oct 26 17:22:11 +0000 2016,"@MyDomePiece ATT Fiber offers GB speed in Dallas, but you don't need that much speed to stream your p0rn",,,Twitter
Dallas16,32.865482,-96.805688,5960 W Northwest Hwy,75225,Wed Oct 26 17:21:58 +0000 2016,RT @ATT: Who made you a college 🏈 fan? Share with #MadeMeAFanContest for a chance to win. Rules https://t.co/hU3I3wFn5V https://t.co/seJBJK…,,,Twitter
Dallas16,32.865482,-96.805688,5960 W Northwest Hwy,75225,Wed Oct 26 17:21:37 +0000 2016,"RT @ConnectToGood: Great read: ""Promise and Challenge in Ending America’s Dropout Epidemic"" https://t.co/PFgYU7zinq #ATTimpact #GradNation…",,,Twitter
Dallas16,32.865482,-96.805688,5960 W Northwest Hwy,75225,Wed Oct 26 17:20:43 +0000 2016,"Great read: ""Promise and Challenge in Ending America’s Dropout Epidemic"" https://t.co/PFgYU7zinq #ATTimpact #GradNation @DutchNicole",,,Twitter
Dallas16,32.865482,-96.805688,5960 W Northwest Hwy,75225,Wed Oct 26 17:20:20 +0000 2016,RT @ATT: Who made you a college 🏈 fan? Share with #MadeMeAFanContest for a chance to win. Rules https://t.co/hU3I3wFn5V https://t.co/seJBJK…,,,Twitter
Dallas16,32.865482,-96.805688,5960 W Northwest Hwy,75225,Wed Oct 26 17:20:16 +0000 2016,RT @ATT: Welcome to the team! @taylorswift13 https://t.co/4h86nLYuLo https://t.co/gAHOi7fPrZ,,,Twitter
Dallas16,32.865482,-96.805688,5960 W Northwest Hwy,75225,Wed Oct 26 17:03:06 +0000 2016,"RT @attJOBS: With the power to shape new accessibility tech (like a speech-to-text hearing aid), #InclusionWorks at AT&amp;T. https://t.co/P4aq…",,,Twitter
Dallas16,32.865482,-96.805688,5960 W Northwest Hwy,75225,Wed Oct 26 17:03:01 +0000 2016,RT @ATTBusinessCare: See how to change your status in AT&amp;T Business Messenger for iPhone at https://t.co/0f5VB7upGe,,,Twitter
Dallas16,32.865482,-96.805688,5960 W Northwest Hwy,75225,Wed Oct 26 17:02:37 +0000 2016,RT @attJOBS: Join us on Periscope  on 10/26 for an inside look at how we’re changing the face of retail with our new Flagship store in #San…,,,Twitter
Dallas16,32.865482,-96.805688,5960 W Northwest Hwy,75225,Wed Oct 26 17:02:29 +0000 2016,RT @attJOBS: We’re hosting a special #college edition of our #AskATTJobs chat this week. Join us on Wed at 3 pm CST. https://t.co/oucjXAV2jO,,,Twitter
Dallas16,32.865482,-96.805688,5960 W Northwest Hwy,75225,Wed Oct 26 17:02:21 +0000 2016,RT @ATTBusinessCare: Learn how to add a text messaging user to your pdvConnect from AT&amp;T account https://t.co/Aqu7w2lJjK https://t.co/BUzKt…,,,Twitter
Dallas16,32.865482,-96.805688,5960 W Northwest Hwy,75225,Wed Oct 26 17:02:12 +0000 2016,RT @ATTBusinessCare: Take a look at our tutorial for info on how to change your bigtincan from AT&amp;T password https://t.co/DMWuWr4MbE https:…,,,Twitter
Dallas16,32.865482,-96.805688,5960 W Northwest Hwy,75225,Wed Oct 26 17:01:44 +0000 2016,RT @ATTBusinessCare: Learn how to start using AT&amp;T Business Messenger for iPhone https://t.co/V9JIzwBSqC https://t.co/pS0xrKsgKm,,,Twitter
Dallas16,32.865482,-96.805688,5960 W Northwest Hwy,75225,Wed Oct 26 17:01:39 +0000 2016,RT @attJOBS: Our new #SanFrancisco flagship store is restored and ready for the future with our latest technology. Take a look: https://t.c…,,,Twitter
Dallas16,32.865482,-96.805688,5960 W Northwest Hwy,75225,Wed Oct 26 17:01:23 +0000 2016,RT @ATT: Another reason to smile for the camera. The #LGV20 from @LGUSAMobile will be available in stores starting today. https://t.co/TILu…,,,Twitter
Dallas16,32.865482,-96.805688,5960 W Northwest Hwy,75225,Wed Oct 26 17:01:19 +0000 2016,RT @attJOBS: Join us on Periscope for an inside look at how we’re changing the face of retail with our new Flagship store in #SanFrancisco.…,,,Twitter
Dallas16,32.865482,-96.805688,5960 W Northwest Hwy,75225,Wed Oct 26 17:01:15 +0000 2016,"RT @ATTBusinessCare: User Manuals, Setup Wizards, Tutorials &amp; more for devices: AT&amp;T has you covered! https://t.co/e8atNd7Wta https://t.co/…",,,Twitter
Dallas16,32.865482,-96.805688,5960 W Northwest Hwy,75225,Wed Oct 26 17:00:51 +0000 2016,RT @attJOBS: LIVE on #Periscope: Inside Look: San Francisco Retail Flagship https://t.co/DzufEXDgMz,,,Twitter
Dallas16,32.865482,-96.805688,5960 W Northwest Hwy,75225,Wed Oct 26 17:00:18 +0000 2016,RT @ATTBusiness: What's faster than a @RedBullRacing car at full speed? Data exchange at full throttle. https://t.co/2J1yGHly8i,,,Twitter
Dallas16,32.865482,-96.805688,5960 W Northwest Hwy,75225,Wed Oct 26 16:59:44 +0000 2016,RT @attJOBS: Need a break? We're playing cornhole at our booth. Stop by booth 1447 and show us your skills! #GHC16 #ATTatGHC16 https://t.co…,,,Twitter
Dallas16,32.865482,-96.805688,5960 W Northwest Hwy,75225,Wed Oct 26 16:59:30 +0000 2016,"RT @ATT: Mother Nature is unpredictable, so we rely on our Network Disaster Recovery team to connect you when you need it most. https://t.c…",,,Twitter
Dallas16,32.865482,-96.805688,5960 W Northwest Hwy,75225,Wed Oct 26 16:58:53 +0000 2016,RT @ATTBusinessCare: Not sure how to secure a downloaded bigtincan from AT&amp;T story? Learn how at  https://t.co/7ufY2CaOux https://t.co/Gv2S…,,,Twitter
Dallas16,32.865482,-96.805688,5960 W Northwest Hwy,75225,Wed Oct 26 16:58:39 +0000 2016,"RT @ATTBusiness: They start their engines, we start the data flow. Taking Red Bull Racing to the next level at the US Grand Prix. https://t…",,,Twitter
Dallas16,32.865482,-96.805688,5960 W Northwest Hwy,75225,Wed Oct 26 16:57:11 +0000 2016,"RT @ATT: Some people may wait a lifetime, but you don't have to. On 11/2-3, AT&amp;T customers can buy @kelly_clarkson tix early. https://t.co/…",,,Twitter
Dallas16,32.865482,-96.805688,5960 W Northwest Hwy,75225,Wed Oct 26 16:56:54 +0000 2016,"RT @attJOBS: In honor of #LGBTHistoryMonth, we're recapping the ways we've supported the LGBT community throughout the years: https://t.co/…",,,Twitter
Dallas16,32.865482,-96.805688,5960 W Northwest Hwy,75225,Wed Oct 26 16:56:39 +0000 2016,RT @attJOBS: #Women working is darn straight! Stop by our booth &amp; see what we have to offer women working in tech! #ATTatGHC16 #GHC16 https…,,,Twitter
Dallas16,32.865482,-96.805688,5960 W Northwest Hwy,75225,Wed Oct 26 16:56:22 +0000 2016,RT @attJOBS: Our recruiters are standing by to answer your questions from 12-1pm CST. Just #AskATTJobs! https://t.co/wfrxMlr4RO,,,Twitter
Dallas16,32.865482,-96.805688,5960 W Northwest Hwy,75225,Wed Oct 26 16:56:13 +0000 2016,RT @attJOBS: Curious why our employees love #LifeAtATT? Take a look: https://t.co/B7CTVa4b41 #GHC16 #ATTatGHC16 https://t.co/Var5AH1eWP,,,Twitter
Dallas16,32.865482,-96.805688,5960 W Northwest Hwy,75225,Wed Oct 26 16:56:09 +0000 2016,RT @ATTBusinessCare: Find out how to improve collaboration with employees who work remotely. https://t.co/jMqzpsXTiP https://t.co/NrELellla5,,,Twitter
Dallas16,32.865482,-96.805688,5960 W Northwest Hwy,75225,Wed Oct 26 16:50:29 +0000 2016,Friedman &amp; Hayek's graves spin as $ATT CEO claims his $85B $TWX merger funded by debt won't affect prices… https://t.co/MloNkxgm5x,,,Twitter
Dallas16,32.865482,-96.805688,5960 W Northwest Hwy,75225,Wed Oct 26 16:45:29 +0000 2016,AT&amp;T Secret Spy Program Unveiled: Project Hemisphere https://t.co/xrJgp0Z6e8,,,Twitter
Dallas16,32.865482,-96.805688,5960 W Northwest Hwy,75225,Wed Oct 26 16:43:59 +0000 2016,RT @ATT: .@BinghamDb and @indicowie go undercover at an @MLS game…and you just have to watch the rest: https://t.co/fGvGIRRfFj https://t.co…,,,Twitter
Dallas16,32.865482,-96.805688,5960 W Northwest Hwy,75225,Wed Oct 26 16:43:54 +0000 2016,RT @attJOBS: You don't have to go back to school to continue learning. Try these tips to learn something new: https://t.co/N1AjraH8jR #Moti…,,,Twitter
Dallas16,32.865482,-96.805688,5960 W Northwest Hwy,75225,Wed Oct 26 16:43:48 +0000 2016,RT @ATTBusinessCare: Not sure where to start when sharing a bigtincan from AT&amp;T story? Learn how at https://t.co/rRv9IpNopm https://t.co/cw…,,,Twitter
Dallas16,32.865482,-96.805688,5960 W Northwest Hwy,75225,Tue Oct 25 12:25:53 +0000 2016,RT @dallasnews: .@ATT CEO Randall Stephenson confident @twxcorp merger will get past regulators https://t.co/2Re2eGzanm #atttimewarner | @M…,,,Twitter
Dallas16,32.865482,-96.805688,5960 W Northwest Hwy,75225,Tue Oct 25 12:24:47 +0000 2016,RT @dallasnews: How have Texas lawmakers reacted to @ATT's megamerger? Mostly with silence | https://t.co/kyNP8BfpgC @tombenning https://t.…,,,Twitter
Dallas16,32.865482,-96.805688,5960 W Northwest Hwy,75225,Tue Oct 25 12:24:25 +0000 2016,RT @dallasnews: How have Texas lawmakers reacted to @ATT's megamerger? Mostly with silence | https://t.co/kyNP8BfpgC @tombenning https://t.…,,,Twitter
Dallas16,32.865482,-96.805688,5960 W Northwest Hwy,75225,Tue Oct 25 12:22:42 +0000 2016,RT @dallasnews: How have Texas lawmakers reacted to @ATT's megamerger? Mostly with silence | https://t.co/kyNP8BfpgC @tombenning https://t.…,,,Twitter
Dallas16,32.865482,-96.805688,5960 W Northwest Hwy,75225,Tue Oct 25 12:22:32 +0000 2016,RT @dallasnews: How have Texas lawmakers reacted to @ATT's megamerger? Mostly with silence | https://t.co/kyNP8BfpgC @tombenning https://t.…,,,Twitter
Dallas16,32.865482,-96.805688,5960 W Northwest Hwy,75225,Tue Oct 25 12:21:49 +0000 2016,How have Texas lawmakers reacted to @ATT's megamerger? Mostly with silence | https://t.co/kyNP8BfpgC @tombenning https://t.co/Y6ujgjT3FM,,,Twitter
Dallas16,32.865482,-96.805688,5960 W Northwest Hwy,75225,Tue Oct 25 12:14:45 +0000 2016,"RT @DMNBiz: .@CNN, .@HBO and more: A look at the brands .@ATT inherits in its Time Warner deal https://t.co/dhOhNjd68C | @paul_o_donnell ht…",,,Twitter
Dallas16,32.865482,-96.805688,5960 W Northwest Hwy,75225,Tue Oct 25 12:05:51 +0000 2016,".@CNN, .@HBO and more: A look at the brands .@ATT inherits in its Time Warner deal https://t.co/dhOhNjd68C |… https://t.co/nkWx7Vwp2x",,,Twitter
Dallas16,32.865482,-96.805688,5960 W Northwest Hwy,75225,Tue Oct 25 11:35:49 +0000 2016,RT @ATT: Welcome to the team! @taylorswift13 https://t.co/4h86nLYuLo https://t.co/gAHOi7fPrZ,,,Twitter
Dallas16,32.865482,-96.805688,5960 W Northwest Hwy,75225,Tue Oct 25 11:08:25 +0000 2016,"Don't expect a change in viewpoint for @CNN, @ATT chief says https://t.co/oYaURY2xEH | @agarre https://t.co/TWUkvBhIvM",,,Twitter
Dallas16,32.865482,-96.805688,5960 W Northwest Hwy,75225,Tue Oct 25 10:23:13 +0000 2016,RT @ATT: The #futureofvideo is mobile and the #futureofmobile is video. Time Warner + AT&amp;T make it happen! @twxcorp https://t.co/GKx4U9TQYg,,,Twitter
Dallas16,32.865482,-96.805688,5960 W Northwest Hwy,75225,Tue Oct 25 09:29:32 +0000 2016,RT @ATT: Welcome to the team! @taylorswift13 https://t.co/4h86nLYuLo https://t.co/gAHOi7fPrZ,,,Twitter
Dallas16,32.865482,-96.805688,5960 W Northwest Hwy,75225,Tue Oct 25 08:57:40 +0000 2016,RT @ATT: Welcome to the team! @taylorswift13 https://t.co/4h86nLYuLo https://t.co/gAHOi7fPrZ,,,Twitter
Dallas16,32.865482,-96.805688,5960 W Northwest Hwy,75225,Tue Oct 25 08:54:06 +0000 2016,RT @ATT: Welcome to the team! @taylorswift13 https://t.co/4h86nLYuLo https://t.co/gAHOi7fPrZ,,,Twitter
Dallas16,32.865482,-96.805688,5960 W Northwest Hwy,75225,Tue Oct 25 08:53:21 +0000 2016,RT @ATT: Welcome to the team! @taylorswift13 https://t.co/4h86nLYuLo https://t.co/gAHOi7fPrZ,,,Twitter
Dallas16,32.865482,-96.805688,5960 W Northwest Hwy,75225,Tue Oct 25 08:50:16 +0000 2016,RT @ATT: Welcome to the team! @taylorswift13 https://t.co/4h86nLYuLo https://t.co/gAHOi7fPrZ,,,Twitter
Dallas16,32.865482,-96.805688,5960 W Northwest Hwy,75225,Tue Oct 25 07:20:42 +0000 2016,RT @ATT: Get a sweet deal on the new iPhone 7 when you switch to AT&amp;T and have DIRECTV. https://t.co/TQVeUkmeZ6 https://t.co/zfZmNpe8AP,,,Twitter
Dallas16,32.865482,-96.805688,5960 W Northwest Hwy,75225,Tue Oct 25 07:11:49 +0000 2016,RT @ATT: Get a sweet deal on the new iPhone 7 when you switch to AT&amp;T and have DIRECTV. https://t.co/TQVeUkmeZ6 https://t.co/zfZmNpe8AP,,,Twitter
Dallas16,32.865482,-96.805688,5960 W Northwest Hwy,75225,Tue Oct 25 07:11:29 +0000 2016,RT @ATT: Another reason to smile for the camera. The #LGV20 from @LGUSAMobile will be available in stores starting today. https://t.co/TILu…,,,Twitter
Dallas16,32.865482,-96.805688,5960 W Northwest Hwy,75225,Tue Oct 25 06:48:11 +0000 2016,RT @ATT: Welcome to the team! @taylorswift13 https://t.co/4h86nLYuLo https://t.co/gAHOi7fPrZ,,,Twitter
Dallas16,32.865482,-96.805688,5960 W Northwest Hwy,75225,Tue Oct 25 06:25:47 +0000 2016,RT @ATT: Welcome to the team! @taylorswift13 https://t.co/4h86nLYuLo https://t.co/gAHOi7fPrZ,,,Twitter
Dallas16,32.865482,-96.805688,5960 W Northwest Hwy,75225,Tue Oct 25 06:20:06 +0000 2016,RT @ATT: Welcome to the team! @taylorswift13 https://t.co/4h86nLYuLo https://t.co/gAHOi7fPrZ,,,Twitter
Dallas16,32.865482,-96.805688,5960 W Northwest Hwy,75225,Tue Oct 25 06:16:28 +0000 2016,RT @ATT: Welcome to the team! @taylorswift13 https://t.co/4h86nLYuLo https://t.co/gAHOi7fPrZ,,,Twitter
Dallas16,32.865482,-96.805688,5960 W Northwest Hwy,75225,Tue Oct 25 06:12:12 +0000 2016,RT @ATT: Welcome to the team! @taylorswift13 https://t.co/4h86nLYuLo https://t.co/gAHOi7fPrZ,,,Twitter
Dallas16,32.865482,-96.805688,5960 W Northwest Hwy,75225,Tue Oct 25 05:40:48 +0000 2016,RT @ATT: Welcome to the team! @taylorswift13 https://t.co/4h86nLYuLo https://t.co/gAHOi7fPrZ,,,Twitter
Dallas16,32.865482,-96.805688,5960 W Northwest Hwy,75225,Tue Oct 25 05:16:10 +0000 2016,"RT @ATT: We’ve invented something so simple, you never saw it coming. https://t.co/BGiXAhWIcU https://t.co/mtFsW0A3Dd",,,Twitter
Dallas16,32.865482,-96.805688,5960 W Northwest Hwy,75225,Tue Oct 25 05:13:03 +0000 2016,Why does my wifi not work @ATT,,,Twitter
Dallas16,32.865482,-96.805688,5960 W Northwest Hwy,75225,Tue Oct 25 05:11:53 +0000 2016,"RT @ATT: @JenSwirsky Thanks for the shout out, Jen! We will make sure to share the #ATTLove ❤️ https://t.co/uUV9AnWu93",,,Twitter
Dallas16,32.865482,-96.805688,5960 W Northwest Hwy,75225,Tue Oct 25 05:09:52 +0000 2016,RT @ATT: Welcome to the team! @taylorswift13 https://t.co/4h86nLYuLo https://t.co/gAHOi7fPrZ,,,Twitter
Dallas16,32.865482,-96.805688,5960 W Northwest Hwy,75225,Tue Oct 25 04:54:33 +0000 2016,RT @ATT: Get a sweet deal on the new iPhone 7 when you switch to AT&amp;T and have DIRECTV. https://t.co/TQVeUkmeZ6 https://t.co/zfZmNpe8AP,,,Twitter
Dallas16,32.865482,-96.805688,5960 W Northwest Hwy,75225,Tue Oct 25 04:46:18 +0000 2016,@ATT customer service may be the death of me tonight. I might actually die before they get my wifi to work on my computer 😑,,,Twitter
Dallas16,32.865482,-96.805688,5960 W Northwest Hwy,75225,Tue Oct 25 04:08:35 +0000 2016,RT @ATT: @cyntitiswift We’re creating an amazing venue in Houston for this show.  Stay tuned for more details. Follow AT&amp;T &amp; Taylor Nation.,,,Twitter
Dallas16,32.865482,-96.805688,5960 W Northwest Hwy,75225,Tue Oct 25 04:08:33 +0000 2016,"RT @ATT: New @ThomasRhett date has been added in Baltimore! AT&amp;T customers can purchase priority pre-sale tix 10/18-10/20.
https://t.co/vM8…",,,Twitter
Dallas16,32.865482,-96.805688,5960 W Northwest Hwy,75225,Tue Oct 25 04:05:19 +0000 2016,RT @ATT: Welcome to the team! @taylorswift13 https://t.co/4h86nLYuLo https://t.co/gAHOi7fPrZ,,,Twitter
Dallas16,32.865482,-96.805688,5960 W Northwest Hwy,75225,Tue Oct 25 04:04:42 +0000 2016,RT @ATT: Welcome to the team! @taylorswift13 https://t.co/4h86nLYuLo https://t.co/gAHOi7fPrZ,,,Twitter
Dallas16,32.865482,-96.805688,5960 W Northwest Hwy,75225,Tue Oct 25 04:02:08 +0000 2016,RT @ATT: Welcome to the team! @taylorswift13 https://t.co/4h86nLYuLo https://t.co/gAHOi7fPrZ,,,Twitter
Dallas16,32.865482,-96.805688,5960 W Northwest Hwy,75225,Tue Oct 25 03:35:03 +0000 2016,RT @ATT: Welcome to the team! @taylorswift13 https://t.co/4h86nLYuLo https://t.co/gAHOi7fPrZ,,,Twitter
Dallas16,32.865482,-96.805688,5960 W Northwest Hwy,75225,Tue Oct 25 03:19:49 +0000 2016,"RT @dallasnews: .@CNN, @HBO and more: A look at the brands @ATT inherits in its Time Warner deal https://t.co/nVGFN5muR4 | @paul_o_donnell…",,,Twitter
Dallas16,32.865482,-96.805688,5960 W Northwest Hwy,75225,Tue Oct 25 03:12:36 +0000 2016,RT @ATT: Get a sweet deal on the new iPhone 7 when you switch to AT&amp;T and have DIRECTV. https://t.co/TQVeUkmeZ6 https://t.co/zfZmNpe8AP,,,Twitter
Dallas16,32.865482,-96.805688,5960 W Northwest Hwy,75225,Tue Oct 25 03:09:52 +0000 2016,RT @ATT: Welcome to the team! @taylorswift13 https://t.co/4h86nLYuLo https://t.co/gAHOi7fPrZ,,,Twitter
Dallas16,32.865482,-96.805688,5960 W Northwest Hwy,75225,Tue Oct 25 03:05:48 +0000 2016,RT @ATT: Another reason to smile for the camera. The #LGV20 from @LGUSAMobile will be available in stores starting today. https://t.co/TILu…,,,Twitter
Dallas16,32.865482,-96.805688,5960 W Northwest Hwy,75225,Tue Oct 25 02:57:18 +0000 2016,"@ATTCares my order hadn't been cancelled to begin with. Really frustrating, especially the number of times I've been hung up on -4-",,,Twitter
Dallas16,32.865482,-96.805688,5960 W Northwest Hwy,75225,Tue Oct 25 02:56:31 +0000 2016,@ATTCares cancelled only to get a confirmation email from directtv letting me know my order was processed. Called them &amp; found out -3-,,,Twitter
Dallas16,32.865482,-96.805688,5960 W Northwest Hwy,75225,Tue Oct 25 02:55:46 +0000 2016,@ATTCares I'm not able to have att/directtv. I've called numerous times and have gotten the run around. I was told earlier it was -2-,,,Twitter
Dallas16,32.865482,-96.805688,5960 W Northwest Hwy,75225,Tue Oct 25 02:55:08 +0000 2016,@ATTCares I called earlier today to have directtv and internet installed by you guys at my new apartment. Found out after moving in that -1-,,,Twitter
Dallas16,32.865482,-96.805688,5960 W Northwest Hwy,75225,Tue Oct 25 02:45:40 +0000 2016,"Dear @ATT: If I'm calling to cancel a service, I don't need to be transferred to a retention department.",,,Twitter
Dallas16,32.865482,-96.805688,5960 W Northwest Hwy,75225,Tue Oct 25 02:42:33 +0000 2016,@AndyDTID @ATT that's messed up and they need to find a way to compensate you #badservice,,,Twitter
Dallas16,32.865482,-96.805688,5960 W Northwest Hwy,75225,Tue Oct 25 02:37:40 +0000 2016,"No, Time Warner Cable isn't part of @ATT merger and here's why https://t.co/TZXzNjG2cF | @melissa_repko https://t.co/q4fqP9AQ1t",,,Twitter
Dallas16,32.865482,-96.805688,5960 W Northwest Hwy,75225,Tue Oct 25 02:36:01 +0000 2016,"RT @dallasnews: .@CNN, @HBO and more: A look at the brands @ATT inherits in its Time Warner deal https://t.co/nVGFN5muR4 | @paul_o_donnell…",,,Twitter
Dallas16,32.865482,-96.805688,5960 W Northwest Hwy,75225,Tue Oct 25 02:27:56 +0000 2016,RT @ATT: Get a sweet deal on the new iPhone 7 when you switch to AT&amp;T and have DIRECTV. https://t.co/TQVeUkmeZ6 https://t.co/zfZmNpe8AP,,,Twitter
Dallas16,32.865482,-96.805688,5960 W Northwest Hwy,75225,Tue Oct 25 02:25:14 +0000 2016,@ATTCares finally got through all steps. Still not working g,,,Twitter
Dallas16,32.865482,-96.805688,5960 W Northwest Hwy,75225,Tue Oct 25 02:24:56 +0000 2016,"@ATTCares trying but just keep getting a spinning wheel and ""preparing",,,Twitter
Dallas16,32.865482,-96.805688,5960 W Northwest Hwy,75225,Tue Oct 25 02:21:30 +0000 2016,RT @ATT: Welcome to the team! @taylorswift13 https://t.co/4h86nLYuLo https://t.co/gAHOi7fPrZ,,,Twitter
Dallas16,32.865482,-96.805688,5960 W Northwest Hwy,75225,Tue Oct 25 02:20:16 +0000 2016,RT @ATT: Welcome to the team! @taylorswift13 https://t.co/4h86nLYuLo https://t.co/gAHOi7fPrZ,,,Twitter
Dallas16,32.865482,-96.805688,5960 W Northwest Hwy,75225,Tue Oct 25 02:19:01 +0000 2016,"RT @dallasnews: .@CNN, @HBO and more: A look at the brands @ATT inherits in its Time Warner deal https://t.co/nVGFN5muR4 | @paul_o_donnell…",,,Twitter
Dallas16,32.865482,-96.805688,5960 W Northwest Hwy,75225,Tue Oct 25 02:18:04 +0000 2016,".@CNN, @HBO and more: A look at the brands @ATT inherits in its Time Warner deal https://t.co/nVGFN5muR4 |… https://t.co/5BByE6S7xA",,,Twitter
Dallas16,32.865482,-96.805688,5960 W Northwest Hwy,75225,Tue Oct 25 02:08:47 +0000 2016,RT @ATT: Welcome to the team! @taylorswift13 https://t.co/4h86nLYuLo https://t.co/gAHOi7fPrZ,,,Twitter
Dallas16,32.865482,-96.805688,5960 W Northwest Hwy,75225,Tue Oct 25 02:06:40 +0000 2016,RT @ATT: The #futureofvideo is mobile and the #futureofmobile is video. Time Warner + AT&amp;T make it happen! @twxcorp https://t.co/GKx4U9TQYg,,,Twitter
Dallas16,32.865482,-96.805688,5960 W Northwest Hwy,75225,Tue Oct 25 02:02:05 +0000 2016,"@ATTCares no, no error code. I've tried rebooting and plug/unplugging",,,Twitter
Dallas16,32.865482,-96.805688,5960 W Northwest Hwy,75225,Tue Oct 25 01:59:33 +0000 2016,".@att the power has been out for 8 hours now, can we get a hotel reservation for this lack of service?",,,Twitter
Dallas16,32.865482,-96.805688,5960 W Northwest Hwy,75225,Tue Oct 25 01:53:26 +0000 2016,RT @ATT: Welcome to the team! @taylorswift13 https://t.co/4h86nLYuLo https://t.co/gAHOi7fPrZ,,,Twitter
Dallas16,32.865482,-96.805688,5960 W Northwest Hwy,75225,Tue Oct 25 01:47:13 +0000 2016,RT @ATT: Another reason to smile for the camera. The #LGV20 from @LGUSAMobile will be available in stores starting today. https://t.co/TILu…,,,Twitter
Dallas16,32.865482,-96.805688,5960 W Northwest Hwy,75225,Tue Oct 25 01:43:40 +0000 2016,When the @Uverse has been in and out all day. And it's finally just stopped all together. 🙄😒😤,,,Twitter
Dallas16,32.865482,-96.805688,5960 W Northwest Hwy,75225,Tue Oct 25 01:43:07 +0000 2016,RT @ATT: Welcome to the team! @taylorswift13 https://t.co/4h86nLYuLo https://t.co/gAHOi7fPrZ,,,Twitter
Dallas16,32.865482,-96.805688,5960 W Northwest Hwy,75225,Tue Oct 25 01:35:39 +0000 2016,.@ATT CEO Randall Stephenson confident @twxcorp merger will get past regulators https://t.co/D8PCh3orgV… https://t.co/a3F1MJApkp,,,Twitter
Dallas16,32.865482,-96.805688,5960 W Northwest Hwy,75225,Tue Oct 25 01:31:30 +0000 2016,RT @ATT: Welcome to the team! @taylorswift13 https://t.co/4h86nLYuLo https://t.co/gAHOi7fPrZ,,,Twitter
Dallas16,32.865482,-96.805688,5960 W Northwest Hwy,75225,Tue Oct 25 01:26:00 +0000 2016,RT @ATT: Welcome to the team! @taylorswift13 https://t.co/4h86nLYuLo https://t.co/gAHOi7fPrZ,,,Twitter
Dallas16,32.865482,-96.805688,5960 W Northwest Hwy,75225,Tue Oct 25 01:01:33 +0000 2016,RT @ATT: @sixdolla We love your need for speed! Enjoy your AT&amp;T Fiber. 😊,,,Twitter
Dallas16,32.865482,-96.805688,5960 W Northwest Hwy,75225,Tue Oct 25 00:59:14 +0000 2016,RT @ATT: Welcome to the team! @taylorswift13 https://t.co/4h86nLYuLo https://t.co/gAHOi7fPrZ,,,Twitter
Dallas16,32.865482,-96.805688,5960 W Northwest Hwy,75225,Tue Oct 25 00:18:48 +0000 2016,RT @ATT: Welcome to the team! @taylorswift13 https://t.co/4h86nLYuLo https://t.co/gAHOi7fPrZ,,,Twitter
Dallas16,32.865482,-96.805688,5960 W Northwest Hwy,75225,Tue Oct 25 00:14:54 +0000 2016,RT @ATT: Welcome to the team! @taylorswift13 https://t.co/4h86nLYuLo https://t.co/gAHOi7fPrZ,,,Twitter
Dallas16,32.865482,-96.805688,5960 W Northwest Hwy,75225,Mon Oct 24 23:54:44 +0000 2016,@att Randall Stephenson is so full of S*** he stinks! @ErinBurnett controlling the content supply limits the market.,,,Twitter
Dallas16,32.865482,-96.805688,5960 W Northwest Hwy,75225,Mon Oct 24 23:53:30 +0000 2016,RT @TheLovellGroup: @ATT agrees to buy @TWC for more than $80B https://t.co/Pwyyf1vQTn https://t.co/WNMresoQ5Q,,,Twitter
Dallas16,32.865482,-96.805688,5960 W Northwest Hwy,75225,Mon Oct 24 23:51:25 +0000 2016,"Even by Texas standards, @ATT deal is huge. Take a look at how recent deals stack up https://t.co/DgVMKlf2Rv… https://t.co/NxclqVYgKx",,,Twitter
Dallas16,32.865482,-96.805688,5960 W Northwest Hwy,75225,Mon Oct 24 23:43:15 +0000 2016,@ATTCares I never heard back from you.  I did DM you.,,,Twitter
Dallas16,32.865482,-96.805688,5960 W Northwest Hwy,75225,Mon Oct 24 23:38:59 +0000 2016,RT @ATT: Welcome to the team! @taylorswift13 https://t.co/4h86nLYuLo https://t.co/gAHOi7fPrZ,,,Twitter
Dallas16,32.865482,-96.805688,5960 W Northwest Hwy,75225,Mon Oct 24 23:36:03 +0000 2016,RT @ATT: Another reason to smile for the camera. The #LGV20 from @LGUSAMobile will be available in stores starting today. https://t.co/TILu…,,,Twitter
Dallas16,32.865482,-96.805688,5960 W Northwest Hwy,75225,Mon Oct 24 23:29:40 +0000 2016,"RT @dallasnews: No, Time Warner Cable isn't part of @ATT merger and here's why https://t.co/D3z9z8xwh8 | @melissa_repko https://t.co/KyBHpz…",,,Twitter
Dallas16,32.865482,-96.805688,5960 W Northwest Hwy,75225,Mon Oct 24 23:28:21 +0000 2016,@ATTCares 75219,,,Twitter
Dallas16,32.865482,-96.805688,5960 W Northwest Hwy,75225,Mon Oct 24 23:19:56 +0000 2016,"@ATTCares James, I can find a link myself",,,Twitter
Dallas16,32.865482,-96.805688,5960 W Northwest Hwy,75225,Mon Oct 24 23:19:54 +0000 2016,RT @ATT: Welcome to the team! @taylorswift13 https://t.co/4h86nLYuLo https://t.co/gAHOi7fPrZ,,,Twitter
Dallas16,32.865482,-96.805688,5960 W Northwest Hwy,75225,Mon Oct 24 23:06:24 +0000 2016,"I gotta give you guys credit, @ATTCares @ATT. Cable and internet going out after 5 days is actually impressive",,,Twitter
Dallas16,32.865482,-96.805688,5960 W Northwest Hwy,75225,Mon Oct 24 22:57:19 +0000 2016,RT @ATT: Are you ready for the revolution? Watch the @GreenDay @iHeartRadio Album Release Party now. #iHeartGreenDay https://t.co/ec2gZXKu7U,,,Twitter
Dallas16,32.865482,-96.805688,5960 W Northwest Hwy,75225,Mon Oct 24 22:54:59 +0000 2016,RT @ATT: Get a sweet deal on the new iPhone 7 when you switch to AT&amp;T and have DIRECTV. https://t.co/TQVeUkmeZ6 https://t.co/zfZmNpe8AP,,,Twitter
Dallas16,32.865482,-96.805688,5960 W Northwest Hwy,75225,Mon Oct 24 22:49:40 +0000 2016,"RT @ATT: Watch the @GreenDay @iHeartRadio Album Release Party Tonight, 9pm ET/PT on AUDIENCE. DIRECTV ch 239/U-verse ch 1114. https://t.co/…",,,Twitter
Dallas16,32.865482,-96.805688,5960 W Northwest Hwy,75225,Mon Oct 24 22:35:28 +0000 2016,".@CNN, .@HBO and more: A look at the brands .@ATT inherits in its Time Warner deal https://t.co/dhOhNjd68C |… https://t.co/MmyzcPt2Ll",,,Twitter
Dallas16,32.865482,-96.805688,5960 W Northwest Hwy,75225,Mon Oct 24 22:33:37 +0000 2016,RT @ATT: @RJSinko19 What a finish!  Who is your favorite MLS Player? #SoccerEverywhere https://t.co/REdso83NwO,,,Twitter
Dallas16,32.865482,-96.805688,5960 W Northwest Hwy,75225,Mon Oct 24 22:27:01 +0000 2016,RT @ATT: Welcome to the team! @taylorswift13 https://t.co/4h86nLYuLo https://t.co/gAHOi7fPrZ,,,Twitter
Dallas16,32.865482,-96.805688,5960 W Northwest Hwy,75225,Mon Oct 24 22:21:35 +0000 2016,RT @ATT: Welcome to the team! @taylorswift13 https://t.co/4h86nLYuLo https://t.co/gAHOi7fPrZ,,,Twitter
Dallas16,32.865482,-96.805688,5960 W Northwest Hwy,75225,Mon Oct 24 21:46:25 +0000 2016,RT @ATT: Another reason to smile for the camera. The #LGV20 from @LGUSAMobile will be available in stores starting today. https://t.co/TILu…,,,Twitter
Dallas16,32.865482,-96.805688,5960 W Northwest Hwy,75225,Mon Oct 24 21:45:18 +0000 2016,"Hey @att this is my life, come and goes, fast, then slow #HelpTheBrotherOut  https://t.co/zNlDTAOEPR #speedtest",,,Twitter
Dallas16,32.865482,-96.805688,5960 W Northwest Hwy,75225,Mon Oct 24 21:39:36 +0000 2016,"RT @ATT: Mother Nature is unpredictable, so we rely on our Network Disaster Recovery team to connect you when you need it most. https://t.c…",,,Twitter
Dallas16,32.865482,-96.805688,5960 W Northwest Hwy,75225,Mon Oct 24 21:39:15 +0000 2016,@DIRECTV about to make a formal complaint as we were suppose to get a $200.00 voucher card from Direct TV when we signed up.  NEVER GOT IT,,,Twitter
Dallas16,32.865482,-96.805688,5960 W Northwest Hwy,75225,Mon Oct 24 21:33:46 +0000 2016,RT @ATT: Another reason to smile for the camera. The #LGV20 from @LGUSAMobile will be available in stores starting today. https://t.co/TILu…,,,Twitter
Dallas16,32.865482,-96.805688,5960 W Northwest Hwy,75225,Mon Oct 24 21:33:32 +0000 2016,Did we get #TrumpClintoned by @Ask_Spectrum and @ATT ?! 😵😵😵😵😵😵😮😮😮😮😮 https://t.co/oDvU1CBLMO,,,Twitter
Dallas16,32.865482,-96.805688,5960 W Northwest Hwy,75225,Mon Oct 24 21:28:50 +0000 2016,"RT @dallasnews: No, Time Warner Cable isn't part of @ATT merger and here's why https://t.co/D3z9z8xwh8 | @melissa_repko https://t.co/KyBHpz…",,,Twitter
Dallas16,32.865482,-96.805688,5960 W Northwest Hwy,75225,Mon Oct 24 21:26:38 +0000 2016,"RT @dallasnews: No, Time Warner Cable isn't part of @ATT merger and here's why https://t.co/D3z9z8xwh8 | @melissa_repko https://t.co/KyBHpz…",,,Twitter
Dallas16,32.865482,-96.805688,5960 W Northwest Hwy,75225,Mon Oct 24 21:20:36 +0000 2016,RT @ATT: Another reason to smile for the camera. The #LGV20 from @LGUSAMobile will be available in stores starting today. https://t.co/TILu…,,,Twitter
Dallas16,32.865482,-96.805688,5960 W Northwest Hwy,75225,Mon Oct 24 21:19:38 +0000 2016,"RT @dallasnews: No, Time Warner Cable isn't part of @ATT merger and here's why https://t.co/D3z9z8xwh8 | @melissa_repko https://t.co/KyBHpz…",,,Twitter
