Store,Latitude,Longitude,Address,Zip,CreatedAt,Text,Senti,Rating,Source
Dallas1,32.776664,-96.796988,"208 S Akard Street, Ste 110",75202,Thu Oct 27 22:04:50 +0000 2016,"RT @dallascowboys: Won't be at #PHIvsDAL? 
You can watch LIVE using @DIRECTV's Sunday Ticket! 

Sign up here: https://t.co/jeY0kih32V https…",,,Twitter
Dallas1,32.776664,-96.796988,"208 S Akard Street, Ste 110",75202,Thu Oct 27 22:03:57 +0000 2016,"RT @dallascowboys: Won't be at #PHIvsDAL? 
You can watch LIVE using @DIRECTV's Sunday Ticket! 

Sign up here: https://t.co/jeY0kih32V https…",,,Twitter
Dallas1,32.776664,-96.796988,"208 S Akard Street, Ste 110",75202,Thu Oct 27 22:03:28 +0000 2016,"RT @dallascowboys: Won't be at #PHIvsDAL? 
You can watch LIVE using @DIRECTV's Sunday Ticket! 

Sign up here: https://t.co/jeY0kih32V https…",,,Twitter
Dallas1,32.776664,-96.796988,"208 S Akard Street, Ste 110",75202,Thu Oct 27 22:02:52 +0000 2016,"RT @dallascowboys: Won't be at #PHIvsDAL? 
You can watch LIVE using @DIRECTV's Sunday Ticket! 

Sign up here: https://t.co/jeY0kih32V https…",,,Twitter
Dallas1,32.776664,-96.796988,"208 S Akard Street, Ste 110",75202,Thu Oct 27 22:02:39 +0000 2016,"Won't be at #PHIvsDAL? 
You can watch LIVE using DIRECTV's Sunday Ticket! 

Sign up here: https://t.co/gzZLczJO9Q https://t.co/NMTha1jTu0",,,Twitter
Dallas1,32.776664,-96.796988,"208 S Akard Street, Ste 110",75202,Thu Oct 27 22:02:26 +0000 2016,"RT @dallascowboys: Won't be at #PHIvsDAL? 
You can watch LIVE using @DIRECTV's Sunday Ticket! 

Sign up here: https://t.co/jeY0kih32V https…",,,Twitter
Dallas1,32.776664,-96.796988,"208 S Akard Street, Ste 110",75202,Thu Oct 27 22:02:26 +0000 2016,"RT @dallascowboys: Won't be at #PHIvsDAL? 
You can watch LIVE using @DIRECTV's Sunday Ticket! 

Sign up here: https://t.co/jeY0kih32V https…",,,Twitter
Dallas1,32.776664,-96.796988,"208 S Akard Street, Ste 110",75202,Thu Oct 27 22:01:59 +0000 2016,"RT @dallascowboys: Won't be at #PHIvsDAL? 
You can watch LIVE using @DIRECTV's Sunday Ticket! 

Sign up here: https://t.co/jeY0kih32V https…",,,Twitter
Dallas1,32.776664,-96.796988,"208 S Akard Street, Ste 110",75202,Thu Oct 27 22:01:58 +0000 2016,"dallascowboys: Won't be at #PHIvsDAL? 
You can watch LIVE using DIRECTV's Sunday Ticket! 

Sign up here: … https://t.co/41tyr4bmzf",,,Twitter
Dallas1,32.776664,-96.796988,"208 S Akard Street, Ste 110",75202,Thu Oct 27 22:01:58 +0000 2016,"RT @dallascowboys: Won't be at #PHIvsDAL? 
You can watch LIVE using @DIRECTV's Sunday Ticket! 

Sign up here: https://t.co/jeY0kih32V https…",,,Twitter
Dallas1,32.776664,-96.796988,"208 S Akard Street, Ste 110",75202,Thu Oct 27 22:01:31 +0000 2016,"RT @dallascowboys: Won't be at #PHIvsDAL? 
You can watch LIVE using @DIRECTV's Sunday Ticket! 

Sign up here: https://t.co/jeY0kih32V https…",,,Twitter
Dallas1,32.776664,-96.796988,"208 S Akard Street, Ste 110",75202,Thu Oct 27 22:01:17 +0000 2016,"RT @dallascowboys: Won't be at #PHIvsDAL? 
You can watch LIVE using @DIRECTV's Sunday Ticket! 

Sign up here: https://t.co/jeY0kih32V https…",,,Twitter
Dallas1,32.776664,-96.796988,"208 S Akard Street, Ste 110",75202,Thu Oct 27 22:01:09 +0000 2016,"RT @dallascowboys: Won't be at #PHIvsDAL? 
You can watch LIVE using @DIRECTV's Sunday Ticket! 

Sign up here: https://t.co/jeY0kih32V https…",,,Twitter
Dallas1,32.776664,-96.796988,"208 S Akard Street, Ste 110",75202,Thu Oct 27 22:00:41 +0000 2016,"RT @dallascowboys: Won't be at #PHIvsDAL? 
You can watch LIVE using @DIRECTV's Sunday Ticket! 

Sign up here: https://t.co/jeY0kih32V https…",,,Twitter
Dallas1,32.776664,-96.796988,"208 S Akard Street, Ste 110",75202,Thu Oct 27 22:00:39 +0000 2016,"RT @dallascowboys: Won't be at #PHIvsDAL? 
You can watch LIVE using @DIRECTV's Sunday Ticket! 

Sign up here: https://t.co/jeY0kih32V https…",,,Twitter
Dallas1,32.776664,-96.796988,"208 S Akard Street, Ste 110",75202,Thu Oct 27 22:00:38 +0000 2016,"RT @dallascowboys: Won't be at #PHIvsDAL? 
You can watch LIVE using @DIRECTV's Sunday Ticket! 

Sign up here: https://t.co/jeY0kih32V https…",,,Twitter
Dallas1,32.776664,-96.796988,"208 S Akard Street, Ste 110",75202,Thu Oct 27 22:00:37 +0000 2016,"RT @dallascowboys: Won't be at #PHIvsDAL? 
You can watch LIVE using @DIRECTV's Sunday Ticket! 

Sign up here: https://t.co/jeY0kih32V https…",,,Twitter
Dallas1,32.776664,-96.796988,"208 S Akard Street, Ste 110",75202,Thu Oct 27 22:00:36 +0000 2016,"RT @dallascowboys: Won't be at #PHIvsDAL? 
You can watch LIVE using @DIRECTV's Sunday Ticket! 

Sign up here: https://t.co/jeY0kih32V https…",,,Twitter
Dallas1,32.776664,-96.796988,"208 S Akard Street, Ste 110",75202,Thu Oct 27 22:00:25 +0000 2016,"Won't be at #PHIvsDAL? 
You can watch LIVE using @DIRECTV's Sunday Ticket! 

Sign up here: https://t.co/jeY0kih32V https://t.co/mg1aILOKsY",,,Twitter
Dallas1,32.776664,-96.796988,"208 S Akard Street, Ste 110",75202,Thu Oct 27 21:59:34 +0000 2016,RT @ATT: Get a sweet deal on the new iPhone 7 when you switch to AT&amp;T and have DIRECTV. https://t.co/JO08KrMKj7 https://t.co/tAcB2wPVFO,,,Twitter
Dallas1,32.776664,-96.796988,"208 S Akard Street, Ste 110",75202,Thu Oct 27 21:58:14 +0000 2016,"New media agency lands AT&amp;T, opens shop in Dallas and plans to hire 100 people: New York City… https://t.co/0tExaKdrD0 | @dallasecodev",,,Twitter
Dallas1,32.776664,-96.796988,"208 S Akard Street, Ste 110",75202,Thu Oct 27 21:52:16 +0000 2016,RT @ATT: Have a magical Halloween with the @LGUSAMobile #LGV20. https://t.co/yOfwY7oeQ0 https://t.co/AhKdm4NbiY,,,Twitter
Dallas1,32.776664,-96.796988,"208 S Akard Street, Ste 110",75202,Thu Oct 27 21:49:51 +0000 2016,RT @ATT: Have a magical Halloween with the @LGUSAMobile #LGV20. https://t.co/yOfwY7oeQ0 https://t.co/AhKdm4NbiY,,,Twitter
Dallas1,32.776664,-96.796988,"208 S Akard Street, Ste 110",75202,Thu Oct 27 21:46:04 +0000 2016,Have a magical Halloween with the @LGUSAMobile #LGV20. https://t.co/yOfwY7oeQ0 https://t.co/AhKdm4NbiY,,,Twitter
Dallas1,32.776664,-96.796988,"208 S Akard Street, Ste 110",75202,Thu Oct 27 21:37:19 +0000 2016,RT @ATT: Get a sweet deal on the new iPhone 7 when you switch to AT&amp;T and have DIRECTV. https://t.co/JO08KrMKj7 https://t.co/tAcB2wPVFO,,,Twitter
Dallas1,32.776664,-96.796988,"208 S Akard Street, Ste 110",75202,Thu Oct 27 21:36:06 +0000 2016,5 orgs changing the way we define disability: RESOLUTION: @ATT Original Documentary 10/30 @ 2PM #ATTimpact https://t.co/UGbZn5PGP5 (client),,,Twitter
Dallas1,32.776664,-96.796988,"208 S Akard Street, Ste 110",75202,Thu Oct 27 21:28:22 +0000 2016,Sign the petition: Tell @TheJusticeDept to stop the @ATT-@TWXCorp merger https://t.co/7fXUcxw76q via @CREDOMobile #p2,,,Twitter
Dallas1,32.776664,-96.796988,"208 S Akard Street, Ste 110",75202,Thu Oct 27 21:24:47 +0000 2016,@ATTCares done,,,Twitter
Dallas1,32.776664,-96.796988,"208 S Akard Street, Ste 110",75202,Thu Oct 27 21:21:11 +0000 2016,"RT @dallasnews: Sorry, @ATT, FCC ruling may put an end to creepy, targeted advertising plans https://t.co/LCXbQwV4we | @agarre https://t.co…",,,Twitter
Dallas1,32.776664,-96.796988,"208 S Akard Street, Ste 110",75202,Thu Oct 27 21:16:44 +0000 2016,"RT @dallasnews: Sorry, @ATT, FCC ruling may put an end to creepy, targeted advertising plans https://t.co/LCXbQwV4we | @agarre https://t.co…",,,Twitter
Dallas1,32.776664,-96.796988,"208 S Akard Street, Ste 110",75202,Thu Oct 27 21:15:51 +0000 2016,"RT @dallasnews: Sorry, @ATT, FCC ruling may put an end to creepy, targeted advertising plans https://t.co/LCXbQwV4we | @agarre https://t.co…",,,Twitter
Dallas1,32.776664,-96.796988,"208 S Akard Street, Ste 110",75202,Thu Oct 27 21:15:33 +0000 2016,"Sorry, @ATT, FCC ruling may put an end to creepy, targeted advertising plans https://t.co/LCXbQwV4we | @agarre https://t.co/L2eLRqbh0g",,,Twitter
Dallas1,32.776664,-96.796988,"208 S Akard Street, Ste 110",75202,Thu Oct 27 21:08:12 +0000 2016,"RT @DBJHoopfer: Sneak peek of the brand new Trinity Forest Golf Club, future host of AT&amp;T Byron Nelson (Video) https://t.co/slwxhkjktv via…",,,Twitter
Dallas1,32.776664,-96.796988,"208 S Akard Street, Ste 110",75202,Thu Oct 27 21:06:28 +0000 2016,@ATTCares it doesn't help. Tried this with tech support Tuesday and today.,,,Twitter
Dallas1,32.776664,-96.796988,"208 S Akard Street, Ste 110",75202,Thu Oct 27 21:04:00 +0000 2016,Did you miss us at #WE16 today? Not to worry – you can check out our technology development programs online: https://t.co/yirOgcrIuj,,,Twitter
Dallas1,32.776664,-96.796988,"208 S Akard Street, Ste 110",75202,Thu Oct 27 21:02:25 +0000 2016,"@ATTCares but today, tech support says there was an issue in my building and an tech needs to come out and fix it",,,Twitter
Dallas1,32.776664,-96.796988,"208 S Akard Street, Ste 110",75202,Thu Oct 27 21:02:00 +0000 2016,@ATTCares finally getting tech to come out tomorrow. Techs were in my apt building Tuesday but blew me off &amp; said knew nothing about issue.,,,Twitter
Dallas1,32.776664,-96.796988,"208 S Akard Street, Ste 110",75202,Thu Oct 27 21:01:04 +0000 2016,"@ATTCares I asked for a tech to come out Tuesday but they swore it was the modem; it wasn't. Promised next day delivery, it wasn't",,,Twitter
Dallas1,32.776664,-96.796988,"208 S Akard Street, Ste 110",75202,Thu Oct 27 21:00:05 +0000 2016,Our IoT Starter Kit is more than just a developer data plan. Get the tools to design and launch an #IoT device now:… https://t.co/zhnOv3cJ6P,,,Twitter
Dallas1,32.776664,-96.796988,"208 S Akard Street, Ste 110",75202,Thu Oct 27 21:00:02 +0000 2016,#Momaholics unite! The craziness continues in the season premiere of @MomCBS at 9/8c. https://t.co/UMb4myZolA,,,Twitter
Dallas1,32.776664,-96.796988,"208 S Akard Street, Ste 110",75202,Thu Oct 27 20:56:57 +0000 2016,@ATTCares 2 modems with no service,,,Twitter
Dallas1,32.776664,-96.796988,"208 S Akard Street, Ste 110",75202,Thu Oct 27 20:56:31 +0000 2016,"@lpranna04 Hi Lisa, we don't like to hear that. Can you DM us your account/contact info and more details? We'd like to take a look for you.",,,Twitter
Dallas1,32.776664,-96.796988,"208 S Akard Street, Ste 110",75202,Thu Oct 27 20:49:42 +0000 2016,RT @ATT: Get a sweet deal on the new iPhone 7 when you switch to AT&amp;T and have DIRECTV. https://t.co/JO08KrMKj7 https://t.co/tAcB2wPVFO,,,Twitter
Dallas1,32.776664,-96.796988,"208 S Akard Street, Ste 110",75202,Thu Oct 27 20:48:35 +0000 2016,.@ATTCares https://t.co/OnYPz3Ghii,,,Twitter
Dallas1,32.776664,-96.796988,"208 S Akard Street, Ste 110",75202,Thu Oct 27 20:48:07 +0000 2016,.@Uverse your tech support service Tuesday &amp; today has been lackluster. Will definitely be looking at all options of cancelling service.,,,Twitter
Dallas1,32.776664,-96.796988,"208 S Akard Street, Ste 110",75202,Thu Oct 27 20:42:10 +0000 2016,Getting a little #InspiredMobility on Social Media Sunday | AT&amp;T https://t.co/PHxRgkb8Tm https://t.co/ZFBUQlt9Hl,,,Twitter
Dallas1,32.776664,-96.796988,"208 S Akard Street, Ste 110",75202,Thu Oct 27 20:34:26 +0000 2016,"RT @attJOBS: We have all the #interview tips you need in one list! Learn what to do before, during and after your next interview: https://t…",,,Twitter
Dallas1,32.776664,-96.796988,"208 S Akard Street, Ste 110",75202,Thu Oct 27 20:30:06 +0000 2016,RT @ATT: Welcome to the team! @taylorswift13 https://t.co/4h86nLYuLo https://t.co/gAHOi7fPrZ,,,Twitter
Dallas1,32.776664,-96.796988,"208 S Akard Street, Ste 110",75202,Thu Oct 27 20:29:16 +0000 2016,Sanders: ‘We must do everything possible’ to press Clinton on AT&amp;T-Time Warner https://t.co/nwyEr8yVNm,,,Twitter
Dallas1,32.776664,-96.796988,"208 S Akard Street, Ste 110",75202,Thu Oct 27 20:27:00 +0000 2016,RT @ATT: Welcome to the team! @taylorswift13 https://t.co/4h86nLYuLo https://t.co/gAHOi7fPrZ,,,Twitter
Dallas1,32.776664,-96.796988,"208 S Akard Street, Ste 110",75202,Thu Oct 27 20:18:58 +0000 2016,RT @ATTBusiness: We're navigating the known threat landscape to help protect your org. See more in our new cybersecurity report: https://t.…,,,Twitter
Dallas1,32.776664,-96.796988,"208 S Akard Street, Ste 110",75202,Thu Oct 27 20:12:53 +0000 2016,Sharing our latest data-driven report on common #cybersecurity threats. Folks are saying it's our best yet...I'll le…https://t.co/7ADqKg1XeZ,,,Twitter
Dallas1,32.776664,-96.796988,"208 S Akard Street, Ste 110",75202,Thu Oct 27 20:07:17 +0000 2016,"Just wanted to let you know @ATTCares, I hope to switch to another provider ASAP bc of this. https://t.co/x7rUpdhaEb",,,Twitter
Dallas1,32.776664,-96.796988,"208 S Akard Street, Ste 110",75202,Thu Oct 27 20:05:59 +0000 2016,RT @attJOBS: We’re lucky to have a lot of #WomenWhoInspire us at AT&amp;T. Meet a few of them: https://t.co/8juFZJTY20 https://t.co/H6mCC5fGEj,,,Twitter
Dallas1,32.776664,-96.796988,"208 S Akard Street, Ste 110",75202,Thu Oct 27 20:05:27 +0000 2016,RT @ATTBusiness: AT&amp;T Labs is on track to revolutionize the way #AI plays in the network…but that’s not all! More from Mazin Gilbert: https…,,,Twitter
Dallas1,32.776664,-96.796988,"208 S Akard Street, Ste 110",75202,Thu Oct 27 19:59:05 +0000 2016,RT @ATT: Get a sweet deal on the new iPhone 7 when you switch to AT&amp;T and have DIRECTV. https://t.co/JO08KrMKj7 https://t.co/tAcB2wPVFO,,,Twitter
Dallas1,32.776664,-96.796988,"208 S Akard Street, Ste 110",75202,Thu Oct 27 19:57:12 +0000 2016,"RT @attJOBS: We have all the #interview tips you need in one list! Learn what to do before, during and after your next interview: https://t…",,,Twitter
Dallas1,32.776664,-96.796988,"208 S Akard Street, Ste 110",75202,Thu Oct 27 19:56:50 +0000 2016,"RT @attJOBS: We have all the #interview tips you need in one list! Learn what to do before, during and after your next interview: https://t…",,,Twitter
Dallas1,32.776664,-96.796988,"208 S Akard Street, Ste 110",75202,Thu Oct 27 19:54:46 +0000 2016,"RT @DecksInThePark: Get to Klyde Warren Park tonight for the Decks in the Park - Halloween Edition, Powered by @ATT The fun all starts at 6…",,,Twitter
Dallas1,32.776664,-96.796988,"208 S Akard Street, Ste 110",75202,Thu Oct 27 19:53:24 +0000 2016,"Sorry, @ATT: #FCC ruling may put an end to creepy, targeted #advertising plans https://t.co/TZ6dsf3ZGP via @dallasnews #anonymous",,,Twitter
Dallas1,32.776664,-96.796988,"208 S Akard Street, Ste 110",75202,Thu Oct 27 19:51:40 +0000 2016,"RT @DFWSmallBiz: Sorry, #ATT, FCC ruling may put an end to creepy, targeted advertising plans https://t.co/pz8mmbULB9 #DFW #Tech",,,Twitter
Dallas1,32.776664,-96.796988,"208 S Akard Street, Ste 110",75202,Thu Oct 27 19:37:07 +0000 2016,"RT @attJOBS: At AT&amp;T, we believe that inspiration stems from collaboration. That's why we give employees the access they need. https://t.co…",,,Twitter
Dallas1,32.776664,-96.796988,"208 S Akard Street, Ste 110",75202,Thu Oct 27 19:31:20 +0000 2016,"Sorry, @ATT, FCC ruling may put an end to creepy, targeted advertising plans https://t.co/3odrIP7GAK | @agarre https://t.co/fEfcSyydmL",,,Twitter
Dallas1,32.776664,-96.796988,"208 S Akard Street, Ste 110",75202,Thu Oct 27 19:30:01 +0000 2016,"We have all the #interview tips you need in one list! Learn what to do before, during and after your next interview… https://t.co/kUpp3evm2Q",,,Twitter
Dallas1,32.776664,-96.796988,"208 S Akard Street, Ste 110",75202,Thu Oct 27 19:26:56 +0000 2016,RT @ATT: Welcome to the team! @taylorswift13 https://t.co/4h86nLYuLo https://t.co/gAHOi7fPrZ,,,Twitter
Dallas1,32.776664,-96.796988,"208 S Akard Street, Ste 110",75202,Thu Oct 27 19:19:15 +0000 2016,"Sorry, #ATT, FCC ruling may put an end to creepy, targeted advertising plans https://t.co/pz8mmbULB9 #DFW #Tech",,,Twitter
Dallas1,32.776664,-96.796988,"208 S Akard Street, Ste 110",75202,Thu Oct 27 19:17:20 +0000 2016,Here's a look at the regulatory hoops AT&amp;T must jump through for Time Warner merger: https://t.co/gQfcaumX2C by @MariaHalkias,,,Twitter
Dallas1,32.776664,-96.796988,"208 S Akard Street, Ste 110",75202,Thu Oct 27 19:16:05 +0000 2016,RT @alyssavargas11: Life at Att #SmallBizFam #centralcrush #ntxstampede #heebyjeebyjiveon5 https://t.co/qQXEUr70Qr,,,Twitter
Dallas1,32.776664,-96.796988,"208 S Akard Street, Ste 110",75202,Thu Oct 27 19:14:43 +0000 2016,RT @ATT: The #futureofvideo is mobile and the #futureofmobile is video. Time Warner + AT&amp;T make it happen! @twxcorp https://t.co/GKx4U9TQYg,,,Twitter
Dallas1,32.776664,-96.796988,"208 S Akard Street, Ste 110",75202,Thu Oct 27 19:12:50 +0000 2016,RT @ATT: Get a sweet deal on the new iPhone 7 when you switch to AT&amp;T and have DIRECTV. https://t.co/JO08KrMKj7 https://t.co/tAcB2wPVFO,,,Twitter
Dallas1,32.776664,-96.796988,"208 S Akard Street, Ste 110",75202,Thu Oct 27 19:12:08 +0000 2016,AT&amp;T-Time Warner Deal Is a Shot in the Dark https://t.co/kV8egT6ybJ https://t.co/ViuvHENpIx,,,Twitter
Dallas1,32.776664,-96.796988,"208 S Akard Street, Ste 110",75202,Thu Oct 27 19:09:32 +0000 2016,DallasBizNews: RT DBJShinneman: Analysts saying margins could be as thin as $1 or $2 for DirecTV Now https://t.co/PBv9DIxrgU DallasBizNews…,,,Twitter
Dallas1,32.776664,-96.796988,"208 S Akard Street, Ste 110",75202,Thu Oct 27 19:05:47 +0000 2016,RT @ATT: Get a sweet deal on the new iPhone 7 when you switch to AT&amp;T and have DIRECTV. https://t.co/JO08KrMKj7 https://t.co/tAcB2wPVFO,,,Twitter
Dallas1,32.776664,-96.796988,"208 S Akard Street, Ste 110",75202,Thu Oct 27 19:05:43 +0000 2016,RT @DBJShinneman: Analysts saying margins could be as thin as $1 or $2 for DirecTV Now https://t.co/HdOEEzVjgp @DallasBizNews $T,,,Twitter
Dallas1,32.776664,-96.796988,"208 S Akard Street, Ste 110",75202,Thu Oct 27 19:05:09 +0000 2016,RT @ATT: Get a sweet deal on the new iPhone 7 when you switch to AT&amp;T and have DIRECTV. https://t.co/JO08KrMKj7 https://t.co/tAcB2wPVFO,,,Twitter
Dallas1,32.776664,-96.796988,"208 S Akard Street, Ste 110",75202,Thu Oct 27 19:00:01 +0000 2016,The Short clan is back + better than ever. Don't miss the @LifeInPiecesCBS premiere tonight at 8:30/7:30c. https://t.co/BC0l0KPTu9,,,Twitter
Dallas1,32.776664,-96.796988,"208 S Akard Street, Ste 110",75202,Thu Oct 27 18:56:39 +0000 2016,RT @ConnectToGood: AT&amp;T is Committed to Inclusion in Disability Employment: https://t.co/Q37wwjLHxb via @chooseworkSSA #ATTimpact #NDEAM,,,Twitter
Dallas1,32.776664,-96.796988,"208 S Akard Street, Ste 110",75202,Thu Oct 27 18:55:02 +0000 2016,Analysts saying margins could be as thin as $1 or $2 for DirecTV Now https://t.co/HdOEEzVjgp @DallasBizNews $T,,,Twitter
Dallas1,32.776664,-96.796988,"208 S Akard Street, Ste 110",75202,Thu Oct 27 18:50:44 +0000 2016,RT @ConnectToGood: AT&amp;T is Committed to Inclusion in Disability Employment: https://t.co/Q37wwjLHxb via @chooseworkSSA #ATTimpact #NDEAM,,,Twitter
Dallas1,32.776664,-96.796988,"208 S Akard Street, Ste 110",75202,Thu Oct 27 18:50:17 +0000 2016,AT&amp;T is Committed to Inclusion in Disability Employment: https://t.co/Q37wwjLHxb via @chooseworkSSA #ATTimpact #NDEAM,,,Twitter
Dallas1,32.776664,-96.796988,"208 S Akard Street, Ste 110",75202,Thu Oct 27 18:21:27 +0000 2016,@ShawnAnderson02 @arstechnica check your date! This story pubbed on 10/24 but today's Ars Technica says otherwise. #FCC #ATT #timewarner,,,Twitter
Dallas1,32.776664,-96.796988,"208 S Akard Street, Ste 110",75202,Thu Oct 27 17:54:34 +0000 2016,Life at Att #SmallBizFam #centralcrush #ntxstampede #heebyjeebyjiveon5 https://t.co/qQXEUr70Qr,,,Twitter
Dallas1,32.776664,-96.796988,"208 S Akard Street, Ste 110",75202,Thu Oct 27 17:42:25 +0000 2016,"@Lynna_Lai We'd love to have you join the AT&amp;T family, Lynna! DM us and we can get you set up.",,,Twitter
Dallas1,32.776664,-96.796988,"208 S Akard Street, Ste 110",75202,Thu Oct 27 17:40:30 +0000 2016,New devices &amp; solutions - widespread collaboration &amp; mobility through the cloud  https://t.co/nrmXqjKfQV #mobile #attemployee,,,Twitter
Dallas1,32.776664,-96.796988,"208 S Akard Street, Ste 110",75202,Thu Oct 27 17:40:24 +0000 2016,"Q. If we knew about #ATT's #Hemisphere in 2013, why is @kennethlipp's 10/25/2016 story a big deal? A. New docs re:… https://t.co/3vt9gZItpw",,,Twitter
Dallas1,32.776664,-96.796988,"208 S Akard Street, Ste 110",75202,Thu Oct 27 17:31:26 +0000 2016,"RT @DBJHoopfer: Sneak peek of the brand new Trinity Forest Golf Club, future host of AT&amp;T Byron Nelson (Video) https://t.co/slwxhkjktv via…",,,Twitter
Dallas1,32.776664,-96.796988,"208 S Akard Street, Ste 110",75202,Thu Oct 27 17:28:00 +0000 2016,"RT @golfjeanne: https://t.co/1PXxDok9kK

Good news is coming from every direction this fall!  #trinityforest",,,Twitter
Dallas1,32.776664,-96.796988,"208 S Akard Street, Ste 110",75202,Thu Oct 27 17:26:10 +0000 2016,"https://t.co/1PXxDok9kK

Good news is coming from every direction this fall!  #trinityforest",,,Twitter
Dallas1,32.776664,-96.796988,"208 S Akard Street, Ste 110",75202,Thu Oct 27 17:03:51 +0000 2016,Tech allows mentors to have an impact on a student's life no matter where they are https://t.co/CL4JG7kxGE via… https://t.co/lPojXXpe0k,,,Twitter
Dallas1,32.776664,-96.796988,"208 S Akard Street, Ste 110",75202,Thu Oct 27 16:56:23 +0000 2016,RT @ATT: Get a sweet deal on the new iPhone 7 when you switch to AT&amp;T and have DIRECTV. https://t.co/JO08KrMKj7 https://t.co/tAcB2wPVFO,,,Twitter
Dallas1,32.776664,-96.796988,"208 S Akard Street, Ste 110",75202,Thu Oct 27 16:39:53 +0000 2016,"""The #FCC approved new #privacy rules Thurs that may be bad news for #ATT..."" #TimeWarner #Hemisphere #bitcoin #data https://t.co/ZrbaP3Zcrf",,,Twitter
Dallas1,32.776664,-96.796988,"208 S Akard Street, Ste 110",75202,Thu Oct 27 16:39:07 +0000 2016,@__Eddie7 That's what we're here for! ✊,,,Twitter
Dallas1,32.776664,-96.796988,"208 S Akard Street, Ste 110",75202,Thu Oct 27 16:32:49 +0000 2016,"RT @DecksInThePark: Get to Klyde Warren Park tonight for the Decks in the Park - Halloween Edition, Powered by @ATT The fun all starts at 6…",,,Twitter
Dallas1,32.776664,-96.796988,"208 S Akard Street, Ste 110",75202,Thu Oct 27 16:26:17 +0000 2016,RT @ATT: Welcome to the team! @taylorswift13 https://t.co/4h86nLYuLo https://t.co/gAHOi7fPrZ,,,Twitter
Store,Latitude,Longitude,Address,Zip,CreatedAt,Text,Senti,Rating,Source
Dallas1,32.776664,-96.796988,"208 S Akard Street, Ste 110",75202,Thu Oct 27 22:13:10 +0000 2016,RT @ATT: Have a magical Halloween with the @LGUSAMobile #LGV20. https://t.co/yOfwY7oeQ0 https://t.co/AhKdm4NbiY,,,Twitter
Dallas1,32.776664,-96.796988,"208 S Akard Street, Ste 110",75202,Thu Oct 27 22:12:18 +0000 2016,"RT @dallascowboys: Won't be at #PHIvsDAL? 
You can watch LIVE using @DIRECTV's Sunday Ticket! 

Sign up here: https://t.co/jeY0kih32V https…",,,Twitter
Dallas1,32.776664,-96.796988,"208 S Akard Street, Ste 110",75202,Thu Oct 27 22:12:03 +0000 2016,RT @ATT: Have a magical Halloween with the @LGUSAMobile #LGV20. https://t.co/yOfwY7oeQ0 https://t.co/AhKdm4NbiY,,,Twitter
Dallas1,32.776664,-96.796988,"208 S Akard Street, Ste 110",75202,Thu Oct 27 22:10:44 +0000 2016,"RT @dallascowboys: Won't be at #PHIvsDAL? 
You can watch LIVE using @DIRECTV's Sunday Ticket! 

Sign up here: https://t.co/jeY0kih32V https…",,,Twitter
Dallas1,32.776664,-96.796988,"208 S Akard Street, Ste 110",75202,Thu Oct 27 22:07:46 +0000 2016,"RT @dallascowboys: Won't be at #PHIvsDAL? 
You can watch LIVE using @DIRECTV's Sunday Ticket! 

Sign up here: https://t.co/jeY0kih32V https…",,,Twitter
Dallas1,32.776664,-96.796988,"208 S Akard Street, Ste 110",75202,Thu Oct 27 22:07:40 +0000 2016,"RT @dallascowboys: Won't be at #PHIvsDAL? 
You can watch LIVE using @DIRECTV's Sunday Ticket! 

Sign up here: https://t.co/jeY0kih32V https…",,,Twitter
Dallas1,32.776664,-96.796988,"208 S Akard Street, Ste 110",75202,Thu Oct 27 22:07:23 +0000 2016,"RT @dallascowboys: Won't be at #PHIvsDAL? 
You can watch LIVE using @DIRECTV's Sunday Ticket! 

Sign up here: https://t.co/jeY0kih32V https…",,,Twitter
Dallas1,32.776664,-96.796988,"208 S Akard Street, Ste 110",75202,Thu Oct 27 22:06:46 +0000 2016,"RT @dallascowboys: Won't be at #PHIvsDAL? 
You can watch LIVE using @DIRECTV's Sunday Ticket! 

Sign up here: https://t.co/jeY0kih32V https…",,,Twitter
Dallas1,32.776664,-96.796988,"208 S Akard Street, Ste 110",75202,Thu Oct 27 22:06:41 +0000 2016,RT @ATT: Get a sweet deal on the new iPhone 7 when you switch to AT&amp;T and have DIRECTV. https://t.co/JO08KrMKj7 https://t.co/tAcB2wPVFO,,,Twitter
Dallas1,32.776664,-96.796988,"208 S Akard Street, Ste 110",75202,Thu Oct 27 22:05:19 +0000 2016,"RT @dallascowboys: Won't be at #PHIvsDAL? 
You can watch LIVE using @DIRECTV's Sunday Ticket! 

Sign up here: https://t.co/jeY0kih32V https…",,,Twitter
Dallas1,32.776664,-96.796988,"208 S Akard Street, Ste 110",75202,Thu Oct 27 22:04:50 +0000 2016,"RT @dallascowboys: Won't be at #PHIvsDAL? 
You can watch LIVE using @DIRECTV's Sunday Ticket! 

Sign up here: https://t.co/jeY0kih32V https…",,,Twitter
Dallas1,32.776664,-96.796988,"208 S Akard Street, Ste 110",75202,Thu Oct 27 22:03:57 +0000 2016,"RT @dallascowboys: Won't be at #PHIvsDAL? 
You can watch LIVE using @DIRECTV's Sunday Ticket! 

Sign up here: https://t.co/jeY0kih32V https…",,,Twitter
Dallas1,32.776664,-96.796988,"208 S Akard Street, Ste 110",75202,Thu Oct 27 22:03:28 +0000 2016,"RT @dallascowboys: Won't be at #PHIvsDAL? 
You can watch LIVE using @DIRECTV's Sunday Ticket! 

Sign up here: https://t.co/jeY0kih32V https…",,,Twitter
Dallas1,32.776664,-96.796988,"208 S Akard Street, Ste 110",75202,Thu Oct 27 22:02:52 +0000 2016,"RT @dallascowboys: Won't be at #PHIvsDAL? 
You can watch LIVE using @DIRECTV's Sunday Ticket! 

Sign up here: https://t.co/jeY0kih32V https…",,,Twitter
Dallas1,32.776664,-96.796988,"208 S Akard Street, Ste 110",75202,Thu Oct 27 22:02:26 +0000 2016,"RT @dallascowboys: Won't be at #PHIvsDAL? 
You can watch LIVE using @DIRECTV's Sunday Ticket! 

Sign up here: https://t.co/jeY0kih32V https…",,,Twitter
Dallas1,32.776664,-96.796988,"208 S Akard Street, Ste 110",75202,Thu Oct 27 22:02:26 +0000 2016,"RT @dallascowboys: Won't be at #PHIvsDAL? 
You can watch LIVE using @DIRECTV's Sunday Ticket! 

Sign up here: https://t.co/jeY0kih32V https…",,,Twitter
Dallas1,32.776664,-96.796988,"208 S Akard Street, Ste 110",75202,Thu Oct 27 22:01:59 +0000 2016,"RT @dallascowboys: Won't be at #PHIvsDAL? 
You can watch LIVE using @DIRECTV's Sunday Ticket! 

Sign up here: https://t.co/jeY0kih32V https…",,,Twitter
Dallas1,32.776664,-96.796988,"208 S Akard Street, Ste 110",75202,Thu Oct 27 22:01:58 +0000 2016,"RT @dallascowboys: Won't be at #PHIvsDAL? 
You can watch LIVE using @DIRECTV's Sunday Ticket! 

Sign up here: https://t.co/jeY0kih32V https…",,,Twitter
Dallas1,32.776664,-96.796988,"208 S Akard Street, Ste 110",75202,Thu Oct 27 22:01:31 +0000 2016,"RT @dallascowboys: Won't be at #PHIvsDAL? 
You can watch LIVE using @DIRECTV's Sunday Ticket! 

Sign up here: https://t.co/jeY0kih32V https…",,,Twitter
Dallas1,32.776664,-96.796988,"208 S Akard Street, Ste 110",75202,Thu Oct 27 22:01:17 +0000 2016,"RT @dallascowboys: Won't be at #PHIvsDAL? 
You can watch LIVE using @DIRECTV's Sunday Ticket! 

Sign up here: https://t.co/jeY0kih32V https…",,,Twitter
Dallas1,32.776664,-96.796988,"208 S Akard Street, Ste 110",75202,Thu Oct 27 22:01:09 +0000 2016,"RT @dallascowboys: Won't be at #PHIvsDAL? 
You can watch LIVE using @DIRECTV's Sunday Ticket! 

Sign up here: https://t.co/jeY0kih32V https…",,,Twitter
Dallas1,32.776664,-96.796988,"208 S Akard Street, Ste 110",75202,Thu Oct 27 22:00:41 +0000 2016,"RT @dallascowboys: Won't be at #PHIvsDAL? 
You can watch LIVE using @DIRECTV's Sunday Ticket! 

Sign up here: https://t.co/jeY0kih32V https…",,,Twitter
Dallas1,32.776664,-96.796988,"208 S Akard Street, Ste 110",75202,Thu Oct 27 22:00:39 +0000 2016,"RT @dallascowboys: Won't be at #PHIvsDAL? 
You can watch LIVE using @DIRECTV's Sunday Ticket! 

Sign up here: https://t.co/jeY0kih32V https…",,,Twitter
Dallas1,32.776664,-96.796988,"208 S Akard Street, Ste 110",75202,Thu Oct 27 22:00:38 +0000 2016,"RT @dallascowboys: Won't be at #PHIvsDAL? 
You can watch LIVE using @DIRECTV's Sunday Ticket! 

Sign up here: https://t.co/jeY0kih32V https…",,,Twitter
Dallas1,32.776664,-96.796988,"208 S Akard Street, Ste 110",75202,Thu Oct 27 22:00:37 +0000 2016,"RT @dallascowboys: Won't be at #PHIvsDAL? 
You can watch LIVE using @DIRECTV's Sunday Ticket! 

Sign up here: https://t.co/jeY0kih32V https…",,,Twitter
Dallas1,32.776664,-96.796988,"208 S Akard Street, Ste 110",75202,Thu Oct 27 22:00:36 +0000 2016,"RT @dallascowboys: Won't be at #PHIvsDAL? 
You can watch LIVE using @DIRECTV's Sunday Ticket! 

Sign up here: https://t.co/jeY0kih32V https…",,,Twitter
Dallas1,32.776664,-96.796988,"208 S Akard Street, Ste 110",75202,Thu Oct 27 22:00:25 +0000 2016,"Won't be at #PHIvsDAL? 
You can watch LIVE using @DIRECTV's Sunday Ticket! 

Sign up here: https://t.co/jeY0kih32V https://t.co/mg1aILOKsY",,,Twitter
Dallas1,32.776664,-96.796988,"208 S Akard Street, Ste 110",75202,Thu Oct 27 21:59:34 +0000 2016,RT @ATT: Get a sweet deal on the new iPhone 7 when you switch to AT&amp;T and have DIRECTV. https://t.co/JO08KrMKj7 https://t.co/tAcB2wPVFO,,,Twitter
Dallas1,32.776664,-96.796988,"208 S Akard Street, Ste 110",75202,Thu Oct 27 21:52:16 +0000 2016,RT @ATT: Have a magical Halloween with the @LGUSAMobile #LGV20. https://t.co/yOfwY7oeQ0 https://t.co/AhKdm4NbiY,,,Twitter
Dallas1,32.776664,-96.796988,"208 S Akard Street, Ste 110",75202,Thu Oct 27 21:49:51 +0000 2016,RT @ATT: Have a magical Halloween with the @LGUSAMobile #LGV20. https://t.co/yOfwY7oeQ0 https://t.co/AhKdm4NbiY,,,Twitter
Dallas1,32.776664,-96.796988,"208 S Akard Street, Ste 110",75202,Thu Oct 27 21:37:19 +0000 2016,RT @ATT: Get a sweet deal on the new iPhone 7 when you switch to AT&amp;T and have DIRECTV. https://t.co/JO08KrMKj7 https://t.co/tAcB2wPVFO,,,Twitter
Dallas1,32.776664,-96.796988,"208 S Akard Street, Ste 110",75202,Thu Oct 27 21:36:06 +0000 2016,5 orgs changing the way we define disability: RESOLUTION: @ATT Original Documentary 10/30 @ 2PM #ATTimpact https://t.co/UGbZn5PGP5 (client),,,Twitter
Dallas1,32.776664,-96.796988,"208 S Akard Street, Ste 110",75202,Thu Oct 27 21:28:22 +0000 2016,Sign the petition: Tell @TheJusticeDept to stop the @ATT-@TWXCorp merger https://t.co/7fXUcxw76q via @CREDOMobile #p2,,,Twitter
Dallas1,32.776664,-96.796988,"208 S Akard Street, Ste 110",75202,Thu Oct 27 21:24:47 +0000 2016,@ATTCares done,,,Twitter
Dallas1,32.776664,-96.796988,"208 S Akard Street, Ste 110",75202,Thu Oct 27 21:21:11 +0000 2016,"RT @dallasnews: Sorry, @ATT, FCC ruling may put an end to creepy, targeted advertising plans https://t.co/LCXbQwV4we | @agarre https://t.co…",,,Twitter
Dallas1,32.776664,-96.796988,"208 S Akard Street, Ste 110",75202,Thu Oct 27 21:16:44 +0000 2016,"RT @dallasnews: Sorry, @ATT, FCC ruling may put an end to creepy, targeted advertising plans https://t.co/LCXbQwV4we | @agarre https://t.co…",,,Twitter
Dallas1,32.776664,-96.796988,"208 S Akard Street, Ste 110",75202,Thu Oct 27 21:15:51 +0000 2016,"RT @dallasnews: Sorry, @ATT, FCC ruling may put an end to creepy, targeted advertising plans https://t.co/LCXbQwV4we | @agarre https://t.co…",,,Twitter
Dallas1,32.776664,-96.796988,"208 S Akard Street, Ste 110",75202,Thu Oct 27 21:15:33 +0000 2016,"Sorry, @ATT, FCC ruling may put an end to creepy, targeted advertising plans https://t.co/LCXbQwV4we | @agarre https://t.co/L2eLRqbh0g",,,Twitter
Dallas1,32.776664,-96.796988,"208 S Akard Street, Ste 110",75202,Thu Oct 27 21:06:28 +0000 2016,@ATTCares it doesn't help. Tried this with tech support Tuesday and today.,,,Twitter
Dallas1,32.776664,-96.796988,"208 S Akard Street, Ste 110",75202,Thu Oct 27 21:02:25 +0000 2016,"@ATTCares but today, tech support says there was an issue in my building and an tech needs to come out and fix it",,,Twitter
Dallas1,32.776664,-96.796988,"208 S Akard Street, Ste 110",75202,Thu Oct 27 21:02:00 +0000 2016,@ATTCares finally getting tech to come out tomorrow. Techs were in my apt building Tuesday but blew me off &amp; said knew nothing about issue.,,,Twitter
Dallas1,32.776664,-96.796988,"208 S Akard Street, Ste 110",75202,Thu Oct 27 21:01:04 +0000 2016,"@ATTCares I asked for a tech to come out Tuesday but they swore it was the modem; it wasn't. Promised next day delivery, it wasn't",,,Twitter
Dallas1,32.776664,-96.796988,"208 S Akard Street, Ste 110",75202,Thu Oct 27 20:56:57 +0000 2016,@ATTCares 2 modems with no service,,,Twitter
Dallas1,32.776664,-96.796988,"208 S Akard Street, Ste 110",75202,Thu Oct 27 20:49:42 +0000 2016,RT @ATT: Get a sweet deal on the new iPhone 7 when you switch to AT&amp;T and have DIRECTV. https://t.co/JO08KrMKj7 https://t.co/tAcB2wPVFO,,,Twitter
Dallas1,32.776664,-96.796988,"208 S Akard Street, Ste 110",75202,Thu Oct 27 20:48:35 +0000 2016,.@ATTCares https://t.co/OnYPz3Ghii,,,Twitter
Dallas1,32.776664,-96.796988,"208 S Akard Street, Ste 110",75202,Thu Oct 27 20:48:07 +0000 2016,.@Uverse your tech support service Tuesday &amp; today has been lackluster. Will definitely be looking at all options of cancelling service.,,,Twitter
Dallas1,32.776664,-96.796988,"208 S Akard Street, Ste 110",75202,Thu Oct 27 20:30:06 +0000 2016,RT @ATT: Welcome to the team! @taylorswift13 https://t.co/4h86nLYuLo https://t.co/gAHOi7fPrZ,,,Twitter
Dallas1,32.776664,-96.796988,"208 S Akard Street, Ste 110",75202,Thu Oct 27 20:27:00 +0000 2016,RT @ATT: Welcome to the team! @taylorswift13 https://t.co/4h86nLYuLo https://t.co/gAHOi7fPrZ,,,Twitter
Dallas1,32.776664,-96.796988,"208 S Akard Street, Ste 110",75202,Thu Oct 27 20:07:17 +0000 2016,"Just wanted to let you know @ATTCares, I hope to switch to another provider ASAP bc of this. https://t.co/x7rUpdhaEb",,,Twitter
Dallas1,32.776664,-96.796988,"208 S Akard Street, Ste 110",75202,Thu Oct 27 19:59:05 +0000 2016,RT @ATT: Get a sweet deal on the new iPhone 7 when you switch to AT&amp;T and have DIRECTV. https://t.co/JO08KrMKj7 https://t.co/tAcB2wPVFO,,,Twitter
Dallas1,32.776664,-96.796988,"208 S Akard Street, Ste 110",75202,Thu Oct 27 19:54:46 +0000 2016,"RT @DecksInThePark: Get to Klyde Warren Park tonight for the Decks in the Park - Halloween Edition, Powered by @ATT The fun all starts at 6…",,,Twitter
Dallas1,32.776664,-96.796988,"208 S Akard Street, Ste 110",75202,Thu Oct 27 19:53:24 +0000 2016,"Sorry, @ATT: #FCC ruling may put an end to creepy, targeted #advertising plans https://t.co/TZ6dsf3ZGP via @dallasnews #anonymous",,,Twitter
Dallas1,32.776664,-96.796988,"208 S Akard Street, Ste 110",75202,Thu Oct 27 19:31:20 +0000 2016,"Sorry, @ATT, FCC ruling may put an end to creepy, targeted advertising plans https://t.co/3odrIP7GAK | @agarre https://t.co/fEfcSyydmL",,,Twitter
Dallas1,32.776664,-96.796988,"208 S Akard Street, Ste 110",75202,Thu Oct 27 19:26:56 +0000 2016,RT @ATT: Welcome to the team! @taylorswift13 https://t.co/4h86nLYuLo https://t.co/gAHOi7fPrZ,,,Twitter
Dallas1,32.776664,-96.796988,"208 S Akard Street, Ste 110",75202,Thu Oct 27 19:14:43 +0000 2016,RT @ATT: The #futureofvideo is mobile and the #futureofmobile is video. Time Warner + AT&amp;T make it happen! @twxcorp https://t.co/GKx4U9TQYg,,,Twitter
Dallas1,32.776664,-96.796988,"208 S Akard Street, Ste 110",75202,Thu Oct 27 19:12:50 +0000 2016,RT @ATT: Get a sweet deal on the new iPhone 7 when you switch to AT&amp;T and have DIRECTV. https://t.co/JO08KrMKj7 https://t.co/tAcB2wPVFO,,,Twitter
Dallas1,32.776664,-96.796988,"208 S Akard Street, Ste 110",75202,Thu Oct 27 19:05:47 +0000 2016,RT @ATT: Get a sweet deal on the new iPhone 7 when you switch to AT&amp;T and have DIRECTV. https://t.co/JO08KrMKj7 https://t.co/tAcB2wPVFO,,,Twitter
Dallas1,32.776664,-96.796988,"208 S Akard Street, Ste 110",75202,Thu Oct 27 19:05:09 +0000 2016,RT @ATT: Get a sweet deal on the new iPhone 7 when you switch to AT&amp;T and have DIRECTV. https://t.co/JO08KrMKj7 https://t.co/tAcB2wPVFO,,,Twitter
Dallas1,32.776664,-96.796988,"208 S Akard Street, Ste 110",75202,Thu Oct 27 16:56:23 +0000 2016,RT @ATT: Get a sweet deal on the new iPhone 7 when you switch to AT&amp;T and have DIRECTV. https://t.co/JO08KrMKj7 https://t.co/tAcB2wPVFO,,,Twitter
Dallas1,32.776664,-96.796988,"208 S Akard Street, Ste 110",75202,Thu Oct 27 16:40:04 +0000 2016,RT @Uverse: @__Eddie7 That's what we're here for! ✊,,,Twitter
Dallas1,32.776664,-96.796988,"208 S Akard Street, Ste 110",75202,Thu Oct 27 16:32:49 +0000 2016,"RT @DecksInThePark: Get to Klyde Warren Park tonight for the Decks in the Park - Halloween Edition, Powered by @ATT The fun all starts at 6…",,,Twitter
Dallas1,32.776664,-96.796988,"208 S Akard Street, Ste 110",75202,Thu Oct 27 16:26:17 +0000 2016,RT @ATT: Welcome to the team! @taylorswift13 https://t.co/4h86nLYuLo https://t.co/gAHOi7fPrZ,,,Twitter
Dallas1,32.776664,-96.796988,"208 S Akard Street, Ste 110",75202,Thu Oct 27 16:14:56 +0000 2016,@MurphysLawX @DecksInThePark @ATT you got a costume?,,,Twitter
Dallas1,32.776664,-96.796988,"208 S Akard Street, Ste 110",75202,Thu Oct 27 15:43:51 +0000 2016,"RT @DecksInThePark: Get to Klyde Warren Park tonight for the Decks in the Park - Halloween Edition, Powered by @ATT The fun all starts at 6…",,,Twitter
Dallas1,32.776664,-96.796988,"208 S Akard Street, Ste 110",75202,Thu Oct 27 15:38:56 +0000 2016,RT @ATT: Get a sweet deal on the new iPhone 7 when you switch to AT&amp;T and have DIRECTV. https://t.co/JO08KrMKj7 https://t.co/tAcB2wPVFO,,,Twitter
Dallas1,32.776664,-96.796988,"208 S Akard Street, Ste 110",75202,Thu Oct 27 15:30:05 +0000 2016,"Get to Klyde Warren Park tonight for the Decks in the Park - Halloween Edition, Powered by @ATT The fun all starts… https://t.co/k2Ahrdrs6R",,,Twitter
Dallas1,32.776664,-96.796988,"208 S Akard Street, Ste 110",75202,Thu Oct 27 15:25:02 +0000 2016,RT @ATT: Welcome to the team! @taylorswift13 https://t.co/4h86nLYuLo https://t.co/gAHOi7fPrZ,,,Twitter
Dallas1,32.776664,-96.796988,"208 S Akard Street, Ste 110",75202,Thu Oct 27 15:22:40 +0000 2016,"RT @ATT: @RealAsKENbe Hi there, we wanted to clarify - Time Warner Cable is owned by Charter Communications which is separate from Time War…",,,Twitter
Dallas1,32.776664,-96.796988,"208 S Akard Street, Ste 110",75202,Thu Oct 27 14:58:50 +0000 2016,RT @GeoffBlaine: Can't even get a gig out of @ATT GigaPower or 1000 or whatever they're calling it now. This dude's blazin'. https://t.co/I…,,,Twitter
Dallas1,32.776664,-96.796988,"208 S Akard Street, Ste 110",75202,Thu Oct 27 14:57:31 +0000 2016,Can't even get a gig out of @ATT GigaPower or 1000 or whatever they're calling it now. This dude's blazin'. https://t.co/IYD4ftJHRU,,,Twitter
Dallas1,32.776664,-96.796988,"208 S Akard Street, Ste 110",75202,Thu Oct 27 14:55:47 +0000 2016,RT @ATT: Get a sweet deal on the new iPhone 7 when you switch to AT&amp;T and have DIRECTV. https://t.co/JO08KrMKj7 https://t.co/tAcB2wPVFO,,,Twitter
Dallas1,32.776664,-96.796988,"208 S Akard Street, Ste 110",75202,Thu Oct 27 14:53:52 +0000 2016,RT @ATT: Welcome to the team! @taylorswift13 https://t.co/4h86nLYuLo https://t.co/gAHOi7fPrZ,,,Twitter
Dallas1,32.776664,-96.796988,"208 S Akard Street, Ste 110",75202,Thu Oct 27 14:05:48 +0000 2016,Sign the petition: Tell @TheJusticeDept to stop the @ATT-@TWXCorp merger https://t.co/hyI3LL7oR6 via @CREDOMobile #p2,,,Twitter
Dallas1,32.776664,-96.796988,"208 S Akard Street, Ste 110",75202,Thu Oct 27 13:31:51 +0000 2016,RT @ATT: Welcome to the team! @taylorswift13 https://t.co/4h86nLYuLo https://t.co/gAHOi7fPrZ,,,Twitter
Dallas1,32.776664,-96.796988,"208 S Akard Street, Ste 110",75202,Thu Oct 27 13:30:53 +0000 2016,RT @ATT: Welcome to the team! @taylorswift13 https://t.co/4h86nLYuLo https://t.co/gAHOi7fPrZ,,,Twitter
Dallas1,32.776664,-96.796988,"208 S Akard Street, Ste 110",75202,Thu Oct 27 13:30:30 +0000 2016,Getting a little #InspiredMobility on Social Media Sunday | @ATT https://t.co/eHImGWAwjK https://t.co/7ArWewRkcV,,,Twitter
Dallas1,32.776664,-96.796988,"208 S Akard Street, Ste 110",75202,Thu Oct 27 13:24:52 +0000 2016,RT @ATT: Welcome to the team! @taylorswift13 https://t.co/4h86nLYuLo https://t.co/gAHOi7fPrZ,,,Twitter
Dallas1,32.776664,-96.796988,"208 S Akard Street, Ste 110",75202,Thu Oct 27 13:14:33 +0000 2016,RT @ATT: Get a sweet deal on the new iPhone 7 when you switch to AT&amp;T and have DIRECTV. https://t.co/JO08KrMKj7 https://t.co/tAcB2wPVFO,,,Twitter
Dallas1,32.776664,-96.796988,"208 S Akard Street, Ste 110",75202,Thu Oct 27 12:45:32 +0000 2016,RT @ATT: Get a sweet deal on the new iPhone 7 when you switch to AT&amp;T and have DIRECTV. https://t.co/JO08KrMKj7 https://t.co/tAcB2wPVFO,,,Twitter
Dallas1,32.776664,-96.796988,"208 S Akard Street, Ste 110",75202,Thu Oct 27 12:38:37 +0000 2016,RT @ATT: Welcome to the team! @taylorswift13 https://t.co/4h86nLYuLo https://t.co/gAHOi7fPrZ,,,Twitter
Dallas1,32.776664,-96.796988,"208 S Akard Street, Ste 110",75202,Thu Oct 27 12:31:24 +0000 2016,RT @ATT: Get a sweet deal on the new iPhone 7 when you switch to AT&amp;T and have DIRECTV. https://t.co/JO08KrMKj7 https://t.co/tAcB2wPVFO,,,Twitter
Dallas1,32.776664,-96.796988,"208 S Akard Street, Ste 110",75202,Thu Oct 27 12:29:55 +0000 2016,RT @ATT: Welcome to the team! @taylorswift13 https://t.co/4h86nLYuLo https://t.co/gAHOi7fPrZ,,,Twitter
Dallas1,32.776664,-96.796988,"208 S Akard Street, Ste 110",75202,Thu Oct 27 12:29:30 +0000 2016,RT @ATT: Get a sweet deal on the new iPhone 7 when you switch to AT&amp;T and have DIRECTV. https://t.co/JO08KrMKj7 https://t.co/tAcB2wPVFO,,,Twitter
Dallas1,32.776664,-96.796988,"208 S Akard Street, Ste 110",75202,Thu Oct 27 11:47:18 +0000 2016,"RT @AnnaLDavis1: A #bitcoin powered server, #TimeWarner AND #Hemisphere? What's next @ATT, total world domination? #ATT #surveillance #mono…",,,Twitter
Dallas1,32.776664,-96.796988,"208 S Akard Street, Ste 110",75202,Thu Oct 27 11:46:51 +0000 2016,"RT @AnnaLDavis1: A #bitcoin powered server, #TimeWarner AND #Hemisphere? What's next @ATT, total world domination? #ATT #surveillance #mono…",,,Twitter
Dallas1,32.776664,-96.796988,"208 S Akard Street, Ste 110",75202,Thu Oct 27 11:36:48 +0000 2016,RT @ATT: Get a sweet deal on the new iPhone 7 when you switch to AT&amp;T and have DIRECTV. https://t.co/JO08KrMKj7 https://t.co/tAcB2wPVFO,,,Twitter
Dallas1,32.776664,-96.796988,"208 S Akard Street, Ste 110",75202,Thu Oct 27 11:24:05 +0000 2016,RT @ATT: Get a sweet deal on the new iPhone 7 when you switch to AT&amp;T and have DIRECTV. https://t.co/JO08KrMKj7 https://t.co/tAcB2wPVFO,,,Twitter
Dallas1,32.776664,-96.796988,"208 S Akard Street, Ste 110",75202,Thu Oct 27 11:20:31 +0000 2016,RT @ATT: Welcome to the team! @taylorswift13 https://t.co/4h86nLYuLo https://t.co/gAHOi7fPrZ,,,Twitter
Dallas1,32.776664,-96.796988,"208 S Akard Street, Ste 110",75202,Thu Oct 27 11:16:40 +0000 2016,The Latin America assets of @ATT could figure more prominently after Time Warner deal https://t.co/vS9caPpg8X |… https://t.co/wC2P1bslye,,,Twitter
Dallas1,32.776664,-96.796988,"208 S Akard Street, Ste 110",75202,Thu Oct 27 11:12:11 +0000 2016,RT @ATT: Get a sweet deal on the new iPhone 7 when you switch to AT&amp;T and have DIRECTV. https://t.co/JO08KrMKj7 https://t.co/tAcB2wPVFO,,,Twitter
Dallas1,32.776664,-96.796988,"208 S Akard Street, Ste 110",75202,Thu Oct 27 10:59:54 +0000 2016,RT @ATT: Get a sweet deal on the new iPhone 7 when you switch to AT&amp;T and have DIRECTV. https://t.co/JO08KrMKj7 https://t.co/tAcB2wPVFO,,,Twitter
Dallas1,32.776664,-96.796988,"208 S Akard Street, Ste 110",75202,Thu Oct 27 10:17:18 +0000 2016,RT @ATT: Welcome to the team! @taylorswift13 https://t.co/4h86nLYuLo https://t.co/gAHOi7fPrZ,,,Twitter
Dallas1,32.776664,-96.796988,"208 S Akard Street, Ste 110",75202,Thu Oct 27 09:47:19 +0000 2016,@TheOrangeCone @DIRECTV notice how others answered but @directtv didnt? Customer service yay!,,,Twitter
Dallas1,32.776664,-96.796988,"208 S Akard Street, Ste 110",75202,Thu Oct 27 09:34:21 +0000 2016,RT @ATT: Get a sweet deal on the new iPhone 7 when you switch to AT&amp;T and have DIRECTV. https://t.co/JO08KrMKj7 https://t.co/tAcB2wPVFO,,,Twitter
Dallas1,32.776664,-96.796988,"208 S Akard Street, Ste 110",75202,Thu Oct 27 09:29:23 +0000 2016,RT @ATT: Who made you a college 🏈 fan? Share with #MadeMeAFanContest for a chance to win. Rules https://t.co/hU3I3wFn5V https://t.co/seJBJK…,,,Twitter
Dallas1,32.776664,-96.796988,"208 S Akard Street, Ste 110",75202,Thu Oct 27 08:44:38 +0000 2016,RT @ATT: Welcome to the team! @taylorswift13 https://t.co/4h86nLYuLo https://t.co/gAHOi7fPrZ,,,Twitter
Dallas1,32.776664,-96.796988,"208 S Akard Street, Ste 110",75202,Thu Oct 27 08:23:01 +0000 2016,RT @ATT: Welcome to the team! @taylorswift13 https://t.co/4h86nLYuLo https://t.co/gAHOi7fPrZ,,,Twitter
Dallas1,32.776664,-96.796988,"208 S Akard Street, Ste 110",75202,Thu Oct 27 08:19:50 +0000 2016,RT @ATT: Welcome to the team! @taylorswift13 https://t.co/4h86nLYuLo https://t.co/gAHOi7fPrZ,,,Twitter
Dallas1,32.776664,-96.796988,"208 S Akard Street, Ste 110",75202,Thu Oct 27 08:19:29 +0000 2016,RT @ATT: Get a sweet deal on the new iPhone 7 when you switch to AT&amp;T and have DIRECTV. https://t.co/JO08KrMKj7 https://t.co/tAcB2wPVFO,,,Twitter
