Store,Latitude,Longitude,Address,Zip,CreatedAt,Text,Senti,Rating,Source
Dallas2,32.8111091,-96.8092962,3329 Oak Lawn Avenue,75219,Fri Oct 21 14:20:36 +0000 2016,RT @attJOBS: Curious why our employees love #LifeAtATT? Take a look: https://t.co/B7CTVa4b41 #GHC16 #ATTatGHC16 https://t.co/Var5AH1eWP,,,Twitter
Dallas2,32.8111091,-96.8092962,3329 Oak Lawn Avenue,75219,Fri Oct 21 14:16:06 +0000 2016,RT @attJOBS: Curious why our employees love #LifeAtATT? Take a look: https://t.co/B7CTVa4b41 #GHC16 #ATTatGHC16 https://t.co/Var5AH1eWP,,,Twitter
Dallas2,32.8111091,-96.8092962,3329 Oak Lawn Avenue,75219,Fri Oct 21 14:15:33 +0000 2016,RT @attJOBS: Curious why our employees love #LifeAtATT? Take a look: https://t.co/B7CTVa4b41 #GHC16 #ATTatGHC16 https://t.co/Var5AH1eWP,,,Twitter
Dallas2,32.8111091,-96.8092962,3329 Oak Lawn Avenue,75219,Fri Oct 21 14:15:03 +0000 2016,Curious why our employees love #LifeAtATT? Take a look: https://t.co/B7CTVa4b41 #GHC16 #ATTatGHC16 https://t.co/Var5AH1eWP,,,Twitter
Dallas2,32.8111091,-96.8092962,3329 Oak Lawn Avenue,75219,Fri Oct 21 14:14:59 +0000 2016,@WALKING33308699 You can always check the status of your application at https://t.co/Mmcz1mU5IM,,,Twitter
Dallas2,32.8111091,-96.8092962,3329 Oak Lawn Avenue,75219,Fri Oct 21 14:02:57 +0000 2016,What’s different about 5G than previous “G’s”? https://t.co/XlcCCSdote #attemployee https://t.co/ateRpmwCPC,,,Twitter
Dallas2,32.8111091,-96.8092962,3329 Oak Lawn Avenue,75219,Fri Oct 21 14:02:37 +0000 2016,RT @attJOBS: Last year we donated $1M to @GirlsWhoCode &amp; the future careers of women technologists everywhere! #GHC16 https://t.co/rKDF99f5…,,,Twitter
Dallas2,32.8111091,-96.8092962,3329 Oak Lawn Avenue,75219,Fri Oct 21 13:39:07 +0000 2016,RT @ATT: Welcome to the team! @taylorswift13 https://t.co/4h86nLYuLo https://t.co/gAHOi7fPrZ,,,Twitter
Dallas2,32.8111091,-96.8092962,3329 Oak Lawn Avenue,75219,Fri Oct 21 13:35:41 +0000 2016,RT @attJOBS: Last year we donated $1M to @GirlsWhoCode &amp; the future careers of women technologists everywhere! #GHC16 https://t.co/rKDF99f5…,,,Twitter
Dallas2,32.8111091,-96.8092962,3329 Oak Lawn Avenue,75219,Fri Oct 21 13:31:37 +0000 2016,Telework can provide opportunity to reduce outlays on office space &amp; other costs https://t.co/ZnDYPDPKEW #voip #attemployee,,,Twitter
Dallas2,32.8111091,-96.8092962,3329 Oak Lawn Avenue,75219,Fri Oct 21 13:28:35 +0000 2016,RT @ATT: Welcome to the team! @taylorswift13 https://t.co/4h86nLYuLo https://t.co/gAHOi7fPrZ,,,Twitter
Dallas2,32.8111091,-96.8092962,3329 Oak Lawn Avenue,75219,Fri Oct 21 13:25:08 +0000 2016,RT @ATT: Get a sweet deal on the new iPhone 7 when you switch to AT&amp;T and have DIRECTV. https://t.co/TQVeUkmeZ6 https://t.co/zfZmNpe8AP,,,Twitter
Dallas2,32.8111091,-96.8092962,3329 Oak Lawn Avenue,75219,Fri Oct 21 13:23:45 +0000 2016,Secrets of Innovation from a Top Inventor https://t.co/F2oirGLlP2 #attemployee https://t.co/07rAKK6wk9,,,Twitter
Dallas2,32.8111091,-96.8092962,3329 Oak Lawn Avenue,75219,Fri Oct 21 13:23:41 +0000 2016,AT&amp;T Employees Break Records for Stop Hunger Now #ATTimpact https://t.co/4oXSoKwDpl #attemployee https://t.co/cEDLAHMvnr,,,Twitter
Dallas2,32.8111091,-96.8092962,3329 Oak Lawn Avenue,75219,Fri Oct 21 13:23:39 +0000 2016,AT&amp;T and Ericsson demonstrate 5G network capabilities at Texas Wireless Summit https://t.co/3wt8yme7FQ #attemployee https://t.co/OpGhvPCOo3,,,Twitter
Dallas2,32.8111091,-96.8092962,3329 Oak Lawn Avenue,75219,Fri Oct 21 13:23:30 +0000 2016,AT&amp;T Along For The Ride With Red Bull Racing https://t.co/IFf0p66KsA #attemployee https://t.co/QDZyg7BcbZ,,,Twitter
Dallas2,32.8111091,-96.8092962,3329 Oak Lawn Avenue,75219,Fri Oct 21 13:23:26 +0000 2016,New #IoT Security Guidelines from the Dept of Homeland Security https://t.co/rU7Kax626Y #attemployee https://t.co/noAE3ycqHl,,,Twitter
Dallas2,32.8111091,-96.8092962,3329 Oak Lawn Avenue,75219,Fri Oct 21 13:14:12 +0000 2016,RT @ATT: Welcome to the team! @taylorswift13 https://t.co/4h86nLYuLo https://t.co/gAHOi7fPrZ,,,Twitter
Dallas2,32.8111091,-96.8092962,3329 Oak Lawn Avenue,75219,Fri Oct 21 12:46:25 +0000 2016,@junior_miller DIRECTV has an awesome pic in pic feature. You can split screen or go old school big and little. Excellent for sports watch.,,,Twitter
Dallas2,32.8111091,-96.8092962,3329 Oak Lawn Avenue,75219,Fri Oct 21 12:01:34 +0000 2016,RT @KenKalthoffNBC5: Small Dallas Arts Groups Seek Funding from Bond Referendum https://t.co/SZO0KgIfBT,,,Twitter
Dallas2,32.8111091,-96.8092962,3329 Oak Lawn Avenue,75219,Fri Oct 21 11:44:12 +0000 2016,RT @ATT: Welcome to the team! @taylorswift13 https://t.co/4h86nLYuLo https://t.co/gAHOi7fPrZ,,,Twitter
Dallas2,32.8111091,-96.8092962,3329 Oak Lawn Avenue,75219,Fri Oct 21 11:43:07 +0000 2016,RT @ATT: Welcome to the team! @taylorswift13 https://t.co/4h86nLYuLo https://t.co/gAHOi7fPrZ,,,Twitter
Dallas2,32.8111091,-96.8092962,3329 Oak Lawn Avenue,75219,Fri Oct 21 11:28:51 +0000 2016,"@dallasnews @Hearts_Science @ATT @mitchschnurman I AGREE WITH THIS ONLINE,  BUT EVERY  ONE  NEEDS  HIGH  SPEED INTERNET NOW",,,Twitter
Dallas2,32.8111091,-96.8092962,3329 Oak Lawn Avenue,75219,Fri Oct 21 11:14:39 +0000 2016,RT @attJOBS: Last year we donated $1M to @GirlsWhoCode &amp; the future careers of women technologists everywhere! #GHC16 https://t.co/rKDF99f5…,,,Twitter
Dallas2,32.8111091,-96.8092962,3329 Oak Lawn Avenue,75219,Fri Oct 21 11:14:09 +0000 2016,RT @attJOBS: Last year we donated $1M to @GirlsWhoCode &amp; the future careers of women technologists everywhere! #GHC16 https://t.co/rKDF99f5…,,,Twitter
Dallas2,32.8111091,-96.8092962,3329 Oak Lawn Avenue,75219,Fri Oct 21 11:06:55 +0000 2016,"Dallas-based @ATT, TimeWarner (@twxcorp) discussed a takeover in recent weeks https://t.co/oHHLVaAY0m  $twx $t https://t.co/ZDXbzw9cd9",,,Twitter
Dallas2,32.8111091,-96.8092962,3329 Oak Lawn Avenue,75219,Fri Oct 21 10:55:02 +0000 2016,RT @ATT: Who made you a college 🏈 fan? Share with #MadeMeAFanContest for a chance to win. Rules https://t.co/hU3I3wFn5V https://t.co/xZbxUJ…,,,Twitter
Dallas2,32.8111091,-96.8092962,3329 Oak Lawn Avenue,75219,Fri Oct 21 10:48:38 +0000 2016,RT @ATT: Get a sweet deal on the new iPhone 7 when you switch to AT&amp;T and have DIRECTV. https://t.co/TQVeUkmeZ6 https://t.co/zfZmNpe8AP,,,Twitter
Dallas2,32.8111091,-96.8092962,3329 Oak Lawn Avenue,75219,Fri Oct 21 10:14:50 +0000 2016,RT @ATT: Welcome to the team! @taylorswift13 https://t.co/4h86nLYuLo https://t.co/gAHOi7fPrZ,,,Twitter
Dallas2,32.8111091,-96.8092962,3329 Oak Lawn Avenue,75219,Fri Oct 21 10:13:50 +0000 2016,RT @ATT: Welcome to the team! @taylorswift13 https://t.co/4h86nLYuLo https://t.co/gAHOi7fPrZ,,,Twitter
Dallas2,32.8111091,-96.8092962,3329 Oak Lawn Avenue,75219,Fri Oct 21 10:03:31 +0000 2016,RT @attJOBS: Last year we donated $1M to @GirlsWhoCode &amp; the future careers of women technologists everywhere! #GHC16 https://t.co/rKDF99f5…,,,Twitter
Dallas2,32.8111091,-96.8092962,3329 Oak Lawn Avenue,75219,Fri Oct 21 09:12:56 +0000 2016,RT @ATT: Who made you a college 🏈 fan? Share with #MadeMeAFanContest for a chance to win. Rules https://t.co/hU3I3wFn5V https://t.co/xZbxUJ…,,,Twitter
Dallas2,32.8111091,-96.8092962,3329 Oak Lawn Avenue,75219,Fri Oct 21 08:55:20 +0000 2016,RT @attJOBS: Last year we donated $1M to @GirlsWhoCode &amp; the future careers of women technologists everywhere! #GHC16 https://t.co/rKDF99f5…,,,Twitter
Dallas2,32.8111091,-96.8092962,3329 Oak Lawn Avenue,75219,Fri Oct 21 08:17:13 +0000 2016,https://t.co/Lp9x8TRT9r https://t.co/bR2R9xxy74,,,Twitter
Dallas2,32.8111091,-96.8092962,3329 Oak Lawn Avenue,75219,Fri Oct 21 07:44:42 +0000 2016,RT @rjohnson1911: Wow DMs but not call to resolve and offer @sprintcare ...I am disappointed...@ATTCares has already reached out to me! #sp…,,,Twitter
Dallas2,32.8111091,-96.8092962,3329 Oak Lawn Avenue,75219,Fri Oct 21 07:19:26 +0000 2016,RT @ATT: Get a sweet deal on the new iPhone 7 when you switch to AT&amp;T and have DIRECTV. https://t.co/TQVeUkmeZ6 https://t.co/zfZmNpe8AP,,,Twitter
Dallas2,32.8111091,-96.8092962,3329 Oak Lawn Avenue,75219,Fri Oct 21 05:46:20 +0000 2016,RT @ATT: Welcome to the team! @taylorswift13 https://t.co/4h86nLYuLo https://t.co/gAHOi7fPrZ,,,Twitter
Dallas2,32.8111091,-96.8092962,3329 Oak Lawn Avenue,75219,Fri Oct 21 04:54:14 +0000 2016,RT @ATT: Welcome to the team! @taylorswift13 https://t.co/4h86nLYuLo https://t.co/gAHOi7fPrZ,,,Twitter
Dallas2,32.8111091,-96.8092962,3329 Oak Lawn Avenue,75219,Fri Oct 21 04:44:01 +0000 2016,RT @ATT: RT if you’ll be doing the time warp with Frank N. Furter and the gang tonight during @RockyHorrorFOX at 8/7 on @FOXTV. #RockyHorro…,,,Twitter
Dallas2,32.8111091,-96.8092962,3329 Oak Lawn Avenue,75219,Fri Oct 21 04:42:11 +0000 2016,RT @ATT: Welcome to the team! @taylorswift13 https://t.co/4h86nLYuLo https://t.co/gAHOi7fPrZ,,,Twitter
Dallas2,32.8111091,-96.8092962,3329 Oak Lawn Avenue,75219,Fri Oct 21 04:18:06 +0000 2016,RT @ATT: Who made you a college 🏈 fan? Share with #MadeMeAFanContest for a chance to win. Rules https://t.co/hU3I3wFn5V https://t.co/xZbxUJ…,,,Twitter
Dallas2,32.8111091,-96.8092962,3329 Oak Lawn Avenue,75219,Fri Oct 21 04:16:16 +0000 2016,RT @ATT: RT if you’ll be doing the time warp with Frank N. Furter and the gang tonight during @RockyHorrorFOX at 8/7 on @FOXTV. #RockyHorro…,,,Twitter
Dallas2,32.8111091,-96.8092962,3329 Oak Lawn Avenue,75219,Fri Oct 21 04:11:14 +0000 2016,RT @ATT: Who made you a college 🏈 fan? Share with #MadeMeAFanContest for a chance to win. Rules https://t.co/hU3I3wFn5V https://t.co/xZbxUJ…,,,Twitter
Dallas2,32.8111091,-96.8092962,3329 Oak Lawn Avenue,75219,Fri Oct 21 03:46:50 +0000 2016,RT @ATT: Get a sweet deal on the new iPhone 7 when you switch to AT&amp;T and have DIRECTV. https://t.co/TQVeUkmeZ6 https://t.co/zfZmNpe8AP,,,Twitter
Dallas2,32.8111091,-96.8092962,3329 Oak Lawn Avenue,75219,Fri Oct 21 03:43:53 +0000 2016,RT @ATT: RT if you’ll be doing the time warp with Frank N. Furter and the gang tonight during @RockyHorrorFOX at 8/7 on @FOXTV. #RockyHorro…,,,Twitter
Dallas2,32.8111091,-96.8092962,3329 Oak Lawn Avenue,75219,Fri Oct 21 03:38:33 +0000 2016,RT @ATT: Welcome to the team! @taylorswift13 https://t.co/4h86nLYuLo https://t.co/gAHOi7fPrZ,,,Twitter
Dallas2,32.8111091,-96.8092962,3329 Oak Lawn Avenue,75219,Fri Oct 21 03:38:22 +0000 2016,RT @ATT: Get a sweet deal on the new iPhone 7 when you switch to AT&amp;T and have DIRECTV. https://t.co/TQVeUkmeZ6 https://t.co/zfZmNpe8AP,,,Twitter
Dallas2,32.8111091,-96.8092962,3329 Oak Lawn Avenue,75219,Fri Oct 21 03:27:47 +0000 2016,RT @StephBloom: So @ATT SUCKS! I have lost signal on my TV 27 TIMES in 24 hours!!!! I WANT TO TALK TO A REAL PERSON! #help,,,Twitter
Dallas2,32.8111091,-96.8092962,3329 Oak Lawn Avenue,75219,Fri Oct 21 03:10:14 +0000 2016,RT @StephBloom: So @ATT SUCKS! I have lost signal on my TV 27 TIMES in 24 hours!!!! I WANT TO TALK TO A REAL PERSON! #help,,,Twitter
Dallas2,32.8111091,-96.8092962,3329 Oak Lawn Avenue,75219,Fri Oct 21 02:51:03 +0000 2016,RT @ATT: RT if you’ll be doing the time warp with Frank N. Furter and the gang tonight during @RockyHorrorFOX at 8/7 on @FOXTV. #RockyHorro…,,,Twitter
Dallas2,32.8111091,-96.8092962,3329 Oak Lawn Avenue,75219,Fri Oct 21 02:50:18 +0000 2016,RT @KenKalthoffNBC5: Small Dallas Arts Groups Seek Funding from Bond Referendum https://t.co/SZO0KgIfBT,,,Twitter
Dallas2,32.8111091,-96.8092962,3329 Oak Lawn Avenue,75219,Fri Oct 21 02:45:46 +0000 2016,RT @ATT: Welcome to the team! @taylorswift13 https://t.co/4h86nLYuLo https://t.co/gAHOi7fPrZ,,,Twitter
Dallas2,32.8111091,-96.8092962,3329 Oak Lawn Avenue,75219,Fri Oct 21 02:35:18 +0000 2016,"@marariann_ This is a special, invitation-only concert, but we’ll be giving away lots of tickets to fans and AT&amp;T customers soon.",,,Twitter
Dallas2,32.8111091,-96.8092962,3329 Oak Lawn Avenue,75219,Fri Oct 21 02:33:23 +0000 2016,"Retweeted Ken Kalthoff (@KenKalthoffNBC5):

Small Dallas Arts Groups Seek Funding from Bond Referendum... https://t.co/IIrXvi12wO",,,Twitter
Dallas2,32.8111091,-96.8092962,3329 Oak Lawn Avenue,75219,Fri Oct 21 02:33:13 +0000 2016,RT @KenKalthoffNBC5: Small Dallas Arts Groups Seek Funding from Bond Referendum https://t.co/SZO0KgIfBT,,,Twitter
Dallas2,32.8111091,-96.8092962,3329 Oak Lawn Avenue,75219,Fri Oct 21 02:30:53 +0000 2016,So @ATT SUCKS! I have lost signal on my TV 27 TIMES in 24 hours!!!! I WANT TO TALK TO A REAL PERSON! #help,,,Twitter
Dallas2,32.8111091,-96.8092962,3329 Oak Lawn Avenue,75219,Fri Oct 21 02:27:38 +0000 2016,Small Arts Groups Seek Dallas Funding After Big AT&amp;T PAC Got Theirs - NBC 5 Dallas-Fort Worth: NBC 5 Dallas-F... https://t.co/Cz9FXuhvAC,,,Twitter
Dallas2,32.8111091,-96.8092962,3329 Oak Lawn Avenue,75219,Fri Oct 21 02:15:54 +0000 2016,RT @ATT: Welcome to the team! @taylorswift13 https://t.co/4h86nLYuLo https://t.co/gAHOi7fPrZ,,,Twitter
Dallas2,32.8111091,-96.8092962,3329 Oak Lawn Avenue,75219,Fri Oct 21 02:12:51 +0000 2016,"@Beau_Walker Hey there, sorry to hear that. What happened? We'd love to help.",,,Twitter
Dallas2,32.8111091,-96.8092962,3329 Oak Lawn Avenue,75219,Fri Oct 21 02:10:09 +0000 2016,Small Dallas Arts Groups Seek Funding from Bond Referendum https://t.co/SZO0KgIfBT,,,Twitter
Dallas2,32.8111091,-96.8092962,3329 Oak Lawn Avenue,75219,Fri Oct 21 02:03:31 +0000 2016,"my reason to not use es6+ is old android browsers wont work. think about it, we can actually blame att et al for keeping javascript shitty.",,,Twitter
Dallas2,32.8111091,-96.8092962,3329 Oak Lawn Avenue,75219,Fri Oct 21 02:01:21 +0000 2016,"RT @ATTBusiness: Reliable, safer &amp; more efficient smart grids? Yes, with #IoT, our 4G LTE network and Sentient Energy. Discover how: https:…",,,Twitter
Dallas2,32.8111091,-96.8092962,3329 Oak Lawn Avenue,75219,Fri Oct 21 02:00:12 +0000 2016,RT @ATT: RT if you’ll be doing the time warp with Frank N. Furter and the gang tonight during @RockyHorrorFOX at 8/7 on @FOXTV. #RockyHorro…,,,Twitter
Dallas2,32.8111091,-96.8092962,3329 Oak Lawn Avenue,75219,Fri Oct 21 01:59:34 +0000 2016,"Bravo, @RockyHorrorFOX, Bravo!  👠👄 We're warped. #RockyHorror",,,Twitter
Dallas2,32.8111091,-96.8092962,3329 Oak Lawn Avenue,75219,Fri Oct 21 01:56:16 +0000 2016,Nobody puts Riff Raff in the corner on @RockyHorrorFox #RockyHorror 😡,,,Twitter
Dallas2,32.8111091,-96.8092962,3329 Oak Lawn Avenue,75219,Fri Oct 21 01:53:09 +0000 2016,#dallas Small Arts Groups Seek Dallas Funding After Big AT&amp;T PAC Got Theirs https://t.co/oHOUcnd9lC,,,Twitter
Dallas2,32.8111091,-96.8092962,3329 Oak Lawn Avenue,75219,Fri Oct 21 01:51:05 +0000 2016,Small Dallas Arts Groups Seek Funding from Bond Referendum https://t.co/iS7hA3IoZs #dallas https://t.co/E4nNcVPKIs,,,Twitter
Dallas2,32.8111091,-96.8092962,3329 Oak Lawn Avenue,75219,Fri Oct 21 01:49:10 +0000 2016,Frank brought it home! 💛😢 #RockyHorror,,,Twitter
Dallas2,32.8111091,-96.8092962,3329 Oak Lawn Avenue,75219,Fri Oct 21 01:43:36 +0000 2016,RT @ATT: Who made you a college 🏈 fan? Share with #MadeMeAFanContest for a chance to win. Rules https://t.co/hU3I3wFn5V https://t.co/xZbxUJ…,,,Twitter
Dallas2,32.8111091,-96.8092962,3329 Oak Lawn Avenue,75219,Fri Oct 21 01:41:23 +0000 2016,RT @ATT: Get a sweet deal on the new iPhone 7 when you switch to AT&amp;T and have DIRECTV. https://t.co/TQVeUkmeZ6 https://t.co/zfZmNpe8AP,,,Twitter
Dallas2,32.8111091,-96.8092962,3329 Oak Lawn Avenue,75219,Fri Oct 21 01:35:32 +0000 2016,Brad sure does look good in 👠👠 #RockyHorror 😉,,,Twitter
Dallas2,32.8111091,-96.8092962,3329 Oak Lawn Avenue,75219,Fri Oct 21 01:34:19 +0000 2016,"@Towns_Tyler What's going on, Tyler? We'd love to help.",,,Twitter
Dallas2,32.8111091,-96.8092962,3329 Oak Lawn Avenue,75219,Fri Oct 21 01:31:32 +0000 2016,RT @ATT: Welcome to the team! @taylorswift13 https://t.co/4h86nLYuLo https://t.co/gAHOi7fPrZ,,,Twitter
Dallas2,32.8111091,-96.8092962,3329 Oak Lawn Avenue,75219,Fri Oct 21 01:28:42 +0000 2016,RT @Uverse: Who else is watching The #RockyHorrorPictureShowLIVE on @FOX? Tweet along as we do the ⏰ warp again. https://t.co/0Sztr7Ehil,,,Twitter
Dallas2,32.8111091,-96.8092962,3329 Oak Lawn Avenue,75219,Fri Oct 21 01:27:46 +0000 2016,Clothes optional? Who wore it best on @RockyHorrorFox? #RockyHorror 👠👄,,,Twitter
Dallas2,32.8111091,-96.8092962,3329 Oak Lawn Avenue,75219,Fri Oct 21 01:22:06 +0000 2016,@MelEarl372 @ATT @TMobile Oh interesting. I've had a decent experience @verizon but I'm listening. 👂🏻👂🏻,,,Twitter
Dallas2,32.8111091,-96.8092962,3329 Oak Lawn Avenue,75219,Fri Oct 21 01:19:39 +0000 2016,MEAT. 🍖 It's what for dinner on @RockyHorrorFOX. #RockyHorror,,,Twitter
Dallas2,32.8111091,-96.8092962,3329 Oak Lawn Avenue,75219,Fri Oct 21 01:18:35 +0000 2016,Small Arts Groups Seek Dallas Funding After Big AT&amp;T PAC Got Theirs - NBC 5 Dallas-Fort Worth: NBC 5 Dallas-F... https://t.co/5GP6C3WriJ,,,Twitter
Dallas2,32.8111091,-96.8092962,3329 Oak Lawn Avenue,75219,Fri Oct 21 01:11:56 +0000 2016,RT @ATT: RT if you’ll be doing the time warp with Frank N. Furter and the gang tonight during @RockyHorrorFOX at 8/7 on @FOXTV. #RockyHorro…,,,Twitter
Dallas2,32.8111091,-96.8092962,3329 Oak Lawn Avenue,75219,Fri Oct 21 01:10:30 +0000 2016,"RT @JeromyABailey: Hey @verizon, when are we going to unlimited data so I don't have to switch to @ATT?",,,Twitter
Dallas2,32.8111091,-96.8092962,3329 Oak Lawn Avenue,75219,Fri Oct 21 01:09:41 +0000 2016,Sing it Janet! 🎵Touch A Touch A Touch A Touch Me🎵👅 #RockyHorror,,,Twitter
Dallas2,32.8111091,-96.8092962,3329 Oak Lawn Avenue,75219,Fri Oct 21 01:09:28 +0000 2016,RT @ATT: Get a sweet deal on the new iPhone 7 when you switch to AT&amp;T and have DIRECTV. https://t.co/TQVeUkmeZ6 https://t.co/zfZmNpe8AP,,,Twitter
Dallas2,32.8111091,-96.8092962,3329 Oak Lawn Avenue,75219,Fri Oct 21 01:08:50 +0000 2016,"Hey @verizon, when are we going to unlimited data so I don't have to switch to @ATT?",,,Twitter
Dallas2,32.8111091,-96.8092962,3329 Oak Lawn Avenue,75219,Fri Oct 21 01:04:17 +0000 2016,RT @ATT: RT if you’ll be doing the time warp with Frank N. Furter and the gang tonight during @RockyHorrorFOX at 8/7 on @FOXTV. #RockyHorro…,,,Twitter
Dallas2,32.8111091,-96.8092962,3329 Oak Lawn Avenue,75219,Fri Oct 21 01:01:59 +0000 2016,RT @attJOBS: Last year we donated $1M to @GirlsWhoCode &amp; the future careers of women technologists everywhere! #GHC16 https://t.co/rKDF99f5…,,,Twitter
Dallas2,32.8111091,-96.8092962,3329 Oak Lawn Avenue,75219,Fri Oct 21 01:00:49 +0000 2016,Things are getting steamy on @RockyHorrorFox and we don't hate it. #RockyHorror 😏,,,Twitter
Dallas2,32.8111091,-96.8092962,3329 Oak Lawn Avenue,75219,Fri Oct 21 00:59:32 +0000 2016,RT @ATT: Welcome to the team! @taylorswift13 https://t.co/4h86nLYuLo https://t.co/gAHOi7fPrZ,,,Twitter
Dallas2,32.8111091,-96.8092962,3329 Oak Lawn Avenue,75219,Fri Oct 21 00:51:21 +0000 2016,Currently swooning over Eddie. We really love his rock n roll! 🏍😍 #RockyHorror,,,Twitter
Dallas2,32.8111091,-96.8092962,3329 Oak Lawn Avenue,75219,Fri Oct 21 00:44:39 +0000 2016,How many more days before #AT&amp;T @ATTCares gets #home #Internet service working again?  Keep getting runaround when I call. #CustomerService,,,Twitter
Dallas2,32.8111091,-96.8092962,3329 Oak Lawn Avenue,75219,Fri Oct 21 00:39:35 +0000 2016,Sha la la la 🎶 #RockyHorror https://t.co/W813kv2gh0,,,Twitter
Dallas2,32.8111091,-96.8092962,3329 Oak Lawn Avenue,75219,Fri Oct 21 00:39:22 +0000 2016,RT @ATT: RT if you’ll be doing the time warp with Frank N. Furter and the gang tonight during @RockyHorrorFOX at 8/7 on @FOXTV. #RockyHorro…,,,Twitter
Dallas2,32.8111091,-96.8092962,3329 Oak Lawn Avenue,75219,Fri Oct 21 00:38:37 +0000 2016,RT @ATT: Who made you a college 🏈 fan? Share with #MadeMeAFanContest for a chance to win. Rules https://t.co/hU3I3wFn5V https://t.co/xZbxUJ…,,,Twitter
Dallas2,32.8111091,-96.8092962,3329 Oak Lawn Avenue,75219,Fri Oct 21 00:37:20 +0000 2016,"""Do you have any tattoos Brad? Certainly not."" #RockyHorror 👄 https://t.co/6HGlmiD9lK",,,Twitter
Dallas2,32.8111091,-96.8092962,3329 Oak Lawn Avenue,75219,Fri Oct 21 00:31:55 +0000 2016,RT @ATT: RT if you’ll be doing the time warp with Frank N. Furter and the gang tonight during @RockyHorrorFOX at 8/7 on @FOXTV. #RockyHorro…,,,Twitter
Dallas2,32.8111091,-96.8092962,3329 Oak Lawn Avenue,75219,Fri Oct 21 00:26:30 +0000 2016,Dr. Frank N. Furter has arrived and she is F.I.E.R.C.E. #RockyHorror 👄👠,,,Twitter
Dallas2,32.8111091,-96.8092962,3329 Oak Lawn Avenue,75219,Fri Oct 21 00:22:12 +0000 2016,RT if you're on your feet doing the time warp! It's just a jump to the left. #RockyHorror,,,Twitter
Dallas2,32.8111091,-96.8092962,3329 Oak Lawn Avenue,75219,Fri Oct 21 00:17:09 +0000 2016,RT @attJOBS: Last year we donated $1M to @GirlsWhoCode &amp; the future careers of women technologists everywhere! #GHC16 https://t.co/rKDF99f5…,,,Twitter
Dallas2,32.8111091,-96.8092962,3329 Oak Lawn Avenue,75219,Fri Oct 21 00:10:37 +0000 2016,Small Dallas Arts Groups Seek Funding from Bond Referendum: Smaller Dallas Arts groups have a big wish list a... https://t.co/CDIeSOssrl,,,Twitter
Dallas2,32.8111091,-96.8092962,3329 Oak Lawn Avenue,75219,Fri Oct 21 00:10:22 +0000 2016,Oh Brad! #RockyHorror https://t.co/tqNGljYdMU,,,Twitter
