Store,Latitude,Longitude,Address,Zip,CreatedAt,Text,Senti,Rating,Source
Dallas17,32.739229,-96.682466,1530 S Buckner Blvd,75217,Sun Oct 23 18:37:45 +0000 2016,What AT&amp;T's Time Warner deal means for Verizon - https://t.co/a9rQtCxz7U,,,Twitter
Dallas17,32.739229,-96.682466,1530 S Buckner Blvd,75217,Sun Oct 23 18:37:45 +0000 2016,What AT&amp;T's Time Warner deal means for Verizon - https://t.co/ZioPWOVeC2,,,Twitter
Dallas17,32.739229,-96.682466,1530 S Buckner Blvd,75217,Sun Oct 23 18:36:37 +0000 2016,"How the AT&amp;T-Time Warner deal changes the TV, mobile landscapes
https://t.co/wTzZ5Vhr0O",,,Twitter
Dallas17,32.739229,-96.682466,1530 S Buckner Blvd,75217,Sun Oct 23 18:34:57 +0000 2016,RT @ATT: The #futureofvideo is mobile and the #futureofmobile is video. Time Warner + AT&amp;T make it happen! @twxcorp https://t.co/GKx4U9TQYg,,,Twitter
Dallas17,32.739229,-96.682466,1530 S Buckner Blvd,75217,Sun Oct 23 18:34:37 +0000 2016,"RT @dallasnews: Trump gets litigious, AT&amp;T gets bigger, @TomiLahren wins bigly: Your weekend news digest https://t.co/tjOy7OJCri https://t.…",,,Twitter
Dallas17,32.739229,-96.682466,1530 S Buckner Blvd,75217,Sun Oct 23 18:34:14 +0000 2016,"RT @dallasnews: Trump gets litigious, AT&amp;T gets bigger, @TomiLahren wins bigly: Your weekend news digest https://t.co/tjOy7OJCri https://t.…",,,Twitter
Dallas17,32.739229,-96.682466,1530 S Buckner Blvd,75217,Sun Oct 23 18:31:29 +0000 2016,RT @ATT: Welcome to the team! @taylorswift13 https://t.co/4h86nLYuLo https://t.co/gAHOi7fPrZ,,,Twitter
Dallas17,32.739229,-96.682466,1530 S Buckner Blvd,75217,Sun Oct 23 18:28:14 +0000 2016,Huge Stadium Club expects that fans with a taste for the Cowboys won't leave it feeling empty https://t.co/nGAFecJQhR #DFW,,,Twitter
Dallas17,32.739229,-96.682466,1530 S Buckner Blvd,75217,Sun Oct 23 18:27:05 +0000 2016,RT @ATT: The #futureofvideo is mobile and the #futureofmobile is video. Time Warner + AT&amp;T make it happen! @twxcorp https://t.co/GKx4U9TQYg,,,Twitter
Dallas17,32.739229,-96.682466,1530 S Buckner Blvd,75217,Sun Oct 23 18:26:42 +0000 2016,RT @ATT: The #futureofvideo is mobile and the #futureofmobile is video. Time Warner + AT&amp;T make it happen! @twxcorp https://t.co/GKx4U9TQYg,,,Twitter
Dallas17,32.739229,-96.682466,1530 S Buckner Blvd,75217,Sun Oct 23 18:25:47 +0000 2016,RT @ATT: The #futureofvideo is mobile and the #futureofmobile is video. Time Warner + AT&amp;T make it happen! @twxcorp https://t.co/GKx4U9TQYg,,,Twitter
Dallas17,32.739229,-96.682466,1530 S Buckner Blvd,75217,Sun Oct 23 18:24:51 +0000 2016,"RT @dallasnews: Trump gets litigious, AT&amp;T gets bigger, @TomiLahren wins bigly: Your weekend news digest https://t.co/tjOy7OJCri https://t.…",,,Twitter
Dallas17,32.739229,-96.682466,1530 S Buckner Blvd,75217,Sun Oct 23 18:18:24 +0000 2016,"RT @dallasnews: New media agency @Hearts_Science lands @ATT, opens shop in Dallas and plans to employ 100 people https://t.co/f5bPR9R5EQ @m…",,,Twitter
Dallas17,32.739229,-96.682466,1530 S Buckner Blvd,75217,Sun Oct 23 18:18:01 +0000 2016,@DK0021 @TWC @ATT and fuck time warner lol,,,Twitter
Dallas17,32.739229,-96.682466,1530 S Buckner Blvd,75217,Sun Oct 23 18:17:43 +0000 2016,@DK0021 @TWC @ATT ive had att uverse for a bit now. I came from fios but uverse is pretty good so far,,,Twitter
Dallas17,32.739229,-96.682466,1530 S Buckner Blvd,75217,Sun Oct 23 18:15:42 +0000 2016,"New media agency @Hearts_Science lands @ATT, opens shop in Dallas and plans to employ 100 people… https://t.co/ZhNktrU4U7",,,Twitter
Dallas17,32.739229,-96.682466,1530 S Buckner Blvd,75217,Sun Oct 23 18:13:53 +0000 2016,RT @dallasnews: Luke Bryan shimmies and shines during 'Kill the Lights' tour at AT&amp;T Stadium on Saturday https://t.co/OltIElsT2s,,,Twitter
Dallas17,32.739229,-96.682466,1530 S Buckner Blvd,75217,Sun Oct 23 18:11:56 +0000 2016,RT @Mike_Rawlings: I’m excited for Dallas-based AT&amp;T and hopeful that this merger will lead to great benefits for its employees and... http…,,,Twitter
Dallas17,32.739229,-96.682466,1530 S Buckner Blvd,75217,Sun Oct 23 18:11:02 +0000 2016,What The $85 Billion AT&amp;T-Time Warner Deal Means For Consumers | https://t.co/EhOCtvWopi,,,Twitter
Dallas17,32.739229,-96.682466,1530 S Buckner Blvd,75217,Sun Oct 23 18:10:57 +0000 2016,That's apparent - had to cut my Uverse after increases/fees and service issues https://t.co/27mYaygsiz,,,Twitter
Dallas17,32.739229,-96.682466,1530 S Buckner Blvd,75217,Sun Oct 23 18:09:20 +0000 2016,RT @attJOBS: Hear from Kristin how our Business Sales Leadership Development Program led to her successful career: https://t.co/aitAtDInv5…,,,Twitter
Dallas17,32.739229,-96.682466,1530 S Buckner Blvd,75217,Sun Oct 23 18:04:20 +0000 2016,"RT @dallasnews: Trump gets litigious, AT&amp;T gets bigger, @TomiLahren wins bigly: Your weekend news digest https://t.co/tjOy7OJCri https://t.…",,,Twitter
Dallas17,32.739229,-96.682466,1530 S Buckner Blvd,75217,Sun Oct 23 18:01:40 +0000 2016,"RT @dallasnews: Trump gets litigious, AT&amp;T gets bigger, @TomiLahren wins bigly: Your weekend news digest https://t.co/tjOy7OJCri https://t.…",,,Twitter
Dallas17,32.739229,-96.682466,1530 S Buckner Blvd,75217,Sun Oct 23 18:01:33 +0000 2016,Where Verizon stands https://t.co/5KMmcNV85T,,,Twitter
Dallas17,32.739229,-96.682466,1530 S Buckner Blvd,75217,Sun Oct 23 17:52:40 +0000 2016,"RT @dallasnews: Trump gets litigious, AT&amp;T gets bigger, @TomiLahren wins bigly: Your weekend news digest https://t.co/tjOy7OJCri https://t.…",,,Twitter
Dallas17,32.739229,-96.682466,1530 S Buckner Blvd,75217,Sun Oct 23 17:46:56 +0000 2016,RT @Mike_Rawlings: I’m excited for Dallas-based AT&amp;T and hopeful that this merger will lead to great benefits for its employees and... http…,,,Twitter
Dallas17,32.739229,-96.682466,1530 S Buckner Blvd,75217,Sun Oct 23 17:46:39 +0000 2016,RT @RickTweetTweet: Breaking News!!! AT&amp;T to Acquire Time Warner! My family just got bigger! #LifeAtATT  #TimeWarner https://t.co/RUAJa5ciO…,,,Twitter
Dallas17,32.739229,-96.682466,1530 S Buckner Blvd,75217,Sun Oct 23 17:43:28 +0000 2016,RT @ATT: The #futureofvideo is mobile and the #futureofmobile is video. Time Warner + AT&amp;T make it happen! @twxcorp https://t.co/GKx4U9TQYg,,,Twitter
Dallas17,32.739229,-96.682466,1530 S Buckner Blvd,75217,Sun Oct 23 17:40:24 +0000 2016,Every few decades a new generation enters the workforce &amp; tends to shake things up https://t.co/nrmXqjKfQV #ucoms #attemployee,,,Twitter
Dallas17,32.739229,-96.682466,1530 S Buckner Blvd,75217,Sun Oct 23 17:39:44 +0000 2016,"RT @dallasnews: Trump gets litigious, AT&amp;T gets bigger, @TomiLahren wins bigly: Your weekend news digest https://t.co/tjOy7OJCri https://t.…",,,Twitter
Dallas17,32.739229,-96.682466,1530 S Buckner Blvd,75217,Sun Oct 23 17:38:44 +0000 2016,Excited about your collaboration w @ATT introducing first nationwide Brackets For Good tourney! #BFGUSA @BracketsForGood 🏀@UnitedWayDallas,,,Twitter
Dallas17,32.739229,-96.682466,1530 S Buckner Blvd,75217,Sun Oct 23 17:34:53 +0000 2016,"RT @dallasnews: Trump gets litigious, AT&amp;T gets bigger, @TomiLahren wins bigly: Your weekend news digest https://t.co/tjOy7OJCri https://t.…",,,Twitter
Dallas17,32.739229,-96.682466,1530 S Buckner Blvd,75217,Sun Oct 23 17:34:02 +0000 2016,RT @ATT: Welcome to the team! @taylorswift13 https://t.co/4h86nLYuLo https://t.co/gAHOi7fPrZ,,,Twitter
Dallas17,32.739229,-96.682466,1530 S Buckner Blvd,75217,Sun Oct 23 17:33:50 +0000 2016,"RT @dallasnews: Trump gets litigious, AT&amp;T gets bigger, @TomiLahren wins bigly: Your weekend news digest https://t.co/tjOy7OJCri https://t.…",,,Twitter
Dallas17,32.739229,-96.682466,1530 S Buckner Blvd,75217,Sun Oct 23 17:30:40 +0000 2016,RT @dallasnews: Luke Bryan shimmies and shines during 'Kill the Lights' tour at AT&amp;T Stadium on Saturday https://t.co/OltIElsT2s,,,Twitter
Dallas17,32.739229,-96.682466,1530 S Buckner Blvd,75217,Sun Oct 23 17:27:34 +0000 2016,RT @ATT: Welcome to the team! @taylorswift13 https://t.co/4h86nLYuLo https://t.co/gAHOi7fPrZ,,,Twitter
Dallas17,32.739229,-96.682466,1530 S Buckner Blvd,75217,Sun Oct 23 17:22:22 +0000 2016,"RT @dallasnews: Trump gets litigious, AT&amp;T gets bigger, @TomiLahren wins bigly: Your weekend news digest https://t.co/tjOy7OJCri https://t.…",,,Twitter
Dallas17,32.739229,-96.682466,1530 S Buckner Blvd,75217,Sun Oct 23 17:21:51 +0000 2016,RT @ATT: The #futureofvideo is mobile and the #futureofmobile is video. Time Warner + AT&amp;T make it happen! @twxcorp https://t.co/GKx4U9TQYg,,,Twitter
Dallas17,32.739229,-96.682466,1530 S Buckner Blvd,75217,Sun Oct 23 17:21:27 +0000 2016,"RT @dallasnews: Trump gets litigious, AT&amp;T gets bigger, @TomiLahren wins bigly: Your weekend news digest https://t.co/tjOy7OJCri https://t.…",,,Twitter
Dallas17,32.739229,-96.682466,1530 S Buckner Blvd,75217,Sun Oct 23 17:21:06 +0000 2016,"RT @dallasnews: Trump gets litigious, AT&amp;T gets bigger, @TomiLahren wins bigly: Your weekend news digest https://t.co/tjOy7OJCri https://t.…",,,Twitter
Dallas17,32.739229,-96.682466,1530 S Buckner Blvd,75217,Sun Oct 23 17:20:12 +0000 2016,RT @ATT: The #futureofvideo is mobile and the #futureofmobile is video. Time Warner + AT&amp;T make it happen! @twxcorp https://t.co/GKx4U9TQYg,,,Twitter
Dallas17,32.739229,-96.682466,1530 S Buckner Blvd,75217,Sun Oct 23 17:19:29 +0000 2016,121.80 Download 29.3 Upload. I won't get this with @ATT  https://t.co/Anlh4ywdw9 #speedtest #Time Warner Cable via @openspeedtest,,,Twitter
Dallas17,32.739229,-96.682466,1530 S Buckner Blvd,75217,Sun Oct 23 17:17:06 +0000 2016,"Trump gets litigious, AT&amp;T gets bigger, Tomi Lahren wins bigly: Your weekend news digest https://t.co/fI8tzK6bSU",,,Twitter
Dallas17,32.739229,-96.682466,1530 S Buckner Blvd,75217,Sun Oct 23 17:15:52 +0000 2016,"RT @dallasnews: Trump gets litigious, AT&amp;T gets bigger, @TomiLahren wins bigly: Your weekend news digest https://t.co/tjOy7OJCri https://t.…",,,Twitter
Dallas17,32.739229,-96.682466,1530 S Buckner Blvd,75217,Sun Oct 23 17:14:34 +0000 2016,"RT @dallasnews: Trump gets litigious, AT&amp;T gets bigger, @TomiLahren wins bigly: Your weekend news digest https://t.co/tjOy7OJCri https://t.…",,,Twitter
Dallas17,32.739229,-96.682466,1530 S Buckner Blvd,75217,Sun Oct 23 17:14:13 +0000 2016,"RT @dallasnews: Trump gets litigious, AT&amp;T gets bigger, @TomiLahren wins bigly: Your weekend news digest https://t.co/tjOy7OJCri https://t.…",,,Twitter
Dallas17,32.739229,-96.682466,1530 S Buckner Blvd,75217,Sun Oct 23 17:13:40 +0000 2016,RT @ATT: The #futureofvideo is mobile and the #futureofmobile is video. Time Warner + AT&amp;T make it happen! @twxcorp https://t.co/GKx4U9TQYg,,,Twitter
Dallas17,32.739229,-96.682466,1530 S Buckner Blvd,75217,Sun Oct 23 17:11:36 +0000 2016,"RT @ATT: Some people may wait a lifetime, but you don't have to. On 11/2-3, AT&amp;T customers can buy @kelly_clarkson tix early. https://t.co/…",,,Twitter
Dallas17,32.739229,-96.682466,1530 S Buckner Blvd,75217,Sun Oct 23 17:11:08 +0000 2016,"RT @dallasnews: Trump gets litigious, AT&amp;T gets bigger, @TomiLahren wins bigly: Your weekend news digest https://t.co/tjOy7OJCri https://t.…",,,Twitter
Dallas17,32.739229,-96.682466,1530 S Buckner Blvd,75217,Sun Oct 23 17:11:07 +0000 2016,"RT @dallasnews: Trump gets litigious, AT&amp;T gets bigger, @TomiLahren wins bigly: Your weekend news digest https://t.co/tjOy7OJCri https://t.…",,,Twitter
Dallas17,32.739229,-96.682466,1530 S Buckner Blvd,75217,Sun Oct 23 17:11:00 +0000 2016,AT&amp;T GoesFrom 'Dumb Pipe'To Media Giant With $85 Billion Time Warner Deal | https://t.co/IrXqRRB1Lg,,,Twitter
Dallas17,32.739229,-96.682466,1530 S Buckner Blvd,75217,Sun Oct 23 17:10:35 +0000 2016,"AT&amp;T, Time Warner deal faces tough regulatory fight https://t.co/qA57KvYdMQ #tech",,,Twitter
Dallas17,32.739229,-96.682466,1530 S Buckner Blvd,75217,Sun Oct 23 17:10:14 +0000 2016,"AT&amp;T’s new streaming service, DirecTV Now, just got a lot more interesting  https://t.co/lEKDuMcl71",,,Twitter
Dallas17,32.739229,-96.682466,1530 S Buckner Blvd,75217,Sun Oct 23 17:09:56 +0000 2016,"RT @dallasnews: Trump gets litigious, AT&amp;T gets bigger, @TomiLahren wins bigly: Your weekend news digest https://t.co/tjOy7OJCri https://t.…",,,Twitter
Dallas17,32.739229,-96.682466,1530 S Buckner Blvd,75217,Sun Oct 23 17:09:41 +0000 2016,"RT @dallasnews: Trump gets litigious, AT&amp;T gets bigger, @TomiLahren wins bigly: Your weekend news digest https://t.co/tjOy7OJCri https://t.…",,,Twitter
Dallas17,32.739229,-96.682466,1530 S Buckner Blvd,75217,Sun Oct 23 17:09:39 +0000 2016,RT @ATT: The #futureofvideo is mobile and the #futureofmobile is video. Time Warner + AT&amp;T make it happen! @twxcorp https://t.co/GKx4U9TQYg,,,Twitter
Dallas17,32.739229,-96.682466,1530 S Buckner Blvd,75217,Sun Oct 23 17:08:59 +0000 2016,There goes my excellent internet service. @ATT is horrible: AT&amp;T seeks to buy Time Warner for nearly $86bn - https://t.co/muPvqHM10M,,,Twitter
Dallas17,32.739229,-96.682466,1530 S Buckner Blvd,75217,Sun Oct 23 17:07:32 +0000 2016,RT @RickTweetTweet: Breaking News!!! AT&amp;T to Acquire Time Warner! My family just got bigger! #LifeAtATT  #TimeWarner https://t.co/RUAJa5ciO…,,,Twitter
Dallas17,32.739229,-96.682466,1530 S Buckner Blvd,75217,Sun Oct 23 17:07:19 +0000 2016,RT @ATT: The #futureofvideo is mobile and the #futureofmobile is video. Time Warner + AT&amp;T make it happen! @twxcorp https://t.co/GKx4U9TQYg,,,Twitter
Dallas17,32.739229,-96.682466,1530 S Buckner Blvd,75217,Sun Oct 23 17:06:57 +0000 2016,"RT @dallasnews: Trump gets litigious, AT&amp;T gets bigger, @TomiLahren wins bigly: Your weekend news digest https://t.co/tjOy7OJCri https://t.…",,,Twitter
Dallas17,32.739229,-96.682466,1530 S Buckner Blvd,75217,Sun Oct 23 17:02:03 +0000 2016,"RT @dallasnews: Trump gets litigious, AT&amp;T gets bigger, @TomiLahren wins bigly: Your weekend news digest https://t.co/tjOy7OJCri https://t.…",,,Twitter
Dallas17,32.739229,-96.682466,1530 S Buckner Blvd,75217,Sun Oct 23 17:01:38 +0000 2016,RT @ATT: The #futureofvideo is mobile and the #futureofmobile is video. Time Warner + AT&amp;T make it happen! @twxcorp https://t.co/GKx4U9TQYg,,,Twitter
Dallas17,32.739229,-96.682466,1530 S Buckner Blvd,75217,Sun Oct 23 17:00:15 +0000 2016,RT @ATT: Welcome to the team! @taylorswift13 https://t.co/4h86nLYuLo https://t.co/gAHOi7fPrZ,,,Twitter
Dallas17,32.739229,-96.682466,1530 S Buckner Blvd,75217,Sun Oct 23 16:59:45 +0000 2016,"RT @dallasnews: Trump gets litigious, AT&amp;T gets bigger, @TomiLahren wins bigly: Your weekend news digest https://t.co/tjOy7OJCri https://t.…",,,Twitter
Dallas17,32.739229,-96.682466,1530 S Buckner Blvd,75217,Sun Oct 23 16:59:44 +0000 2016,"RT @dallasnews: Trump gets litigious, AT&amp;T gets bigger, @TomiLahren wins bigly: Your weekend news digest https://t.co/tjOy7OJCri https://t.…",,,Twitter
Dallas17,32.739229,-96.682466,1530 S Buckner Blvd,75217,Sun Oct 23 16:59:02 +0000 2016,"Wow, somebody getting paid. AT&amp;T acquires Time Warner in media mega-deal.  https://t.co/x78JpZuUvS",,,Twitter
Dallas17,32.739229,-96.682466,1530 S Buckner Blvd,75217,Sun Oct 23 16:58:55 +0000 2016,RT @Mike_Rawlings: I’m excited for Dallas-based AT&amp;T and hopeful that this merger will lead to great benefits for its employees and... http…,,,Twitter
Dallas17,32.739229,-96.682466,1530 S Buckner Blvd,75217,Sun Oct 23 16:56:30 +0000 2016,"RT @dallasnews: Trump gets litigious, AT&amp;T gets bigger, @TomiLahren wins bigly: Your weekend news digest https://t.co/tjOy7OJCri https://t.…",,,Twitter
Dallas17,32.739229,-96.682466,1530 S Buckner Blvd,75217,Sun Oct 23 16:56:02 +0000 2016,"Japan suicide bomber, Trump's lawsuits, AT&amp;T buys Time Warner: Your weekend digest https://t.co/aK2SH2gwwB https://t.co/i7PpzTDzDr",,,Twitter
Dallas17,32.739229,-96.682466,1530 S Buckner Blvd,75217,Sun Oct 23 16:54:20 +0000 2016,When you read a #googlesurvey about a @ATT store and you know who the customer is talking about specifically… https://t.co/kLBxNJxHp2,,,Twitter
Dallas17,32.739229,-96.682466,1530 S Buckner Blvd,75217,Sun Oct 23 16:54:19 +0000 2016,RT @dallasnews: Luke Bryan shimmies and shines during 'Kill the Lights' tour at AT&amp;T Stadium on Saturday https://t.co/OltIElsT2s,,,Twitter
Dallas17,32.739229,-96.682466,1530 S Buckner Blvd,75217,Sun Oct 23 16:54:00 +0000 2016,"RT @dallasnews: Trump gets litigious, AT&amp;T gets bigger, @TomiLahren wins bigly: Your weekend news digest https://t.co/tjOy7OJCri https://t.…",,,Twitter
Dallas17,32.739229,-96.682466,1530 S Buckner Blvd,75217,Sun Oct 23 16:52:35 +0000 2016,"RT @dallasnews: Trump gets litigious, AT&amp;T gets bigger, @TomiLahren wins bigly: Your weekend news digest https://t.co/tjOy7OJCri https://t.…",,,Twitter
Dallas17,32.739229,-96.682466,1530 S Buckner Blvd,75217,Sun Oct 23 16:51:52 +0000 2016,"RT @dallasnews: Trump gets litigious, AT&amp;T gets bigger, @TomiLahren wins bigly: Your weekend news digest https://t.co/tjOy7OJCri https://t.…",,,Twitter
Dallas17,32.739229,-96.682466,1530 S Buckner Blvd,75217,Sun Oct 23 16:51:12 +0000 2016,RT @ATT: Who made you a college 🏈 fan? Share with #MadeMeAFanContest for a chance to win. Rules https://t.co/hU3I3wFn5V https://t.co/xZbxUJ…,,,Twitter
Dallas17,32.739229,-96.682466,1530 S Buckner Blvd,75217,Sun Oct 23 16:50:57 +0000 2016,"RT @dallasnews: Trump gets litigious, AT&amp;T gets bigger, @TomiLahren wins bigly: Your weekend news digest https://t.co/tjOy7OJCri https://t.…",,,Twitter
Dallas17,32.739229,-96.682466,1530 S Buckner Blvd,75217,Sun Oct 23 16:50:22 +0000 2016,Luke Bryan shimmies and shines during 'Kill the Lights' tour at AT&amp;T Stadium on Saturday https://t.co/OltIElsT2s,,,Twitter
Dallas17,32.739229,-96.682466,1530 S Buckner Blvd,75217,Sun Oct 23 16:46:31 +0000 2016,RT @ATT: Get a sweet deal on the new iPhone 7 when you switch to AT&amp;T and have DIRECTV. https://t.co/TQVeUkmeZ6 https://t.co/zfZmNpe8AP,,,Twitter
Dallas17,32.739229,-96.682466,1530 S Buckner Blvd,75217,Sun Oct 23 16:46:30 +0000 2016,RT @ATT: Welcome to the team! @taylorswift13 https://t.co/4h86nLYuLo https://t.co/gAHOi7fPrZ,,,Twitter
Dallas17,32.739229,-96.682466,1530 S Buckner Blvd,75217,Sun Oct 23 16:46:22 +0000 2016,"RT @dallasnews: Trump gets litigious, AT&amp;T gets bigger, @TomiLahren wins bigly: Your weekend news digest https://t.co/tjOy7OJCri https://t.…",,,Twitter
Dallas17,32.739229,-96.682466,1530 S Buckner Blvd,75217,Sun Oct 23 16:45:58 +0000 2016,Wall Street has stepped up with $40 billion to help AT https://t.co/gH8fJziIq9 via @clusterstock,,,Twitter
Dallas17,32.739229,-96.682466,1530 S Buckner Blvd,75217,Sun Oct 23 16:45:34 +0000 2016,RT @ATT: The #futureofvideo is mobile and the #futureofmobile is video. Time Warner + AT&amp;T make it happen! @twxcorp https://t.co/GKx4U9TQYg,,,Twitter
Dallas17,32.739229,-96.682466,1530 S Buckner Blvd,75217,Sun Oct 23 16:45:09 +0000 2016,RT @ATT: The #futureofvideo is mobile and the #futureofmobile is video. Time Warner + AT&amp;T make it happen! @twxcorp https://t.co/GKx4U9TQYg,,,Twitter
Dallas17,32.739229,-96.682466,1530 S Buckner Blvd,75217,Sun Oct 23 16:44:56 +0000 2016,Does AT&amp;T have a mission statement for sports? https://t.co/eQVxa7eq2i,,,Twitter
Dallas17,32.739229,-96.682466,1530 S Buckner Blvd,75217,Sun Oct 23 16:44:10 +0000 2016,"RT @dallasnews: Trump gets litigious, AT&amp;T gets bigger, @TomiLahren wins bigly: Your weekend news digest https://t.co/tjOy7OJCri https://t.…",,,Twitter
Dallas17,32.739229,-96.682466,1530 S Buckner Blvd,75217,Sun Oct 23 16:44:03 +0000 2016,"RT @dallasnews: Trump gets litigious, AT&amp;T gets bigger, @TomiLahren wins bigly: Your weekend news digest https://t.co/tjOy7OJCri https://t.…",,,Twitter
Dallas17,32.739229,-96.682466,1530 S Buckner Blvd,75217,Sun Oct 23 16:43:21 +0000 2016,"RT @dallasnews: Trump gets litigious, AT&amp;T gets bigger, @TomiLahren wins bigly: Your weekend news digest https://t.co/tjOy7OJCri https://t.…",,,Twitter
Dallas17,32.739229,-96.682466,1530 S Buckner Blvd,75217,Sun Oct 23 16:43:02 +0000 2016,"RT @DFWSmallBiz: Trump gets litigious, #ATT gets bigger, Tomi Lahren wins bigly: Your weekend digest https://t.co/kqlGayGHLj #DFW #realesta…",,,Twitter
Dallas17,32.739229,-96.682466,1530 S Buckner Blvd,75217,Sun Oct 23 16:41:12 +0000 2016,Breaking down the AT&amp;T-Time Warner mega-deal https://t.co/pmLiaiZvpL,,,Twitter
Dallas17,32.739229,-96.682466,1530 S Buckner Blvd,75217,Sun Oct 23 16:40:49 +0000 2016,"RT @dallasnews: Trump gets litigious, AT&amp;T gets bigger, @TomiLahren wins bigly: Your weekend news digest https://t.co/tjOy7OJCri https://t.…",,,Twitter
Dallas17,32.739229,-96.682466,1530 S Buckner Blvd,75217,Sun Oct 23 16:40:17 +0000 2016,RT @ATT: The #futureofvideo is mobile and the #futureofmobile is video. Time Warner + AT&amp;T make it happen! @twxcorp https://t.co/GKx4U9TQYg,,,Twitter
Dallas17,32.739229,-96.682466,1530 S Buckner Blvd,75217,Sun Oct 23 16:40:14 +0000 2016,RT @MarieRB: AT&amp;T Agrees to Buy Time Warner for More Than $80 Billion - https://t.co/0pzW2ZR24l https://t.co/rdbwVLsnwk,,,Twitter
Dallas17,32.739229,-96.682466,1530 S Buckner Blvd,75217,Sun Oct 23 16:38:22 +0000 2016,"RT @dallasnews: Updated: Report says AT&amp;T, Time Warner boards meeting today to approve $80 billion deal https://t.co/ESCmoMhXLr | @krobijak…",,,Twitter
Dallas17,32.739229,-96.682466,1530 S Buckner Blvd,75217,Sun Oct 23 16:38:04 +0000 2016,RT @ATT: The #futureofvideo is mobile and the #futureofmobile is video. Time Warner + AT&amp;T make it happen! @twxcorp https://t.co/GKx4U9TQYg,,,Twitter
Dallas17,32.739229,-96.682466,1530 S Buckner Blvd,75217,Sun Oct 23 16:37:44 +0000 2016,"RT @DFWSmallBiz: Trump gets litigious, #ATT gets bigger, Tomi Lahren wins bigly: Your weekend digest https://t.co/kqlGayGHLj #DFW #realesta…",,,Twitter
Dallas17,32.739229,-96.682466,1530 S Buckner Blvd,75217,Sun Oct 23 16:37:22 +0000 2016,"Trump gets litigious, #ATT gets bigger, Tomi Lahren wins bigly: Your weekend digest https://t.co/kqlGayGHLj #DFW #realestate",,,Twitter
Dallas17,32.739229,-96.682466,1530 S Buckner Blvd,75217,Sun Oct 23 16:36:25 +0000 2016,"RT @dallasnews: Trump gets litigious, AT&amp;T gets bigger, @TomiLahren wins bigly: Your weekend news digest https://t.co/tjOy7OJCri https://t.…",,,Twitter
Dallas17,32.739229,-96.682466,1530 S Buckner Blvd,75217,Sun Oct 23 16:36:05 +0000 2016,"AT&amp;T, Time Warner deal faces tough regulatory fight https://t.co/bOMToGvwrI",,,Twitter
Dallas17,32.739229,-96.682466,1530 S Buckner Blvd,75217,Sun Oct 23 16:36:04 +0000 2016,AT&amp;T to buy Time Warner https://t.co/Ub0tCMxcTc,,,Twitter
Dallas17,32.739229,-96.682466,1530 S Buckner Blvd,75217,Wed Oct 19 07:26:20 +0000 2016,RT @ATT: AT&amp;T #Fiber - The future of the internet is now! Starting with a 1000 Mbps connection. https://t.co/Rw8zxmVDRY,,,Twitter
Dallas17,32.739229,-96.682466,1530 S Buckner Blvd,75217,Wed Oct 19 07:11:58 +0000 2016,RT @ATT: Welcome to the team! @taylorswift13 https://t.co/4h86nLYuLo https://t.co/gAHOi7fPrZ,,,Twitter
Dallas17,32.739229,-96.682466,1530 S Buckner Blvd,75217,Wed Oct 19 06:48:52 +0000 2016,RT @ATT: AT&amp;T #Fiber - The future of the internet is now! Starting with a 1000 Mbps connection. https://t.co/oZ1julCt3F,,,Twitter
Dallas17,32.739229,-96.682466,1530 S Buckner Blvd,75217,Wed Oct 19 06:24:35 +0000 2016,RT @ATT: Welcome to the team! @taylorswift13 https://t.co/4h86nLYuLo https://t.co/gAHOi7fPrZ,,,Twitter
Dallas17,32.739229,-96.682466,1530 S Buckner Blvd,75217,Wed Oct 19 06:18:39 +0000 2016,RT @ATT: Welcome to the team! @taylorswift13 https://t.co/4h86nLYuLo https://t.co/gAHOi7fPrZ,,,Twitter
Dallas17,32.739229,-96.682466,1530 S Buckner Blvd,75217,Wed Oct 19 05:50:12 +0000 2016,RT @JordanSpieth: .@NotahBegay3 with the birdie for Team @ATT at the #SpiethShootout https://t.co/ssL2vULkxd,,,Twitter
Dallas17,32.739229,-96.682466,1530 S Buckner Blvd,75217,Wed Oct 19 05:47:28 +0000 2016,RT @ATT: AT&amp;T #Fiber - The future of the internet is now! Starting with a 1000 Mbps connection. https://t.co/gptqILMHmT,,,Twitter
Dallas17,32.739229,-96.682466,1530 S Buckner Blvd,75217,Wed Oct 19 04:16:09 +0000 2016,RT @ATT: AT&amp;T #Fiber - The future of the internet is now! Starting with a 1000 Mbps connection. https://t.co/Rw8zxmVDRY,,,Twitter
Dallas17,32.739229,-96.682466,1530 S Buckner Blvd,75217,Wed Oct 19 03:51:07 +0000 2016,"@ATTCares they chose to fill a full 16:9 screen when original film is 2.40:1, changing original vision. Who makes these choices?",,,Twitter
Dallas17,32.739229,-96.682466,1530 S Buckner Blvd,75217,Wed Oct 19 03:44:08 +0000 2016,RT @ATT: AT&amp;T #Fiber - The future of the internet is now! Starting with a 1000 Mbps connection. https://t.co/ELBHHMfflF,,,Twitter
Dallas17,32.739229,-96.682466,1530 S Buckner Blvd,75217,Wed Oct 19 03:43:38 +0000 2016,"@ATTCares Ondemand movie being played. TV is set correct. The problem is distributor/broadcaster choices, not hardware on my end.",,,Twitter
Dallas17,32.739229,-96.682466,1530 S Buckner Blvd,75217,Wed Oct 19 03:21:54 +0000 2016,@ATTCares the arts district,,,Twitter
Dallas17,32.739229,-96.682466,1530 S Buckner Blvd,75217,Wed Oct 19 03:10:09 +0000 2016,RT @EJHolland247: 👎🏻👎🏻👎🏻 Team @ATT  https://t.co/sbavZ9EPEX,,,Twitter
Dallas17,32.739229,-96.682466,1530 S Buckner Blvd,75217,Wed Oct 19 03:09:25 +0000 2016,👎🏻👎🏻👎🏻 Team @ATT  https://t.co/sbavZ9EPEX,,,Twitter
Dallas17,32.739229,-96.682466,1530 S Buckner Blvd,75217,Wed Oct 19 02:48:25 +0000 2016,"Dear @ATT and @Uverse, please stop center crop. If a movie was shot in 2.35:1 it should be broadcasted that way. I want my money back.",,,Twitter
Dallas17,32.739229,-96.682466,1530 S Buckner Blvd,75217,Wed Oct 19 02:42:44 +0000 2016,@ATTCares I'm steaming #nextflix but it's all of sudden figured out the probs. We're good for now. Thanks for responding.  :),,,Twitter
Dallas17,32.739229,-96.682466,1530 S Buckner Blvd,75217,Wed Oct 19 02:36:03 +0000 2016,RT @ATT: Welcome to the team! @taylorswift13 https://t.co/4h86nLYuLo https://t.co/gAHOi7fPrZ,,,Twitter
Dallas17,32.739229,-96.682466,1530 S Buckner Blvd,75217,Wed Oct 19 02:26:08 +0000 2016,"Gotta love that one bar, @ATTCares. https://t.co/IduQedlep6",,,Twitter
Dallas17,32.739229,-96.682466,1530 S Buckner Blvd,75217,Wed Oct 19 02:22:04 +0000 2016,@ATTCares the past 3 weeks or so maybe more. This is unacceptable.,,,Twitter
Dallas17,32.739229,-96.682466,1530 S Buckner Blvd,75217,Wed Oct 19 02:22:02 +0000 2016,@ATTCares doing the same thing. Now it seems like the DVR has stopped working as well. This is beyond annoying. We've had a tech here for,,,Twitter
Dallas17,32.739229,-96.682466,1530 S Buckner Blvd,75217,Wed Oct 19 02:22:01 +0000 2016,"@ATTCares the service cuts out about 5-10 times per hour. We've had techs come out and move the wap, out in new hardware, rewire, and still",,,Twitter
Dallas17,32.739229,-96.682466,1530 S Buckner Blvd,75217,Wed Oct 19 02:20:42 +0000 2016,RT @ATT: Heading to Cuba? Take your phone along for the trip + stay connected to those back home. https://t.co/euhz4Z6Zbb https://t.co/AiPS…,,,Twitter
Dallas17,32.739229,-96.682466,1530 S Buckner Blvd,75217,Wed Oct 19 02:15:28 +0000 2016,RT @ATT: Welcome to the team! @taylorswift13 https://t.co/4h86nLYuLo https://t.co/gAHOi7fPrZ,,,Twitter
Dallas17,32.739229,-96.682466,1530 S Buckner Blvd,75217,Wed Oct 19 02:07:42 +0000 2016,RT @ATT: Welcome to the team! @taylorswift13 https://t.co/4h86nLYuLo https://t.co/gAHOi7fPrZ,,,Twitter
Dallas17,32.739229,-96.682466,1530 S Buckner Blvd,75217,Wed Oct 19 02:06:06 +0000 2016,RT @ATT: Welcome to the team! @taylorswift13 https://t.co/4h86nLYuLo https://t.co/gAHOi7fPrZ,,,Twitter
Dallas17,32.739229,-96.682466,1530 S Buckner Blvd,75217,Wed Oct 19 02:03:39 +0000 2016,RT @ATT: Welcome to the team! @taylorswift13 https://t.co/4h86nLYuLo https://t.co/gAHOi7fPrZ,,,Twitter
Dallas17,32.739229,-96.682466,1530 S Buckner Blvd,75217,Wed Oct 19 02:01:20 +0000 2016,Dear @Uverse I'm having all sorts of probs right now. Broadband mainly. But #Spectrum has moved into town. Hmm...how should I choose.,,,Twitter
Dallas17,32.739229,-96.682466,1530 S Buckner Blvd,75217,Wed Oct 19 01:57:36 +0000 2016,"RT @ATT: @trenni We're blushing, Trenni! Thank you. 😊 #ATTLove https://t.co/HG7mV71mOU",,,Twitter
Dallas17,32.739229,-96.682466,1530 S Buckner Blvd,75217,Wed Oct 19 01:31:51 +0000 2016,RT @ATT: Welcome to the team! @taylorswift13 https://t.co/4h86nLYuLo https://t.co/gAHOi7fPrZ,,,Twitter
Dallas17,32.739229,-96.682466,1530 S Buckner Blvd,75217,Wed Oct 19 01:21:40 +0000 2016,@Uverse is your wifi down in Dallas?,,,Twitter
Dallas17,32.739229,-96.682466,1530 S Buckner Blvd,75217,Wed Oct 19 01:21:20 +0000 2016,@ATTCares nothing. Is this going to be our whole second year of the contract? I'm ready to switch.,,,Twitter
Dallas17,32.739229,-96.682466,1530 S Buckner Blvd,75217,Wed Oct 19 01:21:19 +0000 2016,@ATTCares why does your service suck so much? I see this screen more than the actual TV.  Numerous repair men have… https://t.co/j0ehOZUeUG,,,Twitter
Dallas17,32.739229,-96.682466,1530 S Buckner Blvd,75217,Wed Oct 19 01:16:50 +0000 2016,RT @ATT: Welcome to the team! @taylorswift13 https://t.co/4h86nLYuLo https://t.co/gAHOi7fPrZ,,,Twitter
Dallas17,32.739229,-96.682466,1530 S Buckner Blvd,75217,Wed Oct 19 01:15:54 +0000 2016,RT @JordanSpieth: .@NotahBegay3 with the birdie for Team @ATT at the #SpiethShootout https://t.co/ssL2vULkxd,,,Twitter
Dallas17,32.739229,-96.682466,1530 S Buckner Blvd,75217,Wed Oct 19 01:03:53 +0000 2016,RT @JordanSpieth: Here’s your chance to win my @ATT golf bag on the cover of this month's @GolfDigest: https://t.co/G0S6fDyThW https://t.co…,,,Twitter
Dallas17,32.739229,-96.682466,1530 S Buckner Blvd,75217,Wed Oct 19 01:00:39 +0000 2016,RT @ATT: Welcome to the team! @taylorswift13 https://t.co/4h86nLYuLo https://t.co/gAHOi7fPrZ,,,Twitter
Dallas17,32.739229,-96.682466,1530 S Buckner Blvd,75217,Wed Oct 19 00:38:25 +0000 2016,RT @ATT: Welcome to the team! @taylorswift13 https://t.co/4h86nLYuLo https://t.co/gAHOi7fPrZ,,,Twitter
Dallas17,32.739229,-96.682466,1530 S Buckner Blvd,75217,Wed Oct 19 00:23:31 +0000 2016,How come tmobile has the iphones to deliver and @ATT @ATTCares doesn't?,,,Twitter
Dallas17,32.739229,-96.682466,1530 S Buckner Blvd,75217,Wed Oct 19 00:21:19 +0000 2016,RT @ATT: Welcome to the team! @taylorswift13 https://t.co/4h86nLYuLo https://t.co/gAHOi7fPrZ,,,Twitter
Dallas17,32.739229,-96.682466,1530 S Buckner Blvd,75217,Wed Oct 19 00:06:15 +0000 2016,RT @ATT: AT&amp;T #Fiber - The future of the internet is now! Starting with a 1000 Mbps connection. https://t.co/ELBHHMfflF,,,Twitter
Dallas17,32.739229,-96.682466,1530 S Buckner Blvd,75217,Wed Oct 19 00:05:09 +0000 2016,RT @JordanSpieth: .@NotahBegay3 with the birdie for Team @ATT at the #SpiethShootout https://t.co/ssL2vULkxd,,,Twitter
Dallas17,32.739229,-96.682466,1530 S Buckner Blvd,75217,Wed Oct 19 00:01:44 +0000 2016,RT @ATT: Welcome to the team! @taylorswift13 https://t.co/4h86nLYuLo https://t.co/gAHOi7fPrZ,,,Twitter
Dallas17,32.739229,-96.682466,1530 S Buckner Blvd,75217,Tue Oct 18 23:56:26 +0000 2016,RT @ATT: AT&amp;T #Fiber - The future of the internet is now! Starting with a 1000 Mbps connection. https://t.co/gptqILMHmT,,,Twitter
