Store,Latitude,Longitude,Address,Zip,CreatedAt,Text,Senti,Rating,Source
Dallas3,32.8293128,-96.8272358,5616 Lemmon Ave,75209,Sat Oct 22 00:31:31 +0000 2016,RT @theeagledallas: WATCH Green Day's album release party with @iHeartRadio &amp; @ATT TONIGHT 9PM ET/PT 🎸 https://t.co/xa5cQQVGxg https://t.co…,,,Twitter
Dallas3,32.8293128,-96.8272358,5616 Lemmon Ave,75209,Sat Oct 22 00:30:02 +0000 2016,WATCH Green Day's album release party with @iHeartRadio &amp; @ATT TONIGHT 9PM ET/PT 🎸 https://t.co/xa5cQQVGxg https://t.co/s6unQBd9wY,,,Twitter
Dallas3,32.8293128,-96.8272358,5616 Lemmon Ave,75209,Sat Oct 22 00:24:06 +0000 2016,RT @Jacqueline062: @ATT has the worst customer service imaginable. 😡,,,Twitter
Dallas3,32.8293128,-96.8272358,5616 Lemmon Ave,75209,Sat Oct 22 00:15:02 +0000 2016,RT @ATT: Welcome to the team! @taylorswift13 https://t.co/4h86nLYuLo https://t.co/gAHOi7fPrZ,,,Twitter
Dallas3,32.8293128,-96.8272358,5616 Lemmon Ave,75209,Sat Oct 22 00:07:32 +0000 2016,RT @ATT: Welcome to the team! @taylorswift13 https://t.co/4h86nLYuLo https://t.co/gAHOi7fPrZ,,,Twitter
Dallas3,32.8293128,-96.8272358,5616 Lemmon Ave,75209,Sat Oct 22 00:06:16 +0000 2016,"RT @ATT: Watch the @GreenDay @iHeartRadio Album Release Party Tonight, 9pm ET/PT on AUDIENCE. DIRECTV ch 239/U-verse ch 1114. https://t.co/…",,,Twitter
Dallas3,32.8293128,-96.8272358,5616 Lemmon Ave,75209,Fri Oct 21 23:59:09 +0000 2016,"Happy birthday, @RevoltTV. 🎁 🎉 Thanks for keeping our 📺 full of  🎧 ✨ 🔑! #Revolt3 https://t.co/whlncM6gsM",,,Twitter
Dallas3,32.8293128,-96.8272358,5616 Lemmon Ave,75209,Fri Oct 21 23:50:39 +0000 2016,"RT @ATT: Some people may wait a lifetime, but you don't have to. On 11/2-3, AT&amp;T customers can buy @kelly_clarkson tix early. https://t.co/…",,,Twitter
Dallas3,32.8293128,-96.8272358,5616 Lemmon Ave,75209,Fri Oct 21 23:47:29 +0000 2016,"RT @ATT: Some people may wait a lifetime, but you don't have to. On 11/2-3, AT&amp;T customers can buy @kelly_clarkson tix early. https://t.co/…",,,Twitter
Dallas3,32.8293128,-96.8272358,5616 Lemmon Ave,75209,Fri Oct 21 23:46:45 +0000 2016,"RT @ATT: Watch the @GreenDay @iHeartRadio Album Release Party Tonight, 9pm ET/PT on AUDIENCE. DIRECTV ch 239/U-verse ch 1114. https://t.co/…",,,Twitter
Dallas3,32.8293128,-96.8272358,5616 Lemmon Ave,75209,Fri Oct 21 23:43:47 +0000 2016,"RT @ATT: Watch the @GreenDay @iHeartRadio Album Release Party Tonight, 9pm ET/PT on AUDIENCE. DIRECTV ch 239/U-verse ch 1114. https://t.co/…",,,Twitter
Dallas3,32.8293128,-96.8272358,5616 Lemmon Ave,75209,Fri Oct 21 23:41:09 +0000 2016,"RT @attJOBS: Thanks to everyone who stopped by our booth at #GHC16! Learn more about opportunities in tech: https://t.co/G5mrrSe7ih
 #ATTat…",,,Twitter
Dallas3,32.8293128,-96.8272358,5616 Lemmon Ave,75209,Fri Oct 21 23:40:54 +0000 2016,"RT @ATT: Some people may wait a lifetime, but you don't have to. On 11/2-3, AT&amp;T customers can buy @kelly_clarkson tix early. https://t.co/…",,,Twitter
Dallas3,32.8293128,-96.8272358,5616 Lemmon Ave,75209,Fri Oct 21 23:34:22 +0000 2016,"RT @ATT: Watch the @GreenDay @iHeartRadio Album Release Party Tonight, 9pm ET/PT on AUDIENCE. DIRECTV ch 239/U-verse ch 1114. https://t.co/…",,,Twitter
Dallas3,32.8293128,-96.8272358,5616 Lemmon Ave,75209,Fri Oct 21 23:33:45 +0000 2016,RT @ATT: Welcome to the team! @taylorswift13 https://t.co/4h86nLYuLo https://t.co/gAHOi7fPrZ,,,Twitter
Dallas3,32.8293128,-96.8272358,5616 Lemmon Ave,75209,Fri Oct 21 23:24:16 +0000 2016,RT @ATT: Welcome to the team! @taylorswift13 https://t.co/4h86nLYuLo https://t.co/gAHOi7fPrZ,,,Twitter
Dallas3,32.8293128,-96.8272358,5616 Lemmon Ave,75209,Fri Oct 21 23:18:07 +0000 2016,"RT @ATT: Watch the @GreenDay @iHeartRadio Album Release Party Tonight, 9pm ET/PT on AUDIENCE. DIRECTV ch 239/U-verse ch 1114. https://t.co/…",,,Twitter
Dallas3,32.8293128,-96.8272358,5616 Lemmon Ave,75209,Fri Oct 21 23:11:45 +0000 2016,"RT @ATT: Some people may wait a lifetime, but you don't have to. On 11/2-3, AT&amp;T customers can buy @kelly_clarkson tix early. https://t.co/…",,,Twitter
Dallas3,32.8293128,-96.8272358,5616 Lemmon Ave,75209,Fri Oct 21 23:10:51 +0000 2016,"@ATTCares Thanks, but no concern. Just pointing out the fantastic service!",,,Twitter
Dallas3,32.8293128,-96.8272358,5616 Lemmon Ave,75209,Fri Oct 21 23:06:22 +0000 2016,.@ATTCares Nice tower! https://t.co/3bZYFyYgxj,,,Twitter
Dallas3,32.8293128,-96.8272358,5616 Lemmon Ave,75209,Fri Oct 21 23:03:48 +0000 2016,RT @ATT: Welcome to the team! @taylorswift13 https://t.co/4h86nLYuLo https://t.co/gAHOi7fPrZ,,,Twitter
Dallas3,32.8293128,-96.8272358,5616 Lemmon Ave,75209,Fri Oct 21 23:01:40 +0000 2016,$T $TMX Time Warner is getting Acquired by ATT. https://t.co/HYao0A9Fmg,,,Twitter
Dallas3,32.8293128,-96.8272358,5616 Lemmon Ave,75209,Fri Oct 21 23:00:02 +0000 2016,Not sure how to secure a downloaded bigtincan from AT&amp;T story? Learn how at  https://t.co/7ufY2CaOux https://t.co/Gv2SUrJ7fd,,,Twitter
Dallas3,32.8293128,-96.8272358,5616 Lemmon Ave,75209,Fri Oct 21 23:00:01 +0000 2016,"Thanks to everyone who stopped by our booth at #GHC16! Learn more about opportunities in tech: https://t.co/G5mrrSe7ih
 #ATTatGHC16",,,Twitter
Dallas3,32.8293128,-96.8272358,5616 Lemmon Ave,75209,Fri Oct 21 22:58:28 +0000 2016,"RT @ATT: Watch the @GreenDay @iHeartRadio Album Release Party Tonight, 9pm ET/PT on AUDIENCE. DIRECTV ch 239/U-verse ch 1114. https://t.co/…",,,Twitter
Dallas3,32.8293128,-96.8272358,5616 Lemmon Ave,75209,Fri Oct 21 22:56:46 +0000 2016,RT @attJOBS: Curious why our employees love #LifeAtATT? Take a look: https://t.co/B7CTVa4b41 #GHC16 #ATTatGHC16 https://t.co/Var5AH1eWP,,,Twitter
Dallas3,32.8293128,-96.8272358,5616 Lemmon Ave,75209,Fri Oct 21 22:50:35 +0000 2016,"RT @ATT: Some people may wait a lifetime, but you don't have to. On 11/2-3, AT&amp;T customers can buy @kelly_clarkson tix early. https://t.co/…",,,Twitter
Dallas3,32.8293128,-96.8272358,5616 Lemmon Ave,75209,Fri Oct 21 22:48:33 +0000 2016,"RT @ATT: Some people may wait a lifetime, but you don't have to. On 11/2-3, AT&amp;T customers can buy @kelly_clarkson tix early. https://t.co/…",,,Twitter
Dallas3,32.8293128,-96.8272358,5616 Lemmon Ave,75209,Fri Oct 21 22:45:15 +0000 2016,#TimeWarner got out of their unprofitable content distrubution business. #ATT wants TW's content. So... https://t.co/FMWyeQNmVc,,,Twitter
Dallas3,32.8293128,-96.8272358,5616 Lemmon Ave,75209,Fri Oct 21 22:43:55 +0000 2016,"RT @ATT: Some people may wait a lifetime, but you don't have to. On 11/2-3, AT&amp;T customers can buy @kelly_clarkson tix early. https://t.co/…",,,Twitter
Dallas3,32.8293128,-96.8272358,5616 Lemmon Ave,75209,Fri Oct 21 22:43:35 +0000 2016,"RT @ATT: Some people may wait a lifetime, but you don't have to. On 11/2-3, AT&amp;T customers can buy @kelly_clarkson tix early. https://t.co/…",,,Twitter
Dallas3,32.8293128,-96.8272358,5616 Lemmon Ave,75209,Fri Oct 21 22:38:22 +0000 2016,"Some people may wait a lifetime, but you don't have to. On 11/2-3, AT&amp;T customers can buy @kelly_clarkson tix early… https://t.co/VOtYnGSxc6",,,Twitter
Dallas3,32.8293128,-96.8272358,5616 Lemmon Ave,75209,Fri Oct 21 22:29:19 +0000 2016,"RT @ATT: Watch the @GreenDay @iHeartRadio Album Release Party Tonight, 9pm ET/PT on AUDIENCE. DIRECTV ch 239/U-verse ch 1114. https://t.co/…",,,Twitter
Dallas3,32.8293128,-96.8272358,5616 Lemmon Ave,75209,Fri Oct 21 22:26:27 +0000 2016,"RT @ATT: Watch the @GreenDay @iHeartRadio Album Release Party Tonight, 9pm ET/PT on AUDIENCE. DIRECTV ch 239/U-verse ch 1114. https://t.co/…",,,Twitter
Dallas3,32.8293128,-96.8272358,5616 Lemmon Ave,75209,Fri Oct 21 22:21:01 +0000 2016,RT @Uverse: Friday night plans? You + 🛋 + 🍿 + Liam Hemsworth. Order Independence Day: Resurgence and call it a date. https://t.co/tPqA5w8Gp…,,,Twitter
Dallas3,32.8293128,-96.8272358,5616 Lemmon Ave,75209,Fri Oct 21 22:03:59 +0000 2016,RT @ATT: Welcome to the team! @taylorswift13 https://t.co/4h86nLYuLo https://t.co/gAHOi7fPrZ,,,Twitter
Dallas3,32.8293128,-96.8272358,5616 Lemmon Ave,75209,Fri Oct 21 22:00:02 +0000 2016,Friday night plans? You + 🛋 + 🍿 + Liam Hemsworth. Order Independence Day: Resurgence and call it a date.… https://t.co/e6zV9C880w,,,Twitter
Dallas3,32.8293128,-96.8272358,5616 Lemmon Ave,75209,Fri Oct 21 21:46:34 +0000 2016,Report: AT&amp;T in talks to buy Time Warner https://t.co/VkRdzT3W3k #tech,,,Twitter
Dallas3,32.8293128,-96.8272358,5616 Lemmon Ave,75209,Fri Oct 21 21:44:52 +0000 2016,"RT @ATTBusiness: #DDoS attacks are increasing, but you can fight back. Learn how to prepare #CDN-level protection: http://t.co/7yNdsqh49s",,,Twitter
Dallas3,32.8293128,-96.8272358,5616 Lemmon Ave,75209,Fri Oct 21 21:44:52 +0000 2016,"RT @ATTBusiness: #DDoS attacks are increasing, but you can fight back. Learn how to prepare #CDN-level protection: http://t.co/7yNdsqh49s",,,Twitter
Dallas3,32.8293128,-96.8272358,5616 Lemmon Ave,75209,Fri Oct 21 21:38:49 +0000 2016,"RT @ATT: Watch the @GreenDay @iHeartRadio Album Release Party Tonight, 9pm ET/PT on AUDIENCE. DIRECTV ch 239/U-verse ch 1114. https://t.co/…",,,Twitter
Dallas3,32.8293128,-96.8272358,5616 Lemmon Ave,75209,Fri Oct 21 21:37:58 +0000 2016,RT @ATT: Welcome to the team! @taylorswift13 https://t.co/4h86nLYuLo https://t.co/gAHOi7fPrZ,,,Twitter
Dallas3,32.8293128,-96.8272358,5616 Lemmon Ave,75209,Fri Oct 21 21:30:54 +0000 2016,RT @7onashoestring: Have you downloaded the @ItCanWait DriveMode app? It's a perfect tool for the 21-Day #ItCanWait Challenge! #sponsor htt…,,,Twitter
Dallas3,32.8293128,-96.8272358,5616 Lemmon Ave,75209,Fri Oct 21 21:28:12 +0000 2016,"RT @ATT: Watch the @GreenDay @iHeartRadio Album Release Party Tonight, 9pm ET/PT on AUDIENCE. DIRECTV ch 239/U-verse ch 1114. https://t.co/…",,,Twitter
Dallas3,32.8293128,-96.8272358,5616 Lemmon Ave,75209,Fri Oct 21 21:27:48 +0000 2016,"RT @RobinatRibit: AT&amp;T considering purchase of Time Warner Inc. (and with it, HBO) https://t.co/ibEYQmOR3Z https://t.co/z0JNBsx0kw",,,Twitter
Dallas3,32.8293128,-96.8272358,5616 Lemmon Ave,75209,Fri Oct 21 21:26:40 +0000 2016,RT @7onashoestring: Have you downloaded the @ItCanWait DriveMode app? It's a perfect tool for the 21-Day #ItCanWait Challenge! #sponsor htt…,,,Twitter
Dallas3,32.8293128,-96.8272358,5616 Lemmon Ave,75209,Fri Oct 21 21:21:42 +0000 2016,RT @attJOBS: Share what you love about technology with our customers. Now Hiring throughout the Bay Area! https://t.co/ig3a1FgKS4 https://t…,,,Twitter
Dallas3,32.8293128,-96.8272358,5616 Lemmon Ave,75209,Fri Oct 21 21:10:31 +0000 2016,RT @ATT: Who made you a college 🏈 fan? Share with #MadeMeAFanContest for a chance to win. Rules https://t.co/hU3I3wFn5V https://t.co/xZbxUJ…,,,Twitter
Dallas3,32.8293128,-96.8272358,5616 Lemmon Ave,75209,Fri Oct 21 21:05:13 +0000 2016,¿Qué pasará si AT&amp;T compra Time Warner? https://t.co/fmjIBm6PMT #publicidad #advertising #ad,,,Twitter
Dallas3,32.8293128,-96.8272358,5616 Lemmon Ave,75209,Fri Oct 21 21:03:10 +0000 2016,"AT&amp;T considering purchase of Time Warner Inc. (and with it, HBO) https://t.co/ibEYQmOR3Z https://t.co/z0JNBsx0kw",,,Twitter
Dallas3,32.8293128,-96.8272358,5616 Lemmon Ave,75209,Fri Oct 21 20:58:44 +0000 2016,"@LinSan29 Lindsay, we don't like to hear that! You can learn more about how to report this type of fraud here: https://t.co/Mklsf5GeVz",,,Twitter
Dallas3,32.8293128,-96.8272358,5616 Lemmon Ave,75209,Fri Oct 21 20:56:57 +0000 2016,Apple 'Monitoring' AT&amp;T's Potential Time Warner Acquisition: Amid rumors suggesting A... https://t.co/ccOKnl6QBL https://t.co/EstJrgd1fu,,,Twitter
Dallas3,32.8293128,-96.8272358,5616 Lemmon Ave,75209,Fri Oct 21 20:53:07 +0000 2016,"RT @ATT: Watch the @GreenDay @iHeartRadio Album Release Party Tonight, 9pm ET/PT on AUDIENCE. DIRECTV ch 239/U-verse ch 1114. https://t.co/…",,,Twitter
Dallas3,32.8293128,-96.8272358,5616 Lemmon Ave,75209,Fri Oct 21 20:49:24 +0000 2016,RT @attJOBS: Curious why our employees love #LifeAtATT? Take a look: https://t.co/B7CTVa4b41 #GHC16 #ATTatGHC16 https://t.co/Var5AH1eWP,,,Twitter
Dallas3,32.8293128,-96.8272358,5616 Lemmon Ave,75209,Fri Oct 21 20:49:11 +0000 2016,RT @attJOBS: Our development programs can put you on the right career path. Why? Just ask Brad: https://t.co/bmAjmMvvte #BeTheFuture https:…,,,Twitter
Dallas3,32.8293128,-96.8272358,5616 Lemmon Ave,75209,Fri Oct 21 20:48:44 +0000 2016,"RT @attJOBS: In honor of #LGBTHistoryMonth, we're recapping the ways we've supported the LGBT community throughout the years: https://t.co/…",,,Twitter
Dallas3,32.8293128,-96.8272358,5616 Lemmon Ave,75209,Fri Oct 21 20:40:00 +0000 2016,Is AT&amp;T acquiring Time Warner? https://t.co/eV8O1mTwBW,,,Twitter
Dallas3,32.8293128,-96.8272358,5616 Lemmon Ave,75209,Fri Oct 21 20:39:58 +0000 2016,@ATTCares Kinda hard to do ANYTHING on the internet when the internet goes down/off/quits!  My internet just quit a few minutes ago on me.,,,Twitter
Dallas3,32.8293128,-96.8272358,5616 Lemmon Ave,75209,Fri Oct 21 20:39:12 +0000 2016,@ATT I hope you can demonstrate that @ATTCares by reading my forum link and contacting me https://t.co/78ZtbfNcuF lets talk #GreatISPsListen,,,Twitter
Dallas3,32.8293128,-96.8272358,5616 Lemmon Ave,75209,Fri Oct 21 20:36:41 +0000 2016,"RT @ATT: Watch the @GreenDay @iHeartRadio Album Release Party Tonight, 9pm ET/PT on AUDIENCE. DIRECTV ch 239/U-verse ch 1114. https://t.co/…",,,Twitter
Dallas3,32.8293128,-96.8272358,5616 Lemmon Ave,75209,Fri Oct 21 20:30:10 +0000 2016,RT @ATT: RT if you’ll be doing the time warp with Frank N. Furter and the gang tonight during @RockyHorrorFOX at 8/7 on @FOXTV. #RockyHorro…,,,Twitter
Dallas3,32.8293128,-96.8272358,5616 Lemmon Ave,75209,Fri Oct 21 20:24:35 +0000 2016,RT @ATT: Get a sweet deal on the new iPhone 7 when you switch to AT&amp;T and have DIRECTV. https://t.co/TQVeUkmeZ6 https://t.co/zfZmNpe8AP,,,Twitter
Dallas3,32.8293128,-96.8272358,5616 Lemmon Ave,75209,Fri Oct 21 20:03:35 +0000 2016,"RT @attJOBS: In honor of #LGBTHistoryMonth, we're recapping the ways we've supported the LGBT community throughout the years: https://t.co/…",,,Twitter
Dallas3,32.8293128,-96.8272358,5616 Lemmon Ave,75209,Fri Oct 21 20:00:04 +0000 2016,"Recently granted his 200th patent, Dale Malik shares his secrets for converting new ideas into a reality:… https://t.co/CLnjvLS4DA",,,Twitter
Dallas3,32.8293128,-96.8272358,5616 Lemmon Ave,75209,Fri Oct 21 19:53:44 +0000 2016,RT @ATT: RT if you’ll be doing the time warp with Frank N. Furter and the gang tonight during @RockyHorrorFOX at 8/7 on @FOXTV. #RockyHorro…,,,Twitter
Dallas3,32.8293128,-96.8272358,5616 Lemmon Ave,75209,Fri Oct 21 19:45:34 +0000 2016,RT @ATT: Who made you a college 🏈 fan? Share with #MadeMeAFanContest for a chance to win. Rules https://t.co/hU3I3wFn5V https://t.co/xZbxUJ…,,,Twitter
Dallas3,32.8293128,-96.8272358,5616 Lemmon Ave,75209,Fri Oct 21 19:44:11 +0000 2016,RT @LisaKLuff: Being the blueprint @ #attsummit @Memphis_CC @the1andonly_99 https://t.co/kz74W5jLjc,,,Twitter
Dallas3,32.8293128,-96.8272358,5616 Lemmon Ave,75209,Fri Oct 21 19:31:29 +0000 2016,"RT @attJOBS: In honor of #LGBTHistoryMonth, we're recapping the ways we've supported the LGBT community throughout the years: https://t.co/…",,,Twitter
Dallas3,32.8293128,-96.8272358,5616 Lemmon Ave,75209,Fri Oct 21 19:30:56 +0000 2016,"RT @attJOBS: In honor of #LGBTHistoryMonth, we're recapping the ways we've supported the LGBT community throughout the years: https://t.co/…",,,Twitter
Dallas3,32.8293128,-96.8272358,5616 Lemmon Ave,75209,Fri Oct 21 19:30:37 +0000 2016,Sooooo you can’t watch @FoodNetwork on an Android TV with @ATT Uverse? Shitty.,,,Twitter
Dallas3,32.8293128,-96.8272358,5616 Lemmon Ave,75209,Fri Oct 21 19:30:02 +0000 2016,A Stefan-Caroline kiss + a killing spree? There's so much to catch up on in @cwtvd tonight at 8/7c. #TVD https://t.co/4IO10Ua8wP,,,Twitter
Dallas3,32.8293128,-96.8272358,5616 Lemmon Ave,75209,Fri Oct 21 19:30:01 +0000 2016,"In honor of #LGBTHistoryMonth, we're recapping the ways we've supported the LGBT community throughout the years:… https://t.co/7SWrrmBR1t",,,Twitter
Dallas3,32.8293128,-96.8272358,5616 Lemmon Ave,75209,Fri Oct 21 19:29:49 +0000 2016,RT @tomthuang: Report: AT&amp;amp;T seeking to clinch Time Warner Inc. deal by Monday to beat rivals https://t.co/5yjBMNUmjW via @dallasnews,,,Twitter
Dallas3,32.8293128,-96.8272358,5616 Lemmon Ave,75209,Fri Oct 21 19:29:09 +0000 2016,Report: AT&amp;amp;T seeking to clinch Time Warner Inc. deal by Monday to beat rivals https://t.co/5yjBMNUmjW via @dallasnews,,,Twitter
Dallas3,32.8293128,-96.8272358,5616 Lemmon Ave,75209,Fri Oct 21 19:15:40 +0000 2016,@Emma_Wilson44 We’ll be giving away tickets to Taylor fans including AT&amp;T customers + special guests. We’ll share ticketing details later.,,,Twitter
Dallas3,32.8293128,-96.8272358,5616 Lemmon Ave,75209,Fri Oct 21 19:02:56 +0000 2016,"RT @ATTBusiness: Reliable, safer &amp; more efficient smart grids? Yes, with #IoT, our 4G LTE network and Sentient Energy. Discover how: https:…",,,Twitter
Dallas3,32.8293128,-96.8272358,5616 Lemmon Ave,75209,Fri Oct 21 19:02:32 +0000 2016,RT @ATTBusiness: Business-ready is one thing; cybersecurity readiness is another. Access info you need to help defend your data: https://t.…,,,Twitter
Dallas3,32.8293128,-96.8272358,5616 Lemmon Ave,75209,Fri Oct 21 19:01:50 +0000 2016,"We want to see your #ATTRedCarpet watch party! Tweet us your plans, and tune in on @AudienceNetwork on 11/2!… https://t.co/UQPtM1hy5P",,,Twitter
Dallas3,32.8293128,-96.8272358,5616 Lemmon Ave,75209,Fri Oct 21 19:01:43 +0000 2016,AT&amp;T in Talks to Buy Warner Bros. and DC Parent Time Warner https://t.co/ck7CZLdtnJ,,,Twitter
Dallas3,32.8293128,-96.8272358,5616 Lemmon Ave,75209,Fri Oct 21 18:58:55 +0000 2016,"RT @ATT: Watch the @GreenDay @iHeartRadio Album Release Party Tonight, 9pm ET/PT on AUDIENCE. DIRECTV ch 239/U-verse ch 1114. https://t.co/…",,,Twitter
Dallas3,32.8293128,-96.8272358,5616 Lemmon Ave,75209,Fri Oct 21 18:58:49 +0000 2016,Business-ready is one thing; cybersecurity readiness is another. Access info you need to help defend your data:… https://t.co/o0vsMKMClD,,,Twitter
Dallas3,32.8293128,-96.8272358,5616 Lemmon Ave,75209,Fri Oct 21 18:58:25 +0000 2016,"Developers, is your app slow and unresponsive? Speed it up with AT&amp;T ARO https://t.co/KV43Z4jp2C",,,Twitter
Dallas3,32.8293128,-96.8272358,5616 Lemmon Ave,75209,Fri Oct 21 18:55:20 +0000 2016,AT&amp;T and Ericsson demonstrate #5G network capabilities at Texas Wireless Summit https://t.co/CKqLuarcLb #attemployee https://t.co/mNvyDwvevI,,,Twitter
Dallas3,32.8293128,-96.8272358,5616 Lemmon Ave,75209,Fri Oct 21 18:55:18 +0000 2016,"Women in Tech Q&amp;A: Kay Kapoor - President, AT&amp;T Global Business-Public Sector #WomenofATT https://t.co/dG5IDfoWq0… https://t.co/ByjnDSF7hl",,,Twitter
Dallas3,32.8293128,-96.8272358,5616 Lemmon Ave,75209,Fri Oct 21 18:52:59 +0000 2016,RT @7onashoestring: Have you downloaded the @ItCanWait DriveMode app? It's a perfect tool for the 21-Day #ItCanWait Challenge! #sponsor htt…,,,Twitter
Dallas3,32.8293128,-96.8272358,5616 Lemmon Ave,75209,Fri Oct 21 18:44:30 +0000 2016,"#Hillary election protects TimeWarner keep price up for ATT sale, #Trump might say monopoly! #MWM @CNN #ClintonShill https://t.co/NsVtMmufvF",,,Twitter
Dallas3,32.8293128,-96.8272358,5616 Lemmon Ave,75209,Fri Oct 21 18:44:14 +0000 2016,"RT @ATT: Watch the @GreenDay @iHeartRadio Album Release Party Tonight, 9pm ET/PT on AUDIENCE. DIRECTV ch 239/U-verse ch 1114. https://t.co/…",,,Twitter
Dallas3,32.8293128,-96.8272358,5616 Lemmon Ave,75209,Fri Oct 21 18:41:52 +0000 2016,RT @attJOBS: Last year we donated $1M to @GirlsWhoCode &amp; the future careers of women technologists everywhere! #GHC16 https://t.co/rKDF99f5…,,,Twitter
Dallas3,32.8293128,-96.8272358,5616 Lemmon Ave,75209,Fri Oct 21 18:34:14 +0000 2016,RT @ATT: Who made you a college 🏈 fan? Share with #MadeMeAFanContest for a chance to win. Rules https://t.co/hU3I3wFn5V https://t.co/xZbxUJ…,,,Twitter
Dallas3,32.8293128,-96.8272358,5616 Lemmon Ave,75209,Fri Oct 21 18:33:40 +0000 2016,"RT @ATTBusiness: They start their engines, we start the data flow. Taking Red Bull Racing to the next level at the US Grand Prix. https://t…",,,Twitter
Dallas3,32.8293128,-96.8272358,5616 Lemmon Ave,75209,Fri Oct 21 18:31:04 +0000 2016,RT @attJOBS: Our development programs can put you on the right career path. Why? Just ask Brad: https://t.co/bmAjmMvvte #BeTheFuture https:…,,,Twitter
Dallas3,32.8293128,-96.8272358,5616 Lemmon Ave,75209,Fri Oct 21 18:30:10 +0000 2016,Our development programs can put you on the right career path. Why? Just ask Brad: https://t.co/bmAjmMvvte… https://t.co/vwH78Q771F,,,Twitter
Dallas3,32.8293128,-96.8272358,5616 Lemmon Ave,75209,Fri Oct 21 18:23:32 +0000 2016,RT @LisannePowers: Virtual employees can make it easier for enterprises to offer services 24×7 https://t.co/ZnDYPDPKEW #mobile #attemployee,,,Twitter
Dallas3,32.8293128,-96.8272358,5616 Lemmon Ave,75209,Fri Oct 21 17:59:18 +0000 2016,"If you're going to Luke Bryan on Saturday at @ATTStadium, parking is $45. Fair warning. https://t.co/XnWurN0Mr6 https://t.co/wit9ADSFFP",,,Twitter
Dallas3,32.8293128,-96.8272358,5616 Lemmon Ave,75209,Fri Oct 21 17:53:55 +0000 2016,RT @attJOBS: Curious why our employees love #LifeAtATT? Take a look: https://t.co/B7CTVa4b41 #GHC16 #ATTatGHC16 https://t.co/Var5AH1eWP,,,Twitter
Dallas3,32.8293128,-96.8272358,5616 Lemmon Ave,75209,Fri Oct 21 17:53:18 +0000 2016,"""AT&amp;T Is Said to Be in Advanced Merger Talks With Time Warner"" by EMILY STEEL, ANDREW ROSS SORKIN and LESLIE PICKE… https://t.co/d55fEeTL7c",,,Twitter
Dallas3,32.8293128,-96.8272358,5616 Lemmon Ave,75209,Fri Oct 21 17:49:56 +0000 2016,@ATTCares I filed my complaint with the @FCC here https://t.co/inVguPMnYv,,,Twitter
Dallas3,32.8293128,-96.8272358,5616 Lemmon Ave,75209,Fri Oct 21 17:49:19 +0000 2016,RT @ATT: Get a sweet deal on the new iPhone 7 when you switch to AT&amp;T and have DIRECTV. https://t.co/TQVeUkmeZ6 https://t.co/zfZmNpe8AP,,,Twitter
Dallas3,32.8293128,-96.8272358,5616 Lemmon Ave,75209,Fri Oct 21 17:47:37 +0000 2016,"RT @ATT: Watch the @GreenDay @iHeartRadio Album Release Party Tonight, 9pm ET/PT on AUDIENCE. DIRECTV ch 239/U-verse ch 1114. https://t.co/…",,,Twitter
