Store,Latitude,Longitude,Address,Zip,CreatedAt,Text,Senti,Rating,Source
Dallas6,32.8740567,-96.771404,9100 N Central Expressway Suite 105,75231,Sat Oct 22 05:51:03 +0000 2016,RT @ATT: Welcome to the team! @taylorswift13 https://t.co/4h86nLYuLo https://t.co/gAHOi7fPrZ,,,Twitter
Dallas6,32.8740567,-96.771404,9100 N Central Expressway Suite 105,75231,Sat Oct 22 05:47:52 +0000 2016,"RT @ATT: Watch the @GreenDay @iHeartRadio Album Release Party Tonight, 9pm ET/PT on AUDIENCE. DIRECTV ch 239/U-verse ch 1114. https://t.co/…",,,Twitter
Dallas6,32.8740567,-96.771404,9100 N Central Expressway Suite 105,75231,Sat Oct 22 05:04:57 +0000 2016,"RT @ATT: Watch the @GreenDay @iHeartRadio Album Release Party Tonight, 9pm ET/PT on AUDIENCE. DIRECTV ch 239/U-verse ch 1114. https://t.co/…",,,Twitter
Dallas6,32.8740567,-96.771404,9100 N Central Expressway Suite 105,75231,Sat Oct 22 04:58:57 +0000 2016,"RT @ATT: Watch the @GreenDay @iHeartRadio Album Release Party Tonight, 9pm ET/PT on AUDIENCE. DIRECTV ch 239/U-verse ch 1114. https://t.co/…",,,Twitter
Dallas6,32.8740567,-96.771404,9100 N Central Expressway Suite 105,75231,Sat Oct 22 04:37:08 +0000 2016,RT @Uverse: 💋 the ❄️ goodbye 👋 + catch #IceAge Collision Course OnDemand. https://t.co/jzwn0xrX8j https://t.co/WVs9FZcuTm,,,Twitter
Dallas6,32.8740567,-96.771404,9100 N Central Expressway Suite 105,75231,Sat Oct 22 04:25:09 +0000 2016,Why #ATT's pursuit of Time Warner makes sense: ‘It takes an elephant to eat an elephant’ https://t.co/dgP5AIFf5o #DFW #realestate,,,Twitter
Dallas6,32.8740567,-96.771404,9100 N Central Expressway Suite 105,75231,Sat Oct 22 04:24:51 +0000 2016,"RT @ATT: Watch the @GreenDay @iHeartRadio Album Release Party Tonight, 9pm ET/PT on AUDIENCE. DIRECTV ch 239/U-verse ch 1114. https://t.co/…",,,Twitter
Dallas6,32.8740567,-96.771404,9100 N Central Expressway Suite 105,75231,Sat Oct 22 04:20:13 +0000 2016,"@ATTCares usual customer service. NOT! Tech Support says its open 24/7 but elec voice says ""that office is closed"" #goodbye #toughluck",,,Twitter
Dallas6,32.8740567,-96.771404,9100 N Central Expressway Suite 105,75231,Sat Oct 22 04:06:03 +0000 2016,RT @ATT: Welcome to the team! @taylorswift13 https://t.co/4h86nLYuLo https://t.co/gAHOi7fPrZ,,,Twitter
Dallas6,32.8740567,-96.771404,9100 N Central Expressway Suite 105,75231,Sat Oct 22 03:58:41 +0000 2016,@ATT our internet hasn't been working all day - what's the deal #dallas!!,,,Twitter
Dallas6,32.8740567,-96.771404,9100 N Central Expressway Suite 105,75231,Sat Oct 22 03:56:42 +0000 2016,"RT @ATT: Watch the @GreenDay @iHeartRadio Album Release Party Tonight, 9pm ET/PT on AUDIENCE. DIRECTV ch 239/U-verse ch 1114. https://t.co/…",,,Twitter
Dallas6,32.8740567,-96.771404,9100 N Central Expressway Suite 105,75231,Sat Oct 22 03:51:05 +0000 2016,RT @ATT: Welcome to the team! @taylorswift13 https://t.co/4h86nLYuLo https://t.co/gAHOi7fPrZ,,,Twitter
Dallas6,32.8740567,-96.771404,9100 N Central Expressway Suite 105,75231,Sat Oct 22 03:45:00 +0000 2016,"RT @ATT: Watch the @GreenDay @iHeartRadio Album Release Party Tonight, 9pm ET/PT on AUDIENCE. DIRECTV ch 239/U-verse ch 1114. https://t.co/…",,,Twitter
Dallas6,32.8740567,-96.771404,9100 N Central Expressway Suite 105,75231,Sat Oct 22 03:42:55 +0000 2016,RT @ATT: Welcome to the team! @taylorswift13 https://t.co/4h86nLYuLo https://t.co/gAHOi7fPrZ,,,Twitter
Dallas6,32.8740567,-96.771404,9100 N Central Expressway Suite 105,75231,Sat Oct 22 03:37:04 +0000 2016,"RT @ATT: Some people may wait a lifetime, but you don't have to. On 11/2-3, AT&amp;T customers can buy @kelly_clarkson tix early. https://t.co/…",,,Twitter
Dallas6,32.8740567,-96.771404,9100 N Central Expressway Suite 105,75231,Sat Oct 22 03:25:35 +0000 2016,"RT @ATT: Watch the @GreenDay @iHeartRadio Album Release Party Tonight, 9pm ET/PT on AUDIENCE. DIRECTV ch 239/U-verse ch 1114. https://t.co/…",,,Twitter
Dallas6,32.8740567,-96.771404,9100 N Central Expressway Suite 105,75231,Sat Oct 22 03:22:15 +0000 2016,There reason traditional journalism is dead is because consumers demand content entertainment. https://t.co/Mr1JEJmszC,,,Twitter
Dallas6,32.8740567,-96.771404,9100 N Central Expressway Suite 105,75231,Sat Oct 22 03:20:36 +0000 2016,RT @DougMagditch: What’s different about 5G than previous “G’s”? https://t.co/XlcCCSdote #attemployee https://t.co/ateRpmwCPC,,,Twitter
Dallas6,32.8740567,-96.771404,9100 N Central Expressway Suite 105,75231,Sat Oct 22 03:17:51 +0000 2016,RT @ATTBusiness: Business-ready is one thing; cybersecurity readiness is another. Access info you need to help defend your data: https://t.…,,,Twitter
Dallas6,32.8740567,-96.771404,9100 N Central Expressway Suite 105,75231,Sat Oct 22 03:17:26 +0000 2016,"RT @ATT: Some people may wait a lifetime, but you don't have to. On 11/2-3, AT&amp;T customers can buy @kelly_clarkson tix early. https://t.co/…",,,Twitter
Dallas6,32.8740567,-96.771404,9100 N Central Expressway Suite 105,75231,Sat Oct 22 03:16:56 +0000 2016,RT @ktgonkt: When all the aunties of the family come together for thanksgiving dinner https://t.co/Y5YCJkHn4n,,,Twitter
Dallas6,32.8740567,-96.771404,9100 N Central Expressway Suite 105,75231,Sat Oct 22 03:15:07 +0000 2016,RT @ATT: Welcome to the team! @taylorswift13 https://t.co/4h86nLYuLo https://t.co/gAHOi7fPrZ,,,Twitter
Dallas6,32.8740567,-96.771404,9100 N Central Expressway Suite 105,75231,Sat Oct 22 03:13:08 +0000 2016,"RT @ATT: Watch the @GreenDay @iHeartRadio Album Release Party Tonight, 9pm ET/PT on AUDIENCE. DIRECTV ch 239/U-verse ch 1114. https://t.co/…",,,Twitter
Dallas6,32.8740567,-96.771404,9100 N Central Expressway Suite 105,75231,Sat Oct 22 03:12:49 +0000 2016,"RT @ATT: Watch the @GreenDay @iHeartRadio Album Release Party Tonight, 9pm ET/PT on AUDIENCE. DIRECTV ch 239/U-verse ch 1114. https://t.co/…",,,Twitter
Dallas6,32.8740567,-96.771404,9100 N Central Expressway Suite 105,75231,Sat Oct 22 03:12:01 +0000 2016,RT @ATTBusiness: Let us help you fend off cyberattacks. Sign up to receive our #ATTCyberInsights report to craft the right plan: https://t.…,,,Twitter
Dallas6,32.8740567,-96.771404,9100 N Central Expressway Suite 105,75231,Sat Oct 22 03:11:37 +0000 2016,@SopanDeb Imagine what a Trump presidency would look like with the ATT/Time Warner marriage.  Goodbye competition and hello HIGHER PRICES.,,,Twitter
Dallas6,32.8740567,-96.771404,9100 N Central Expressway Suite 105,75231,Sat Oct 22 03:11:09 +0000 2016,RT @ATTBusiness: Business-ready is one thing; cybersecurity readiness is another. Access info you need to help defend your data: https://t.…,,,Twitter
Dallas6,32.8740567,-96.771404,9100 N Central Expressway Suite 105,75231,Sat Oct 22 03:05:05 +0000 2016,RT @ATT: Welcome to the team! @taylorswift13 https://t.co/4h86nLYuLo https://t.co/gAHOi7fPrZ,,,Twitter
Dallas6,32.8740567,-96.771404,9100 N Central Expressway Suite 105,75231,Sat Oct 22 03:02:51 +0000 2016,RT @ATT: Welcome to the team! @taylorswift13 https://t.co/4h86nLYuLo https://t.co/gAHOi7fPrZ,,,Twitter
Dallas6,32.8740567,-96.771404,9100 N Central Expressway Suite 105,75231,Sat Oct 22 03:02:03 +0000 2016,I'm watching Munyar Rhazy https://t.co/B4vf2ETIAF via @sharethis,,,Twitter
Dallas6,32.8740567,-96.771404,9100 N Central Expressway Suite 105,75231,Sat Oct 22 03:01:10 +0000 2016,Why #ATT's pursuit of Time Warner makes sense: ‘It takes an elephant to eat an elephant’ https://t.co/0Bnw3LMJ5A #DFW,,,Twitter
Dallas6,32.8740567,-96.771404,9100 N Central Expressway Suite 105,75231,Sat Oct 22 03:00:44 +0000 2016,#Roadto5G with  #At&amp;t #ATT  @EricssonNA  @ATT https://t.co/wx0bjI240e,,,Twitter
Dallas6,32.8740567,-96.771404,9100 N Central Expressway Suite 105,75231,Sat Oct 22 03:00:04 +0000 2016,"RT @ATT: Watch the @GreenDay @iHeartRadio Album Release Party Tonight, 9pm ET/PT on AUDIENCE. DIRECTV ch 239/U-verse ch 1114. https://t.co/…",,,Twitter
Dallas6,32.8740567,-96.771404,9100 N Central Expressway Suite 105,75231,Sat Oct 22 02:32:56 +0000 2016,Always wonderful but never the same without my #squad. @M_att_L_ewis schmillzy @merlemerand 😘🍴 @… https://t.co/vEyLp6JJdN,,,Twitter
Dallas6,32.8740567,-96.771404,9100 N Central Expressway Suite 105,75231,Sat Oct 22 02:31:11 +0000 2016,"RT @ATT: Some people may wait a lifetime, but you don't have to. On 11/2-3, AT&amp;T customers can buy @kelly_clarkson tix early. https://t.co/…",,,Twitter
Dallas6,32.8740567,-96.771404,9100 N Central Expressway Suite 105,75231,Sat Oct 22 02:30:37 +0000 2016,"RT @ATT: Watch the @GreenDay @iHeartRadio Album Release Party Tonight, 9pm ET/PT on AUDIENCE. DIRECTV ch 239/U-verse ch 1114. https://t.co/…",,,Twitter
Dallas6,32.8740567,-96.771404,9100 N Central Expressway Suite 105,75231,Sat Oct 22 02:25:09 +0000 2016,RT @ATT: Get a sweet deal on the new iPhone 7 when you switch to AT&amp;T and have DIRECTV. https://t.co/TQVeUkmeZ6 https://t.co/zfZmNpe8AP,,,Twitter
Dallas6,32.8740567,-96.771404,9100 N Central Expressway Suite 105,75231,Sat Oct 22 02:22:33 +0000 2016,@ATT agrees in principle to buy Time Warner for $85 billion  https://t.co/ym97zYu1oG,,,Twitter
Dallas6,32.8740567,-96.771404,9100 N Central Expressway Suite 105,75231,Sat Oct 22 02:01:41 +0000 2016,"RT @ATT: Watch the @GreenDay @iHeartRadio Album Release Party Tonight, 9pm ET/PT on AUDIENCE. DIRECTV ch 239/U-verse ch 1114. https://t.co/…",,,Twitter
Dallas6,32.8740567,-96.771404,9100 N Central Expressway Suite 105,75231,Sat Oct 22 01:46:11 +0000 2016,RT @ATT: Get a sweet deal on the new iPhone 7 when you switch to AT&amp;T and have DIRECTV. https://t.co/TQVeUkmeZ6 https://t.co/zfZmNpe8AP,,,Twitter
Dallas6,32.8740567,-96.771404,9100 N Central Expressway Suite 105,75231,Sat Oct 22 01:43:49 +0000 2016,So AT&amp;T took my U-Verse &amp; gave me DirecTV after that acquisition. Will they kill DirecTV &amp; make me take the Time Wa… https://t.co/oKmcuRMfl9,,,Twitter
Dallas6,32.8740567,-96.771404,9100 N Central Expressway Suite 105,75231,Sat Oct 22 01:43:22 +0000 2016,RT @ATT: Welcome to the team! @taylorswift13 https://t.co/4h86nLYuLo https://t.co/gAHOi7fPrZ,,,Twitter
Dallas6,32.8740567,-96.771404,9100 N Central Expressway Suite 105,75231,Sat Oct 22 01:42:21 +0000 2016,"Going on FOUR days without @ATT wireless service, can't get @ATTCares to respond to my latest msg. #ATTCommunity #CustomerService",,,Twitter
Dallas6,32.8740567,-96.771404,9100 N Central Expressway Suite 105,75231,Sat Oct 22 01:39:04 +0000 2016,RT @attJOBS: Curious why our employees love #LifeAtATT? Take a look: https://t.co/B7CTVa4b41 #GHC16 #ATTatGHC16 https://t.co/Var5AH1eWP,,,Twitter
Dallas6,32.8740567,-96.771404,9100 N Central Expressway Suite 105,75231,Sat Oct 22 01:22:14 +0000 2016,Why #ATT's pursuit of Time Warner makes sense: ‘It takes an elephant to eat an elephant’ https://t.co/LYfEf9N6eM #DFW #Tech,,,Twitter
Dallas6,32.8740567,-96.771404,9100 N Central Expressway Suite 105,75231,Sat Oct 22 01:13:55 +0000 2016,"RT @ATT: Watch the @GreenDay @iHeartRadio Album Release Party Tonight, 9pm ET/PT on AUDIENCE. DIRECTV ch 239/U-verse ch 1114. https://t.co/…",,,Twitter
Dallas6,32.8740567,-96.771404,9100 N Central Expressway Suite 105,75231,Sat Oct 22 01:02:05 +0000 2016,"RT @ATT: Watch the @GreenDay @iHeartRadio Album Release Party Tonight, 9pm ET/PT on AUDIENCE. DIRECTV ch 239/U-verse ch 1114. https://t.co/…",,,Twitter
Dallas6,32.8740567,-96.771404,9100 N Central Expressway Suite 105,75231,Sat Oct 22 00:57:07 +0000 2016,Why AT&amp;T's pursuit of Time Warner makes sense: ‘It takes an elephant to eat an elephant’ https://t.co/U9yaTYaYg4,,,Twitter
Dallas6,32.8740567,-96.771404,9100 N Central Expressway Suite 105,75231,Sat Oct 22 00:51:12 +0000 2016,"RT @ATT: Watch the @GreenDay @iHeartRadio Album Release Party Tonight, 9pm ET/PT on AUDIENCE. DIRECTV ch 239/U-verse ch 1114. https://t.co/…",,,Twitter
Dallas6,32.8740567,-96.771404,9100 N Central Expressway Suite 105,75231,Sat Oct 22 00:48:42 +0000 2016,"RT @ATT: Watch the @GreenDay @iHeartRadio Album Release Party Tonight, 9pm ET/PT on AUDIENCE. DIRECTV ch 239/U-verse ch 1114. https://t.co/…",,,Twitter
Dallas6,32.8740567,-96.771404,9100 N Central Expressway Suite 105,75231,Sat Oct 22 00:38:35 +0000 2016,"RT @ATT: Some people may wait a lifetime, but you don't have to. On 11/2-3, AT&amp;T customers can buy @kelly_clarkson tix early. https://t.co/…",,,Twitter
Dallas6,32.8740567,-96.771404,9100 N Central Expressway Suite 105,75231,Sat Oct 22 00:35:35 +0000 2016,"RT @ATT: Watch the @GreenDay @iHeartRadio Album Release Party Tonight, 9pm ET/PT on AUDIENCE. DIRECTV ch 239/U-verse ch 1114. https://t.co/…",,,Twitter
Dallas6,32.8740567,-96.771404,9100 N Central Expressway Suite 105,75231,Sat Oct 22 00:31:31 +0000 2016,RT @theeagledallas: WATCH Green Day's album release party with @iHeartRadio &amp; @ATT TONIGHT 9PM ET/PT 🎸 https://t.co/xa5cQQVGxg https://t.co…,,,Twitter
Dallas6,32.8740567,-96.771404,9100 N Central Expressway Suite 105,75231,Sat Oct 22 00:30:02 +0000 2016,WATCH Green Day's album release party with @iHeartRadio &amp; @ATT TONIGHT 9PM ET/PT 🎸 https://t.co/xa5cQQVGxg https://t.co/s6unQBd9wY,,,Twitter
Dallas6,32.8740567,-96.771404,9100 N Central Expressway Suite 105,75231,Sat Oct 22 00:24:06 +0000 2016,RT @Jacqueline062: @ATT has the worst customer service imaginable. 😡,,,Twitter
Dallas6,32.8740567,-96.771404,9100 N Central Expressway Suite 105,75231,Sat Oct 22 00:15:02 +0000 2016,RT @ATT: Welcome to the team! @taylorswift13 https://t.co/4h86nLYuLo https://t.co/gAHOi7fPrZ,,,Twitter
Dallas6,32.8740567,-96.771404,9100 N Central Expressway Suite 105,75231,Sat Oct 22 00:07:32 +0000 2016,RT @ATT: Welcome to the team! @taylorswift13 https://t.co/4h86nLYuLo https://t.co/gAHOi7fPrZ,,,Twitter
Dallas6,32.8740567,-96.771404,9100 N Central Expressway Suite 105,75231,Sat Oct 22 00:06:16 +0000 2016,"RT @ATT: Watch the @GreenDay @iHeartRadio Album Release Party Tonight, 9pm ET/PT on AUDIENCE. DIRECTV ch 239/U-verse ch 1114. https://t.co/…",,,Twitter
Dallas6,32.8740567,-96.771404,9100 N Central Expressway Suite 105,75231,Fri Oct 21 23:59:09 +0000 2016,"Happy birthday, @RevoltTV. 🎁 🎉 Thanks for keeping our 📺 full of  🎧 ✨ 🔑! #Revolt3 https://t.co/whlncM6gsM",,,Twitter
Dallas6,32.8740567,-96.771404,9100 N Central Expressway Suite 105,75231,Fri Oct 21 23:50:39 +0000 2016,"RT @ATT: Some people may wait a lifetime, but you don't have to. On 11/2-3, AT&amp;T customers can buy @kelly_clarkson tix early. https://t.co/…",,,Twitter
Dallas6,32.8740567,-96.771404,9100 N Central Expressway Suite 105,75231,Fri Oct 21 23:47:29 +0000 2016,"RT @ATT: Some people may wait a lifetime, but you don't have to. On 11/2-3, AT&amp;T customers can buy @kelly_clarkson tix early. https://t.co/…",,,Twitter
Dallas6,32.8740567,-96.771404,9100 N Central Expressway Suite 105,75231,Fri Oct 21 23:46:45 +0000 2016,"RT @ATT: Watch the @GreenDay @iHeartRadio Album Release Party Tonight, 9pm ET/PT on AUDIENCE. DIRECTV ch 239/U-verse ch 1114. https://t.co/…",,,Twitter
Dallas6,32.8740567,-96.771404,9100 N Central Expressway Suite 105,75231,Fri Oct 21 23:43:47 +0000 2016,"RT @ATT: Watch the @GreenDay @iHeartRadio Album Release Party Tonight, 9pm ET/PT on AUDIENCE. DIRECTV ch 239/U-verse ch 1114. https://t.co/…",,,Twitter
Dallas6,32.8740567,-96.771404,9100 N Central Expressway Suite 105,75231,Fri Oct 21 23:43:10 +0000 2016,AT&amp;T is close to acquiring Time Warner for $85 billion https://t.co/bMVqV5YDkQ @scottia https://t.co/S57gnUew3M,,,Twitter
Dallas6,32.8740567,-96.771404,9100 N Central Expressway Suite 105,75231,Fri Oct 21 23:41:09 +0000 2016,"RT @attJOBS: Thanks to everyone who stopped by our booth at #GHC16! Learn more about opportunities in tech: https://t.co/G5mrrSe7ih
 #ATTat…",,,Twitter
Dallas6,32.8740567,-96.771404,9100 N Central Expressway Suite 105,75231,Fri Oct 21 23:40:54 +0000 2016,"RT @ATT: Some people may wait a lifetime, but you don't have to. On 11/2-3, AT&amp;T customers can buy @kelly_clarkson tix early. https://t.co/…",,,Twitter
Dallas6,32.8740567,-96.771404,9100 N Central Expressway Suite 105,75231,Fri Oct 21 23:34:22 +0000 2016,"RT @ATT: Watch the @GreenDay @iHeartRadio Album Release Party Tonight, 9pm ET/PT on AUDIENCE. DIRECTV ch 239/U-verse ch 1114. https://t.co/…",,,Twitter
Dallas6,32.8740567,-96.771404,9100 N Central Expressway Suite 105,75231,Fri Oct 21 23:33:45 +0000 2016,RT @ATT: Welcome to the team! @taylorswift13 https://t.co/4h86nLYuLo https://t.co/gAHOi7fPrZ,,,Twitter
Dallas6,32.8740567,-96.771404,9100 N Central Expressway Suite 105,75231,Fri Oct 21 23:24:16 +0000 2016,RT @ATT: Welcome to the team! @taylorswift13 https://t.co/4h86nLYuLo https://t.co/gAHOi7fPrZ,,,Twitter
Dallas6,32.8740567,-96.771404,9100 N Central Expressway Suite 105,75231,Fri Oct 21 23:18:07 +0000 2016,"RT @ATT: Watch the @GreenDay @iHeartRadio Album Release Party Tonight, 9pm ET/PT on AUDIENCE. DIRECTV ch 239/U-verse ch 1114. https://t.co/…",,,Twitter
Dallas6,32.8740567,-96.771404,9100 N Central Expressway Suite 105,75231,Fri Oct 21 23:11:45 +0000 2016,"RT @ATT: Some people may wait a lifetime, but you don't have to. On 11/2-3, AT&amp;T customers can buy @kelly_clarkson tix early. https://t.co/…",,,Twitter
Dallas6,32.8740567,-96.771404,9100 N Central Expressway Suite 105,75231,Fri Oct 21 23:10:51 +0000 2016,"@ATTCares Thanks, but no concern. Just pointing out the fantastic service!",,,Twitter
Dallas6,32.8740567,-96.771404,9100 N Central Expressway Suite 105,75231,Fri Oct 21 23:06:22 +0000 2016,.@ATTCares Nice tower! https://t.co/3bZYFyYgxj,,,Twitter
Dallas6,32.8740567,-96.771404,9100 N Central Expressway Suite 105,75231,Fri Oct 21 23:03:48 +0000 2016,RT @ATT: Welcome to the team! @taylorswift13 https://t.co/4h86nLYuLo https://t.co/gAHOi7fPrZ,,,Twitter
Dallas6,32.8740567,-96.771404,9100 N Central Expressway Suite 105,75231,Fri Oct 21 23:01:40 +0000 2016,$T $TMX Time Warner is getting Acquired by ATT. https://t.co/HYao0A9Fmg,,,Twitter
Dallas6,32.8740567,-96.771404,9100 N Central Expressway Suite 105,75231,Fri Oct 21 23:00:02 +0000 2016,Not sure how to secure a downloaded bigtincan from AT&amp;T story? Learn how at  https://t.co/7ufY2CaOux https://t.co/Gv2SUrJ7fd,,,Twitter
Dallas6,32.8740567,-96.771404,9100 N Central Expressway Suite 105,75231,Fri Oct 21 23:00:01 +0000 2016,"Thanks to everyone who stopped by our booth at #GHC16! Learn more about opportunities in tech: https://t.co/G5mrrSe7ih
 #ATTatGHC16",,,Twitter
Dallas6,32.8740567,-96.771404,9100 N Central Expressway Suite 105,75231,Fri Oct 21 22:58:28 +0000 2016,"RT @ATT: Watch the @GreenDay @iHeartRadio Album Release Party Tonight, 9pm ET/PT on AUDIENCE. DIRECTV ch 239/U-verse ch 1114. https://t.co/…",,,Twitter
Dallas6,32.8740567,-96.771404,9100 N Central Expressway Suite 105,75231,Fri Oct 21 22:56:46 +0000 2016,RT @attJOBS: Curious why our employees love #LifeAtATT? Take a look: https://t.co/B7CTVa4b41 #GHC16 #ATTatGHC16 https://t.co/Var5AH1eWP,,,Twitter
Dallas6,32.8740567,-96.771404,9100 N Central Expressway Suite 105,75231,Fri Oct 21 22:50:35 +0000 2016,"RT @ATT: Some people may wait a lifetime, but you don't have to. On 11/2-3, AT&amp;T customers can buy @kelly_clarkson tix early. https://t.co/…",,,Twitter
Dallas6,32.8740567,-96.771404,9100 N Central Expressway Suite 105,75231,Fri Oct 21 22:48:33 +0000 2016,"RT @ATT: Some people may wait a lifetime, but you don't have to. On 11/2-3, AT&amp;T customers can buy @kelly_clarkson tix early. https://t.co/…",,,Twitter
Dallas6,32.8740567,-96.771404,9100 N Central Expressway Suite 105,75231,Fri Oct 21 22:45:15 +0000 2016,#TimeWarner got out of their unprofitable content distrubution business. #ATT wants TW's content. So... https://t.co/FMWyeQNmVc,,,Twitter
Dallas6,32.8740567,-96.771404,9100 N Central Expressway Suite 105,75231,Fri Oct 21 22:43:55 +0000 2016,"RT @ATT: Some people may wait a lifetime, but you don't have to. On 11/2-3, AT&amp;T customers can buy @kelly_clarkson tix early. https://t.co/…",,,Twitter
Dallas6,32.8740567,-96.771404,9100 N Central Expressway Suite 105,75231,Fri Oct 21 22:43:35 +0000 2016,"RT @ATT: Some people may wait a lifetime, but you don't have to. On 11/2-3, AT&amp;T customers can buy @kelly_clarkson tix early. https://t.co/…",,,Twitter
Dallas6,32.8740567,-96.771404,9100 N Central Expressway Suite 105,75231,Fri Oct 21 22:38:22 +0000 2016,"Some people may wait a lifetime, but you don't have to. On 11/2-3, AT&amp;T customers can buy @kelly_clarkson tix early… https://t.co/VOtYnGSxc6",,,Twitter
Dallas6,32.8740567,-96.771404,9100 N Central Expressway Suite 105,75231,Fri Oct 21 22:29:19 +0000 2016,"RT @ATT: Watch the @GreenDay @iHeartRadio Album Release Party Tonight, 9pm ET/PT on AUDIENCE. DIRECTV ch 239/U-verse ch 1114. https://t.co/…",,,Twitter
Dallas6,32.8740567,-96.771404,9100 N Central Expressway Suite 105,75231,Fri Oct 21 22:26:27 +0000 2016,"RT @ATT: Watch the @GreenDay @iHeartRadio Album Release Party Tonight, 9pm ET/PT on AUDIENCE. DIRECTV ch 239/U-verse ch 1114. https://t.co/…",,,Twitter
Dallas6,32.8740567,-96.771404,9100 N Central Expressway Suite 105,75231,Fri Oct 21 22:21:01 +0000 2016,RT @Uverse: Friday night plans? You + 🛋 + 🍿 + Liam Hemsworth. Order Independence Day: Resurgence and call it a date. https://t.co/tPqA5w8Gp…,,,Twitter
Dallas6,32.8740567,-96.771404,9100 N Central Expressway Suite 105,75231,Fri Oct 21 22:03:59 +0000 2016,RT @ATT: Welcome to the team! @taylorswift13 https://t.co/4h86nLYuLo https://t.co/gAHOi7fPrZ,,,Twitter
Dallas6,32.8740567,-96.771404,9100 N Central Expressway Suite 105,75231,Fri Oct 21 22:00:02 +0000 2016,Friday night plans? You + 🛋 + 🍿 + Liam Hemsworth. Order Independence Day: Resurgence and call it a date.… https://t.co/e6zV9C880w,,,Twitter
Dallas6,32.8740567,-96.771404,9100 N Central Expressway Suite 105,75231,Fri Oct 21 21:46:34 +0000 2016,Report: AT&amp;T in talks to buy Time Warner https://t.co/VkRdzT3W3k #tech,,,Twitter
Dallas6,32.8740567,-96.771404,9100 N Central Expressway Suite 105,75231,Fri Oct 21 21:44:52 +0000 2016,"RT @ATTBusiness: #DDoS attacks are increasing, but you can fight back. Learn how to prepare #CDN-level protection: http://t.co/7yNdsqh49s",,,Twitter
Dallas6,32.8740567,-96.771404,9100 N Central Expressway Suite 105,75231,Fri Oct 21 21:44:52 +0000 2016,"RT @ATTBusiness: #DDoS attacks are increasing, but you can fight back. Learn how to prepare #CDN-level protection: http://t.co/7yNdsqh49s",,,Twitter
Dallas6,32.8740567,-96.771404,9100 N Central Expressway Suite 105,75231,Fri Oct 21 21:38:49 +0000 2016,"RT @ATT: Watch the @GreenDay @iHeartRadio Album Release Party Tonight, 9pm ET/PT on AUDIENCE. DIRECTV ch 239/U-verse ch 1114. https://t.co/…",,,Twitter
Dallas6,32.8740567,-96.771404,9100 N Central Expressway Suite 105,75231,Fri Oct 21 21:37:58 +0000 2016,RT @ATT: Welcome to the team! @taylorswift13 https://t.co/4h86nLYuLo https://t.co/gAHOi7fPrZ,,,Twitter
Dallas6,32.8740567,-96.771404,9100 N Central Expressway Suite 105,75231,Fri Oct 21 21:30:54 +0000 2016,RT @7onashoestring: Have you downloaded the @ItCanWait DriveMode app? It's a perfect tool for the 21-Day #ItCanWait Challenge! #sponsor htt…,,,Twitter
Dallas6,32.8740567,-96.771404,9100 N Central Expressway Suite 105,75231,Fri Oct 21 21:28:12 +0000 2016,"RT @ATT: Watch the @GreenDay @iHeartRadio Album Release Party Tonight, 9pm ET/PT on AUDIENCE. DIRECTV ch 239/U-verse ch 1114. https://t.co/…",,,Twitter
Dallas6,32.8740567,-96.771404,9100 N Central Expressway Suite 105,75231,Fri Oct 21 21:27:48 +0000 2016,"RT @RobinatRibit: AT&amp;T considering purchase of Time Warner Inc. (and with it, HBO) https://t.co/ibEYQmOR3Z https://t.co/z0JNBsx0kw",,,Twitter
Dallas6,32.8740567,-96.771404,9100 N Central Expressway Suite 105,75231,Fri Oct 21 21:26:40 +0000 2016,RT @7onashoestring: Have you downloaded the @ItCanWait DriveMode app? It's a perfect tool for the 21-Day #ItCanWait Challenge! #sponsor htt…,,,Twitter
