Store,Latitude,Longitude,Address,Zip,CreatedAt,Text,Senti,Rating,Source
Dallas16,32.865482,-96.805688,5960 W Northwest Hwy,75225,Tue Oct 25 19:18:13 +0000 2016,"AT&amp;T CEO Stephenson speaks, reveals long-awaited price point for DirecTV Now: AT&amp;T’s first foray into streaming TV… https://t.co/77HfyrT2aN",,,Twitter
Dallas16,32.865482,-96.805688,5960 W Northwest Hwy,75225,Tue Oct 25 19:18:10 +0000 2016,"AT&amp;T CEO Stephenson speaks, reveals long-awaited price point for DirecTV Now https://t.co/aI6Fk9WDoE #Dallas",,,Twitter
Dallas16,32.865482,-96.805688,5960 W Northwest Hwy,75225,Tue Oct 25 19:13:17 +0000 2016,"@JenSwirsky Jen, you're making our day! Thanks for the #ATTLove. https://t.co/isGmJhfqMn",,,Twitter
Dallas16,32.865482,-96.805688,5960 W Northwest Hwy,75225,Tue Oct 25 19:11:38 +0000 2016,DallasBizNews: RT DBJShinneman: Stephenson said some new stuff about DirecTV Now and Time Warner this morning https://t.co/QfjPIqRLFx $T D…,,,Twitter
Dallas16,32.865482,-96.805688,5960 W Northwest Hwy,75225,Tue Oct 25 19:11:34 +0000 2016,RT @DBJShinneman: Stephenson said some new stuff about DirecTV Now and Time Warner this morning https://t.co/fgq2QFh1dC $T @DallasBizNews,,,Twitter
Dallas16,32.865482,-96.805688,5960 W Northwest Hwy,75225,Tue Oct 25 19:10:03 +0000 2016,Stephenson said some new stuff about DirecTV Now and Time Warner this morning https://t.co/fgq2QFh1dC $T @DallasBizNews,,,Twitter
Dallas16,32.865482,-96.805688,5960 W Northwest Hwy,75225,Tue Oct 25 19:03:13 +0000 2016,#ATT announces launch of DirecTV Now for $35 a month https://t.co/QOyfkCUX2v #DFW,,,Twitter
Dallas16,32.865482,-96.805688,5960 W Northwest Hwy,75225,Tue Oct 25 19:02:03 +0000 2016,RT @attJOBS: At the end of an interview you have a chance to make a lasting impression. Take it! Learn how: https://t.co/Fq9rgFL6f3 #Career…,,,Twitter
Dallas16,32.865482,-96.805688,5960 W Northwest Hwy,75225,Tue Oct 25 19:01:24 +0000 2016,RT @attJOBS: We're helping connect youth to their first jobs by signing on to the White House's First Job Compact. Learn more: https://t.co…,,,Twitter
Dallas16,32.865482,-96.805688,5960 W Northwest Hwy,75225,Tue Oct 25 19:00:36 +0000 2016,"RT @attJOBS: With the power to shape new accessibility tech (like a speech-to-text hearing aid), #InclusionWorks at AT&amp;T. https://t.co/P4aq…",,,Twitter
Dallas16,32.865482,-96.805688,5960 W Northwest Hwy,75225,Tue Oct 25 19:00:23 +0000 2016,AT&amp;T announces launch of new video streaming product DirecTV Now for $35 a month. https://t.co/v7LI0v8hPx,,,Twitter
Dallas16,32.865482,-96.805688,5960 W Northwest Hwy,75225,Tue Oct 25 18:55:19 +0000 2016,What’s different about 5G than previous “G’s”? https://t.co/5LAELBQ3aq #attemployee https://t.co/aLAuzCLFvV,,,Twitter
Dallas16,32.865482,-96.805688,5960 W Northwest Hwy,75225,Tue Oct 25 18:55:19 +0000 2016,@eyeMediaDiva talks what makes for a good brand influencer on #TheBridgeATT https://t.co/7WZA2Dmkuz #attemployee https://t.co/mOdZ59mkpJ,,,Twitter
Dallas16,32.865482,-96.805688,5960 W Northwest Hwy,75225,Tue Oct 25 18:55:16 +0000 2016,"When They Destroy, We Deploy: NDR 2016 by the Numbers https://t.co/mQ8vLMk9Xk #attemployee https://t.co/gMhMY9sbcm",,,Twitter
Dallas16,32.865482,-96.805688,5960 W Northwest Hwy,75225,Tue Oct 25 18:36:05 +0000 2016,RT @attJOBS: Share what you love about technology with our customers. Now Hiring throughout the Bay Area! https://t.co/ig3a1FgKS4 https://t…,,,Twitter
Dallas16,32.865482,-96.805688,5960 W Northwest Hwy,75225,Tue Oct 25 18:34:47 +0000 2016,RT @ATTBusiness: Watch how to protect your business from evolving threats. Get our report to learn more: https://t.co/8Ixmpp7esC #ATTCyberC…,,,Twitter
Dallas16,32.865482,-96.805688,5960 W Northwest Hwy,75225,Tue Oct 25 18:33:45 +0000 2016,Useful glossary of AT&amp;T and Time Warner speak from @melissa_repko https://t.co/LCHlH0nhzZ via @dallasnews,,,Twitter
Dallas16,32.865482,-96.805688,5960 W Northwest Hwy,75225,Tue Oct 25 18:33:40 +0000 2016,Just watched the @WSJ feed featuring the CEOs of ATT and Time Warner. Looks like we're all getting $35 cable/satellite and free college!,,,Twitter
Dallas16,32.865482,-96.805688,5960 W Northwest Hwy,75225,Tue Oct 25 18:33:31 +0000 2016,AT&amp;T's online-only DirecTV service costs $35 a month - It's been just a few days since AT&amp;amp;T announced that ... https://t.co/kexlWuU5Z7,,,Twitter
Dallas16,32.865482,-96.805688,5960 W Northwest Hwy,75225,Tue Oct 25 18:27:17 +0000 2016,@ATT might have the worst customer service out there. Honestly should consider changing dept name to Customer Disservice.,,,Twitter
Dallas16,32.865482,-96.805688,5960 W Northwest Hwy,75225,Tue Oct 25 18:26:23 +0000 2016,AT&amp;T's online-only DirecTV service costs $35 a month https://t.co/IwkgY69xXz via @engadget,,,Twitter
Dallas16,32.865482,-96.805688,5960 W Northwest Hwy,75225,Tue Oct 25 18:26:09 +0000 2016,#ATT announces launch of DirecTV Now for $35 a month https://t.co/gi4hMBNfnP #DFW #Tech,,,Twitter
Dallas16,32.865482,-96.805688,5960 W Northwest Hwy,75225,Tue Oct 25 18:25:32 +0000 2016,"AT&amp;T Will Launch $35-Per-Month Streaming TV With 100+ Channels: ""DirecTV Now"" will launch with partnerships f... https://t.co/fO3PRHd0Kq",,,Twitter
Dallas16,32.865482,-96.805688,5960 W Northwest Hwy,75225,Tue Oct 25 18:23:56 +0000 2016,RT @melissa_repko: AT&amp;T CEO Randall Stephenson says DirecTV Now streaming service will launch in late November and cost $35 per month.,,,Twitter
Dallas16,32.865482,-96.805688,5960 W Northwest Hwy,75225,Tue Oct 25 18:23:30 +0000 2016,We have a DirecTV Now price point: AT&amp;T CEO Stephenson says at #WSJlive that streaming product will cost $35 a month,,,Twitter
Dallas16,32.865482,-96.805688,5960 W Northwest Hwy,75225,Tue Oct 25 18:22:11 +0000 2016,RT @melissa_repko: AT&amp;T CEO Randall Stephenson says DirecTV Now streaming service will launch in late November and cost $35 per month.,,,Twitter
Dallas16,32.865482,-96.805688,5960 W Northwest Hwy,75225,Tue Oct 25 18:21:00 +0000 2016,An AT&amp;T-Time Warner Merger Won’t Do Jack for Consumers - https://t.co/JtVwGYawGf,,,Twitter
Dallas16,32.865482,-96.805688,5960 W Northwest Hwy,75225,Tue Oct 25 18:20:21 +0000 2016,AT&amp;T will offer $35 subscription with 100 channels and includes mobile streaming https://t.co/8w9jZaG10C,,,Twitter
Dallas16,32.865482,-96.805688,5960 W Northwest Hwy,75225,Tue Oct 25 18:19:36 +0000 2016,RT @PhilipTKingston: https://t.co/5ITqgbqyPo,,,Twitter
Dallas16,32.865482,-96.805688,5960 W Northwest Hwy,75225,Tue Oct 25 18:16:52 +0000 2016,AT&amp;T's online-only DirecTV service costs $35 a month - It's been just a few days since AT&amp;amp;T announced that ... https://t.co/d2scuHvVu4,,,Twitter
Dallas16,32.865482,-96.805688,5960 W Northwest Hwy,75225,Tue Oct 25 18:15:34 +0000 2016,RT @melissa_repko: Stephenson rejects consumer concerns that merger is ploy to raise prices. He points to $35/month price of new streaming…,,,Twitter
Dallas16,32.865482,-96.805688,5960 W Northwest Hwy,75225,Tue Oct 25 18:15:11 +0000 2016,RT @melissa_repko: AT&amp;T CEO Randall Stephenson says DirecTV Now streaming service will launch in late November and cost $35 per month.,,,Twitter
Dallas16,32.865482,-96.805688,5960 W Northwest Hwy,75225,Tue Oct 25 18:14:29 +0000 2016,https://t.co/5ITqgbqyPo,,,Twitter
Dallas16,32.865482,-96.805688,5960 W Northwest Hwy,75225,Tue Oct 25 18:06:27 +0000 2016,RT @SportsDayDFW: Big 12's decision on football divisions expected in near future; AT&amp;T Stadium favored to host title game? https://t.co/km…,,,Twitter
Dallas16,32.865482,-96.805688,5960 W Northwest Hwy,75225,Tue Oct 25 18:05:46 +0000 2016,"Stephenson rejects consumer concerns that merger is ploy to raise prices. He points to $35/month price of new streaming product, DirecTV Now",,,Twitter
Dallas16,32.865482,-96.805688,5960 W Northwest Hwy,75225,Tue Oct 25 18:03:46 +0000 2016,@Uverse I hope you guys realize people have to work from home and the internet these days is as important as air. Fix your shitty internet,,,Twitter
Dallas16,32.865482,-96.805688,5960 W Northwest Hwy,75225,Tue Oct 25 18:01:48 +0000 2016,With the insane number of problems Ive had with @Uverse they should be switching me to giga power for free #worstinternetever #uverse,,,Twitter
Dallas16,32.865482,-96.805688,5960 W Northwest Hwy,75225,Tue Oct 25 18:01:17 +0000 2016,RT @ATTBusiness: Watch how to protect your business from evolving threats. Get our report to learn more: https://t.co/8Ixmpp7esC #ATTCyberC…,,,Twitter
Dallas16,32.865482,-96.805688,5960 W Northwest Hwy,75225,Tue Oct 25 17:59:58 +0000 2016,RT @ATT: Welcome to the team! @taylorswift13 https://t.co/4h86nLYuLo https://t.co/gAHOi7fPrZ,,,Twitter
Dallas16,32.865482,-96.805688,5960 W Northwest Hwy,75225,Tue Oct 25 17:59:20 +0000 2016,Seriously if you live in DFW don't get @Uverse their customer service sucks and they have no sense of urgency #at&amp;tuverse #uverse,,,Twitter
Dallas16,32.865482,-96.805688,5960 W Northwest Hwy,75225,Tue Oct 25 17:58:32 +0000 2016,I used to think @Uverse was more reliable than TWC but Ive never had a worse experience with my internet problems than Ive had with att,,,Twitter
Dallas16,32.865482,-96.805688,5960 W Northwest Hwy,75225,Tue Oct 25 17:57:18 +0000 2016,RT @ATT: Welcome to the team! @taylorswift13 https://t.co/4h86nLYuLo https://t.co/gAHOi7fPrZ,,,Twitter
Dallas16,32.865482,-96.805688,5960 W Northwest Hwy,75225,Tue Oct 25 17:55:57 +0000 2016,AT&amp;T CEO Randall Stephenson says DirecTV Now streaming service will launch in late November and cost $35 per month.,,,Twitter
Dallas16,32.865482,-96.805688,5960 W Northwest Hwy,75225,Tue Oct 25 17:50:21 +0000 2016,"RT @dallasnews: Can @ATT and @twxcorp avoid a left-brain, right-brain culture clash? https://t.co/yHdZP2gthZ | @MitchSchnurman https://t.co…",,,Twitter
Dallas16,32.865482,-96.805688,5960 W Northwest Hwy,75225,Tue Oct 25 17:48:13 +0000 2016,@ATTCares still not working :(,,,Twitter
Dallas16,32.865482,-96.805688,5960 W Northwest Hwy,75225,Tue Oct 25 17:47:18 +0000 2016,RT @SportsDayDFW: Big 12's decision on football divisions expected in near future; AT&amp;T Stadium favored to host title game? https://t.co/km…,,,Twitter
Dallas16,32.865482,-96.805688,5960 W Northwest Hwy,75225,Tue Oct 25 17:46:38 +0000 2016,@MaxAulakh Hi Max. We want to help get to the bottom of this. Are you able to DM us your account number and contact phone number?,,,Twitter
Dallas16,32.865482,-96.805688,5960 W Northwest Hwy,75225,Tue Oct 25 17:45:11 +0000 2016,damn s/o @ATT for spying on Americans for profit AND providing shit internet,,,Twitter
Dallas16,32.865482,-96.805688,5960 W Northwest Hwy,75225,Tue Oct 25 17:40:35 +0000 2016,Millennials - largest generation of US workforce &amp; likely over 1/2 global by 2020 https://t.co/nrmXqjKfQV #telecom #attemployee,,,Twitter
Dallas16,32.865482,-96.805688,5960 W Northwest Hwy,75225,Tue Oct 25 17:37:35 +0000 2016,"Iowa Sen. Grassley calls for review of AT&amp;T, Time Warner deal https://t.co/OhjWTbq6ks",,,Twitter
Dallas16,32.865482,-96.805688,5960 W Northwest Hwy,75225,Tue Oct 25 17:37:06 +0000 2016,AT&amp;T begins push to sell customers on Time Warner merger https://t.co/Hy26OVyKjI | @melissa_repko https://t.co/ysgmhStvKk,,,Twitter
Dallas16,32.865482,-96.805688,5960 W Northwest Hwy,75225,Tue Oct 25 17:32:33 +0000 2016,RT @ATTBusiness: Watch how to protect your business from evolving threats. Get our report to learn more: https://t.co/8Ixmpp7esC #ATTCyberC…,,,Twitter
Dallas16,32.865482,-96.805688,5960 W Northwest Hwy,75225,Tue Oct 25 17:31:02 +0000 2016,RT @ATT: Another reason to smile for the camera. The #LGV20 from @LGUSAMobile will be available in stores starting today. https://t.co/TILu…,,,Twitter
Dallas16,32.865482,-96.805688,5960 W Northwest Hwy,75225,Tue Oct 25 17:28:52 +0000 2016,RT @attJOBS: Our new #SanFrancisco flagship store is restored and ready for the future with our latest technology. Take a look: https://t.c…,,,Twitter
Dallas16,32.865482,-96.805688,5960 W Northwest Hwy,75225,Tue Oct 25 17:23:14 +0000 2016,"How to talk about the #ATT, Time Warner deal like an insider https://t.co/vO3oDsR86f #DFW #Tech",,,Twitter
Dallas16,32.865482,-96.805688,5960 W Northwest Hwy,75225,Tue Oct 25 17:15:33 +0000 2016,New media agency Hearts &amp; Science lands AT&amp;T / opens #Dallas shop / plans to hire 100 people. Welcome to Big D! https://t.co/UQ76xMu0sE,,,Twitter
Dallas16,32.865482,-96.805688,5960 W Northwest Hwy,75225,Tue Oct 25 17:11:34 +0000 2016,RT @ATT: Another reason to smile for the camera. The #LGV20 from @LGUSAMobile will be available in stores starting today. https://t.co/TILu…,,,Twitter
Dallas16,32.865482,-96.805688,5960 W Northwest Hwy,75225,Tue Oct 25 17:07:48 +0000 2016,"RT @dmn_cowboys: No playoff games at AT&amp;T Stadium the first 3 rounds, but The Star may host postseason games the first 5 rounds  https://t.…",,,Twitter
Dallas16,32.865482,-96.805688,5960 W Northwest Hwy,75225,Tue Oct 25 17:05:06 +0000 2016,Why Democrats and Republicans both want to stop the AT&amp;T/Time Warner merger https://t.co/NsiQ6GFYIv,,,Twitter
Dallas16,32.865482,-96.805688,5960 W Northwest Hwy,75225,Tue Oct 25 17:01:05 +0000 2016,RT @attJOBS: Share what you love about tech with our diverse customer base. Now Hiring in the Bay Area! https://t.co/vK804bbb18 https://t.c…,,,Twitter
Dallas16,32.865482,-96.805688,5960 W Northwest Hwy,75225,Tue Oct 25 16:56:13 +0000 2016,RT @attJOBS: Our new #SanFrancisco flagship store is restored and ready for the future with our latest technology. Take a look: https://t.c…,,,Twitter
Dallas16,32.865482,-96.805688,5960 W Northwest Hwy,75225,Tue Oct 25 16:54:28 +0000 2016,"RT @dmn_cowboys: No playoff games at AT&amp;T Stadium the first 3 rounds, but The Star may host postseason games the first 5 rounds  https://t.…",,,Twitter
Dallas16,32.865482,-96.805688,5960 W Northwest Hwy,75225,Tue Oct 25 16:54:28 +0000 2016,"How to talk about the AT&amp;T, Time Warner deal like an insider. https://t.co/3AB12cPQEs",,,Twitter
Dallas16,32.865482,-96.805688,5960 W Northwest Hwy,75225,Tue Oct 25 16:52:02 +0000 2016,"RT @dmn_cowboys: No playoff games at AT&amp;T Stadium the first 3 rounds, but The Star may host postseason games the first 5 rounds  https://t.…",,,Twitter
Dallas16,32.865482,-96.805688,5960 W Northwest Hwy,75225,Tue Oct 25 16:51:42 +0000 2016,"RT @dmn_cowboys: No playoff games at AT&amp;T Stadium the first 3 rounds, but The Star may host postseason games the first 5 rounds  https://t.…",,,Twitter
Dallas16,32.865482,-96.805688,5960 W Northwest Hwy,75225,Tue Oct 25 16:51:29 +0000 2016,RT @ATT: Get a sweet deal on the new iPhone 7 when you switch to AT&amp;T and have DIRECTV. https://t.co/TQVeUkmeZ6 https://t.co/zfZmNpe8AP,,,Twitter
Dallas16,32.865482,-96.805688,5960 W Northwest Hwy,75225,Tue Oct 25 16:49:54 +0000 2016,#ESports 101 for the uninitiated on #TheBridgeATT https://t.co/4GKkDEBZaJ #attemployee https://t.co/O3jHI7KUb4,,,Twitter
Dallas16,32.865482,-96.805688,5960 W Northwest Hwy,75225,Tue Oct 25 16:48:24 +0000 2016,"When you work from home and the Wifi is down 🙃

And they can't come to fix it until tomorrow night... @ATTCares",,,Twitter
Dallas16,32.865482,-96.805688,5960 W Northwest Hwy,75225,Tue Oct 25 16:47:56 +0000 2016,Big 12's decision on football divisions expected in near future; AT&amp;T Stadium favored to host title game?… https://t.co/8DTbd1iyWP,,,Twitter
Dallas16,32.865482,-96.805688,5960 W Northwest Hwy,75225,Tue Oct 25 16:46:59 +0000 2016,RT @dallasnews: What to make of an AT&amp;T and Time Warner merger | @DMNOpinion https://t.co/pwyOcObJxn https://t.co/VfavqBHiwK,,,Twitter
Dallas16,32.865482,-96.805688,5960 W Northwest Hwy,75225,Tue Oct 25 16:46:43 +0000 2016,@DIRECTV Im having problems with my box and all i keep getting is fucked up customer service. ..,,,Twitter
Dallas16,32.865482,-96.805688,5960 W Northwest Hwy,75225,Tue Oct 25 16:46:17 +0000 2016,What to make of an AT&amp;T and Time Warner merger | @DMNOpinion https://t.co/pwyOcObJxn https://t.co/VfavqBHiwK,,,Twitter
Dallas16,32.865482,-96.805688,5960 W Northwest Hwy,75225,Tue Oct 25 16:40:17 +0000 2016,RT @ATT: Welcome to the team! @taylorswift13 https://t.co/4h86nLYuLo https://t.co/gAHOi7fPrZ,,,Twitter
Dallas16,32.865482,-96.805688,5960 W Northwest Hwy,75225,Tue Oct 25 16:37:45 +0000 2016,Big 12's decision on football divisions expected in near future; AT&amp;T Stadium favored to host title game? https://t.co/zrnRIY7P48,,,Twitter
Dallas16,32.865482,-96.805688,5960 W Northwest Hwy,75225,Tue Oct 25 16:37:00 +0000 2016,Big 12's decision on football divisions expected in near future; AT&amp;T Stadium favored to host title game? - D... https://t.co/tX2mO4Kcit,,,Twitter
Dallas16,32.865482,-96.805688,5960 W Northwest Hwy,75225,Tue Oct 25 16:29:26 +0000 2016,[At least potentially] AT&amp;T Deal Offers Ad-Industry Aid -- WSJ https://t.co/kulq3UP5jO via @Nasdaq,,,Twitter
Dallas16,32.865482,-96.805688,5960 W Northwest Hwy,75225,Tue Oct 25 16:27:36 +0000 2016,@ATTCares what details? Look at the picture and take in how stupid it is.,,,Twitter
Dallas16,32.865482,-96.805688,5960 W Northwest Hwy,75225,Tue Oct 25 16:25:12 +0000 2016,The new AT&amp;T could control the path from the cable box to your phone https://t.co/cCSmTmGWfJ // Interesting deal..… https://t.co/yG2a53AHJJ,,,Twitter
Dallas16,32.865482,-96.805688,5960 W Northwest Hwy,75225,Tue Oct 25 16:25:00 +0000 2016,What to make of an AT&amp;T and Time Warner merger https://t.co/GS89pWNIJu https://t.co/xsnOAOF6sF,,,Twitter
Dallas16,32.865482,-96.805688,5960 W Northwest Hwy,75225,Tue Oct 25 16:24:56 +0000 2016,RT @ATT: Another reason to smile for the camera. The #LGV20 from @LGUSAMobile will be available in stores starting today. https://t.co/TILu…,,,Twitter
Dallas16,32.865482,-96.805688,5960 W Northwest Hwy,75225,Tue Oct 25 16:23:48 +0000 2016,"@JMar_lewis We love your soccer passion! Follow and DM us, we have something for you #SoccerEverywhere",,,Twitter
Dallas16,32.865482,-96.805688,5960 W Northwest Hwy,75225,Tue Oct 25 16:20:29 +0000 2016,"""AT&amp;T Set to Lobby for Merger With Deep Pockets and a Big Network"" via @nytimes https://t.co/Gx1AiAutKf https://t.co/5tRMdWeqfw",,,Twitter
Dallas16,32.865482,-96.805688,5960 W Northwest Hwy,75225,Tue Oct 25 16:19:17 +0000 2016,"Hey @ATTCares if Uverse service is out in my neighborhood, can I get a discount on my extra mobile data usage?",,,Twitter
Dallas16,32.865482,-96.805688,5960 W Northwest Hwy,75225,Tue Oct 25 16:18:27 +0000 2016,RT @ATT: Get a sweet deal on the new iPhone 7 when you switch to AT&amp;T and have DIRECTV. https://t.co/TQVeUkmeZ6 https://t.co/zfZmNpe8AP,,,Twitter
Dallas16,32.865482,-96.805688,5960 W Northwest Hwy,75225,Tue Oct 25 16:17:34 +0000 2016,"RT @dallasnews: Can @ATT and @twxcorp avoid a left-brain, right-brain culture clash? https://t.co/yHdZP2gthZ | @MitchSchnurman https://t.co…",,,Twitter
Dallas16,32.865482,-96.805688,5960 W Northwest Hwy,75225,Tue Oct 25 16:16:44 +0000 2016,"Can @ATT and @twxcorp avoid a left-brain, right-brain culture clash? https://t.co/yHdZP2gthZ | @MitchSchnurman https://t.co/7NGS7Iampy",,,Twitter
Dallas16,32.865482,-96.805688,5960 W Northwest Hwy,75225,Tue Oct 25 16:15:35 +0000 2016,"Me: If I pay you every month, will you give me internet? 
ATT: yep
Me:wifi is down
ATT: We'll fix it. For a fee.
Me: but I already pay you",,,Twitter
Dallas16,32.865482,-96.805688,5960 W Northwest Hwy,75225,Tue Oct 25 16:15:34 +0000 2016,"""AT&amp;T Set to Lobby for Merger With Deep Pockets and a Big Network"" by CECILIA KANG and ERI… https://t.co/ghFQggHyyr https://t.co/VZKXs8yAU8",,,Twitter
Dallas16,32.865482,-96.805688,5960 W Northwest Hwy,75225,Tue Oct 25 16:08:34 +0000 2016,RT @ATT: Welcome to the team! @taylorswift13 https://t.co/4h86nLYuLo https://t.co/gAHOi7fPrZ,,,Twitter
Dallas16,32.865482,-96.805688,5960 W Northwest Hwy,75225,Tue Oct 25 15:58:50 +0000 2016,RT @ATTBusiness: Watch how to protect your business from evolving threats. Get our report to learn more: https://t.co/8Ixmpp7esC #ATTCyberC…,,,Twitter
Dallas16,32.865482,-96.805688,5960 W Northwest Hwy,75225,Tue Oct 25 15:58:42 +0000 2016,Watch how to protect your business from evolving threats. Get our report to learn more: https://t.co/8Ixmpp7esC… https://t.co/Uwj6XaJ20N,,,Twitter
Dallas16,32.865482,-96.805688,5960 W Northwest Hwy,75225,Tue Oct 25 15:51:46 +0000 2016,RT @ATT: Welcome to the team! @taylorswift13 https://t.co/4h86nLYuLo https://t.co/gAHOi7fPrZ,,,Twitter
Dallas16,32.865482,-96.805688,5960 W Northwest Hwy,75225,Tue Oct 25 15:49:38 +0000 2016,RT @ATT: Welcome to the team! @taylorswift13 https://t.co/4h86nLYuLo https://t.co/gAHOi7fPrZ,,,Twitter
Dallas16,32.865482,-96.805688,5960 W Northwest Hwy,75225,Tue Oct 25 15:37:56 +0000 2016,"RT @dallasnews: #EarlyVoting records, rising health care costs, AT&amp;T merger updates: Your Tuesday morning news roundup | https://t.co/qEnxI…",,,Twitter
Dallas16,32.865482,-96.805688,5960 W Northwest Hwy,75225,Tue Oct 25 15:33:42 +0000 2016,RT @ATTBusiness: Maximize taste + minimize waste w/ #IoT! See how @ndustrialio preserves the nation’s food supply:  https://t.co/mKztl4Nw9n…,,,Twitter
Dallas16,32.865482,-96.805688,5960 W Northwest Hwy,75225,Tue Oct 25 15:33:11 +0000 2016,RT @ATTBusiness: Maximize taste + minimize waste w/ #IoT! See how @ndustrialio preserves the nation’s food supply:  https://t.co/mKztl4Nw9n…,,,Twitter
Dallas16,32.865482,-96.805688,5960 W Northwest Hwy,75225,Tue Oct 25 15:25:40 +0000 2016,RT @ATT: Welcome to the team! @taylorswift13 https://t.co/4h86nLYuLo https://t.co/gAHOi7fPrZ,,,Twitter
Dallas16,32.865482,-96.805688,5960 W Northwest Hwy,75225,Tue Oct 25 15:21:06 +0000 2016,RT @ATT: Welcome to the team! @taylorswift13 https://t.co/4h86nLYuLo https://t.co/gAHOi7fPrZ,,,Twitter
Dallas16,32.865482,-96.805688,5960 W Northwest Hwy,75225,Tue Oct 25 15:18:09 +0000 2016,RT @attJOBS: Our new #SanFrancisco flagship store is restored and ready for the future with our latest technology. Take a look: https://t.c…,,,Twitter
Dallas16,32.865482,-96.805688,5960 W Northwest Hwy,75225,Sun Oct 23 15:04:29 +0000 2016,"@JohnVotava @ATT @sprint Actually, that's completely false. ATT will deliver better plans AND content to our customers. #attemployee",,,Twitter
Dallas16,32.865482,-96.805688,5960 W Northwest Hwy,75225,Sun Oct 23 15:04:17 +0000 2016,RT @ATT: The #futureofvideo is mobile and the #futureofmobile is video. Time Warner + AT&amp;T make it happen! @twxcorp https://t.co/GKx4U9TQYg,,,Twitter
Dallas16,32.865482,-96.805688,5960 W Northwest Hwy,75225,Sun Oct 23 15:02:19 +0000 2016,RT @ATT: The #futureofvideo is mobile and the #futureofmobile is video. Time Warner + AT&amp;T make it happen! @twxcorp https://t.co/GKx4U9TQYg,,,Twitter
Dallas16,32.865482,-96.805688,5960 W Northwest Hwy,75225,Sun Oct 23 15:02:06 +0000 2016,RT @ATT: The #futureofvideo is mobile and the #futureofmobile is video. Time Warner + AT&amp;T make it happen! @twxcorp https://t.co/GKx4U9TQYg,,,Twitter
Dallas16,32.865482,-96.805688,5960 W Northwest Hwy,75225,Sun Oct 23 15:01:43 +0000 2016,RT @ATT: The #futureofvideo is mobile and the #futureofmobile is video. Time Warner + AT&amp;T make it happen! @twxcorp https://t.co/GKx4U9TQYg,,,Twitter
Dallas16,32.865482,-96.805688,5960 W Northwest Hwy,75225,Sun Oct 23 15:00:43 +0000 2016,RT @ATT: The #futureofvideo is mobile and the #futureofmobile is video. Time Warner + AT&amp;T make it happen! @twxcorp https://t.co/GKx4U9TQYg,,,Twitter
Dallas16,32.865482,-96.805688,5960 W Northwest Hwy,75225,Sun Oct 23 14:34:14 +0000 2016,RT @ATT: The #futureofvideo is mobile and the #futureofmobile is video. Time Warner + AT&amp;T make it happen! @twxcorp https://t.co/GKx4U9TQYg,,,Twitter
Dallas16,32.865482,-96.805688,5960 W Northwest Hwy,75225,Sun Oct 23 14:28:16 +0000 2016,RT @ATT: The #futureofvideo is mobile and the #futureofmobile is video. Time Warner + AT&amp;T make it happen! @twxcorp https://t.co/GKx4U9TQYg,,,Twitter
Dallas16,32.865482,-96.805688,5960 W Northwest Hwy,75225,Sun Oct 23 14:26:03 +0000 2016,RT @ATT: The #futureofvideo is mobile and the #futureofmobile is video. Time Warner + AT&amp;T make it happen! @twxcorp https://t.co/GKx4U9TQYg,,,Twitter
Dallas16,32.865482,-96.805688,5960 W Northwest Hwy,75225,Sun Oct 23 14:21:08 +0000 2016,RT @ATT: The #futureofvideo is mobile and the #futureofmobile is video. Time Warner + AT&amp;T make it happen! @twxcorp https://t.co/GKx4U9TQYg,,,Twitter
Dallas16,32.865482,-96.805688,5960 W Northwest Hwy,75225,Sun Oct 23 14:18:35 +0000 2016,RT @ATT: The #futureofvideo is mobile and the #futureofmobile is video. Time Warner + AT&amp;T make it happen! @twxcorp https://t.co/GKx4U9TQYg,,,Twitter
Dallas16,32.865482,-96.805688,5960 W Northwest Hwy,75225,Sun Oct 23 14:18:18 +0000 2016,RT @ATT: The #futureofvideo is mobile and the #futureofmobile is video. Time Warner + AT&amp;T make it happen! @twxcorp https://t.co/GKx4U9TQYg,,,Twitter
Dallas16,32.865482,-96.805688,5960 W Northwest Hwy,75225,Sun Oct 23 14:15:45 +0000 2016,RT @ATT: The #futureofvideo is mobile and the #futureofmobile is video. Time Warner + AT&amp;T make it happen! @twxcorp https://t.co/GKx4U9TQYg,,,Twitter
Dallas16,32.865482,-96.805688,5960 W Northwest Hwy,75225,Sun Oct 23 14:05:16 +0000 2016,RT @ATT: The #futureofvideo is mobile and the #futureofmobile is video. Time Warner + AT&amp;T make it happen! @twxcorp https://t.co/GKx4U9TQYg,,,Twitter
Dallas16,32.865482,-96.805688,5960 W Northwest Hwy,75225,Sun Oct 23 13:53:42 +0000 2016,RT @ATT: The #futureofvideo is mobile and the #futureofmobile is video. Time Warner + AT&amp;T make it happen! @twxcorp https://t.co/GKx4U9TQYg,,,Twitter
Dallas16,32.865482,-96.805688,5960 W Northwest Hwy,75225,Sun Oct 23 13:35:36 +0000 2016,We need another breakup of mega-corporations. #atttimewarner @realDonaldTrump @cnn @ATT @foxnews @USChamber,,,Twitter
Dallas16,32.865482,-96.805688,5960 W Northwest Hwy,75225,Sun Oct 23 13:33:12 +0000 2016,RT @ATT: The #futureofvideo is mobile and the #futureofmobile is video. Time Warner + AT&amp;T make it happen! @twxcorp https://t.co/GKx4U9TQYg,,,Twitter
Dallas16,32.865482,-96.805688,5960 W Northwest Hwy,75225,Sun Oct 23 13:26:42 +0000 2016,RT @ATT: Heading to Cuba? Take your phone along for the trip + stay connected to those back home. https://t.co/euhz4Z6Zbb https://t.co/AiPS…,,,Twitter
Dallas16,32.865482,-96.805688,5960 W Northwest Hwy,75225,Sun Oct 23 13:23:14 +0000 2016,RT @ATT: The #futureofvideo is mobile and the #futureofmobile is video. Time Warner + AT&amp;T make it happen! @twxcorp https://t.co/GKx4U9TQYg,,,Twitter
Dallas16,32.865482,-96.805688,5960 W Northwest Hwy,75225,Sun Oct 23 13:19:58 +0000 2016,RT @ATT: The #futureofvideo is mobile and the #futureofmobile is video. Time Warner + AT&amp;T make it happen! @twxcorp https://t.co/GKx4U9TQYg,,,Twitter
Dallas16,32.865482,-96.805688,5960 W Northwest Hwy,75225,Sun Oct 23 12:47:42 +0000 2016,RT @ATT: The #futureofvideo is mobile and the #futureofmobile is video. Time Warner + AT&amp;T make it happen! @twxcorp https://t.co/GKx4U9TQYg,,,Twitter
Dallas16,32.865482,-96.805688,5960 W Northwest Hwy,75225,Sun Oct 23 12:43:33 +0000 2016,RT @ATT: The #futureofvideo is mobile and the #futureofmobile is video. Time Warner + AT&amp;T make it happen! @twxcorp https://t.co/GKx4U9TQYg,,,Twitter
Dallas16,32.865482,-96.805688,5960 W Northwest Hwy,75225,Sun Oct 23 12:35:19 +0000 2016,RT @ATT: The #futureofvideo is mobile and the #futureofmobile is video. Time Warner + AT&amp;T make it happen! @twxcorp https://t.co/GKx4U9TQYg,,,Twitter
Dallas16,32.865482,-96.805688,5960 W Northwest Hwy,75225,Sun Oct 23 12:30:50 +0000 2016,RT @ATT: The #futureofvideo is mobile and the #futureofmobile is video. Time Warner + AT&amp;T make it happen! @twxcorp https://t.co/GKx4U9TQYg,,,Twitter
Dallas16,32.865482,-96.805688,5960 W Northwest Hwy,75225,Sun Oct 23 12:30:49 +0000 2016,RT @ATT: Welcome to the team! @taylorswift13 https://t.co/4h86nLYuLo https://t.co/gAHOi7fPrZ,,,Twitter
Dallas16,32.865482,-96.805688,5960 W Northwest Hwy,75225,Sun Oct 23 12:30:35 +0000 2016,RT @ATT: The #futureofvideo is mobile and the #futureofmobile is video. Time Warner + AT&amp;T make it happen! @twxcorp https://t.co/GKx4U9TQYg,,,Twitter
Dallas16,32.865482,-96.805688,5960 W Northwest Hwy,75225,Sun Oct 23 12:27:48 +0000 2016,"RT @ATT: Some people may wait a lifetime, but you don't have to. On 11/2-3, AT&amp;T customers can buy @kelly_clarkson tix early. https://t.co/…",,,Twitter
Dallas16,32.865482,-96.805688,5960 W Northwest Hwy,75225,Sun Oct 23 12:27:33 +0000 2016,RT @ATT: The #futureofvideo is mobile and the #futureofmobile is video. Time Warner + AT&amp;T make it happen! @twxcorp https://t.co/GKx4U9TQYg,,,Twitter
Dallas16,32.865482,-96.805688,5960 W Northwest Hwy,75225,Sun Oct 23 12:09:38 +0000 2016,"RT @ATT: Some people may wait a lifetime, but you don't have to. On 11/2-3, AT&amp;T customers can buy @kelly_clarkson tix early. https://t.co/…",,,Twitter
Dallas16,32.865482,-96.805688,5960 W Northwest Hwy,75225,Sun Oct 23 11:55:00 +0000 2016,RT @ATT: Welcome to the team! @taylorswift13 https://t.co/4h86nLYuLo https://t.co/gAHOi7fPrZ,,,Twitter
Dallas16,32.865482,-96.805688,5960 W Northwest Hwy,75225,Sun Oct 23 11:44:18 +0000 2016,RT @ATT: Are you ready for the revolution? Watch the @GreenDay @iHeartRadio Album Release Party now. #iHeartGreenDay https://t.co/ec2gZXKu7U,,,Twitter
Dallas16,32.865482,-96.805688,5960 W Northwest Hwy,75225,Sun Oct 23 11:26:42 +0000 2016,RT @ATT: Welcome to the team! @taylorswift13 https://t.co/4h86nLYuLo https://t.co/gAHOi7fPrZ,,,Twitter
Dallas16,32.865482,-96.805688,5960 W Northwest Hwy,75225,Sun Oct 23 11:25:56 +0000 2016,RT @ATT: Welcome to the team! @taylorswift13 https://t.co/4h86nLYuLo https://t.co/gAHOi7fPrZ,,,Twitter
Dallas16,32.865482,-96.805688,5960 W Northwest Hwy,75225,Sun Oct 23 11:18:52 +0000 2016,RT @ATT: The #futureofvideo is mobile and the #futureofmobile is video. Time Warner + AT&amp;T make it happen! @twxcorp https://t.co/GKx4U9TQYg,,,Twitter
Dallas16,32.865482,-96.805688,5960 W Northwest Hwy,75225,Sun Oct 23 11:14:52 +0000 2016,RT @ATT: The #futureofvideo is mobile and the #futureofmobile is video. Time Warner + AT&amp;T make it happen! @twxcorp https://t.co/GKx4U9TQYg,,,Twitter
Dallas16,32.865482,-96.805688,5960 W Northwest Hwy,75225,Sun Oct 23 11:14:26 +0000 2016,RT @ATT: The #futureofvideo is mobile and the #futureofmobile is video. Time Warner + AT&amp;T make it happen! @twxcorp https://t.co/GKx4U9TQYg,,,Twitter
Dallas16,32.865482,-96.805688,5960 W Northwest Hwy,75225,Sun Oct 23 11:13:34 +0000 2016,RT @ATT: The #futureofvideo is mobile and the #futureofmobile is video. Time Warner + AT&amp;T make it happen! @twxcorp https://t.co/GKx4U9TQYg,,,Twitter
Dallas16,32.865482,-96.805688,5960 W Northwest Hwy,75225,Sun Oct 23 10:48:08 +0000 2016,RT @ATT: Welcome to the team! @taylorswift13 https://t.co/4h86nLYuLo https://t.co/gAHOi7fPrZ,,,Twitter
Dallas16,32.865482,-96.805688,5960 W Northwest Hwy,75225,Sun Oct 23 10:26:22 +0000 2016,RT @ATT: Welcome to the team! @taylorswift13 https://t.co/4h86nLYuLo https://t.co/gAHOi7fPrZ,,,Twitter
Dallas16,32.865482,-96.805688,5960 W Northwest Hwy,75225,Sun Oct 23 10:20:36 +0000 2016,RT @ATT: The #futureofvideo is mobile and the #futureofmobile is video. Time Warner + AT&amp;T make it happen! @twxcorp https://t.co/GKx4U9TQYg,,,Twitter
Dallas16,32.865482,-96.805688,5960 W Northwest Hwy,75225,Sun Oct 23 09:46:09 +0000 2016,RT @ATT: Welcome to the team! @taylorswift13 https://t.co/4h86nLYuLo https://t.co/gAHOi7fPrZ,,,Twitter
Dallas16,32.865482,-96.805688,5960 W Northwest Hwy,75225,Sun Oct 23 09:43:48 +0000 2016,RT @ATT: Welcome to the team! @taylorswift13 https://t.co/4h86nLYuLo https://t.co/gAHOi7fPrZ,,,Twitter
Dallas16,32.865482,-96.805688,5960 W Northwest Hwy,75225,Sun Oct 23 09:38:05 +0000 2016,RT @ATT: The #futureofvideo is mobile and the #futureofmobile is video. Time Warner + AT&amp;T make it happen! @twxcorp https://t.co/GKx4U9TQYg,,,Twitter
Dallas16,32.865482,-96.805688,5960 W Northwest Hwy,75225,Sun Oct 23 09:13:41 +0000 2016,RT @ATT: Welcome to the team! @taylorswift13 https://t.co/4h86nLYuLo https://t.co/gAHOi7fPrZ,,,Twitter
Dallas16,32.865482,-96.805688,5960 W Northwest Hwy,75225,Sun Oct 23 09:08:43 +0000 2016,RT @ATT: Welcome to the team! @taylorswift13 https://t.co/4h86nLYuLo https://t.co/gAHOi7fPrZ,,,Twitter
Dallas16,32.865482,-96.805688,5960 W Northwest Hwy,75225,Sun Oct 23 09:06:05 +0000 2016,RT @ATT: The #futureofvideo is mobile and the #futureofmobile is video. Time Warner + AT&amp;T make it happen! @twxcorp https://t.co/GKx4U9TQYg,,,Twitter
Dallas16,32.865482,-96.805688,5960 W Northwest Hwy,75225,Sun Oct 23 08:40:42 +0000 2016,RT @ATT: The #futureofvideo is mobile and the #futureofmobile is video. Time Warner + AT&amp;T make it happen! @twxcorp https://t.co/GKx4U9TQYg,,,Twitter
Dallas16,32.865482,-96.805688,5960 W Northwest Hwy,75225,Sun Oct 23 08:37:43 +0000 2016,RT @ATT: Welcome to the team! @taylorswift13 https://t.co/4h86nLYuLo https://t.co/gAHOi7fPrZ,,,Twitter
Dallas16,32.865482,-96.805688,5960 W Northwest Hwy,75225,Sun Oct 23 08:18:57 +0000 2016,RT @ATT: The #futureofvideo is mobile and the #futureofmobile is video. Time Warner + AT&amp;T make it happen! @twxcorp https://t.co/GKx4U9TQYg,,,Twitter
Dallas16,32.865482,-96.805688,5960 W Northwest Hwy,75225,Sun Oct 23 08:17:15 +0000 2016,RT @ATT: The #futureofvideo is mobile and the #futureofmobile is video. Time Warner + AT&amp;T make it happen! @twxcorp https://t.co/GKx4U9TQYg,,,Twitter
Dallas16,32.865482,-96.805688,5960 W Northwest Hwy,75225,Sun Oct 23 08:07:35 +0000 2016,RT @ATT: The #futureofvideo is mobile and the #futureofmobile is video. Time Warner + AT&amp;T make it happen! @twxcorp https://t.co/GKx4U9TQYg,,,Twitter
Dallas16,32.865482,-96.805688,5960 W Northwest Hwy,75225,Sun Oct 23 07:55:12 +0000 2016,RT @ATT: The #futureofvideo is mobile and the #futureofmobile is video. Time Warner + AT&amp;T make it happen! @twxcorp https://t.co/GKx4U9TQYg,,,Twitter
Dallas16,32.865482,-96.805688,5960 W Northwest Hwy,75225,Sun Oct 23 07:36:44 +0000 2016,RT @ATT: Welcome to the team! @taylorswift13 https://t.co/4h86nLYuLo https://t.co/gAHOi7fPrZ,,,Twitter
Dallas16,32.865482,-96.805688,5960 W Northwest Hwy,75225,Sun Oct 23 07:31:28 +0000 2016,RT @ATT: The #futureofvideo is mobile and the #futureofmobile is video. Time Warner + AT&amp;T make it happen! @twxcorp https://t.co/GKx4U9TQYg,,,Twitter
Dallas16,32.865482,-96.805688,5960 W Northwest Hwy,75225,Sun Oct 23 07:18:07 +0000 2016,RT @ATT: Welcome to the team! @taylorswift13 https://t.co/4h86nLYuLo https://t.co/gAHOi7fPrZ,,,Twitter
Dallas16,32.865482,-96.805688,5960 W Northwest Hwy,75225,Sun Oct 23 07:16:10 +0000 2016,RT @ATT: The #futureofvideo is mobile and the #futureofmobile is video. Time Warner + AT&amp;T make it happen! @twxcorp https://t.co/GKx4U9TQYg,,,Twitter
Dallas16,32.865482,-96.805688,5960 W Northwest Hwy,75225,Sun Oct 23 07:10:57 +0000 2016,RT @ATT: The #futureofvideo is mobile and the #futureofmobile is video. Time Warner + AT&amp;T make it happen! @twxcorp https://t.co/GKx4U9TQYg,,,Twitter
Dallas16,32.865482,-96.805688,5960 W Northwest Hwy,75225,Sun Oct 23 06:48:49 +0000 2016,RT @ATT: The #futureofvideo is mobile and the #futureofmobile is video. Time Warner + AT&amp;T make it happen! @twxcorp https://t.co/GKx4U9TQYg,,,Twitter
Dallas16,32.865482,-96.805688,5960 W Northwest Hwy,75225,Sun Oct 23 06:44:54 +0000 2016,RT @ATT: Welcome to the team! @taylorswift13 https://t.co/4h86nLYuLo https://t.co/gAHOi7fPrZ,,,Twitter
Dallas16,32.865482,-96.805688,5960 W Northwest Hwy,75225,Sun Oct 23 06:39:03 +0000 2016,"RT @ATT: Watch the @GreenDay @iHeartRadio Album Release Party Tonight, 9pm ET/PT on AUDIENCE. DIRECTV ch 239/U-verse ch 1114. https://t.co/…",,,Twitter
Dallas16,32.865482,-96.805688,5960 W Northwest Hwy,75225,Sun Oct 23 06:32:34 +0000 2016,RT @ATT: The #futureofvideo is mobile and the #futureofmobile is video. Time Warner + AT&amp;T make it happen! @twxcorp https://t.co/GKx4U9TQYg,,,Twitter
Dallas16,32.865482,-96.805688,5960 W Northwest Hwy,75225,Sun Oct 23 06:30:25 +0000 2016,RT @ATT: Welcome to the team! @taylorswift13 https://t.co/4h86nLYuLo https://t.co/gAHOi7fPrZ,,,Twitter
Dallas16,32.865482,-96.805688,5960 W Northwest Hwy,75225,Sun Oct 23 06:28:31 +0000 2016,RT @ATT: The #futureofvideo is mobile and the #futureofmobile is video. Time Warner + AT&amp;T make it happen! @twxcorp https://t.co/GKx4U9TQYg,,,Twitter
Dallas16,32.865482,-96.805688,5960 W Northwest Hwy,75225,Sun Oct 23 06:24:00 +0000 2016,RT @ATT: The #futureofvideo is mobile and the #futureofmobile is video. Time Warner + AT&amp;T make it happen! @twxcorp https://t.co/GKx4U9TQYg,,,Twitter
Dallas16,32.865482,-96.805688,5960 W Northwest Hwy,75225,Sun Oct 23 06:17:43 +0000 2016,RT @ATT: The #futureofvideo is mobile and the #futureofmobile is video. Time Warner + AT&amp;T make it happen! @twxcorp https://t.co/GKx4U9TQYg,,,Twitter
Dallas16,32.865482,-96.805688,5960 W Northwest Hwy,75225,Sun Oct 23 06:15:45 +0000 2016,RT @ATT: Welcome to the team! @taylorswift13 https://t.co/4h86nLYuLo https://t.co/gAHOi7fPrZ,,,Twitter
Dallas16,32.865482,-96.805688,5960 W Northwest Hwy,75225,Sun Oct 23 06:13:47 +0000 2016,RT @ATT: The #futureofvideo is mobile and the #futureofmobile is video. Time Warner + AT&amp;T make it happen! @twxcorp https://t.co/GKx4U9TQYg,,,Twitter
Dallas16,32.865482,-96.805688,5960 W Northwest Hwy,75225,Sun Oct 23 06:09:24 +0000 2016,RT @ATT: Welcome to the team! @taylorswift13 https://t.co/4h86nLYuLo https://t.co/gAHOi7fPrZ,,,Twitter
Dallas16,32.865482,-96.805688,5960 W Northwest Hwy,75225,Sun Oct 23 06:03:55 +0000 2016,RT @ATT: Get a sweet deal on the new iPhone 7 when you switch to AT&amp;T and have DIRECTV. https://t.co/TQVeUkmeZ6 https://t.co/zfZmNpe8AP,,,Twitter
Dallas16,32.865482,-96.805688,5960 W Northwest Hwy,75225,Sun Oct 23 06:01:38 +0000 2016,RT @ATT: Get a sweet deal on the new iPhone 7 when you switch to AT&amp;T and have DIRECTV. https://t.co/TQVeUkmeZ6 https://t.co/zfZmNpe8AP,,,Twitter
Dallas16,32.865482,-96.805688,5960 W Northwest Hwy,75225,Sun Oct 23 06:00:45 +0000 2016,RT @ATT: Who made you a college 🏈 fan? Share with #MadeMeAFanContest for a chance to win. Rules https://t.co/hU3I3wFn5V https://t.co/xZbxUJ…,,,Twitter
Dallas16,32.865482,-96.805688,5960 W Northwest Hwy,75225,Sun Oct 23 05:59:45 +0000 2016,RT @ATT: Welcome to the team! @taylorswift13 https://t.co/4h86nLYuLo https://t.co/gAHOi7fPrZ,,,Twitter
Dallas16,32.865482,-96.805688,5960 W Northwest Hwy,75225,Sun Oct 23 05:57:35 +0000 2016,RT @ATT: Welcome to the team! @taylorswift13 https://t.co/4h86nLYuLo https://t.co/gAHOi7fPrZ,,,Twitter
Dallas16,32.865482,-96.805688,5960 W Northwest Hwy,75225,Sun Oct 23 05:29:50 +0000 2016,RT @ATT: Welcome to the team! @taylorswift13 https://t.co/4h86nLYuLo https://t.co/gAHOi7fPrZ,,,Twitter
Dallas16,32.865482,-96.805688,5960 W Northwest Hwy,75225,Sun Oct 23 05:27:01 +0000 2016,@MattZemek @ATT @TWC @Pac12Network Maybe add some Texas schools? ;),,,Twitter
Dallas16,32.865482,-96.805688,5960 W Northwest Hwy,75225,Sun Oct 23 05:21:28 +0000 2016,RT @ATT: Welcome to the team! @taylorswift13 https://t.co/4h86nLYuLo https://t.co/gAHOi7fPrZ,,,Twitter
Dallas16,32.865482,-96.805688,5960 W Northwest Hwy,75225,Sun Oct 23 05:16:22 +0000 2016,RT @ATT: Welcome to the team! @taylorswift13 https://t.co/4h86nLYuLo https://t.co/gAHOi7fPrZ,,,Twitter
Dallas16,32.865482,-96.805688,5960 W Northwest Hwy,75225,Sun Oct 23 05:15:19 +0000 2016,RT @ATT: Welcome to the team! @taylorswift13 https://t.co/4h86nLYuLo https://t.co/gAHOi7fPrZ,,,Twitter
Dallas16,32.865482,-96.805688,5960 W Northwest Hwy,75225,Sun Oct 23 05:14:52 +0000 2016,RT @ATT: Welcome to the team! @taylorswift13 https://t.co/4h86nLYuLo https://t.co/gAHOi7fPrZ,,,Twitter
Dallas16,32.865482,-96.805688,5960 W Northwest Hwy,75225,Sun Oct 23 05:13:07 +0000 2016,RT @ATT: Welcome to the team! @taylorswift13 https://t.co/4h86nLYuLo https://t.co/gAHOi7fPrZ,,,Twitter
Dallas16,32.865482,-96.805688,5960 W Northwest Hwy,75225,Sun Oct 23 05:08:36 +0000 2016,@DIRECTV please acquire the PAC 12 network,,,Twitter
Dallas16,32.865482,-96.805688,5960 W Northwest Hwy,75225,Sun Oct 23 05:07:58 +0000 2016,RT @ATT: Get a sweet deal on the new iPhone 7 when you switch to AT&amp;T and have DIRECTV. https://t.co/TQVeUkmeZ6 https://t.co/zfZmNpe8AP,,,Twitter
Dallas16,32.865482,-96.805688,5960 W Northwest Hwy,75225,Sun Oct 23 05:03:51 +0000 2016,"RT @ATT: Watch the @GreenDay @iHeartRadio Album Release Party Tonight, 9pm ET/PT on AUDIENCE. DIRECTV ch 239/U-verse ch 1114. https://t.co/…",,,Twitter
Dallas16,32.865482,-96.805688,5960 W Northwest Hwy,75225,Sun Oct 23 05:00:01 +0000 2016,"RT @DMNBiz: New media agency @Hearts_Science lands @ATT, opens shop in Dallas and plans to employ 100 people https://t.co/DFRmKVwrSP @mitch…",,,Twitter
Dallas16,32.865482,-96.805688,5960 W Northwest Hwy,75225,Sun Oct 23 04:56:33 +0000 2016,RT @ATT: Who made you a college 🏈 fan? Share with #MadeMeAFanContest for a chance to win. Rules https://t.co/hU3I3wFn5V https://t.co/xZbxUJ…,,,Twitter
Dallas16,32.865482,-96.805688,5960 W Northwest Hwy,75225,Sun Oct 23 04:47:11 +0000 2016,RT @ATT: Welcome to the team! @taylorswift13 https://t.co/4h86nLYuLo https://t.co/gAHOi7fPrZ,,,Twitter
Dallas16,32.865482,-96.805688,5960 W Northwest Hwy,75225,Sun Oct 23 04:45:48 +0000 2016,"RT @ATT: @Towns_Tyler What's going on, Tyler? We'd love to help.",,,Twitter
Dallas16,32.865482,-96.805688,5960 W Northwest Hwy,75225,Sun Oct 23 04:45:00 +0000 2016,"RT @ATT: Watch the @GreenDay @iHeartRadio Album Release Party Tonight, 9pm ET/PT on AUDIENCE. DIRECTV ch 239/U-verse ch 1114. https://t.co/…",,,Twitter
Dallas16,32.865482,-96.805688,5960 W Northwest Hwy,75225,Sun Oct 23 04:40:35 +0000 2016,RT @ATT: The #futureofvideo is mobile and the #futureofmobile is video. Time Warner + AT&amp;T make it happen! @twxcorp https://t.co/GKx4U9TQYg,,,Twitter
Dallas16,32.865482,-96.805688,5960 W Northwest Hwy,75225,Sun Oct 23 04:24:48 +0000 2016,RT @ATT: The #futureofvideo is mobile and the #futureofmobile is video. Time Warner + AT&amp;T make it happen! @twxcorp https://t.co/GKx4U9TQYg,,,Twitter
Dallas16,32.865482,-96.805688,5960 W Northwest Hwy,75225,Sun Oct 23 04:19:10 +0000 2016,RT @ATT: The #futureofvideo is mobile and the #futureofmobile is video. Time Warner + AT&amp;T make it happen! @twxcorp https://t.co/GKx4U9TQYg,,,Twitter
Dallas16,32.865482,-96.805688,5960 W Northwest Hwy,75225,Sun Oct 23 04:16:40 +0000 2016,RT @ATT: The #futureofvideo is mobile and the #futureofmobile is video. Time Warner + AT&amp;T make it happen! @twxcorp https://t.co/GKx4U9TQYg,,,Twitter
Dallas16,32.865482,-96.805688,5960 W Northwest Hwy,75225,Sun Oct 23 04:13:05 +0000 2016,RT @ATT: The #futureofvideo is mobile and the #futureofmobile is video. Time Warner + AT&amp;T make it happen! @twxcorp https://t.co/GKx4U9TQYg,,,Twitter
Dallas16,32.865482,-96.805688,5960 W Northwest Hwy,75225,Sun Oct 23 04:11:25 +0000 2016,RT @ATT: Welcome to the team! @taylorswift13 https://t.co/4h86nLYuLo https://t.co/gAHOi7fPrZ,,,Twitter
Dallas16,32.865482,-96.805688,5960 W Northwest Hwy,75225,Sun Oct 23 04:08:29 +0000 2016,RT @ATT: The #futureofvideo is mobile and the #futureofmobile is video. Time Warner + AT&amp;T make it happen! @twxcorp https://t.co/GKx4U9TQYg,,,Twitter
Dallas16,32.865482,-96.805688,5960 W Northwest Hwy,75225,Sun Oct 23 04:05:04 +0000 2016,RT @ATT: Get a sweet deal on the new iPhone 7 when you switch to AT&amp;T and have DIRECTV. https://t.co/TQVeUkmeZ6 https://t.co/zfZmNpe8AP,,,Twitter
Dallas16,32.865482,-96.805688,5960 W Northwest Hwy,75225,Sun Oct 23 04:04:50 +0000 2016,RT @ATT: The #futureofvideo is mobile and the #futureofmobile is video. Time Warner + AT&amp;T make it happen! @twxcorp https://t.co/GKx4U9TQYg,,,Twitter
Dallas16,32.865482,-96.805688,5960 W Northwest Hwy,75225,Sun Oct 23 03:53:09 +0000 2016,RT @ATT: The #futureofvideo is mobile and the #futureofmobile is video. Time Warner + AT&amp;T make it happen! @twxcorp https://t.co/GKx4U9TQYg,,,Twitter
Dallas16,32.865482,-96.805688,5960 W Northwest Hwy,75225,Sun Oct 23 03:50:03 +0000 2016,RT @ATT: The #futureofvideo is mobile and the #futureofmobile is video. Time Warner + AT&amp;T make it happen! @twxcorp https://t.co/GKx4U9TQYg,,,Twitter
