Store,Latitude,Longitude,Address,Zip,CreatedAt,Text,Senti,Rating,Source
Dallas5,32.8342578,-96.7045404,1152 North Buckner Blvd,75218,Wed Oct 26 02:22:38 +0000 2016,"RT @SportsDayHS: Due to conflicts, no #txhsfb at AT&amp;T Stadium for the first 3 rounds 😭
…but now we have The Star.
Details: https://t.co/UxR…",,,Twitter
Dallas5,32.8342578,-96.7045404,1152 North Buckner Blvd,75218,Wed Oct 26 02:21:53 +0000 2016,"RT @SportsDayHS: Due to conflicts, no #txhsfb at AT&amp;T Stadium for the first 3 rounds 😭
…but now we have The Star.
Details: https://t.co/UxR…",,,Twitter
Dallas5,32.8342578,-96.7045404,1152 North Buckner Blvd,75218,Wed Oct 26 02:21:10 +0000 2016,"RT @SportsDayHS: Due to conflicts, no #txhsfb at AT&amp;T Stadium for the first 3 rounds 😭
…but now we have The Star.
Details: https://t.co/UxR…",,,Twitter
Dallas5,32.8342578,-96.7045404,1152 North Buckner Blvd,75218,Wed Oct 26 02:20:06 +0000 2016,"RT @SportsDayHS: Due to conflicts, no #txhsfb at AT&amp;T Stadium for the first 3 rounds 😭
…but now we have The Star.
Details: https://t.co/UxR…",,,Twitter
Dallas5,32.8342578,-96.7045404,1152 North Buckner Blvd,75218,Wed Oct 26 02:20:05 +0000 2016,"RT @SportsDayHS: Due to conflicts, no #txhsfb at AT&amp;T Stadium for the first 3 rounds 😭
…but now we have The Star.
Details: https://t.co/UxR…",,,Twitter
Dallas5,32.8342578,-96.7045404,1152 North Buckner Blvd,75218,Wed Oct 26 02:20:03 +0000 2016,Making friends like it's going outta style! Such a lovely group! Thank you @FSDallas and @ATT for making it happen!… https://t.co/hXN7q91eOo,,,Twitter
Dallas5,32.8342578,-96.7045404,1152 North Buckner Blvd,75218,Wed Oct 26 02:20:02 +0000 2016,"RT @SportsDayHS: Due to conflicts, no #txhsfb at AT&amp;T Stadium for the first 3 rounds 😭
…but now we have The Star.
Details: https://t.co/UxR…",,,Twitter
Dallas5,32.8342578,-96.7045404,1152 North Buckner Blvd,75218,Wed Oct 26 02:19:39 +0000 2016,"Due to conflicts, no #txhsfb at AT&amp;T Stadium for the first 3 rounds 😭
…but now we have The Star.
Details:… https://t.co/hGNid9iTlL",,,Twitter
Dallas5,32.8342578,-96.7045404,1152 North Buckner Blvd,75218,Wed Oct 26 02:12:11 +0000 2016,Challenge accepted @JasonWDowning @DeloitteUS! @ATT @Charlene_Lake knows how 2 #GiveACheck &amp; have fun @ work too! Can @AroundTI #OneUpThat?,,,Twitter
Dallas5,32.8342578,-96.7045404,1152 North Buckner Blvd,75218,Wed Oct 26 02:09:08 +0000 2016,Don't believe me just WATCH! Presenting Sponsor @ATT employee engagement rocks. Thank you! How can @AroundTI #OneUpThat? @UnitedWayDallas,,,Twitter
Dallas5,32.8342578,-96.7045404,1152 North Buckner Blvd,75218,Wed Oct 26 02:06:09 +0000 2016,RT @ATT: Get a sweet deal on the new iPhone 7 when you switch to AT&amp;T and have DIRECTV. https://t.co/TQVeUkmeZ6 https://t.co/zfZmNpe8AP,,,Twitter
Dallas5,32.8342578,-96.7045404,1152 North Buckner Blvd,75218,Wed Oct 26 02:00:10 +0000 2016,What’s different about 5G than previous “G’s”? https://t.co/gqapkS6iJ2 #attemployee https://t.co/ELqxxTstK0,,,Twitter
Dallas5,32.8342578,-96.7045404,1152 North Buckner Blvd,75218,Wed Oct 26 01:59:55 +0000 2016,RT @BillNicholsDMN: Jordan Spieth to headline announcement of AT&amp;T Byron Nelson's early move to Trinity Forest in 2018 https://t.co/MKP4cN9…,,,Twitter
Dallas5,32.8342578,-96.7045404,1152 North Buckner Blvd,75218,Wed Oct 26 01:57:46 +0000 2016,"Look, @Uverse, I get it. I worked in cable for 3 years. Your deal with Fox local channels amounts to Tough Shit for @MLB fans on PCs. Got it",,,Twitter
Dallas5,32.8342578,-96.7045404,1152 North Buckner Blvd,75218,Wed Oct 26 01:57:20 +0000 2016,RT @JTeespeak: So great hangin w/ @GavinDeGraw thx to @DFWAcuraDealers @McDonalds &amp; @ATT  @JackFMDFW @MoreHits1037 https://t.co/V4rDDvLfkB,,,Twitter
Dallas5,32.8342578,-96.7045404,1152 North Buckner Blvd,75218,Wed Oct 26 01:53:17 +0000 2016,RT @JTeespeak: So great hangin w/ @GavinDeGraw thx to @DFWAcuraDealers @McDonalds &amp; @ATT  @JackFMDFW @MoreHits1037 https://t.co/V4rDDvLfkB,,,Twitter
Dallas5,32.8342578,-96.7045404,1152 North Buckner Blvd,75218,Wed Oct 26 01:52:34 +0000 2016,"@ChooseFreeWill We appreciate the awesome shoutout, Rich -- we'll pass the kudos along to Matt!",,,Twitter
Dallas5,32.8342578,-96.7045404,1152 North Buckner Blvd,75218,Wed Oct 26 01:51:49 +0000 2016,"Wifey arranged for a new roof. I was cool getting the roof fixed. But today? The savages took down my DirecTV. 

No World Series for me.",,,Twitter
Dallas5,32.8342578,-96.7045404,1152 North Buckner Blvd,75218,Wed Oct 26 01:51:41 +0000 2016,RT @BillNicholsDMN: Jordan Spieth to headline announcement of AT&amp;T Byron Nelson's early move to Trinity Forest in 2018 https://t.co/MKP4cN9…,,,Twitter
Dallas5,32.8342578,-96.7045404,1152 North Buckner Blvd,75218,Wed Oct 26 01:48:35 +0000 2016,RT @BillNicholsDMN: Jordan Spieth to headline announcement of AT&amp;T Byron Nelson's early move to Trinity Forest in 2018 https://t.co/MKP4cN9…,,,Twitter
Dallas5,32.8342578,-96.7045404,1152 North Buckner Blvd,75218,Wed Oct 26 01:45:39 +0000 2016,"Massive AT&amp;T-Time Warner Deal Expected To Vastly Reshape Media Landscape #sportscareers @SMUSportMgt 

https://t.co/DEzzBnyrlB",,,Twitter
Dallas5,32.8342578,-96.7045404,1152 North Buckner Blvd,75218,Wed Oct 26 01:44:23 +0000 2016,"@katelynnx11 Hi Katelynn, can you send us your account number and contact info so we can look into this for you ASAP?",,,Twitter
Dallas5,32.8342578,-96.7045404,1152 North Buckner Blvd,75218,Wed Oct 26 01:39:11 +0000 2016,RT @JTeespeak: So great hangin w/ @GavinDeGraw thx to @DFWAcuraDealers @McDonalds &amp; @ATT  @JackFMDFW @MoreHits1037 https://t.co/V4rDDvLfkB,,,Twitter
Dallas5,32.8342578,-96.7045404,1152 North Buckner Blvd,75218,Wed Oct 26 01:38:40 +0000 2016,ATT:  WOMEN IN SALES:  I want you to get 2 things FREE.  #1.  A copy of my audio book THE GRIT.  #2.  My webinar wit…https://t.co/uNAC1XzxzB,,,Twitter
Dallas5,32.8342578,-96.7045404,1152 North Buckner Blvd,75218,Wed Oct 26 01:38:19 +0000 2016,Jordan Spieth to headline announcement of AT&amp;T Byron Nelson's early move to Trinity Forest in 2018 https://t.co/MKP4cN9w5l via @sportsdaydfw,,,Twitter
Dallas5,32.8342578,-96.7045404,1152 North Buckner Blvd,75218,Wed Oct 26 01:38:10 +0000 2016,RT @ATT: Welcome to the team! @taylorswift13 https://t.co/4h86nLYuLo https://t.co/gAHOi7fPrZ,,,Twitter
Dallas5,32.8342578,-96.7045404,1152 North Buckner Blvd,75218,Wed Oct 26 01:30:15 +0000 2016,Sources tell @BillNicholsDMN the @attbyronnelson will move to Trinity Forest Golf Club a year earlier than expected. https://t.co/2hrdqkNHCe,,,Twitter
Dallas5,32.8342578,-96.7045404,1152 North Buckner Blvd,75218,Wed Oct 26 01:22:32 +0000 2016,RT @theresambates: AT&amp;T research shows most businesses suffer from preventable #cyberattacks not new or unknown threats https://t.co/bdqY1D…,,,Twitter
Dallas5,32.8342578,-96.7045404,1152 North Buckner Blvd,75218,Wed Oct 26 01:22:20 +0000 2016,RT @JTeespeak: So great hangin w/ @GavinDeGraw thx to @DFWAcuraDealers @McDonalds &amp; @ATT  @JackFMDFW @MoreHits1037 https://t.co/V4rDDvLfkB,,,Twitter
Dallas5,32.8342578,-96.7045404,1152 North Buckner Blvd,75218,Wed Oct 26 01:21:33 +0000 2016,RT @Justin_Fickle: @DIRECTV @DIRECTVService worst customer service experience I've ever had.  I was a customer for over 4+ yrs and spent th…,,,Twitter
Dallas5,32.8342578,-96.7045404,1152 North Buckner Blvd,75218,Wed Oct 26 01:20:17 +0000 2016,New #IoT Security Guidelines from the Dept of Homeland Security https://t.co/vQC3juEy0y #attemployee https://t.co/QiDgjuOwFW,,,Twitter
Dallas5,32.8342578,-96.7045404,1152 North Buckner Blvd,75218,Wed Oct 26 01:19:42 +0000 2016,RT @jasoncaston: Well played @ATT .. your move @Sling // AT&amp;T Undercuts Cable TV With $35 Internet Streaming Service https://t.co/k7ejWzNT2…,,,Twitter
Dallas5,32.8342578,-96.7045404,1152 North Buckner Blvd,75218,Wed Oct 26 01:17:43 +0000 2016,Well played @ATT .. your move @Sling // AT&amp;T Undercuts Cable TV With $35 Internet Streaming Service… https://t.co/h03oDQPtMG,,,Twitter
Dallas5,32.8342578,-96.7045404,1152 North Buckner Blvd,75218,Wed Oct 26 01:10:34 +0000 2016,Jordan Spieth to help unveil new home for AT&amp;T Byron Nelson | @BillNicholsDMN https://t.co/0EZtmyzthU https://t.co/U766oo4S7y,,,Twitter
Dallas5,32.8342578,-96.7045404,1152 North Buckner Blvd,75218,Wed Oct 26 01:00:01 +0000 2016,Take a look at our tutorial for info on how to change your bigtincan from AT&amp;T password https://t.co/DMWuWr4MbE https://t.co/tb2vBLA4Ww,,,Twitter
Dallas5,32.8342578,-96.7045404,1152 North Buckner Blvd,75218,Wed Oct 26 00:53:41 +0000 2016,RT @dallasnews: AT&amp;T announces launch of DirecTV Now for $35 a month https://t.co/VLUOgLDKxD | @Melissa_Repko https://t.co/Oqw3WFWHcA,,,Twitter
Dallas5,32.8342578,-96.7045404,1152 North Buckner Blvd,75218,Wed Oct 26 00:52:55 +0000 2016,RT @SportsDayDFW: How frat-tastic... Arkansas bros are playing Slap The Bag outside JerryWorld (via @TomFoxPhoto) https://t.co/5SNqk5BQsu #…,,,Twitter
Dallas5,32.8342578,-96.7045404,1152 North Buckner Blvd,75218,Wed Oct 26 00:43:32 +0000 2016,RT @ATT: Get a sweet deal on the new iPhone 7 when you switch to AT&amp;T and have DIRECTV. https://t.co/TQVeUkmeZ6 https://t.co/zfZmNpe8AP,,,Twitter
Dallas5,32.8342578,-96.7045404,1152 North Buckner Blvd,75218,Wed Oct 26 00:42:33 +0000 2016,RT @ATT: Welcome to the team! @taylorswift13 https://t.co/4h86nLYuLo https://t.co/gAHOi7fPrZ,,,Twitter
Dallas5,32.8342578,-96.7045404,1152 North Buckner Blvd,75218,Wed Oct 26 00:36:29 +0000 2016,RT @ATTBusiness: Watch how to protect your business from evolving threats. Get our report to learn more: https://t.co/8Ixmpp7esC #ATTCyberC…,,,Twitter
Dallas5,32.8342578,-96.7045404,1152 North Buckner Blvd,75218,Wed Oct 26 00:33:16 +0000 2016,RT @ATT: Get a sweet deal on the new iPhone 7 when you switch to AT&amp;T and have DIRECTV. https://t.co/TQVeUkmeZ6 https://t.co/zfZmNpe8AP,,,Twitter
Dallas5,32.8342578,-96.7045404,1152 North Buckner Blvd,75218,Wed Oct 26 00:33:10 +0000 2016,RT @Uverse: It’s time to break out your cowboy boots for @GarthBrooks + @ATT’s exclusive country music concert on 11/10 at 8/7c. https://t.…,,,Twitter
Dallas5,32.8342578,-96.7045404,1152 North Buckner Blvd,75218,Wed Oct 26 00:25:28 +0000 2016,RT @tannerthehammer: @ATT might have the worst customer service out there. Honestly should consider changing dept name to Customer Disservi…,,,Twitter
Dallas5,32.8342578,-96.7045404,1152 North Buckner Blvd,75218,Wed Oct 26 00:23:54 +0000 2016,RT @DMNBiz: The Latin America assets of @ATT could figure more prominently after Time Warner deal https://t.co/Op4NIy095z | @Melissa_Repko…,,,Twitter
Dallas5,32.8342578,-96.7045404,1152 North Buckner Blvd,75218,Wed Oct 26 00:18:28 +0000 2016,RT @Uverse: It’s time to break out your cowboy boots for @GarthBrooks + @ATT’s exclusive country music concert on 11/10 at 8/7c. https://t.…,,,Twitter
Dallas5,32.8342578,-96.7045404,1152 North Buckner Blvd,75218,Wed Oct 26 00:17:34 +0000 2016,RT @ATT: Get a sweet deal on the new iPhone 7 when you switch to AT&amp;T and have DIRECTV. https://t.co/TQVeUkmeZ6 https://t.co/zfZmNpe8AP,,,Twitter
Dallas5,32.8342578,-96.7045404,1152 North Buckner Blvd,75218,Wed Oct 26 00:14:34 +0000 2016,@equitablegrowth @FiveThirtyEight @bencasselman ATT takes people's money for any reason. Cable... they will have a field day!!,,,Twitter
Dallas5,32.8342578,-96.7045404,1152 North Buckner Blvd,75218,Wed Oct 26 00:12:39 +0000 2016,RT @DBJShinneman: Stephenson said some new stuff about DirecTV Now and Time Warner this morning https://t.co/fgq2QFh1dC $T @DallasBizNews,,,Twitter
Dallas5,32.8342578,-96.7045404,1152 North Buckner Blvd,75218,Wed Oct 26 00:10:35 +0000 2016,RT @ATT: Welcome to the team! @taylorswift13 https://t.co/4h86nLYuLo https://t.co/gAHOi7fPrZ,,,Twitter
Dallas5,32.8342578,-96.7045404,1152 North Buckner Blvd,75218,Wed Oct 26 00:08:55 +0000 2016,It’s time to break out your cowboy boots for @GarthBrooks + @ATT’s exclusive country music concert on 11/10 at 8/7c… https://t.co/RDR8X0p98Y,,,Twitter
Dallas5,32.8342578,-96.7045404,1152 North Buckner Blvd,75218,Wed Oct 26 00:06:30 +0000 2016,The Latin America assets of @ATT could figure more prominently after Time Warner deal https://t.co/Op4NIy095z |… https://t.co/U1GMQpxAIk,,,Twitter
Dallas5,32.8342578,-96.7045404,1152 North Buckner Blvd,75218,Wed Oct 26 00:06:23 +0000 2016,RT @ATTBusiness: Watch how to protect your business from evolving threats. Get our report to learn more: https://t.co/8Ixmpp7esC #ATTCyberC…,,,Twitter
Dallas5,32.8342578,-96.7045404,1152 North Buckner Blvd,75218,Wed Oct 26 00:02:12 +0000 2016,RT @ATT: Welcome to the team! @taylorswift13 https://t.co/4h86nLYuLo https://t.co/gAHOi7fPrZ,,,Twitter
Dallas5,32.8342578,-96.7045404,1152 North Buckner Blvd,75218,Tue Oct 25 23:58:22 +0000 2016,"AT&amp;T built system for spying on own customers, selling info to law enforcement for millions: r... https://t.co/Y1Nty7cU7b #siliconvalley",,,Twitter
Dallas5,32.8342578,-96.7045404,1152 North Buckner Blvd,75218,Tue Oct 25 23:54:10 +0000 2016,"CPS caseworkers, AT&amp;T, Rep. Sam Johnson, death penalty, drug use https://t.co/SZHEjvUZ1C",,,Twitter
Dallas5,32.8342578,-96.7045404,1152 North Buckner Blvd,75218,Tue Oct 25 23:50:10 +0000 2016,AT&amp;T Cheerleading Squad for Merger: Nearly 100 Lobbyists https://t.co/tyfMIkfxll,,,Twitter
Dallas5,32.8342578,-96.7045404,1152 North Buckner Blvd,75218,Tue Oct 25 23:42:24 +0000 2016,"RT @FridayNghtGlory: No playoff games at AT&amp;T Stadium the first 3 rounds, but The Star may host postseason games the first 5 rounds  https:…",,,Twitter
Dallas5,32.8342578,-96.7045404,1152 North Buckner Blvd,75218,Tue Oct 25 23:42:17 +0000 2016,"@BobsFunGirl Possible alternative plan. I'll see later. I'm just tired of being dicked around by @Uverse, @MLB, and @MLBONFOX.",,,Twitter
Dallas5,32.8342578,-96.7045404,1152 North Buckner Blvd,75218,Tue Oct 25 23:37:38 +0000 2016,"CPS caseworkers, AT&amp;T, Rep. Sam Johnson, death penalty, drug use https://t.co/qcEKqMJgcu #DFW #realestate",,,Twitter
Dallas5,32.8342578,-96.7045404,1152 North Buckner Blvd,75218,Tue Oct 25 23:36:10 +0000 2016,How have Texas lawmakers reacted to @ATT's megamerger? Mostly with silence | https://t.co/e1F0k2g03S @tombenning https://t.co/RgXes9gcyK,,,Twitter
Dallas5,32.8342578,-96.7045404,1152 North Buckner Blvd,75218,Tue Oct 25 23:35:15 +0000 2016,"RT @FridayNghtGlory: No playoff games at AT&amp;T Stadium the first 3 rounds, but The Star may host postseason games the first 5 rounds  https:…",,,Twitter
Dallas5,32.8342578,-96.7045404,1152 North Buckner Blvd,75218,Tue Oct 25 23:35:05 +0000 2016,"Oh cool, the Series is on Fox broadcast only, which I can't watch via @Uverse on my PC (unlike FS1). Awesome job, everyone. Thanks a lot.",,,Twitter
Dallas5,32.8342578,-96.7045404,1152 North Buckner Blvd,75218,Tue Oct 25 23:34:33 +0000 2016,Dallas-based @ATT accused of profiting from decades of #hemisphere #surveillance data. #ATT @SteveBrownDMN… https://t.co/gZmy2Vq0o1,,,Twitter
Dallas5,32.8342578,-96.7045404,1152 North Buckner Blvd,75218,Tue Oct 25 23:31:35 +0000 2016,"At home, DirecTV is waiting for me!!  📺📡
#home #selfie https://t.co/s8aEO0yPS7",,,Twitter
Dallas5,32.8342578,-96.7045404,1152 North Buckner Blvd,75218,Tue Oct 25 23:29:54 +0000 2016,RT @ATTBusiness: Maximize taste + minimize waste w/ #IoT! See how @ndustrialio preserves the nation’s food supply:  https://t.co/mKztl4Nw9n…,,,Twitter
Dallas5,32.8342578,-96.7045404,1152 North Buckner Blvd,75218,Tue Oct 25 23:29:37 +0000 2016,RT @ATTBusiness: Maximize taste + minimize waste w/ #IoT! See how @ndustrialio preserves the nation’s food supply:  https://t.co/mKztl4Nw9n…,,,Twitter
Dallas5,32.8342578,-96.7045404,1152 North Buckner Blvd,75218,Tue Oct 25 23:29:20 +0000 2016,RT @ATTBusiness: Maximize taste + minimize waste w/ #IoT! See how @ndustrialio preserves the nation’s food supply:  https://t.co/mKztl4Nw9n…,,,Twitter
Dallas5,32.8342578,-96.7045404,1152 North Buckner Blvd,75218,Tue Oct 25 23:27:04 +0000 2016,RT @iMeloOfficial: AT&amp;T Wants to Sell You a Hundred Streaming Channels for $35 a Month #SmartNews #ATT  https://t.co/qbEM8zGXBn,,,Twitter
Dallas5,32.8342578,-96.7045404,1152 North Buckner Blvd,75218,Tue Oct 25 23:25:07 +0000 2016,RT @dallasnews: AT&amp;T announces launch of DirecTV Now for $35 a month https://t.co/VLUOgLDKxD | @Melissa_Repko https://t.co/Oqw3WFWHcA,,,Twitter
Dallas5,32.8342578,-96.7045404,1152 North Buckner Blvd,75218,Tue Oct 25 23:24:46 +0000 2016,"ALERT: If You Have AT&amp;T Drop Them NOW, Here's What You Need To Know... https://t.co/u8ABpkTIpl",,,Twitter
Dallas5,32.8342578,-96.7045404,1152 North Buckner Blvd,75218,Tue Oct 25 23:21:58 +0000 2016,@GavinDeGraw @DFWAcuraDealers @McDonalds @ATT @JackFMDFW @MoreHits1037 thank u brotha!,,,Twitter
Dallas5,32.8342578,-96.7045404,1152 North Buckner Blvd,75218,Tue Oct 25 23:21:47 +0000 2016,"On the @verizonfios/@FrontierCorp app, it was right on the home page. 1 click. The @DIRECTV #ux, on the other hand, is so terrible!",,,Twitter
Dallas5,32.8342578,-96.7045404,1152 North Buckner Blvd,75218,Tue Oct 25 23:21:31 +0000 2016,@GavinDeGraw @DFWAcuraDealers @McDonalds @ATT @JackFMDFW @MoreHits1037 thx Gavin!,,,Twitter
Dallas5,32.8342578,-96.7045404,1152 North Buckner Blvd,75218,Tue Oct 25 23:18:50 +0000 2016,"The #UX to get to a live channel on the @DIRECTV app is so bad! Look at how many steps tmit takes to get to @MSNBC,… https://t.co/ipHwTfZcLH",,,Twitter
Dallas5,32.8342578,-96.7045404,1152 North Buckner Blvd,75218,Tue Oct 25 23:12:13 +0000 2016,Seriously fuck @ATT https://t.co/vZIzHeSjOR,,,Twitter
Dallas5,32.8342578,-96.7045404,1152 North Buckner Blvd,75218,Tue Oct 25 23:11:43 +0000 2016,AT&amp;T Wants to Sell You a Hundred Streaming Channels for $35 a Month #SmartNews #ATT  https://t.co/qbEM8zGXBn,,,Twitter
Dallas5,32.8342578,-96.7045404,1152 North Buckner Blvd,75218,Tue Oct 25 23:10:07 +0000 2016,AT&amp;T's new streaming TV service will give you 100+ channels for $35 a month https://t.co/QMpAaxnHZq,,,Twitter
Dallas5,32.8342578,-96.7045404,1152 North Buckner Blvd,75218,Tue Oct 25 23:06:58 +0000 2016,RT @ATTBusiness: Watch how to protect your business from evolving threats. Get our report to learn more: https://t.co/8Ixmpp7esC #ATTCyberC…,,,Twitter
Dallas5,32.8342578,-96.7045404,1152 North Buckner Blvd,75218,Tue Oct 25 22:59:07 +0000 2016,RT @ATTBusiness: Watch how to protect your business from evolving threats. Get our report to learn more: https://t.co/8Ixmpp7esC #ATTCyberC…,,,Twitter
Dallas5,32.8342578,-96.7045404,1152 North Buckner Blvd,75218,Tue Oct 25 22:57:01 +0000 2016,@nick_underhill Hi Nick - Sorry to hear you're having issues. We're offering free access to NBA League Pass: https://t.co/NX5gw4sD5q,,,Twitter
Dallas5,32.8342578,-96.7045404,1152 North Buckner Blvd,75218,Tue Oct 25 22:56:04 +0000 2016,"RT @ATT: @JenSwirsky Jen, you're making our day! Thanks for the #ATTLove. https://t.co/isGmJhfqMn",,,Twitter
Dallas5,32.8342578,-96.7045404,1152 North Buckner Blvd,75218,Tue Oct 25 22:56:00 +0000 2016,"RT @ATT: @RileysCronicles You just made OUR day, Riley! Thanks for sharing the #ATTLove https://t.co/gSLNy4EDYz",,,Twitter
Dallas5,32.8342578,-96.7045404,1152 North Buckner Blvd,75218,Tue Oct 25 22:52:02 +0000 2016,RT @JTeespeak: So great hangin w/ @GavinDeGraw thx to @DFWAcuraDealers @McDonalds &amp; @ATT  @JackFMDFW @MoreHits1037 https://t.co/V4rDDvLfkB,,,Twitter
Dallas5,32.8342578,-96.7045404,1152 North Buckner Blvd,75218,Tue Oct 25 22:51:58 +0000 2016,RT @ATT: Another reason to smile for the camera. The #LGV20 from @LGUSAMobile will be available in stores starting today. https://t.co/TILu…,,,Twitter
Dallas5,32.8342578,-96.7045404,1152 North Buckner Blvd,75218,Tue Oct 25 22:51:27 +0000 2016,AT&amp;T Aspire Accelerator 2016 #edtech solutions pitch at att! Had the chance to chat with… https://t.co/heSjGWpDPY,,,Twitter
Dallas5,32.8342578,-96.7045404,1152 North Buckner Blvd,75218,Tue Oct 25 22:46:53 +0000 2016,RT @JTeespeak: So great hangin w/ @GavinDeGraw thx to @DFWAcuraDealers @McDonalds &amp; @ATT  @JackFMDFW @MoreHits1037 https://t.co/V4rDDvLfkB,,,Twitter
Dallas5,32.8342578,-96.7045404,1152 North Buckner Blvd,75218,Tue Oct 25 22:45:59 +0000 2016,RT @ATT: Welcome to the team! @taylorswift13 https://t.co/4h86nLYuLo https://t.co/gAHOi7fPrZ,,,Twitter
Dallas5,32.8342578,-96.7045404,1152 North Buckner Blvd,75218,Tue Oct 25 22:41:18 +0000 2016,"Abbott's Meat Market
For the best meat...it has to be Abbott's!!
801 N Oak Ave, Ada, OK 74820
(580) 332-3893… https://t.co/HYEntw2vEx",,,Twitter
Dallas5,32.8342578,-96.7045404,1152 North Buckner Blvd,75218,Tue Oct 25 22:40:34 +0000 2016,AT&amp;T announces launch of DirecTV Now for $35 a month | Melissa Repko https://t.co/kX3AGiKIR1,,,Twitter
Dallas5,32.8342578,-96.7045404,1152 North Buckner Blvd,75218,Tue Oct 25 22:37:15 +0000 2016,"RT @DMNBiz: Can @ATT and @twxcorp avoid a left-brain, right-brain culture clash? https://t.co/on1Vg17AJu | @MitchSchnurman https://t.co/SHv…",,,Twitter
Dallas5,32.8342578,-96.7045404,1152 North Buckner Blvd,75218,Tue Oct 25 22:35:53 +0000 2016,"RT @DMNBiz: Can @ATT and @twxcorp avoid a left-brain, right-brain culture clash? https://t.co/on1Vg17AJu | @MitchSchnurman https://t.co/SHv…",,,Twitter
Dallas5,32.8342578,-96.7045404,1152 North Buckner Blvd,75218,Tue Oct 25 22:35:27 +0000 2016,"Can @ATT and @twxcorp avoid a left-brain, right-brain culture clash? https://t.co/on1Vg17AJu | @MitchSchnurman https://t.co/SHvLS8SbgU",,,Twitter
Dallas5,32.8342578,-96.7045404,1152 North Buckner Blvd,75218,Tue Oct 25 22:30:10 +0000 2016,RT @JTeespeak: So great hangin w/ @GavinDeGraw thx to @DFWAcuraDealers @McDonalds &amp; @ATT  @JackFMDFW @MoreHits1037 https://t.co/V4rDDvLfkB,,,Twitter
Dallas5,32.8342578,-96.7045404,1152 North Buckner Blvd,75218,Tue Oct 25 22:28:41 +0000 2016,So great hangin w/ @GavinDeGraw thx to @DFWAcuraDealers @McDonalds &amp; @ATT  @JackFMDFW @MoreHits1037 https://t.co/V4rDDvLfkB,,,Twitter
Dallas5,32.8342578,-96.7045404,1152 North Buckner Blvd,75218,Tue Oct 25 22:24:54 +0000 2016,@melissa_repko @MariaHalkias yup already a Directv customer and would def consider streaming depending on the details,,,Twitter
Dallas5,32.8342578,-96.7045404,1152 North Buckner Blvd,75218,Tue Oct 25 22:17:37 +0000 2016,"AT&amp;T prices DirecTV Now at $35 a month     - CNET: With 100 channels and streaming costs included, AT&amp;T says ... https://t.co/neQT4CHnPG",,,Twitter
Dallas5,32.8342578,-96.7045404,1152 North Buckner Blvd,75218,Tue Oct 25 22:10:14 +0000 2016,What’s different about 5G than previous “G’s”? https://t.co/KHheirFL9C #attemployee https://t.co/mX0N4rQP8w,,,Twitter
Dallas5,32.8342578,-96.7045404,1152 North Buckner Blvd,75218,Tue Oct 25 22:09:48 +0000 2016,Time Warner Merger Balloons Debt at Warren Buffett Castoff AT&amp;T https://t.co/tflisLmkRb  $t $twx #warrenbuffett,,,Twitter
Dallas5,32.8342578,-96.7045404,1152 North Buckner Blvd,75218,Tue Oct 25 22:06:00 +0000 2016,PETITION: Fight corporate control of the news. Stop the @ATT-@twxcorp merger! https://t.co/sJ19Ho6sTD via @demandprogress,,,Twitter
Dallas5,32.8342578,-96.7045404,1152 North Buckner Blvd,75218,Sun Oct 23 23:49:52 +0000 2016,"RT @dallasnews: New media agency @Hearts_Science lands @ATT, opens shop in Dallas and plans to employ 100 people https://t.co/f5bPR9R5EQ @m…",,,Twitter
Dallas5,32.8342578,-96.7045404,1152 North Buckner Blvd,75218,Sun Oct 23 23:38:53 +0000 2016,RT @ATT: The #futureofvideo is mobile and the #futureofmobile is video. Time Warner + AT&amp;T make it happen! @twxcorp https://t.co/GKx4U9TQYg,,,Twitter
Dallas5,32.8342578,-96.7045404,1152 North Buckner Blvd,75218,Sun Oct 23 23:33:09 +0000 2016,RT @ATT: The #futureofvideo is mobile and the #futureofmobile is video. Time Warner + AT&amp;T make it happen! @twxcorp https://t.co/GKx4U9TQYg,,,Twitter
Dallas5,32.8342578,-96.7045404,1152 North Buckner Blvd,75218,Sun Oct 23 23:27:43 +0000 2016,"@TwoBitWhackJob with @DIRECTV and #NFLSundayTicket, I can choose how I want to finish. 😏",,,Twitter
Dallas5,32.8342578,-96.7045404,1152 North Buckner Blvd,75218,Sun Oct 23 23:23:26 +0000 2016,RT @ATT: Welcome to the team! @taylorswift13 https://t.co/4h86nLYuLo https://t.co/gAHOi7fPrZ,,,Twitter
Dallas5,32.8342578,-96.7045404,1152 North Buckner Blvd,75218,Sun Oct 23 23:17:22 +0000 2016,RT @ATT: Welcome to the team! @taylorswift13 https://t.co/4h86nLYuLo https://t.co/gAHOi7fPrZ,,,Twitter
Dallas5,32.8342578,-96.7045404,1152 North Buckner Blvd,75218,Sun Oct 23 22:55:13 +0000 2016,RT @ATT: Welcome to the team! @taylorswift13 https://t.co/4h86nLYuLo https://t.co/gAHOi7fPrZ,,,Twitter
Dallas5,32.8342578,-96.7045404,1152 North Buckner Blvd,75218,Sun Oct 23 22:54:53 +0000 2016,RT @ATT: The #futureofvideo is mobile and the #futureofmobile is video. Time Warner + AT&amp;T make it happen! @twxcorp https://t.co/GKx4U9TQYg,,,Twitter
Dallas5,32.8342578,-96.7045404,1152 North Buckner Blvd,75218,Sun Oct 23 22:53:06 +0000 2016,RT @ATT: The #futureofvideo is mobile and the #futureofmobile is video. Time Warner + AT&amp;T make it happen! @twxcorp https://t.co/GKx4U9TQYg,,,Twitter
Dallas5,32.8342578,-96.7045404,1152 North Buckner Blvd,75218,Sun Oct 23 22:46:16 +0000 2016,"RT @DanielleDigest: .@ATT to Purchase @TWC for $85.4B: Here’s What You Need to Know
https://t.co/8wSSbVNUVK https://t.co/AhyTPE6l1T",,,Twitter
Dallas5,32.8342578,-96.7045404,1152 North Buckner Blvd,75218,Sun Oct 23 22:43:38 +0000 2016,".@ATT to Purchase @TWC for $85.4B: Here’s What You Need to Know
https://t.co/8wSSbVNUVK https://t.co/AhyTPE6l1T",,,Twitter
Dallas5,32.8342578,-96.7045404,1152 North Buckner Blvd,75218,Sun Oct 23 22:42:41 +0000 2016,"RT @ATT: Mother Nature is unpredictable, so we rely on our Network Disaster Recovery team to connect you when you need it most. https://t.c…",,,Twitter
Dallas5,32.8342578,-96.7045404,1152 North Buckner Blvd,75218,Sun Oct 23 22:36:42 +0000 2016,@ATTCares It's 2016.  How about a digital optical audio port on the wireless genie.,,,Twitter
Dallas5,32.8342578,-96.7045404,1152 North Buckner Blvd,75218,Sun Oct 23 22:26:35 +0000 2016,RT @ATT: The #futureofvideo is mobile and the #futureofmobile is video. Time Warner + AT&amp;T make it happen! @twxcorp https://t.co/GKx4U9TQYg,,,Twitter
Dallas5,32.8342578,-96.7045404,1152 North Buckner Blvd,75218,Sun Oct 23 22:23:56 +0000 2016,Hey @ATTCares Instead of spending all your allowance on TWC How about a wireless box that has a decent audio connection? @DIRECTVService,,,Twitter
Dallas5,32.8342578,-96.7045404,1152 North Buckner Blvd,75218,Sun Oct 23 22:22:19 +0000 2016,"RT @ATT: Mother Nature is unpredictable, so we rely on our Network Disaster Recovery team to connect you when you need it most. https://t.c…",,,Twitter
Dallas5,32.8342578,-96.7045404,1152 North Buckner Blvd,75218,Sun Oct 23 22:11:56 +0000 2016,RT @ATT: Welcome to the team! @taylorswift13 https://t.co/4h86nLYuLo https://t.co/gAHOi7fPrZ,,,Twitter
Dallas5,32.8342578,-96.7045404,1152 North Buckner Blvd,75218,Sun Oct 23 22:09:41 +0000 2016,RT @ATT: @Emma_Wilson44 We’ll be giving away tickets to Taylor fans including AT&amp;T customers + special guests. We’ll share ticketing detail…,,,Twitter
Dallas5,32.8342578,-96.7045404,1152 North Buckner Blvd,75218,Sun Oct 23 22:08:20 +0000 2016,"RT @ATT: Mother Nature is unpredictable, so we rely on our Network Disaster Recovery team to connect you when you need it most. https://t.c…",,,Twitter
Dallas5,32.8342578,-96.7045404,1152 North Buckner Blvd,75218,Sun Oct 23 22:08:06 +0000 2016,RT @ATT: Welcome to the team! @taylorswift13 https://t.co/4h86nLYuLo https://t.co/gAHOi7fPrZ,,,Twitter
Dallas5,32.8342578,-96.7045404,1152 North Buckner Blvd,75218,Sun Oct 23 22:06:51 +0000 2016,RT @ATT: The #futureofvideo is mobile and the #futureofmobile is video. Time Warner + AT&amp;T make it happen! @twxcorp https://t.co/GKx4U9TQYg,,,Twitter
Dallas5,32.8342578,-96.7045404,1152 North Buckner Blvd,75218,Sun Oct 23 22:05:39 +0000 2016,"RT @ATT: @marariann_ This is a special, invitation-only concert, but we’ll be giving away lots of tickets to fans and AT&amp;T customers soon.",,,Twitter
Dallas5,32.8342578,-96.7045404,1152 North Buckner Blvd,75218,Sun Oct 23 21:51:36 +0000 2016,RT @ATT: The #futureofvideo is mobile and the #futureofmobile is video. Time Warner + AT&amp;T make it happen! @twxcorp https://t.co/GKx4U9TQYg,,,Twitter
Dallas5,32.8342578,-96.7045404,1152 North Buckner Blvd,75218,Sun Oct 23 21:39:12 +0000 2016,RT @ATT: The #futureofvideo is mobile and the #futureofmobile is video. Time Warner + AT&amp;T make it happen! @twxcorp https://t.co/GKx4U9TQYg,,,Twitter
Dallas5,32.8342578,-96.7045404,1152 North Buckner Blvd,75218,Sun Oct 23 21:37:35 +0000 2016,"RT @ATT: Mother Nature is unpredictable, so we rely on our Network Disaster Recovery team to connect you when you need it most. https://t.c…",,,Twitter
Dallas5,32.8342578,-96.7045404,1152 North Buckner Blvd,75218,Sun Oct 23 21:35:49 +0000 2016,RT @ATT: Welcome to the team! @taylorswift13 https://t.co/4h86nLYuLo https://t.co/gAHOi7fPrZ,,,Twitter
Dallas5,32.8342578,-96.7045404,1152 North Buckner Blvd,75218,Sun Oct 23 21:33:10 +0000 2016,RT @ATT: Welcome to the team! @taylorswift13 https://t.co/4h86nLYuLo https://t.co/gAHOi7fPrZ,,,Twitter
Dallas5,32.8342578,-96.7045404,1152 North Buckner Blvd,75218,Sun Oct 23 21:29:50 +0000 2016,"RT @ATT: Mother Nature is unpredictable, so we rely on our Network Disaster Recovery team to connect you when you need it most. https://t.c…",,,Twitter
Dallas5,32.8342578,-96.7045404,1152 North Buckner Blvd,75218,Sun Oct 23 21:17:07 +0000 2016,"RT @attJOBS: Our colleagues in Europe, the Middle East &amp; Asia are spreading the @ATT Aspire mission around the globe: https://t.co/ypGzlddr…",,,Twitter
Dallas5,32.8342578,-96.7045404,1152 North Buckner Blvd,75218,Sun Oct 23 21:09:39 +0000 2016,RT @ATT: Get a sweet deal on the new iPhone 7 when you switch to AT&amp;T and have DIRECTV. https://t.co/TQVeUkmeZ6 https://t.co/zfZmNpe8AP,,,Twitter
Dallas5,32.8342578,-96.7045404,1152 North Buckner Blvd,75218,Sun Oct 23 21:04:44 +0000 2016,RT @ATT: The #futureofvideo is mobile and the #futureofmobile is video. Time Warner + AT&amp;T make it happen! @twxcorp https://t.co/GKx4U9TQYg,,,Twitter
Dallas5,32.8342578,-96.7045404,1152 North Buckner Blvd,75218,Sun Oct 23 21:03:36 +0000 2016,RT @ATT: Welcome to the team! @taylorswift13 https://t.co/4h86nLYuLo https://t.co/gAHOi7fPrZ,,,Twitter
Dallas5,32.8342578,-96.7045404,1152 North Buckner Blvd,75218,Sun Oct 23 20:59:06 +0000 2016,RT @ATT: The #futureofvideo is mobile and the #futureofmobile is video. Time Warner + AT&amp;T make it happen! @twxcorp https://t.co/GKx4U9TQYg,,,Twitter
Dallas5,32.8342578,-96.7045404,1152 North Buckner Blvd,75218,Sun Oct 23 20:56:36 +0000 2016,RT @ATT: Welcome to the team! @taylorswift13 https://t.co/4h86nLYuLo https://t.co/gAHOi7fPrZ,,,Twitter
Dallas5,32.8342578,-96.7045404,1152 North Buckner Blvd,75218,Sun Oct 23 20:55:56 +0000 2016,"RT @ATT: Mother Nature is unpredictable, so we rely on our Network Disaster Recovery team to connect you when you need it most. https://t.c…",,,Twitter
Dallas5,32.8342578,-96.7045404,1152 North Buckner Blvd,75218,Sun Oct 23 20:55:40 +0000 2016,RT @ATT: Welcome to the team! @taylorswift13 https://t.co/4h86nLYuLo https://t.co/gAHOi7fPrZ,,,Twitter
Dallas5,32.8342578,-96.7045404,1152 North Buckner Blvd,75218,Sun Oct 23 20:54:24 +0000 2016,"RT @ATT: Mother Nature is unpredictable, so we rely on our Network Disaster Recovery team to connect you when you need it most. https://t.c…",,,Twitter
Dallas5,32.8342578,-96.7045404,1152 North Buckner Blvd,75218,Sun Oct 23 20:50:56 +0000 2016,RT @ATT: Are you ready for the revolution? Watch the @GreenDay @iHeartRadio Album Release Party now. #iHeartGreenDay https://t.co/ec2gZXKu7U,,,Twitter
Dallas5,32.8342578,-96.7045404,1152 North Buckner Blvd,75218,Sun Oct 23 20:44:29 +0000 2016,RT @ATT: @_Reflection5H Not necessarily. We’ll be giving away lots of tickets to Taylor fans including AT&amp;T customers &amp; special guests.,,,Twitter
Dallas5,32.8342578,-96.7045404,1152 North Buckner Blvd,75218,Sun Oct 23 20:42:39 +0000 2016,"And @Uverse &gt; @GetSpectrum/@TWC - Customer service has been top notch, I'm paying the same for so much more content and features.",,,Twitter
Dallas5,32.8342578,-96.7045404,1152 North Buckner Blvd,75218,Sun Oct 23 20:30:27 +0000 2016,RT @ATT: The #futureofvideo is mobile and the #futureofmobile is video. Time Warner + AT&amp;T make it happen! @twxcorp https://t.co/GKx4U9TQYg,,,Twitter
Dallas5,32.8342578,-96.7045404,1152 North Buckner Blvd,75218,Sun Oct 23 20:26:46 +0000 2016,@JustinRoiland @DIRECTV That's why you gotta get your hands on some crystalized xanthanite. It's the only media experience worth having.,,,Twitter
Dallas5,32.8342578,-96.7045404,1152 North Buckner Blvd,75218,Sun Oct 23 20:20:36 +0000 2016,RT @ATT: @Emma_Wilson44 We’ll be giving away tickets to Taylor fans including AT&amp;T customers + special guests. We’ll share ticketing detail…,,,Twitter
Dallas5,32.8342578,-96.7045404,1152 North Buckner Blvd,75218,Sun Oct 23 20:11:55 +0000 2016,RT @ATT: Welcome to the team! @taylorswift13 https://t.co/4h86nLYuLo https://t.co/gAHOi7fPrZ,,,Twitter
Dallas5,32.8342578,-96.7045404,1152 North Buckner Blvd,75218,Sun Oct 23 20:08:36 +0000 2016,@ATTCares how quick could you get service to my house in Irving? Apparently after 4 years of service my ISP sh*t the bed and need a quote.,,,Twitter
Dallas5,32.8342578,-96.7045404,1152 North Buckner Blvd,75218,Sun Oct 23 20:08:12 +0000 2016,RT @ATT: The #futureofvideo is mobile and the #futureofmobile is video. Time Warner + AT&amp;T make it happen! @twxcorp https://t.co/GKx4U9TQYg,,,Twitter
Dallas5,32.8342578,-96.7045404,1152 North Buckner Blvd,75218,Sun Oct 23 20:04:46 +0000 2016,RT @ATT: Welcome to the team! @taylorswift13 https://t.co/4h86nLYuLo https://t.co/gAHOi7fPrZ,,,Twitter
Dallas5,32.8342578,-96.7045404,1152 North Buckner Blvd,75218,Sun Oct 23 19:59:03 +0000 2016,"RT @ATT: @marariann_ This is a special, invitation-only concert, but we’ll be giving away lots of tickets to fans and AT&amp;T customers soon.",,,Twitter
Dallas5,32.8342578,-96.7045404,1152 North Buckner Blvd,75218,Sun Oct 23 19:59:00 +0000 2016,RT @ATT: Welcome to the team! @taylorswift13 https://t.co/4h86nLYuLo https://t.co/gAHOi7fPrZ,,,Twitter
Dallas5,32.8342578,-96.7045404,1152 North Buckner Blvd,75218,Sun Oct 23 19:58:43 +0000 2016,"RT @ATT: Some people may wait a lifetime, but you don't have to. On 11/2-3, AT&amp;T customers can buy @kelly_clarkson tix early. https://t.co/…",,,Twitter
Dallas5,32.8342578,-96.7045404,1152 North Buckner Blvd,75218,Sun Oct 23 19:42:10 +0000 2016,RT @ATT: Welcome to the team! @taylorswift13 https://t.co/4h86nLYuLo https://t.co/gAHOi7fPrZ,,,Twitter
Dallas5,32.8342578,-96.7045404,1152 North Buckner Blvd,75218,Sun Oct 23 19:36:03 +0000 2016,"RT @PhilipTKingston: Why do I suddenly feel so good about @BCBSAssociation? Hint, hint, @ATT @DtownDallasInc https://t.co/dEwVDTELlT",,,Twitter
Dallas5,32.8342578,-96.7045404,1152 North Buckner Blvd,75218,Sun Oct 23 19:33:28 +0000 2016,RT @ATT: The #futureofvideo is mobile and the #futureofmobile is video. Time Warner + AT&amp;T make it happen! @twxcorp https://t.co/GKx4U9TQYg,,,Twitter
Dallas5,32.8342578,-96.7045404,1152 North Buckner Blvd,75218,Sun Oct 23 19:30:55 +0000 2016,"Why do I suddenly feel so good about @BCBSAssociation? Hint, hint, @ATT @DtownDallasInc https://t.co/dEwVDTELlT",,,Twitter
Dallas5,32.8342578,-96.7045404,1152 North Buckner Blvd,75218,Sun Oct 23 19:24:04 +0000 2016,RT @ATT: The #futureofvideo is mobile and the #futureofmobile is video. Time Warner + AT&amp;T make it happen! @twxcorp https://t.co/GKx4U9TQYg,,,Twitter
Dallas5,32.8342578,-96.7045404,1152 North Buckner Blvd,75218,Sun Oct 23 19:23:09 +0000 2016,RT @ATT: @_Reflection5H Not necessarily. We’ll be giving away lots of tickets to Taylor fans including AT&amp;T customers &amp; special guests.,,,Twitter
Dallas5,32.8342578,-96.7045404,1152 North Buckner Blvd,75218,Sun Oct 23 19:22:21 +0000 2016,RT @ATT: Who made you a college 🏈 fan? Share with #MadeMeAFanContest for a chance to win. Rules https://t.co/hU3I3wFn5V https://t.co/xZbxUJ…,,,Twitter
Dallas5,32.8342578,-96.7045404,1152 North Buckner Blvd,75218,Sun Oct 23 19:21:41 +0000 2016,RT @ATT: The #futureofvideo is mobile and the #futureofmobile is video. Time Warner + AT&amp;T make it happen! @twxcorp https://t.co/GKx4U9TQYg,,,Twitter
Dallas5,32.8342578,-96.7045404,1152 North Buckner Blvd,75218,Sun Oct 23 18:58:28 +0000 2016,RT @ATT: Welcome to the team! @taylorswift13 https://t.co/4h86nLYuLo https://t.co/gAHOi7fPrZ,,,Twitter
Dallas5,32.8342578,-96.7045404,1152 North Buckner Blvd,75218,Sun Oct 23 18:53:44 +0000 2016,RT @ATT: @Emma_Wilson44 We’ll be giving away tickets to Taylor fans including AT&amp;T customers + special guests. We’ll share ticketing detail…,,,Twitter
Dallas5,32.8342578,-96.7045404,1152 North Buckner Blvd,75218,Sun Oct 23 18:52:29 +0000 2016,RT @ATT: @_Reflection5H Not necessarily. We’ll be giving away lots of tickets to Taylor fans including AT&amp;T customers &amp; special guests.,,,Twitter
Dallas5,32.8342578,-96.7045404,1152 North Buckner Blvd,75218,Sun Oct 23 18:52:02 +0000 2016,RT @ATT: Welcome to the team! @taylorswift13 https://t.co/4h86nLYuLo https://t.co/gAHOi7fPrZ,,,Twitter
Dallas5,32.8342578,-96.7045404,1152 North Buckner Blvd,75218,Sun Oct 23 18:48:09 +0000 2016,RT @ATT: @_Reflection5H Not necessarily. We’ll be giving away lots of tickets to Taylor fans including AT&amp;T customers &amp; special guests.,,,Twitter
Dallas5,32.8342578,-96.7045404,1152 North Buckner Blvd,75218,Sun Oct 23 18:43:53 +0000 2016,RT @ATT: @_Reflection5H Not necessarily. We’ll be giving away lots of tickets to Taylor fans including AT&amp;T customers &amp; special guests.,,,Twitter
Dallas5,32.8342578,-96.7045404,1152 North Buckner Blvd,75218,Sun Oct 23 18:41:47 +0000 2016,RT @ATT: The #futureofvideo is mobile and the #futureofmobile is video. Time Warner + AT&amp;T make it happen! @twxcorp https://t.co/GKx4U9TQYg,,,Twitter
Dallas5,32.8342578,-96.7045404,1152 North Buckner Blvd,75218,Sun Oct 23 18:38:43 +0000 2016,RT @ATT: The #futureofvideo is mobile and the #futureofmobile is video. Time Warner + AT&amp;T make it happen! @twxcorp https://t.co/GKx4U9TQYg,,,Twitter
Dallas5,32.8342578,-96.7045404,1152 North Buckner Blvd,75218,Sun Oct 23 18:34:57 +0000 2016,RT @ATT: The #futureofvideo is mobile and the #futureofmobile is video. Time Warner + AT&amp;T make it happen! @twxcorp https://t.co/GKx4U9TQYg,,,Twitter
Dallas5,32.8342578,-96.7045404,1152 North Buckner Blvd,75218,Sun Oct 23 18:31:29 +0000 2016,RT @ATT: Welcome to the team! @taylorswift13 https://t.co/4h86nLYuLo https://t.co/gAHOi7fPrZ,,,Twitter
Dallas5,32.8342578,-96.7045404,1152 North Buckner Blvd,75218,Sun Oct 23 18:27:05 +0000 2016,RT @ATT: The #futureofvideo is mobile and the #futureofmobile is video. Time Warner + AT&amp;T make it happen! @twxcorp https://t.co/GKx4U9TQYg,,,Twitter
Dallas5,32.8342578,-96.7045404,1152 North Buckner Blvd,75218,Sun Oct 23 18:26:42 +0000 2016,RT @ATT: The #futureofvideo is mobile and the #futureofmobile is video. Time Warner + AT&amp;T make it happen! @twxcorp https://t.co/GKx4U9TQYg,,,Twitter
Dallas5,32.8342578,-96.7045404,1152 North Buckner Blvd,75218,Sun Oct 23 18:25:47 +0000 2016,RT @ATT: The #futureofvideo is mobile and the #futureofmobile is video. Time Warner + AT&amp;T make it happen! @twxcorp https://t.co/GKx4U9TQYg,,,Twitter
Dallas5,32.8342578,-96.7045404,1152 North Buckner Blvd,75218,Sun Oct 23 18:18:24 +0000 2016,"RT @dallasnews: New media agency @Hearts_Science lands @ATT, opens shop in Dallas and plans to employ 100 people https://t.co/f5bPR9R5EQ @m…",,,Twitter
Dallas5,32.8342578,-96.7045404,1152 North Buckner Blvd,75218,Sun Oct 23 18:18:01 +0000 2016,@DK0021 @TWC @ATT and fuck time warner lol,,,Twitter
Dallas5,32.8342578,-96.7045404,1152 North Buckner Blvd,75218,Sun Oct 23 18:17:43 +0000 2016,@DK0021 @TWC @ATT ive had att uverse for a bit now. I came from fios but uverse is pretty good so far,,,Twitter
Dallas5,32.8342578,-96.7045404,1152 North Buckner Blvd,75218,Sun Oct 23 18:15:42 +0000 2016,"New media agency @Hearts_Science lands @ATT, opens shop in Dallas and plans to employ 100 people… https://t.co/ZhNktrU4U7",,,Twitter
Dallas5,32.8342578,-96.7045404,1152 North Buckner Blvd,75218,Sun Oct 23 18:11:48 +0000 2016,RT @ATT: @_Reflection5H Not necessarily. We’ll be giving away lots of tickets to Taylor fans including AT&amp;T customers &amp; special guests.,,,Twitter
Dallas5,32.8342578,-96.7045404,1152 North Buckner Blvd,75218,Sun Oct 23 18:11:33 +0000 2016,RT @ATT: @_Reflection5H Not necessarily. We’ll be giving away lots of tickets to Taylor fans including AT&amp;T customers &amp; special guests.,,,Twitter
Dallas5,32.8342578,-96.7045404,1152 North Buckner Blvd,75218,Sun Oct 23 18:10:37 +0000 2016,RT @ATT: @tayIorhq We’ll be giving away lots of tickets to fans and AT&amp;T customers soon. We’ll share details later.,,,Twitter
Dallas5,32.8342578,-96.7045404,1152 North Buckner Blvd,75218,Sun Oct 23 17:54:53 +0000 2016,RT @ATT: @tayIorhq We’ll be giving away lots of tickets to fans and AT&amp;T customers soon. We’ll share details later.,,,Twitter
Dallas5,32.8342578,-96.7045404,1152 North Buckner Blvd,75218,Sun Oct 23 17:53:04 +0000 2016,RT @ATT: Are you ready for the revolution? Watch the @GreenDay @iHeartRadio Album Release Party now. #iHeartGreenDay https://t.co/ec2gZXKu7U,,,Twitter
Dallas5,32.8342578,-96.7045404,1152 North Buckner Blvd,75218,Sun Oct 23 17:43:28 +0000 2016,RT @ATT: The #futureofvideo is mobile and the #futureofmobile is video. Time Warner + AT&amp;T make it happen! @twxcorp https://t.co/GKx4U9TQYg,,,Twitter
Dallas5,32.8342578,-96.7045404,1152 North Buckner Blvd,75218,Sun Oct 23 17:38:44 +0000 2016,Excited about your collaboration w @ATT introducing first nationwide Brackets For Good tourney! #BFGUSA @BracketsForGood 🏀@UnitedWayDallas,,,Twitter
Dallas5,32.8342578,-96.7045404,1152 North Buckner Blvd,75218,Sun Oct 23 17:34:02 +0000 2016,RT @ATT: Welcome to the team! @taylorswift13 https://t.co/4h86nLYuLo https://t.co/gAHOi7fPrZ,,,Twitter
Dallas5,32.8342578,-96.7045404,1152 North Buckner Blvd,75218,Sun Oct 23 17:27:34 +0000 2016,RT @ATT: Welcome to the team! @taylorswift13 https://t.co/4h86nLYuLo https://t.co/gAHOi7fPrZ,,,Twitter
Dallas5,32.8342578,-96.7045404,1152 North Buckner Blvd,75218,Sun Oct 23 17:21:51 +0000 2016,RT @ATT: The #futureofvideo is mobile and the #futureofmobile is video. Time Warner + AT&amp;T make it happen! @twxcorp https://t.co/GKx4U9TQYg,,,Twitter
Dallas5,32.8342578,-96.7045404,1152 North Buckner Blvd,75218,Sun Oct 23 17:20:12 +0000 2016,RT @ATT: The #futureofvideo is mobile and the #futureofmobile is video. Time Warner + AT&amp;T make it happen! @twxcorp https://t.co/GKx4U9TQYg,,,Twitter
Dallas5,32.8342578,-96.7045404,1152 North Buckner Blvd,75218,Sun Oct 23 17:19:29 +0000 2016,121.80 Download 29.3 Upload. I won't get this with @ATT  https://t.co/Anlh4ywdw9 #speedtest #Time Warner Cable via @openspeedtest,,,Twitter
Dallas5,32.8342578,-96.7045404,1152 North Buckner Blvd,75218,Sun Oct 23 17:13:40 +0000 2016,RT @ATT: The #futureofvideo is mobile and the #futureofmobile is video. Time Warner + AT&amp;T make it happen! @twxcorp https://t.co/GKx4U9TQYg,,,Twitter
Dallas5,32.8342578,-96.7045404,1152 North Buckner Blvd,75218,Sun Oct 23 17:11:36 +0000 2016,"RT @ATT: Some people may wait a lifetime, but you don't have to. On 11/2-3, AT&amp;T customers can buy @kelly_clarkson tix early. https://t.co/…",,,Twitter
Dallas5,32.8342578,-96.7045404,1152 North Buckner Blvd,75218,Sun Oct 23 17:09:39 +0000 2016,RT @ATT: The #futureofvideo is mobile and the #futureofmobile is video. Time Warner + AT&amp;T make it happen! @twxcorp https://t.co/GKx4U9TQYg,,,Twitter
Dallas5,32.8342578,-96.7045404,1152 North Buckner Blvd,75218,Sun Oct 23 17:08:59 +0000 2016,There goes my excellent internet service. @ATT is horrible: AT&amp;T seeks to buy Time Warner for nearly $86bn - https://t.co/muPvqHM10M,,,Twitter
Dallas5,32.8342578,-96.7045404,1152 North Buckner Blvd,75218,Sun Oct 23 17:07:19 +0000 2016,RT @ATT: The #futureofvideo is mobile and the #futureofmobile is video. Time Warner + AT&amp;T make it happen! @twxcorp https://t.co/GKx4U9TQYg,,,Twitter
Dallas5,32.8342578,-96.7045404,1152 North Buckner Blvd,75218,Sun Oct 23 17:01:38 +0000 2016,RT @ATT: The #futureofvideo is mobile and the #futureofmobile is video. Time Warner + AT&amp;T make it happen! @twxcorp https://t.co/GKx4U9TQYg,,,Twitter
Dallas5,32.8342578,-96.7045404,1152 North Buckner Blvd,75218,Sun Oct 23 17:00:15 +0000 2016,RT @ATT: Welcome to the team! @taylorswift13 https://t.co/4h86nLYuLo https://t.co/gAHOi7fPrZ,,,Twitter
Dallas5,32.8342578,-96.7045404,1152 North Buckner Blvd,75218,Sun Oct 23 16:54:20 +0000 2016,When you read a #googlesurvey about a @ATT store and you know who the customer is talking about specifically… https://t.co/kLBxNJxHp2,,,Twitter
Dallas5,32.8342578,-96.7045404,1152 North Buckner Blvd,75218,Sun Oct 23 16:51:12 +0000 2016,RT @ATT: Who made you a college 🏈 fan? Share with #MadeMeAFanContest for a chance to win. Rules https://t.co/hU3I3wFn5V https://t.co/xZbxUJ…,,,Twitter
Dallas5,32.8342578,-96.7045404,1152 North Buckner Blvd,75218,Sun Oct 23 16:46:31 +0000 2016,RT @ATT: Get a sweet deal on the new iPhone 7 when you switch to AT&amp;T and have DIRECTV. https://t.co/TQVeUkmeZ6 https://t.co/zfZmNpe8AP,,,Twitter
Dallas5,32.8342578,-96.7045404,1152 North Buckner Blvd,75218,Sun Oct 23 16:46:30 +0000 2016,RT @ATT: Welcome to the team! @taylorswift13 https://t.co/4h86nLYuLo https://t.co/gAHOi7fPrZ,,,Twitter
Dallas5,32.8342578,-96.7045404,1152 North Buckner Blvd,75218,Sun Oct 23 16:45:34 +0000 2016,RT @ATT: The #futureofvideo is mobile and the #futureofmobile is video. Time Warner + AT&amp;T make it happen! @twxcorp https://t.co/GKx4U9TQYg,,,Twitter
