Store,Latitude,Longitude,Address,Zip,CreatedAt,Text,Senti,Rating,Source
Dallas8,32.913273,-96.958064,7800 N. Macarthur Boulevard Suite 150,75063,Wed Oct 19 21:10:15 +0000 2016,VOTE TRUMP for term limits and kicking out all the crooked politicians. https://t.co/tVKIE9dcCg,,,Twitter
Dallas8,32.913273,-96.958064,7800 N. Macarthur Boulevard Suite 150,75063,Wed Oct 19 21:06:50 +0000 2016,"RT @ATT: Before you vote, grab the remote and tune into the final #debatenight at 8/7c. #UNLVPresDebate https://t.co/afLxTSZMLW",,,Twitter
Dallas8,32.913273,-96.958064,7800 N. Macarthur Boulevard Suite 150,75063,Wed Oct 19 21:05:26 +0000 2016,"RT @ATT: Before you vote, grab the remote and tune into the final #debatenight at 8/7c. #UNLVPresDebate https://t.co/afLxTSZMLW",,,Twitter
Dallas8,32.913273,-96.958064,7800 N. Macarthur Boulevard Suite 150,75063,Wed Oct 19 21:05:09 +0000 2016,Christy Berry Chairs Prelude Lights at AT&amp;T Performing Arts Center’s Inaugural “Prelude” to Aurora https://t.co/Td0TSIUgiY #Agents,,,Twitter
Dallas8,32.913273,-96.958064,7800 N. Macarthur Boulevard Suite 150,75063,Wed Oct 19 21:02:39 +0000 2016,"RT @ATT: Before you vote, grab the remote and tune into the final #debatenight at 8/7c. #UNLVPresDebate https://t.co/afLxTSZMLW",,,Twitter
Dallas8,32.913273,-96.958064,7800 N. Macarthur Boulevard Suite 150,75063,Wed Oct 19 21:01:48 +0000 2016,"Before you vote, grab the remote and tune into the final #debatenight  at 8/7c. #UNLVPresDebate https://t.co/2Qz5Vaq4aS",,,Twitter
Dallas8,32.913273,-96.958064,7800 N. Macarthur Boulevard Suite 150,75063,Wed Oct 19 21:01:13 +0000 2016,"RT @ATT: Before you vote, grab the remote and tune into the final #debatenight at 8/7c. #UNLVPresDebate https://t.co/afLxTSZMLW",,,Twitter
Dallas8,32.913273,-96.958064,7800 N. Macarthur Boulevard Suite 150,75063,Wed Oct 19 21:00:59 +0000 2016,"RT @ATT: Before you vote, grab the remote and tune into the final #debatenight at 8/7c. #UNLVPresDebate https://t.co/afLxTSZMLW",,,Twitter
Dallas8,32.913273,-96.958064,7800 N. Macarthur Boulevard Suite 150,75063,Wed Oct 19 21:00:47 +0000 2016,"RT @ATT: Before you vote, grab the remote and tune into the final #debatenight at 8/7c. #UNLVPresDebate https://t.co/afLxTSZMLW",,,Twitter
Dallas8,32.913273,-96.958064,7800 N. Macarthur Boulevard Suite 150,75063,Wed Oct 19 21:00:33 +0000 2016,"RT @ATT: Before you vote, grab the remote and tune into the final #debatenight at 8/7c. #UNLVPresDebate https://t.co/afLxTSZMLW",,,Twitter
Dallas8,32.913273,-96.958064,7800 N. Macarthur Boulevard Suite 150,75063,Wed Oct 19 21:00:20 +0000 2016,Very proud of our Christy Berry! https://t.co/JSXZZYSnb7,,,Twitter
Dallas8,32.913273,-96.958064,7800 N. Macarthur Boulevard Suite 150,75063,Wed Oct 19 21:00:04 +0000 2016,"Before you vote, grab the remote and tune into the final #debatenight at 8/7c. #UNLVPresDebate https://t.co/afLxTSZMLW",,,Twitter
Dallas8,32.913273,-96.958064,7800 N. Macarthur Boulevard Suite 150,75063,Wed Oct 19 21:00:03 +0000 2016,Christy Berry Chairs Prelude Lights at AT&amp;T Performing Arts Center’s Inaugural “Prelude” to Aurora... https://t.co/FgOKJpWMjD,,,Twitter
Dallas8,32.913273,-96.958064,7800 N. Macarthur Boulevard Suite 150,75063,Wed Oct 19 20:59:50 +0000 2016,"Christy Berry Chairs Prelude Lights at AT&amp;T Performing Arts Center’s Inaugural “Prelude” to Aurora
 https://t.co/4UFc1RCL0T",,,Twitter
Dallas8,32.913273,-96.958064,7800 N. Macarthur Boulevard Suite 150,75063,Wed Oct 19 20:57:59 +0000 2016,"New media agency lands AT&amp;amp;T, opens shop in Dallas and plans to employ 100 people https://t.co/MSoQrwOsVC via @dallasnews",,,Twitter
Dallas8,32.913273,-96.958064,7800 N. Macarthur Boulevard Suite 150,75063,Wed Oct 19 20:57:20 +0000 2016,RT @ATT: Who made you a college 🏈 fan? Share with #MadeMeAFanContest for a chance to win. Rules https://t.co/hU3I3wFn5V https://t.co/xZbxUJ…,,,Twitter
Dallas8,32.913273,-96.958064,7800 N. Macarthur Boulevard Suite 150,75063,Wed Oct 19 20:54:51 +0000 2016,RT @ATT: Goals. Highlights. Interviews. Head to https://t.co/1KS2s33o0G for exclusive MLS content! #SoccerEverywhere https://t.co/jcgMlqKBj4,,,Twitter
Dallas8,32.913273,-96.958064,7800 N. Macarthur Boulevard Suite 150,75063,Wed Oct 19 20:54:35 +0000 2016,RT @ATT: Goals. Highlights. Interviews. Head to https://t.co/1KS2s33o0G for exclusive MLS content! #SoccerEverywhere https://t.co/jcgMlqKBj4,,,Twitter
Dallas8,32.913273,-96.958064,7800 N. Macarthur Boulevard Suite 150,75063,Wed Oct 19 20:53:28 +0000 2016,RT @ATT: Who made you a college 🏈 fan? Share with #MadeMeAFanContest for a chance to win. Rules https://t.co/hU3I3wFn5V https://t.co/xZbxUJ…,,,Twitter
Dallas8,32.913273,-96.958064,7800 N. Macarthur Boulevard Suite 150,75063,Wed Oct 19 20:51:12 +0000 2016,RT @ATT: Get a sweet deal on the new iPhone 7 when you switch to AT&amp;T and have DIRECTV. https://t.co/TQVeUkmeZ6 https://t.co/zfZmNpe8AP,,,Twitter
Dallas8,32.913273,-96.958064,7800 N. Macarthur Boulevard Suite 150,75063,Wed Oct 19 20:46:21 +0000 2016,RT @ATT: Goals. Highlights. Interviews. Head to https://t.co/1KS2s33o0G for exclusive MLS content! #SoccerEverywhere https://t.co/jcgMlqKBj4,,,Twitter
Dallas8,32.913273,-96.958064,7800 N. Macarthur Boulevard Suite 150,75063,Wed Oct 19 20:46:11 +0000 2016,RT @ATTBusinessCare: See how to use a custom signature in your AT&amp;T Landline Texting messages https://t.co/oX1F9ocbVw https://t.co/6pXYWH2y…,,,Twitter
Dallas8,32.913273,-96.958064,7800 N. Macarthur Boulevard Suite 150,75063,Wed Oct 19 20:46:02 +0000 2016,RT @attJOBS: Our employees broke records with @Stop_Hunger_Now at our ERG Conference! Learn how they made an #ATTimpact:  https://t.co/3s0Z…,,,Twitter
Dallas8,32.913273,-96.958064,7800 N. Macarthur Boulevard Suite 150,75063,Wed Oct 19 20:45:54 +0000 2016,"RT @dallasnews: New media agency @Hearts_Science lands @ATT, opens shop in Dallas and plans to employ 100 people https://t.co/f5bPR9R5EQ @m…",,,Twitter
Dallas8,32.913273,-96.958064,7800 N. Macarthur Boulevard Suite 150,75063,Wed Oct 19 20:45:34 +0000 2016,"RT @attJOBS: Through technology, we're helping to connect students with mentors across the country. Here's how: https://t.co/aIHtIbm2d3 #AT…",,,Twitter
Dallas8,32.913273,-96.958064,7800 N. Macarthur Boulevard Suite 150,75063,Wed Oct 19 20:45:03 +0000 2016,RT @ATTBusinessCare: Need to cancel an AT&amp;T Workforce Manager order? Take a look at our tutorial at https://t.co/mm5DGoRC18 https://t.co/CD…,,,Twitter
Dallas8,32.913273,-96.958064,7800 N. Macarthur Boulevard Suite 150,75063,Wed Oct 19 20:44:39 +0000 2016,RT @attJOBS: See what #LifeAtATT is like for the women of AT&amp;T: https://t.co/9rguQ7QaFV https://t.co/xsQ0cX6Inq,,,Twitter
Dallas8,32.913273,-96.958064,7800 N. Macarthur Boulevard Suite 150,75063,Wed Oct 19 20:44:16 +0000 2016,RT @attJOBS: At the end of an interview you have a chance to make a lasting impression. Take it! Learn how: https://t.co/Fq9rgFL6f3 #Career…,,,Twitter
Dallas8,32.913273,-96.958064,7800 N. Macarthur Boulevard Suite 150,75063,Wed Oct 19 20:44:10 +0000 2016,RT @attJOBS: We’ve had women in the laboratory since 1918! See how else we support #WomenInTech at our career fair booth 1201. #GHC16 https…,,,Twitter
Dallas8,32.913273,-96.958064,7800 N. Macarthur Boulevard Suite 150,75063,Wed Oct 19 20:43:13 +0000 2016,RT @ATT: Welcome to the team! @taylorswift13 https://t.co/4h86nLYuLo https://t.co/gAHOi7fPrZ,,,Twitter
Dallas8,32.913273,-96.958064,7800 N. Macarthur Boulevard Suite 150,75063,Wed Oct 19 20:42:56 +0000 2016,RT @ATT: Welcome to the team! @taylorswift13 https://t.co/4h86nLYuLo https://t.co/gAHOi7fPrZ,,,Twitter
Dallas8,32.913273,-96.958064,7800 N. Macarthur Boulevard Suite 150,75063,Wed Oct 19 20:40:19 +0000 2016,RT @tonyromo: I wanna thank @DIRECTV for allowing me to show off my true self.  ;)  embarrassing is an understatement http://t.co/F0NniFESlL,,,Twitter
Dallas8,32.913273,-96.958064,7800 N. Macarthur Boulevard Suite 150,75063,Wed Oct 19 20:19:45 +0000 2016,"Spun off from @Omnicom, new agency is embedding management consultants + finance / statistical analysts w/ creative https://t.co/APRf3seEVn",,,Twitter
Dallas8,32.913273,-96.958064,7800 N. Macarthur Boulevard Suite 150,75063,Wed Oct 19 20:01:47 +0000 2016,"Catch the #ATTRedCarpet starting at 7/6c on @AudienceNetwork, ch. 1114, followed by the #CMAAwards50 on @ABC at 8/7… https://t.co/xo8dBIAe6Q",,,Twitter
Dallas8,32.913273,-96.958064,7800 N. Macarthur Boulevard Suite 150,75063,Wed Oct 19 19:34:52 +0000 2016,Dak Prescott is 2nd in DYAR and QBR. He's also 3rd in DVOA and Yds/Att. Hard to bench that. #DallasCowboys,,,Twitter
Dallas8,32.913273,-96.958064,7800 N. Macarthur Boulevard Suite 150,75063,Wed Oct 19 19:30:01 +0000 2016,At the end of an interview you have a chance to make a lasting impression. Take it! Learn how:… https://t.co/fWS16qWPIi,,,Twitter
Dallas8,32.913273,-96.958064,7800 N. Macarthur Boulevard Suite 150,75063,Wed Oct 19 19:28:28 +0000 2016,RT @ATT: Welcome to the team! @taylorswift13 https://t.co/4h86nLYuLo https://t.co/gAHOi7fPrZ,,,Twitter
Dallas8,32.913273,-96.958064,7800 N. Macarthur Boulevard Suite 150,75063,Wed Oct 19 19:21:41 +0000 2016,RT @ATT: Welcome to the team! @taylorswift13 https://t.co/4h86nLYuLo https://t.co/gAHOi7fPrZ,,,Twitter
Dallas8,32.913273,-96.958064,7800 N. Macarthur Boulevard Suite 150,75063,Wed Oct 19 19:18:46 +0000 2016,RT @ATT: Welcome to the team! @taylorswift13 https://t.co/4h86nLYuLo https://t.co/gAHOi7fPrZ,,,Twitter
Dallas8,32.913273,-96.958064,7800 N. Macarthur Boulevard Suite 150,75063,Wed Oct 19 19:15:56 +0000 2016,"New media agency @Hearts_Science lands @ATT, opens shop in Dallas and plans to employ 100 people… https://t.co/n2lLIGUReh",,,Twitter
Dallas8,32.913273,-96.958064,7800 N. Macarthur Boulevard Suite 150,75063,Wed Oct 19 19:11:36 +0000 2016,RT @ATT: Goals. Highlights. Interviews. Head to https://t.co/1KS2s33o0G for exclusive MLS content! #SoccerEverywhere https://t.co/jcgMlqKBj4,,,Twitter
Dallas8,32.913273,-96.958064,7800 N. Macarthur Boulevard Suite 150,75063,Wed Oct 19 19:05:08 +0000 2016,RT @ATT: Welcome to the team! @taylorswift13 https://t.co/4h86nLYuLo https://t.co/gAHOi7fPrZ,,,Twitter
Dallas8,32.913273,-96.958064,7800 N. Macarthur Boulevard Suite 150,75063,Wed Oct 19 18:59:36 +0000 2016,@DIRECTV @DIRECTVService When are you going to offer NBA League Pass?  Season starts in 6 days. Prior years it was available for preseason!,,,Twitter
Dallas8,32.913273,-96.958064,7800 N. Macarthur Boulevard Suite 150,75063,Wed Oct 19 18:55:49 +0000 2016,@InTheBleachers We've been fighting this battle for like 2 months. #ATT can kick rocks. They've sent multiple people out and still not right,,,Twitter
Dallas8,32.913273,-96.958064,7800 N. Macarthur Boulevard Suite 150,75063,Wed Oct 19 18:50:44 +0000 2016,RT @ATT: Get a sweet deal on the new iPhone 7 when you switch to AT&amp;T and have DIRECTV. https://t.co/TQVeUkmeZ6 https://t.co/zfZmNpe8AP,,,Twitter
Dallas8,32.913273,-96.958064,7800 N. Macarthur Boulevard Suite 150,75063,Wed Oct 19 18:44:01 +0000 2016,RT @ATTBusiness: Let us help you fend off cyberattacks. Sign up to receive our #ATTCyberInsights report to craft the right plan: https://t.…,,,Twitter
Dallas8,32.913273,-96.958064,7800 N. Macarthur Boulevard Suite 150,75063,Wed Oct 19 18:43:05 +0000 2016,"RT @attJOBS: Through technology, we're helping to connect students with mentors across the country. Here's how: https://t.co/aIHtIbm2d3 #AT…",,,Twitter
Dallas8,32.913273,-96.958064,7800 N. Macarthur Boulevard Suite 150,75063,Wed Oct 19 18:43:03 +0000 2016,RT @Teamcandotx: #teamcando #tugglenation We wear Pink because we support Breast Cancer Awareness! #BreastCancerAwarenessMonth #LifeAtATT…,,,Twitter
Dallas8,32.913273,-96.958064,7800 N. Macarthur Boulevard Suite 150,75063,Wed Oct 19 18:40:19 +0000 2016,RT @RickTweetTweet: Listen: Life At AT&amp;T Podcast with 3  #Women Vice Presidents #LifeatATT  #WomenLeaders #ATTDiversity https://t.co/MsMDVK…,,,Twitter
Dallas8,32.913273,-96.958064,7800 N. Macarthur Boulevard Suite 150,75063,Wed Oct 19 18:40:12 +0000 2016,"RT @RickTweetTweet: Women in Tech Q&amp;A: Kay Kapoor - President, AT&amp;T Global Business-Public Sector #WomeninTech #LifeAtATT https://t.co/SRsJ…",,,Twitter
Dallas8,32.913273,-96.958064,7800 N. Macarthur Boulevard Suite 150,75063,Wed Oct 19 18:39:40 +0000 2016,Why do I have 59 recordings on uverse 😂😂😂😂😂,,,Twitter
Dallas8,32.913273,-96.958064,7800 N. Macarthur Boulevard Suite 150,75063,Wed Oct 19 18:39:37 +0000 2016,"RT @attJOBS: Through technology, we're helping to connect students with mentors across the country. Here's how: https://t.co/aIHtIbm2d3 #AT…",,,Twitter
Dallas8,32.913273,-96.958064,7800 N. Macarthur Boulevard Suite 150,75063,Wed Oct 19 18:39:28 +0000 2016,RT @attJOBS: See what #LifeAtATT is like for the women of AT&amp;T: https://t.co/9rguQ7QaFV https://t.co/xsQ0cX6Inq,,,Twitter
Dallas8,32.913273,-96.958064,7800 N. Macarthur Boulevard Suite 150,75063,Wed Oct 19 18:39:20 +0000 2016,RT @attJOBS: Our employees broke records with @Stop_Hunger_Now at our ERG Conference! Learn how they made an #ATTimpact:  https://t.co/3s0Z…,,,Twitter
Dallas8,32.913273,-96.958064,7800 N. Macarthur Boulevard Suite 150,75063,Wed Oct 19 18:37:29 +0000 2016,"RT @ATTBusiness: A self-healing, self-resilent network w/ #AI opens the door to next-gen technology. Find out how: https://t.co/OrfatAuWXA…",,,Twitter
Dallas8,32.913273,-96.958064,7800 N. Macarthur Boulevard Suite 150,75063,Wed Oct 19 18:36:02 +0000 2016,#teamcando #tugglenation We wear Pink because we support Breast Cancer Awareness! #BreastCancerAwarenessMonth… https://t.co/9DnCmIpi6B,,,Twitter
Dallas8,32.913273,-96.958064,7800 N. Macarthur Boulevard Suite 150,75063,Wed Oct 19 18:35:08 +0000 2016,"Starting today, AT&amp;T customers can talk, text and use data while in Cuba https://t.co/sY6rkloKXV 
#GlobeAware",,,Twitter
Dallas8,32.913273,-96.958064,7800 N. Macarthur Boulevard Suite 150,75063,Wed Oct 19 18:28:21 +0000 2016,I'm watching Munyar Rhazy https://t.co/6jag4IPJz1 via @sharethis,,,Twitter
Dallas8,32.913273,-96.958064,7800 N. Macarthur Boulevard Suite 150,75063,Wed Oct 19 18:26:09 +0000 2016,RT @JordanSpieth: .@NotahBegay3 with the birdie for Team @ATT at the #SpiethShootout https://t.co/ssL2vULkxd,,,Twitter
Dallas8,32.913273,-96.958064,7800 N. Macarthur Boulevard Suite 150,75063,Wed Oct 19 18:11:04 +0000 2016,RT @ATT: Get a sweet deal on the new iPhone 7 when you switch to AT&amp;T and have DIRECTV. https://t.co/TQVeUkmeZ6 https://t.co/zfZmNpe8AP,,,Twitter
Dallas8,32.913273,-96.958064,7800 N. Macarthur Boulevard Suite 150,75063,Wed Oct 19 18:08:47 +0000 2016,"@gsepi We’d love to feature this tweet on the AT&amp;T THANKS site! If you’re fine with that, please fill out this form: https://t.co/EXD6wS8Osg",,,Twitter
Dallas8,32.913273,-96.958064,7800 N. Macarthur Boulevard Suite 150,75063,Wed Oct 19 18:05:05 +0000 2016,RT @ATT: Get a sweet deal on the new iPhone 7 when you switch to AT&amp;T and have DIRECTV. https://t.co/TQVeUkmeZ6 https://t.co/zfZmNpe8AP,,,Twitter
Dallas8,32.913273,-96.958064,7800 N. Macarthur Boulevard Suite 150,75063,Wed Oct 19 18:00:41 +0000 2016,"RT @melissa_repko: New marketing agency lands AT&amp;T, opens shop in Dallas and plans to employ 100 people. https://t.co/KTALGnMJl9 via @dalla…",,,Twitter
Dallas8,32.913273,-96.958064,7800 N. Macarthur Boulevard Suite 150,75063,Wed Oct 19 17:50:00 +0000 2016,"DFW: Win Tickets To ‘Luke Bryan’ Saturday, October 22nd At AT&amp;T Stadium https://t.co/wntCQ0qQgB",,,Twitter
Dallas8,32.913273,-96.958064,7800 N. Macarthur Boulevard Suite 150,75063,Wed Oct 19 17:50:00 +0000 2016,"DFW: Win Tickets To ‘Luke Bryan’ Saturday, October 22nd At AT&amp;T Stadium https://t.co/JuQwaAzzX3",,,Twitter
Dallas8,32.913273,-96.958064,7800 N. Macarthur Boulevard Suite 150,75063,Wed Oct 19 17:43:32 +0000 2016,AT&amp;T Fiber Launching in at Least 10 New Metros https://t.co/LdJ9fUnaOB #attemployee https://t.co/C7cYiCR302,,,Twitter
Dallas8,32.913273,-96.958064,7800 N. Macarthur Boulevard Suite 150,75063,Wed Oct 19 17:43:31 +0000 2016,Exploring the @statefairoftx today with my @att GoPhone. Come along with me on snapchat and IG Stories (👻... https://t.co/G40kX1vCfi,,,Twitter
Dallas8,32.913273,-96.958064,7800 N. Macarthur Boulevard Suite 150,75063,Wed Oct 19 17:43:28 +0000 2016,Exploring the @statefairoftx today with my att GoPhone. Come along with me on snapchat and IG… https://t.co/j3e2hxBC6e,,,Twitter
Dallas8,32.913273,-96.958064,7800 N. Macarthur Boulevard Suite 150,75063,Wed Oct 19 17:43:17 +0000 2016,4 big security threats that make you vulnerable https://t.co/W4HrBpvCt1 #attemployee https://t.co/8I148L4f97,,,Twitter
Dallas8,32.913273,-96.958064,7800 N. Macarthur Boulevard Suite 150,75063,Wed Oct 19 17:43:14 +0000 2016,No more overages thanks to @ATT unlimited data. You got something right for a change lol,,,Twitter
Dallas8,32.913273,-96.958064,7800 N. Macarthur Boulevard Suite 150,75063,Wed Oct 19 17:43:03 +0000 2016,A day in the life of an AT&amp;T PR maven with @MaddieLittrell #LifeatATT https://t.co/DixxVWS9I6 #attemployee https://t.co/aYTEgIvgI9,,,Twitter
Dallas8,32.913273,-96.958064,7800 N. Macarthur Boulevard Suite 150,75063,Wed Oct 19 17:40:37 +0000 2016,Progressive companies use telework or telecommuting to move work to their people https://t.co/ZnDYPDPKEW #telecom #attemployee,,,Twitter
Dallas8,32.913273,-96.958064,7800 N. Macarthur Boulevard Suite 150,75063,Wed Oct 19 17:37:56 +0000 2016,RT @ATT: Who made you a college 🏈 fan? Share with #MadeMeAFanContest for a chance to win. Rules https://t.co/hU3I3wFn5V https://t.co/xZbxUJ…,,,Twitter
Dallas8,32.913273,-96.958064,7800 N. Macarthur Boulevard Suite 150,75063,Wed Oct 19 17:32:50 +0000 2016,New IoT Security Guidelines - via @ATTBusiness | https://t.co/lFAqsbuvoC #NetworkingExchange,,,Twitter
Dallas8,32.913273,-96.958064,7800 N. Macarthur Boulevard Suite 150,75063,Wed Oct 19 17:15:55 +0000 2016,"New media agency lands AT&amp;T, opens shop in Dallas and plans to employ 100 people https://t.co/N5I72HQCMH via @dallasnews",,,Twitter
Dallas8,32.913273,-96.958064,7800 N. Macarthur Boulevard Suite 150,75063,Wed Oct 19 17:15:13 +0000 2016,RT @ATT: Goals. Highlights. Interviews. Head to https://t.co/1KS2s33o0G for exclusive MLS content! #SoccerEverywhere https://t.co/jcgMlqKBj4,,,Twitter
Dallas8,32.913273,-96.958064,7800 N. Macarthur Boulevard Suite 150,75063,Wed Oct 19 17:10:46 +0000 2016,RT @ATT: Who made you a college 🏈 fan? Share with #MadeMeAFanContest for a chance to win. Rules https://t.co/hU3I3wFn5V https://t.co/xZbxUJ…,,,Twitter
Dallas8,32.913273,-96.958064,7800 N. Macarthur Boulevard Suite 150,75063,Wed Oct 19 17:10:09 +0000 2016,RT @ATT: Who made you a college 🏈 fan? Share with #MadeMeAFanContest for a chance to win. Rules https://t.co/hU3I3wFn5V https://t.co/xZbxUJ…,,,Twitter
Dallas8,32.913273,-96.958064,7800 N. Macarthur Boulevard Suite 150,75063,Wed Oct 19 17:04:26 +0000 2016,"This @ATT GoPhone has the best camera! Wait until you see mi pics from the @StateFairOfTX 
#ATTGoPhone #ad https://t.co/vcPjgWvw8l",,,Twitter
Dallas8,32.913273,-96.958064,7800 N. Macarthur Boulevard Suite 150,75063,Wed Oct 19 17:00:39 +0000 2016,RT @ATT: Goals. Highlights. Interviews. Head to https://t.co/1KS2s33o0G for exclusive MLS content! #SoccerEverywhere https://t.co/jcgMlqKBj4,,,Twitter
Dallas8,32.913273,-96.958064,7800 N. Macarthur Boulevard Suite 150,75063,Wed Oct 19 17:00:27 +0000 2016,RT @ATT: Goals. Highlights. Interviews. Head to https://t.co/1KS2s33o0G for exclusive MLS content! #SoccerEverywhere https://t.co/jcgMlqKBj4,,,Twitter
Dallas8,32.913273,-96.958064,7800 N. Macarthur Boulevard Suite 150,75063,Wed Oct 19 17:00:09 +0000 2016,Goals. Highlights. Interviews. Head to https://t.co/1KS2s33o0G for exclusive MLS content! #SoccerEverywhere https://t.co/jcgMlqKBj4,,,Twitter
Dallas8,32.913273,-96.958064,7800 N. Macarthur Boulevard Suite 150,75063,Wed Oct 19 16:52:45 +0000 2016,Getting caught up with Marco at the @ATT booth today! Blog post coming soon about my AT&amp;T GoPhone giveaway.… https://t.co/7hsZGVR6Zm,,,Twitter
Dallas8,32.913273,-96.958064,7800 N. Macarthur Boulevard Suite 150,75063,Wed Oct 19 16:42:42 +0000 2016,RT @ATT: Get a sweet deal on the new iPhone 7 when you switch to AT&amp;T and have DIRECTV. https://t.co/TQVeUkmeZ6 https://t.co/zfZmNpe8AP,,,Twitter
Dallas8,32.913273,-96.958064,7800 N. Macarthur Boulevard Suite 150,75063,Wed Oct 19 16:36:45 +0000 2016,RT @ATT: Welcome to the team! @taylorswift13 https://t.co/4h86nLYuLo https://t.co/gAHOi7fPrZ,,,Twitter
Dallas8,32.913273,-96.958064,7800 N. Macarthur Boulevard Suite 150,75063,Wed Oct 19 16:35:27 +0000 2016,AT&amp;T's commitment to the LGBT community #LifeatATT https://t.co/xWBnmHcTPO #attemployee https://t.co/3K6DXbScUJ,,,Twitter
Dallas8,32.913273,-96.958064,7800 N. Macarthur Boulevard Suite 150,75063,Wed Oct 19 16:35:19 +0000 2016,"Women in Tech Q&amp;A: Kay Kapoor - President, AT&amp;T Global Business-Public Sector https://t.co/axpRMKau7d #attemployee https://t.co/LV3Ip0kTie",,,Twitter
Dallas8,32.913273,-96.958064,7800 N. Macarthur Boulevard Suite 150,75063,Wed Oct 19 16:30:27 +0000 2016,RT @ATT: Welcome to the team! @taylorswift13 https://t.co/4h86nLYuLo https://t.co/gAHOi7fPrZ,,,Twitter
Dallas8,32.913273,-96.958064,7800 N. Macarthur Boulevard Suite 150,75063,Wed Oct 19 16:30:21 +0000 2016,RT @ATT: Get a sweet deal on the new iPhone 7 when you switch to AT&amp;T and have DIRECTV. https://t.co/TQVeUkmeZ6 https://t.co/zfZmNpe8AP,,,Twitter
Dallas8,32.913273,-96.958064,7800 N. Macarthur Boulevard Suite 150,75063,Wed Oct 19 16:24:32 +0000 2016,"New marketing agency lands AT&amp;T, opens shop in Dallas and plans to employ 100 people. https://t.co/KTALGnMJl9 via @dallasnews",,,Twitter
Dallas8,32.913273,-96.958064,7800 N. Macarthur Boulevard Suite 150,75063,Wed Oct 19 16:15:05 +0000 2016,RT @ATT: Welcome to the team! @taylorswift13 https://t.co/4h86nLYuLo https://t.co/gAHOi7fPrZ,,,Twitter
Dallas8,32.913273,-96.958064,7800 N. Macarthur Boulevard Suite 150,75063,Wed Oct 19 16:12:05 +0000 2016,Interested in PR at AT&amp;T? My girl @MaddieLittrell is one of the best around here! #LifeatATT… https://t.co/3lZukOREUk,,,Twitter
Dallas8,32.913273,-96.958064,7800 N. Macarthur Boulevard Suite 150,75063,Wed Oct 19 16:10:16 +0000 2016,"New media agency lands AT&amp;amp;T, opens shop in Dallas and plans to employ 100 people https://t.co/dKTzYwIe3P via @dallasnews #attemployee",,,Twitter
Dallas8,32.913273,-96.958064,7800 N. Macarthur Boulevard Suite 150,75063,Wed Oct 19 16:09:23 +0000 2016,RT @ATT: Get a sweet deal on the new iPhone 7 when you switch to AT&amp;T and have DIRECTV. https://t.co/TQVeUkmeZ6 https://t.co/zfZmNpe8AP,,,Twitter
Dallas8,32.913273,-96.958064,7800 N. Macarthur Boulevard Suite 150,75063,Wed Oct 19 16:00:08 +0000 2016,"RT @ATT: @gsepi Woo-hoo! Anytime, Joe :) https://t.co/WDMqAZSHwC",,,Twitter
Dallas8,32.913273,-96.958064,7800 N. Macarthur Boulevard Suite 150,75063,Wed Oct 19 15:56:15 +0000 2016,RT @ATT: Get a sweet deal on the new iPhone 7 when you switch to AT&amp;T and have DIRECTV. https://t.co/TQVeUkmeZ6 https://t.co/zfZmNpe8AP,,,Twitter
Dallas8,32.913273,-96.958064,7800 N. Macarthur Boulevard Suite 150,75063,Wed Oct 19 15:55:00 +0000 2016,RT @ATT: Get a sweet deal on the new iPhone 7 when you switch to AT&amp;T and have DIRECTV. https://t.co/TQVeUkmeZ6 https://t.co/zfZmNpe8AP,,,Twitter
Dallas8,32.913273,-96.958064,7800 N. Macarthur Boulevard Suite 150,75063,Wed Oct 19 15:54:30 +0000 2016,RT @ATT: Welcome to the team! @taylorswift13 https://t.co/4h86nLYuLo https://t.co/gAHOi7fPrZ,,,Twitter
Dallas8,32.913273,-96.958064,7800 N. Macarthur Boulevard Suite 150,75063,Wed Oct 19 15:53:11 +0000 2016,RT @ATT: Get a sweet deal on the new iPhone 7 when you switch to AT&amp;T and have DIRECTV. https://t.co/TQVeUkmeZ6 https://t.co/zfZmNpe8AP,,,Twitter
