Store,Latitude,Longitude,Address,Zip,CreatedAt,Text,Senti,Rating,Source
Dallas12,32.836504,-96.771185,5618 E Mockingbird Lane,75206,Wed Oct 19 12:12:33 +0000 2016,RT @ATT: Welcome to the team! @taylorswift13 https://t.co/4h86nLYuLo https://t.co/gAHOi7fPrZ,,,Twitter
Dallas12,32.836504,-96.771185,5618 E Mockingbird Lane,75206,Wed Oct 19 11:35:37 +0000 2016,RT @ATT: Welcome to the team! @taylorswift13 https://t.co/4h86nLYuLo https://t.co/gAHOi7fPrZ,,,Twitter
Dallas12,32.836504,-96.771185,5618 E Mockingbird Lane,75206,Wed Oct 19 11:32:14 +0000 2016,"New media agency lands AT&amp;T, opens shop in Dallas and plans to hire 100 people https://t.co/mC5VKqTbwN",,,Twitter
Dallas12,32.836504,-96.771185,5618 E Mockingbird Lane,75206,Wed Oct 19 11:00:01 +0000 2016,Need to cancel an AT&amp;T Workforce Manager order? Take a look at our tutorial at https://t.co/mm5DGoRC18 https://t.co/CDsDLy4Ngz,,,Twitter
Dallas12,32.836504,-96.771185,5618 E Mockingbird Lane,75206,Wed Oct 19 10:53:18 +0000 2016,RT @attJOBS: See what #LifeAtATT is like for the women of AT&amp;T: https://t.co/9rguQ7QaFV https://t.co/xsQ0cX6Inq,,,Twitter
Dallas12,32.836504,-96.771185,5618 E Mockingbird Lane,75206,Wed Oct 19 10:17:29 +0000 2016,RT @ATT: Welcome to the team! @taylorswift13 https://t.co/4h86nLYuLo https://t.co/gAHOi7fPrZ,,,Twitter
Dallas12,32.836504,-96.771185,5618 E Mockingbird Lane,75206,Wed Oct 19 09:24:56 +0000 2016,RT @ATT: Welcome to the team! @taylorswift13 https://t.co/4h86nLYuLo https://t.co/gAHOi7fPrZ,,,Twitter
Dallas12,32.836504,-96.771185,5618 E Mockingbird Lane,75206,Wed Oct 19 07:43:27 +0000 2016,RT @ATT: Welcome to the team! @taylorswift13 https://t.co/4h86nLYuLo https://t.co/gAHOi7fPrZ,,,Twitter
Dallas12,32.836504,-96.771185,5618 E Mockingbird Lane,75206,Wed Oct 19 07:33:18 +0000 2016,RT @ATT: Welcome to the team! @taylorswift13 https://t.co/4h86nLYuLo https://t.co/gAHOi7fPrZ,,,Twitter
Dallas12,32.836504,-96.771185,5618 E Mockingbird Lane,75206,Wed Oct 19 07:11:58 +0000 2016,RT @ATT: Welcome to the team! @taylorswift13 https://t.co/4h86nLYuLo https://t.co/gAHOi7fPrZ,,,Twitter
Dallas12,32.836504,-96.771185,5618 E Mockingbird Lane,75206,Wed Oct 19 06:24:35 +0000 2016,RT @ATT: Welcome to the team! @taylorswift13 https://t.co/4h86nLYuLo https://t.co/gAHOi7fPrZ,,,Twitter
Dallas12,32.836504,-96.771185,5618 E Mockingbird Lane,75206,Wed Oct 19 06:24:11 +0000 2016,https://t.co/DCARd26t4R,,,Twitter
Dallas12,32.836504,-96.771185,5618 E Mockingbird Lane,75206,Wed Oct 19 06:18:39 +0000 2016,RT @ATT: Welcome to the team! @taylorswift13 https://t.co/4h86nLYuLo https://t.co/gAHOi7fPrZ,,,Twitter
Dallas12,32.836504,-96.771185,5618 E Mockingbird Lane,75206,Wed Oct 19 05:50:12 +0000 2016,RT @JordanSpieth: .@NotahBegay3 with the birdie for Team @ATT at the #SpiethShootout https://t.co/ssL2vULkxd,,,Twitter
Dallas12,32.836504,-96.771185,5618 E Mockingbird Lane,75206,Wed Oct 19 05:06:02 +0000 2016,FUCKIN UVERSE DIDNT RECORD ALL OF ATLANTA FOR ME IM SICK,,,Twitter
Dallas12,32.836504,-96.771185,5618 E Mockingbird Lane,75206,Wed Oct 19 04:49:12 +0000 2016,RT @RickTweetTweet: Listen: Life At AT&amp;T Podcast with 3  #Women Vice Presidents #LifeatATT  #WomenLeaders #ATTDiversity https://t.co/MsMDVK…,,,Twitter
Dallas12,32.836504,-96.771185,5618 E Mockingbird Lane,75206,Wed Oct 19 04:47:48 +0000 2016,https://t.co/WpgKW3vPOD,,,Twitter
Dallas12,32.836504,-96.771185,5618 E Mockingbird Lane,75206,Wed Oct 19 03:51:07 +0000 2016,"@ATTCares they chose to fill a full 16:9 screen when original film is 2.40:1, changing original vision. Who makes these choices?",,,Twitter
Dallas12,32.836504,-96.771185,5618 E Mockingbird Lane,75206,Wed Oct 19 03:43:38 +0000 2016,"@ATTCares Ondemand movie being played. TV is set correct. The problem is distributor/broadcaster choices, not hardware on my end.",,,Twitter
Dallas12,32.836504,-96.771185,5618 E Mockingbird Lane,75206,Wed Oct 19 03:25:40 +0000 2016,"RT @RickTweetTweet: Women in Tech Q&amp;A: Kay Kapoor - President, AT&amp;T Global Business-Public Sector #WomeninTech #LifeAtATT https://t.co/SRsJ…",,,Twitter
Dallas12,32.836504,-96.771185,5618 E Mockingbird Lane,75206,Wed Oct 19 03:21:54 +0000 2016,@ATTCares the arts district,,,Twitter
Dallas12,32.836504,-96.771185,5618 E Mockingbird Lane,75206,Wed Oct 19 03:10:09 +0000 2016,RT @EJHolland247: 👎🏻👎🏻👎🏻 Team @ATT  https://t.co/sbavZ9EPEX,,,Twitter
Dallas12,32.836504,-96.771185,5618 E Mockingbird Lane,75206,Wed Oct 19 03:09:25 +0000 2016,👎🏻👎🏻👎🏻 Team @ATT  https://t.co/sbavZ9EPEX,,,Twitter
Dallas12,32.836504,-96.771185,5618 E Mockingbird Lane,75206,Wed Oct 19 02:48:25 +0000 2016,"Dear @ATT and @Uverse, please stop center crop. If a movie was shot in 2.35:1 it should be broadcasted that way. I want my money back.",,,Twitter
Dallas12,32.836504,-96.771185,5618 E Mockingbird Lane,75206,Wed Oct 19 02:43:56 +0000 2016,RT @RickTweetTweet: Listen: Life At AT&amp;T Podcast with 3  #Women Vice Presidents #LifeatATT  #WomenLeaders #ATTDiversity https://t.co/MsMDVK…,,,Twitter
Dallas12,32.836504,-96.771185,5618 E Mockingbird Lane,75206,Wed Oct 19 02:42:44 +0000 2016,@ATTCares I'm steaming #nextflix but it's all of sudden figured out the probs. We're good for now. Thanks for responding.  :),,,Twitter
Dallas12,32.836504,-96.771185,5618 E Mockingbird Lane,75206,Wed Oct 19 02:37:34 +0000 2016,RT @RickTweetTweet: Listen: Life At AT&amp;T Podcast with 3  #Women Vice Presidents #LifeatATT  #WomenLeaders #ATTDiversity https://t.co/MsMDVK…,,,Twitter
Dallas12,32.836504,-96.771185,5618 E Mockingbird Lane,75206,Wed Oct 19 02:36:09 +0000 2016,"RT @RickTweetTweet: Women in Tech Q&amp;A: Kay Kapoor - President, AT&amp;T Global Business-Public Sector #WomeninTech #LifeAtATT https://t.co/SRsJ…",,,Twitter
Dallas12,32.836504,-96.771185,5618 E Mockingbird Lane,75206,Wed Oct 19 02:36:03 +0000 2016,RT @ATT: Welcome to the team! @taylorswift13 https://t.co/4h86nLYuLo https://t.co/gAHOi7fPrZ,,,Twitter
Dallas12,32.836504,-96.771185,5618 E Mockingbird Lane,75206,Wed Oct 19 02:26:57 +0000 2016,@bobskoda @tine712 @Braveheart_USA We have One America News OANN on UVERSE,,,Twitter
Dallas12,32.836504,-96.771185,5618 E Mockingbird Lane,75206,Wed Oct 19 02:26:08 +0000 2016,"Gotta love that one bar, @ATTCares. https://t.co/IduQedlep6",,,Twitter
Dallas12,32.836504,-96.771185,5618 E Mockingbird Lane,75206,Wed Oct 19 02:22:53 +0000 2016,RT @ATTBusinessCare: See how to use a custom signature in your AT&amp;T Landline Texting messages https://t.co/oX1F9ocbVw https://t.co/6pXYWH2y…,,,Twitter
Dallas12,32.836504,-96.771185,5618 E Mockingbird Lane,75206,Wed Oct 19 02:22:11 +0000 2016,RT @RickTweetTweet: Listen: Life At AT&amp;T Podcast with 3  #Women Vice Presidents #LifeatATT  #WomenLeaders #ATTDiversity https://t.co/MsMDVK…,,,Twitter
Dallas12,32.836504,-96.771185,5618 E Mockingbird Lane,75206,Wed Oct 19 02:22:04 +0000 2016,@ATTCares the past 3 weeks or so maybe more. This is unacceptable.,,,Twitter
Dallas12,32.836504,-96.771185,5618 E Mockingbird Lane,75206,Wed Oct 19 02:22:02 +0000 2016,@ATTCares doing the same thing. Now it seems like the DVR has stopped working as well. This is beyond annoying. We've had a tech here for,,,Twitter
Dallas12,32.836504,-96.771185,5618 E Mockingbird Lane,75206,Wed Oct 19 02:22:01 +0000 2016,"@ATTCares the service cuts out about 5-10 times per hour. We've had techs come out and move the wap, out in new hardware, rewire, and still",,,Twitter
Dallas12,32.836504,-96.771185,5618 E Mockingbird Lane,75206,Wed Oct 19 02:20:48 +0000 2016,"RT @RickTweetTweet: Women in Tech Q&amp;A: Kay Kapoor - President, AT&amp;T Global Business-Public Sector #WomeninTech #LifeAtATT https://t.co/SRsJ…",,,Twitter
Dallas12,32.836504,-96.771185,5618 E Mockingbird Lane,75206,Wed Oct 19 02:20:42 +0000 2016,RT @ATT: Heading to Cuba? Take your phone along for the trip + stay connected to those back home. https://t.co/euhz4Z6Zbb https://t.co/AiPS…,,,Twitter
Dallas12,32.836504,-96.771185,5618 E Mockingbird Lane,75206,Wed Oct 19 02:20:34 +0000 2016,RT @attJOBS: See what #LifeAtATT is like for the women of AT&amp;T: https://t.co/9rguQ7QaFV https://t.co/xsQ0cX6Inq,,,Twitter
Dallas12,32.836504,-96.771185,5618 E Mockingbird Lane,75206,Wed Oct 19 02:15:28 +0000 2016,RT @ATT: Welcome to the team! @taylorswift13 https://t.co/4h86nLYuLo https://t.co/gAHOi7fPrZ,,,Twitter
Dallas12,32.836504,-96.771185,5618 E Mockingbird Lane,75206,Wed Oct 19 02:09:42 +0000 2016,"RT @attJOBS: Through technology, we're helping to connect students with mentors across the country. Here's how: https://t.co/aIHtIbm2d3 #AT…",,,Twitter
Dallas12,32.836504,-96.771185,5618 E Mockingbird Lane,75206,Wed Oct 19 02:07:42 +0000 2016,RT @ATT: Welcome to the team! @taylorswift13 https://t.co/4h86nLYuLo https://t.co/gAHOi7fPrZ,,,Twitter
Dallas12,32.836504,-96.771185,5618 E Mockingbird Lane,75206,Wed Oct 19 02:06:06 +0000 2016,RT @ATT: Welcome to the team! @taylorswift13 https://t.co/4h86nLYuLo https://t.co/gAHOi7fPrZ,,,Twitter
Dallas12,32.836504,-96.771185,5618 E Mockingbird Lane,75206,Wed Oct 19 02:05:37 +0000 2016,Trying to unlock #ATT mobile phone. Bought phone from a store employee &amp; trying to unlock. Denied. 1st owner must u… https://t.co/JXZmzohKmX,,,Twitter
Dallas12,32.836504,-96.771185,5618 E Mockingbird Lane,75206,Wed Oct 19 02:03:39 +0000 2016,RT @ATT: Welcome to the team! @taylorswift13 https://t.co/4h86nLYuLo https://t.co/gAHOi7fPrZ,,,Twitter
Dallas12,32.836504,-96.771185,5618 E Mockingbird Lane,75206,Wed Oct 19 02:01:20 +0000 2016,Dear @Uverse I'm having all sorts of probs right now. Broadband mainly. But #Spectrum has moved into town. Hmm...how should I choose.,,,Twitter
Dallas12,32.836504,-96.771185,5618 E Mockingbird Lane,75206,Wed Oct 19 01:57:50 +0000 2016,"RT @RickTweetTweet: Women in Tech Q&amp;A: Kay Kapoor - President, AT&amp;T Global Business-Public Sector #WomeninTech #LifeAtATT https://t.co/SRsJ…",,,Twitter
Dallas12,32.836504,-96.771185,5618 E Mockingbird Lane,75206,Wed Oct 19 01:57:36 +0000 2016,"RT @ATT: @trenni We're blushing, Trenni! Thank you. 😊 #ATTLove https://t.co/HG7mV71mOU",,,Twitter
Dallas12,32.836504,-96.771185,5618 E Mockingbird Lane,75206,Wed Oct 19 01:55:01 +0000 2016,"@Vinnie_L_F We are working to add this programming, please check back again soon.",,,Twitter
Dallas12,32.836504,-96.771185,5618 E Mockingbird Lane,75206,Wed Oct 19 01:50:23 +0000 2016,RT @RickTweetTweet: Listen: Life At AT&amp;T Podcast with 3  #Women Vice Presidents #LifeatATT  #WomenLeaders #ATTDiversity https://t.co/MsMDVK…,,,Twitter
Dallas12,32.836504,-96.771185,5618 E Mockingbird Lane,75206,Wed Oct 19 01:46:20 +0000 2016,Listen: Life At AT&amp;T Podcast with 3  #Women Vice Presidents #LifeatATT  #WomenLeaders #ATTDiversity… https://t.co/oekS8APiq3,,,Twitter
Dallas12,32.836504,-96.771185,5618 E Mockingbird Lane,75206,Wed Oct 19 01:31:51 +0000 2016,RT @ATT: Welcome to the team! @taylorswift13 https://t.co/4h86nLYuLo https://t.co/gAHOi7fPrZ,,,Twitter
Dallas12,32.836504,-96.771185,5618 E Mockingbird Lane,75206,Wed Oct 19 01:21:40 +0000 2016,@Uverse is your wifi down in Dallas?,,,Twitter
Dallas12,32.836504,-96.771185,5618 E Mockingbird Lane,75206,Wed Oct 19 01:21:20 +0000 2016,@ATTCares nothing. Is this going to be our whole second year of the contract? I'm ready to switch.,,,Twitter
Dallas12,32.836504,-96.771185,5618 E Mockingbird Lane,75206,Wed Oct 19 01:21:19 +0000 2016,@ATTCares why does your service suck so much? I see this screen more than the actual TV.  Numerous repair men have… https://t.co/j0ehOZUeUG,,,Twitter
Dallas12,32.836504,-96.771185,5618 E Mockingbird Lane,75206,Wed Oct 19 01:20:19 +0000 2016,A day in the life of an AT&amp;T PR maven with @MaddieLittrell #LifeatATT https://t.co/5qjeHPVXfy #attemployee https://t.co/EaVqX9SwK3,,,Twitter
Dallas12,32.836504,-96.771185,5618 E Mockingbird Lane,75206,Wed Oct 19 01:16:50 +0000 2016,RT @ATT: Welcome to the team! @taylorswift13 https://t.co/4h86nLYuLo https://t.co/gAHOi7fPrZ,,,Twitter
Dallas12,32.836504,-96.771185,5618 E Mockingbird Lane,75206,Wed Oct 19 01:15:54 +0000 2016,RT @JordanSpieth: .@NotahBegay3 with the birdie for Team @ATT at the #SpiethShootout https://t.co/ssL2vULkxd,,,Twitter
Dallas12,32.836504,-96.771185,5618 E Mockingbird Lane,75206,Wed Oct 19 01:03:53 +0000 2016,RT @JordanSpieth: Here’s your chance to win my @ATT golf bag on the cover of this month's @GolfDigest: https://t.co/G0S6fDyThW https://t.co…,,,Twitter
Dallas12,32.836504,-96.771185,5618 E Mockingbird Lane,75206,Wed Oct 19 01:00:39 +0000 2016,RT @ATT: Welcome to the team! @taylorswift13 https://t.co/4h86nLYuLo https://t.co/gAHOi7fPrZ,,,Twitter
Dallas12,32.836504,-96.771185,5618 E Mockingbird Lane,75206,Wed Oct 19 01:00:01 +0000 2016,See how to use a custom signature in your AT&amp;T Landline Texting messages https://t.co/oX1F9ocbVw https://t.co/6pXYWH2yDh,,,Twitter
Dallas12,32.836504,-96.771185,5618 E Mockingbird Lane,75206,Wed Oct 19 00:40:12 +0000 2016,"@trenni We're blushing, Trenni! Thank you. 😊 #ATTLove https://t.co/HG7mV71mOU",,,Twitter
Dallas12,32.836504,-96.771185,5618 E Mockingbird Lane,75206,Wed Oct 19 00:38:25 +0000 2016,RT @ATT: Welcome to the team! @taylorswift13 https://t.co/4h86nLYuLo https://t.co/gAHOi7fPrZ,,,Twitter
Dallas12,32.836504,-96.771185,5618 E Mockingbird Lane,75206,Wed Oct 19 00:26:50 +0000 2016,@KevinCorcoran77 Thanks for the kudos. We're psyched that you like it! https://t.co/L2i38PSo5A,,,Twitter
Dallas12,32.836504,-96.771185,5618 E Mockingbird Lane,75206,Wed Oct 19 00:23:31 +0000 2016,How come tmobile has the iphones to deliver and @ATT @ATTCares doesn't?,,,Twitter
Dallas12,32.836504,-96.771185,5618 E Mockingbird Lane,75206,Wed Oct 19 00:21:19 +0000 2016,RT @ATT: Welcome to the team! @taylorswift13 https://t.co/4h86nLYuLo https://t.co/gAHOi7fPrZ,,,Twitter
Dallas12,32.836504,-96.771185,5618 E Mockingbird Lane,75206,Wed Oct 19 00:05:09 +0000 2016,RT @JordanSpieth: .@NotahBegay3 with the birdie for Team @ATT at the #SpiethShootout https://t.co/ssL2vULkxd,,,Twitter
Dallas12,32.836504,-96.771185,5618 E Mockingbird Lane,75206,Wed Oct 19 00:01:44 +0000 2016,RT @ATT: Welcome to the team! @taylorswift13 https://t.co/4h86nLYuLo https://t.co/gAHOi7fPrZ,,,Twitter
Dallas12,32.836504,-96.771185,5618 E Mockingbird Lane,75206,Wed Oct 19 00:00:46 +0000 2016,RT @attJOBS: See what #LifeAtATT is like for the women of AT&amp;T: https://t.co/9rguQ7QaFV https://t.co/xsQ0cX6Inq,,,Twitter
Dallas12,32.836504,-96.771185,5618 E Mockingbird Lane,75206,Tue Oct 18 23:52:16 +0000 2016,RT @ConnectToGood: Every young person deserves a mentor. Learn how our employees are inspiring more students nationwide: https://t.co/lwaCI…,,,Twitter
